available_date,ticker,sector,market_cap,quality,profitability,valuation,liquidity,filing_accession,filing_form,report_end,filing_price,shares_outstanding
2009-10-27,AAPL,Manufacturing,5316370108.29401,0.18865016434235204,0.3596354380491009,1.0729125105683017,1.880769629706462,0001193125-09-214859,10-K,2009-09-26,5.908354759216309,899805500.0
2009-12-02,DIS,Services,47776559586.147934,0.05239475893974682,0.09148247531052035,0.06921804392459463,1.3307588985896575,0001193125-09-245848,10-K,2009-10-03,25.70627212524414,1858556517.0
2009-12-17,HPQ,Manufacturing,33680907922.320366,0.11654282702811,0.06686919477617152,0.22742854847222546,1.2217519707927353,0001047469-09-010806,10-K,2009-10-31,14.242548942565918,2364809000.0
2010-01-25,AAPL,Manufacturing,5469906475.489378,0.21386918170143787,0.40139843841044165,1.5055102014816875,2.7424821832087605,0001193125-10-012091,10-K/A,2009-09-26,6.0789875984191895,899805500.0
2010-01-29,AMZN,Retail,2784102081.298828,0.23839861000506768,0.2256722020482272,0.32398237336872454,1.3303910917979358,0001193125-10-016098,10-K,2009-12-31,6.270500183105469,444000000.0
2010-02-05,HPQ,Manufacturing,31522554224.650383,0.11654282702811,0.06686919477617152,0.24300061300267164,1.2217519707927353,0001104659-10-005204,10-K/A,2009-10-31,13.329852104187012,2364809000.0
2010-02-08,BA,Manufacturing,33000684071.84134,0.09029378112258875,0.1719512016519969,0.039817356426293096,1.0727427546148465,0001193125-10-024406,10-K,2009-12-31,45.41801071166992,726599064.0
2010-02-10,UNH,Finance Real Estate,28878412843.704224,0.09526632229655348,0.043861461130620394,0.13234799366175115,0.821188467265262,0001193125-10-027229,10-K,2009-12-31,25.177343368530273,1147000000.0
2010-02-11,RTX,Manufacturing,39472459.4039917,0.09599727412933538,0.07896825396825397,105.87128501999025,1.2948138223636465,0001193125-10-027861,10-K,2009-12-31,28.568038940429688,1381700.0
2010-02-11,UTX,Manufacturing,39472459.4039917,0.09599727412933538,0.07896825396825397,105.87128501999025,1.2948138223636465,0001193125-10-027861,10-K,2009-12-31,28.568038940429688,1381700.0
2010-02-12,HON,Manufacturing,19006293266.336975,0.10959893345183869,0.0696583408826194,0.11327826893070671,1.2502018480308603,0000930413-10-000784,10-K,2009-12-31,24.908504486083984,763044336.0
2010-02-16,MMM,Manufacturing,29314485242.54258,0.1813211009174312,0.14029321454828525,0.11066201480802919,2.2044108637941595,0001104659-10-007295,10-K,2009-12-31,41.253196716308594,710599119.0
2010-02-18,AA,Manufacturing,28133803758.49378,0.035480349344978165,,-0.03874342798992909,1.297007757665312,0001193125-10-034308,10-K,2009-12-31,28.873607635498047,974377851.0
2010-02-18,TRV,Finance Real Estate,18751019025.039673,0.03861810879883169,,,,0001047469-10-000972,10-K,2009-12-31,36.03886032104492,520300000.0
2010-02-19,CAT,Manufacturing,24437217000.029217,0.10564975515506846,0.03029790115098172,0.03662446505258475,1.3886066763425253,0000018230-10-000092,10-K,2009-12-31,39.11690139770508,624722719.0
2010-02-19,GE,Manufacturing,596592668190.0024,0.03145617010608607,0.07169782438146993,0.01884200158561113,,0000040545-10-000010,10-K,2009-12-31,55.94940185546875,10663075000.0
2010-02-22,INTC,Manufacturing,75229021622.65778,0.21037762501177135,0.5568650895322687,0.05807599123001391,2.787116321960216,0000950123-10-015237,10-K,2009-12-26,13.62104320526123,5523000000.0
2010-02-23,IBM,Manufacturing,90628961424.75598,0.12314028361248189,0.4572463919463648,0.1481314558718187,1.3592300427754014,0001047469-10-001151,10-K,2009-12-31,68.99266052246094,1313602936.0
2010-02-24,JPM,Finance Real Estate,105760768786.77246,0.059989005845996216,0.1167732042933668,0.11089178089888115,,0000950123-10-016029,10-K,2009-12-31,26.83837890625,3940654134.0
2010-02-24,MO,Manufacturing,15220852176.00636,0.09387354472830384,0.37502122601460347,0.21076349490188095,0.7223473473473474,0001193125-10-039027,10-K,2009-12-31,7.345221996307373,2072211321.0
2010-02-24,SHW,Manufacturing,1972866910.5683665,0.19870832856328438,0.459973846421235,0.22092113647667994,1.2700435110801138,0000950123-10-016198,10-K,2009-12-31,18.027442932128903,109436869.0
2010-02-25,CVX,Manufacturing,75542469661.49176,0.11768243419733813,0.06154303293015451,0.13982862947601718,1.419861890046164,0000950123-10-016846,10-K,2009-12-31,37.65323257446289,2006267842.0
2010-02-25,KFT,Manufacturing,19039510883.7394,0.07620589381539107,0.36151141484672905,0.1590376989456199,1.083804716734836,0001193125-10-040106,10-K,2009-12-31,12.900826454162598,1475836525.0
2010-02-25,T,Transportation Utilities,34352687347.41211,0.12816648806334466,0.10439935619177682,0.3738572144332546,0.6629614493938155,0000732717-10-000013,10-K,2009-12-31,5.821502685546875,5901000000.0
2010-02-26,AIG,Finance Real Estate,2069661623.937086,0.02192582454857035,-0.12825507270530395,-5.949281688171405,,0001047469-10-001465,10-K,2009-12-31,15.375543594360352,134607379.0
2010-02-26,AXP,Finance Real Estate,36081181213.37891,0.051447359938108436,,0.05903354403514361,,0001193125-10-041232,10-K,2009-12-31,30.269447326660156,1192000000.0
2010-02-26,BAC,Finance Real Estate,110571481309.46452,0.05835067617985705,0.05245605676888744,0.05675966285044964,,0001193125-10-041666,10-K,2009-12-31,12.782469749450684,8650243926.0
2010-02-26,C,Finance Real Estate,571121325.215412,-0.0008138331162752619,-0.01882045213925391,-2.6456725275143427,,0001206774-10-000406,10-K,2009-12-31,24.97912216186523,22863947.0
2010-02-26,MCD,Retail,44343531127.71728,0.19027358237744377,0.20009057055050186,0.10263052770633688,1.1430722387660186,0001193125-10-042025,10-K,2009-12-31,41.08977127075195,1079186614.0
2010-02-26,PFE,Manufacturing,68355598580.22279,0.07789188960737078,0.17284888720030395,0.126456357336339,1.6566823371390196,0001193125-10-042425,10-K,2009-12-31,8.470821380615234,8069536059.0
2010-02-26,VZ,Transportation Utilities,32798917918.883392,0.13889927877105052,0.09607821311962006,0.3158031013589191,0.7759472817133443,0001193125-10-041685,10-K,2009-12-31,11.546279907226562,2840648086.0
2010-02-26,XOM,Manufacturing,167879658110.40308,0.12188254051250841,,0.11709578290344304,1.0609669426249977,0001193125-10-042929,10-K,2009-12-31,35.36330795288086,4747283776.0
2010-03-01,AMGN,Manufacturing,38007083969.11621,0.15988291402760604,0.3145062149979511,0.12116162354738738,4.888200361476891,0001193125-10-044311,10-K,2009-12-31,38.19807434082031,995000000.0
2010-03-01,GS,Finance Real Estate,60415197355.16693,0.015766683707485317,,0.22155021560738583,,0000950123-10-018464,10-K,2009-12-31,117.28512573242188,515113890.0
2010-03-01,JNJ,Manufacturing,108921825177.55704,0.1750174267548214,,0.11261287606964712,1.8195665178776863,0000950123-10-019392,10-K,2010-01-03,39.4773063659668,2759099726.0
2010-03-01,MRK,Manufacturing,33532759019.060303,0.03026147808407017,0.4748453239901853,0.38840227827948587,1.8049102579567893,0000950123-10-018679,10-K,2009-12-31,20.45738983154297,1639151392.0
2010-03-11,CRM,Services,2356687922.112108,0.11011742536483808,0.8024445783990753,0.03593687530935256,1.8787607501128694,0001193125-10-053838,10-K,2010-01-31,18.53434944152832,127152449.0
2010-03-18,NVDA,Manufacturing,224423849.71662644,0.1360340643595308,0.3538080443235947,-0.3029401736305889,3.1627990586171464,0001045810-10-000006,10-K,2010-01-31,0.3997105956077575,561465851.0
2010-03-25,HD,Retail,37558151802.06299,0.12537612838515547,0.33867263056092844,0.0708501316578053,1.3413104313422755,0001193125-10-067178,10-K,2010-01-31,22.11905288696289,1698000000.0
2010-03-30,WMT,Retail,50672303546.90552,0.15376729581854182,0.03665756481979825,0.29302003186525244,0.8698727524702579,0001193125-10-071652,10-K,2010-01-31,13.384126663208008,3786000000.0
2010-07-20,NKE,Manufacturing,5566629321.754594,0.21944199787784427,0.46283790890922477,0.3425232559582413,3.2575946733250105,0001193125-10-161874,10-K,2010-05-31,14.06743621826172,395710294.0
2010-07-30,MSFT,Services,167986609771.72852,0.2795512872620859,0.8016292170795724,0.11167556762704091,2.1293456228247982,0001193125-10-171791,10-K,2010-06-30,19.380088806152344,8668000000.0
2010-08-13,PG,Manufacturing,109158250940.32089,0.1253940018100677,0.16134181256175734,0.1166746433759097,0.7734947697883205,0001193125-10-188769,10-K,2010-06-30,37.9034309387207,2879904226.0
2010-09-21,CSCO,Manufacturing,78462143468.85681,0.1253913472205103,0.6404345654345655,0.09899041316763003,2.6735818645037175,0001193125-10-213400,10-K,2010-07-31,13.874826431274414,5655000000.0
2010-10-27,AAPL,Manufacturing,8440687736.017942,0.24732984850298606,0.39377539287083174,1.6601727771783326,2.0112923462986196,0001193125-10-238044,10-K,2010-09-25,9.215025901794434,915970050.0
2010-11-19,V,Finance Real Estate,8079684789.820068,0.08054956896551724,0.3675139491630502,0.3668459942564179,2.49685534591195,0001193125-10-265236,10-K,2010-09-30,17.2171630859375,469280842.0
2010-11-24,DIS,Services,59553574281.728874,0.09504956217668989,0.11331214039881249,0.07242218543586619,1.1113636363636363,0001193125-10-268910,10-K,2010-10-02,31.13738250732422,1912606953.0
2010-12-15,HPQ,Manufacturing,25782860622.406006,0.095756728753524,0.07037839296057381,0.34402699257861746,1.0967754994635954,0001047469-10-010444,10-K,2010-10-31,11.698212623596191,2204000000.0
2011-01-28,AMZN,Retail,3859207072.2579956,0.18593392562642974,0.16170623318910068,0.2985069156514508,1.3253952950250676,0001193125-11-016253,10-K,2010-12-31,8.557000160217285,451000000.0
2011-02-08,DD,Manufacturing,41481066326.91193,0.11281860925513487,0.09687351214093001,0.07357573635998685,2.0299286398977525,0001047469-11-000602,10-K,2010-12-31,45.439083099365234,912894000.0
2011-02-09,BA,Manufacturing,42802610032.134476,0.04305403631590462,0.19380773178241534,0.0772850066273175,1.1462635965531855,0001193125-11-028490,10-K,2010-12-31,58.347530364990234,733580492.0
2011-02-10,RTX,Manufacturing,34329475634.50083,0.1009693467594413,0.08671722563781614,0.1372290113067001,1.3258515677870517,0001193125-11-029695,10-K,2010-12-31,37.17696762084961,923407094.0
2011-02-10,UNH,Finance Real Estate,35898616882.32422,0.09947195661481376,0.049216717115394826,0.129085753225264,0.7760759493670886,0001193125-11-030615,10-K,2010-12-31,33.055816650390625,1086000000.0
2011-02-10,UTX,Manufacturing,34329475634.50083,0.1009693467594413,0.08671722563781614,0.1372290113067001,1.3258515677870517,0001193125-11-029695,10-K,2010-12-31,37.17696762084961,923407094.0
2011-02-11,HON,Manufacturing,30758819766.031677,0.1166657414089824,0.23527120167815402,0.06615988570040456,1.2811299820773236,0000930413-11-000961,10-K,2010-12-31,39.22706985473633,784122288.0
2011-02-16,MMM,Manufacturing,34772584518.46207,0.17157447937392228,0.15613982446928212,0.11972075293367128,2.006076531450156,0001104659-11-007845,10-K,2010-12-31,48.83943557739258,711977608.0
2011-02-17,AA,Manufacturing,38308395256.228516,0.057542055836917516,,0.010232743955419673,1.3118792971734148,0001193125-11-039230,10-K,2010-12-31,37.50424575805664,1021441559.0
2011-02-17,TRV,Finance Real Estate,18246653081.51245,0.02903566233445204,0.12806626314112773,0.17625150133744025,,0001047469-11-001001,10-K,2010-12-31,41.98493576049805,434600000.0
2011-02-18,INTC,Manufacturing,82129018544.19708,0.2641724432627481,0.6531187676225844,0.13958525504393723,3.3891926664522356,0000950123-11-015783,10-K,2010-12-25,14.902743339538574,5511000000.0
2011-02-22,CAT,Manufacturing,44779859530.63965,0.07824117463292721,0.06918002357839817,0.061590188734578284,1.4445958219800181,0001104659-11-008938,10-K,2010-12-31,70.09996795654297,638800000.0
2011-02-22,IBM,Manufacturing,110518622607.98553,0.17231075697211157,0.4607389606488435,0.13421267520328506,1.186233420442779,0001047469-11-001117,10-K,2010-12-31,89.99935150146484,1227993544.0
2011-02-23,SHW,Manufacturing,2524084588.402954,0.13669140598173618,0.4476450872534728,0.18322880387008933,1.072570908069033,0000950123-11-017092,10-K,2010-12-31,23.585006713867188,107020728.0
2011-02-24,AIG,Finance Real Estate,4088813642.56192,0.024742370614667206,0.12953260630522245,2.448876587519448,,0001047469-11-001283,10-K,2010-12-31,30.255420684814453,135143176.0
2011-02-24,CVX,Manufacturing,110991261210.17645,0.16972002879270873,0.0933791380387258,0.1724099698602711,1.683475803115952,0000950123-11-017688,10-K,2010-12-31,55.15289688110352,2012428494.0
2011-02-25,AMGN,Manufacturing,32697487716.674805,0.13307731223842156,0.30738058858699263,0.14150934286123637,3.5203957382039572,0000950123-11-018800,10-K,2010-12-31,35.0831413269043,932000000.0
2011-02-25,BAC,Finance Real Estate,110205017082.74115,0.0364668072757007,-0.02030484485574306,-0.020307605399849677,,0000950123-11-018743,10-K,2010-12-31,10.927449226379396,10085154806.0
2011-02-25,C,Finance Real Estate,1003101191794.2456,0.00568628905764245,0.1256682948233854,0.010849354072178494,,0001206774-11-000316,10-K,2010-12-31,34.52996063232422,29050168996.0
2011-02-25,GE,Manufacturing,791697110195.1904,0.0480860365061447,0.08107928181025358,0.015383408431284164,,0001193125-11-047479,10-K,2010-12-31,74.5802230834961,10615376000.0
2011-02-25,JNJ,Manufacturing,105745454671.28232,0.15921988572317022,,0.12609525432038418,2.050407420249653,0000950123-11-018128,10-K,2011-01-02,38.505348205566406,2746253692.0
2011-02-25,MCD,Retail,52245466889.33256,0.19832870474617828,0.20545720385800803,0.09467424246542491,1.4936574691421343,0001193125-11-046701,10-K,2010-12-31,49.45114517211914,1056506714.0
2011-02-25,MO,Manufacturing,20165816800.427742,0.07398000106946152,0.377129253376021,0.19374370196188273,0.8744152046783625,0001193125-11-045778,10-K,2010-12-31,9.65453815460205,2088739666.0
2011-02-25,XOM,Manufacturing,240152832709.5434,0.16003768470463786,,0.13074174327135588,0.9417399773282455,0001193125-11-047394,10-K,2010-12-31,47.625213623046875,5042556546.0
2011-02-28,AXP,Finance Real Estate,42073547264.09912,0.06316562614763128,0.14583557999928107,0.09642638341221568,,0000950123-11-019072,10-K,2010-12-31,35.14916229248047,1197000000.0
2011-02-28,JPM,Finance Real Estate,120541228168.29681,-0.0017718129679520024,0.16914328003583462,0.14410007483703763,,0000950123-11-019773,10-K,2010-12-31,30.82659339904785,3910300000.0
2011-02-28,KFT,Manufacturing,25863107184.80689,0.039332976524047894,0.36381002702867477,0.16003490881526516,1.0358237547892721,0001193125-11-048979,10-K,2010-12-31,14.8062162399292,1746773569.0
2011-02-28,KO,Manufacturing,46180018749.538155,0.13071680311570055,,0.2567993760314054,1.1659282472444348,0001047469-11-001506,10-K,2010-12-31,19.88774681091309,2322033722.0
2011-02-28,MRK,Manufacturing,57468898212.60603,0.10230570707404922,0.021353860873725185,0.01708750351132701,1.8581932101528036,0000950123-11-019286,10-K,2010-12-31,18.653398513793945,3080880847.0
2011-02-28,PFE,Manufacturing,77599114896.92291,0.05873424472089183,0.12224041056496925,0.10681822867452176,2.113600615191024,0001193125-11-048877,10-K,2010-12-31,9.687838554382324,8009951287.0
2011-02-28,VZ,Transportation Utilities,47206738320.02533,0.15164655348742073,0.09587575658049079,0.21643096650178642,0.7303984050723927,0001193125-11-049476,10-K,2010-12-31,16.699811935424805,2826782631.0
2011-02-28,XOM,Manufacturing,240687434804.2945,0.16003768470463786,,0.130451346683428,0.9417399773282455,0001193125-11-050134,10-K/A,2010-12-31,47.731231689453125,5042556546.0
2011-03-01,GS,Finance Real Estate,61914459966.88156,0.009166801999710315,,0.13492809279881643,,0000950123-11-020067,10-K,2010-12-31,121.99153900146484,507530772.0
2011-03-01,T,Transportation Utilities,42300769490.71884,0.1282275857956409,0.10159738150237117,0.2942499663683655,0.6816324321398609,0000732717-11-000014,10-K,2009-12-31,7.168406963348389,5901000000.0
2011-03-16,NVDA,Manufacturing,236195163.32540023,0.1503359326719828,0.39767629636591106,1.0717662310944405,3.42315860491661,0001045810-11-000015,10-K,2011-01-30,0.4013131856918335,588555701.0
2011-03-23,CRM,Services,3989069879.692829,0.14851390980423237,0.8045951486266391,0.017471992745679073,0.8421093863839695,0001193125-11-075314,10-K,2011-01-31,30.010799407958984,132921147.0
2011-03-24,HD,Retail,42367231727.6001,0.11426791277258568,0.3427210023971646,0.07878730480815112,1.331653823355068,0001193125-11-076501,10-K,2011-01-30,26.104270935058594,1623000000.0
2011-03-30,WMT,Retail,45146104454.040535,0.1308679696451404,0.040560732494414636,0.3764001391814248,0.8873025100882292,0001193125-11-083157,10-K,2011-01-31,12.84018898010254,3516000000.0
2011-07-22,NKE,Manufacturing,7417221471.4690275,0.1208161088145086,0.45575687853513563,0.2875739936045817,2.8542193026781204,0001193125-11-194791,10-K,2011-05-31,18.744070053100582,395710294.0
2011-07-28,MSFT,Services,178552193756.10352,0.24832572858404475,0.777290079064381,0.1296539656724809,2.603669979842914,0001193125-11-200680,10-K,2011-06-30,21.317119598388672,8376000000.0
2011-08-10,PG,Manufacturing,106790288911.2627,0.09563149601746244,0.14289175014232247,0.11046884618696656,0.804968306891877,0000080424-11-000014,10-K,2011-06-30,38.25834655761719,2791293888.0
2011-09-14,CSCO,Manufacturing,57321876883.506775,0.11572420919685401,0.6140034244990513,0.11322029830232876,3.2692219810350736,0001193125-11-247394,10-K,2011-07-30,10.54680347442627,5435000000.0
2011-10-26,AAPL,Manufacturing,11144014394.691465,0.32249443589897825,0.40478895878945764,2.3260917549019084,1.6084376117268502,0001193125-11-282113,10-K,2011-09-24,11.99213409423828,929277000.0
2011-11-18,V,Finance Real Estate,9598392193.692764,0.11139240506329114,0.39682194166303875,0.379855284762779,2.662996232975949,0001193125-11-315956,10-K,2011-09-30,20.453407287597656,469280842.0
2011-11-23,DIS,Services,52924774947.0211,0.0969718817591925,0.12857946347785684,0.09934855661197194,1.1380708140304434,0001193125-11-321340,10-K,2011-10-01,28.51543617248535,1856004398.0
2011-12-14,HPQ,Manufacturing,15126738970.279694,0.09758564512766664,0.05617509528861645,0.4725407117848768,1.011478529796598,0001047469-11-010094,10-K,2011-10-31,7.597558498382568,1991000000.0
2012-02-01,AMZN,Retail,4082714805.6030273,0.15440303821504867,0.11504461592861451,0.15455402349780337,1.174140708915145,0001193125-12-032846,10-K,2011-12-31,8.972999572753906,455000000.0
2012-02-09,BA,Manufacturing,63237264876.688095,0.05029630185282424,0.18721175529206371,0.06352267144749384,1.206813005766342,0001193125-12-048565,10-K,2011-12-31,62.47129440307617,1012261159.0
2012-02-09,DD,Manufacturing,39236264669.32297,0.10624432896147819,0.09246331761544743,0.0894580569680046,1.6144836835046938,0000030554-12-000005,10-K,2011-12-31,42.46721267700195,923919000.0
2012-02-09,RTX,Manufacturing,34081797900.242397,0.1072381696283278,0.09235263791029387,0.1576794750009881,1.3836484744305972,0001193125-12-047752,10-K,2011-12-31,37.61423873901367,906087669.0
2012-02-09,UNH,Finance Real Estate,43512548233.03223,0.10263812988849445,0.05048006125935089,0.11817280781768807,0.8506813811554218,0000731766-12-000009,10-K,2011-12-31,41.87925720214844,1039000000.0
2012-02-09,UTX,Manufacturing,34081797900.242397,0.1072381696283278,0.09235263791029387,0.1576794750009881,1.3836484744305972,0001193125-12-047752,10-K,2011-12-31,37.61423873901367,906087669.0
2012-02-16,AA,Manufacturing,23652343867.521,0.05466101694915254,,0.034034681911817306,1.2827207716614002,0001193125-12-065493,10-K,2011-12-31,22.221040725708008,1064412066.0
2012-02-16,MMM,Manufacturing,33082317315.167206,0.16365131578947367,0.14714126507041303,0.13170177767451774,2.2495864730748023,0001104659-12-010566,10-K,2011-12-31,47.602508544921875,694970041.0
2012-02-16,MO,Manufacturing,24781640912.730743,0.09774903955413668,0.37558823529411767,0.1369158730024596,0.9330105979327489,0001193125-12-064660,10-K,2011-12-31,12.121603965759276,2044419285.0
2012-02-16,TRV,Finance Real Estate,16876376351.92871,0.029196382478346494,0.05604024208127014,0.08449681200887832,,0001047469-12-001096,10-K,2011-12-31,42.964298248291016,392800000.0
2012-02-17,HON,Manufacturing,32266250906.21292,0.0711665996784566,0.21826494018451092,0.06427768773101085,1.314378818737271,0000930413-12-000976,10-K,2011-12-31,41.714752197265625,773497365.0
2012-02-21,CAT,Manufacturing,52117362537.38403,0.06150087174324092,0.08678909952606635,0.09557275651520364,1.3349672630510137,0001104659-12-011331,10-K,2011-12-31,80.4901351928711,647500000.0
2012-02-23,AIG,Finance Real Estate,39781252078.2323,6.297535144744347e-05,0.2880894188707443,0.46519400554831214,,0001047469-12-001369,10-K,2011-12-31,20.94605255126953,1899224304.0
2012-02-23,BAC,Finance Real Estate,65335724815.485374,0.03029056206394789,0.015472852954394675,0.022131842940193113,,0000070858-12-000155,10-K,2011-12-31,6.201225280761719,10535937957.0
2012-02-23,CVX,Manufacturing,120335222315.12654,0.1961961866389146,0.10645392698635428,0.22443969006242492,1.584345238095238,0000950123-12-002976,10-K,2011-12-31,60.42488861083984,1991484388.0
2012-02-23,INTC,Manufacturing,92860918045.04395,0.29475948761934223,0.6251412063186356,0.13936971841827192,2.1509810442301296,0001193125-12-075534,10-K,2011-12-31,18.57218360900879,5000000000.0
2012-02-23,JNJ,Manufacturing,117889840796.20758,0.12581394530287565,,0.08204269286205652,2.3811319100434,0001193125-12-075565,10-K,2012-01-01,43.1696662902832,2730849018.0
2012-02-23,KO,Manufacturing,50298716868.05576,0.11846350063770726,,0.1716544782374632,1.049993822839023,0000021344-12-000007,10-K,2011-12-31,22.14600372314453,2271232205.0
2012-02-23,SHW,Manufacturing,3044327663.8442345,0.14071075557268994,0.4271835024223396,0.14514206379547195,1.0457454959422674,0001193125-12-075061,10-K,2011-12-31,29.313467025756836,103854234.0
2012-02-24,AXP,Finance Real Estate,50859332290.649414,0.06831358380560465,0.17739674323304216,0.09703233954778658,,0001193125-12-077400,10-K,2011-12-31,43.69358444213867,1164000000.0
2012-02-24,C,Finance Real Estate,69568153223.1189,0.005984914706293579,0.14313427692621852,0.16120882157143465,,0001206774-12-000799,10-K,2011-12-31,23.794492721557617,2923708189.0
2012-02-24,GE,Manufacturing,755557384360.5652,0.04651010398164079,0.09805159538357094,0.019115689025027843,,0000040545-12-000016,10-K,2011-12-31,71.46090698242188,10573017000.0
2012-02-24,MCD,Retail,69684124503.62468,0.21673603133080124,0.2037732355772791,0.07897207634019641,1.2547019263649835,0001193125-12-077317,10-K,2011-12-31,68.10289001464844,1023218317.0
2012-02-24,T,Transportation Utilities,49550309900.28381,0.12816263723256296,0.033016895117697655,0.08443943152767315,0.7477755406897447,0000732717-12-000025,10-K,2011-12-31,8.361510276794434,5926000000.0
2012-02-24,VZ,Transportation Utilities,51475606244.66986,0.1292192605256421,0.09197745208568207,0.19811325682164202,1.0057865479015637,0001193125-12-077846,10-K,2011-12-31,18.182252883911133,2831090656.0
2012-02-24,XOM,Manufacturing,239215264562.3552,0.16717917426869494,0.0903712617417762,0.17643522906958284,0.9413973292045674,0001193125-12-078102,10-K,2011-12-31,49.907135009765625,4793207715.0
2012-02-27,KFT,Manufacturing,32215173913.432503,0.04816863284205591,0.34976547411018116,0.11010339442932623,0.8783952290593657,0001193125-12-080318,10-K,2011-12-31,18.23415756225586,1766748686.0
2012-02-28,GS,Finance Real Estate,43534997987.914925,0.004811394838744618,,0.10203285185020738,,0001193125-12-085822,10-K,2011-12-31,89.67642974853516,485467565.0
2012-02-28,IBM,Manufacturing,130131590796.47571,0.16789913512492163,0.4689475850200157,0.12183820933071536,1.2090306958193862,0001047469-12-001742,10-K,2011-12-31,111.8754653930664,1163182565.0
2012-02-28,MRK,Manufacturing,70168901685.16025,0.11778974202876494,0.1389958031617631,0.09109448554118982,2.0425361649738383,0001193125-12-084319,10-K,2011-12-31,23.021886825561523,3047921407.0
2012-02-28,PFE,Manufacturing,85577252026.02826,0.10765842916564718,0.14906933629959213,0.11744943617660211,2.056646122056361,0001193125-12-085703,10-K,2011-12-31,11.132772445678713,7686966786.0
2012-02-29,AMGN,Manufacturing,36898896958.92334,0.10474514538274232,0.23636246951610834,0.09981328179267787,4.79544664581161,0001193125-12-086670,10-K,2011-12-31,46.37870407104492,795600000.0
2012-02-29,JPM,Finance Real Estate,100464659181.21338,0.04233927915713358,0.1951580722792439,0.1888823408614963,,0000019617-12-000163,10-K,2011-12-31,26.629379272460938,3772700000.0
2012-03-09,CRM,Services,4964927390.472015,0.14204734022805113,0.7843028511752942,-0.002330749090552128,0.719708573939593,0001193125-12-107281,10-K,2012-01-31,36.230682373046875,137036541.0
2012-03-13,NVDA,Manufacturing,207279716.6788373,0.16372551561986756,0.5143954496451913,2.803409852688822,4.199499332227907,0001045810-12-000013,10-K,2012-01-29,0.3385864496231079,612191412.0
2012-03-22,HD,Retail,54912869884.49097,0.1131595833950343,0.34465516016762554,0.0707120208462584,1.5486348122866893,0000354950-12-000003,10-K,2012-01-29,35.7273063659668,1537000000.0
2012-03-27,WMT,Retail,52590957176.208496,0.12540975977994478,0.036919797951578674,0.3115934921110977,0.8824237560192616,0001193125-12-134679,10-K,2012-01-31,15.386470794677734,3418000000.0
2012-07-24,NKE,Manufacturing,8831527768.620815,0.12279340446168768,0.4339771220159151,0.25171182815033566,2.9834411384217336,0001193125-12-312306,10-K,2012-05-31,19.267330169677734,458368009.0
2012-07-26,MSFT,Services,193063063611.98425,0.26078782231531034,0.762218032364391,0.08794017707147843,2.602912383749388,0001193125-12-316848,10-K,2012-06-30,23.035802841186523,8381000000.0
2012-08-08,PG,Manufacturing,123569043355.15797,0.10045068207253259,0.1303059273422562,0.08824216570698934,0.8796723812582808,0000080424-12-000063,10-K,2012-06-30,45.0964469909668,2740105964.0
2012-09-12,CSCO,Manufacturing,66322115381.240845,0.12523022264845954,0.612426998979614,0.12124160928489308,3.492922001015171,0001193125-12-388590,10-K,2012-07-28,12.518330574035645,5298000000.0
2012-10-31,AAPL,Manufacturing,16809635545.86792,0.2888495092693566,0.4387123980882766,2.482683213810584,1.4958486845519174,0001193125-12-444068,10-K,2012-09-29,17.89767074584961,939208000.0
2012-11-16,V,Finance Real Estate,15202431858.640892,0.12518431509759329,0.20554649265905384,0.14089851018029798,1.4817701785265276,0001384108-12-000011,10-K,2012-09-30,32.39516830444336,469280842.0
2012-11-21,DIS,Services,75823781595.15292,0.10635798018638681,0.14600974502105113,0.08141245226938948,1.0699289783813315,0001193125-12-479027,10-K,2012-09-29,42.25873565673828,1794274732.0
2012-12-27,HPQ,Manufacturing,8163196723.937988,0.11620145631067962,-0.10510398231926685,-1.5496380190011572,1.0850940727724683,0001047469-12-011417,10-K,2012-10-31,4.158531188964844,1963000000.0
2013-01-30,AMZN,Retail,6191651788.711548,0.12839809553064047,0.09053410374347307,-0.0062988038298768265,1.1207241343016525,0001193125-13-028520,10-K,2012-12-31,13.637999534606934,454000000.0
2013-02-07,DD,Manufacturing,38484871372.51663,0.09749477239826283,0.08080546937837527,0.07309365731721947,1.5640268654513247,0000030554-13-000006,10-K,2012-12-31,41.27192306518555,932471000.0
2013-02-07,RTX,Manufacturing,37984607337.61585,0.07387399478799674,0.09513412351840299,0.1445322298899559,1.2448499117127723,0001193125-13-042195,10-K,2012-12-31,41.44327545166016,916544528.0
2013-02-07,UNH,Finance Real Estate,46560619716.64429,0.08845892316251468,0.049955703411741305,0.11868398731867802,0.7763681958991001,0000731766-13-000005,10-K,2012-12-31,45.69246292114258,1019000000.0
2013-02-07,UTX,Manufacturing,37984607337.61585,0.07387399478799674,0.09513412351840299,0.1445322298899559,1.2448499117127723,0001193125-13-042195,10-K,2012-12-31,41.44327545166016,916544528.0
2013-02-11,BA,Manufacturing,64357801650.99251,0.08445824334053276,0.1597835932336165,0.060645328147870464,1.2740429505135387,0000012927-13-000014,10-K,2012-12-31,63.5782585144043,1012261159.0
2013-02-14,MMM,Manufacturing,39364110308.74443,0.1527334986421065,0.15084938469769932,0.11459677265963551,2.1983870967741934,0001104659-13-010881,10-K,2012-12-31,57.290916442871094,687091650.0
2013-02-15,AA,Manufacturing,21795832917.995724,0.03725826924512805,,0.007432613408696336,1.2958599798047796,0001193125-13-062916,10-K,2012-12-31,20.423152923583984,1067211953.0
2013-02-15,HON,Manufacturing,39101651925.65919,0.08403220796597616,0.24887826894995355,0.07495846992788115,1.3490226140283634,0000930413-13-000907,10-K,2012-12-31,49.95101165771485,782800000.0
2013-02-19,AA,Manufacturing,21187797229.082993,0.03725826924512805,,0.007645910438374124,1.2958599798047796,0001193125-13-065466,10-K/A,2012-12-31,19.853410720825195,1067211953.0
2013-02-19,CAT,Manufacturing,44817972221.37451,0.05605667218765388,0.09072746876387391,0.12767199666545986,1.4291379600067216,0000018230-13-000075,10-K,2012-12-31,68.42438507080078,655000000.0
2013-02-19,INTC,Manufacturing,75366347579.95604,0.22387405010017664,0.6214919105378602,0.14602007863423144,2.431229648007443,0001193125-13-065416,10-K,2012-12-29,15.24400234222412,4944000000.0
2013-02-19,TRV,Finance Real Estate,22615948093.414307,0.029102898854561743,0.09607614607614608,0.10934761566419274,,0001047469-13-001211,10-K,2012-12-31,59.9256706237793,377400000.0
2013-02-21,AIG,Finance Real Estate,41186152287.28202,0.006700289628950501,0.05635433166808822,0.08983601998535155,,0001047469-13-001390,10-K,2012-12-31,27.89814186096191,1476304497.0
2013-02-22,AXP,Finance Real Estate,57435867748.2605,0.0684014627138566,0.1611129084438693,0.07803486176346211,,0001193125-13-070554,10-K,2012-12-31,51.9781608581543,1105000000.0
2013-02-22,CVX,Manufacturing,130851007644.21582,0.16658797675356896,0.10886738401630365,0.2012670782911175,1.628668303519233,0000093410-13-000003,10-K,2012-12-31,66.85687255859375,1957181104.0
2013-02-22,JNJ,Manufacturing,146471879281.02747,0.12687581893248287,,0.07178169660694646,1.9007501442585113,0000200406-13-000038,10-K,2012-12-30,52.85386276245117,2771261581.0
2013-02-22,T,Transportation Utilities,59742823028.56445,0.14386280594164846,0.05916003578322897,0.1261908898478973,0.7143171736873565,0000732717-13-000017,10-K,2012-12-31,10.518102645874023,5680000000.0
2013-02-25,MCD,Retail,67626847867.058876,0.19685755867350543,0.19823702252693437,0.08080814310231826,1.44635773265552,0000063908-13-000010,10-K,2012-12-31,67.3589859008789,1003976633.0
2013-02-26,GE,Manufacturing,923619254341.1255,0.04571679546144328,0.0940831574589947,0.015010514272886228,,0000040545-13-000036,10-K,2012-12-31,88.76153564453125,10405625000.0
2013-02-26,IBM,Manufacturing,127895301245.54855,0.16398379371377284,0.481288334752696,0.1298249414817959,1.133134670487106,0001047469-13-001698,10-K,2012-12-31,114.46125030517578,1117367676.0
2013-02-26,VZ,Transportation Utilities,65757971469.74778,0.13979984193373649,0.0911296030937624,0.1605432735232228,0.7877652470692981,0001193125-13-075713,10-K,2012-12-31,23.041282653808594,2853919743.0
2013-02-27,AMGN,Manufacturing,47855867457.96203,0.10832811521603006,0.2516652186504489,0.09079346443394372,3.8101574899279695,0001445305-13-000364,10-K,2012-12-31,63.27630233764648,756300000.0
2013-02-27,KO,Manufacturing,113515508683.62543,0.1235291387193353,,0.08004192647652428,1.0901117860608893,0000021344-13-000007,10-K,2012-12-31,25.30912399291992,4485161506.0
2013-02-27,MO,Manufacturing,29606927421.234604,0.11047581307141442,0.38845560159233083,0.1412845021195911,0.7653617743303842,0000764180-13-000024,10-K,2012-12-31,14.731718063354492,2009740296.0
2013-02-27,XOM,Manufacturing,239382046218.82693,0.1682769364430264,0.10522749893516771,0.19918369298428187,1.005004755297089,0000034088-13-000011,10-K,2012-12-31,52.503631591796875,4559342639.0
2013-02-28,BAC,Finance Real Estate,94128907447.67757,-0.006270662007788327,0.050255597955216356,0.04449217688336539,,0000070858-13-000097,10-K,2012-12-31,8.733216285705566,10778263628.0
2013-02-28,JPM,Finance Real Estate,130007298385.62012,0.010630564260465991,0.21935257804206904,0.16371388579177018,,0000019617-13-000221,10-K,2012-12-31,34.17647171020508,3804000000.0
2013-02-28,MRK,Manufacturing,81179994991.93134,0.09442957826103343,0.1369734925087525,0.07759300798954313,1.8997710922171354,0001193125-13-084618,10-K,2012-12-31,26.70331382751465,3040071937.0
2013-02-28,PFE,Manufacturing,109673315888.86084,0.09178785562815531,0.24748245346353373,0.13310439172636224,2.1459519899367554,0000078003-13-000006,10-K,2012-12-31,14.89605712890625,7362573528.0
2013-02-28,SHW,Manufacturing,4902522513.03141,0.1424095354784011,0.4411602878064856,0.12871618607005814,1.6783082396628501,0000089800-13-000046,10-K,2012-12-31,47.47283172607422,103270067.0
2013-03-01,C,Finance Real Estate,90937512324.9155,0.004161616594982463,0.1105838427885369,0.08533332176796174,,0001206774-13-000852,10-K,2012-12-31,31.0100154876709,2932520700.0
2013-03-01,GS,Finance Real Estate,54523697278.99073,0.007964370761436464,,0.1370963521008377,,0001193125-13-085474,10-K,2012-12-31,117.21785736083984,465148387.0
2013-03-08,CRM,Services,6686735699.964371,0.13327959202424472,0.7758900660449578,-0.04044499620366945,0.6909320734954195,0001193125-13-098852,10-K,2013-01-31,45.67234802246094,146406655.0
2013-03-12,NVDA,Manufacturing,182151765.03062865,0.12853095912586,0.5201542746426009,3.08828190550561,4.891564734696888,0001045810-13-000008,10-K,2013-01-27,0.2953383922576904,616756134.0
2013-03-26,WMT,Retail,64535555848.49422,0.12599886758080794,0.03809368523580069,0.2751351524992605,0.8346097078726782,0000104169-13-000011,10-K,2013-01-31,19.29176902770996,3345237845.0
2013-03-28,HD,Retail,76050114547.72949,0.16977412131243305,0.3456938759129946,0.059631731352012725,1.3411272029314256,0000354950-13-000008,10-K,2013-02-03,51.246707916259766,1484000000.0
2013-07-23,NKE,Manufacturing,23765435221.200195,0.17214513193812556,0.43590250069134434,0.10456362262548555,3.470708099847173,0000320187-13-000092,10-K,2013-05-31,26.5947265625,893614573.0
2013-07-30,MSFT,Services,215925171157.8369,0.2024348631969164,0.7398938971598864,0.10125266953716383,2.7117620333003716,0001193125-13-310206,10-K,2013-06-30,25.927614212036133,8328000000.0
2013-08-08,PG,Manufacturing,157018760727.47507,0.10679792909818114,0.1354687704207112,0.07261552662353221,0.7986816259946067,0000080424-13-000063,10-K,2013-06-30,57.289947509765625,2740773339.0
2013-09-10,CSCO,Manufacturing,88007735071.18225,0.12742239922522755,0.60567407986504,0.11343321120496476,2.952460346070656,0000858877-13-000049,10-K,2013-07-27,16.330995559692383,5389000000.0
2013-10-30,AAPL,Manufacturing,14528189594.617844,0.259256038647343,0.3762448072084723,2.5493197042060105,1.6786385084062485,0001193125-13-416534,10-K,2013-09-28,16.15656089782715,899213000.0
2013-11-20,DIS,Services,109010335796.0116,0.11634519516007927,0.1473324304522546,0.06087496154876347,1.2054853041695146,0001001039-13-000164,10-K,2013-09-28,61.020904541015625,1786442476.0
2013-11-22,V,Finance Real Estate,21699799334.924927,0.08404716876182,0.4228222109016811,0.2294952097545389,1.8043829296424452,0001403161-13-000011,10-K,2013-09-30,46.24053955078125,469280842.0
2013-12-30,HPQ,Manufacturing,16247068279.266357,0.11960142321813846,0.04553064168551533,0.3147029305296229,1.1063904571516443,0001047469-13-011417,10-K,2013-10-31,8.51523494720459,1908000000.0
2014-01-31,AMZN,Retail,8231935380.935669,0.13633307602280934,0.07428947509804976,0.03328500374706006,1.0715839860748477,0001018724-14-000006,10-K,2013-12-31,17.934499740600586,459000000.0
2014-02-05,DD,Manufacturing,55138244557.662964,0.06172935396803821,0.13606089438629876,0.08817836039222059,1.8241939103762999,0000030554-14-000002,10-K,2013-12-31,59.53791809082031,926103000.0
2014-02-06,RTX,Manufacturing,47304723882.39653,0.08284213082544098,0.09754734455338039,0.12914143659706123,1.2913157894736842,0000101829-14-000006,10-K,2013-12-31,51.55367660522461,917581965.0
2014-02-06,UTX,Manufacturing,47304723882.39653,0.08284213082544098,0.09754734455338039,0.12914143659706123,1.2913157894736842,0000101829-14-000006,10-K,2013-12-31,51.55367660522461,917581965.0
2014-02-12,UNH,Finance Real Estate,56468603607.17773,0.08537895996678146,0.04631436292238487,0.10046290571419239,0.7309637387468169,0000731766-14-000008,10-K,2013-12-31,57.15445709228515,988000000.0
2014-02-13,AA,Manufacturing,27101984765.465206,0.044149739801913716,,-0.08279836400983534,1.1415233415233415,0001193125-14-051516,10-K,2013-12-31,25.305044174194336,1071011162.0
2014-02-13,MMM,Manufacturing,49218724582.22865,0.15421758569299554,0.1529266949564316,0.09591877969354383,1.6981861829821285,0001104659-14-009773,10-K,2013-12-31,74.20323181152344,663296239.0
2014-02-13,TRV,Finance Real Estate,22305003953.933716,0.029418564327823374,0.14023901340155015,0.1646715691055607,,0001047469-14-000854,10-K,2013-12-31,63.09760665893555,353500000.0
2014-02-14,BA,Manufacturing,113243156887.89993,0.08826608247088914,0.15417383373930713,0.04056757270152427,1.2639164044594646,0000012927-14-000004,10-K,2013-12-31,111.8714828491211,1012261159.0
2014-02-14,HON,Manufacturing,53959234916.68701,0.07740728513260701,0.27374215849443095,0.07342580016409282,1.4924194344545518,0000930413-14-000634,10-K,2013-12-31,68.8431167602539,783800000.0
2014-02-14,INTC,Manufacturing,92328648555.75562,0.2044652331146192,0.5980306594824315,0.10419301214173686,2.364681603773585,0000050863-14-000020,10-K,2013-12-28,18.58841323852539,4967000000.0
2014-02-18,CAT,Manufacturing,45278569020.08057,0.05900160196004523,0.07217140471400918,0.08399117026674163,1.40436678023226,0000018230-14-000058,10-K,2013-12-31,70.9917984008789,637800000.0
2014-02-20,AIG,Finance Real Estate,54451430226.72598,0.010834446334853665,0.132385916887504,0.1669744938221557,,0001047469-14-001096,10-K,2013-12-31,36.982757568359375,1472346407.0
2014-02-20,JPM,Finance Real Estate,155285528021.24023,0.04468828561954788,0.18552677887501812,0.11541964166518119,,0000019617-14-000289,10-K,2013-12-31,41.34222412109375,3756100000.0
2014-02-21,CVX,Manufacturing,129192278290.86057,0.13793728547051662,0.09437268405229672,0.16716943369770912,1.5218971470107214,0000093410-14-000011,10-K,2013-12-31,67.17662811279297,1923173013.0
2014-02-21,JNJ,Manufacturing,184276919071.53748,0.1312451482103962,,0.0750555200818759,2.1969620253164557,0000200406-14-000033,10-K,2013-12-29,65.3131103515625,2821438423.0
2014-02-21,T,Transportation Utilities,54511332550.04883,0.12526144132014816,0.1440987324468746,0.3403512468341481,0.6628375482211745,0000732717-14-000010,10-K,2013-12-31,10.347633361816406,5268000000.0
2014-02-24,AMGN,Manufacturing,67180793536.37695,0.09513799621928166,0.27206039837224244,0.07563173538950159,3.4436894425569395,0000318154-14-000004,10-K,2013-12-31,89.02835083007812,754600000.0
2014-02-24,MCD,Retail,69474501267.92615,0.19441494226826078,0.19874616181059357,0.08040216047695195,1.5930914826498423,0000063908-14-000019,10-K,2013-12-31,69.82150268554688,995030164.0
2014-02-25,AXP,Finance Real Estate,80398808471.67969,0.06829665851670742,0.19263812502246666,0.06665521668629824,,0001193125-14-066777,10-K,2013-12-31,75.56278991699219,1064000000.0
2014-02-25,BAC,Finance Real Estate,134873392019.92111,0.04415078346151998,0.12852195813001732,0.08475355908830123,,0000070858-14-000012,10-K,2013-12-31,12.733745574951172,10591808296.0
2014-02-25,IBM,Manufacturing,113343140299.47134,0.15487668649929093,0.48626078936552014,0.14542565131378207,1.2788265179060616,0001047469-14-001302,10-K,2013-12-31,107.4963150024414,1054390937.0
2014-02-26,MO,Manufacturing,32158819123.16779,0.11196534610860896,0.42740946619798903,0.14101885963632615,0.9336922640974781,0000764180-14-000025,10-K,2013-12-31,16.13200569152832,1993479282.0
2014-02-26,XOM,Manufacturing,252272738996.3774,0.16196281515997324,0.07947989240464219,0.13258666050508258,0.8268919747922592,0000034088-14-000012,10-K,2013-12-31,57.747955322265625,4368513787.0
2014-02-27,GE,Manufacturing,1020456510601.7302,0.04352839039844036,0.09144441781642644,0.013087279919577356,,0000040554-14-000023,10-K,2013-12-31,101.42814636230467,10060881000.0
2014-02-27,KO,Manufacturing,113838161818.96117,0.11706179556937427,,0.0757742382885458,1.1255977850490813,0000021344-14-000008,10-K,2013-12-31,25.77902030944824,4415922733.0
2014-02-27,MRK,Manufacturing,107332934885.11563,0.11031284017227508,0.09822341096396808,0.0420840071580526,1.9971457353928812,0000310158-14-000009,10-K,2013-12-31,36.73358917236328,2921928875.0
2014-02-27,SHW,Manufacturing,5912838815.472107,0.1698025556415371,0.4532474101500049,0.127275750867887,1.2492172412961227,0000089800-14-000045,10-K,2013-12-31,59.05198669433594,100129380.0
2014-02-27,VZ,Transportation Utilities,70867986318.77034,0.14162088012316762,0.19532973869763584,0.3322656847350446,2.624547134935305,0001193125-14-073266,10-K,2013-12-31,24.763856887817383,2861750762.0
2014-02-28,GS,Finance Real Estate,58615964077.64319,0.008820557604055701,,0.13716399834949655,,0001193125-14-073792,10-K,2013-12-31,131.32022094726562,446359012.0
2014-02-28,PFE,Manufacturing,116996303552.2815,0.10322426946967188,0.42788461538461536,0.1886555329514048,2.4070872207480956,0000078003-14-000018,10-K,2013-12-31,18.052001953125,6481070845.0
2014-03-03,C,Finance Real Estate,106424781273.35295,0.007392115006418908,0.18201817562789724,0.13060867810757096,,0001104659-14-015152,10-K,2013-12-31,35.08893966674805,3033000777.0
2014-03-05,CRM,Services,38193142393.07785,0.09564904353032308,0.7621156260508773,-0.006078970868919117,0.6733983419878659,0001193125-14-084762,10-K,2014-01-31,62.5970344543457,610143000.0
2014-03-13,NVDA,Manufacturing,238307127.1550338,0.11517834904220087,0.5490736198725377,1.8463149015000244,5.948952718996167,0001045810-14-000030,10-K,2014-01-26,0.4195572137832641,567996734.0
2014-03-21,WMT,Retail,65094949268.94665,0.11358674682907531,0.035290312761585875,0.25647151103878807,0.882327492969933,0000104169-14-000019,10-K,2014-01-31,20.11728286743164,3235772430.0
2014-03-27,HD,Retail,81418805007.93457,0.18826200700923046,0.3475359082373243,0.0661395116211201,1.4214345520513536,0000354950-14-000008,10-K,2014-02-02,58.9991340637207,1380000000.0
2014-07-25,NKE,Manufacturing,29089973181.251965,0.16150371087447563,0.44771394654483976,0.09257485330841063,2.7244877660632585,0000320187-14-000097,10-K,2014-05-31,33.12685012817383,878138823.0
2014-07-31,MSFT,Services,298014672286.9873,0.16726030258028587,0.6898183870187602,0.07407017859423645,2.504021917808219,0001193125-14-289961,10-K,2014-06-30,36.17121887207031,8239000000.0
2014-08-08,PG,Manufacturing,157568819169.3961,0.09675183341882357,0.14188196768678818,0.07479271636433606,0.937466642946095,0000080424-14-000057,10-K,2014-06-30,58.23027801513672,2705960276.0
2014-09-09,CSCO,Manufacturing,88521375543.59436,0.12264348355432116,0.5890501039412838,0.08871303627825589,3.3880559341713363,0000858877-14-000029,10-K,2014-07-26,17.333341598510742,5107000000.0
2014-10-27,AAPL,Manufacturing,135850754995.22781,0.2314796043806262,0.3858803577778386,0.29083386398101296,1.0801128483167317,0001193125-14-383437,10-K,2014-09-27,23.158374786376953,5866161000.0
2014-11-19,DIS,Services,137575573771.39008,0.11617133490129,0.16397271218732715,0.05817893235393865,1.1417393921155583,0001001039-14-000228,10-K,2014-09-27,80.14681243896484,1716544546.0
2014-11-21,V,Finance Real Estate,27499230067.613586,0.1868080582851513,0.4281215556605259,0.1977509910869994,1.592074592074592,0001403161-14-000017,10-K,2014-09-30,58.598663330078125,469280842.0
2014-12-18,HPQ,Manufacturing,22614640617.370605,0.12246381024359049,0.04497819728318409,0.22167055779561884,1.1465645364124843,0001047469-14-009977,10-K,2014-10-31,12.297248840332031,1839000000.0
2015-01-30,AMZN,Retail,8242822294.2352295,0.1255297679112008,0.06215444779071336,-0.029237558617337633,1.1152764427355903,0001018724-15-000006,10-K,2014-12-31,17.726499557495117,465000000.0
2015-02-05,DD,Manufacturing,59274432912.490845,0.07442457294089341,0.10471445439622153,0.06134179310273569,1.7205696202531646,0000030554-15-000004,10-K,2014-12-31,65.42814636230469,905947000.0
2015-02-05,RTX,Manufacturing,52688446142.85249,0.08036017482938798,0.1017357910906298,0.12570118279903858,1.2997597728761738,0000101829-15-000005,10-K,2014-12-31,57.794071197509766,911658325.0
2015-02-05,UTX,Manufacturing,52688446142.85249,0.08036017482938798,0.1017357910906298,0.12570118279903858,1.2997597728761738,0000101829-15-000005,10-K,2014-12-31,57.794071197509766,911658325.0
2015-02-10,UNH,Finance Real Estate,85980632904.05273,0.09320228751360238,0.04306605147385686,0.06535192647709791,0.7692257453547987,0000731766-15-000007,10-K,2014-12-31,90.12644958496094,954000000.0
2015-02-12,BA,Manufacturing,131921897583.57251,0.08929615516441863,0.15435975408210484,0.04135780412454744,1.1951443129925772,0000012927-15-000011,10-K,2014-12-31,130.323974609375,1012261159.0
2015-02-12,MMM,Manufacturing,61518531450.94563,0.1654673958233394,0.15706608843216743,0.08124381193958383,1.9614871623874626,0001104659-15-009560,10-K,2014-12-31,96.85904693603516,635134594.0
2015-02-12,TRV,Finance Real Estate,27114177680.96924,0.029628048662178157,0.135925189603122,0.1361649260929393,,0001047469-15-000743,10-K,2014-12-31,84.15325164794922,322200000.0
2015-02-13,HON,Manufacturing,60600096391.29639,0.07738003564278013,0.2815709819877934,0.0714355299378987,1.502132268327354,0000930413-15-000621,10-K,2014-12-31,77.47391510009766,782200000.0
2015-02-13,INTC,Manufacturing,126064549293.51807,0.20535908477967724,0.6373545731161625,0.09284132665043995,1.7310693551407703,0000050863-15-000015,10-K,2014-12-27,26.551084518432617,4748000000.0
2015-02-17,CAT,Manufacturing,39130244224.54834,0.059151403502556654,0.07117103294848683,0.09483712850613658,1.394231803996126,0000018230-15-000061,10-K,2014-12-31,64.55005645751953,606200000.0
2015-02-19,AA,Manufacturing,43544964409.114365,0.04476055509505602,,0.0040647639147674275,1.4923299043493954,0001193125-15-054376,10-K,2014-12-31,35.790470123291016,1216663661.0
2015-02-19,AMGN,Manufacturing,85625059204.10155,0.12396933733281167,0.25709016597717194,0.060239374406796616,4.953339041095891,0000318154-15-000005,10-K,2014-12-31,112.60528564453124,760400000.0
2015-02-20,AIG,Finance Real Estate,58625328617.933426,0.009711374158473644,0.11682141415396081,0.12834043198349623,,0000005272-15-000002,10-K,2014-12-31,41.87785720825195,1399912329.0
2015-02-20,CVX,Manufacturing,126876895847.60922,0.11831550299594776,0.09109779685804595,0.15219477014312424,1.322808995802794,0000093410-15-000010,10-K,2014-12-31,67.11556243896484,1890424385.0
2015-02-20,T,Transportation Utilities,59837995099.06769,0.10701808905538727,0.04921213768526279,0.10892744633587421,0.8590740840083686,0000732717-15-000016,10-K,2014-12-31,11.536147117614746,5187000000.0
2015-02-23,GS,Finance Real Estate,65230039887.1026,0.009900261608894702,,0.12995546246287193,,0001193125-15-056785,10-K,2014-12-31,151.60641479492188,430259102.0
2015-02-23,VZ,Transportation Utilities,110331758906.54086,0.13162847860838475,0.09408320808316087,0.10836408409048943,1.0555515963511972,0001193125-15-057710,10-K,2014-12-31,26.587736129760746,4149723706.0
2015-02-24,AXP,Finance Real Estate,70302364173.88916,0.06583785346599373,0.21154606563859232,0.0837098448843593,,0001193125-15-059931,10-K,2014-12-31,68.72176361083984,1023000000.0
2015-02-24,IBM,Manufacturing,98260422409.94748,0.16632916992818977,0.5001131550871294,0.122348344380646,1.248030303030303,0001047469-15-001106,10-K,2014-12-31,99.20046997070312,990523759.0
2015-02-24,JNJ,Manufacturing,206693282133.58496,0.14087203227602407,,0.07897208768232011,2.3644010364759818,0000200406-15-000004,10-K,2014-12-28,73.84249114990234,2799110362.0
2015-02-24,JPM,Finance Real Estate,166555605349.73145,0.014221223523449688,0.23100684677034128,0.13065906700830882,,0000019617-15-000272,10-K,2014-12-31,44.83568572998047,3714800000.0
2015-02-24,MCD,Retail,69186861108.91968,0.19632512091104798,0.17338099871361778,0.06876739201262329,1.523163142763565,0000063908-15-000016,10-K,2014-12-31,71.09186553955078,973203623.0
2015-02-25,BAC,Finance Real Estate,136126138406.2157,0.04410335019534015,0.0573670279060382,0.035503835314697495,,0000070858-15-000008,10-K,2014-12-31,12.94400119781494,10516542476.0
2015-02-25,C,Finance Real Estate,116398641277.03595,0.004069404568718012,0.09752607892614656,0.06441655948675808,,0000831001-15-000043,10-K,2014-12-31,38.42188262939453,3029488232.0
2015-02-25,KO,Manufacturing,128457698483.47797,0.11535159688338785,,0.05545794517653045,1.0189040588126275,0000021344-15-000005,10-K,2014-12-31,29.327486038208008,4380112851.0
2015-02-25,MO,Manufacturing,52320623067.47865,0.11321247280638144,0.4143218334556725,0.09690251573382734,0.8963899387462531,0000764180-15-000022,10-K,2014-12-31,26.538827896118164,1971474523.0
2015-02-25,SHW,Manufacturing,8156336206.643036,0.18954050891930183,0.46403420520878996,0.10616126874401853,0.9575157815259342,0000089800-15-000004,10-K,2014-12-31,86.12435913085938,94704173.0
2015-02-25,XOM,Manufacturing,235322641307.47385,0.16071852655131863,0.08529452810799153,0.142846433361584,0.8186220661272106,0000034088-15-000013,10-K,2014-12-31,55.57233428955078,4234528643.0
2015-02-27,GE,Manufacturing,1076894853587.9517,0.04273932712165824,0.10327144001238316,0.01424930200833832,,0000040545-15-000030,10-K,2014-12-31,107.07508850097656,10057380000.0
2015-02-27,MRK,Manufacturing,111502009367.38622,0.07993084862968425,0.2595081218605258,0.10702946133175817,1.7677182137908984,0000310158-15-000005,10-K,2014-12-31,39.11152648925781,2850873371.0
2015-02-27,PFE,Manufacturing,125905972229.39595,0.09973770336850314,0.17772952853598015,0.07281624404040381,2.6675604456566964,0000078003-15-000014,10-K,2014-12-31,19.982990264892575,6300657237.0
2015-03-06,CRM,Services,41288169196.30432,0.1097648906544498,0.7600726963335098,-0.006362306808787081,0.8086534643947989,0001108524-15-000008,10-K,2015-01-31,63.46207046508789,650596000.0
2015-03-12,NVDA,Manufacturing,297188514.96583223,0.12576166083999596,0.5552650033418726,2.1218417544584405,6.376234054663349,0001045810-15-000036,10-K,2015-01-25,0.5453870892524719,544913000.0
2015-03-26,HD,Retail,112441447723.38867,0.2063285435337706,0.3481052226603828,0.05642936949379203,1.3578844617978525,0000354950-15-000008,10-K,2015-02-01,86.03018188476562,1307000000.0
2015-04-01,WMT,Retail,70461244624.79065,0.14022169204638057,0.03545825738394,0.2426724093656443,0.9694509131020959,0000104169-15-000011,10-K,2015-01-31,21.8607177734375,3223189895.0
2015-07-23,NKE,Manufacturing,42259210822.08511,0.21666666666666667,0.4596908597758243,0.07745057080643578,2.5222608146510894,0000320187-15-000113,10-K,2015-05-31,49.153045654296875,859747555.0
2015-07-31,MSFT,Services,322462763923.645,0.16361655402529748,0.646954477452447,0.037812117751639514,2.501343816438686,0001193125-15-272806,10-K,2015-06-30,40.172264099121094,8027000000.0
2015-08-07,PG,Manufacturing,151925310615.38132,0.11280744430286883,0.0936561832221188,0.04702310609774539,0.9951661631419939,0000080424-15-000070,10-K,2015-06-30,55.99909973144531,2712995590.0
2015-09-08,CSCO,Manufacturing,96060845489.50195,0.11362254474317286,0.6037509407863957,0.0934928269081443,3.229183422935275,0000858877-15-000070,10-K,2015-07-25,18.891021728515625,5085000000.0
2015-10-28,AAPL,Manufacturing,149105561961.77484,0.18475001635230084,0.4005990201741437,0.35809529367984444,1.1087706239920605,0001193125-15-356351,10-K,2015-09-26,26.727399826049805,5578753000.0
2015-11-20,V,Finance Real Estate,34940570894.711914,0.1636345561188985,0.4559077809798271,0.18110751593236596,2.026795682917752,0001403161-15-000013,10-K,2015-09-30,74.45556640625,469280842.0
2015-11-25,DIS,Services,182051263110.16962,0.1237100542060738,0.168722005146288,0.04862366703077006,1.0259581241581976,0001001039-15-000255,10-K,2015-10-03,107.8593521118164,1687857933.0
2015-12-16,HPQ,Manufacturing,15445330646.514893,0.11825190396886286,0.044061728992308064,0.2948463910694959,1.2274418714891802,0001047469-15-009251,10-K,2015-10-31,8.561713218688965,1804000000.0
2016-01-29,AMZN,Retail,13823850179.672241,0.18214045596234948,0.051688690353811934,0.043113893181250536,1.0759609428006727,0001018724-16-000172,10-K,2015-12-31,29.350000381469727,471000000.0
2016-02-04,DD,Manufacturing,58918772751.060486,0.056260020405188745,0.07795463589335455,0.033249165054354254,1.7149618468076886,0000030554-16-000106,10-K,2015-12-31,67.2276382446289,876407000.0
2016-02-09,UNH,Finance Real Estate,89047006309.50928,0.08744601959006311,0.037350340850503164,0.06589777964689825,0.7375402116648795,0000731766-16-000058,10-K,2015-12-31,93.4386215209961,953000000.0
2016-02-10,BA,Manufacturing,106612588350.26228,0.09917591729514448,0.1459308737540837,0.04852147462178441,1.3535269380306276,0000012927-16-000099,10-K,2015-12-31,105.32122802734376,1012261159.0
2016-02-11,MMM,Manufacturing,55063919095.71774,0.15813925056543798,0.15990619013014468,0.08791600887660898,1.5434110705254285,0001558370-16-003162,10-K,2015-12-31,90.36795806884766,609330124.0
2016-02-11,RTX,Manufacturing,37004189961.301636,0.08385533354670568,0.14200149737958573,0.2152729193188855,1.1807410027411795,0000101829-16-000050,10-K,2015-12-31,41.71738052368164,887020937.0
2016-02-11,TRV,Finance Real Estate,24471545404.815674,0.030483909606324362,0.12832089552238807,0.14053056082527796,,0001047469-16-010107,10-K,2015-12-31,82.70207977294922,295900000.0
2016-02-11,UTX,Manufacturing,37004189961.301636,0.08385533354670568,0.14200149737958573,0.2152729193188855,1.1807410027411795,0000101829-16-000050,10-K,2015-12-31,41.71738052368164,887020937.0
2016-02-12,HON,Manufacturing,60397991674.80469,0.07131559737204964,0.30673129260516835,0.08025101275051086,1.0915573458167764,0000930413-16-005457,10-K,2015-12-31,78.39822387695312,770400000.0
2016-02-12,INTC,Manufacturing,107889801120.75804,0.18322417891621792,0.6264836058169994,0.10584874456500215,2.5758600880832323,0000050863-16-000105,10-K,2015-12-26,22.833820343017575,4725000000.0
2016-02-16,AMGN,Manufacturing,81804996215.8203,0.12681625125740473,0.3203305327301265,0.08482366995890239,4.444213684089074,0000318154-16-000031,10-K,2015-12-31,108.49468994140624,754000000.0
2016-02-16,CAT,Manufacturing,29909440643.692017,0.06381135584799419,0.04786282193580538,0.07064659032483904,1.3085199406911758,0000018230-16-000410,10-K,2015-12-31,51.364315032958984,582300000.0
2016-02-18,T,Transportation Utilities,82938209449.76807,0.08910478006913816,0.09323505970667775,0.16502647080040472,0.7527187552283754,0000732717-16-000147,10-K,2015-12-31,13.4815034866333,6152000000.0
2016-02-19,AA,Manufacturing,23361687059.482933,0.043309242225142354,,-0.008432610174873227,1.5261945883707542,0001193125-16-470162,10-K,2015-12-31,17.83116912841797,1310160141.0
2016-02-19,AIG,Finance Real Estate,47293711378.75551,0.005789396369402527,0.038095564661306085,0.04698299066032127,,0000005272-16-000035,10-K,2015-12-31,39.61223983764648,1193916617.0
2016-02-19,AXP,Finance Real Estate,45746644363.40332,0.06498783998411753,0.1855925806103742,0.11286073704086431,,0001193125-16-469798,10-K,2015-12-31,47.21015930175781,969000000.0
2016-02-22,GS,Finance Real Estate,50377277070.49072,0.007061800915956095,,0.12074888429337544,,0001193125-16-470289,10-K,2015-12-31,120.09437561035156,419480736.0
2016-02-23,IBM,Manufacturing,79717468374.73355,0.17692203267116158,0.4977184032492874,0.16545934371619572,1.2403046485161515,0001047469-16-010329,10-K,2015-12-31,82.54644012451172,965728725.0
2016-02-23,JPM,Finance Real Estate,155712557441.71143,0.031239555419105683,0.26129159851619044,0.15696871467254322,,0000019617-16-000902,10-K,2015-12-31,42.50376892089844,3663500000.0
2016-02-23,VZ,Transportation Utilities,117837977056.58597,0.15913178548070633,0.13960644278984957,0.15593444879978124,0.635627068355586,0001193125-16-473367,10-K,2015-12-31,28.960838317871097,4068873137.0
2016-02-24,BAC,Finance Real Estate,100043920711.9343,0.04328513148248672,0.19256547929266607,0.15881024940783545,,0000070858-16-000137,10-K,2015-12-31,9.637896537780762,10380265063.0
2016-02-24,JNJ,Manufacturing,219326957039.50153,0.14450832390132748,,0.07025584181713143,2.1699643204670775,0000200406-16-000071,10-K,2016-01-03,79.2668685913086,2766943629.0
2016-02-24,SHW,Manufacturing,7240005167.7547455,0.24991354237977298,0.49026165979852027,0.14555915024668653,1.2413861043140562,0000089800-16-000026,10-K,2015-12-31,78.48539733886719,92246525.0
2016-02-24,XOM,Manufacturing,217673702484.13086,0.16679633445976041,0.06378329633740289,0.0760358270710566,0.7896657773825404,0000034088-16-000065,10-K,2015-12-31,52.375770568847656,4156000000.0
2016-02-25,CVX,Manufacturing,104006514272.29724,0.07311454587133553,0.034012868563010466,0.04528562497219019,1.3356635429262393,0000093410-16-000049,10-K,2015-12-31,55.26274490356445,1882036704.0
2016-02-25,KO,Manufacturing,138403527761.80768,0.11685702551807577,,0.053221186765389956,1.24006683995544,0000021344-16-000050,10-K,2015-12-31,31.82432746887207,4348985156.0
2016-02-25,MCD,Retail,84158468816.56726,0.17235962223270698,0.17822767874709794,0.05381870729934634,3.2683703904555315,0000063908-16-000103,10-K,2015-12-31,91.65294647216795,918229823.0
2016-02-25,MO,Manufacturing,60770408852.92309,0.17857691716612878,0.4369741291185028,0.08627554263604084,0.8598474145238768,0000764180-16-000128,10-K,2015-12-31,31.004369735717773,1960059481.0
2016-02-26,C,Finance Real Estate,87137101681.36035,0.010011494850422537,0.22699531131309428,0.19890494020995786,,0000831001-16-000235,10-K,2015-12-31,29.250547409057617,2978990460.0
2016-02-26,GE,Manufacturing,1173941274001.1597,0.04037207829637989,-0.0493670454739066,-0.004936362770727725,,0000040545-16-000145,10-K,2015-12-31,125.16315460205078,9379288000.0
2016-02-26,MRK,Manufacturing,97667956094.36438,0.12203892748012851,0.09696218496531628,0.045654687354077766,1.5499661511222205,0000310158-16-000063,10-K,2015-12-31,34.9620361328125,2793543137.0
2016-02-29,PFE,Manufacturing,110337276398.8606,0.08665950077630478,0.1354295905707196,0.06331495780941844,1.4899826524711726,0000078003-16-000077,10-K,2015-12-31,17.874168395996094,6173001952.0
2016-03-02,GS,Finance Real Estate,52435824887.9436,0.007061800915956095,,0.11600847346255144,,0001193125-16-488753,10-K/A,2015-12-31,125.00174713134766,419480736.0
2016-03-07,CRM,Services,46489500266.944885,0.12627153628613838,0.7518382485283213,-0.0010201443278090255,0.7739581859015614,0001108524-16-000053,10-K,2016-01-31,69.2912368774414,670929000.0
2016-03-17,NVDA,Manufacturing,432548725.96263885,0.15943012211668928,0.5610778443113772,1.4194932573978587,2.5746490854955337,0001045810-16-000205,10-K,2016-01-31,0.8025022745132446,539000000.0
2016-03-24,HD,Retail,127611039916.99219,0.22028719828903148,0.3419039980117263,0.05492471501336546,1.3566182340731279,0000354950-16-000060,10-K,2016-01-31,101.92575073242188,1252000000.0
2016-03-30,WMT,Retail,61410969637.39016,0.13723250209188248,0.031507644991579854,0.24555873468603434,0.9322180782741918,0000104169-16-000079,10-K,2016-01-31,19.17958068847656,3201893234.0
2016-07-21,NKE,Manufacturing,42477151328.107834,0.1446999439147504,0.46241042747714356,0.08851817700665689,2.8042179917879806,0000320187-16-000336,10-K,2016-05-31,49.660457611083984,855351589.0
2016-07-28,MSFT,Services,388033062988.28125,0.14885850878189308,0.6157993436474449,0.043290125513112024,2.3528817157201343,0001193125-16-662209,10-K,2016-06-30,49.69685745239258,7808000000.0
2016-08-09,PG,Manufacturing,175617926955.01624,0.12140542411276113,0.16239146081869554,0.06038107944820558,1.0978875528111798,0000080424-16-000212,10-K,2016-06-30,65.97584533691406,2661851865.0
2016-09-08,CSCO,Manufacturing,117606072544.09789,0.10599085917206458,0.6286677361057527,0.0913133120398462,3.1600096342981012,0000858877-16-000117,10-K,2016-07-30,23.385578155517575,5029000000.0
2016-10-26,AAPL,Manufacturing,141176657736.31668,0.16682727877495446,0.3907595564809705,0.32361582100443326,1.352669417512594,0001628280-16-020309,10-K,2016-09-24,26.456571578979492,5336166000.0
2016-11-15,V,Finance Real Estate,34422615484.17714,0.08704614663855705,0.39722848428590374,0.17404255649178813,1.7788963460104399,0001403161-16-000058,10-K,2016-09-30,73.35184478759766,469280842.0
2016-11-23,DIS,Services,145497415620.79016,0.14356806797561744,0.17597785447224618,0.06728641851285985,1.0073625460159126,0001001039-16-000516,10-K,2016-10-01,90.53407287597656,1607101183.0
2016-12-15,HPQ,Manufacturing,19255617858.88672,0.11134091692519821,0.05174343878270243,0.12962450845731047,0.9819225861335602,0000047217-16-000093,10-K,2016-10-31,11.247440338134766,1712000000.0
2017-02-02,DD,Manufacturing,76441215795.08972,0.08257431688519667,0.10266731723184516,0.0330319183667693,1.9239069349218838,0000030554-17-000004,10-K,2016-12-31,87.92996978759766,869342000.0
2017-02-08,BA,Manufacturing,155059933197.74048,0.11665944420369567,0.14572120417464127,0.03156198960668271,1.2464195954841026,0000012927-17-000006,10-K,2016-12-31,153.18174743652344,1012261159.0
2017-02-08,UNH,Finance Real Estate,130516024536.13281,0.07975734875010178,0.038265526942220296,0.05419257922648318,0.6878705433281898,0000731766-17-000009,10-K,2016-12-31,137.09666442871094,952000000.0
2017-02-09,MMM,Manufacturing,65009597538.33046,0.1572357624749286,0.16798963764987213,0.07780389652493604,1.8855121402154686,0001558370-17-000479,10-K,2016-12-31,108.9437484741211,596726278.0
2017-02-09,RTX,Manufacturing,45856875047.79458,0.08177825340556931,0.09478722660890224,0.11832467856444037,1.3032959006664842,0000101829-17-000007,10-K,2016-12-31,55.69171524047851,823405687.0
2017-02-09,UTX,Manufacturing,45856875047.79458,0.08177825340556931,0.09478722660890224,0.11832467856444037,1.3032959006664842,0000101829-17-000007,10-K,2016-12-31,55.69171524047851,823405687.0
2017-02-10,AMZN,Retail,19734921524.04785,0.1971535454785257,0.04067300550787943,0.12014235765320042,1.044846631367537,0001018724-17-000011,10-K,2016-12-31,41.37300109863281,477000000.0
2017-02-10,HON,Manufacturing,72171090490.72267,0.06495401322350682,0.30919546079079946,0.0671459994168016,1.4119159879982854,0000930413-17-000391,10-K,2016-12-31,94.8621063232422,760800000.0
2017-02-14,AMGN,Manufacturing,93872150488.28125,0.133383144822611,0.33587055804445215,0.08226081920818458,4.106569082470546,0000318154-17-000004,10-K,2016-12-31,127.16357421875,738200000.0
2017-02-15,CAT,Manufacturing,47437460781.09741,0.06705129578068109,-0.0016492885695915914,-0.0012437427937439256,1.2232894535435481,0000018230-17-000041,10-K,2016-12-31,80.88228607177734,586500000.0
2017-02-16,TRV,Finance Real Estate,27764534701.53809,0.03046535986832261,0.10910407239819005,0.10855575403657067,,0001047469-17-000695,10-K,2016-12-31,99.30091094970705,279600000.0
2017-02-17,AXP,Finance Real Estate,63380613037.109375,0.06592486767824889,0.19439951112548978,0.08532577614598984,,0001193125-17-047588,10-K,2016-12-31,70.11129760742188,904000000.0
2017-02-17,INTC,Manufacturing,141873593311.30984,0.16663284124701086,0.6094094667183053,0.072712615217716,1.7489902472662793,0000050863-17-000012,10-K,2016-12-31,29.99441719055176,4730000000.0
2017-02-17,T,Transportation Utilities,98827138956.06995,0.09742930654918887,0.08356636098323422,0.13849434623503634,0.7586404618791521,0000732717-17-000021,10-K,2016-12-31,16.09300422668457,6141000000.0
2017-02-21,VZ,Transportation Utilities,120271237470.77399,0.09302563682529282,0.10801714557866328,0.11314425864543678,0.8699736321687541,0001193125-17-050292,10-K,2016-12-31,29.50258445739746,4076633952.0
2017-02-22,SHW,Manufacturing,8890407788.455389,0.19379014148937856,0.4995330477524465,0.1274073166217266,1.2821026877408606,0000089800-17-000005,10-K,2016-12-31,95.58238983154295,93013031.0
2017-02-22,XOM,Manufacturing,223315519531.25,0.1700503157601555,0.03831058332723414,0.037502991362085035,0.8693899827868509,0000034088-17-000017,10-K,2016-12-31,53.8369140625,4148000000.0
2017-02-23,AIG,Finance Real Estate,50088393692.8701,0.0047826052052727065,-0.006664502453835431,-0.006967682017115251,,0000005272-17-000017,10-K,2016-12-31,50.3231086730957,995335841.0
2017-02-23,BAC,Finance Real Estate,199401201588.64163,0.0424267107677371,0.21392814900658297,0.08979885706476087,,0000070858-17-000013,10-K,2016-12-31,19.83573341369629,10052625604.0
2017-02-23,CVX,Manufacturing,141389128903.71094,0.0493928744453587,-0.0037651128660283737,-0.0030483248842527373,0.9318546484190656,0000093410-17-000013,10-K,2016-12-31,74.8974609375,1887769320.0
2017-02-23,PFE,Manufacturing,129241827255.32898,0.09265507094368208,0.14046991315136476,0.05606544068496392,1.2517756708982806,0000078003-17-000014,10-K,2016-12-31,21.297670364379883,6068355132.0
2017-02-24,C,Finance Real Estate,127057894729.1875,0.008356225764852739,0.2143112701252236,0.1178596578506032,,0000831001-17-000038,10-K,2016-12-31,44.5859375,2849730248.0
2017-02-24,GE,Manufacturing,1158761742264.1907,-0.0006681581563216251,0.07736137909793371,0.0073699361037870125,,0000040545-17-000010,10-K,2016-12-31,132.5417938232422,8742614000.0
2017-02-24,KO,Manufacturing,134077289730.89081,0.10079064970780337,,0.04885241947496578,1.28184833408714,0000021344-17-000009,10-K,2016-12-31,31.087074279785156,4312959416.0
2017-02-27,GS,Finance Real Estate,80243103654.16031,0.008600675451802852,,0.09219483872264755,,0001193125-17-056804,10-K,2016-12-31,204.37217712402344,392632230.0
2017-02-27,JNJ,Manufacturing,258425503168.08533,0.13290323494419579,,0.06400297105832484,2.473922471183475,0000200406-17-000006,10-K,2017-01-01,94.99080657958984,2720531728.0
2017-02-27,MO,Manufacturing,74691961213.64722,0.0825350518157276,0.4502408328154133,0.19070325331606677,0.984406779661017,0000764180-17-000028,10-K,2016-12-31,38.436180114746094,1943272224.0
2017-02-28,AA,Manufacturing,14441716122.8405,0.043417506737199324,,-0.06079609878298236,2.1433248453983267,0001193125-17-062657,10-K,2016-12-31,32.9328727722168,438519780.0
2017-02-28,IBM,Manufacturing,109831484233.47583,0.14436026219460288,0.47916014965152215,0.10809286683919274,1.2098690558235699,0001047469-17-001061,10-K,2016-12-31,116.1172103881836,945867403.0
2017-02-28,JPM,Finance Real Estate,251329505548.0957,0.00810767844841291,0.2585294978467199,0.09840866055922338,,0000019617-17-000314,10-K,2016-12-31,70.57438659667969,3561200000.0
2017-02-28,MRK,Manufacturing,129436217917.20132,0.10878933076108496,0.08569813208080544,0.03044742857459731,1.7794698907230877,0000310158-17-000010,10-K,2016-12-31,46.94586944580078,2757137517.0
2017-03-01,MCD,Retail,86167263344.71948,0.19532038202804936,0.19033868223004724,0.05438840480811439,1.3979759536372287,0000063908-17-000017,10-K,2016-12-31,103.7605209350586,830443627.0
2017-03-01,NVDA,Manufacturing,1480941227.6744843,0.1699014327812214,0.5879884225759768,1.1249602407356252,4.774049217002237,0001045810-17-000027,10-K,2017-01-29,2.5315234661102295,585000000.0
2017-03-06,CRM,Services,57372872911.37695,0.12295749034556477,0.7337889347739461,0.0031309570339535715,0.8261966592145629,0001108524-17-000006,10-K,2017-01-31,81.09698486328125,707460000.0
2017-03-23,HD,Retail,142135993766.78467,0.22769166317553413,0.3415931074581109,0.0559815975470349,1.2540861812778603,0000354950-17-000005,10-K,2017-01-29,118.15128326416016,1203000000.0
2017-03-31,WMT,Retail,63542574157.66162,0.15858166729536025,0.02969560601433151,0.2249358038995439,0.8619561319627062,0000104169-17-000021,10-K,2017-01-31,20.676420211791992,3073190306.0
2017-07-20,NKE,Manufacturing,44621504683.9981,0.15649855969732146,0.445764192139738,0.0950214482910641,2.934051881622214,0000320187-17-000090,10-K,2017-05-31,52.167442321777344,855351589.0
2017-08-02,MSFT,Services,504759619659.4238,0.11959632662203529,0.6191106170094497,0.042008114702810344,2.4772730794861064,0001564590-17-014900,10-K,2017-06-30,65.48516082763672,7708000000.0
2017-08-07,PG,Manufacturing,185090286926.47748,0.10591664867199309,0.23688093701005256,0.08326206769630022,0.8769943727242635,0000080424-17-000047,10-K,2017-06-30,72.36833190917969,2557614388.0
2017-09-07,CSCO,Manufacturing,121763175962.44812,0.09932366852054415,0.6296010832204979,0.07891548429192932,3.0345865206830296,0000858877-17-000016,10-K,2017-07-29,24.43571662902832,4983000000.0
2017-11-03,AAPL,Manufacturing,205964363290.47775,0.16945052075700937,0.38469860491899105,0.23475420323956298,1.2760628484139107,0000320193-17-000070,10-K,2017-09-30,40.17875289916992,5126201000.0
2017-11-17,V,Finance Real Estate,48556224350.269554,0.13545758124071378,0.3649090314849112,0.13796377477119082,1.9034420652391435,0001403161-17-000044,10-K,2017-09-30,103.4694366455078,469280842.0
2017-11-22,DIS,Services,148330048854.21133,0.1288561317061458,0.1698677838837804,0.06314297118047557,0.8108701199285532,0001001039-17-000198,10-K,2017-09-30,96.10099029541016,1543480961.0
2017-12-15,HPQ,Manufacturing,25759072208.40454,0.11171877373682132,0.04852466574458276,0.09806253810553896,0.9958058183116187,0000047217-17-000045,10-K/A,2017-10-31,15.61155891418457,1650000000.0
2018-02-02,AMZN,Retail,34604788818.359375,0.14038534765059782,0.03109644338996773,0.08764682876466101,1.039977195376881,0001018724-18-000005,10-K,2017-12-31,71.49749755859375,484000000.0
2018-02-08,MMM,Manufacturing,82975068085.63039,0.16426672282623003,0.15380484568973687,0.05868027724876568,1.857291531156498,0001558370-18-000535,10-K,2017-12-31,139.4810333251953,594884237.0
2018-02-09,HON,Manufacturing,88238014260.86426,0.10045969656658865,0.31970691271525137,0.0192434067586798,1.378611950585865,0000930413-18-000292,10-K,2017-12-31,117.50967407226562,750900000.0
2018-02-09,RTX,Manufacturing,51705574603.25357,0.07569129178704086,0.0822233734980029,0.0951541499683945,1.347136238776598,0000101829-18-000005,10-K,2017-12-31,64.74771118164062,798569921.0
2018-02-09,UTX,Manufacturing,51705574603.25357,0.07569129178704086,0.0822233734980029,0.0951541499683945,1.347136238776598,0000101829-18-000005,10-K,2017-12-31,64.74771118164062,798569921.0
2018-02-12,BA,Manufacturing,333293319411.3456,0.14452037732988204,0.18551910227856777,0.024587951581129218,1.158026622118751,0000012927-18-000007,10-K,2017-12-31,329.2562561035156,1012261159.0
2018-02-13,AMGN,Manufacturing,98164056433.10547,0.13979288090652126,0.08661210556260668,0.020160128583812165,5.485144124168515,0000318154-18-000004,10-K,2017-12-31,135.92364501953125,722200000.0
2018-02-13,UNH,Finance Real Estate,190651932861.32812,0.09777215262696141,0.05380321039575659,0.05676837280150827,0.7348750569724353,0000731766-18-000005,10-K,2017-12-31,196.751220703125,969000000.0
2018-02-15,CAT,Manufacturing,80152443457.03125,0.06508406746186429,0.017785171993626395,0.009469455543259772,1.34580966172812,0000018230-18-000042,10-K,2017-12-31,134.1239013671875,597600000.0
2018-02-15,DWDP,Manufacturing,253670765363.0276,0.0452478091630066,0.19316945137955316,0.006275851289846872,1.9095606246172687,0001666700-18-000009,10-K,2017-12-31,108.4067611694336,2339990261.0
2018-02-15,TRV,Finance Real Estate,31894697250.36621,0.03635379724205908,0.07113694554010103,0.06446212622307908,,0001047469-18-000812,10-K,2017-12-31,117.51914978027344,271400000.0
2018-02-16,AIG,Finance Real Estate,42906774559.33032,-0.017228542587713048,-0.1222940226171244,-0.14114321251591466,,0000005272-18-000022,10-K,2017-12-31,47.724853515625,899044657.0
2018-02-16,AXP,Finance Real Estate,74253607063.29346,0.05782213414735122,0.09835004852798447,0.036846694836896544,,0000004962-18-000032,10-K,2017-12-31,86.4419174194336,859000000.0
2018-02-16,INTC,Manufacturing,180481915508.27026,0.15321828168991228,0.6225044215356671,0.05319646554593472,1.6933585902072212,0000050863-18-000007,10-K,2017-12-30,38.50691604614258,4687000000.0
2018-02-20,T,Transportation Utilities,93639304386.13892,0.08815866803873929,0.1859093343963724,0.31874435842582083,0.9724409932546167,0000732717-18-000009,10-K,2017-12-31,15.253185272216797,6139000000.0
2018-02-21,JNJ,Manufacturing,276063280675.34906,0.133856315518458,,0.004709065243373683,1.4110095949176409,0000200406-18-000005,10-K,2017-12-31,102.7586898803711,2686520050.0
2018-02-22,BAC,Finance Real Estate,267238153240.4702,0.04068718947727414,0.2087187471380163,0.06822379132217027,,0000070858-18-000009,10-K,2017-12-31,25.977476119995117,10287302431.0
2018-02-22,CVX,Manufacturing,146460304506.24713,0.08082945241641254,0.06540268977293574,0.06328677269413051,1.0296715578469193,0000093410-18-000010,10-K,2017-12-31,77.10977935791016,1899373928.0
2018-02-22,PFE,Manufacturing,138324863787.18585,0.09586896162331124,0.4139849565756824,0.15438294616978532,1.3521214710618858,0000078003-18-000027,10-K,2017-12-31,23.20611572265625,5960707317.0
2018-02-23,C,Finance Real Estate,154964666279.21207,-0.0036570572575327074,-0.09430502876177413,-0.04348087962103318,,0000831001-18-000040,10-K,2017-12-31,58.60988998413086,2644001999.0
2018-02-23,GE,Manufacturing,571005366911.0642,0.02758602442154282,-0.053502014276627326,-0.010605854779896036,,0000040545-18-000014,10-K,2017-12-31,65.77970123291016,8680571000.0
2018-02-23,KO,Manufacturing,144311300428.0542,0.07958268863201966,,0.008890502657757106,1.3438626167536956,0000021344-18-000008,10-K,2017-12-31,33.87058639526367,4260667316.0
2018-02-23,MCD,Retail,106425419422.15271,0.16421870978620684,0.2275288776708559,0.048788156327615184,1.8429391821767107,0000063908-18-000010,10-K,2017-12-31,133.50143432617188,797185588.0
2018-02-23,SHW,Manufacturing,11576067165.069733,0.09439461336306713,0.45256987084974776,0.15309707301523973,1.1200497594791305,0000089800-18-000004,10-K,2017-12-31,123.30227661132812,93883645.0
2018-02-23,VZ,Transportation Utilities,123377237086.37627,0.09840827866206742,0.24239490931018615,0.2476145577697771,0.9054393558737174,0000732712-18-000009,10-K,2017-12-31,30.243663787841797,4079440836.0
2018-02-26,AA,Manufacturing,21395915079.62677,0.03745058232717171,,-0.0034586041178702813,2.258498583569405,0000004281-18-000042,10-K,2017-12-31,44.44366455078125,481416537.0
2018-02-26,GS,Finance Real Estate,84387765504.33302,0.004675078754243131,,0.05078935286869195,,0001193125-18-056383,10-K,2017-12-31,225.1488342285156,374808805.0
2018-02-27,IBM,Manufacturing,97025979181.19946,0.1334120425029516,0.45776418706326844,0.05929339800071554,1.3311297272702942,0001047469-18-001117,10-K,2017-12-31,105.21379852294922,922179225.0
2018-02-27,JPM,Finance Real Estate,320110686048.8891,-0.0009871329333754342,0.2453324500120453,0.07635171540717399,,0000019617-18-000057,10-K,2017-12-31,93.4547882080078,3425300000.0
2018-02-27,MO,Manufacturing,64982087902.384186,0.11392991065228461,0.4672740068814514,0.157381831365021,0.6395759717314488,0000764180-18-000028,10-K,2017-12-31,34.17844772338867,1901259192.0
2018-02-27,MRK,Manufacturing,109507927105.05676,0.07336808084486526,0.05258007697827647,0.022080593286002797,1.330503921779306,0000310158-18-000005,10-K,2017-12-31,40.1947021484375,2724436835.0
2018-02-28,NVDA,Manufacturing,3623513895.03479,0.3115381193843964,0.5993411570928556,0.8408964580417996,8.026886383347788,0001045810-18-000010,10-K,2018-01-28,5.979395866394043,606000000.0
2018-02-28,XOM,Manufacturing,221947250976.5625,0.08622533991413601,0.0836896298732512,0.08942665391289725,0.8158764778175901,0000034088-18-000015,10-K,2017-12-31,52.3583984375,4239000000.0
2018-03-09,CRM,Services,88604577425.07935,0.13031845802259345,0.9183156211927954,0.0014387292813149584,0.917158249780493,0001108524-18-000011,10-K,2018-01-31,125.24323272705078,707460000.0
2018-03-22,HD,Retail,165729279052.73438,0.2701834759370298,0.3404820423372711,0.052072874807196676,1.1691367173027047,0000354950-18-000019,10-K,2018-01-28,143.1168212890625,1158000000.0
2018-03-30,WMT,Retail,77451390781.77103,0.13855233177848839,0.021225953634916826,0.13586586236585302,0.7598476840590416,0000104169-18-000028,10-K,2018-01-31,26.144975662231445,2962381445.0
2018-07-25,NKE,Manufacturing,58993195536.94676,0.21987042953496627,0.43838777921257244,0.03276649081993506,2.505629139072848,0000320187-18-000142,10-K,2018-05-31,68.96952819824219,855351589.0
2018-08-03,MSFT,Services,766333893218.9941,0.16953578934355298,0.652473722363175,0.021623733657914212,2.900800164136233,0001564590-18-019062,10-K,2018-06-30,99.82205200195312,7677000000.0
2018-08-07,PG,Manufacturing,170034077154.7493,0.1256613980221452,0.1475490782858511,0.057994257180726365,0.8258667705492793,0000080424-18-000055,10-K,2018-06-30,67.6187515258789,2514599476.0
2018-09-06,CSCO,Manufacturing,173265781860.35156,0.12562509192528312,0.6204338130954794,0.0006348628033702442,2.287294248196782,0000858877-18-000011,10-K,2018-07-28,37.55218505859375,4614000000.0
2018-11-05,AAPL,Manufacturing,226643310303.03192,0.2117273907990977,0.38343718820007905,0.26266383031735846,1.1238426916297297,0000320193-18-000145,10-K,2018-09-29,47.66434860229492,4754986000.0
2018-11-16,V,Finance Real Estate,62392676676.11331,0.18364752618273744,0.49983017128439033,0.16509950444141916,1.6113224237063246,0001403161-18-000055,10-K,2018-09-30,132.9538116455078,469280842.0
2018-11-21,DIS,Services,159779283568.61456,0.1449826568490233,0.21984049533936803,0.08177530721239605,0.9420492721164614,0001001039-18-000187,10-K,2018-09-29,107.43323516845705,1487242596.0
2018-12-13,HPQ,Manufacturing,26590702972.41211,0.13078389463347004,0.09110343412231496,0.200333176807201,0.8510206517846485,0000047217-18-000052,10-K,2018-10-31,17.04532241821289,1560000000.0
2019-02-01,AMZN,Retail,39923946769.714355,0.18889257783680094,0.023749715527272883,0.2523047147142579,1.098112324721089,0001018724-19-000004,10-K,2018-12-31,81.3115005493164,491000000.0
2019-02-01,INTC,Manufacturing,189392299621.58203,0.14757390808280518,0.6173357046070461,0.11116080243001032,1.7314447251293155,0000050863-19-000007,10-K,2018-12-29,41.93806457519531,4516000000.0
2019-02-07,MMM,Manufacturing,74017326917.3457,0.1764109589041096,0.16368075690523423,0.07245600757764192,1.8924627277747101,0001558370-19-000470,10-K,2018-12-31,128.37411499023438,576575168.0
2019-02-07,RTX,Manufacturing,51198795607.32119,0.054660199238512494,0.08502127787552066,0.11043228523116869,1.1318222392246875,0000101829-19-000007,10-K,2018-12-31,63.91985702514648,800984201.0
2019-02-07,UTX,Manufacturing,51198795607.32119,0.054660199238512494,0.08502127787552066,0.11043228523116869,1.1318222392246875,0000101829-19-000007,10-K,2018-12-31,63.91985702514648,800984201.0
2019-02-08,BA,Manufacturing,400274777461.7855,0.13055666800160193,0.19418157366479774,0.02607958479471422,1.0764799607795073,0000012927-19-000010,10-K,2018-12-31,395.4263916015625,1012261159.0
2019-02-08,HON,Manufacturing,91729871777.34375,0.11136690149377737,0.3051528634993541,0.07443594837430526,1.2873599661805115,0000930413-19-000366,10-K,2018-12-31,125.72624969482422,729600000.0
2019-02-11,DWDP,Manufacturing,184206710982.04382,0.02516087858320481,0.24011072728753038,0.021709306781932697,2.0069997976937084,0001666700-19-000006,10-K,2018-12-31,80.29081726074219,2294243816.0
2019-02-12,UNH,Finance Real Estate,222561606445.3125,0.10322491640443829,0.0547277974956574,0.05563403408953416,0.727170215565036,0000731766-19-000005,10-K,2018-12-31,231.8350067138672,960000000.0
2019-02-13,AMGN,Manufacturing,94621263623.04688,0.17007949891592386,0.3534762285762412,0.08871156100218763,2.788997627520759,0000318154-19-000008,10-K,2018-12-31,150.28790283203125,629600000.0
2019-02-13,AXP,Finance Real Estate,82594325637.8174,0.055540238173508234,0.24878680038822387,0.08379510270898183,,0000004962-19-000018,10-K,2018-12-31,97.5139617919922,847000000.0
2019-02-14,CAT,Manufacturing,65535207393.64623,0.06380160236406017,0.11234969482109572,0.093812169740628,1.3680275001771918,0000018230-19-000034,10-K,2018-12-31,113.87525177001952,575500000.0
2019-02-14,TRV,Finance Real Estate,28565087847.900394,0.04202124087381156,0.08331682187438082,0.08832460146575208,,0000086312-19-000009,10-K,2018-12-31,108.3652801513672,263600000.0
2019-02-15,AIG,Finance Real Estate,30215476409.961147,0.00012398777196006373,0.0012872185528287154,0.0020188329706391822,,0000005272-19-000023,10-K,2018-12-31,34.86631393432617,866609429.0
2019-02-15,VZ,Transportation Utilities,149380863894.92664,0.12966480257071544,0.12256329138106264,0.10736984364531263,0.9131558133403638,0000732712-19-000012,10-K,2018-12-31,36.152061462402344,4132015101.0
2019-02-20,JNJ,Manufacturing,297104400664.9087,0.1451482144958615,0.6679251296257707,0.051486951946069726,1.4739993595901377,0000200406-19-000009,10-K,2018-12-30,110.77809143066406,2681977969.0
2019-02-20,T,Transportation Utilities,100961642641.0675,0.0819796038084924,0.1168509452083675,0.19762951035707346,0.7983079788885439,0001193125-19-045608,10-K,2018-12-31,13.87216854095459,7278000000.0
2019-02-21,AA,Manufacturing,13610297948.5454,0.011608623548922056,0.04581133152561724,0.04717016500499269,1.8696022727272728,0000004281-19-000031,10-K,2018-12-31,28.162885665893555,483270717.0
2019-02-21,KO,Manufacturing,155321108571.9052,0.08796385310517209,0.630524861878453,0.04169426847093333,1.048283885980221,0000021344-19-000014,10-K,2018-12-31,36.49021530151367,4256513898.0
2019-02-21,NVDA,Manufacturing,2337430057.525635,0.2815979536563346,0.6120689655172413,1.7716038119162354,7.943566591422122,0001045810-19-000023,10-K,2019-01-27,3.857145309448242,606000000.0
2019-02-22,C,Finance Real Estate,122103701153.74612,0.009429519297918047,0.24816756801273782,0.14807085968045047,,0000831001-19-000027,10-K,2018-12-31,49.99871444702149,2442136813.0
2019-02-22,CVX,Manufacturing,166268917006.4921,0.12060835962704293,0.08933563385616121,0.08937328917238199,1.2521070258731737,0000093410-19-000008,10-K,2018-12-31,87.01651000976562,1910774369.0
2019-02-22,MCD,Retail,118538190699.74136,0.2123268883795777,0.2817713981317657,0.049977985702568395,1.3631074491340172,0000063908-19-000010,10-K,2018-12-31,153.76393127441406,770910250.0
2019-02-22,SHW,Manufacturing,12796294236.459045,0.10158208731042336,0.4230839180807794,0.08664586633534688,1.0108754656800412,0000089800-19-000004,10-K,2018-12-31,137.42202758789062,93116762.0
2019-02-26,BAC,Finance Real Estate,236428960825.29166,0.0167848301151791,0.30847041546571397,0.11905055921131052,,0000070858-19-000012,10-K,2018-12-31,24.45154190063477,9669286370.0
2019-02-26,GE,Manufacturing,446682340171.7148,0.013735366141643134,-0.18454138058627637,-0.050243759337726235,,0000040545-19-000014,10-K,2018-12-31,51.32965850830078,8702227000.0
2019-02-26,GS,Finance Real Estate,61546508865.9261,0.021915741213742065,,0.16993652755811142,,0001193125-19-050198,10-K,2018-12-31,167.36329650878906,367741973.0
2019-02-26,IBM,Manufacturing,87753573280.06946,0.12357556207550534,0.46407257101933636,0.0994603373260277,1.2856358071520129,0001047469-19-000712,10-K,2018-12-31,98.32559967041016,892479411.0
2019-02-26,JPM,Finance Real Estate,281760237350.46387,0.005409657537067231,0.2978473617111044,0.11525401989070456,,0000019617-19-000054,10-K,2018-12-31,86.01264953613281,3275800000.0
2019-02-26,MO,Manufacturing,54927393912.58415,0.15081419173945865,0.4831256899542659,0.12684017033627776,0.20284999764073042,0000764180-19-000023,10-K,2018-12-31,29.309341430664062,1874057595.0
2019-02-27,MRK,Manufacturing,158713304744.5736,0.1321683991432409,0.14642738922778645,0.03902004315244238,1.16522561469873,0000310158-19-000014,10-K,2018-12-31,61.03474044799805,2600376500.0
2019-02-27,XOM,Manufacturing,242624335166.93115,0.10402777617303492,0.0766865235633583,0.08828875300271037,0.8395988659036018,0000034088-19-000010,10-K,2018-12-31,57.26323699951172,4237000000.0
2019-02-28,PFE,Manufacturing,168428946264.17645,0.09927738956982098,0.20854847428560777,0.06642563673379462,1.5671416912549438,0000078003-19-000015,10-K,2018-12-31,29.137563705444336,5780474578.0
2019-03-08,CRM,Services,117365724945.06836,0.1105508019650584,0.740174672489083,0.009457616357071218,0.9491781430475345,0001108524-19-000009,10-K,2019-01-31,152.4230194091797,770000000.0
2019-03-28,HD,Retail,175648193969.72656,0.2962979796832034,0.34342855558533497,0.06331405833820719,1.1084589614740368,0000354950-19-000010,10-K,2019-02-03,158.9576416015625,1105000000.0
2019-03-28,WMT,Retail,84843697809.08765,0.12655555302218474,0.013955929666313508,0.08461441669072389,0.7989080630380629,0000104169-19-000016,10-K,2019-01-31,29.20347785949707,2905260059.0
2019-07-23,NKE,Manufacturing,67005029649.019104,0.2488931989712021,0.4467111486054657,0.06012981444981692,2.1008136282735825,0000320187-19-000051,10-K,2019-05-31,78.33624267578125,855351589.0
2019-08-01,MSFT,Services,990761894073.4863,0.18211100099108027,0.6590195720063889,0.039605883345660356,2.5288389513108616,0001564590-19-027952,10-K,2019-06-30,129.62997436523438,7643000000.0
2019-08-06,PG,Manufacturing,241146092864.18494,0.13242973196055433,0.05859582766975947,0.016446461781297352,0.7488254306754191,0000080424-19-000050,10-K,2019-06-30,96.37133026123048,2502259668.0
2019-09-05,CSCO,Manufacturing,167927058219.90967,0.16188275234423732,0.6293541923551171,0.0692026652713803,1.5058968213925328,0000858877-19-000012,10-K,2019-07-27,39.51224899291992,4250000000.0
2019-10-31,AAPL,Manufacturing,265394619842.84973,0.20498587954483688,0.3781776810903472,0.20820316565844169,1.540125617208044,0000320193-19-000119,10-K,2019-09-28,59.73003005981445,4443236000.0
2019-11-14,V,Finance Real Estate,80518269683.52222,0.17615123873563535,0.5257431344387866,0.1500280625438245,1.563175549757734,0001403161-19-000050,10-K,2019-09-30,171.5780029296875,469280842.0
2019-11-20,DIS,Services,255092350842.83527,0.05971626525899043,0.16650855253701308,0.045411004923220956,0.8973549025238505,0001744489-19-000225,10-K,2019-09-28,141.60948181152344,1801379029.0
2019-12-12,HPQ,Manufacturing,23556808067.321777,0.13906235993665403,0.053645585131731226,0.13380420602791612,0.7977305973984897,0000047217-19-000071,10-K,2019-10-31,16.156932830810547,1458000000.0
2020-01-24,INTC,Manufacturing,259102439918.51807,0.24277782660924085,0.5855624261793928,0.08123427940940706,1.4002241147467502,0000050863-20-000011,10-K,2019-12-28,60.3968391418457,4290000000.0
2020-01-31,AMZN,Retail,50017126510.62012,0.17098487000994458,0.01971681365454403,0.23168064238035593,1.0970482394205803,0001018724-20-000004,10-K,2019-12-31,100.43599700927734,498000000.0
2020-01-31,BA,Manufacturing,320266851583.3341,-0.018304957904583724,0.05833409527292676,-0.002113862226618365,1.050528197961197,0000012927-20-000014,10-K,2019-12-31,316.3875732421875,1012261159.0
2020-02-06,MMM,Manufacturing,62214130967.95063,0.15831075483105309,0.1425815285038586,0.07364886286622567,1.406527868141401,0001558370-20-000581,10-K,2019-12-31,108.1637191772461,575184835.0
2020-02-06,RTX,Manufacturing,73009512411.54037,0.05250651321251682,0.07720063338784622,0.08146883609456648,1.0841670039900537,0000101829-20-000013,10-K,2019-12-31,84.57331085205078,863268940.0
2020-02-06,UTX,Manufacturing,73009512411.54037,0.05250651321251682,0.07720063338784622,0.08146883609456648,1.0841670039900537,0000101829-20-000013,10-K,2019-12-31,84.57331085205078,863268940.0
2020-02-07,DOW,Manufacturing,24950489759.962578,0.09797766175401494,0.1465390794160788,-0.05098096318899304,1.574585635359116,0001751788-20-000007,10-K,2019-12-31,33.64885711669922,741495905.0
2020-02-12,AMGN,Manufacturing,110008341162.10938,0.15324836283852813,0.3356733156407842,0.07128550360053108,1.436696532917803,0000318154-20-000017,10-K,2019-12-31,186.013427734375,591400000.0
2020-02-13,AXP,Finance Real Estate,100125694885.2539,0.06873704751387902,0.24002983060478,0.06750514947982086,,0000004962-20-000030,10-K,2019-12-31,123.61196899414062,810000000.0
2020-02-13,TRV,Finance Real Estate,30547275283.813477,0.047265759793683366,0.08302460340077895,0.08583416935353828,,0000086312-20-000011,10-K,2019-12-31,119.55880737304688,255500000.0
2020-02-14,DWDP,Manufacturing,43375837589.855194,0.06817395815320768,0.9596504276682781,0.013832585912769299,1.198058950395399,0001666700-20-000006,10-K,2019-12-31,58.72988510131836,738565000.0
2020-02-14,HON,Manufacturing,110988858219.90967,0.11753779035089214,0.3369745838895094,0.05613176043000716,1.342855564150735,0000773840-20-000009,10-K,2019-12-31,156.0805206298828,711100000.0
2020-02-14,UNH,Finance Real Estate,253420234863.28125,0.10617692896042878,0.05880118106171667,0.05618730488384978,0.6900715418730374,0000731766-20-000006,10-K,2019-12-31,267.3209228515625,948000000.0
2020-02-18,JNJ,Manufacturing,327891920817.8283,0.1484581050923108,0.6641928368612827,0.046109705790524445,1.2588699810922033,0000200406-20-000010,10-K,2019-12-29,124.58503723144533,2631872399.0
2020-02-19,BAC,Finance Real Estate,261938387150.6699,0.025380030804259025,0.3006225066853711,0.1047192826465025,,0000070858-20-000011,10-K,2019-12-31,29.643953323364254,8836148954.0
2020-02-19,CAT,Manufacturing,66516294706.726074,0.08810370540323506,0.11327137546468402,0.09161664862525452,1.4722587430975547,0000018230-20-000056,10-K,2019-12-31,120.91673278808594,550100000.0
2020-02-20,NVDA,Manufacturing,4696378143.310547,0.2749639041293676,0.619893753434695,0.5953524002283721,7.673766816143497,0001045810-20-000010,10-K,2020-01-26,7.673820495605469,612000000.0
2020-02-20,T,Transportation Utilities,136950553264.61792,0.0882195664429214,0.08264668061128189,0.1093460350690594,0.7946626808492113,0001562762-20-000064,10-K,2019-12-31,18.747509002685547,7305000000.0
2020-02-21,AIG,Finance Real Estate,35726840891.54561,-0.0017674035927048894,0.0838057331242713,0.11669097787446836,,0001104659-20-023889,10-K,2019-12-31,41.06538009643555,869999031.0
2020-02-21,C,Finance Real Estate,133735086621.78284,0.009977152029717737,0.26205476132784106,0.14556389420118868,,0000831001-20-000031,10-K,2019-12-31,61.256622314453125,2183193940.0
2020-02-21,CVX,Manufacturing,156588877329.65506,0.1150411914348771,0.019417674520188923,0.018168595678801826,1.0678100263852244,0000093410-20-000010,10-K,2019-12-31,82.81304168701172,1890872188.0
2020-02-21,GS,Finance Real Estate,68792898062.0476,0.02403702838359343,,0.12306502907268291,,0001193125-20-043853,10-K,2019-12-31,198.05455017089844,347343184.0
2020-02-21,SHW,Manufacturing,16616216060.10254,0.1132551399771665,0.44892407043260635,0.0927587842156699,1.02428182843495,0000089800-20-000005,10-K,2019-12-31,180.3271484375,92144839.0
2020-02-21,VZ,Transportation Utilities,164429859336.00052,0.12253236759024705,0.15005915005915005,0.12034310605085816,0.8351832040652581,0000732712-20-000014,10-K,2019-12-31,39.757843017578125,4135784209.0
2020-02-24,GE,Manufacturing,501037139377.96783,0.032971493865768586,-0.05158905203016363,-0.009803664467065645,,0000040545-20-000009,10-K,2019-12-31,57.33717727661133,8738434000.0
2020-02-24,KO,Manufacturing,206280140802.53268,0.12121878653870642,0.6077121236515859,0.043557271024946304,0.7567196826456086,0000021344-20-000006,10-K,2019-12-31,48.14577102661133,4284491377.0
2020-02-25,IBM,Manufacturing,92600377001.1446,0.09705229127515015,0.47296719250262487,0.10184623762259008,1.019071112172091,0001558370-20-001334,10-K,2019-12-31,104.38426971435548,887110455.0
2020-02-25,JPM,Finance Real Estate,327471850158.69147,0.002249775710832004,0.31507346899945515,0.11124925694329357,,0000019617-20-000257,10-K,2019-12-31,106.1841278076172,3084000000.0
2020-02-25,MO,Manufacturing,47407688166.250015,0.1590590814069128,0.5062126642771804,-0.027379525351418812,0.5901639344262295,0000764180-20-000018,10-K,2019-12-31,25.51569366455078,1857981554.0
2020-02-26,MCD,Retail,136029113772.24323,0.17095270969968934,0.2858823808507105,0.04429492946699976,0.9825738746202707,0000063908-20-000022,10-K,2019-12-31,180.62716674804688,753093326.0
2020-02-26,MRK,Manufacturing,158280226235.4095,0.1592473666125573,0.20873185311699402,0.061770192225140685,1.2368586858685868,0000310158-20-000005,10-K,2019-12-31,62.168582916259766,2545984142.0
2020-02-26,XOM,Manufacturing,170017879974.36523,0.08195324285639428,0.055763990065600254,0.08689674287332355,0.7821969400990795,0000034088-20-000016,10-K,2019-12-31,40.15538024902344,4234000000.0
2020-02-27,AA,Manufacturing,5547107926.591152,0.023097053134600067,0.033117249154453215,0.08472883639904726,1.4158991759573436,0000004281-20-000038,10-K,2019-12-31,12.81515884399414,432855183.0
2020-02-27,PFE,Manufacturing,131745917309.82123,0.075157174501012,0.3150144927536232,0.12373817976964922,0.8793426978340124,0000078003-20-000014,10-K,2019-12-31,23.806108474731445,5534122364.0
2020-03-05,CRM,Services,148877159408.56934,0.07856546820012335,0.752310211720669,0.000846335331091409,1.0753115527113506,0001108524-20-000014,10-K,2020-01-31,166.7157440185547,893000000.0
2020-03-20,WMT,Retail,99095215879.97452,0.10678872703439819,0.029011535143635823,0.15339792002079758,0.7945237177015041,0000104169-20-000011,10-K,2020-01-31,34.927425384521484,2837174936.0
2020-03-25,HD,Retail,168054119613.64746,0.26783901943945665,0.3408664096166931,0.06689511703637553,1.078095238095238,0000354950-20-000015,10-K,2020-02-02,156.0391082763672,1077000000.0
2020-07-24,NKE,Manufacturing,76869353315.84775,0.0792865803075745,0.43421650669732376,0.03303006842749837,2.4814099468855626,0000320187-20-000047,10-K,2020-05-31,89.86872100830078,855351589.0
2020-07-30,MSFT,Services,1467302104995.7275,0.2013700130430021,0.6778100199279796,0.030178515964256,2.5157654542940118,0001564590-20-034944,10-K,2020-06-30,193.8055877685547,7571000000.0
2020-08-06,PG,Manufacturing,284135727309.3324,0.14418392709196354,0.18467935165609584,0.046115284846720624,0.8487081513828238,0000080424-20-000053,10-K,2020-06-30,114.77251434326172,2475642613.0
2020-08-07,PG,Manufacturing,285934134192.8728,0.14418392709196354,0.18467935165609584,0.04582523886833867,0.8487081513828238,0000080424-20-000059,10-K/A,2020-06-30,115.49895477294922,2475642613.0
2020-09-03,CSCO,Manufacturing,146212122970.58105,0.16263059681823452,0.6426441654327498,0.07669678664235208,1.7201452765386285,0000858877-20-000010,10-K,2020-07-25,34.50840759277344,4237000000.0
2020-10-30,AAPL,Manufacturing,1792599138945.6482,0.24907992886429878,0.38233247727810865,0.03202668056270929,1.3636044481554577,0000320193-20-000096,10-K,2020-09-26,105.59133911132812,16976763000.0
2020-11-19,V,Finance Real Estate,93552434795.94856,0.12901790679568456,0.49739082669596263,0.11614876751952338,1.9052377670572018,0001403161-20-000070,10-K,2020-09-30,199.3527679443359,469280842.0
2020-11-25,DIS,Services,261214957950.08514,-0.012274930662022634,-0.03783568850553618,-0.009471126842869198,1.3238320564818988,0001744489-20-000197,10-K,2020-10-03,144.55218505859375,1807063365.0
2020-12-10,HPQ,Manufacturing,24782061264.038086,0.12444854531299558,0.05021275093133706,0.11476042971966197,0.787490465293669,0000047217-20-000045,10-K,2020-10-31,19.004648208618164,1304000000.0
2021-01-22,INTC,Manufacturing,208064089897.15576,0.2311305040792731,0.5600832188218372,0.10044501196881303,1.908742021491476,0000050863-21-000010,10-K,2020-12-26,51.22208023071289,4062000000.0
2021-02-01,BA,Manufacturing,198241221671.54895,-0.12101014881421886,-0.0977509542969153,-0.06023469740205773,1.393698441796517,0000012927-21-000011,10-K,2020-12-31,195.83999633789065,1012261159.0
2021-02-03,AMZN,Retail,83310127166.74805,0.20568190662992886,0.014326640142567036,0.2560433014020646,1.0502274795268425,0001018724-21-000004,10-K,2020-12-31,165.62649536132812,503000000.0
2021-02-04,MMM,Manufacturing,70473012390.9616,0.17136279148360933,0.1674123788217748,0.0764547990386605,1.885002516356316,0001558370-21-000737,10-K,2020-12-31,121.97846221923828,577749638.0
2021-02-05,DOW,Manufacturing,31644304320.481247,0.10128517976248577,0.1348139691764828,0.04089203500556908,1.7180410514944184,0001751788-21-000010,10-K,2020-12-31,42.661582946777344,741751762.0
2021-02-08,RTX,Manufacturing,97428812678.48561,0.045241222795754626,-0.05822892183717108,-0.03381956435077862,1.2099977683552778,0000101829-21-000008,10-K,2020-12-31,64.1520767211914,1518716426.0
2021-02-09,AMGN,Manufacturing,115244285105.896,0.16675668805998603,0.2857142857142857,0.0630313250962964,1.814468377241912,0000318154-21-000010,10-K,2020-12-31,199.28114318847656,578300000.0
2021-02-11,TRV,Finance Real Estate,33147056994.628906,0.055830564214997776,0.0843313217222726,0.08136468949376162,,0000086312-21-000011,10-K,2020-12-31,131.32748413085938,252400000.0
2021-02-12,AXP,Finance Real Estate,97642154159.54588,0.02921611354099714,0.14266860835532902,0.03210703437449214,,0000004962-21-000013,10-K,2020-12-31,121.29460144042967,805000000.0
2021-02-12,DWDP,Manufacturing,59357899597.961426,0.06672402121177931,1.0121096239643084,-0.04924365619063089,2.3147478186848267,0001666700-21-000005,10-K,2020-12-31,80.84660339355469,734204000.0
2021-02-12,GE,Manufacturing,499602137687.7823,0.014192036361914682,0.0696567402253231,0.01110083320633403,1.5768428186698533,0000040545-21-000011,10-K,2020-12-31,56.99646759033203,8765493000.0
2021-02-12,HON,Manufacturing,125303408178.71094,0.0961199021459759,0.32074026411741274,0.03882575957599982,1.4676772412356098,0000773840-21-000015,10-K,2020-12-31,179.82693481445312,696800000.0
2021-02-16,AA,Manufacturing,9244897963.114561,0.0007865070348684785,0.04962920707358814,0.028231788067466172,2.212048192771084,0000004281-21-000049,10-K,2020-12-31,21.35542106628418,432906377.0
2021-02-17,CAT,Manufacturing,100230460064.69727,0.08077983759767121,0.07193158953722334,0.0299609519707044,1.534549130925069,0000018230-21-000063,10-K,2020-12-31,183.80792236328125,545300000.0
2021-02-19,AIG,Finance Real Estate,32325191698.06499,0.0017698783080781816,-0.13327693433327237,-0.18032375660587122,,0001104659-21-025742,10-K,2020-12-31,37.51945877075195,861558049.0
2021-02-19,SHW,Manufacturing,20381642968.75,0.1670751313622461,0.4728647129623074,0.09961905441642244,0.9993470311683789,0000089800-21-000010,10-K,2020-12-31,227.47369384765625,89600000.0
2021-02-22,GS,Finance Real Estate,95890412346.21887,-0.011803671106800525,,0.09864385571570634,,0001193125-21-049380,10-K,2020-12-31,278.6793212890625,344088725.0
2021-02-22,JNJ,Manufacturing,367927523608.4509,0.13457294132445938,0.6557807807807807,0.03999157186092624,1.205775068834867,0000200406-21-000008,10-K,2021-01-03,139.7612762451172,2632542672.0
2021-02-23,IBM,Manufacturing,83774732473.32143,0.11666912438850811,0.4832246672099973,0.06672656342746507,0.9823421706087436,0001558370-21-001489,10-K,2020-12-31,93.84911346435548,892653424.0
2021-02-23,JPM,Finance Real Estate,400581562881.4697,-0.02359962328019702,0.24368637226771955,0.07272176929575695,,0000019617-21-000236,10-K,2020-12-31,131.3640594482422,3049400000.0
2021-02-23,MCD,Retail,138746144301.79633,0.11904960970456117,0.24628015701954414,0.034094641143399,1.0100304148061865,0000063908-21-000013,10-K,2020-12-31,186.2086944580078,745110988.0
2021-02-24,BAC,Finance Real Estate,275911598295.0563,0.013474477297883727,0.20921803386025628,0.064854105846121,,0000070858-21-000023,10-K,2020-12-31,31.8942928314209,8650814105.0
2021-02-25,CVX,Manufacturing,153789013475.0633,0.04410942908378164,-0.05872724200566046,-0.03615993024691396,1.175584907361493,0000093410-21-000009,10-K,2020-12-31,82.35799407958984,1867323448.0
2021-02-25,KO,Manufacturing,183044462061.12134,0.1127657624633431,0.5931120130853578,0.04243777666109421,1.317717964522978,0000021344-21-000008,10-K,2020-12-31,42.59389114379883,4297434612.0
2021-02-25,MRK,Manufacturing,151482820007.58588,0.11194697995370573,0.14756011168062674,0.04675117613763297,1.0159915102279797,0000310158-21-000004,10-K,2020-12-31,59.873817443847656,2530034437.0
2021-02-25,PFE,Manufacturing,144069198115.8876,0.09338710618625551,0.23031402118927174,0.06699558355448083,1.3528935185185185,0000078003-21-000038,10-K,2020-12-31,25.919200897216797,5558396599.0
2021-02-25,T,Transportation Utilities,108772038295.74585,0.08203347148228948,-0.022246157428970657,-0.03512851335571085,0.819824080204294,0000732717-21-000012,10-K,2020-12-31,15.264108657836914,7126000000.0
2021-02-25,VZ,Transportation Utilities,166750992813.44455,0.13197632717287924,0.14301749134786268,0.11003232838635708,1.3765506807866867,0000732712-21-000012,10-K,2020-12-31,40.29656600952149,4138094367.0
2021-02-26,C,Finance Real Estate,114565894239.78305,-0.009123972939130743,0.14922339766884707,0.09677400131661552,,0000831001-21-000042,10-K,2020-12-31,55.02791213989258,2081959678.0
2021-02-26,MO,Manufacturing,53183282664.30599,0.17684650103345004,0.4979543455817688,0.08374812115517093,0.785280812093126,0000764180-21-000037,10-K,2020-12-31,28.61748504638672,1858419165.0
2021-02-26,NVDA,Manufacturing,8468817348.480226,0.20221597026848667,0.623448275862069,0.5115236073402151,4.090445859872611,0001045810-21-000010,10-K,2021-01-31,13.659382820129396,620000000.0
2021-03-01,UNH,Finance Real Estate,287907166625.97656,0.11239349380857523,0.061324331786840686,0.054771127043480944,0.7417564208782105,0000731766-21-000013,10-K,2020-12-31,304.34161376953125,946000000.0
2021-03-17,CRM,Services,192526475448.60837,0.07241218081175246,0.7441182006399397,0.021150337845804227,1.2347134476534296,0001108524-22-000008,10-K,2021-01-31,209.49562072753903,919000000.0
2021-03-19,WMT,Retail,116105424590.93945,0.14286959001330715,0.02451216218874687,0.11804788663655237,0.9721733498839656,0000104169-21-000033,10-K,2021-01-31,41.03700637817383,2829285926.0
2021-03-24,HD,Retail,276944068542.48047,0.2669131919355067,0.33951252743925514,0.046457033969754376,1.2292583959250627,0000354950-21-000089,10-K,2021-01-31,257.14398193359375,1077000000.0
2021-07-20,NKE,Manufacturing,125785588038.62718,0.17639109697933228,0.44820153576721,0.045529858303332095,2.717696919578251,0000320187-21-000028,10-K,2021-05-31,147.0571746826172,855351589.0
2021-07-29,MSFT,Services,2067371629028.3203,0.2299126068446487,0.689258007710247,0.02963714851247998,2.0799936835218875,0001564590-21-039151,10-K,2021-06-30,274.9530029296875,7519000000.0
2021-08-06,PG,Manufacturing,306743981775.2272,0.1539809064011332,0.18854935757639454,0.04678820401606678,0.6969395146685984,0000080424-21-000100,10-K,2021-06-30,125.29199981689452,2448232786.0
2021-09-09,CSCO,Manufacturing,214875666236.87744,0.1585074412546027,0.6402103657312618,0.04928896875798191,1.4895837300529382,0000858877-21-000013,10-K,2021-07-31,50.954627990722656,4217000000.0
2021-10-29,AAPL,Manufacturing,2402197880592.407,0.2964028694993191,0.4177935962516778,0.03941390539261109,1.0745531195957954,0000320193-21-000105,10-K,2021-09-25,146.23663330078125,16426786000.0
2021-11-18,V,Finance Real Estate,92204383759.06448,0.18368799459563792,0.5107239161999585,0.13351859746895953,1.754050447931889,0001403161-21-000060,10-K,2021-09-30,196.4801788330078,469280842.0
2021-11-24,DIS,Services,266633715218.54095,0.012312815248834777,0.03718591474087039,0.009402411836572085,1.0830195964861473,0001744489-21-000220,10-K,2021-10-02,146.73370361328125,1817126595.0
2021-12-09,HPQ,Manufacturing,33236454483.032227,0.165993265993266,0.10243041882590137,0.1956586555680869,0.7619604069287874,0000047217-21-000060,10-K,2021-10-31,30.43631362915039,1092000000.0
2022-01-27,INTC,Manufacturing,181378597335.81543,0.17808747906844175,0.5544518121077141,0.10953883364317328,2.1017405869929355,0000050863-22-000007,10-K,2021-12-25,44.56476593017578,4070000000.0
2022-01-31,BA,Manufacturing,202695180038.67664,-0.024655003175702985,0.04843785120251742,-0.02116478546347978,1.325324421894819,0000012927-22-000010,10-K,2021-12-31,200.2400054931641,1012261159.0
2022-02-04,AMZN,Retail,80238503387.45117,0.11015838820208822,0.01177254364418865,0.41581034779392373,1.1357597739445826,0001018724-22-000005,10-K,2021-12-31,157.63949584960938,509000000.0
2022-02-04,DOW,Manufacturing,34913381173.72128,0.11127163041752659,0.09452772522194731,0.18345401633059064,1.5762891274761832,0001751788-22-000011,10-K,2021-12-31,47.20484161376953,739614412.0
2022-02-09,MMM,Manufacturing,66497249830.955,0.15835316111488784,0.16769905246782632,0.08916158209658774,1.704814609850581,0000066740-22-000010,10-K,2021-12-31,116.28534698486328,571845478.0
2022-02-11,AXP,Finance Real Estate,138047160369.87305,0.07767252901118017,0.29080675422138835,0.0583858442173287,,0000004962-22-000008,10-K,2021-12-31,181.40231323242188,761000000.0
2022-02-11,DWDP,Manufacturing,47207077890.86421,0.04990482858205526,1.239656518345043,0.138008965839015,1.8923040825903332,0001666700-22-000009,10-K,2021-12-31,91.1150894165039,518103842.0
2022-02-11,GE,Manufacturing,64840513531.40396,0.016754326860223056,-0.08883228206372311,-0.10164941085495577,1.2770773583816142,0000040545-22-000008,10-K,2021-12-31,58.99809646606445,1099027213.0
2022-02-11,HON,Manufacturing,115048688378.90625,0.0936559640142702,0.30437311002558737,0.04876196399148669,1.3005946278449867,0000773840-22-000018,10-K,2021-12-31,168.0033416748047,684800000.0
2022-02-11,RTX,Manufacturing,129257741304.4168,0.04545116601819038,0.06386283158352488,0.03181240797265495,1.1862111766199328,0000101829-22-000005,10-K,2021-12-31,86.35733795166016,1496777742.0
2022-02-11,VZ,Transportation Utilities,164799130382.9264,0.10785442285240428,0.1692799353356335,0.1372458698504351,0.7787955894826124,0000732712-22-000008,10-K,2021-12-31,39.80497741699219,4140163896.0
2022-02-14,AA,Manufacturing,29718788330.812683,0.043937762990507875,0.051890587288817375,0.008681376815504403,2.184357541899441,0000004281-22-000004,10-K,2021-12-31,70.4751205444336,421691912.0
2022-02-15,UNH,Finance Real Estate,415012244140.625,0.10528920011686757,0.061655719635462125,0.04272645024418025,0.7888162264343739,0000731766-22-000008,10-K,2021-12-31,441.033203125,941000000.0
2022-02-16,AMGN,Manufacturing,108845200584.41164,0.15141012016676203,0.2268370607028754,0.054141110203842754,1.5910210111621799,0000318154-22-000010,10-K,2021-12-31,194.9582672119141,558300000.0
2022-02-16,CAT,Manufacturing,101179352642.82227,0.08693971712584397,0.12738616075807813,0.06417317200003471,1.455925218614936,0000018230-22-000050,10-K,2021-12-31,188.80267333984375,535900000.0
2022-02-16,T,Transportation Utilities,100615356292.72462,0.07606114331915696,0.12719703429979154,0.21347635978657387,0.7009978034303874,0000732717-22-000015,10-K,2021-12-31,14.089813232421877,7141000000.0
2022-02-17,AIG,Finance Real Estate,45380053147.95581,0.010533255495611562,0.19061797644889256,0.218664353865945,,0001104659-22-024701,10-K,2021-12-31,55.43025970458984,818687363.0
2022-02-17,JNJ,Manufacturing,384874742527.9721,0.12861365359469942,0.6816315649160224,0.054246220115321334,1.3483173395834254,0000200406-22-000022,10-K,2022-01-02,146.1958465576172,2632596969.0
2022-02-17,SHW,Manufacturing,66940803338.62305,0.10860950224273831,0.4283214504176569,0.027851473346814336,0.8835912230090043,0000089800-22-000007,10-K,2021-12-31,256.37994384765625,261100000.0
2022-02-17,TRV,Finance Real Estate,37760795562.74414,0.060382182524529746,0.10518152573529412,0.09697888896210205,,0000086312-22-000013,10-K,2021-12-31,156.5538787841797,241200000.0
2022-02-22,BAC,Finance Real Estate,328859234902.8492,-0.0022694467099648365,0.35884775509746053,0.09723917289245919,,0000070858-22-000062,10-K,2021-12-31,40.711326599121094,8077831463.0
2022-02-22,IBM,Manufacturing,94934406077.17438,0.09693865955560943,0.5490148212728858,0.06049440068473576,0.8786400547309557,0001558370-22-001584,10-K,2021-12-31,105.70952606201172,898068600.0
2022-02-22,JPM,Finance Real Estate,399298548997.49756,0.020858181515116467,0.3973234469662718,0.12104727182543033,,0000019617-22-000272,10-K,2021-12-31,135.62669372558594,2944100000.0
2022-02-22,KO,Manufacturing,235590377948.5417,0.13380460817771372,0.6027163368257664,0.04161460279223041,1.130075187969925,0000021344-22-000009,10-K,2021-12-31,54.54212951660156,4319420236.0
2022-02-24,CVX,Manufacturing,219347029193.24228,0.12184858162690212,0.09656849167513003,0.07152592883388526,1.2593034974431712,0000093410-22-000019,10-K,2021-12-31,113.7877426147461,1927685919.0
2022-02-24,MCD,Retail,165033934577.06018,0.16974503428695573,0.32490343583273407,0.04571908207446196,1.7782338308457712,0000063908-22-000011,10-K,2021-12-31,220.8563995361328,747245427.0
2022-02-24,PFE,Manufacturing,204772594421.73367,0.17952787145407656,0.27095020175179607,0.10755833837138884,1.3989126104380023,0000078003-22-000027,10-K,2021-12-31,36.48271179199219,5612866598.0
2022-02-25,GS,Finance Real Estate,104517627729.77277,0.0006291035172419446,,0.20699857497662166,,0001193125-22-052682,10-K,2021-12-31,313.3273620605469,333573254.0
2022-02-25,MO,Manufacturing,66187762429.64813,0.2126609822128887,0.5378849037019952,0.03739361944182221,0.7090569996503089,0000764180-22-000019,10-K,2021-12-31,36.303558349609375,1823175618.0
2022-02-25,MRK,Manufacturing,167995179123.80566,0.09700645258955097,0.26792460578186594,0.07767484798110436,1.2678451742627346,0000310158-22-000003,10-K,2021-12-31,66.50788116455078,2525943936.0
2022-02-28,C,Finance Real Estate,101101036345.99432,0.02672979510895679,0.30639641644872295,0.2178513771572495,,0000831001-22-000036,10-K,2021-12-31,50.95132064819336,1984267239.0
2022-03-11,CRM,Services,192394575347.9004,0.06301925238160258,0.7347878604861845,0.007505409117636842,1.04874242702405,0001108524-22-000013,10-K,2022-01-31,194.53445434570312,989000000.0
2022-03-18,NVDA,Manufacturing,66093713798.52296,0.20612397311426436,0.6492903321691313,0.14754807136012282,6.650288350634371,0001045810-22-000036,10-K,2022-01-30,26.374187469482425,2506000000.0
2022-03-18,WMT,Retail,127628693339.80022,0.09875439026382422,0.024338546740834636,0.10922308796883136,0.9277972968333352,0000104169-22-000012,10-K,2022-01-31,46.01091766357422,2773878458.0
2022-03-23,HD,Retail,294189211120.60547,0.23054983582837107,0.3362861131141793,0.05585860860568115,1.012616317568745,0000354950-22-000070,10-K,2022-01-30,284.24078369140625,1035000000.0
2022-07-21,NKE,Manufacturing,88617529603.0511,0.12866744376379555,0.4598372939413402,0.0682257791103199,2.6293569431500465,0000320187-22-000038,10-K,2022-05-31,103.60363006591795,855351589.0
2022-07-28,MSFT,Services,1996140971923.8281,0.24403848262251945,0.684016744842891,0.03643931016049284,1.7846069708251824,0001564590-22-026876,10-K,2022-06-30,267.4358215332031,7464000000.0
2022-08-05,PG,Manufacturing,315005643106.007,0.14267797419971334,0.1844812750196416,0.046961063472192456,0.6545449049303226,0000080424-22-000064,10-K,2022-06-30,131.2908172607422,2399296841.0
2022-09-08,CSCO,Manufacturing,166812122726.44043,0.14069913406097742,0.6254824757064996,0.07081020136270796,1.4320202808112326,0000858877-22-000013,10-K,2022-07-30,40.586891174316406,4110000000.0
2022-10-28,AAPL,Manufacturing,2437546205316.925,0.3462771612025343,0.43309630561360085,0.04094404437639114,0.8793560286267226,0000320193-22-000108,10-K,2022-09-24,152.88723754882812,15943425000.0
2022-11-16,V,Finance Real Estate,96013352238.75595,0.2204535619466439,0.5103036506311839,0.15578041648630805,1.4484726418261162,0001403161-22-000081,10-K,2022-09-30,204.59678649902344,469280842.0
2022-11-29,DIS,Services,167371160763.41913,0.017212506936566632,0.04237083242668214,0.02094148110112204,1.000859904378633,0001744489-22-000213,10-K,2022-10-01,91.80792999267578,1823057777.0
2022-12-06,HPQ,Manufacturing,23882851295.47119,0.11566071474849042,0.050854992617055395,0.134112965004617,0.7571215539326273,0000047217-22-000068,10-K,2022-10-31,24.370256423950195,980000000.0
2023-01-27,BA,Manufacturing,213759187092.52448,0.02561633843909555,0.052576267115061255,-0.023638750075396,1.2162195176120463,0000012927-23-000007,10-K,2022-12-31,211.1699981689453,1012261159.0
2023-01-27,INTC,Manufacturing,112336355615.61584,0.08474874109707144,0.426079233672725,0.07136603244840853,1.5676255636759446,0000050863-23-000006,10-K,2022-12-31,27.154062271118164,4137000000.0
2023-02-01,DOW,Manufacturing,34745094155.07233,0.12334372885830734,0.09452772522194731,0.13354403298753534,1.807166181272615,0001751788-23-000014,10-K,2022-12-31,49.29221725463867,704879920.0
2023-02-03,AMZN,Retail,1058920373748.7793,0.10104717134057384,0.010761056299527417,-0.002570542665416478,0.9446435811136924,0001018724-23-000004,10-K,2022-12-31,103.38999938964844,10242000000.0
2023-02-07,RTX,Manufacturing,133470004359.44385,0.046177862826065064,0.07913647613084056,0.039769235233597454,1.0851101907245488,0000101829-23-000009,10-K,2022-12-31,90.79216766357422,1470060775.0
2023-02-08,MMM,Manufacturing,46889680493.129196,0.12035302981379829,0.16918402524175408,0.12350265429615291,1.5423711015436312,0000066740-23-000014,10-K,2022-12-31,85.37113952636719,549245105.0
2023-02-09,AMGN,Manufacturing,114775549438.47656,0.14927596320695322,0.24890779926300194,0.05708532899258379,1.414292088990884,0000318154-23-000017,10-K,2022-12-31,214.93548583984375,534000000.0
2023-02-10,AXP,Finance Real Estate,127711548599.24316,0.09230843339726916,0.21958561033344048,0.05883571284206109,,0000004962-23-000006,10-K,2022-12-31,171.88633728027344,743000000.0
2023-02-10,GE,Manufacturing,69398711455.90303,0.03150361045434213,0.0038142511919534976,0.004207570917012503,1.1630814617100111,0000040545-23-000023,10-K,2022-12-31,63.72069549560547,1089107878.0
2023-02-10,HON,Manufacturing,122731775103.75977,0.08468887996788438,0.2951559239835335,0.040470367154722596,1.2529842511786538,0000773840-23-000013,10-K,2022-12-31,183.8402862548828,667600000.0
2023-02-10,VZ,Transportation Utilities,132789820156.8982,0.09782184997892962,0.15893594475097744,0.16377761468690588,0.7545594068286461,0000732712-23-000012,10-K,2022-12-31,31.617998123168945,4199817447.0
2023-02-13,T,Transportation Utilities,113518736865.04364,0.10414965260281045,-0.058430856130063526,-0.06214833070585794,0.589393480853791,0000732717-23-000011,10-K,2022-12-31,15.927983283996582,7127000000.0
2023-02-14,AA,Manufacturing,19384999243.07203,0.07147732813261823,0.08281829419035847,0.02419396535017225,2.120782726045884,0000004281-23-000004,10-K,2022-12-31,47.03326797485352,412155057.0
2023-02-15,CAT,Manufacturing,121836589965.82031,0.09477319600209902,0.1128106752822791,0.05502452097420587,1.3886334083917415,0000018230-23-000011,10-K,2022-12-31,235.980224609375,516300000.0
2023-02-15,DWDP,Manufacturing,44450190364.26022,0.014218353282553501,1.5859260966428517,0.13311529042983605,3.0190195553174393,0001666700-23-000008,10-K,2022-12-31,89.4749984741211,496788948.0
2023-02-16,JNJ,Manufacturing,373504331814.69684,0.11310826244276276,0.6725508989604289,0.04803424879393607,0.9908963836421634,0000200406-23-000016,10-K,2023-01-01,142.8596954345703,2614483607.0
2023-02-16,TRV,Finance Real Estate,39826997914.123535,0.0558690598615588,0.0770523804359614,0.07135862979499552,,0000086312-23-000011,10-K,2022-12-31,171.59413146972656,232100000.0
2023-02-17,AIG,Finance Real Estate,41242533528.90015,0.007988470170934653,0.19978028598260006,0.2733828170885573,,0000005272-23-000007,10-K,2022-12-31,56.18108367919922,734100000.0
2023-02-21,JPM,Finance Real Estate,377953309844.9707,0.029221633922509024,0.29275418625432226,0.09968427056626117,,0000019617-23-000231,10-K,2022-12-31,128.80966186523438,2934200000.0
2023-02-21,KO,Manufacturing,233176229579.23877,0.11877580500846242,0.5814342851827737,0.04104620791437726,1.1453559115798013,0000021344-23-000011,10-K,2022-12-31,53.919647216796875,4324513264.0
2023-02-22,BAC,Finance Real Estate,250732349094.86176,-0.002073491458768588,0.2899210110584518,0.10979038045699117,,0000070858-23-000092,10-K,2022-12-31,31.354171752929688,7996777943.0
2023-02-22,SHW,Manufacturing,55829523733.520515,0.08497388687262104,0.4210186510391035,0.03618336437262342,0.9911084268626168,0000089800-23-000007,10-K,2022-12-31,215.64126586914065,258900000.0
2023-02-23,CVX,Manufacturing,273276624984.42535,0.19247290548642074,0.14459984081347563,0.1303002040589069,1.4716732927970066,0000093410-23-000009,10-K,2022-12-31,141.32766723632812,1933638546.0
2023-02-23,PFE,Manufacturing,194906428802.04453,0.14840901599858017,0.31303697797269014,0.16113886131430954,1.216455455883051,0000078003-23-000024,10-K,2022-12-31,34.722164154052734,5613314537.0
2023-02-24,GS,Finance Real Estate,111931550796.1366,0.006039676820416715,,0.10060612865544862,,0000886982-23-000003,10-K,2022-12-31,334.2052001953125,334918639.0
2023-02-24,MCD,Retail,177971193800.73102,0.14645805740389725,0.2664670916980839,0.034710111608941885,1.426632650377423,0000063908-23-000012,10-K,2022-12-31,242.9893341064453,732423892.0
2023-02-24,MRK,Manufacturing,250599186465.49268,0.09392634664712349,0.24491000792807383,0.0579371394008865,1.473740665869054,0001628280-23-005061,10-K,2022-12-31,98.84025573730467,2535395974.0
2023-02-24,NVDA,Manufacturing,57295968750.0,0.13697732018843184,0.5692889449099132,0.0762357299351885,3.515617857687033,0001045810-23-000017,10-K,2023-01-29,23.234375,2466000000.0
2023-02-24,UNH,Finance Real Estate,422521869934.08203,0.10665635619950754,0.06366878289250437,0.048847175657960394,0.7739950917220435,0000731766-23-000008,10-K,2022-12-31,452.3788757324219,934000000.0
2023-02-27,C,Finance Real Estate,87642599484.50732,0.01037333924779325,0.19822665852557805,0.17039658896288098,,0000831001-23-000037,10-K,2022-12-31,45.250003814697266,1936852864.0
2023-02-27,MO,Manufacturing,63411370153.18992,0.22341289170319859,0.5676601848900223,0.09089852476102098,0.8379758588672238,0000764180-23-000020,10-K,2022-12-31,35.51395034790039,1785534122.0
2023-02-28,IBM,Manufacturing,104922114755.05017,0.08200844054289823,0.5400132165868164,0.015621110991008793,0.924234248531979,0001558370-23-002376,10-K,2022-12-31,115.79631805419922,906091977.0
2023-03-08,CRM,Services,181457247634.8877,0.07193800645428887,0.7333503444756315,0.0011462755150927853,1.0194662237843266,0001108524-23-000011,10-K,2023-01-31,179.8386993408203,1009000000.0
2023-03-15,HD,Retail,269222512695.3125,0.1911832036104389,0.3353049179494673,0.06353480557310696,1.4050627434011251,0000354950-23-000059,10-K,2023-01-29,264.9827880859375,1016000000.0
2023-03-17,WMT,Retail,120826495763.51352,0.11859110104154245,0.01847244102216791,0.0934563228755815,0.8205709451398078,0000104169-23-000020,10-K,2023-01-31,44.803653717041016,2696800054.0
2023-07-20,NKE,Manufacturing,86406766293.50592,0.15563134475500254,0.43524610969014194,0.05867596043090258,2.7227744165946413,0000320187-23-000039,10-K,2023-05-31,101.01900482177734,855351589.0
2023-07-27,MSFT,Services,2401097573242.1875,0.21259005378954113,0.6892008588349102,0.030136634515144412,1.76916725076573,0000950170-23-035122,10-K,2023-06-30,323.0755615234375,7432000000.0
2023-08-04,PG,Manufacturing,340723155753.521,0.13943672462736595,0.17971855717874302,0.043255058398970286,0.6334041839131894,0000080424-23-000073,10-K,2023-06-30,144.5598602294922,2356969322.0
2023-09-07,CSCO,Manufacturing,213333299842.83447,0.19524407964497506,0.6272676234253833,0.0591234467815956,1.3845220224216679,0000858877-23-000023,10-K,2023-07-29,52.46760940551758,4066000000.0
2023-09-11,HPQ,Manufacturing,25620612564.086914,0.11594014651634021,0.04978540772532189,0.12224532072235489,0.7535988392073008,0000047217-23-000075,10-K/A,2022-10-31,26.143482208251953,980000000.0
2023-11-03,AAPL,Manufacturing,2712598710173.5537,0.31352334060348913,0.4413112957720756,0.035757224109936335,0.9880116717592975,0000320193-23-000106,10-K,2023-09-30,174.44296264648438,15550061000.0
2023-11-15,V,Finance Real Estate,114262144356.37314,0.22933955071326756,0.5289866168499066,0.1511699268143183,1.451727422287644,0001403161-23-000099,10-K,2023-09-30,243.48350524902344,469280842.0
2023-11-21,DIS,Services,164835433959.96097,0.016490011139270063,0.03813359130689104,0.02056596642214344,1.0521532483380969,0001744489-23-000216,10-K,2023-09-30,91.5752410888672,1800000000.0
2023-12-18,HPQ,Manufacturing,26950721591.949463,0.09650308074802724,0.060743140102014224,0.12107282503985724,0.7341146684090166,0000047217-23-000100,10-K,2023-10-31,27.250476837158203,989000000.0
2024-01-24,DIS,Services,163709307861.32812,0.011450585906148001,0.02647978582195325,0.014379145759958762,1.0521532483380969,0001744489-24-000064,10-K/A,2023-09-30,90.94961547851562,1800000000.0
2024-01-26,INTC,Manufacturing,182113200241.08887,0.059878270310901385,0.400365125027661,0.00919757600098492,1.5424018821516416,0000050863-24-000010,10-K,2023-12-30,43.0731315612793,4228000000.0
2024-01-31,BA,Manufacturing,213627588199.17303,0.04349983943012291,0.09928786281718384,-0.01049489917898478,1.14033623091613,0000012927-24-000010,10-K,2023-12-31,211.0399932861328,1012261159.0
2024-01-31,DOW,Manufacturing,32475453335.9996,0.08963720737661084,0.11644480301196719,0.020323041934825852,1.769006728934418,0001751788-24-000010,10-K,2023-12-31,46.242000579833984,702293433.0
2024-02-02,AMZN,Retail,1783903204650.879,0.16092707453197286,0.009622728498482041,0.017055297574822378,1.0450772206625152,0001018724-24-000008,10-K,2023-12-31,171.80999755859375,10383000000.0
2024-02-02,GE,Manufacturing,116844071148.29659,0.031764236867122576,0.13896165052829856,0.08081710870905122,1.1753872159760987,0000040545-24-000027,10-K,2023-12-31,107.35240173339844,1088415995.0
2024-02-05,RTX,Manufacturing,126270325004.3671,0.045320598755784,0.049042367962855486,0.026767967849002542,1.0354141271572463,0000101829-24-000008,10-K,2023-12-31,87.81571197509766,1437901284.0
2024-02-07,MMM,Manufacturing,40733014729.34729,0.1320680110715698,-0.2135491570025397,-0.17133521902005883,1.0707328234294307,0000066740-24-000016,10-K,2023-12-31,73.7140884399414,552581136.0
2024-02-09,AXP,Finance Real Estate,149448764373.77927,0.07107786816183342,0.22499865656402815,0.056032581032628564,,0000004962-24-000013,10-K,2023-12-31,206.7064514160156,723000000.0
2024-02-09,VZ,Transportation Utilities,141813520412.1439,0.09855228728090361,0.09027871079463179,0.08528805973400172,0.6916934408056667,0000732712-24-000010,10-K,2023-12-31,33.732181549072266,4204101659.0
2024-02-13,AA,Manufacturing,10306911511.994717,0.08640199462984273,0.11521084337349398,0.07422204014361894,1.858744394618834,0000004281-24-000007,10-K,2023-12-31,25.144054412841797,409914461.0
2024-02-14,AIG,Finance Real Estate,45102232177.734375,0.011575988399906546,0.0828597068501346,0.08598244061885817,,0000005272-24-000023,10-K,2023-12-31,65.47943115234375,688800000.0
2024-02-14,AMGN,Manufacturing,143904909381.10352,0.08719146921382548,0.23827598439162823,0.046676656334297545,1.64919530230535,0000318154-24-000011,10-K,2023-12-31,268.7801818847656,535400000.0
2024-02-15,DWDP,Manufacturing,35197792886.062195,0.015252126997302344,1.7106397083195226,0.013125823016674013,2.425435765009684,0001666700-24-000008,10-K,2023-12-31,81.84724426269531,430042492.0
2024-02-15,TRV,Finance Real Estate,47924165838.62305,0.06120910000158758,0.07230925442413694,0.06241110194951986,,0000086312-24-000012,10-K,2023-12-31,210.00949096679688,228200000.0
2024-02-16,CAT,Manufacturing,155641344616.69922,0.14729754446934015,0.15407098121085594,0.06638338948718803,1.3519062428011979,0000018230-24-000009,10-K,2023-12-31,311.65667724609375,499400000.0
2024-02-16,HON,Manufacturing,120456908685.30272,0.08679398618447785,0.2855272489225901,0.04708737806661027,1.2677059172555154,0000773840-24-000014,10-K,2023-12-31,184.8065490722656,651800000.0
2024-02-16,JNJ,Manufacturing,353216051286.83167,0.13601857267334297,0.6881950234267664,0.09952265722899935,1.1558489261483946,0000200406-24-000013,10-K,2023-12-31,146.72836303710938,2407278620.0
2024-02-16,JPM,Finance Real Estate,488658079550.1709,0.003347789501606676,0.3134139553711481,0.10140423759209011,,0000019617-24-000225,10-K,2023-12-31,169.8734893798828,2876600000.0
2024-02-20,BAC,Finance Real Estate,252806865597.989,0.014144611372227294,0.26896663657297043,0.10488243638985617,,0000070858-24-000122,10-K,2023-12-31,32.01927947998047,7895457665.0
2024-02-20,KO,Manufacturing,244090753423.631,0.11871692783230811,0.5952266468505486,0.043848445096256634,1.1341054685842773,0000021344-24-000009,10-K,2023-12-31,56.4578742980957,4323413810.0
2024-02-20,SHW,Manufacturing,77491009368.89648,0.15343027916216498,0.46669038127009055,0.030826801966510737,0.831897267198841,0000089800-24-000033,10-K,2023-12-31,304.48333740234375,254500000.0
2024-02-21,NVDA,Manufacturing,165956017089.84375,0.42736733203505356,0.7271757329043695,0.17932462179957478,4.171291505973097,0001045810-24-000029,10-K,2024-01-28,67.35227966308594,2464000000.0
2024-02-22,MCD,Retail,202278563289.41833,0.17119230303418895,0.3321918748553564,0.04186701676283373,1.1643679836710892,0000063908-24-000072,10-K,2023-12-31,278.87335205078125,725342030.0
2024-02-22,PFE,Manufacturing,134260953051.8502,0.038410426444033356,0.0368914113785558,0.01607317653381026,0.9066619240908901,0000078003-24-000039,10-K,2023-12-31,23.778095245361328,5646413292.0
2024-02-23,C,Finance Real Estate,100373332967.46964,-0.030439905897337877,0.11956106140552114,0.09346107898041328,,0000831001-24-000033,10-K,2023-12-31,52.44489288330078,1913881933.0
2024-02-23,GS,Finance Real Estate,119834594342.5633,-0.007667547517839368,,0.07106462075263399,,0000886982-24-000006,10-K,2023-12-31,370.5731506347656,323376354.0
2024-02-23,T,Transportation Utilities,106208151916.54681,0.10307325701370805,0.12760969712810796,0.14709793662802637,0.7130870186007393,0000732717-24-000009,10-K,2023-12-31,14.85424518585205,7150020118.0
2024-02-26,CVX,Manufacturing,265008619076.1676,0.13610338184931506,0.1065494229879223,0.08079359861818738,1.2749705499411,0000093410-24-000013,10-K,2023-12-31,140.3834228515625,1887748665.0
2024-02-26,IBM,Manufacturing,157884155361.67783,0.10300870298208384,0.5544778532169414,0.04751585099096594,0.9644217806693629,0000051143-24-000012,10-K,2023-12-31,172.5484161376953,915013646.0
2024-02-26,MRK,Manufacturing,301871338466.18146,0.09611436606515115,0.006071695916160692,0.0012091243966869376,1.251965439402195,0001628280-24-006850,10-K,2023-12-31,119.12730407714844,2534023084.0
2024-02-27,MO,Manufacturing,60058714075.33188,0.24078299196266528,0.5834252338357228,0.13536753367383972,0.493418146479371,0000764180-24-000018,10-K,2023-12-31,34.057281494140625,1763461775.0
2024-02-28,UNH,Finance Real Estate,436511919067.3828,0.10619611281601636,0.06227833658933002,0.053020316259513964,0.7918610051083248,0000731766-24-000081,10-K,2023-12-31,472.4154968261719,924000000.0
2024-03-06,CRM,Services,289944428527.83203,0.1025214629894914,0.7549703072553576,0.01426480246921862,1.0917351958244152,0001108524-24-000005,10-K,2024-01-31,298.60394287109375,971000000.0
2024-03-13,HD,Retail,355128855468.75,0.2766496798641056,0.33379402498215094,0.042640860540639806,1.3524869407222349,0000354950-24-000062,10-K,2024-01-28,357.9927978515625,992000000.0
2024-03-15,WMT,Retail,159810265079.27432,0.1415457272017718,0.02510318225650916,0.10180822860114287,0.8318671211383434,0000104169-24-000056,10-K,2024-01-31,59.3597297668457,2692233703.0
2024-07-25,NKE,Manufacturing,58201438012.54336,0.19493571241144056,0.445601806783225,0.09793572452233151,2.3961106391012934,0000320187-24-000044,10-K,2024-05-31,68.04387664794922,855351589.0
2024-07-30,MSFT,Services,3095341959045.41,0.23146537332841302,0.6976444382797138,0.02847375222709828,1.2749549031815206,0000950170-24-087843,10-K,2024-06-30,416.3763732910156,7434000000.0
2024-08-05,PG,Manufacturing,378616498897.5459,0.16218027294271473,0.1781791787146444,0.03954925377948726,0.7347964433342254,0000080424-24-000083,10-K,2024-06-30,160.42152404785156,2360135282.0
2024-09-05,CSCO,Manufacturing,187722257682.8003,0.08745066833851768,0.6473244986339052,0.054974834243885995,0.9082889808791642,0000858877-24-000017,10-K,2024-07-27,46.84857940673828,4007000000.0
2024-11-01,AAPL,Manufacturing,3344610815565.6436,0.32400131514055563,0.4620634981523393,0.028025981248328675,0.8673125765340832,0000320193-24-000123,10-K,2024-09-28,221.25144958496097,15116786000.0
2024-11-13,V,Finance Real Estate,143614273288.07306,0.21108654019108886,0.5495462895952792,0.13747240819439932,1.2834408115548517,0001403161-24-000058,10-K,2024-09-30,306.0305480957031,469280842.0
2024-11-14,DIS,Services,202603155517.57816,0.02942120793603066,0.06318888803756527,0.028494126783228338,0.7295297551952369,0001744489-24-000276,10-K,2024-09-28,106.63323974609376,1900000000.0
2024-12-13,HPQ,Manufacturing,30202058269.500732,0.09393871056653888,0.2206538583618066,0.09188115509340329,0.7236727437515251,0000047217-24-000080,10-K,2024-10-31,32.164066314697266,939000000.0
2025-01-31,INTC,Manufacturing,84131901321.41113,0.04218133699773519,0.32664168283083184,-0.22860531734001477,1.3268659227275277,0000050863-25-000009,10-K,2024-12-28,19.43000030517578,4330000000.0
2025-02-03,BA,Manufacturing,178026365090.64856,-0.07725612836796429,-0.029932197784025137,-0.0664452144151617,1.318506767753765,0000012927-25-000015,10-K,2024-12-31,175.8699951171875,1012261159.0
2025-02-03,GE,Manufacturing,217321713516.97806,0.0382491473120026,0.16965531497080255,0.03021327180676328,1.094295184926727,0000040545-25-000015,10-K,2024-12-31,202.40597534179688,1073692183.0
2025-02-03,RTX,Manufacturing,168636850248.88947,0.043957730825673426,0.0620897223116748,0.02972659885784965,0.9928930658847744,0000101829-25-000005,10-K,2024-12-31,126.5925750732422,1332122758.0
2025-02-04,DOW,Manufacturing,24567611581.8861,0.05084450027917364,0.12093846010613538,0.04888550097745387,1.6125583203732503,0001751788-25-000012,10-K,2024-12-31,35.09199142456055,700091690.0
2025-02-05,MMM,Manufacturing,79944261920.24379,0.045625564362395905,0.17041709053916582,0.05238649903576755,1.4111584932480454,0000066740-25-000006,10-K,2024-12-31,148.19029235839844,539470303.0
2025-02-07,AMZN,Retail,2427385885345.4595,0.18543464971659193,0.008669836149345021,0.02440815049543224,1.063734806137178,0001018724-25-000004,10-K,2024-12-31,229.1499938964844,10593000000.0
2025-02-07,AXP,Finance Real Estate,218738855346.6797,0.051756974298333834,0.26088860270444303,0.04630635916946043,,0000004962-25-000016,10-K,2024-12-31,311.59381103515625,702000000.0
2025-02-12,T,Transportation Utilities,170245028753.8006,0.10627540875644322,0.10015857964948993,0.07197273300543562,0.6649598907663424,0000732717-25-000013,10-K,2024-12-31,23.726573944091797,7175289157.0
2025-02-12,VZ,Transportation Utilities,154681074832.90225,0.09594734748941414,0.13316467341306348,0.11603875923017612,0.6256349292121474,0000732712-25-000006,10-K,2024-12-31,36.74460983276367,4209626270.0
2025-02-13,AIG,Finance Real Estate,44772710396.57593,0.020288615315951948,-0.033980404388829766,-0.020682241298280158,,0000005272-25-000012,10-K,2024-12-31,73.87017059326172,606100000.0
2025-02-13,JNJ,Manufacturing,363321680377.2678,0.13473326522453694,0.6907150336069173,0.03871500314925901,1.1107291190556627,0000200406-25-000038,10-K,2024-12-29,150.90472412109375,2407622972.0
2025-02-13,TRV,Finance Real Estate,53761112780.76172,0.06812874937119431,0.10768369127372207,0.0929854264807718,,0000086312-25-000012,10-K,2024-12-31,237.25115966796875,226600000.0
2025-02-14,AA,Manufacturing,14460407376.903294,0.123395760053237,0.15545087483176312,0.07987326842844064,2.170432537120723,0000004281-25-000011,10-K,2024-12-31,35.66672134399414,405431361.0
2025-02-14,AMGN,Manufacturing,150432717904.6631,0.12511024728056708,0.12236716132120631,0.027188234427779484,1.256764362093597,0000318154-25-000010,10-K,2024-12-31,280.1875915527344,536900000.0
2025-02-14,CAT,Manufacturing,165935490600.58594,0.13712911900095712,0.1664583622645003,0.06501321664795141,1.4155304908279622,0000018230-25-000008,10-K,2024-12-31,347.218017578125,477900000.0
2025-02-14,DWDP,Manufacturing,42412952618.7732,0.01604978709466099,1.6667204908767963,0.017400344810545913,1.325557175588419,0001666700-25-000005,10-K,2024-12-31,101.47721862792967,417955411.0
2025-02-14,HON,Manufacturing,126122783065.7959,0.08108144050215436,0.27191022910281054,0.045511206306045035,1.3129469326307865,0000773840-25-000010,10-K,2024-12-31,194.0947723388672,649800000.0
2025-02-14,JPM,Finance Real Estate,750996800683.5938,-0.010495616333909094,0.32931018946135304,0.07785785498257364,,0000019617-25-000270,10-K,2024-12-31,268.4432373046875,2797600000.0
2025-02-20,KO,Manufacturing,289202951219.6758,0.06767844533511025,0.6106330082233696,0.03682189256744867,1.0296249356410154,0000021344-25-000011,10-K,2024-12-31,67.134765625,4307797138.0
2025-02-20,SHW,Manufacturing,86766056814.5752,0.13342586088707972,0.48466783557373855,0.03090379001238156,0.7932204385565527,0000089800-25-000030,10-K,2024-12-31,345.2688293457031,251300000.0
2025-02-21,C,Finance Real Estate,146131243252.44742,-0.00835931141611895,0.15816068721576554,0.08781831807062979,,0000831001-25-000067,10-K,2024-12-31,77.26641082763672,1891264803.0
2025-02-21,CVX,Manufacturing,267406317158.28894,0.12256653356062552,0.08752317645666496,0.06637464734796683,1.0610249494268376,0000093410-25-000009,10-K,2024-12-31,148.7995147705078,1797091325.0
2025-02-25,BAC,Finance Real Estate,323333786288.1114,-0.0026996623352493116,0.2662950131027511,0.08391328450848506,,0000070858-25-000139,10-K,2024-12-31,42.48320007324219,7610862311.0
2025-02-25,IBM,Manufacturing,231258133496.9023,0.09801348642245307,0.566522716045448,0.026044489371789718,1.0404320801400035,0000051143-25-000015,10-K,2024-12-31,249.6605987548828,926290070.0
2025-02-25,MCD,Retail,214926355158.97894,0.1711971294987496,0.31724537037037037,0.03825961685302636,1.191142191142191,0000063908-25-000012,10-K,2024-12-31,299.9169006347656,716619686.0
2025-02-25,MRK,Manufacturing,219686017682.07556,0.18332109370997215,0.2670022441092133,0.07798857742869406,1.3646023926812103,0001628280-25-007732,10-K,2024-12-31,86.84492492675781,2529635645.0
2025-02-26,MO,Manufacturing,83850448239.02058,0.2488273587855701,0.5981763677242068,0.1343344041273496,0.513950575105341,0000764180-25-000019,10-K,2024-12-31,49.59651947021485,1690651867.0
2025-02-26,NVDA,Manufacturing,3208548287887.573,0.5742690477683892,0.7498869705816992,0.0227143223230037,4.439851498864077,0001045810-25-000023,10-K,2025-01-26,131.08421325683594,24477000000.0
2025-02-27,GS,Finance Real Estate,183322945687.29858,-0.007883186592616106,,0.07787350321301925,,0000886982-25-000005,10-K,2024-12-31,590.1199340820312,310653708.0
2025-02-27,PFE,Manufacturing,135659529680.87068,0.05971995726255412,0.12670721549027927,0.05942818775035766,1.1712524712175834,0000078003-25-000054,10-K,2024-12-31,23.93855094909668,5666990035.0
2025-02-27,UNH,Finance Real Estate,412842063446.0449,0.08114577675859433,0.03807853541788457,0.036919687574403386,0.8266341585637329,0000731766-25-000063,10-K,2024-12-31,451.1935119628906,915000000.0
2025-03-05,CRM,Services,277640633422.85156,0.12719570962226023,0.7719224172054361,0.022320219931791684,1.0624374553252323,0001108524-25-000006,10-K,2025-01-31,288.60772705078125,962000000.0
2025-03-14,WMT,Retail,676466745991.6042,0.13972310724130924,0.029599770920064317,0.029797473592663742,0.8226828460200447,0000104169-25-000021,10-K,2025-01-31,84.20692443847656,8033386215.0
2025-03-21,HD,Retail,337903365539.5508,0.2060986901653159,0.3341901024361498,0.043817261116527687,1.1054394473326123,0000354950-25-000085,10-K,2025-02-02,339.9430236816406,994000000.0
2025-07-17,NKE,Manufacturing,60756346687.97527,0.10109625741545696,0.42734673605562634,0.05298211916084638,2.2110543251940187,0000320187-25-000047,10-K,2025-05-31,71.03084564208984,855351589.0
2025-07-30,MSFT,Services,3785191432250.9766,0.2199698547503001,0.6882374238616519,0.026902734464724964,1.3534464445042416,0000950170-25-100235,10-K,2025-06-30,509.17291259765625,7434000000.0
2025-08-04,PG,Manufacturing,345929099150.52454,0.14227307934936237,0.1906055716387452,0.046440152156756315,0.7041987908369849,0000080424-25-000076,10-K,2025-06-30,147.5465545654297,2344542034.0
2025-09-03,CSCO,Manufacturing,262536984558.10547,0.11605923575733292,0.6493804497475907,0.038775489164449256,0.9977754962354551,0000858877-25-000111,10-K,2025-07-26,66.2972183227539,3960000000.0
2025-10-31,AAPL,Manufacturing,3982977836224.365,0.31032649391355666,0.4690516410716045,0.028122175067431223,0.8932929222186667,0000320193-25-000079,10-K,2025-09-27,269.60723876953125,14773260000.0
2025-11-06,V,Finance Real Estate,157165688486.28235,0.23145332088690818,0.50145,0.12762327574921475,1.0775507874914403,0001403161-25-000089,10-K,2025-09-30,334.90753173828125,469280842.0
2025-11-13,DIS,Services,201540653228.75977,0.09164413661816377,0.14223987291501192,0.0666416416977426,0.7103506820443768,0001744489-25-000155,10-K,2025-09-27,106.07402801513672,1900000000.0
2025-12-10,HPQ,Manufacturing,22554966562.27112,0.08851061792238263,0.20602224432588842,0.1121260806580131,0.7674140406042792,0000047217-25-000071,10-K,2025-10-31,24.489648818969727,921000000.0
