date,SMALL LoPRIOR,ME1 PRIOR2,ME1 PRIOR3,ME1 PRIOR4,SMALL HiPRIOR,ME2 PRIOR1,ME2 PRIOR2,ME2 PRIOR3,ME2 PRIOR4,ME2 PRIOR5,ME3 PRIOR1,ME3 PRIOR2,ME3 PRIOR3,ME3 PRIOR4,ME3 PRIOR5,ME4 PRIOR1,ME4 PRIOR2,ME4 PRIOR3,ME4 PRIOR4,ME4 PRIOR5,BIG LoPRIOR,ME5 PRIOR2,ME5 PRIOR3,ME5 PRIOR4,BIG HiPRIOR
1977-01-31,104.56,105.83,102.98,105.77000000000001,102.64999999999999,102.10999999999999,104.96000000000001,101.84,102.16000000000001,101.82,98.71,100.4,100.42999999999999,102.17,100.03999999999999,96.74000000000001,96.83,97.54,99.18,96.34,94.67,94.28999999999999,96.37,94.23,95.24000000000001
1977-02-28,102.10284,105.61834000000002,101.527982,107.70559100000001,102.37284499999998,99.87379099999998,105.08595200000002,102.35938399999999,102.09870400000001,100.862892,94.96889099999999,99.47632,98.75281899999999,100.38202500000001,97.679056,91.64180200000001,92.705042,95.49166,97.79147999999999,96.715726,92.12337699999999,92.762502,94.741347,92.62809,93.86854400000001
1977-03-31,104.175527652,107.44553728200002,103.3757912724,105.8853665121,102.46498056049998,101.00236483830001,105.2856153088,102.41056369199998,105.29439343520002,102.779286948,92.65165005959999,99.167943408,98.58493920769999,101.00439355500002,100.0526570608,90.99114520580001,93.22419023520001,95.74948748199999,98.90630287200001,97.78927055860002,91.06395816450001,90.5269257018,93.5381318931,90.664374492,92.8641505792
1977-04-30,105.061019637042,108.89605203530701,105.58803320562937,106.09713724512422,103.64332783694572,103.89103247267539,108.93902616001536,104.868417220608,106.28416073349089,105.8832214138296,94.17113712057743,100.6356289704384,99.8961188991624,103.39819768225351,102.57398401873215,91.38240713018494,94.50136164142225,97.17615484548179,101.1712572077688,97.52523952809179,91.9928105377779,88.41764833294806,92.63081201373691,90.51931149281279,94.03423887649791
1977-05-31,105.48126371559017,108.56936387920109,105.59859200894994,105.82128468828688,101.43572495401878,104.03647991813713,109.63623592743946,104.23920671728435,108.15476196240034,103.49026060987705,92.69265026778436,99.70978118391038,98.98706421718002,104.5355778567583,101.40464060091861,91.29102472305476,92.19552841737155,96.72914453319257,101.07008595056104,96.31592655794346,90.80610328184056,86.84381419262158,90.57440798703196,90.00335141730376,92.79298692332813
1977-06-30,114.73197054344742,116.21264709629683,113.45512725441583,113.57798485593831,106.63937764415994,111.9016377999483,118.54966190834027,113.32886554303154,115.47683934725485,108.09557720701658,101.19256629734016,107.04842107904618,106.15372766650385,110.5881878146646,107.30639068389208,97.43491068691633,99.00877796741531,102.54256611963743,106.11348323949403,100.39972184400025,98.56094450210975,91.9762836114055,96.52514659177996,94.21550826363357,95.56749723233565
1977-07-31,115.317103593219,115.44564362546129,112.76305097816388,113.82785642262137,105.4770084278386,110.8050017495088,118.76305129977528,112.0709151355039,115.62695923840629,107.28486037796394,99.25978828106096,107.1019452895857,104.47649876937311,110.74301127760513,104.58080836052122,96.37287016042893,97.08800767484746,100.32764669145327,105.41313425011336,96.69497210795664,96.73756702882072,90.9737421200412,96.97881478076133,93.85748933223176,92.07928358335539
1977-08-31,113.41437138393088,113.05591880241424,112.32327507934905,110.60652808586117,102.53419989270189,108.88807521924231,117.38539990469789,109.14586425046724,113.04847804738982,102.49995560510676,100.84794489355795,104.99203696738087,102.73174123992457,108.72748847235272,105.60570028245434,94.37795174810806,96.17538040270391,98.28096269894762,102.90430165496065,93.82313143635034,97.14386481034177,94.43984169481476,97.01760630667363,91.75508157118976,88.47898359524619
1977-09-30,114.61656372060057,114.53695133872588,113.26679059001559,113.75881413630822,102.95459011226198,110.08584404665396,120.63697548205803,111.24146484407622,115.54684941223714,99.82470676381348,102.71363187408878,106.83989681800676,103.2145804237522,109.5864356312843,105.8802751031887,93.32091868852925,96.6274046905966,98.67408654974341,103.35708058224246,94.80827431643202,96.2987131864918,93.31600757864646,96.41609714757224,92.34231409324538,88.85059532634622
1977-10-31,110.70813889772808,111.76515711632871,110.53706093679621,110.653198510387,101.16318024430862,106.66217429680303,118.39312773809176,105.85737794562293,114.402935603056,97.68845803906787,99.1597402112453,104.56420701578321,99.51949844458187,106.05775240395694,102.48151827237632,88.04828678262734,93.11016715985889,95.26983056377728,100.64912507098771,91.44258057819869,90.09707605728173,88.65020719971413,93.0704585765515,88.56551344683164,85.1455255012376
1977-11-30,123.04102557093499,122.43872962093809,120.02114076517334,118.0337668510298,109.80251583717255,119.14164868952896,130.29163707576998,117.08884574565353,123.32636458009436,106.17758504266286,110.23588319284138,112.44834822477326,107.30192322294818,110.78792816117343,108.9583502271905,97.17008929330754,98.89230854048613,100.74784582119447,105.16827078667505,97.57837773499581,94.14243477225367,92.83449697954063,96.44891622288031,91.1073436827557,87.49554200507175
1977-12-31,122.96720095559242,123.51619044160233,122.19352341302299,120.96100426893533,112.27307244350892,120.05903938443834,130.55222034992153,118.08410093449157,124.04165749465892,105.95461211407327,110.70989749057061,115.58565714024442,109.66256553385305,111.408340558876,110.00435038937152,94.46876081095358,100.56358855482033,102.84340101427532,106.36718907364315,99.20793664317024,93.15393920714502,92.38889139403884,97.60630321755488,90.35115273018883,89.01796443596001
1978-01-31,123.22543207759915,123.15799348932168,122.56010398326205,118.45711148056837,108.99469872815845,117.6098349809958,127.52340883780336,114.42349380552233,120.71734107380206,100.83700434896352,106.18186268320626,109.95663563751452,104.168471000607,107.38649946470058,105.71418072418604,89.49970399229741,94.05712437532345,98.41085043056005,100.91055227416525,93.84078727077471,88.21678042916632,86.40209123170513,92.48197229863325,85.31859352311731,81.78970572376006
1978-02-28,128.88147940996095,126.75420689920986,126.60458741470968,122.0700533807257,112.55882537656923,120.0208365981062,128.69662419911117,115.94532627313579,122.32288171008364,102.2789735111537,108.19931807418716,110.77031474123214,105.55391166491508,108.42814850950818,107.59589314107656,88.85530612355288,92.27003901219231,97.81054424293363,100.517001120296,92.45194361916724,84.96158123133007,83.66314493966007,91.76986111193376,85.87316438101757,79.286940728613
1978-03-31,142.1820480850689,136.71708756148777,133.64380247496754,129.1134954607936,118.7045372421299,131.92690358863834,136.79164186123523,122.72812786011423,129.99252639330587,106.2167139913331,116.87690338373697,118.2030028603688,109.88162204317659,113.86039874983453,112.85733231567521,94.04445600116837,98.0184624426519,101.61537441398374,104.97995597003715,96.73246860873469,85.9981125223523,83.81373860055146,95.28464679252083,88.46653394532431,81.97476801931299
1978-04-30,155.98792495412908,146.71110666223254,142.85186046549282,138.99067786354428,128.9249978986773,143.53647110443853,146.01139852268247,130.48454554087343,140.8469023471469,113.63064062792816,126.1452418220673,127.76562579177264,116.1778389862506,122.90091441057139,122.74363462652835,100.72161237725132,105.70310989815579,108.59635063622441,111.3942312798064,105.88336013912098,98.19264487802185,91.99395948796527,101.63060426890272,94.01338562369614,90.70508081336983
1978-05-31,169.41848529267963,157.9931907645582,148.9087793492297,148.5949337039152,136.84099276965608,152.50750054846594,151.69124192521483,137.1262089089039,146.42443968009394,121.2779827421877,130.88830291457705,133.9239289549361,119.33787620667664,127.58343924961414,130.34146560991047,105.8483424472534,109.06446879291715,112.09315312671085,114.3907361012332,111.05046811391009,101.5311948038746,92.59192022463704,101.58995202719517,94.01338562369614,94.10652134387121
1978-06-30,169.7912059603235,157.78779961656429,150.0702678281537,151.10618808351134,136.58099488339374,150.9214225427619,151.02380046074387,137.75698946988484,145.56053548598138,121.79947806797911,129.972084794175,134.2721311702189,119.15886939236664,127.96618956736299,131.21475342949685,104.49348366392857,107.65753714548852,114.14445782892966,114.18483277625097,109.38471109220143,100.55649533375741,90.99008000475082,99.71053791469205,92.28353932822013,91.05747005232978
1978-07-31,179.9616991973469,164.96714449911798,158.42918174618185,158.96370986385395,143.97002670658537,160.8671442883299,159.66236184709842,146.69741808648035,152.56199724285707,129.86260351607933,136.91259412218395,141.33484526977242,122.85279434353001,134.9915333746112,139.1926104380103,112.11105862302895,114.36460170965246,120.5822052504813,120.2480473966699,118.14642645068676,108.87251749785915,95.97633638901117,103.27020411824657,96.75929098563881,95.6194493019515
1978-08-31,201.43112991159038,176.94375918975393,170.75497208603483,170.4567860870106,157.86313428377085,176.50343071315558,172.00426241787915,155.631290847947,164.95003141897706,139.32958731240151,148.0298967649053,151.3837527684532,130.15025032753567,142.64555331695166,151.16317493567917,118.8825665638599,120.62034542317043,123.4400035149177,125.95982964801173,126.25127130520386,110.3205219805807,99.20114129168195,107.03956656856258,100.28132917751607,100.06575369449224
1978-09-30,201.65270415449314,178.35930926327197,171.25016150508432,171.22384162440213,155.9056314186521,172.26734837603982,167.27414520138746,155.0710182008944,164.78508138755808,138.43787795360214,142.89325934716308,146.9633471876144,130.46261092832174,141.318949671104,148.48758673931763,118.51403060751193,118.81104024182288,122.58826749066478,124.86397913007403,124.34487710849528,107.36393199150112,97.60400291688586,108.1099622342482,101.56493019098826,96.32329450631823
1978-10-31,151.8646514987488,140.61847942316362,140.5450075472227,142.78356153058894,122.16765277965578,135.05760112681523,135.2578738098419,130.1200913723705,135.66755750637657,109.89198751956937,117.81549233173595,119.58407560656184,112.09347530961405,123.85192749175556,119.99281884404257,99.65844833785678,103.85273027537738,108.69901678397247,110.08008400107326,105.63097310366676,97.2502495979017,89.27838146807551,98.80169448587944,94.62804545894376,83.43523770137286
1978-11-30,160.5513095644772,148.14156807230287,148.38741896835774,151.05072974321004,130.97594054506897,143.2015744747622,143.14340785295568,138.161513019183,144.44524847703912,116.26572279570439,121.12610766625774,123.54230850913903,114.83976545469959,129.66058289111888,128.72829605588888,102.29939721880999,109.31538388786224,110.37298164244564,113.08527029430255,110.04634777940004,100.48868290951185,91.60854722439228,101.85466684549309,96.97482098632555,87.94908406101712
1978-12-31,161.51461742186407,150.1711075548934,148.6990325481913,155.44630597873743,134.91831635547553,147.02505651323833,145.9490186468736,141.54647008815294,146.40970385632684,119.69556161817769,123.6939811487824,126.60615776016566,115.83887141415545,131.67032192593123,132.20396004939786,104.29423546457679,109.39190465658373,111.5760471423483,115.03033694336457,111.81809397864836,101.76488918246265,94.73239868474406,101.79355404538579,98.70097279988215,89.4266286732422
1979-01-31,181.0740375916518,166.07422784495665,163.03361928583695,172.8718368789539,147.53317893471248,160.90422184808804,157.61034523675883,154.78106504139524,158.63491412833014,129.45074989005917,132.71127237452865,134.67097000948823,124.04026351027765,141.9011059395761,142.74061566533484,112.24145620697755,115.9226013645818,117.56768087389243,121.50654491327599,118.03518000386124,105.43860168194956,97.67857628383959,106.82215561522786,102.84641365747721,94.13941200432207
1979-02-28,176.9636569383213,164.13115937917064,160.97939568283542,169.4662616924385,143.8743560971316,159.63307849548812,152.2673545332327,151.99500587065012,153.20960006514125,124.42806079432486,128.2521736227445,131.84287963928895,120.3066515786183,140.09896189414349,137.37356851631824,107.49364260942241,111.94645613777664,115.47497615433713,118.32307343654816,114.48232108574501,100.324829500375,96.22316549721039,104.29047052714695,100.41923829516077,87.4272719284139
1979-03-31,194.66002263215344,176.81849799918052,170.76694294035178,182.39653745957156,157.31222095660365,174.78225764470997,165.7430154094238,165.2033718808096,166.75332871089975,135.58925784757582,143.69373532692293,140.8081954547606,130.02742902617067,151.69915593897855,151.4680966460925,117.89902721401448,121.71938175860453,123.22334705429314,128.14388853178164,124.25911130646763,106.42457913399778,101.66939666435249,108.47251839528556,106.53476990733606,93.87940459673085
1979-04-30,199.37079517985157,181.45114264675905,176.72670924897008,187.19356639475828,161.3551450351884,180.56755037274985,169.32306454226736,165.8807057055209,171.83930523658216,139.64337665721837,146.51013253933064,144.61001673203916,133.08307360828567,154.14151234959613,154.96700967861722,120.05657941203094,124.54327141540415,121.44893085671133,130.9374253017745,124.85555504073866,105.6157523325794,103.45877804564509,106.80204161199815,108.53762358159398,95.75699268866548
1979-05-31,197.9751996135926,179.52776053470342,175.68402166440114,187.79258580722154,158.49915896806556,176.32421293899023,167.44357852584818,164.83565725957615,170.06936039264536,135.71939777315052,146.4954815260767,141.28398634720224,132.77698253898663,153.17042082179367,150.16303237858008,118.85601361791063,124.89199257536727,122.01974083173788,128.6198328739331,122.72052504954203,103.84140769339207,101.62755767423717,106.54571671212936,105.07527338934113,92.08949986868959
1979-06-30,209.31917855145144,187.55265143060464,185.7858529101042,199.0225824384934,166.04371893494547,183.87088925277902,174.59341932890192,174.08293763183838,187.90963629783388,142.84466615624092,151.50562699426854,149.46432915670528,138.9112791322878,162.72825508107357,156.98043404856762,126.05868804315601,133.32220207420454,130.41469900096143,139.53965668493,128.353397149316,107.13318031727262,104.84915125251048,113.06631457491167,113.36571245976015,99.01463025881505
1979-07-31,213.23344719036353,192.82288093580465,192.04683615317472,204.75443281272197,170.39406437104105,187.9528229941907,179.4471163862454,182.82190110095667,195.012620549892,145.958679878447,157.32344307084844,152.0201691852849,142.7730126921654,171.8084917145975,161.76833728704892,128.49162072238894,135.54868284884375,135.01833787569535,141.17227066814368,135.0534444805103,107.34744667790717,105.20563836676904,116.00603875385937,117.8323215306747,102.57915694813238
1979-08-31,228.159788493689,205.49134421328702,205.89341303981863,223.16185632258572,184.58788993314877,202.78230072843235,190.46516933236083,196.07648893077604,211.43268320019294,157.35805277695368,167.64386093629608,160.47249059198677,152.32452724127126,184.21306481639144,178.41429919388628,141.37933028084456,142.24478778157666,142.49835379400886,150.99786070664646,147.74846826167828,114.66854254134044,110.644769870331,121.91074612643081,122.946244285106,110.83677908245704
1979-09-30,227.9316287051953,204.79267364296186,204.94630333983545,221.8675175559147,180.49003877663284,205.72264408899463,189.81758775663081,194.93924529497752,205.74514402210772,158.49103075694777,168.26414322176038,160.31201810139478,150.51186536710014,184.4341204941711,176.87993622081882,141.7751924056309,139.300320674498,140.97362140841295,150.5901664827385,146.49260628145404,114.04933241161721,111.37502535147519,122.77631242392847,125.92154339680557,110.5596871347509
1979-10-31,202.6084247560481,185.93126840044505,181.88984421410396,198.06113292216506,159.44490025527747,185.31495779536638,170.57008435810846,171.00070597275428,182.7839859492405,141.50079225980298,153.87755897629987,147.91989910215696,136.12293103800533,164.33080136030645,160.28859820330604,128.20730649241204,128.2259451808754,128.61023481089515,137.77494331505747,133.99678696564604,108.18719672566009,104.74821134306242,113.9978060856176,113.606416452598,103.56125893912119
1979-11-30,221.43074741588498,195.54391497674808,194.4038654960343,209.09313802592968,173.1412171872058,202.06742998006752,180.95780249551726,183.1588561674171,196.1637737207249,154.2075634047333,163.74111050668068,156.23299743169818,148.31954565901063,172.74453838995413,178.86604673506918,137.5664398663581,136.8555512915483,136.1596555942947,147.4742993244375,149.54041425366097,113.80211223572185,110.82360760096006,119.08210823703615,118.33244337702608,113.55492042674638
1979-12-31,240.2745040209768,205.30155633408782,207.58444757666547,221.65963562128806,184.70705049531117,214.99974549879184,193.28102884546198,190.75994869836492,207.10971229434136,165.6960268783859,174.72813902167897,159.49826707802066,156.13598571524048,178.66967605672957,186.50362693065662,142.22994217782764,138.8810134506632,138.22928235932798,152.35569863207638,158.5427471917314,117.42101940481781,111.47746688580573,120.2014800544643,120.47426060215025,120.59532549320467
1980-01-31,269.0353621522877,224.5588423182253,221.97004979372835,243.51527569354707,202.90069496909933,234.6507222373814,203.44761096273328,202.64429350227306,222.9743162560879,177.8415456485716,189.2480473743805,168.2228222871884,165.4885312595834,191.48029182999707,199.20452392463434,150.42238684727053,142.22804587482418,143.97962050547605,161.02473788424152,168.56264881424877,125.12383827777384,118.2664446191513,125.20186162473001,129.9676323375997,131.61773824328355
1980-02-29,262.3632851709109,217.55260643789666,216.66496560365823,238.69367323481484,198.84268106971734,225.94518044237452,195.9607388793047,194.76143048503462,215.25940491362724,173.4844277801816,186.50395068745198,160.6191507198075,160.9210477968189,185.90821533774417,193.74631996909937,146.43619359581788,135.03130675355808,136.7374455940506,157.98137033822934,166.70845967729204,122.30855191652394,121.41233204602071,126.6542032195769,133.03486846076706,128.69582445428267
1980-03-31,211.43857151923712,183.13578409942141,183.62355834910036,199.57178019162868,161.7386367821081,187.3085545867285,165.48884398357282,167.0663550700627,178.9020914237156,143.5583639881003,156.79387134294086,137.57030259151512,140.13004842146987,156.47894484977925,161.19693821429067,130.0939143905246,124.55287734948197,125.1557839522345,135.16886046138902,143.35260447650342,112.87856256375997,108.62761348157473,113.10220347508218,112.77365799419223,114.1403267085033
1980-04-30,225.28779795374717,196.79771359323826,194.12682588666888,211.82548749539464,171.78260612627702,199.18391694752705,177.60262736317034,179.64645160683844,191.9798343067892,151.4684298438446,166.53077075333752,146.3197738363355,152.2653106147692,167.5733020396286,171.81981644261245,136.70268524156324,134.96549789589864,136.59502260546873,141.4406955867975,152.41248907941844,116.89703939102982,115.7644476873142,116.97029883392997,118.82960342848037,120.60066920020458
1980-05-31,239.2781702066749,210.69163217292086,208.12337003309773,226.97100985131536,185.04422331922558,221.6916995625976,192.02396070505975,196.1559605095069,207.64538878622315,163.37384842957078,184.4494816863966,156.64994986918074,165.22308854808603,180.0742703717849,186.99150623449512,149.77146195065666,146.73448931242098,146.68939477601285,150.3656034783244,163.05088081716184,124.79927925386345,121.63370518506102,122.05850683320594,122.96487362779148,127.46284727769621
1980-06-30,249.35178117237592,216.759551179501,217.010237933511,236.75346037590703,193.1676647229396,232.33290114160226,197.9382986947756,200.60870081307272,218.7544170862861,172.32673532351126,189.02382883221924,161.38077835523,173.4346760489259,188.1235902574037,199.50123800158283,157.9639609193576,153.68970410582975,152.04355768533733,158.27483422128427,174.41552721011803,125.24855665917735,125.14891926490928,128.07599122008298,127.64983531301033,133.53007880811455
1980-07-31,276.132162470289,238.67394180374853,236.43265422856018,258.41640200030247,213.7207042494604,256.93695537249795,214.50573429552827,215.9352055551915,242.92678017432073,192.9714782152679,206.69755682803174,170.22444500909663,185.48838603432628,206.2022672811402,221.72567591495914,174.21845249795948,161.68156871933292,160.4211577137994,171.94977989800321,193.86285849404618,135.3811648929048,130.41768876596197,134.79998075913733,135.62795002007348,148.0314453666758
1980-08-31,306.47908712577384,252.34995866910333,248.82172531013674,276.5313917805237,229.42917601179568,280.42099309354427,220.91945575096457,222.6723839685134,257.67243573090195,204.35679542996868,218.83070341383717,173.18635035225492,191.2014283241835,214.16167479819222,236.95822985031683,177.00594773792685,165.83678503541978,161.38368466008222,175.6123102098307,202.97441284326635,135.0968644466297,132.11311871991944,138.66874020692455,138.82876964054722,151.33254659835268
1980-09-30,314.9379099304452,256.8922579251472,255.83849796388262,284.19131133284424,238.0786559474404,294.58225324476825,225.05064957350757,229.33028824917199,265.40260880282904,211.67276870636158,223.18543441177252,175.10871884116497,196.17266546061228,221.89291125840697,246.93417132701518,180.9531803724826,170.4138803023974,163.53008766606132,178.70308686952373,215.03109296615634,136.24518779442604,133.22286891716678,147.84861080862296,146.18669443149622,161.07836259928658
1980-10-31,329.39355999625263,264.34213340497644,260.36683937784335,297.3777881786882,251.26821348692857,299.7963591272007,224.5780432094032,235.06354545540125,270.79028176152644,221.00753780631214,221.62313637089014,176.6671864388513,197.07505972173107,229.54821669682198,254.95953189514316,179.7226987459497,170.7547080630022,168.6158733924758,177.84531205255004,220.62190138327642,134.22875901506853,136.47350691874564,152.01794163342615,153.3790797975258,161.59381335960433
1980-11-30,340.6917591041241,271.9287526336992,269.4276053881923,309.897393061011,267.5252668995328,322.1911471540026,229.24926650815877,241.66883108269803,289.17694189313414,245.73828128683846,225.96694984375958,181.34886687948085,202.25813379241256,249.35822779775773,278.33932096992777,184.80885112046008,177.78980203519788,175.76518642431677,196.2345173187837,261.67963723070415,142.5777878258058,141.61855812958237,175.24628311501368,189.23910865418733,185.92984165156074
1980-12-31,327.9498873136299,266.2182488283915,265.54784787060237,298.36921003914136,256.9580188570013,314.3941213928757,228.10302017561796,240.5571544597176,282.0342714283737,236.12991448852307,225.26645229924392,178.9913316100476,199.14335853200942,239.70806438198454,270.5736539148668,181.09419321293882,179.6032580159569,173.902075448219,191.7014999687198,250.846100249353,145.07289911275743,142.24167978535255,166.29119804783645,171.03430640165453,178.7529497638105
1981-01-31,343.5275069610273,276.6806260073473,271.44301009332975,302.18833592764236,256.8809314513442,320.5876855843154,232.0948230286913,243.37167316689633,280.39847265408906,230.48640953224736,233.24088471063718,183.4840140334598,200.37804735490786,237.28701293172648,257.01791385373195,181.8185699857906,180.10614713840155,173.78034399540525,184.5126937198928,228.8970664775346,147.14744157006984,140.09383042059372,150.85937486899724,152.4428772957947,160.59165006780736
1981-02-28,350.3980571002479,282.04823015188987,272.88165804682444,302.3998677627917,255.6735910735229,325.23620702528797,236.11006346708768,250.7458348638533,288.6982674446501,230.14067991794903,240.7512411983197,188.38303720815318,204.6060241540964,243.88359189122846,255.5272099533803,189.3822224971995,183.69025946645576,175.86570812335012,190.21413595583746,233.04010338077794,155.2994098330517,144.88503942097802,150.61799986920684,150.583074192786,161.0894841830176
1981-03-31,383.75595213619147,304.52747409499545,291.84693328107875,325.3520177259876,275.99964156386795,356.6540246239308,251.88221570668912,270.8055016529616,314.4790227274574,246.4346400561398,260.75766934190005,202.51176499876468,223.73668741250435,255.76072281633125,281.6420908106158,207.92274207967534,204.85137735699146,190.18117676459082,206.47744458006153,249.6558627518274,163.85640731485285,148.56511942227087,160.39310806071836,152.58582907955008,163.0547758900504
1981-04-30,406.2824265265859,316.6172148165668,300.6315259728392,335.9584935038548,285.7700288752289,362.50315062776326,261.35298701726066,280.2566136606499,318.22132309791414,251.26475900124018,269.07583899390664,205.50893912074633,230.11318300376072,260.0063508150824,292.11917658877064,207.90194980546738,205.65029772868374,191.24619135447253,206.4567968356035,245.68633453407335,161.6935027382968,149.91706200901353,159.2382776826812,146.48239591636806,152.11380042782804
1981-05-31,423.1025189847866,328.04709627144484,305.56188299879375,343.48396375834113,292.82854858844706,376.06076846124165,269.48106491349745,283.5356160404795,321.62629125506174,261.6419935479914,275.53365912976045,209.7424232666337,234.92254852853932,264.3744575087757,304.3005462525224,211.20759080737432,212.08715204759153,196.60108471239775,210.85432660820192,251.95133606469224,164.50696968594315,153.45510467242627,161.244679981483,142.20510995561014,150.8968900244054
1981-06-30,423.7794830151623,334.77206174500947,310.42031693847457,349.90711388062203,287.8211804075846,376.9633143055486,271.25963994192654,286.6261542553207,318.98895566677027,252.06589658413492,277.1042009868001,211.94471871093333,237.85908038514606,266.1457663740845,291.7329336922932,206.6666276050158,211.87506489554394,197.7610311122009,208.2186475255994,242.20081935898867,161.67744980734494,150.89240442439674,163.80847039318854,145.10609419870457,146.1285482996342
1981-07-31,412.2103031288484,323.4232888518536,304.21191059970505,345.2183585546218,277.0566682603409,367.61462411077093,267.13649341480925,281.20891993989517,313.40664894260175,245.99110847645727,271.06332940528785,206.0102665870272,236.0275654661804,258.3210808426864,287.09438004658574,198.7926290932647,205.54000045516716,195.26924212018716,202.9298938784492,250.72628820042505,155.6145454395695,147.63312848882975,169.52538600991082,152.2598246427007,150.1178576682142
1981-08-31,373.33887154379795,307.83428632919424,288.3928912485204,321.0875952916537,252.09386245008423,329.4562261280729,254.9817829644354,267.85149624275016,289.6817656176468,224.56528292815784,252.68523567160935,198.96471546975084,223.37648795719312,241.91769220917578,265.1029505350173,190.42345940843825,196.70178043559497,186.77503008795904,192.41812537554557,233.97777214863663,146.72895489497006,142.37738911462742,160.99825909361232,142.11932032149684,140.18005549057844
1981-09-30,341.67973523688386,288.9948280058475,270.8874427497352,296.1390891374922,230.33816212064195,308.99699448551956,242.33468652939942,253.20001939827173,271.8953052087233,202.49051561631993,243.7401783288344,192.18001867223236,212.69909183283931,225.9753162925911,242.41013796921985,183.30162202656265,188.30261441099506,178.85576881222957,179.33369285000848,212.6156015514661,142.44446941203694,141.90754373054918,151.06466650753646,128.95907125972624,124.60605132557518
1981-10-31,369.0482820293583,305.84322647858846,289.470321322367,320.7186335359041,251.6674759330134,333.9948513393981,256.5839660973281,270.9493407580906,293.51098197281675,221.05889589833643,255.46408090645133,202.3655596618607,228.05596626317032,239.0366895743029,262.06960015852354,189.97380106832952,196.38079656922676,186.68965148620524,194.5053232651192,235.30168623700754,144.6523586879235,146.50534814741894,158.75385803277004,143.209048633926,137.8018321609536
1981-11-30,372.40662139582554,315.6302097259033,300.2096702434268,331.9117138463071,256.87699268482675,346.2190628984201,269.4131644021945,283.38591549888696,309.1551173119679,227.0274860875915,266.7811396906071,210.96609594748975,236.28878664527076,248.69377183310473,267.2323712816465,199.26351994057083,208.65459635480343,196.8268995619062,205.08641285074165,243.93725812190576,150.61203586586595,154.28478213404688,166.67567554860528,152.34578593677048,141.34333924749012
1981-12-31,360.4523688490195,312.1582774189184,299.90946057318337,328.0947291370746,253.74309337407186,339.43316926561107,265.6413801005638,282.2523718368914,305.07426976344993,223.1453160754937,257.5771903712812,207.9703773850354,234.327589716115,243.8691126595425,261.54032177334744,195.95574550955737,203.4799623652043,193.95322682830238,201.5384179084238,234.4724925067758,148.0817536633194,152.44879322665173,161.57539987681795,145.44452183383478,133.9510826048464
1982-01-31,363.7324854055456,308.8493996782778,297.27025732013936,326.257398653907,248.05924808249267,338.279096490108,262.0552214692062,270.68002459157884,292.0475984445506,214.018672648006,264.6090476684172,202.47995942207044,227.27432926565996,235.089824603799,241.11402264284897,195.15232695296817,196.86686358833515,183.90644967859632,189.3453436249642,218.9973080013286,149.25159951725962,155.72644228102476,160.25048159782804,139.0158739687793,125.16389158596846
1982-02-28,353.00237708608205,301.097279746353,290.9384008392204,314.70788674155864,233.1260813479266,332.156244843637,257.7051047928174,261.6393117702201,280.453308786302,197.21820684513753,263.84168143017877,201.28532766148024,220.13791532671823,226.03886635655272,227.5151917657923,193.7862606642974,192.73265945298013,180.72486809915662,180.7679995587533,199.7474446280118,146.6546216856593,151.0702216568221,153.50393632255947,130.23007073395243,109.16794624128168
1982-03-31,352.68467494670455,303.4157288003999,291.7821222016541,309.20049872358135,231.35432312968237,336.34141352866686,258.9420892958229,258.86593506545574,281.09835139651045,191.1438860743073,272.8386827669479,205.51231954237133,219.14729470774802,226.33271688281624,223.71568806330356,195.6853660188075,194.98763156858,177.61640036785113,179.64723796148905,191.25817823132132,148.8984373974499,152.27878343007666,152.39870798103706,126.84408889486967,104.65931006151675
1982-04-30,368.5202168518116,313.82288829825364,302.4321696620144,325.89732565465476,242.8989038538535,360.0871173237907,270.3614354337687,276.8312309589984,296.81174923957536,202.59340485015832,283.4521075265821,214.14383696315093,230.76210132725862,236.22345661059532,235.9976793379789,205.72402529557232,205.1659859364599,185.6801849445516,188.82721182132113,200.8784645963568,153.14204286327723,157.44103418835627,158.0069804347392,132.60281053069676,111.74474535268143
1982-05-31,361.77629688342347,308.017164864736,299.83125300292113,322.8664805260665,235.56335695746716,347.19599852359903,264.33237542359564,272.7341287408052,291.32073187864324,192.80814339589568,277.5846489007819,206.7344602042259,222.10852252748646,234.19193488374418,226.58137193239352,202.5147305009614,196.2822987454112,177.02748832613548,180.76428987655072,190.09129104753245,150.58457074746048,152.82801188663743,153.31417311582746,132.60281053069676,103.4421107729772
1982-06-30,356.5667182083021,304.29015716987266,292.5153704296498,313.1804861102845,226.84751275004083,349.0708569156265,258.2262975513106,268.75221046118946,284.9990719968767,186.2526665204352,274.6144931575435,204.89452350840827,218.04393656523345,227.61114151351097,216.8383729393006,200.0440507888497,193.43620541360275,173.5400468061106,177.09477479205674,180.62474475336535,148.94319892631316,151.620670592733,150.79982067672788,128.87667155478417,100.16299586147383
1982-07-31,352.5731709643692,300.79082036241914,288.8881798363222,314.1200275686153,224.05728834321533,349.2453923440843,255.6698572055526,266.92469543005336,287.1080651296536,183.4216259893246,268.16105256834123,204.81256569900492,213.48681829102009,224.1969743908083,212.11129640922383,199.26387899077315,186.3951275365476,167.57026919598042,171.091261926606,175.9465638642532,151.32629010913416,151.120322379777,144.96386761653852,118.81140350635553,97.98945885127985
1982-08-31,377.0770063463929,319.1390604045267,303.6214770079746,334.7891253826302,241.08564225729972,374.9149286813744,276.7881874107312,285.44926929289903,309.5599158227925,201.52534047447097,294.4408357200387,232.0116744238328,234.96359221109668,250.89883404075354,231.20131308605397,224.0124527614272,209.89955311890625,191.66687390636238,188.7649892836244,198.2741828186269,170.10588271167774,170.6299559990062,161.7506834865337,137.4172692954508,108.98387613439347
1982-09-30,391.59447109072903,330.59615267304923,318.8632751537749,347.34371758447884,248.07712588276144,396.02263916613583,291.098136699866,301.71987764259427,324.82121967285616,205.07218646682168,301.18353085802755,241.03692855891987,247.11120992841037,259.6802932321799,240.07944350855843,226.4541884965267,213.215966058185,197.07187975052182,203.63967043917398,201.14915846949702,170.80331683079558,170.3910740606076,164.85629660947515,141.10005211256887,111.35972463412325
1982-10-31,444.53804358219554,365.1765102426502,356.7442322420434,389.19863555340856,283.7258088721142,449.05007055048145,328.096709874419,339.947786139911,363.4099805699915,235.13576900285776,342.77697646952123,266.9966057647155,281.1384235355525,296.3211826072405,276.1153679791931,256.0517509330228,237.4586213990006,223.4795116370917,229.3389968485977,233.6950923098616,191.28263451880795,188.99777934802594,179.05042374755095,154.99840724565692,128.0302754118515
1982-11-30,492.19252185420686,399.6126551585321,388.6014921812578,425.62762784120764,310.36766232520574,490.3626770411257,348.6683735835451,370.54308689250297,392.08302803696375,254.44041563799237,364.23481519651324,283.01640211059845,300.1152671242022,317.21182598105094,299.30905888944534,276.1262082061718,247.36064591133893,236.0837560934237,243.71855195100477,252.41406920388152,205.83924300568927,197.2191827496651,180.93045319690023,159.84985739244598,133.93247110833786
1982-12-31,501.59339902162213,402.84951766531617,396.1792212787924,432.0546050216098,317.8475229872432,496.2470291656192,351.3531200601384,377.1758081478788,399.49339726686236,258.3333539972537,373.59564994706363,290.7993531686399,300.6854861317382,315.0230643817817,302.75111306667395,282.0629216826045,253.22309321943766,239.41253705434096,245.10774769712552,259.9360084661572,213.74346993710773,197.29807042276494,181.72654719096658,162.9988995830772,133.67799941323202
1983-01-31,557.0194696135114,436.0846028727048,425.33801196491146,473.7910798666974,346.54915431299133,532.7708105122088,372.11808945569254,399.24059292452966,416.0324239137105,278.5866889506384,396.23554633385567,299.40701402243167,314.1261273618269,325.1038024419987,313.80152869360757,282.0629216826045,257.14805116433894,249.92274743102652,252.04429695695416,271.42518004036134,218.23208280578697,211.6219103354577,185.12483362343767,166.06327889523902,140.20148578459774
1983-02-28,594.7296877063461,458.84821914266,449.36960964092896,497.24373832009894,364.1885062675226,560.0486760104337,392.8450670383746,424.07335780443543,436.29320295830814,292.6831754115407,414.4227579105797,313.5689657856927,322.67035802606864,338.6606310038301,330.93509216027854,298.902078107056,267.8968397030083,260.49447964735896,256.4046632943095,282.9607501920767,222.2911995459746,214.60577927118766,190.23427903144454,169.55060775203904,147.1554794795138
1983-03-31,631.9002931879928,484.3142953050776,473.6805055225032,525.7855288996725,379.48442353075853,602.6123753872267,421.758463972399,447.1429484689967,455.8827677711362,300.93684095814615,439.41245021258766,325.6727278650204,340.9335002903441,353.155306010794,341.19408001724713,312.5619030765485,283.5955945096046,269.4554897472281,272.4555952165333,288.6199651959182,228.5598113731711,219.62755450613346,194.1911520352986,177.51948631638484,151.70258379543074
1983-04-30,686.938808724667,524.028067520094,514.322292896334,567.3751642356367,401.228880999071,663.5967477764141,452.9264144599593,483.22738441044476,489.93721052364003,322.96541771628245,469.6000855421924,339.61152061764324,359.03706915576134,381.195837308051,362.41635179431995,341.16131720805265,298.7679588158685,286.16173011155627,287.0319695606178,309.63149866218106,257.08407583254285,237.65897673108705,207.74569444736244,189.5730594372674,159.894523320384
1983-05-31,767.7228126306877,561.6008799612848,556.136695308806,612.4247522759462,439.9073451273814,704.6070267889966,471.0887636798037,504.34442110918127,521.9791040918861,347.76916179689294,493.0331298107478,352.2450691846195,378.0301301141011,396.29119246544985,377.74656347521966,347.54103383984324,310.300402026161,292.9437631152001,296.18828938960155,330.28391962294853,249.7057628561489,234.0465602847745,202.71824864173627,187.26026811213274,163.25230831011206
1983-06-30,799.429764792335,582.3239524318562,567.5931112321673,631.5936470221834,459.92312933067734,755.3387327178043,493.1828266963865,514.7339161840304,534.1934151276363,367.3137886898783,509.007403216616,366.08830040357503,390.0136852387181,410.6369336326992,389.94777747546925,347.9233289770671,317.34422115215483,298.01169021709313,306.67335483399347,353.6019643483287,261.96631581238574,239.64027307558064,207.94837945669306,196.9228979467188,171.0394434165044
1983-07-31,789.9165505913063,577.7818256028878,557.5467131633579,629.6988660811169,451.7364976285912,739.3255515841869,490.8648674109134,507.1673276161251,530.0801258311535,351.8131468071655,499.8961706990386,359.2058403559878,387.3615921790948,412.8543730743158,383.31866525838626,335.53725846548355,309.95010079930967,297.0282516393767,300.0185430340958,336.7705108453482,251.19950023249672,235.61431648791086,201.10687777256783,191.0349032981119,158.74170743485777
1983-08-31,754.4492974697565,568.2484254804402,547.4551176551012,619.4977444506027,435.6546783130134,718.328705919196,484.4836241345716,497.2775647276107,522.3409559940187,338.8664230046618,491.14798771180546,356.83508180963827,383.5267124165218,405.50556523359296,370.3241625061269,334.094448254082,310.6009960109882,300.94902456101653,301.3686264777492,327.1388742351713,251.8777388831244,237.99402108443877,205.35023289356903,197.28174463596017,157.31303206794405
1983-09-30,750.9788307013956,576.942626390291,555.502707884631,633.6842427985215,442.7994150373468,732.6234471669881,504.97728143546396,526.0202079688665,541.092996314204,340.3235486235818,510.4009888301082,378.70907232456904,398.4075488582828,421.0769789385629,380.8784011375515,343.95023447757745,317.34103762442663,306.3059171982027,313.8151507512802,337.08389601192044,257.570175781883,245.25283872751413,208.3483462938151,197.972230742186,157.48607640321882
1983-10-31,702.0150109396645,552.5956475566207,544.5037542685154,610.8716100577748,419.3310460403675,696.871422945239,484.5257015373277,502.50710467265833,523.3992553347296,312.79137353993406,494.47647797860884,362.42458221461254,389.6824235382864,405.74977690519927,363.2437311648829,336.1081691314887,306.900517486583,299.9347541204801,309.5472647010628,315.0049008231397,249.86882752600468,243.36439186931224,210.43182975675325,195.99250843476415,151.09214170124815
1983-11-30,730.7976263881908,571.3286400087902,568.516369831757,648.134778271299,436.984883078667,731.3665583810285,510.5931842800359,523.8636566212463,549.7262378780665,332.3408343861799,523.4527995881554,375.87053421477464,407.6078150210476,423.0347174013607,383.62170448323286,358.089643392688,319.36067849653824,315.02147225274024,323.04352544202914,329.085619889934,254.94116472478257,242.78031732882593,214.13542996047212,200.48073687792024,158.64674878631055
1983-12-31,722.247294159449,568.8719268567525,575.0543080848222,640.162720498562,426.5846428613947,724.637986043923,513.6056840672882,526.6925203670011,548.3519222833713,330.0809167123539,522.3535487090202,371.84871949867653,403.77630155984974,420.1580813230314,370.8087395534929,350.14005330937033,311.12117299132757,312.50130047471833,321.5575252249958,320.2003081529058,256.9806940425808,241.517859678716,211.822767316899,198.7766506144579,157.63140959407818
1984-01-31,742.1813194782497,578.0876520718318,577.5270416095868,642.1472249321076,423.8971596113679,735.4350920359774,525.367254232429,526.9031973751479,539.4686211423807,314.1380084351472,512.4810666384196,372.1090136023256,403.33214762813395,411.50282484777694,345.29709827221257,343.2773082645067,305.11653435259495,305.7200222544169,313.0684065590559,299.7395084619351,254.07681219989965,243.1118775525955,216.5887795815292,196.2919424817772,146.09279041179164
1984-02-29,697.576222177607,553.8079706848149,554.945734282652,610.2325078529818,395.96233679297876,694.3242703911664,497.1550326801476,507.4604693920048,513.034658706404,297.36303878471034,491.26435047958915,355.7734279051835,389.1751892463864,391.5449378426598,326.651054965513,325.2895773114465,287.69438024106176,290.495165146147,300.1699882088228,280.6161278220637,242.44009420114426,238.1280840627673,211.32567223769803,188.538410753747,136.33379201228396
1984-03-31,704.272953910512,568.7054050962363,559.4407947303415,623.2304602702504,396.2395104287338,705.9194857066988,505.05979769976193,517.7619169206625,523.603172675756,295.5193879442451,502.17041906023604,359.3667395270258,403.06874350248245,392.7195726561877,328.9702774557682,332.73870863187864,296.21013389619725,296.21791989952607,306.5335919588499,280.53194298371704,249.76178504601882,243.0335225944603,210.39583927985217,191.61158684903307,139.19680164454192
1984-04-30,687.7929667890061,563.4733153693509,558.8813539356111,618.4315857261695,391.2468925973318,695.5424692668103,501.8274149944835,521.0238169972628,524.1267758484316,298.0608546805656,499.1071795039686,355.9886921754718,405.0034734712943,392.52321286985966,329.52952692744304,325.5182786545668,292.15205506181934,291.44881138914366,304.2039366599626,278.98901729730665,248.86264261985312,246.55750867207996,213.00474768692234,193.8917647325366,141.24299462871667
1984-05-31,651.4774981425466,549.5555244797279,540.8853743388844,583.4283579740683,371.64542327820544,646.5067251835002,477.68951633324883,505.13259057884625,499.38799202838567,280.9223555364331,461.923694630923,341.74914448845294,392.2863644042957,372.89705222636667,314.0745921145459,293.7151428300156,275.96683121139455,277.37183379904803,294.13478635651785,265.067465334171,230.1979444233641,236.79383132866562,203.10002691948048,182.10314543679834,133.29101403111994
1984-06-30,659.7512623689569,562.1403459903136,554.137066010187,593.6383542386144,381.60552062206136,667.7767964420373,488.53306835401355,518.1144981567227,515.1686525764827,294.153798482199,454.5329155168282,344.85906170329787,400.56360669322623,389.6401298713305,332.4479557532469,298.56144268671085,279.6923834327484,284.361604010784,306.4590339048559,284.4704037966323,231.27987476215392,239.46960162267956,205.67939726135788,189.7150569160565,141.9282717403365
1984-07-31,625.3122464732974,550.504040828314,535.5734742988458,578.4412123701059,366.72290531780095,617.9606474274613,474.3167560649117,510.2909692345561,510.17151664649083,280.71096989156257,427.4427537520252,342.2036469281825,388.18619124640554,379.15881037779167,326.829585301017,276.6171766492376,275.27324377451095,276.7975853440972,296.6523448199006,272.0674941910992,219.045169387236,236.4283376820715,205.0623590695738,187.77996333551275,139.8986974544497
1984-08-31,676.5878506841077,596.3059770252298,581.2043343091075,631.8313362718667,410.399603341151,690.9417998886445,527.4876644197883,566.6270922380511,558.2806906662549,321.8070558836873,478.99234985451955,384.5000176885058,428.7904668507795,428.1082127975646,371.53987257019617,312.38377758998405,307.8655958374131,310.3177729292673,333.88221409479803,308.00761017374333,248.41912660206438,261.2296703049208,227.37314373634342,206.6330716543982,157.33007515727414
1984-09-30,681.9328947045121,603.9386935311527,590.5036036580532,634.2322953496998,411.3024824685016,700.8222676270522,537.0879399122285,574.7298596570552,556.773332801456,321.1956224775083,469.4125028574291,392.19001804227594,443.0263103502253,432.5177273893795,366.26400637969937,315.5700921214019,317.0092040337842,316.803414383489,334.716919630035,305.42034624828386,241.7863359217893,262.7970483267503,230.37446923366315,203.5749021939131,152.21684771466272
1984-10-31,663.9298662843131,597.1141862942507,588.4958914056159,627.9533956257378,402.953042074391,681.129161906732,536.6045607663075,578.5230767307917,553.5440474712075,316.2492098913547,439.93339767798255,393.91565412166193,452.8614944400003,429.05758557026445,367.25291919692455,308.72222112236744,317.9285307254822,318.3874314554064,340.5075223396347,311.8341735194978,239.48936573053228,261.11514721745914,235.53485734449723,206.62852572682175,150.28369374868652
1984-11-30,632.5923765956935,592.3372728038966,578.9034083757044,621.1714989529798,388.08407482184595,663.8965941104916,532.4190451923303,581.1264305760802,555.3153884231155,309.13360266879926,433.55436341165176,397.02758778922305,455.26166036053235,436.6089990763011,359.57733318570877,309.89536556263243,320.0904447344154,321.12556336592286,338.4304264533629,301.57482921070635,238.89064231620597,259.83568299609357,236.50055025960964,202.66125803286678,144.82839566560918
1984-12-31,625.5706012154814,594.2327520768691,582.4926095076338,634.4645690305737,400.1146811413232,659.1829282923071,539.4469765888691,593.911212048754,577.9722562707785,320.787939489413,430.3894165587468,402.8241905709457,469.9666119901775,451.017096045819,373.27722958008434,311.723748219452,327.5485520967273,329.02525222472457,344.9959767265581,312.3712080964496,243.549009841372,265.57805159030727,241.4197617050095,209.9773294478533,147.78289493718762
1985-01-31,704.1422687281457,660.7273970342707,637.1886655404006,698.1013653043402,452.96983052009193,718.5753101314441,613.944604055792,650.6891239206147,637.9657764716853,358.7050739370616,491.07432429353014,439.84373368441567,508.2688908673769,494.495144104636,415.793506029256,338.7813695649004,360.92574955538385,355.24856482703507,374.83812871340547,347.91905157782554,264.9326129054445,281.1940410238173,253.780453504306,228.3083503086509,166.96511470003455
1985-02-28,735.0541143253114,682.4653283966982,653.2458199120188,713.5992156140966,474.1688185884322,743.5098733930051,634.5731427520667,656.8706705978607,650.3423125352361,370.50647086959094,492.4984398339813,445.0778741152602,514.3172906686988,507.7476139666402,424.0262174486352,339.05239466055235,365.00421052535967,357.3800562159973,377.76186611737,356.06035738474674,267.0255805473975,288.9549965560747,256.318258039349,233.19414900525604,170.00387978757516
1985-03-31,714.4725991242026,681.1686442727444,641.683368899576,713.5992156140966,467.10370319146455,732.9520331908244,614.0764302411749,645.5068079965178,645.9199848099965,364.17081021772094,492.9416884298318,441.2502043978689,513.2372243582945,512.3173424923399,418.9379028392516,338.8828684632221,364.05519957799373,355.30725188994444,378.1774041700992,353.2474805614072,260.5368589400958,290.48645803782193,257.907431239193,233.45066256916184,171.51691431768455
1985-04-30,690.5377670535419,660.4611174868529,642.0042105840257,726.8721610245187,458.88267801529474,716.7537932573073,605.4793602177984,646.0232134429149,647.2764167780975,362.1314536805017,485.79403394759925,440.0147038255549,518.21562543457,520.3607247694697,419.31494695180686,330.6141264727195,356.5920679866449,359.35775456148986,383.0180749434764,351.5165679066563,269.52538057352905,288.24971231093065,255.58626435804027,232.00326846123303,168.85840214576046
1985-05-31,684.8063035869975,676.1140459712914,663.3829507964738,750.3501318256107,478.33930356314323,724.7097603624634,631.2727809630766,667.2127748438425,681.3878839423032,377.8479587702355,498.9104728641844,463.3354831283092,537.0268526378449,541.3832980501562,445.102816189343,345.1611480375191,369.1441087797748,381.350449140653,405.6927449801302,379.14577014411947,282.05831077019815,305.02584556742687,269.1578949954522,247.43148581390503,186.57164853085072
1985-06-30,670.4938518420292,682.5371294080187,662.586891255518,768.4335700026079,489.2932736147392,732.9714516305955,627.6113988334907,676.15342602675,703.3967125936396,385.93390508791856,491.6762710076537,469.5441786022286,555.0172522012127,555.8923704379004,464.28674756710365,344.5398579710516,377.3021935838078,389.66388893191925,416.03790997712355,391.2026056347025,283.89168979020445,311.0653573096619,273.46442131537947,250.69758142664858,190.34039583117394
1985-07-31,690.9439143232112,705.6068843820098,673.9171270959873,784.109614830661,502.2595453655298,746.9712063567398,639.1594485720269,699.8864112802889,716.5502311191406,401.2940745104177,522.6518760811359,481.42364632086503,553.0191900932883,558.616243053046,469.44033046509855,357.21892474438624,381.1506759583626,385.14378782030894,414.0409280092333,384.94336394454723,289.3140210651973,311.37642266697156,266.40903924544267,252.67809231991913,182.5554736416789
1985-08-31,681.4088883055508,704.4073526785604,674.2540856595352,788.0301629048142,495.5794934121683,742.2652877566924,635.2605759357376,705.9754230584273,728.659930025054,402.01640384453646,524.6379532102442,478.4869620783078,554.3464361495122,558.7279663016566,462.8681658385871,356.0758241852042,381.49371156672515,387.22356427453866,414.7033934940481,379.51566251292917,285.32148757449755,312.6530659999061,264.3310487393282,250.40398948903987,182.19036269439556
1985-09-30,636.504042566215,678.6260435705251,652.6779549184301,751.2291542971595,471.3952141336545,685.778899358408,594.4768469606631,676.465650374585,701.845244600132,383.84526239076337,494.3663433100132,463.7974123425038,531.2856244056925,538.5578867181667,440.2339125290802,330.8300482504733,363.29646152499237,370.1470050900315,391.9361771912249,362.133845169837,272.5676170799175,307.8694740901076,256.136786228409,242.2157790327483,174.04645348195606
1985-10-31,645.9879528004516,696.677496329501,673.2373104983607,768.5825477614238,487.94118614974576,705.5979095498659,610.527721828601,707.7860099869283,734.7617865718781,404.61129108610373,489.57098977990603,482.4420683186725,556.6279486898441,562.7929916204843,467.04415780210115,333.6751866654273,381.71559212430947,386.9146644206099,414.7860563214733,387.8091347923784,281.39880787330685,324.70993432283643,267.73978264455593,251.51686494760582,186.69963065009426
1985-11-30,672.2150636841499,732.6260551401033,708.5149455684748,815.6197996844229,516.4369514208909,750.4739365972375,655.035192749906,761.2238537409414,791.3384441379128,437.46572792229534,517.0848794055368,509.36233573085445,596.3711842262989,593.915444057097,501.1383813216545,358.60072310933475,401.9465185068978,407.49852456778626,448.6740771229377,419.0665510566442,302.36301905986824,340.7506050783846,284.09868336413825,272.54367485722565,202.43840951389723
1985-12-31,680.012758422886,769.4771457136505,747.412416080184,862.7626241061826,544.4278341879033,749.2731782986818,699.3155717797997,792.8146436711905,821.4884388595673,455.75179534944726,528.7709976801018,530.5518088972581,623.3271617533275,618.265977263438,519.4299322398949,366.3464987284964,413.68335684729914,434.7601758613711,467.15944910040275,436.0806530295439,296.67859430154266,351.99537504597123,297.36609187724355,290.4770486628311,211.50765026011982
1986-01-31,693.2730072121325,781.4809891867835,759.669979703899,879.413942751432,557.0585599410626,729.7171483450862,697.1476935072823,796.9372798182809,842.2720963627145,462.0411701252697,535.539266450407,543.8156041196895,633.3003963413807,632.0533085564126,537.3502649021713,371.65852296005954,414.3452502182549,448.5855494537628,485.65896328477874,444.3661854371052,281.96333602418616,354.63534035881605,299.12055181931925,293.1203898056629,217.64137211766328
1986-02-28,723.6383649280239,836.7316951222891,813.1507462750534,947.3046991318424,603.7400672641238,744.603378171326,749.0851966735748,865.0754172427438,890.1973786457528,507.22879656352103,561.3522590933167,580.9038283206523,681.4945565029598,692.793631508684,584.2072080016405,378.90586415778074,434.35812580379655,486.84989682216866,526.2600526153861,486.98090262052364,296.9637855006729,380.59464727308136,321.0161762124934,318.0649349781248,240.2107824062649
1986-03-31,748.0973416625911,887.2702895076754,857.6300920962988,989.9334105927753,634.4100626811413,775.5788787032532,782.1198538468796,925.4576813662874,951.0868793451223,536.039392208329,583.6940790052307,617.907402184678,710.321776243035,730.4816050627564,618.1496467865359,389.40155659495133,457.16192740849584,512.5068863846969,556.4147536302477,517.7580956661407,306.6448049079948,396.1990278112777,340.405553255728,335.11321549295235,261.1811837103319
1986-04-30,742.561421334288,896.9415356633091,868.8650463027603,1021.6112797317442,643.9896546276265,769.3742476736271,775.4718350891811,926.9384136564735,960.5977481385736,541.7214097657372,569.2768352538014,613.2730966682929,714.1575138347474,743.0458886698359,630.8835295103386,380.79578219420284,449.2530260643289,504.46052826845727,547.7903249489789,522.2108152888695,299.43865199265696,396.3178875196211,333.29107719268325,331.72857201647355,253.76363809295844
1986-05-31,781.7686643807383,922.683757736846,885.8079147056642,1039.7959605109693,670.5864273637474,784.607857777565,803.3112739688827,960.6789719135691,995.5635061708177,574.7122436204706,586.0705018937887,649.3335547523885,749.0084005098831,777.7461316707172,669.304336457518,394.42827119675536,461.83211079413013,528.6241875725163,572.4408895716829,556.4678447718193,313.9614266143008,420.53291044706987,350.58888409898356,347.3861606156511,271.78085639755847
1986-06-30,762.7716858362863,910.2275270073986,898.3863870944847,1060.903818509342,693.7216591077967,759.5004063286829,793.4305452990654,950.3036390169024,1013.5832056325095,597.3559060191172,556.3567274477737,656.7359572765657,734.0282324996855,802.0118109788434,696.6119533849848,377.3100842268162,450.00920875780037,532.1659696292522,589.2706517250905,575.665985416447,296.4109828665614,414.0146503351403,354.79595070817135,356.0708146310423,283.27718662317517
1986-07-31,675.8157136509498,845.9654636006765,850.2328767462202,1001.5992950546698,656.5381781796187,672.2338096415172,727.575810039243,852.8975160176699,970.607277713691,561.4548160673683,479.91331309644954,597.3013531430365,676.6272247182101,770.8135515317664,651.3321764149608,338.18302849249534,416.7985291514747,489.8055584467637,557.8035989229707,548.8975170945823,262.64977191806,390.7884284513389,335.74340815514256,336.91420480389223,271.0112844423917
1986-08-31,698.3203769155265,856.5400318956849,864.5167890755567,1024.5359189114217,667.1084428483106,716.4667943159291,761.7718731110874,900.4039076598541,1002.2490749671572,569.9889292715923,533.1356995188459,644.8465408532223,719.8637043777037,809.5854731738141,666.9641486489198,384.07446545892697,453.9352780988711,535.1125726030893,591.1602541385644,572.1158820676832,287.3125855011659,433.4625248382251,358.30536518316813,359.7906793100765,283.4236012698533
1986-09-30,666.4071356904869,815.9400343838295,821.8096596952244,972.0796798631568,624.0799482845946,678.7806409349113,746.5364356488657,867.0889630764394,952.7379706637797,527.8097485054944,510.424118719343,612.4752445023905,680.6311324891188,760.9293862360679,616.4082661813318,372.3217868158838,431.6470559442165,512.7448670682803,542.4486491975466,508.09611486430936,260.21900868840595,410.4890110217991,325.8428990975731,328.16507859872075,253.040591213725
1986-10-31,675.4702727358776,832.666805088698,845.6421398263858,997.4509595075853,640.3684349348224,700.162231124361,755.2709119459574,891.107327353657,1007.3298563828142,548.3415477223582,517.9783956763893,646.2838779989224,700.505561557801,780.637457339582,634.4073875538265,394.58662966747363,456.0782793106592,535.9722095464733,572.6087940929302,543.8152717392703,282.3116025260517,432.12178190264797,352.92044401258136,337.38651730734483,271.6643787270551
1986-11-30,674.9974435449625,841.0767398200938,842.4286996950455,996.5532536440284,645.6194561012879,684.4785971471753,753.9869513956492,900.3748435581349,1013.273102535473,547.9577086389525,511.19287869302855,658.6279000687018,699.8050559962433,776.5000788156823,630.6009432285035,394.46825367857343,467.75388326101205,539.1344455827975,579.1365343455897,548.8183722392716,286.0663468396482,443.96191872678054,359.978852892833,345.71996428483624,277.1519991773416
1986-12-31,657.650009245857,811.8072692743546,835.4365414875767,964.6635495274195,629.8663413724165,666.9559450602076,731.3673428537797,882.907571593107,997.5673694461731,537.6561037165401,504.59849055788845,644.6649885872453,681.8900465627394,764.9302276413287,617.4213835150279,380.26739654614477,453.7212667631817,523.2838928826634,559.3300648709704,524.9447730468634,282.8624037550441,440.76539291194774,349.7554534706765,335.3483653562911,265.0127416133741
1987-01-31,736.7653053581337,880.8920678896021,918.061215440698,1061.0334381252087,699.6555319964802,754.7273474301309,807.7952301819996,982.4995456688094,1098.7207007080149,589.1635584525848,579.2790671604561,722.6694522063019,754.238580503046,847.0072410672432,680.0279118034516,454.76177952953446,508.9391449282608,595.4447417111826,618.5631187408063,583.1086539004557,327.27180114458605,498.8582716977424,397.91677941358864,378.87658317953765,302.11452543924645
1987-02-28,796.6643246837498,943.4354047097638,971.6759904224347,1125.9686845384713,758.4265966841847,800.5392974191399,870.0762424290317,1065.2260074141234,1156.6232816353272,623.865292045442,616.2949995520092,772.89497913464,804.018326816247,880.887530709933,720.2175613910356,489.36915095173214,536.7272222413438,619.9175205955122,633.7179151499561,633.4892415974551,346.2535656109721,508.7356654773577,410.1726162195272,398.23717658001203,323.26254221999375
1987-03-31,835.5415437283168,970.889374986818,1001.4092757293611,1139.2551150160252,759.4883939195425,855.4562932220929,892.1761789867292,1093.1349288083734,1184.1509157382482,628.4195086773738,641.7479830335072,779.6964549510247,809.3248477732343,874.6332292418923,732.7493469592397,506.98644038599446,541.5577672415159,621.4053226449414,638.5975430966107,637.29017704704,363.8778721005705,545.5172540913707,419.6886209158202,398.6752374742501,326.65679891330365
1987-04-30,822.3399873374094,945.7433401746594,976.9748894015647,1124.4447985208171,726.6025464628264,863.4120367490585,870.5855154552504,1058.2639245793862,1133.1140112699295,600.9575761481725,655.4813898704243,765.0381615979455,788.2014692463529,835.5371238947798,700.8747503665127,501.6123841179029,541.991013455309,614.5077235635825,612.734342601198,608.1022869382855,355.65423219109766,547.590219656918,421.19949995111716,387.1933906349916,317.90239670242715
1987-05-31,847.9147609436027,951.1340772136549,965.4465857066261,1126.6936881178588,708.4374828012557,863.0666719343589,880.0748975737125,1080.910772565385,1128.2416210214687,592.6042658397129,680.5863271024616,756.3932303718888,783.7875410185733,826.4297692443266,701.3653626917692,507.8825389193766,549.1452948329191,612.2954957587535,612.6117957326778,617.0413905562783,366.6439479658025,558.2134699182621,422.08401890101453,388.39369014596014,319.01505509088565
1987-06-30,867.5863833974944,975.7684498134886,976.0664981493991,1146.97417450398,716.3719826086299,875.2359120086334,904.1009422774749,1126.0928428586183,1177.7714281843114,622.2344791316984,701.956737773479,790.3552864155865,808.3200910524548,862.9579650449259,737.5558154066646,523.1698033408499,557.931619550246,644.502238835664,638.7703194104631,644.7465489922552,380.13644525094406,585.3984659032816,440.571298928879,408.6678407715793,337.9326478577751
1987-07-31,929.3585338953958,999.2844694539937,1011.4001053824072,1168.5372889846549,736.7169469147149,915.7593347346332,939.7225194032075,1164.3799995158113,1220.6423081702203,639.0970335161675,765.7646052370882,835.7216798558411,845.3411512226573,885.1359847465804,759.0186896349985,572.8186176778966,593.9740021731918,678.1452557028856,666.301320177054,668.1508487206739,414.76687541330506,607.233828681474,457.04866550881906,430.40896990062726,354.99824657459277
1987-08-31,923.2247675716861,1011.0760261935509,1051.653829576627,1203.94396884089,755.5032290610402,933.4334898950116,977.4053924312761,1233.0784194872442,1258.604283954314,655.7135563875878,761.5528999082843,863.5512117950407,856.2460520734295,923.1083184922087,798.0322502822373,572.5322083690577,611.7932222383876,698.9643150529643,693.8861948323841,703.7632889574859,425.7581976117576,621.9896107184338,478.80418198703893,452.23070467458905,369.4111753855212
1987-09-30,907.2529790926959,1005.1106776390089,1044.502583535506,1192.8676843275537,743.1129761044391,914.7648200971114,959.9098359067563,1238.3806566910391,1222.1047597196389,641.4845722139771,741.2955927707239,864.3284078856561,840.148626294449,889.9687298583384,773.1336440734316,572.5322083690577,613.7509605495504,679.1836249369653,690.347375238739,671.5309303232331,437.97745788321504,612.0999759080107,464.10489360003686,442.37207531268297,349.6476775023958
1987-10-31,609.764727248201,726.09195352642,750.9973575620287,910.0387563734907,539.6486432470437,622.2230306300551,678.1762990681233,914.9156291633398,929.4106697667853,469.43840994618853,487.03120445036564,631.3919019604718,627.3389792540651,696.1335404951923,583.2520210889968,404.8947777585976,454.8508368632718,509.7273105151924,556.3509497048997,512.8481714878532,325.855228665112,458.4016719575092,369.2418533481893,360.754427417493,268.4245220185893
1987-11-30,570.3129493952423,695.3782638922524,735.8272109392758,886.1957409565052,512.4503516273927,587.005207096394,661.4253444811407,889.9384324871805,906.2683440895923,452.7264025521042,463.9946284798633,598.4332446781352,618.2425640548812,674.2749473236432,557.8222329695164,386.7959811927883,433.29090719595274,488.26779074250277,531.0369814933268,479.20533143824997,301.48125756096164,422.23378004006173,335.08698191348174,330.9561117128081,244.77632162875156
1987-12-31,573.9059209764323,731.6770092674279,777.7693619628144,924.9224948363046,535.561862485788,618.2338841139222,707.1298357847874,966.3841438378295,963.5445034360546,477.08308300940746,501.06779929540437,647.5047707417423,679.0158081014761,721.069628667904,586.8289890839313,428.64730635784804,474.366885198129,532.3095454674766,567.7847406126649,526.3591360517738,331.9610127003749,459.05256565955506,358.27500106189467,352.50135458531184,259.8790206732455
1988-01-31,623.4913925487962,783.6992446263421,828.4021474265936,959.6995806421498,574.4436537022561,648.8982847659727,733.2936397088245,994.5059224235102,1010.6618296540776,504.2768187409436,526.0209757003156,672.8222072777444,716.293775966247,765.7038386824473,612.297367210174,424.31796856363377,492.81975703233627,559.1911775135841,600.5459201460158,557.0985095971973,344.27676627155876,456.11462923933396,379.126606123697,369.703420689075,273.60063296479285
1988-02-29,669.1933116226228,837.8528624300221,881.834085935609,1028.030190783871,614.597265096044,700.6154780618207,807.4296266833866,1072.4751867415134,1112.7386744491394,562.1677975324039,566.57719292681,732.3669726218247,774.6717187074961,822.6722042804214,658.097210277495,468.7440598722462,531.1611341294521,599.6766187655677,640.0017870996091,597.4881515429943,365.93177487003976,492.0108505604696,390.7657929316945,378.5393324435439,287.253304549736
1988-03-31,695.8941247563655,880.3320025552242,941.2697033276689,1068.945792377069,642.1926822988563,735.1558211302684,840.2920124894005,1115.9104318045447,1138.1091162265795,575.041440095896,576.4922938030292,752.8000111579737,783.4255091288909,826.8678325222517,672.6411586246277,478.7751827535123,537.003906604876,613.8889546303117,634.0497704795828,595.3969430125937,375.1898487742518,470.3131720507528,379.12097230232996,360.2937366197651,278.2622761173293
1988-04-30,708.1418613520776,896.9702774035179,953.2238285599302,1083.3765605741594,656.8988947235001,751.5497959414733,865.1646560590867,1138.4518225269965,1170.3176042157918,587.4048310579577,585.0820289806942,757.2415312238059,798.3889363532526,829.0176888868094,673.4483280149773,485.95681049481493,541.2999378577149,622.2378444132839,633.0352908468154,594.9206254581836,391.4730882110544,484.798817749916,381.50943442783466,360.50991286173695,281.6570758859607
1988-05-31,688.1014466758137,893.2926992661635,939.8786949600911,1081.4264827651257,636.0095098712927,726.448032757028,854.4366143239541,1135.150312241668,1160.7209998612223,574.7168867071059,585.9011438212672,761.254911339292,784.976002222518,826.9451446645924,672.4381555229548,489.35850816827855,539.7301680379276,625.5979287731157,637.909662586336,586.29427638904,395.4661137108071,483.0535420060163,388.3766042475357,364.22316496421286,280.9529331962458
1988-06-30,723.7451016136209,940.0119074377839,995.3315379627364,1129.1173906550678,666.7923701490632,787.832891524997,906.6426914591476,1232.8867541256757,1225.953520053423,617.9930682761509,630.2538604085372,819.1102846010782,840.3168103792054,871.8482660198798,721.7951161383396,539.3220118522598,572.0060320865956,662.0702880205884,671.0809650408255,634.8980719016914,419.0754406993424,512.3748920057815,409.50429151860163,374.8949036976643,293.7924822433142
1988-07-31,722.4423604307165,934.089832420926,997.8198668076433,1139.392358910029,661.0579557657812,784.9179098263544,900.8401782338091,1234.7360842568642,1220.191538509172,615.582895309874,612.6067523170981,800.5164811406337,820.3172702921803,860.3398689084175,717.3921659298958,517.7491313781694,563.9979476373833,651.2123352970508,658.6659671875702,630.7712344343305,429.8456795253156,490.03534671432936,407.0882161986418,374.33256134211786,295.2026861580821
1988-08-31,696.0732142749953,923.6280262978116,978.2625974182135,1127.9984353209288,652.3980965452496,765.2949620806955,876.6075774393196,1209.1770473127472,1195.6656885851378,602.9018876664906,606.4194241186955,784.1859449253648,794.5593080050058,853.6292179309319,703.1878010444838,472.5496322088552,553.9587841694379,642.7465749381892,646.8758463749126,618.0296554987569,425.8481147057301,448.28433517426856,397.88802251255254,364.74964777175967,288.67870679398845
1988-09-30,698.9271144535227,948.7507086131122,996.9474130289013,1176.2767683526645,661.9231087548101,785.8813965606662,898.1721238443267,1239.4064734955657,1237.633554254476,629.6707314788828,610.6037181451144,794.6156179928721,813.2314517431237,878.8112798598945,731.1043567459499,476.4245391929678,565.2595433664944,667.7494167032846,675.7265091232338,641.9474031665588,451.7396800798385,462.36046329874057,411.0183272554668,384.0449041388857,302.1888702719471
1988-10-31,678.3087645771438,939.9273270230104,990.7663390681222,1176.8649067368408,655.303877667262,775.8221146846896,899.7888336672465,1228.1278745867562,1240.8514014955374,622.4924851400235,609.6878125678967,792.7880020714884,819.6559802118944,888.8297284502974,730.007700210831,479.6165836055606,577.5822014118841,671.4220384951527,679.4430049234115,642.3967663487754,500.8889572725249,488.11394110448043,419.7319157932827,394.75975696436063,310.52928309145284
1988-11-30,643.7150175837094,902.0482557439831,959.2599694857558,1144.5011218015777,639.511054215481,750.0648204771579,876.124387341798,1188.459344237604,1207.3484136551579,607.677163993691,594.4456172536992,775.8223388271587,797.7711655402369,869.719889288616,711.0275000053493,468.39355554919047,563.431437477293,659.7392950253371,666.6694764308514,623.5745410947562,493.0250006433463,477.5706799766237,417.4233902564197,387.8909371931808,307.39293733222917
1988-12-31,669.0130177747492,923.787618707413,994.3688843689345,1162.0119889651419,656.6499504684558,805.0445718181335,904.1603677367356,1239.444250105397,1232.8234651832818,620.0130104227629,627.199570764378,792.3473546441772,815.003022715906,891.8977464654757,736.2689762555393,491.5790365488754,573.7985759268752,675.4410902469401,677.9361905825327,631.2445079502218,481.3896106281633,488.02947786811177,426.81541653718915,395.8814904993603,312.2190064483452
1989-01-31,703.1326816812613,979.0301183061164,1049.4569205629732,1197.5695558274754,674.5764941162448,851.415139154858,952.7137794841984,1290.0135755096971,1282.2596861371312,637.3733747146002,674.1140986575534,839.8881959228279,854.2861684108127,928.108794971974,770.9472450371752,530.9053594727854,621.4812375863985,705.6333069809783,715.9006172551547,664.5742179699935,551.7687717020008,524.680491656007,455.41204944518074,425.73095488301203,332.7317951720015
1989-02-28,709.8124421572332,988.2330014181939,1050.2964860994234,1211.2218487639086,679.2985295750584,855.5019318228012,965.0990586174929,1302.1397031194886,1294.9540570298889,645.4680165734757,674.248921477285,855.3421387278079,866.8441750864515,924.3035489125889,771.4098133841975,535.4180550283041,620.176126987467,707.3268269177327,705.0189278728762,655.3366363402106,542.2783488287263,507.2610993330275,444.48216025849644,415.68370434777296,323.48185126621985
1989-03-31,726.6349970363598,1000.1906207353541,1080.2299359532572,1248.285237336084,689.3521478127692,883.3057446070424,985.7521784719074,1337.4276890740266,1315.6733219423672,656.9573472684835,695.8923118567059,878.7785133289498,881.5805260629212,944.9155180533396,787.3779965212503,526.5836571203372,624.331307038283,719.4221156580257,716.4402345044168,663.069608649025,570.2599116282887,503.96390218736286,454.7941463764936,432.35262089211864,333.8009223216123
1989-04-30,738.3338204886451,1029.4962059229001,1106.4795233969212,1262.8901746129163,706.1034050046195,915.8997265830421,1028.1395221461994,1399.2168483092466,1370.010630138587,687.6372553859217,726.3723951160296,910.414539808792,917.6371695788946,992.255785507812,828.0067011417468,536.2201380456394,658.1076307490541,757.7673144225985,754.5548549800517,703.914696541805,582.4634737371341,531.077160125043,477.9886478416947,455.18083927522247,351.05843000563965
1989-05-31,757.4566664393011,1053.277568279719,1124.515139628291,1305.7021515322942,733.994489502302,947.4066771774988,1059.292149667229,1443.8518657703116,1406.726915026301,712.1859054031992,760.8024466445295,959.2127591425434,955.3520572485871,1046.7306281321908,860.3817631563891,558.1515416917059,678.5747780653496,792.0183970344999,787.981635055668,733.3383308572526,624.342597498834,543.185719375894,496.4868085131683,476.8929653086507,367.10180025689743
1989-06-30,744.3526661099012,1038.3210268101468,1115.0692124554134,1301.9156152928506,717.112616243749,928.8375063048198,1024.7592255880775,1429.9908878589167,1410.2437323138665,713.7527143950863,724.4360896949211,952.977876208117,952.8681418997407,1054.1624155919296,849.9711438221967,550.1141594913454,684.3426636789051,788.5335160875482,784.6721121884342,725.6382783832514,606.8610047688666,535.7440750204443,492.2666706408064,478.6097799837618,365.70681341592126
1989-07-31,758.8675430990443,1059.6066078597548,1151.5319757027053,1359.199902365736,725.1442775456791,970.0778915847538,1064.1099798506596,1466.5986545881049,1460.3073848110091,741.7318207993735,745.4447362960738,983.9496571848807,996.414215984559,1097.6993233558762,905.3042652850216,581.3606437504538,725.4716577660073,856.3473984710773,851.1338400907946,783.3990853425582,677.0748230206244,565.9600408515972,539.2781376870034,520.2966918203474,402.4237774828798
1989-08-31,766.3803317757248,1077.9378021757286,1174.7929216118998,1387.7431003154163,738.2693889692559,1001.1203841154659,1079.7523965544644,1505.3168590692308,1530.6942007588998,769.3242445331101,756.4773183932555,1003.6286503285784,1032.1854863384046,1128.4349044098408,932.1012715374583,587.1742501879584,746.0025056807852,875.4439454569823,873.8591136212187,816.9285661952197,678.2935577020617,583.8443781425077,546.558392545778,529.8701509498418,405.88462196923257
1989-09-30,764.4643809462856,1071.793556703327,1152.2368975169516,1372.4779262119466,742.5513514252776,1011.4319240718551,1072.0861545389275,1518.56364742904,1544.3173791456538,774.7864466692954,738.700101411014,980.9466428311525,1022.276505669556,1125.3881301679342,936.8549880222993,560.3991043793875,726.1588390296764,858.3727885205712,859.9647537146413,810.8016019487555,674.3594550673896,561.2496007083928,547.1049509383238,532.6784627498761,410.91759128165097
1989-10-31,705.2183914229485,1007.1644052341163,1083.1026836659344,1334.3230398632545,686.0431935818141,946.1945649692204,1011.5132868074783,1428.0572540422693,1450.8861777073416,739.2237487671746,681.3031035313783,907.7680232759485,973.2072333974171,1087.8001666203252,902.8471519570897,532.9395482647975,677.9418921181059,828.4155782012034,822.0403080758256,775.0452513028155,643.6086639163167,530.436997629502,535.5610364735252,525.4340356564777,407.0549659236035
1989-11-30,697.9546419912922,1010.3873313308655,1084.8356479597999,1309.2377667138253,685.5629633463068,963.7937838776478,1007.5683849889291,1423.7730822801425,1469.8927866353079,745.5810730065723,675.239505909949,921.9292044390534,987.0267761116604,1089.866986936904,924.8766224648427,542.9055178173492,689.8736694193846,848.4632351936725,826.8081418626654,785.0433350446217,680.5518012251133,527.9439437406434,548.7358379707739,540.8292529012125,413.3643178954194
1989-12-31,688.671845252808,992.9076304988415,1074.5297093041818,1281.3510022828207,679.5300092688592,986.4429377987726,1014.9236341993484,1428.6139107598951,1487.3845107962682,736.4849839158921,681.0465656607745,937.1410363122976,1008.4452571532836,1092.264694308165,922.5644309086807,561.3100148713573,696.4964566458107,863.5658807801198,846.9822605241143,794.8563767326795,688.5142572994472,525.145840838818,560.4787849033485,561.4889303620388,420.55685702679966
1990-01-31,648.1090735674177,926.8792730706685,1001.5691420424279,1211.901777959092,622.3135824884213,904.8641068428142,920.535736218809,1336.8968976891097,1381.3339951764942,664.0148614985684,623.7024448321372,877.6325805064668,905.98721902651,1007.6141804992823,814.4398796061834,528.8101650103058,640.4981415314875,805.7933233559298,785.8301413142732,727.691012898768,603.6893008001553,513.3300594199445,528.0831111359349,517.748942686836,385.48241515076455
1990-02-28,660.0342805210581,955.8905943177806,1014.5895408889794,1220.7486609381936,632.2083684499872,945.3115324186879,957.8174335356708,1374.7310798937115,1430.0950852062242,682.6072776205283,658.6921519872202,902.9961620831035,929.089893111686,1011.9469214754291,829.0997974390948,530.6610005878418,654.7812500876397,815.7851605655434,807.0475551297585,735.6228449393644,653.4332991860881,535.4032519750021,537.2717572697003,523.5995057391973,387.7567614001541
1990-03-31,676.4031306779804,979.6922701162932,1051.723518085516,1246.018158219614,647.002044271717,971.3075995602019,990.8621349926515,1432.332312141258,1473.8559948135346,705.7476643318643,678.2553089012406,923.7650738110148,940.7964257648933,1031.2751076756097,861.1030496202437,555.0714066148826,662.9005375887264,832.6719133892501,829.8062961844178,763.0615770556028,618.6053043394695,550.1803817295122,546.459104319012,529.8826998080676,402.45274265721997
1990-04-30,652.3231792258443,950.4974404668277,1031.4252541864655,1236.922225664611,634.7090054305543,935.4663491364304,955.7856154139117,1384.0627132220977,1448.505671702742,681.7522437445808,645.1564498268601,887.553482917623,898.7428255332026,995.4898614392662,833.892193252244,505.28150144152767,624.3860163548214,799.6148384276969,787.0712719309203,742.0010775288682,598.6862135397386,539.2317921330948,526.021533817481,517.4304563625781,399.9977809270109
1990-05-31,679.7859850712523,995.2658699128152,1064.327719795014,1277.9880435566758,653.750275593471,1036.3096215733374,996.4065040690028,1446.345535317092,1516.15088657126,716.6579586243032,728.188084919577,955.2738136642378,943.2305953970962,1078.414166897157,910.9438319087515,550.352611370112,680.4558806234844,869.7410597578058,858.6160505494408,817.2399867902956,666.397624291083,591.4294296115784,567.9454500627342,564.0509404808464,442.2375465929033
1990-06-30,681.4854500339304,994.8677635648501,1079.441173416103,1287.956350296418,659.045652825778,1041.4911696812042,1013.5446959389899,1448.2257845130043,1547.2319797459706,718.3062719291391,740.8585575971777,952.2169374605122,923.9886912509954,1082.0807750646075,913.8588521708594,534.8877029906118,663.7166659601468,855.5642804837536,850.3733364641662,815.1968868233198,651.8701560815374,581.9665587377932,559.823830126837,559.0308871105668,446.7041458134916
1990-07-31,652.9312096775087,957.5602224311682,1036.263526479459,1252.4087550282368,624.7752788788375,1003.7891893387444,966.313513108233,1404.634188399163,1511.9550906077625,680.7388539072451,716.7806544752694,906.2248593811695,908.0036868923532,1044.857196402385,892.109011489193,500.0130247556239,643.8051659813423,831.5229242021601,835.4918030760432,799.545106596312,644.504023317816,565.8460850607563,552.1542436540993,573.006659288331,438.79748243259274
1990-08-31,569.9436529274974,854.3352304530882,916.8859682290253,1099.8653686657976,537.3067398358003,869.9840903998899,852.9649380206372,1265.4349403288059,1339.7434057875382,581.6232767783503,645.46097935498,816.1461083586813,825.1029502790813,939.4311052853842,759.0063469750054,461.21201403458747,584.1244270948719,744.1298648685131,752.6110162108997,703.6796483154143,598.0997336389332,518.5979369581831,503.01251596888454,523.0977792643174,400.6659812092004
1990-09-30,516.5969270134835,785.390377355524,848.7613407896087,1014.9557622047981,487.60586640098865,785.4216368130207,763.7448055036785,1194.190953188294,1226.133164976755,523.5191114281931,576.8484772495456,747.9162936998955,769.1609702501595,872.8254399206505,695.7811182719875,434.87680803321246,544.5207909378396,706.62571967914,686.0049412762351,635.0005146398298,619.8705639433904,495.8314875257189,477.4091789060683,498.5121836388945,383.95820979277676
1990-10-31,473.7193820713645,732.1409097708196,803.0131045210487,964.1064785183377,471.36859104983574,731.7773390186912,709.1370519101655,1154.902070828399,1148.8867755832196,490.64211123050256,536.6998232329772,706.3321477701813,753.0855059719312,828.3986250286896,667.3932486464904,410.0888299753193,514.6265995153523,702.3153027890972,664.3957856260337,610.6164948776603,609.2707772999584,470.39533221564955,478.6027018533335,500.7554884652695,388.71929159420716
1990-11-30,483.00428195996324,764.2086816187815,835.5351352541511,1006.4307529252927,494.1828308566478,782.3431531448829,746.4376608406402,1224.7736461135173,1246.6570401853514,532.6901401629567,584.5197774830355,771.6678714389232,809.0397590656456,900.5521452686884,734.7332274349212,456.01877893255516,555.7452648166291,770.5803502201975,727.8455831533198,690.1187625107316,663.5568035573846,520.5865141630594,507.4145845049042,532.0026309455022,409.67126141113494
1990-12-31,472.329887328648,762.9095268600295,829.1015147126941,1009.1481159581908,498.63047633435764,797.8335475771515,775.324798315173,1291.15637773287,1312.979194723212,556.6611964702897,600.0095515863359,800.373916256451,850.4625947298066,951.7935623344767,789.323906233336,473.21068689831253,577.8639263563309,795.4700955323099,763.0005248196252,733.1821732914012,661.8315558681354,531.8832415203977,519.3895686992199,546.3135017179362,422.24816913645674
1991-01-31,528.2065129996271,846.0666652877727,880.091257867525,1088.5680726841003,532.537348725094,906.3389100476443,833.9393530678002,1368.3675291212955,1392.283138084494,591.4525212496828,690.9109986516656,854.3991556037614,890.9446142389456,988.3424351281207,867.7037701223062,546.4637012301713,629.0626702315018,838.5050277006078,793.4442457599283,783.771743248508,739.5967636826412,598.5282116829036,551.955294656661,562.7575381196461,436.0134594503053
1991-02-28,611.1877561918685,948.6099451206507,977.1653236103131,1192.5263236254318,601.9802189988462,1023.8910666808235,940.6001963251719,1498.4992811407305,1514.8040542359297,671.0620306098901,769.6057613980905,963.6768076054825,971.7532907504178,1055.6485549603456,963.8453478518578,602.1483523855259,688.7607176364713,918.3307063377056,857.9512629402103,852.1166392597777,763.4117794732222,644.794442445992,579.1114951537686,599.3367780974231,468.36565814151794
1991-03-31,681.0465167245991,1010.459313542517,1030.6162668117972,1245.474492394401,632.8618042334871,1111.433752882034,998.0708683206398,1602.6449811800117,1592.967943434504,706.1585748107874,843.1031116116081,1004.0548658441523,993.034687817852,1094.0741623609022,994.2064763091913,646.1051821096693,718.1019242077849,947.9009550817797,884.0329813335927,880.9181816667582,871.0528403789466,637.3793063578631,592.3152372432745,619.7741622305452,481.1052040429672
1991-04-30,687.7207725885003,1050.0693186333835,1039.7887515864222,1255.8119306812746,632.0390838879836,1085.203916314018,1015.8365297767473,1620.594604969228,1618.6147273237993,698.1083670579445,873.1175823849813,1011.6856828245678,1012.4981676990819,1111.2511267099685,1005.3415888438543,674.9860837499714,727.1500084528029,955.3893726269257,898.0891057367968,877.1302334855912,916.6089039307656,621.0623961151018,593.4406361940368,621.0756879712293,482.9334038183305
1991-05-31,713.1664411742746,1063.5102059118908,1074.101780388774,1327.0164671509028,646.8920023593512,1117.325952236913,1073.028126403178,1679.422189129611,1666.202000307119,728.545891861671,883.769616890078,1080.0756349835087,1045.1006086989923,1149.4781654687913,1059.3284321647693,720.0751541444695,778.0505090444992,1011.0885730510754,923.8642630714429,914.8468335254715,985.6295543967522,652.6123658377489,624.5369255306043,654.6137751216758,496.2623657637164
1991-06-30,677.4368024714435,1037.773258928823,1031.996990597534,1287.4713764298058,619.7872274604944,1038.2192748185396,1033.6479941641817,1643.9863809389763,1631.0451381006387,697.5098368683638,830.2131781065393,1041.408927251099,1006.0138459336501,1113.0397076234306,1024.1587282168991,699.1929746742799,731.834308807256,978.3293032842206,879.795937722935,877.8870214510425,913.0872191931511,605.363230551096,593.6848014093924,629.8693744220764,475.0223365090294
1991-07-31,693.8307730912525,1084.0579462770484,1050.5729364282895,1323.3918278321974,647.9255675872008,1063.2403593416666,1068.6886611663474,1687.7164186719529,1658.2835919069194,717.1098632843648,910.4947924294416,1093.1669509354788,1043.1357568486017,1146.2082909106089,1069.2217122584427,741.6339882370086,764.9864029962246,1017.2668095549327,911.2046526996439,922.8348369493357,1004.3959411124663,635.1471014942098,621.5879870756338,649.9622074661405,502.14611192369495
1991-08-31,712.911119351262,1099.1263517302993,1076.101858783497,1391.0171502344226,656.0894297387995,1125.5462443990882,1087.1769750045253,1751.1745560140184,1693.4392040553462,737.9777603059398,979.874495612565,1133.5048114249978,1072.1349308889928,1220.5972089907073,1108.782915612005,747.7153869405521,780.4391283367484,1049.921074141646,919.2232536434008,946.5516922589337,948.3506475983907,638.5768958422785,638.8681331163365,661.0765612138115,521.2276641767953
1991-09-30,709.4178548664407,1097.69748747305,1086.3248264419403,1381.0018267527348,669.6048719914188,1114.2907819550971,1107.3984667396094,1774.2900601534036,1716.6393211509046,732.9595115358594,934.8982562639483,1136.5652744158454,1071.0627959581038,1230.606106104431,1100.467043744915,727.377528415769,770.3714635812042,1050.1310583564743,912.5129238918039,941.5349682899615,894.2946606852823,637.8744612568521,637.5265100367923,653.8047190404595,508.7182002365522
1991-10-31,724.3156298186359,1117.895121242554,1120.4354259922172,1407.793262191738,690.9652674079451,1141.9251933475837,1142.613737981929,1776.064350213557,1746.8521732031609,737.1373807516138,965.5629190694058,1169.2983543190217,1101.5880856429098,1245.3733793776844,1102.007697606158,759.527615171746,782.0811098276387,1075.4392168628654,916.9842372188735,969.2160963576864,977.1063462647394,627.9236196612452,650.1495349355208,662.5657022756018,518.4347178610703
1991-11-30,700.2683509086572,1097.1022719874425,1090.1836694904273,1368.6566095028077,672.9310739285977,1082.3166982548396,1097.9375408268356,1726.5121548425984,1717.1556862587072,708.6101641165264,885.7108656623659,1105.2208045023394,1061.8207557512007,1180.2403516362315,1064.2088335782666,710.3102257086169,736.4857811246874,1034.1423509353315,897.819266660999,931.1259037708293,936.5564328947528,589.1807323281464,616.9919086538092,635.2017387716194,505.5256933863296
1991-12-31,714.7639057724664,1137.146504914984,1136.4074570768216,1431.751679200887,689.8216438842055,1162.2999022558724,1211.574076302413,1860.3168468428996,1815.892138218583,749.4969705860501,976.5848004793247,1240.1682647320752,1158.5526266001352,1278.0822767868751,1165.840777184991,768.6977262618652,825.9688035313369,1145.62289636616,995.0530932403852,1031.2219384261932,881.4869146405414,669.3093119247743,666.2278629643832,705.8361721230235,570.7385078331662
1992-01-31,863.7207037354484,1261.5503325526834,1257.5484920012107,1528.9676182186274,759.4936299165103,1344.083606968691,1319.040696870437,1993.1434697074828,1902.328603997788,790.0447566947554,1114.0879403868137,1320.159117807294,1188.9067054170587,1318.8531014163764,1220.0523733240932,850.4871643361279,858.8423619118842,1170.8266000862154,993.4610082912005,1023.3846516941542,871.2616664307111,701.1684351723937,668.4264149121658,684.4493361076959,552.2465801793716
1992-02-29,927.8951520229922,1323.6186089142752,1318.4138390140693,1583.8575557126762,779.9240085612643,1422.4436812549657,1354.9186038253129,2032.4083960607204,1937.3314503113472,803.0804951802189,1242.4308711193746,1342.8658546335796,1224.6927972501123,1349.4504933692365,1264.46227971309,891.5656943735629,889.674802704521,1201.7364223284915,1011.5419986421005,1026.045451788559,1013.6258227254893,752.0732635659095,676.3138466081294,689.9249307965575,551.2525363350487
1992-03-31,910.8218812257692,1343.7376117697722,1307.6028455341539,1581.1649978679648,754.1085238778865,1336.3858385390404,1330.1235933753098,2013.9134796565677,1883.4736359926917,764.3720153125323,1217.3337675227633,1335.480092433095,1222.6108194947872,1319.6276374657764,1213.630896068624,882.3825677215152,869.9240220844805,1184.0708969202626,987.1638364748259,984.798424626659,979.7707202464582,755.1567639465297,663.6667776765573,674.8845673051926,538.7942290138766
1992-04-30,871.6565403330611,1309.875423953174,1280.6662269161502,1524.243057944718,711.2751597216226,1252.193530711081,1307.112455209917,1976.857471630887,1864.4505522691657,731.962641863281,1233.0373731238067,1341.8903968767738,1227.0122184449685,1333.8796159504068,1170.3042730789741,875.9411749771482,885.6696468842097,1188.2151450594836,1006.6109640533801,962.2465407027084,997.8964785710175,795.6331664940637,690.7443822057609,705.5243266608484,543.2123416917904
1992-05-31,881.7677562009246,1314.45998793701,1287.9660244095724,1540.8573072763152,703.3088779327404,1283.4983689788578,1327.8955432477546,1997.416789335848,1897.264881989103,737.8183429981872,1220.0904807060067,1350.2101173374099,1246.399011496399,1345.3509806475802,1178.8474942724508,883.5618631994495,877.964320956317,1205.5630861773518,1026.5418611416371,968.3086939091355,936.8252140824712,795.6331664940637,689.6391911942316,710.1807872168099,549.1333562162308
1992-06-30,830.7134031168911,1261.750142420736,1240.5688747113002,1472.1350713717916,668.9874046896227,1214.4461567277951,1276.240406615417,1955.4710367597952,1856.4736870263373,689.2698960289065,1197.0307706206634,1329.6869235538813,1224.3377489929126,1298.263696324915,1134.0512894900976,858.0269253529852,851.4497984634362,1190.011322365664,1031.0586453306603,946.3280865573981,938.1367693821867,790.9389308117487,690.0529747089481,704.3573047616321,533.2634022215817
1992-07-31,857.6285173778783,1302.5046720209257,1280.0189649271197,1527.487350055371,675.2089875532363,1274.682686101494,1326.0137824734181,2024.4991643574156,1897.5017555096194,709.6722849513621,1220.8516829560144,1377.6886214941762,1287.7584443907456,1369.148894144255,1188.0321308698262,868.4090511497564,875.7161177196441,1244.5138409300116,1074.7755318926802,990.5216081996286,983.4487753433463,801.3002308053826,709.6504791906822,728.7280675063846,564.4059849113221
1992-08-31,809.687083256455,1283.4881038094202,1250.8345325267812,1503.2003011894906,672.2380680080021,1213.7528537058427,1277.6142794131385,1998.1806752207692,1888.7732474342752,702.0787915023826,1132.9503617831813,1346.8283963727067,1253.3752939255128,1346.5579373908752,1153.1039862222533,804.7546677004792,840.5123297873142,1222.7348487137365,1058.2239887015328,978.7344010620532,914.1156366816404,753.9433871647844,682.6127959335171,719.9104578895574,559.7214152365582
1992-09-30,813.4116438394345,1310.3130051790372,1264.468628931323,1486.6650978764062,674.7253488596317,1263.8808465638938,1320.9254034852438,2057.5266412748265,1904.0723107384927,716.682030365632,1177.4753110012603,1373.360915781249,1271.6745732168251,1369.1801107390415,1181.009102688832,851.7523402941872,834.4606410128456,1242.5431532628988,1075.1555725207575,986.6621497106557,989.073118889535,750.249064567677,697.9715838420212,736.2524252836503,562.4080780296936
1992-10-31,830.6559706888306,1348.574144930265,1282.424083462148,1503.1670804628345,702.9288684419643,1283.5973877702907,1352.6276131688896,2079.953681664722,1948.4371955786996,752.6594682899869,1205.8524659963905,1411.4030131483898,1299.5242463702737,1402.0404333967786,1230.611485001763,901.4095017333384,857.8255389612053,1281.4347539600278,1092.4655772383414,1021.9846546702973,1059.396217642581,728.1917420693873,701.6010360779998,738.1666815893877,570.1693095065034
1992-11-30,907.7408447687541,1444.3229092203137,1363.7297703536478,1616.3555616216859,773.7840983809143,1345.3384221220417,1429.1863360742489,2240.1101151529056,2054.432179018181,826.4200961824056,1284.232876286156,1479.1503577795127,1355.9235986627436,1478.872249146922,1334.3520331874115,953.0602661826587,901.2315112326423,1325.2598225454608,1138.6768711555235,1075.843245971422,1135.354926447554,767.659734489548,720.6144241557134,752.7823818848576,595.826928434296
1992-12-31,964.8377439047086,1504.4067422438789,1417.0516043744756,1659.997161785471,784.9265893975994,1400.7663651134696,1488.6404876549377,2320.75407929841,2116.681474042432,842.0394360002529,1352.040372154065,1543.0496532355874,1437.5501993022408,1524.569401645562,1380.920919145652,979.9365656890096,931.783259463429,1361.4394157009522,1172.153971167496,1099.0814600844046,1174.8652778879289,758.7548815694693,744.9711916921766,765.2785694241462,595.1715188130182
1993-01-31,1065.9527394659221,1574.9634184551167,1496.5481993798835,1722.9110542171404,810.2797182351418,1506.2440724065139,1556.224765794472,2411.495563798978,2174.2552101363867,857.1961458482574,1439.517384232433,1566.1953980341211,1457.532147072542,1552.6214786358403,1388.5159842009532,1024.4256857712908,951.6302428900001,1409.634371016766,1200.2856664755159,1094.135593514025,1351.799988737851,791.988345382212,762.9994945311273,758.0849508715593,587.0771861571611
1993-02-28,1053.4810924141707,1569.6085428323693,1498.7930216789534,1680.8720244942424,769.5226484079142,1518.4446493930066,1533.8151291670317,2459.9666246313373,2163.818785127732,817.1650858371439,1451.8972337368318,1594.3869151987353,1466.13158674027,1589.4186076795097,1343.1115115175821,1044.504429212408,958.7674697116752,1450.7956946504553,1218.5300086059437,1057.700878250008,1375.050948544142,817.0943759308282,795.8847727454188,772.4885649381189,568.8190856676734
1993-03-31,1093.197329598185,1622.5043507258204,1549.1524672073665,1728.1045283825306,768.5222689649839,1564.7572111994932,1573.387559499541,2573.125089364379,2188.0535555211627,830.9751757877915,1535.6717041234472,1658.3218304982047,1496.6271237444676,1637.5779914921989,1371.8540978640585,1104.9812356638065,992.0367009106702,1509.1176815754036,1261.9096769123155,1087.951123367958,1342.462241063646,848.2256716537927,819.6021389732323,788.8653225148071,575.1898594271514
1993-04-30,1077.2366485860516,1592.1635193672473,1505.311452385398,1667.9664907948186,731.7100522815612,1524.2299994294265,1520.2070599884564,2481.264523674071,2135.759075544207,804.5501651977398,1485.9159409098474,1600.114734247718,1442.8982100020412,1628.5713125389918,1325.6226147660398,1099.1248351147885,983.1083706024742,1473.3515925220665,1224.8095324110934,1039.3197081534104,1415.4921869775083,841.6943339820585,809.9308337333481,778.0578675963542,540.563429889637
1993-05-31,1131.5293756747885,1622.0961935313514,1557.3952286379329,1728.5136744106705,757.1003910957312,1599.6793844011831,1586.9441499219497,2557.6874710032316,2162.4560639885094,841.2376527307568,1547.284269269424,1666.1994727721485,1476.806317937089,1653.3255964895848,1394.2898662109205,1166.8309249578595,1016.1408118547174,1520.4988434827726,1253.1026326097897,1072.6818707851346,1475.79215414275,871.6586522718198,827.7493120754817,799.3766531684943,554.7261917527454
1993-06-30,1138.9974695542423,1633.6130765054243,1565.1822047811222,1735.6005804757544,755.5861903135398,1613.7565629839135,1578.6920403423555,2570.9874458524487,2155.7524501901453,854.1927125828106,1578.6941399355933,1689.692885338236,1494.2326324887467,1673.6615013264063,1377.9766747762528,1187.6005154221093,1023.3554116188859,1543.1542762506658,1285.5579907943832,1074.5054299654696,1516.0812799508471,889.2661570477106,841.1588509311046,799.6964038297617,550.0110191228471
1993-07-31,1158.018727295798,1668.2456737273394,1596.4858488767447,1759.8989886024149,760.4975005505778,1703.9655548547141,1603.1617669676625,2616.7510223886225,2200.5921011541,852.6551657001615,1585.9561329792969,1704.2242441521446,1496.47398143748,1688.5570886882115,1394.9257878760006,1190.9257968652912,1048.2229481212248,1537.5989208561632,1267.9458463205,1069.670155530625,1478.7856804640564,886.0647988823388,849.5704394404155,806.0939750603998,534.335705077846
1993-08-31,1198.549382751151,1735.642798945924,1675.5118983961438,1808.472200687842,793.1988930742525,1777.5768668244377,1681.3960611956845,2725.084514715512,2289.2759628306103,889.4898688584084,1663.0336010420908,1784.1523612028802,1555.5847037042606,1760.9961877929354,1446.6775346062,1282.0316203254858,1094.344757838559,1598.949117798324,1307.632551310332,1120.2655538872234,1534.6837791855978,916.456821484003,882.0240302270394,837.6928588827674,552.8237204735394
1993-09-30,1232.9477500361088,1772.9591191232614,1720.4156172731605,1840.1204641998793,812.473626175957,1842.102907090165,1710.820492266609,2807.109558608449,2345.821079112526,920.0883203471376,1680.9943639333455,1814.8397818155697,1563.6737441635228,1780.7193450962163,1474.3090755171784,1301.3902977924004,1072.6767316333553,1597.6699585040856,1314.563003832277,1131.356182870707,1487.2620504087627,920.3975858163842,882.9060542572663,831.8290088705882,545.6922944794309
1993-10-31,1315.555249288528,1837.8494228831728,1771.6840026679008,1895.8761142651356,844.4850870472897,1909.339663198956,1776.6870812188736,2880.3751180881295,2411.034905111854,928.5531328943314,1716.2952455759455,1864.2034238809533,1575.5576646191657,1778.2263380130819,1487.7252881043848,1291.4997315291782,1081.5799485059122,1612.5282891181737,1294.976015075176,1145.1587283017295,1523.1050658236138,961.3552783852132,895.4433202277194,826.0062058084939,564.0821248033877
1993-11-30,1285.0343675050344,1796.1302409837244,1739.2621854190782,1849.0479742427865,822.8662688188791,1863.1336433495412,1735.4679409345956,2819.311165584661,2333.3995811672526,887.6967950469808,1673.731123485662,1829.5292401967674,1550.348741985259,1716.1662388164252,1457.3756922270554,1278.7138841870392,1068.6009891238414,1589.9528930705194,1254.443265803323,1110.0023553428664,1652.7213069252032,952.8953519354232,874.1317692062996,809.6512829334857,566.0000040277192
1993-12-31,1295.5716493185755,1813.9119303694636,1767.0903803857836,1861.2516908727887,830.4366384920129,1981.8152564309073,1798.9860675728019,2923.9076098278515,2374.000733879563,913.2624627443338,1721.9345798420488,1920.0909375865076,1601.355215596574,1786.8722878556619,1530.2444768384082,1328.7115970587524,1117.2223341289762,1665.3166602020622,1284.0481268762815,1145.6334309493725,1718.995431332904,964.2348066234547,888.2927038674417,815.2378767857266,567.9244040414135
1994-01-31,1383.1522928125114,1909.8678714860077,1856.151735557227,1918.2059926134962,859.7510518307809,2113.804152509206,1843.6009220486071,2951.392341360234,2424.092149364422,926.8700734392244,1892.5782967043958,1979.9977748392066,1625.0552727874033,1787.4083495420184,1572.6322488468322,1397.1402443072782,1177.2171734717024,1712.944716683841,1294.96253595473,1169.6917329993091,1769.3619974709582,1015.8213687778095,915.8297776873324,841.8146315689412,577.3519491485009
1994-02-28,1376.37484657773,1899.9365585542805,1860.4208845490084,1906.8885772570766,853.7327944679655,2089.072643924848,1845.628883062861,2888.527684489261,2420.9408295702483,921.1234789839011,1876.1128655230675,2004.9457468021806,1630.2554496603232,1755.5924809201701,1584.741517162953,1378.697993082422,1176.275399732925,1683.824656500216,1261.6819987806932,1151.44454196452,1672.0470876100553,995.5049414022534,880.5703312463701,808.9838609377525,569.6731682248259
1994-03-31,1314.3003409970743,1841.7984998625193,1799.213037447346,1825.4644350081996,804.1309191093767,2001.9583146731818,1731.9381438661885,2767.209521740712,2330.1555484613637,868.0667665944284,1788.49839470314,1908.708350955676,1567.4906148484008,1685.0176631871793,1493.7773540777994,1305.9027390476701,1127.224715564062,1591.5510653240042,1227.2380802139803,1098.0175152173663,1667.6997651822692,944.0373359317568,850.6309399839936,778.1615758360241,542.3858234668567
1994-04-30,1314.6946310993735,1833.326226763152,1781.040985769128,1822.178599025185,789.4153232896751,2019.9759395052404,1745.966842831505,2821.44682836683,2352.292026171747,877.6155010269671,1789.3926439004915,1898.7830675307066,1581.4412813205515,1697.655295661083,1477.9433141245747,1292.9743019310984,1155.4053334531636,1606.5116453380497,1249.5738132738747,1108.99769036954,1696.2174311668857,958.2922997043262,868.0688742536654,787.4995147460564,543.4163565314437
1994-05-31,1308.9099747225364,1859.7261244285412,1798.6732915282423,1839.6715135758268,798.7304241044933,2021.5919202568443,1727.4595942974909,2803.671713348119,2315.8314997660846,872.3498080208053,1793.1503684526824,1911.5049140831622,1576.5388133484578,1657.930161742614,1476.46537081045,1289.3539738856912,1153.3256038529478,1630.9306223471883,1226.8315698722904,1100.1257088465836,1800.8740466698828,992.2158471138595,880.308645380642,802.77700533213,546.4051464923666
1994-06-30,1284.4333581952249,1825.693136351499,1753.3467245817305,1791.1041856174252,776.2860991871571,1956.0923420405227,1719.686026123152,2724.608171031702,2276.2307811200844,848.3601883002331,1748.8595543519011,1909.402258677671,1525.301301914633,1623.7768004107163,1430.252004704083,1226.8203061522352,1140.6390222105654,1610.707082630083,1203.644453201704,1053.1503410788346,1694.4423905116928,959.0758378202565,871.7696515204498,775.4825871508375,533.1821419472514
1994-07-31,1315.5166454635494,1861.4767218239883,1744.4046562863637,1819.5827421687422,777.2176425061817,2008.7112260414126,1743.2457246810393,2736.0515253500353,2319.479165961366,868.2118167064586,1800.4509112052822,1939.761754590646,1576.7039557891562,1640.9888344950698,1465.1501536188625,1299.9387963989084,1194.8193757655672,1659.3504365255114,1237.3464978913516,1090.853123289457,1774.9284040609982,980.6550441712122,901.6713505676013,801.7714468552508,551.4169712018473
1994-08-31,1356.955419795651,1905.03527711467,1825.1705918724224,1888.5449280969376,796.7258053330868,2138.0722289984797,1830.5823354875595,2880.515045888517,2438.932343008377,910.05962627171,1960.871087393673,2049.9402222513945,1641.5064883720906,1686.7724229774822,1560.970973665536,1378.5850935810424,1253.3655251780801,1746.3003993994485,1270.0124454356833,1160.88589380464,1965.5557146571493,1038.4156262728966,932.3281764868997,821.976087316003,576.12045151169
1994-09-30,1369.3037141157918,1921.0375734424333,1858.9362478220621,1877.4025130211655,805.0117537085508,2115.194856148196,1805.6864157249286,2850.5576894112764,2449.175858849012,911.5157216737449,1987.538934182227,2042.765431473515,1609.6612624976722,1672.097502897578,1516.951592208168,1373.3464702254346,1218.897973235683,1722.8999740474958,1245.374203994231,1124.4340767391743,1927.4239337928004,1007.1593159220824,916.6650631219196,800.5225114370553,559.5857945533045
1994-10-31,1381.6274475428338,1938.9032228754481,1863.0259075672707,1879.0921752828845,797.7666479251739,2111.5990248927437,1785.4627278688095,2822.0521125171636,2444.2775071313135,910.6042059520712,1943.4155698433817,2078.3095499811543,1613.846381780166,1699.5199019450984,1507.6981874956982,1393.6719979847708,1220.9700997901837,1719.7987540942102,1247.366802720622,1144.7863335281534,2060.4161852245034,987.7211411247863,935.6400299285433,823.4975075152988,582.5847707094453
1994-11-30,1322.0793045537378,1866.7760229844812,1806.203617386469,1851.0937018711693,769.2066019294526,1994.1941191087076,1722.6144398478275,2711.7098749177426,2381.2151474473258,888.7497050092214,1849.1599147059776,2021.7795302216673,1543.805448810907,1639.1869454260473,1424.322477727186,1320.7829524901672,1169.6893555989957,1633.4648566386807,1196.973183890709,1093.7288630527978,1936.3791308739885,946.6319416539953,901.4891688361514,803.4865180826771,568.0784099187802
1994-12-31,1308.9907194386558,1885.2571056120275,1790.8508866386842,1832.0274367418965,762.7452664732454,2051.427490327127,1754.6550684289973,2815.839534114584,2472.415687594558,899.6813263808349,1889.8414328295094,2053.5214688461474,1556.4646534911565,1669.3479852218863,1461.354862148093,1320.6508741949183,1165.829380725519,1661.887145144194,1215.1671762858477,1111.9941350657793,1954.7747326172914,962.6300214679478,917.715973875202,817.868926756357,567.3967158268777
1995-01-31,1331.5053598130007,1949.1673214922755,1839.3829456665924,1882.9577994833212,778.9917406491255,2048.1452063426036,1728.3352424025622,2819.5001255089333,2459.8063675878257,896.532441738502,1869.8091136415164,2040.9949878861862,1550.2387948771916,1678.8632687376512,1453.609681378708,1362.7796370817362,1176.9047598424115,1696.454397763193,1252.4728085978231,1131.898830083457,2024.1692356252051,988.4285060432887,943.7791075332578,848.2118639390178,579.4822658739902
1995-02-28,1365.0592948802882,2022.0661793160868,1918.6603506248223,1923.4413921722125,808.4376284456624,2106.722159244002,1802.8264913501125,2899.5739290733864,2566.0700026676195,935.8005626866484,1963.6735311463206,2126.10447888104,1627.285662982588,1762.6385458476602,1543.4427596879123,1442.7748017784343,1230.806997843194,1769.0626459874575,1309.0845795464447,1205.4722540388814,2084.287061923274,1017.7848326727744,975.2069518141153,881.7162325646091,608.1086898081653
1995-03-31,1374.205192155986,2069.180321294152,1958.3766198827557,1959.60209034505,817.4112861214093,2155.3874411225383,1824.8209745445838,2966.8440442278893,2617.391402720972,959.2891568100832,2048.504227691841,2157.9960460642556,1635.2593627312026,1773.7431686865004,1562.2727613561049,1487.21226567321,1264.4080288843136,1790.6452102685043,1353.7243637089784,1238.3816465741431,2204.7588541024397,1055.035757548598,992.9557183371322,897.2344382577463,631.5208743657797
1995-04-30,1427.5243536116382,2107.046321173835,2047.2869184254332,2002.7133363326413,844.3858585634157,2226.9463041678064,1874.8210692471055,3087.5945968279643,2700.624449327499,987.1085423575755,2127.5764908807464,2211.945947215862,1661.750564407448,1812.4107697638665,1578.989079902615,1486.1712170872386,1282.6155045002477,1838.2763728616467,1369.8336836371154,1277.142992111914,2350.713890244021,1078.0355370631573,1016.1908821462213,924.420641736956,654.8871467173135
1995-05-31,1463.4979673226512,2164.568685741881,2106.248781676086,2054.18306907639,868.704171290042,2298.4312805315926,1867.321784970117,3159.2267914743734,2724.1198820366476,1018.8934374214894,2162.0432300330144,2221.236120194168,1720.2441842745902,1843.0405117728758,1610.884659316648,1531.9452905735254,1303.7786603245017,1895.9982509695028,1396.271473731312,1332.060140772726,2405.2504524976825,1113.8263168936542,1054.9077547559923,968.9777166686772,686.5836846184314
1995-06-30,1557.3081870280332,2267.3856983146206,2202.7149758768505,2136.761228453261,916.5697711281233,2437.0266867476475,1909.8967216674357,3301.707919769867,2867.680999819979,1085.732846916339,2199.014169266579,2296.5360246687505,1786.3015609507343,1912.1545309643586,1666.6212685290038,1591.84435143495,1341.5882414739121,1955.7221958750422,1435.3670749957887,1415.8467236273307,2451.9123112761376,1132.8727469125354,1062.081127488333,998.5315370270719,727.50407222169
1995-07-31,1656.1972569043132,2343.7965963478237,2274.964027085611,2215.6077177831867,965.2396259750266,2585.929017307929,1974.0692515154617,3455.5675088311423,2989.270674212346,1171.0714486839634,2312.483300400734,2363.5948765890776,1891.6933530468275,2020.0000465107487,1746.9524136721016,1622.566947417645,1390.958688760152,2031.7997892945812,1501.9681072755934,1509.151022714372,2588.483827014219,1171.050558483488,1085.4469122930764,1027.6886579082623,764.6067799049962
1995-08-31,1742.6507537147183,2422.3137823254756,2413.964329140542,2327.0527859876806,999.6986806223351,2655.231914971781,2014.5376711715287,3507.7465782144927,3003.619173448565,1200.8166634805361,2334.4518917545415,2424.575624405076,1956.389265721029,2057.3700473711974,1795.517690772186,1598.0661865116385,1396.9398111218206,2077.10892459585,1535.9125865000217,1547.181628486774,2569.329046694314,1172.5729242095165,1084.4700100720127,1046.7008980795651,771.1059375341886
1995-09-30,1787.7854082359295,2505.8836078157046,2493.6251520021797,2374.2919575432306,1016.5935883248525,2672.4909224190974,2077.1897927449627,3631.219257767643,3007.5238783740483,1222.6715267558818,2380.440594022106,2443.2448567129954,1992.582467136868,2089.2592831054512,1833.223562278402,1635.6207418946622,1425.2976892875936,2113.6660416687373,1568.7811158511222,1583.8498330819104,2568.3013150756365,1234.3675173153579,1151.381809693456,1094.4304590319935,795.0873321915018
1995-10-31,1681.5909549867154,2410.660030718708,2381.1626576468816,2289.5297346589373,980.9111533746501,2478.7353305437127,1992.4404492009685,3431.8653205161995,2866.771760866143,1151.1452424406627,2295.9349529343212,2368.4815640975776,1952.9300760408444,1992.5265782976687,1791.79270977091,1584.4258126733594,1393.656080585409,2067.376755356192,1528.7771973969186,1529.8405537738172,2592.700177568855,1247.2049394954377,1141.4799261300923,1094.5399020778966,792.0660003291741
1995-11-30,1697.5660690590892,2444.650337151842,2429.2621433313484,2327.9938342012074,999.9408297501184,2612.3391648600195,2019.7368833550217,3624.73615152921,3012.1170891420566,1198.1119683322418,2492.6965784007925,2453.2732040922715,2060.145937215487,2061.8665032224276,1886.578544117791,1649.8625987367689,1454.8375825231085,2144.283170655442,1628.300592947458,1591.3401440355249,2716.3719760388894,1302.0819568332372,1200.836882288857,1153.7545107803107,806.2439817350663
1995-12-31,1727.6129884814352,2528.5018437161502,2508.213162989617,2344.2897910406155,1009.8402439646445,2660.9286733264157,2079.521095102331,3707.7426093992285,3097.3600027647767,1202.4251714182378,2681.144439727893,2531.0419646619966,2070.652681495286,2120.6296985642666,1863.5622858795539,1669.4959636617366,1491.7904571191957,2170.443425337439,1637.744736386553,1567.3109078605883,2805.7406140505686,1368.3579284360487,1218.2490170820454,1165.868933143504,792.1347120547026
1996-01-31,1773.221971377345,2573.0034761655547,2541.823219373678,2362.8096803898366,999.0349533542227,2774.018141942788,2104.059444024538,3729.9890650556245,3104.1741947708592,1199.2988659725504,2656.209796438424,2560.1489472556095,2088.253229287996,2126.5674617202462,1844.3675943349945,1682.0171833891998,1524.1623100386823,2214.286382529255,1676.0679632179986,1606.6504116478889,2974.0850508936032,1386.693924677092,1267.2226275687437,1215.7681234820461,818.2751575525078
1996-02-29,1840.781728486822,2632.1825561173623,2665.864192479113,2435.5842185458437,1024.909958646097,2841.981586420386,2128.466533575223,3875.4586385927937,3206.30152577882,1244.272573446521,2692.3342496699865,2588.310585675421,2120.2035036961024,2213.5440709046043,1933.0816756225076,1735.1689263842986,1518.827741953547,2250.1578219262287,1698.359667128798,1656.2959093678085,3132.901192611321,1386.4165858921565,1259.9994585916018,1228.290535153911,855.7521597684128
1996-03-31,1880.1744574764402,2706.936540711095,2751.9716058961885,2469.92595602734,1046.6380497693945,2917.0099003018845,2165.7146979127892,3883.984647597698,3261.770542174794,1262.6878075335294,2786.8351818334027,2604.099280248041,2164.3037365729815,2263.7915213141387,1961.8845925892829,1793.2970854181726,1544.7996963409526,2288.86053646336,1727.2317814699875,1684.2873102361243,3084.654514245107,1390.7144773084224,1269.0714546934614,1248.8029870909813,859.3463188394401
1996-04-30,2047.6980016375912,2788.9567178946413,2894.248537921022,2686.5384623709374,1109.3316689505814,3129.3682210438615,2272.7010039896813,4005.9417655322654,3422.575829904011,1328.6001110867796,2978.012075307174,2689.7741465682016,2215.8141655034187,2351.4002531889955,2073.7120143668717,1909.6820662618118,1581.5659291138675,2345.166505660359,1765.9217733749151,1763.448813817222,3095.7592704963895,1392.3833346811925,1283.0312406950893,1253.673318740636,895.1810603350447
1996-05-31,2264.9587596113397,2943.464920066004,3004.519407215813,2821.4026931819585,1156.478264880981,3278.639085187654,2358.83637204089,4206.238853808879,3563.243696513065,1385.1984758190763,3046.506353039239,2764.8188452574545,2262.34626297899,2393.490317721079,2144.632965258219,1984.9235396725273,1576.3467615477919,2366.507520861868,1774.5747900644521,1829.2254545726046,3170.3670689153523,1445.433139732546,1304.8427717869056,1271.7262145305012,928.1237233553743
1996-06-30,2148.313383491356,2838.9719154036607,2928.505066213253,2728.8606848455906,1100.8516603402059,3211.426983941307,2292.5530699865412,4095.6147719537057,3489.4845519952446,1328.82089785324,2874.683394727826,2752.377160453796,2249.6771239063078,2379.1293758147526,2051.3414312694867,1938.4763288441902,1546.0809037260742,2365.3242671014373,1745.6492209864016,1754.958901116957,3162.4411512430643,1445.433139732546,1321.9362120973142,1283.0445778398225,922.3693562705708
1996-07-31,1956.6838296839271,2652.735357753181,2782.665513915833,2554.2136010154727,1022.6911924560511,2883.861431579294,2128.864780789502,3815.0651600748765,3224.981622954005,1183.5807737178807,2678.3425188679153,2618.6116304557418,2101.198433728491,2225.9134440122825,1869.3874463158832,1809.5676529760517,1457.49046794257,2261.013466922264,1666.3967463536192,1626.6714054453075,2960.0449175635076,1400.7692557148102,1257.2935313257556,1230.5680546061737,882.154052337174
1996-08-31,2032.9944990416002,2751.6823865973747,2882.8414724168033,2656.12672369599,1072.9053300056432,3020.5564634361526,2254.89357581224,3977.9684424100737,3366.235818039391,1267.6150086518503,2813.0631475669716,2747.7091838372094,2199.95476011373,2391.521404246796,1991.8323240495738,1948.3614919593147,1507.7738890865885,2348.288586745463,1760.714802197234,1734.1943853452424,3054.76635492554,1421.5006406993894,1273.5126178798578,1262.4397672204736,911.3533514695342
1996-09-30,2074.467586822049,2788.27976233912,2942.228006748589,2710.577321531758,1105.4143615048142,3084.894316107343,2329.7560425292068,4119.584118959872,3540.6068334138317,1314.5167639719687,2863.698284223177,2846.9014853737326,2223.9342669989696,2457.7665471444325,2099.1920863158457,1998.2395461534732,1573.96516281749,2444.8032476607013,1841.0033971774278,1857.8424450203581,3137.855999779515,1493.2864230547086,1326.49074278366,1335.787517695983,997.7496491888461
1996-10-31,2020.3239828059936,2737.254242688314,3006.957022897058,2697.0244349240993,1100.992704058795,3060.523651010095,2333.716627801506,4206.095385458029,3547.333986397318,1321.6151544974173,2859.6891066252647,2897.291641664848,2211.2578416770757,2456.537663870861,2067.4942858124764,2036.8055693942356,1578.3722652733788,2490.2765880671905,1881.6895722550491,1826.0733392105099,3234.5019645727243,1558.991025669116,1370.5302354440773,1359.430956759202,1016.806667488353
1996-11-30,2072.246309164108,2794.1891309362313,3093.2566894542033,2767.1470702321258,1153.069658960776,3121.122019300095,2438.5005043897936,4408.408573498561,3756.9814249933993,1361.9244167095883,2966.927448123712,3005.0708907347803,2308.553186710867,2617.1952270880147,2241.9908035350495,2122.555083865733,1674.0216245489457,2590.883762225105,2007.0100977672355,1962.6636249834562,3343.8281309752824,1674.3563615686305,1471.949472866939,1451.600375627476,1119.9108635716718
1996-12-31,2062.29952688012,2864.602697035824,3138.4182371202346,2825.810588121047,1157.5666306307228,3193.8441623497874,2525.0672722956315,4562.26203271366,3886.221586013172,1411.9070428028301,3082.6376186005364,3018.293202654013,2365.5744504226254,2690.2149739237702,2281.6740407576203,2134.8659033521544,1666.3211250760205,2595.2882646208877,2030.8935179306654,1923.410352483787,3227.128529204245,1619.93977981765,1462.6761911878773,1423.1490082651774,1099.6404769410246
1997-01-31,2212.847392342369,2944.5251122831232,3253.2843445988347,2946.190119175004,1213.5928555532498,3256.4435079318437,2598.5467299194343,4568.64919955946,3970.1639722710565,1450.734486479908,3205.634859582698,3083.186506511074,2475.100547477193,2696.1334468664027,2350.124261980349,2168.8102712154537,1705.479671515307,2675.482671997673,2074.963907269761,2023.8123728834405,3274.244605730627,1713.7342930690925,1552.7770445650508,1513.2343404883632,1194.429486053341
1997-02-28,2179.654681457233,2893.8792803518536,3179.109461541981,2934.699977710221,1204.8549869932665,3227.4611607112506,2573.6006813122076,4617.990610914701,3982.8684969823244,1423.1705312367897,3249.8726206449396,3118.3348326853006,2461.9825145755635,2657.5787385762133,2328.5031187701297,2124.1327796284154,1710.2550145955497,2693.1408576328577,2099.4484813755444,1999.526624408839,3429.7712245028324,1708.2503433312713,1595.6336909950462,1538.202707106421,1155.0133130135807
1997-03-31,2053.4526754008593,2794.9086089638204,3152.722853011183,2858.6912482875264,1152.8052515551574,3084.807377407813,2511.5769048925836,4431.885589294839,3875.331047563802,1352.01200467495,3124.4275374880453,3026.3439551210845,2411.265674775307,2567.4868193384796,2175.9861644906864,2077.40185847659,1654.3296756182751,2623.1191953344032,2057.0396220517587,1885.553606817535,3502.825351584743,1633.7706283620278,1537.393061273727,1462.215493375364,1098.7641646698194
1997-04-30,1952.4228037711368,2673.050593612998,3023.776488323025,2767.498997467154,1116.4918861311698,3036.3759015825103,2508.311854916223,4413.714858378729,3871.8432496209944,1352.55280947682,3156.296698370423,3069.318039283804,2470.1005572398244,2599.8371532621445,2212.5427320541294,2056.2123595201288,1667.3988800556597,2672.4338362066896,2126.7732652393133,1912.7055787557076,3536.1021924247984,1699.6115846850178,1616.4150646231963,1570.2732183358034,1179.413454356584
1997-05-31,2119.3549534935687,2941.959483330466,3302.266302897576,3037.3301497202015,1253.8203881253037,3399.2228218216196,2760.6480275207955,4887.306462682767,4339.56191417521,1561.6574738219365,3484.8671846707844,3316.3981414461505,2643.007596246612,2885.559256405654,2504.377118412069,2179.5851010913366,1759.439298234732,2850.417929698055,2287.557324091406,2083.8927280543435,3728.466151692707,1804.1376971431464,1711.4602704230404,1653.3406715857677,1267.5156393970208
1997-06-30,2238.038830889209,3091.705221031986,3441.2917142495644,3236.882740556819,1296.4502813215643,3637.5083416313155,2901.441076924356,5255.809369969047,4560.879571798146,1648.7979608612009,3557.0039353934694,3463.977858740504,2776.479479857066,3025.220324415688,2657.6449980588873,2271.345633847282,1821.3715615325941,2915.6925002881403,2371.2819221531513,2151.410852443304,3970.816451552733,1921.7674749968794,1764.17324675207,1742.290399717082,1304.9073507592332
1997-07-31,2347.9265374858687,3237.324536942592,3586.858353762321,3437.8931587453976,1361.0135053313782,3846.301320440952,3047.963851309036,5543.827723443351,4876.492438166577,1748.3853576972174,3794.256097884214,3634.7519671764103,2940.5694171166188,3266.330384271618,2831.1892164321325,2438.289537935057,1929.0146208191704,3111.6270363075027,2543.43698970147,2368.488207454833,4377.825137836888,2037.8422304866908,1853.4404130377247,1872.6137216159198,1480.025917231122
1997-08-31,2496.785079962473,3319.5525801809345,3715.267882827012,3553.062579563369,1411.6432077297052,4041.693427519352,3107.703942794693,5736.198545446835,4969.633443735558,1790.8711218892595,3948.682321068101,3690.727147470928,2951.743580901662,3262.4107878104924,2863.747892421102,2473.8885651889086,1908.759967300569,3094.8242503114425,2570.9061091902454,2352.145638823395,4272.757334528802,1999.3270123304924,1760.2123602619272,1744.3396816852292,1385.008253344884
1997-09-30,2762.44301247048,3570.8427105006317,3993.5414472507555,3919.7386377743087,1540.9497255577462,4271.665783545202,3369.0618443837266,6211.729404864377,5437.7729141354475,1971.3909309756968,4198.633911991711,3913.2779944634244,3077.1926830899824,3550.1554192953777,3084.256480137527,2569.8754415182384,2004.579717659058,3257.6120058778242,2720.275754134199,2493.744806280564,4462.895035915333,2116.6875079542924,1871.1057389584287,1847.0812889364893,1438.054069447993
1997-10-31,2711.0615724385293,3485.8566539907165,4021.8955915262363,3879.757303669011,1495.799898598904,4084.139655647568,3293.257952885093,6072.586666195415,5308.897696070437,1892.7324328297666,3993.3207136953165,3796.662310228414,3031.9579506485593,3488.027699457709,2880.0787011524226,2418.7667655569658,1937.6267550892453,3142.9440632709247,2619.0814960804064,2360.5788336251817,4329.008184837873,2067.792026520548,1824.515206058364,1820.4833183758042,1339.1159494699712
1997-11-30,2624.849814434984,3453.786772774002,3972.426275750464,3877.8174250171764,1474.4099600489399,4046.5655708156105,3325.202555028078,6152.137551522575,5365.702901418391,1880.429672016373,4022.471954905293,3856.6495747300232,3081.9852568342603,3495.0037548566243,2796.8444266891174,2471.7377577226634,2019.3946041540116,3191.3454018452976,2680.3680030886885,2386.5452007950585,4701.302888733931,2201.1646122311236,1917.930384608552,1898.4000044022885,1394.555349778028
1997-12-31,2502.5318130823143,3456.8951808694983,4017.3146926664444,3920.8611984348677,1464.8262953086219,4089.4591658662557,3446.9049685421064,6355.7733044779725,5490.723779021439,1858.9927737553865,4102.921394003399,3927.2262619475823,3212.969630249717,3622.221891533405,2816.4223376759405,2482.613403856643,2056.1475859496145,3230.5989502879947,2750.861681569921,2410.649307323088,4810.843246041432,2312.543541610018,1978.7287778006435,1936.937524491655,1399.9941156421621
1998-01-31,2517.2967507794997,3413.68399110863,3945.404759667715,3895.767686764885,1453.6936154642763,4029.3441161280216,3349.3575579323647,6264.25016889349,5414.951790870943,1861.7812629160194,4063.533348620966,3899.7356781139492,3154.493582979172,3548.3285649461236,2748.264917104183,2544.4304776126733,2044.0163151925117,3239.3215674537723,2695.5693617703655,2334.954919073143,4768.988909800872,2306.299674047671,1966.2627865004993,1965.7978936065806,1429.6739908937761
1998-02-28,2684.6969847063365,3579.2476646773985,4175.421857156342,4115.488984298425,1523.7616477296544,4396.417365107284,3550.9888829198926,6737.201056644947,5776.670570501123,2006.8140232971775,4372.361883116159,4128.650162419238,3350.7030838404767,3781.8085845195787,3025.8396737317053,2758.417080779899,2203.449587777528,3447.60994424105,2948.1442109682484,2537.3955105567848,5243.503306326058,2381.25441345422,2075.586997429927,2111.463517522828,1542.1893339771163
1998-03-31,2844.436455296364,3671.5922544260757,4358.305334499791,4303.155281982434,1574.045782104733,4648.771721864442,3710.783382651288,6973.00309362752,5953.436689958457,2109.1615384853335,4659.188822648579,4330.954020377781,3506.510777239059,3906.986448667177,3106.0244250855953,2935.231615657891,2300.401369639739,3636.8837301798835,3048.970742983363,2573.1727872556357,5653.020914550123,2522.7009256134,2226.897289542569,2195.2886191684847,1615.1348894742337
1998-04-30,2903.8851772120574,3739.516711132958,4523.4851066773335,4449.032246041638,1607.5729572635637,4720.827683553342,3751.9730781987178,7000.197805692667,6146.923382382106,2116.7545200238806,4781.7254886842375,4304.102105451439,3465.8352522230857,3927.3027782002464,3123.418161866075,2939.340939919812,2263.594947725503,3626.336767362362,3040.128727828711,2635.1862514284962,5545.6135171736705,2480.3195500630954,2229.5695662900202,2214.3876301552505,1651.6369379763514
1998-05-31,2785.697050499527,3616.4866113366834,4359.282597304946,4247.046182071347,1501.7946566756214,4530.106245137786,3628.15796661816,6769.191278104809,5850.026983013051,2007.1066358866435,4486.69302603242,4162.497146182086,3323.7360068819394,3767.461555127497,2905.0912323516363,2861.4484050119368,2197.271615757146,3522.986169492535,2913.9633856238197,2466.0072940867867,5475.184225505565,2464.693536897698,2242.9469836877606,2177.8502342576885,1607.373068038585
1998-06-30,2685.9690960916437,3510.523553624519,4296.072999644024,4124.306547409486,1465.4512259840712,4626.5975081592205,3601.672413461848,6668.330328061047,5745.3115000171165,1947.0941474736328,4543.225358160428,4125.867171295684,3274.2123403793985,3744.103293485706,2894.0518856687,2906.087000130123,2224.5177837925344,3504.6666414111733,2833.5379961806025,2432.716195616615,5538.148844098879,2578.5623783023716,2246.9842882583985,2233.3854152312597,1725.3542512326171
1998-07-31,2505.740569743895,3315.338444042996,4093.7279613607907,3839.3169649834904,1378.8430585284127,4205.577134916733,3353.5171841743263,6110.857912635143,5189.16534681546,1782.3699825973633,4187.490812616466,3842.8326833448004,3096.422610296797,3467.7884704264616,2608.1195593646326,2763.398128423734,2132.867651100282,3256.5362431992626,2698.944941362024,2285.53686578181,5664.418637744333,2520.5447247905686,2228.109620237028,2174.4240402691544,1726.9070700587263
1998-08-31,1994.5694935161405,2740.1272240015364,3379.7818048994686,3059.5516893953436,1097.283305976911,3420.8164415412703,2806.8938831539112,5182.0075099146015,4287.8073260736155,1379.0196555355801,3440.4424516456884,3339.0373185582976,2649.6088276309692,2885.893565088901,1965.7397118931235,2401.6693134130674,1878.6298270891284,2750.796164630417,2176.9689897026083,1739.065001173379,4944.471028887028,2322.681963894509,1946.9221861631152,1846.520894996566,1452.3288459193889
1998-09-30,2098.885478027035,2802.876137431171,3504.8337316807483,3216.506691061325,1152.3669279369517,3640.090775444066,2950.3261605830758,5540.602429600692,4582.379689374872,1464.3809722132326,3601.799202627871,3484.2854419155833,2866.876751496709,2965.8328168418643,2177.0567309216344,2659.3684307422895,2035.871143616488,2990.665590186189,2291.6952554599357,1853.843291250822,5499.7351254310415,2429.9898706264353,2049.330293155295,1905.4249115469568,1593.4952097427533
1998-10-31,2132.4676456754673,2874.0691913219234,3615.58647760186,3313.9668438004833,1222.4308371555185,3826.8274322243465,3095.1871750677046,5718.4557675908745,4817.91400540874,1617.2623457122943,3676.3564461222677,3668.2557132487264,3009.647213721245,3143.486202570692,2383.4417090130055,2825.047083977534,2130.946326023378,3233.806702668326,2514.6772038161876,2072.596799618419,5751.073020663241,2651.1189488534405,2200.1610027315246,2075.5793561481,1704.2431268198748
1998-11-30,2358.509216117067,3126.987280158253,3841.1990738042164,3462.763955087125,1285.5082683527432,4021.230265781343,3191.44749621231,6047.26697422735,5055.43716587539,1693.4354021953432,3810.9110920503426,3813.151813922051,3167.0517629988663,3290.6013568510007,2510.7174962742997,2927.878797834316,2214.2663273708918,3380.944907639736,2652.9844500260774,2133.9456648871246,5952.93568368852,2793.749148301756,2307.0888274642766,2184.3397144102605,1849.6150655376098
1998-12-31,2346.0091172716466,3212.979430362605,3837.3578747304123,3472.459694161369,1273.2959398033922,4172.830646801301,3308.2544745736805,6363.53903697944,5228.333116948328,1767.0998421908407,4049.4741264126937,3900.0916752794737,3314.002964802014,3394.5843597274925,2695.5063040000878,2991.7065556271045,2288.444249337817,3525.6493496867165,2804.204563677564,2327.921325825364,6452.386987549987,2928.4078572499006,2426.1346109614333,2244.8459244994247,2010.9014992524894
1999-01-31,2542.6046812990107,3273.0621457103853,3910.26767435029,3517.2544242160507,1323.9731182075673,4159.894871796216,3212.976745705959,6191.723482980996,5186.506452012742,1727.870225694204,4217.527302658821,3864.9908502019584,3180.117245024013,3241.1491466678094,2642.135279180886,3070.3884380400973,2146.3318614539385,3493.213375669599,2735.7819723238313,2275.077511729128,6617.568094431267,3045.5441715398965,2504.0135319732954,2261.9067535256204,2146.235170152182
1999-02-28,2393.862307443019,3056.3854316643574,3715.9273709350805,3373.750443708036,1273.3973450920382,3900.7334212833116,2963.6497502391762,5711.864913049968,4841.085122308694,1602.945208376513,3955.1971044334423,3684.8822765825475,2989.9462337715768,3021.399234523732,2419.139061618019,2960.4685319582613,2066.7029493939976,3380.731904973038,2643.8596980537504,2156.7734811192136,6482.56970530487,2971.232893754323,2443.416404499542,2242.4543554453,2041.0696468147246
1999-03-31,2314.1466926051658,2947.5781102971064,3707.009145244837,3257.356053400109,1224.1168678369763,3919.847015047599,2913.2677044851102,5605.624225667239,4799.451790256839,1583.0686877926444,3982.092444743589,3601.9724253594404,3123.297835797789,3026.8377531458746,2490.7455778419126,2940.337345940945,2085.7166165284225,3347.9388054947995,2646.2391717819987,2251.024482244123,6946.721696204699,3067.500839511963,2500.836690005281,2258.3757813689617,2170.0652484934153
1999-04-30,2578.6536595699367,3269.4536399415506,4027.2947353939903,3498.4004013517174,1337.1028547383294,4476.073306482853,3204.0118213927244,6112.933218090125,5255.399710331239,1786.967934780337,4385.876618640588,3950.643356134234,3431.2550024074512,3186.3521027366623,2676.8042725067035,3460.1889887033044,2320.151164226217,3602.0473608318553,2883.8714494080227,2459.469349299929,7640.699193655549,3267.8086443320935,2653.8878954336037,2420.7530000493903,2168.3291962946205
1999-05-31,2714.5487074292723,3451.5622076862956,4117.103407993277,3651.630338930923,1363.4437809766744,4737.028380250804,3321.919456419977,6434.473505361664,5438.813160221798,1863.4501623889353,4543.329589249786,4082.989908564731,3543.457040986175,3297.5557911221713,2718.562419157808,3578.181433218087,2335.696177026533,3674.0883080484928,2942.702426975946,2439.5476475705996,7839.3573726905925,3255.0641906191986,2630.5336819537883,2359.7500244481457,2098.7258290935633
1999-06-30,2808.2006378355823,3568.9153227476295,4249.262427389861,3828.36924733518,1399.9840743068494,5212.152326789959,3538.1764130329175,7003.280963235637,5814.635149593124,1960.163225816921,4859.090995702647,4263.458062523292,3774.1360943543746,3437.0424010866395,2942.5719624964117,3856.5639487224544,2387.3150625388193,3763.736062764876,3041.2829582796403,2456.1365715740794,8405.358974998853,3286.312806849143,2751.012124587272,2484.8167757438973,2221.081544929718
1999-07-31,2866.049570974995,3578.1945025867735,4289.630420450065,3885.4119491204733,1449.543510537312,5192.867363180836,3502.440831261285,6854.811406815041,5728.578549379145,1946.4420832362027,4673.473719666806,4187.142163204125,3790.7422931695337,3408.1712449175116,2850.469460070274,3849.236477219882,2377.5270707824097,3653.8349697321414,3018.7774643883713,2387.119133912848,8327.189136531364,3200.868673871065,2708.9216390810866,2437.1082936496146,2128.0182281971624
1999-08-31,2805.86252998452,3495.1803901267604,4133.487873145682,3805.3724629685917,1381.9947829462733,4968.016206355106,3358.4905130964457,6643.683215485137,5532.088305135441,1896.029233280385,4613.185908683104,4051.8974713326315,3661.0989067431356,3307.630193192445,2604.1888987202024,3761.473885539269,2311.4318182146585,3545.6814546280702,2890.7812998983045,2241.5048667441642,8483.740292298153,3060.3505390881255,2647.1582257100376,2352.540635859973,2172.068205520844
1999-09-30,2767.9833858297293,3363.0625713799686,3987.575751223639,3693.875049803612,1333.7631650214482,4957.58337232176,3272.849005012487,6555.986597040733,5426.425418507355,1839.5275621286296,4639.942386953466,3997.6020452167745,3565.1781153864654,3296.7150135549095,2602.62638538097,3727.996767957969,2245.3248682137196,3376.1978810968485,2795.0964388716707,2164.6212498148393,8185.112634009258,2968.233987861573,2546.566213133056,2301.7257581253975,2099.5211274564476
1999-10-31,2695.7390194595732,3319.342757952029,3973.220478519234,3606.3302111232665,1326.4274676138305,4929.325147099526,3161.244853941561,6429.456055717847,5311.9278421768495,1811.5667431842744,4487.288282422696,3904.8576777677454,3595.838647178789,3280.231438487135,2630.9950129816225,3745.1455530905755,2294.9465478012426,3419.0755941867783,2815.500642875434,2313.9801160520633,8600.097844553527,3132.674150789104,2616.596783994215,2462.616388618363,2273.1515246970957
1999-11-30,2971.5131211502876,3479.0031446095213,4188.569028454976,3775.467098024948,1405.3499019368535,5381.344263088552,3367.990267389339,6818.438147088777,5369.296662872359,1869.7180356404897,4861.976854004991,4135.244280756042,3616.334927467708,3321.8903777559212,2764.649559641089,3935.0244326322672,2314.6830881123333,3413.6050732360795,2812.6851422325585,2406.7707187057513,9632.10958589995,3205.978725917569,2722.8306134243803,2528.368246194473,2303.384439975567
1999-12-31,3322.745972070252,3727.05606882018,4346.896937730574,3832.476651205124,1433.8785049461717,5901.720253329215,3782.926668331705,7310.729381308587,5471.313299466933,1960.2123885654894,5516.3989385540635,4514.032656873295,3719.7621063932843,3409.2560946909016,2961.21614333157,4254.548416562007,2471.6186014863497,3532.057169277371,2929.4115756352103,2558.6379510560837,10713.795492396517,3478.4869176205625,2940.929345559673,2618.630992583616,2457.480859009933
