date,SMALL LoPRIOR,ME1 PRIOR2,ME1 PRIOR3,ME1 PRIOR4,SMALL HiPRIOR,ME2 PRIOR1,ME2 PRIOR2,ME2 PRIOR3,ME2 PRIOR4,ME2 PRIOR5,ME3 PRIOR1,ME3 PRIOR2,ME3 PRIOR3,ME3 PRIOR4,ME3 PRIOR5,ME4 PRIOR1,ME4 PRIOR2,ME4 PRIOR3,ME4 PRIOR4,ME4 PRIOR5,BIG LoPRIOR,ME5 PRIOR2,ME5 PRIOR3,ME5 PRIOR4,BIG HiPRIOR
1952-02-29,97.83,99.42,97.48,96.82,96.69,98.58,98.97,98.67,98.06,95.55,96.6,98.67,99.19,98.15,96.96000000000001,98.42,98.61,97.91,97.75,98.92,97.2,98.71,97.89999999999999,96.24000000000001,96.72
1952-03-31,100.00182600000001,101.99497799999999,100.35566,99.43413999999999,95.66508599999999,100.97549400000001,102.43395,101.620233,101.119472,97.050135,100.48331999999999,101.935977,101.68958799999999,100.83931000000001,99.054336,101.835174,101.74579800000001,101.01374700000001,101.44495,102.37230799999999,101.9142,105.42228,100.2496,100.156968,101.971896
1952-04-30,95.5717451082,98.0375728536,96.712749542,96.68975773599998,90.53743739039999,95.86613400360001,97.55809398,97.8704464023,97.5701785328,91.43093218350002,96.142440576,97.91969950619999,98.64906931879999,97.00741622000001,94.45821480960001,97.099838409,96.14977911,95.79133628010001,96.565447905,96.76230552159998,96.68600154,101.74304242800001,96.740864,95.64990444,95.34372276000002
1952-05-31,97.70299502411287,99.54735147554544,99.6238033032142,99.70647817736317,88.81722607998239,97.42875198785869,101.12872021966798,98.84915086632301,99.3264417463904,94.08242921682151,100.3438652291712,99.50599863820042,101.06597151711058,98.93786380277801,96.85745346576385,100.51775272099678,98.899662792546,98.71297203664307,98.85404902034851,100.05222390933439,101.07554600991602,106.1078189481612,99.6721121792,98.729831362968,97.27920033202801
1952-06-30,100.5754630778218,103.31024136132108,102.24390933008874,101.23198729347682,91.2241729067499,100.7997868066386,102.73666687116072,101.89370471300576,101.98839038519365,94.88212986516449,102.89259940599216,102.38172199884441,105.58362044392541,101.6289736982136,99.88909175924228,103.89514921242228,102.1040118670245,101.06234077111517,102.57096126351361,104.37447998221762,105.72502112637217,109.36532898986972,104.02778348143104,103.38000642016378,101.10227290507669
1952-07-31,102.37576386691481,104.32268172666204,104.43192898975265,101.66728483883878,90.59472611369333,102.40250341686415,105.06878920913607,102.30127953185779,102.71250795692855,94.62594811452854,103.76718650094307,104.89007418781608,108.77224578133197,102.24891043777271,99.29974611786274,106.81460290529137,103.88062167351073,102.8107192664555,103.05304478145212,104.56235404618562,107.4694839749573,110.45898227976842,106.04592248097082,104.41380648436542,100.93039904113806
1952-08-31,103.01049360288968,103.80106831802874,104.47370176134854,102.46028966058172,90.18704984618171,101.5218418874791,105.61514691302358,104.04040128389937,103.52393676978828,95.77092208671434,104.06811134179581,105.08936532877293,108.92452692542585,103.15892574066888,98.41597837741377,107.80797871231059,103.07035282445733,102.8107192664555,103.81563731283488,104.38459804430708,105.99715204450038,109.46485143925051,106.45950157864661,104.07968230361546,99.08337273868523
1952-09-30,100.58974700322176,102.79419795534386,104.12893854553609,102.73693244266528,87.60770022058092,99.64368781256074,105.31942450166711,102.19888618117434,102.198830379135,93.6064992475546,101.95552868155735,103.47098910270984,106.92031562999802,102.251127194151,97.09720426715643,105.44698397851097,100.36990958045655,101.55642849140474,102.48679715523059,103.40338282269059,102.34025029896512,106.2356383217926,105.16069565938713,103.35112452749016,98.63749756136116
1952-10-31,100.68027777552466,102.00268263108771,103.53540359582654,100.51781470190373,86.46880011771336,97.42163357434063,103.49739845778826,100.13446868031461,101.80025494065636,91.29441871613999,100.56893349148817,101.56712290321998,106.16118138902505,101.89324824897147,96.51462104155348,106.23783635834982,100.18924374321172,100.45961906369756,100.21159025838446,101.87301275691476,102.52446274950327,106.66058087507979,104.85572964197489,102.61733154334497,96.37869886720598
1952-11-30,107.1137475253807,105.85838403454284,109.03313352676491,104.75966648232406,89.2617423615155,104.06578898411067,109.95563612155425,104.68057355840091,106.35072633650371,95.82262188446055,106.29130580715385,108.11820233047769,111.87265294775459,108.2615762645322,101.75536496410984,113.55762328344012,106.45107147716246,105.47255405497606,106.01384133434493,107.03797450369032,110.15228277806631,112.94288908862198,114.17740400714646,107.73793638735789,101.13980659124597
1952-12-31,108.95610398281725,109.11882226280676,110.58140402284498,102.42352591976824,89.67234637637847,107.22938896922764,114.08996803972471,107.61162961803612,108.60536173483759,97.63366943807684,110.10716368563067,110.61573280431172,114.02060788435149,110.05871843052341,103.1087113181325,119.26957173459715,110.76233987198754,108.11991516175597,108.20832784996585,108.57932133654347,116.9376633971952,115.99234709401476,116.59796497209798,112.09054901740716,103.46602214284462
1953-01-31,115.35182728660862,111.26846306138405,115.92248583714839,108.53821041717842,93.73450366722841,112.90182364569978,119.95419239696655,112.52948109158038,112.11331491887285,99.84995373432119,114.20315017473612,113.70191174955202,116.76850453436435,111.51149351380634,104.57285501884999,121.30908141125876,112.55668977791373,109.78496185524702,109.25794863011053,109.40452417870121,114.30656597075833,115.91115245104895,116.66792375108123,110.87997108801918,101.5415541309877
1953-02-28,117.16285097500838,115.55229888924734,118.73940224299109,112.17424046615389,96.96834404374779,116.23242744324793,124.11660287314128,112.9008283791826,112.66267016197531,101.90686278124818,116.32732876798622,114.7479693376479,117.01371839388652,113.85323487759626,105.48263885751396,121.27268868683538,113.28830826147016,111.58543522967305,109.6075740657269,109.83120182299815,114.0322302124285,115.30841445830349,115.81624790769835,110.32557123257907,103.66377261232536
1953-03-31,116.58875300523084,115.69096164791443,120.37800599394437,110.39067004274206,94.00111271600912,112.3153946384105,124.00489793055544,112.13310274620416,111.60364106245275,98.91080101547949,115.5130374666103,113.24477093932472,116.9552115346896,113.02210626298981,103.35188955259218,119.59912558295704,111.48702416011278,112.2214722104822,108.98281089355224,106.8987087343241,112.97173047145293,113.44041814407898,115.64252353583682,107.799115651353,99.9526095528041
1953-04-30,113.81394068370633,115.77194532106796,118.05471047826124,108.45883331699409,91.34088122614607,109.23795282531805,122.19442642076935,109.6325345549638,108.22205073826044,98.1887521680665,112.41728806250515,110.20981107815082,114.35880583861947,109.98181160451537,102.03932055527424,117.7094593987463,109.31302718899059,108.66405154140992,106.50890108626861,103.24277289561022,109.33404075027214,111.25101807389825,112.43922563389415,104.59748191650782,95.884538344005
1953-05-31,115.50976839989356,115.04258206554523,119.68386548286125,109.34819575019344,92.32736274338843,109.78414258944463,123.46524845554534,109.96143215862868,108.5034280701799,98.6306015528228,112.5634305369864,110.73881817132593,114.27875467453244,110.57571338717975,102.51890536188404,118.61582223611666,109.36768370258507,110.07668421144825,107.16925627300347,103.12920584542505,110.492981582225,112.4080286618668,113.56361789023308,104.8171366285325,96.28725340504981
1953-06-30,110.53129738185814,110.48689581574965,116.11728629147197,104.55874477633496,87.20319411113037,106.63333769712757,117.58830262906139,104.62830269893519,105.8016927112324,95.25743497971625,109.71557574440065,106.87403341714665,110.2789982609238,106.70556341862847,98.95124745529048,116.81286173812768,106.42569301098553,106.91748337457969,104.59719412245138,100.47878525519762,108.10633318004894,110.8005938520021,112.1554290283942,103.27632472009304,95.31475214565882
1953-07-31,111.62555722593854,113.45899331319329,118.11450361568532,105.8239055881286,89.54896003271978,108.79799445237926,120.4809748737363,105.73736270754391,105.89691423467251,95.88613405058237,112.1951477562241,109.28938657237417,112.90363841953379,107.61256070768681,99.8121233081515,119.59300784749513,106.77689779792179,109.24828451214555,106.8460337960841,101.07161008820329,111.26303810890636,115.21045748731179,114.54433966669899,106.17838944472766,98.0788799578829
1953-08-31,104.16897000324585,108.02430753349132,112.33870438887831,100.47979835592811,82.17012572602367,102.82498455694365,115.25210056421615,100.2390198467516,99.50074061489829,89.70147840431981,106.32734152857357,103.79213042778375,107.63103850534156,101.39255469878252,93.81341469733158,111.91513674368593,101.02162300661381,104.78002967559878,102.20891592933405,97.62506818419556,107.95852587707185,110.79789696554774,110.34056240093115,101.69766141016015,92.84146776813196
1953-09-30,101.53349506216374,105.8422165213148,110.61992221172846,96.29983874432149,79.60641780337173,101.10780731484267,112.83180645236762,100.06861351301212,97.68982713570715,88.66991140267014,105.39166092312212,102.66079620612089,105.7474953314981,100.27723659709591,92.78146713566095,111.3219865189444,100.94080570820852,104.5076015984422,102.31112484526336,97.54696812964819,107.39714154251108,111.13029065644437,110.81502681925515,103.05024030691527,93.3613799876335
1953-10-31,104.41704632192919,109.18683056338836,110.29912443731446,100.38295190708072,80.05221374307062,106.21375158424225,116.04751293626008,103.69109732218318,100.0734589178184,91.13493493966438,110.60854813881666,106.21285975485269,110.9925710999404,105.4916529001449,95.58346744315791,118.22394968311896,105.83643478505662,108.35348133726488,105.97386311472381,101.95609108910828,112.09039662791882,115.40880684671748,117.4417654230466,107.23408006337603,98.02944898701517
1953-11-30,107.52867430232268,111.0539253660223,111.14842769548179,101.14586234157454,80.21231817055676,110.04806801643339,117.73020187383585,104.99760514844267,101.89479587012269,92.62954787267488,112.14600695794621,107.12629034874442,113.77848463454889,107.77027260278804,96.34813518270317,121.4396411144998,108.32359100250545,110.81310536362079,110.02206468570625,104.83125285782113,111.40664520848851,119.92129119442411,121.89280833258007,109.91493206496041,100.98993834642305
1953-12-31,104.13076819436931,108.57742283036,107.02482102797941,99.13305968097721,76.33004197110182,105.88825104541219,115.36382481617176,103.1496472978301,101.54835356416427,91.13821215192482,109.4993611937387,105.71222331614098,115.31449417711531,106.85422528566436,94.19957176812889,120.09166109812885,108.20443505240272,110.50282866860266,110.70420148675764,104.33854596938936,107.83049189729603,119.89730693618523,122.39256884674366,111.43175812745687,100.81825545123412
1954-01-31,118.16759574697029,118.57740347303616,115.50118685339537,105.37844244087877,79.85648991016672,117.28182685789854,123.80845679271553,109.16327173529359,107.30614521125239,94.38273250453334,119.45285312624954,115.68088597485308,124.320556172348,112.49612838074742,98.0900140821526,129.9151589759558,117.16376227474166,118.5032334642095,115.61946803276967,108.89814042825168,114.7424264279127,128.9495536098672,129.40566304166205,116.13417832043555,104.50820360074931
1954-02-28,120.17644487466876,121.56555404055666,116.07869278766233,106.42168902104348,78.49094393270286,122.00828448027185,124.21702470013149,109.81825136570535,109.47372934451968,95.1000412715678,121.53133277064629,117.92509516276523,126.19779657055045,115.3085315902661,98.93358820325912,134.34526589703592,120.02255807424535,120.8732981334937,116.55598572383512,109.52974964273554,116.09638705976208,130.25194410132684,133.09372443834943,117.2374530144797,105.81455614575867
1954-03-31,123.74568528744643,125.07879855232875,116.7171255979945,107.60296976917707,80.70438855160508,125.50992224485564,128.61430737451616,113.35439905968107,109.93351900776666,97.73431241479024,125.71201061795651,122.21756862668988,125.81920318083881,117.4763319841631,101.76308882587233,138.10693334215293,126.04769048957247,125.90162733584704,118.95703902974613,115.13767282444358,119.09167384590395,134.14647722995653,137.2728673857136,123.06415442929935,110.9359806632134
1954-04-30,124.83464731797595,126.30457077814157,117.18399410038647,108.76508184268417,80.99492435039086,125.40951430705975,128.524277359354,114.02319001413319,112.5609301120523,97.16745340278446,126.76799150714734,125.02857270510374,126.98932177042062,120.16653998660043,103.59482442473804,138.7284145421926,132.56435608788337,127.68943044401607,121.93096500548977,117.1640958661538,121.27105147728399,138.21111549002424,143.8482377334893,128.86047610291934,118.79024809416889
1954-05-31,132.29975922759093,131.33149269511162,121.7072962726614,113.93142323021168,83.40047360359748,134.82776883151993,133.48531446542503,116.6685280224611,115.7689166202458,101.53998880590976,136.98549162262344,130.75488133499752,132.39906687784054,126.29503352591705,107.90436912080715,149.57697655939205,140.16029369171906,130.12829856549675,125.60108705215501,119.87058648066193,127.031426422455,143.1728945361161,147.37251955795978,135.04577895585948,120.417674493059
1954-06-30,135.91154265450416,134.2733181314821,121.50039386899788,113.79470552233543,84.10937762922805,137.34904810866936,134.65998523272077,118.10355091713738,115.98887756182428,101.26583083613379,138.02658135895538,133.64456421250094,134.37181297432033,128.40416058579984,108.422310092587,151.68601192887948,143.21578809419856,132.78291585623288,129.41936009854052,120.49391353036138,134.11978001682797,143.1872118255697,146.41459818083305,134.70816450846982,120.94751226082845
1954-07-31,148.9182772865402,148.398871198914,131.58492656012467,126.9152350690607,92.20911069492273,147.5952870975761,145.09613408825663,126.71329977899669,122.40306249099315,108.45570482549928,145.742267256921,140.79454839786976,144.94687465539934,136.7119097757011,117.46473075430875,160.40795761479006,154.51551377483082,142.90097404447783,137.15863783243324,126.53065859823249,140.75870912766098,150.71885916759467,155.87298122331487,140.4332615000798,123.3906520084972
1954-08-31,153.23690732784985,150.13513799194132,132.83498336244588,125.82376404746678,90.67843945738701,150.72430718404473,145.1977013821184,124.87595693220123,122.28065942850218,108.56416053032478,147.05394766223324,139.0064576332168,143.27998559686225,134.838956611774,113.78808468169888,157.8735118844764,154.02106413075137,140.41449709610393,132.28950618938185,124.22780061174466,137.31012075403328,148.71429834066566,152.98933107068353,134.22611134177626,117.28281473407658
1954-09-30,161.1132843645013,155.60005701484798,138.87897510543718,129.25875280596264,92.75497572096117,155.84893362830226,152.53018530191537,129.98338357072825,126.73167543169966,114.56775860765174,155.36249570514943,145.31735080976483,148.68164105386396,139.97632085868256,117.28137888142702,168.04056604983666,161.53729206033202,145.68004073720783,136.62860199239358,131.71873698863286,147.27883552077608,160.95348509410243,161.602630409963,146.37357441820703,120.71920120578503
1954-10-31,160.6943898251536,160.54813882792016,138.51788977016304,129.7240843160641,91.22451862156532,153.29301111679808,150.8523532635943,129.0085081939478,124.69129545724928,114.00637659047423,156.17038068281624,145.20109692911703,147.4327152690115,139.44441083941956,116.41349667770446,168.84716076687587,157.32116873755734,144.98077654166923,134.93440732768792,133.97112739113845,144.14179632418356,156.5111689055052,159.69571937112542,143.1972678533319,118.30481718166932
1954-11-30,179.57598062960912,173.07089365649796,147.90940269658012,141.61978284784718,97.11762252451844,167.99381088289906,169.3015960677319,140.01293394289155,135.76388249385303,123.36630010855218,174.36423003236433,158.24015543335176,162.6477714847735,151.1577413499308,127.72888855477733,185.1240270648027,169.387702379728,157.88406565387777,149.5612970820093,148.26584668377293,158.95957298630964,171.52059000354316,170.5869674322362,160.91076988678904,132.56054765206048
1954-12-31,200.44270957876975,198.5296221133688,162.19745099706975,160.12948846606082,108.41240202411994,183.4324421030375,187.56923828344014,153.67819629571773,149.6389512847248,133.07522792709523,189.74315512121888,172.76660170213344,177.82280856430285,160.86206834459637,141.15319474188445,199.0268414973694,178.61933215942318,167.76760816381054,159.14817622496608,156.30185557403345,164.8092852722058,179.97655509071782,179.0310223201319,172.30325239477372,138.26065120109905
1955-01-31,208.36019660713117,205.02154075647593,165.73335542880588,164.93337312004263,110.06027053488658,184.9549313724927,194.3592447093007,156.1985187149675,150.5816766778186,136.1226506466257,197.06724090889793,176.94755346332508,183.28196878722696,162.45460282120789,138.4853993612628,200.67876428179753,181.97737560402032,169.327846919734,158.46383906719873,156.64571965629634,165.33667498507688,181.57834643102518,179.87246812503653,172.66508922480273,139.50499706190894
1955-02-28,224.5081118441838,216.7282707336707,175.26302336596223,169.94734766289193,117.98461001339842,192.98197539405888,205.39884980878895,163.8366262801294,158.32157485905844,140.30161602147712,204.37843554661802,189.26310318437248,192.66600558913296,166.93834985907324,143.76169307692692,206.5586520752542,189.0199000398959,173.91663157125876,166.33949186883854,162.17531356016357,171.983209319477,189.24095265041444,183.86563691741233,177.46517870525224,141.33251252341995
1955-03-31,227.42671729815817,221.821385095912,171.88044701499916,168.92766357691457,115.4951347421157,196.45565095115194,208.70577129071046,162.52593326988838,159.2715043082128,137.31319160021965,210.18278311614193,185.83744101673534,194.55413244390647,164.95178349575028,140.77144986092685,208.12849783102615,185.76875775920968,172.35138188711744,166.73870664932375,162.15909602880757,171.57044961711026,189.92222007995596,183.60822502572796,176.22292245431547,146.59008198929118
1955-04-30,229.54178576903104,230.20623345253748,173.85707215567166,176.6307650360219,117.78193841000959,202.62435839101812,212.3163811340398,169.1407387539728,161.8198483771442,138.60393560126172,214.701712953139,191.98866031438925,197.90046352194167,166.1889218719684,141.37676709532883,214.60129411357104,191.0074367280194,179.88313727558446,171.9576281674476,160.65101643573965,170.695440324063,201.16561550868934,189.9059871441104,181.70345534264467,149.932335858647
1955-05-31,231.6076618409523,232.71548139717012,173.24857240312681,179.2978895880658,116.63945360743249,202.58383351933992,216.24423418501954,169.63124689635933,162.72603952805622,137.12087349032822,211.9320608560435,194.06213784578466,198.0587838927592,166.8536775594563,144.99601233296926,216.72584692529543,194.2736638960685,181.8078868444332,173.29889766715368,161.27755539983903,171.99272567052589,205.36997687282096,191.67211282455065,182.9572091845089,152.72107730561783
1955-06-30,240.91828984695857,239.3944157132689,180.97545873230627,182.95556653566234,116.79108489712216,210.58589494335385,221.10972945418243,173.5497286996652,168.63299476292465,142.60570842994136,215.280587417569,201.66937364933938,205.2285118696771,171.3587268535616,149.59238592392438,225.89335025023541,201.46178946022303,188.2984284047795,179.9535753375724,167.76091312691256,181.43512630983773,223.13447987231996,202.59742325555004,195.87398815293525,166.4048858322012
1955-07-31,243.30338091644344,243.20078692310986,182.51375013153086,186.32194895991853,119.29041411392059,212.54434376632707,228.27368468849792,172.5084303274672,168.5486782655432,143.26169468871907,213.98890389306356,203.52473188691334,204.46916637575927,172.84954777718758,149.72701907125588,223.88289943300833,203.5972844285014,190.6709886026797,181.95106002381948,164.4727992296251,180.1469369130379,226.8608256861877,202.53664402857336,195.991512545827,174.55872523797905
1955-08-31,244.47123714484235,244.3924707790331,181.94795750612312,189.11677819431728,117.14318665987,214.22344408208107,229.57484469122238,170.30032241927563,170.26787478385174,142.45942919846223,215.1230450836968,203.545084360102,203.97844037645746,175.78799008939973,153.32046752896605,227.57696727365294,207.07879799222874,190.32778082319487,184.97144762021486,164.01227539178214,183.5517140206943,232.87263756687167,201.80751211007052,196.34429726840946,170.5962421750769
1955-09-30,249.45845038259714,247.10522720468035,180.2922310928174,190.87556423152444,116.38175594658084,210.5816455326857,228.54175789011188,171.69678506311368,171.5789374196874,137.37362757607713,213.01483924187656,204.6645823240826,206.46697734905027,173.55548261526434,148.19956391349857,221.4323891572643,205.1322572911018,184.92247184781613,180.51363573256768,163.04460296697061,195.15218234680216,234.47945876608304,196.68160130247472,192.06399158795816,170.6474210477294
1955-10-31,241.05170060470363,245.47433270512946,178.74171790541916,188.24148144512938,113.49548839910564,207.6335024952281,220.29140043027886,171.18169470792432,172.2995689568501,134.59868029904038,209.39358697476464,203.231930247814,205.47593585777483,170.5703283142818,145.8283708908826,216.11801181748996,202.77323633225413,181.88974330951194,177.5893148337001,158.47935408389543,191.19059304516207,229.06298326858652,193.75104544306785,187.47366218900595,162.9512223584768
1955-11-30,254.59880617868797,248.7391413301077,182.54891649680462,198.7453561097676,115.49300899492991,224.72173975058536,231.50423271218003,179.67230676543738,181.25914654260632,141.19401563369337,228.42746403077078,214.9584126231129,217.18806420166797,178.9282744016816,151.12194075422164,236.2169869165165,215.99405134111706,189.0198212472448,188.61761128487288,167.40174171881876,212.12596298360734,249.10599430458782,206.18986256051278,199.39698710422672,170.10478102001395
1955-12-31,260.5309583626514,253.4154371871137,190.45328458111626,204.01210804667645,118.6690667422905,229.7779788949735,235.1388491657613,182.87047382586218,187.13194289058674,141.61759768059443,232.6762148617431,218.84915989159123,222.20510848472648,182.9541605757194,158.17933538744379,239.94921530979747,217.9379978031871,192.89472758281332,193.63483974505047,170.6828158565076,222.28679661052215,252.9920478157394,210.25180285295494,199.59638409133095,175.17390349441035
1956-01-31,260.791489321014,253.21270483736402,188.7392050198862,203.07365234966173,117.43490844817069,227.9167772659242,233.4693633366844,179.41422187055338,183.18345889559535,135.8679232147623,228.53457823720404,214.90987501354257,219.11645747678875,176.02019788989963,150.82399629192767,236.06203802177873,212.29340366008452,187.91804361117673,187.2255265494893,162.3705627242957,211.26137149864027,247.29972673988527,205.10063368305757,195.80405279359564,169.97123856062638
1956-02-29,272.0055233618176,266.0759102431021,196.0622861746578,206.66805599625073,118.71494895025575,236.82832325702182,243.01826029715477,185.72960248039686,187.12190326185066,137.2945364085173,241.4467819076061,220.13218497637163,225.6242162638494,181.1775896880737,153.76506421962026,250.7687029905356,221.9527535266184,192.52203567965054,191.84999705526167,163.83189778881433,222.5004764623679,260.2335024483813,214.33016219879514,201.8348176196384,173.16669784556612
1956-03-31,281.4169144701365,276.6657314707776,202.1990357319246,220.20481366400517,119.87835544996825,244.99890040938905,249.19092410870252,195.40611476962553,195.3926913860245,146.6168354306556,250.5251809073321,227.330507425099,238.03354815836113,189.94658502897647,164.72851329847919,263.15667691826803,229.69890462469738,201.60907576373,203.16914688152207,176.10290693319652,232.60199809375942,274.91067198647,232.59109201813249,214.85316335610506,187.55685043653267
1956-04-30,283.0491325740633,273.5117421320107,207.94148834671125,223.22161961120207,114.97533071206453,248.82088325577553,250.41195963683515,193.92102829737635,195.7639374996579,148.8014262785724,247.61908880880705,227.35324047584152,237.65269448130772,188.55997495826495,167.0347124846579,265.893506358218,225.0589867512785,200.84296127582783,207.02936067227097,180.10044292058006,230.67140150958124,275.1306005240591,228.4509705802097,218.6130937148369,191.36425450039428
1956-05-31,270.17039704194343,267.3303767598273,198.89603360362932,215.69905103030456,106.5016488385854,238.54458077731204,238.24193839848493,186.18357926831104,187.2482062184228,141.55479681880593,241.00765913761194,220.55537858561385,230.02404298845772,180.86672797996775,158.26539007921335,256.6935910382237,221.00792498975545,195.42020132138046,199.76263011267426,171.32955135034783,222.1134925135758,261.2365051975941,218.83318471878286,204.90605273891666,178.77248655426837
1956-06-30,272.2777261388706,270.1640787534814,198.33912470953916,217.83447163550454,108.49322967186694,244.93757554214395,241.7202706991028,187.61719282867705,187.39800478339754,142.57399135590134,249.41882644151457,226.68681811029393,235.61362723307724,186.43742320175073,159.9588297530609,264.06069710102076,228.63269840190205,200.34479039467925,205.61567517497562,176.79496403842393,230.28726903807538,269.8050625680752,229.77484395472203,209.06564560951665,189.1770452717268
1956-07-31,281.12675223838386,278.7552964578421,203.67444716422574,224.7180409391865,108.5257776407685,252.94703426237203,252.3076185557235,191.7635327901908,195.7746955972154,147.3929922637308,258.547555489274,233.71410947171304,244.16640190163795,197.0830000665707,165.89330233689944,272.90673045390497,239.0354861791886,209.70089210611076,214.3337798023946,185.89990468640275,236.57411148281486,282.75570557134284,239.58622979158864,223.3657357692076,200.43307946539457
1956-08-31,279.83356917808726,277.612399742365,200.86373979335943,218.17874594785619,107.67927657517049,254.97061053647104,248.87623494336566,188.79119803194286,192.27032854602524,144.07664993779687,256.29819175651727,232.82599585572052,240.94340539653635,195.95962696619122,158.29538908986947,265.9748995003758,234.8284616224349,205.0874724797763,207.47509884871795,180.3229075458107,228.7435083927337,274.2447588336454,230.74549791227898,218.98776734813111,191.01272473052103
1956-09-30,268.33240948486787,270.53328354893466,197.02724236330627,213.4879029099773,105.11650979268143,242.70652416966678,247.00966318129045,184.43012135740497,187.3289811023924,140.69084866425865,249.14747220651043,226.2137375734181,233.2091220833075,187.45497915585852,153.0241526331768,252.2505946861564,225.22397754207728,197.29414852554478,202.74466659496716,171.23463300550185,211.35900175488595,259.49039080839526,218.700582921258,213.66636460157156,181.2901770417375
1956-10-31,270.4790687607468,269.72168369828785,196.94843146636097,213.72273960317833,105.99948847493997,241.5900741584863,251.11002359009987,183.56329978702516,188.7526813587706,141.73196094437418,251.53928793969294,228.58898181793896,235.12143688439062,189.0670919765989,153.65155165897283,254.21814932470843,229.03026276253837,199.68140772270388,202.62301979501015,171.81683075772057,215.43823048875527,262.00744759923674,220.40644746804384,211.93566704829885,183.7919814849135
1956-11-30,266.1514036605749,264.51605520291093,199.76479403632993,217.6552380118768,106.84748438273948,240.14053371353538,247.72003827163354,182.278356688516,190.75345978117355,147.74139608841563,251.69021151245673,228.29181614157562,238.97742844929462,192.86734052532856,157.1855373471292,252.20982594504324,230.8166988120862,199.58156701884255,205.09502063650928,174.96107876058684,223.36635737074144,261.588235683078,215.97627787393617,216.15318682256,185.18880054419884
1956-12-31,268.54676629352,270.2825052063344,196.50862789353772,219.35294886836948,108.04417620782615,243.62257145238164,251.60924287249819,188.3846816375813,194.89280985842504,154.71478998378885,256.39681846773965,236.8755884284989,245.21473933182122,198.63407400703588,159.716224498418,262.52520782619547,236.5871162823883,204.7108132912268,212.33487486497805,177.63798326562383,235.53982384744683,268.57264157581614,223.83781438854743,223.89147091080764,190.3926058394908
1957-01-31,280.3091146571762,281.7695116776036,204.44757646043666,223.19162547356598,107.44993323868313,254.9753832820626,254.1001743769359,192.79288318790074,193.82089940420371,153.2759424369396,254.88407723877998,241.54203752054033,249.2117395829299,198.89229830324504,153.50326336542955,262.73522799245643,235.66442652888696,206.49179736686048,209.9779577539768,170.67457432161137,229.7219901984149,260.8914640267478,216.8316907981859,214.26413766164293,179.2546383978806
1957-02-28,276.3006943175786,273.62637279012085,200.01106405124517,216.96457912285348,103.78589051524403,248.95796423660593,249.3485011160872,188.3972054512166,189.55683961731123,148.43242265593233,244.51029529516163,234.48901002494057,244.9502188360618,194.27799698260975,148.95956676981282,254.93199172108046,233.42561447686253,204.0551941579315,207.1642531200735,165.75914658114897,226.0923827532799,254.4996231580925,212.0613936006258,213.04283207697154,174.37891223345824
1957-03-31,285.5843976466492,278.1685705784368,202.81121894796263,221.15199549992454,103.50566861085287,253.88733192849077,261.01801096832,192.37238648623725,192.7224388389203,146.84419573351383,251.40548562248517,239.1553413244369,251.1719543944978,197.09502793885758,154.41148691358796,259.18935598282246,237.81401602902753,208.91170777889027,213.75207636929184,169.55503103785725,230.38813802559224,261.6510625688349,215.85729254607702,218.8802056758806,178.87788816908147
1957-04-30,292.4384231901688,286.2354591252115,207.3339091305022,229.5115409298217,104.15775432310124,256.68009257970414,264.67226312187654,198.00889741028402,196.9045157617249,148.4888507257292,255.327411198196,242.19261415925723,257.8531283813914,199.91348683838325,161.6688267985266,264.9174407500429,247.27901386698284,210.62478378267718,223.43504542882076,173.67521829207718,238.82034387732892,276.4866778164878,224.5131699771747,229.84610398024222,190.05775617964906
1957-05-31,298.72584928875744,283.8024577226472,210.38171759472056,235.68540138083392,102.94952437295326,264.1494832737735,270.9714629841772,198.9197383383713,201.708985946311,148.68188623167268,259.33605155400767,243.6699891056287,263.11333220037176,205.87090874616706,165.46804422829197,269.65946293946865,255.34030971904645,216.56440268534868,227.52390676016816,178.3123466204756,248.94632645772768,281.07635666824154,232.19152039039406,242.6715165823398,197.8691299586326
1957-06-30,297.9192894956778,281.87260101013317,206.36342678866137,239.78632736486043,104.1849186654287,261.85138276929166,271.35082303235504,198.99930623370665,199.26830721636065,148.533204345441,256.69082382815674,239.72253528211752,260.1138402132875,203.29752238683997,163.08530439140458,268.63475698029873,250.33563964855315,212.86115139942922,227.54665915084416,175.26320549326547,248.34885527422915,276.10130515521365,229.89282433852915,243.90914131690974,197.03807961280637
1957-07-31,303.25204477765044,291.20258410356854,208.61278814065778,236.59716921090782,101.99703537345468,263.78908300178443,273.5487646989171,202.0439956190824,201.48018542646224,148.75600415195916,255.40736970901597,244.2053466918931,261.51845495043926,204.49697776892233,162.66128259998695,269.22575344565536,253.46483514416005,211.54141226075276,228.59337378293802,176.05188991798516,249.44159023743575,279.1108093814055,231.91588119270818,248.15316037582397,198.18090047456064
1957-08-31,291.24326380445547,280.19512642445363,203.39746843714136,226.89668527326057,97.16237589675293,247.908980205077,265.45172126382914,193.0126290149094,191.14425191408472,141.2884527435308,240.23617194830044,233.94872213083357,249.07017649479837,191.00017723617344,154.17036364826762,249.81457662222354,242.00822459564398,202.31820668618394,215.83786352585008,162.53110477228392,238.56593690308355,262.4758051422737,225.19032063811966,235.00104287590528,190.0356654650562
1957-09-30,275.98211678110204,263.5515359148411,192.59706286312914,217.48047283442025,93.41190818713827,228.0514708906503,246.1268359558224,184.7323872301698,184.03368574288078,137.96817410405782,222.0022464974244,218.76545006454248,236.8159238112543,181.1254680730633,148.09605132052587,231.42822378282787,229.5690018514279,193.1531919232998,209.4706465518375,156.9075285471629,218.52639820322457,246.3597907065381,209.40447916138746,222.0994856220181,185.91189152446447
1957-10-31,245.98286068699622,237.19638232335697,178.3448802112576,202.25683973601085,86.58349769865848,202.30445982709585,229.73478868116467,171.65333421427377,172.5315803839507,129.42794412701664,200.22382611602708,203.58312783006323,224.6435853273558,171.74316882687862,139.55090915933155,214.37196369003345,214.92249953330682,182.12414466447936,203.01895063804088,152.23168419645742,206.28891990384398,236.33294722478203,203.52021329695248,216.45815868721888,179.64666078009003
1957-11-30,245.29410867707261,236.4847931763869,180.62769467796167,205.7558830634439,87.55323287288346,201.87962046145898,231.3429322019328,174.55427556249498,174.41217461013576,129.27263059406422,207.03143620397202,212.60186039293504,226.8900211806294,176.31153711767357,143.6537058886159,223.22552579043182,222.42329476701923,187.49680693208154,209.1501229473097,157.13354442758336,216.66525257500732,245.1245328615439,205.65717553657046,220.0513641214267,188.50324115654846
1957-12-31,229.08016809351813,230.54902486765957,169.699719149945,188.18433064982577,78.26383486507052,185.32549158361934,219.93772564437748,168.27032164224514,163.33700152239214,118.28445699356878,192.68415767503674,199.1654228161015,214.02535697968767,168.76540332903716,136.39919374124082,205.36748372719725,213.70430161215208,186.9343165112853,206.7239815211209,149.04116688956282,201.5636844705293,236.27553722524218,201.81138635403659,212.9437050603046,181.05736313086481
1958-01-31,281.12718228436546,269.3043159479131,193.88192912881217,205.59138123493463,83.56229648543581,216.4045765221923,248.96950542943532,185.349759288933,177.41665105362236,128.35046428372146,217.6174876781865,226.53075191103386,234.7858166067174,183.39736379766467,145.94713730312768,231.26432342519684,238.87866834206358,206.24463140690102,220.016333532929,156.65717051761948,215.45142233054878,246.9551915078231,209.1169585400527,220.8013277770298,186.79688154211323
1958-02-28,287.95857281387555,261.6291429433976,191.32268766431184,203.59714483695575,78.65718968174072,212.59585597540172,254.0982772412817,186.9993721466045,175.46506789203252,125.27005314091215,218.37914888506015,226.32687423431395,235.30234540325216,181.17825569571292,141.20385534077602,234.50202395314963,239.3564256787477,205.4402773444141,213.70186476053394,151.81646394862503,208.92324423393313,245.42406932047462,207.9249918763744,214.64097073205068,186.83424091842164
1958-03-31,299.6496908701189,271.0477920893599,201.42452557298748,208.0152028799177,81.54390854306061,223.11935084618412,259.1802427861073,193.03945186693983,180.51846184732304,130.5063413622023,227.55107313823268,235.06309157975846,243.4438065542047,185.50841600684046,144.91751673623844,252.27727736879842,251.0370192518706,212.61014302373417,219.02304119307124,157.4943997003036,218.09497465580284,254.03845415362323,216.1172365563036,219.9640668062055,190.3654080717798
1958-04-30,309.29841091613673,278.8268637223245,207.40683398250522,220.1216876875289,84.4794892506108,230.2368581381774,267.7072727737702,200.54868654456376,184.83285308547406,133.82120243280224,228.23372635764736,239.97591019377538,251.62351845442598,190.1090247238101,146.81593620548315,258.45807066433395,259.94883343531205,220.8168945444503,224.8271517846876,160.15605505523874,225.204870829582,259.9829539808181,224.24324465082063,228.96059713857932,196.53324729330546
1958-05-31,321.76313687605705,287.44261381134436,215.8482921255932,235.5302058256559,89.74256143092386,237.78862708510962,281.3603436852325,208.3500304511473,192.18920063827593,140.52564467468565,241.3343422505763,250.1028936039527,261.3613486186122,198.96810527593965,152.83538958990798,271.01913289862057,272.9982648737647,227.13225772842156,229.43610839627365,164.1599564316197,235.36161050399613,267.9384323726311,228.36932035239573,235.4401820376011,195.88468757723757
1958-06-30,341.84115661712303,295.86468239601675,221.15816011188275,245.1162852027601,92.93739661786475,244.54182409432676,290.3920107175285,217.8299568366745,194.14953048478637,144.33388964536962,249.587976755546,259.106597773695,271.0839907872246,201.99242047613396,155.11263689479756,279.33942027860826,284.7917899163113,234.1733577180026,235.79148859885044,169.13400311149778,244.56424947470236,276.5660498950298,234.6951505261571,240.85530622446586,198.4703654532571
1958-07-31,369.39355384046314,317.81784182980124,234.6488078787076,255.31312266719493,95.67904981809176,259.7767797354033,309.6159618270289,230.72549028140563,203.52695280720155,146.74426560244729,272.4003178310029,279.861036255368,284.7466239229007,212.27383467836916,162.3098632467162,299.75913190097447,296.86696180876294,243.51687469095094,246.8736885629964,176.74503325151517,257.3794161471768,293.85142801346916,243.16764546015136,251.9346503107913,204.32524123412824
1958-08-31,382.1376314479591,327.60663135815906,241.7117369958567,264.7086455813477,100.47257021397814,277.5455114693049,318.74963270092627,238.2702138136076,204.9312887815712,149.45903451609254,285.475533086891,289.7121447315569,293.4029212901569,220.02182964412964,164.61466330481954,311.1200030000214,300.1324983886593,249.1177628088428,258.3286277123194,180.45667894979695,262.9130735943411,299.0525982893076,246.30450808658728,256.5198609464477,207.1449295631592
1958-09-30,408.734410596737,358.1395694007395,259.0182973647601,273.417560020974,105.3354426123347,297.7508247042703,339.75523349591737,246.4428821474143,215.28031886504056,156.69285178667144,302.09020911254805,303.35758674841327,310.5376518935021,232.8050979464536,171.70955529325727,327.4226911572225,314.92903055922017,260.2035032538363,269.07509862515195,189.10055387149225,277.45216656410815,316.3378384704296,256.501514721372,269.16629009110756,213.19356150640343
1958-10-31,420.83294915040045,374.1484081529525,265.649165777298,278.9952782454019,108.68510968740695,314.2759954753573,355.0442190032336,255.58591307508337,223.69777933266363,160.98623592562623,312.7842025151323,309.6370887941054,314.54358760292826,236.43685747441828,181.0848970122691,342.18945452841325,323.1171853537599,265.9540006757461,278.3043745079947,197.06168718948206,284.3884707282108,319.56448442282795,264.0683094056525,278.6140268733054,211.44537430205094
1958-11-30,440.6962643502993,392.1823614259248,277.41742382123226,286.89084461974676,115.15187371380766,335.20677677401613,373.648536079003,273.4258098077242,231.52720160930684,170.03366238464645,325.7021900790072,326.10978191795175,325.6155218865513,241.42567516712847,185.21363266414883,358.2381399457958,336.78504229422396,278.08150310656015,287.8780449910697,207.21036407974043,293.91548449760586,328.8957673679745,270.59079664797207,291.0123510691675,213.30609359590898
1958-12-31,464.18537524017023,403.516431671134,294.64504584053077,299.7722435431734,115.43975339809218,352.7716118769746,396.6279210478618,287.2064706220335,235.97252388020556,175.03265205875505,336.0269495045117,340.4260013441498,336.4259572131848,249.29615217757686,188.26965760310728,379.19507113262483,350.86265706212254,291.3459908047431,298.9325619187268,213.55100122058047,307.0241151061991,347.28104076384426,291.1286381135532,304.1370081023869,219.85459066930338
1959-01-31,496.6783515069822,418.60794621563446,327.70421998383836,321.8354806679509,123.63597588935673,369.1049375068785,422.6467126686015,300.0733205059006,247.20481601690335,183.9243107833398,349.09839784023717,360.00049642143847,356.6451572416972,260.31504210382576,189.5687182405687,392.6185766507198,363.66914404489,300.31944732152914,304.13398849611264,214.59740112656132,304.78283906592384,350.2329296103369,293.9234730394433,304.7148684177814,220.60209627757902
1959-02-28,514.1117616448772,452.4733290644793,336.6833156113956,326.92048126250455,125.25560717350731,391.4726967197953,444.0326363296327,305.2945962827033,252.84108582208873,185.9290857708782,355.9756362776899,372.52851369690455,378.043866676199,263.7251691553859,197.1704238420155,408.6766764357342,376.07026185682076,315.6657710796593,305.4721780454955,220.09109459540127,304.325664807325,347.5711593452983,301.1833828235176,310.9005802466624,225.89654658824094
1959-03-31,517.0936098624176,461.4775483128625,342.8446202870841,330.87621908578086,129.0258009494299,399.61532881156705,449.18341491105645,305.44724358084466,265.2302990273711,190.4843483722647,358.7878438042837,377.3341315235946,377.32558332951425,264.54271717976764,197.78165215592577,419.3022700230633,380.80874715621667,313.07731175680607,306.7551611932866,224.64698025352607,307.6732471202055,344.6863187227323,306.15290864010564,311.02494047876104,220.49761912478198
1959-04-30,525.72907314712,473.38366905933435,358.06692142783066,336.7658157855078,129.37417061199335,411.8035963403198,453.3159023282383,315.09937647799933,270.48185894811303,194.19879316552385,374.71802406919386,387.03161870375095,390.38104851271544,270.7065624900562,201.71750703382872,430.28798949766747,394.860589926281,321.906091948348,318.96401660877945,235.81193517212634,319.58020178375745,358.61164599913076,321.705476399023,322.9994006871934,223.29793888766667
1959-05-31,529.7246141030381,479.72701022472944,358.89047534711466,336.6984626223507,132.1686526972124,415.1392054706764,460.29696722409324,312.29499202734513,270.96872629421966,195.30572628656734,382.99929240112306,391.5985918044552,391.94257270676627,273.4136281149568,199.15569469449906,433.25697662520133,404.8110767924232,325.1895340862211,321.9941747665629,237.69843065350335,326.67488226335684,360.5481488875261,327.20664004544625,325.74489559303447,233.1900375803903
1959-06-30,526.4932939570095,490.71275875887574,355.6604610689906,341.3449014065391,127.58240044861915,418.29426343225356,456.2003242157988,317.9475313830401,276.98423201795134,195.63774602125451,386.82928532513426,391.7943911003575,392.2561267649317,272.81211813310387,202.66083492112224,433.1703252298763,413.5145149434603,332.1811090690749,318.22684292179406,240.09918480310373,332.7837025616816,362.63932815107376,325.14523821316,326.1032149781868,230.5549901557319
1959-07-31,541.6036514935757,496.7975969674858,366.116878624419,355.27177338392596,130.41472973857847,429.7555262502973,480.51580149650084,327.51775207766957,282.9393930063373,204.83272008425345,393.17328560446646,403.9791966635786,400.4542798143187,286.2617555570659,212.44935324781244,445.9488498241577,420.66831605198223,341.2496533466607,330.22399489994575,243.31651387946533,338.84036594830417,376.05698329266346,341.85770345731635,339.86477065026634,233.5983160257876
1959-08-31,540.4121234602899,487.95459974146456,368.935978589827,351.1861479900108,129.59311694122545,420.55875798854095,478.5456867103652,320.8691417104929,278.1577172645302,201.9650620030739,385.7029931779816,409.7157012562014,399.61332582670866,278.446809630358,209.05016359584744,423.96357152782673,418.1022393240651,335.07303462108615,325.6999261698164,239.49644461155773,328.33631460390677,373.31176731462705,339.02028451862066,335.3445692006178,231.8463286555942
1959-09-30,517.9850203366879,467.8508702321162,351.00569003036145,334.9262293380733,122.84131554858759,396.54485290739524,461.8444422441734,309.0290703813757,270.1189592355853,193.05840276873835,363.02365717911636,389.5576887543962,385.1073620991991,267.9215202263305,199.22480590684262,406.11470516650525,392.3053311577703,321.5695913258564,309.3172198834747,226.18044229115512,314.1193521815576,354.19820482811815,322.3065844918526,324.7476808138783,219.72076566690663
1959-10-31,529.691481796297,476.88039202759603,351.6375002724161,333.85446540419144,124.6225146240421,415.6583148175317,465.446828893678,317.24924365352024,275.6834097958383,201.20546736557912,379.0693028264333,393.959690637321,397.35377621395367,271.69921366152175,203.30891442793288,421.1409492576659,396.58145926738996,333.4033522866479,318.7204633679323,229.39220457168955,323.1659895243864,360.14873466923046,325.1106517769317,328.93692589637726,221.52247594537528
1959-11-30,537.6368540232414,472.49309242094216,345.02671526729466,339.89723122800734,125.98090003344416,425.30158772129846,477.78116985936043,319.660337905287,282.9614518144484,210.7426065187076,386.9160373949404,394.39304629702207,395.24780120001975,278.81773305945364,206.50086438445143,429.3531977681904,407.368474959463,349.03996950889166,326.0510340253947,238.43025743181414,329.5323595180169,363.4260881547205,327.8415812518579,338.1800535140655,229.7631120505432
1959-12-31,554.8412333519851,490.2115833867275,351.7547362150069,348.7685489630584,126.35884273354448,445.2907623441995,495.6024074951146,324.26344677112314,297.22270898589665,209.33063105503226,399.64557502523394,397.62706927665766,404.10135194690014,284.8401960935378,212.2415884143392,442.1479230616825,414.8233180512212,352.8096011795877,330.61574850175026,235.95058275452328,341.5932438763763,376.10965863132026,339.4471732281737,347.9872750659734,234.65706633721985
1960-01-31,563.2748200989354,483.83883280270004,348.09648695837086,346.5713071045911,123.3515022764861,426.18778863963325,485.0460762154687,320.177727341807,283.9665761651257,196.74986012862482,382.1011342816262,383.11368124805966,386.9270444891569,273.7599124654992,196.5993833482024,414.955825793389,403.33271214120236,333.5461969551822,311.5722813880494,215.87118816211336,329.39836506998967,351.88819661546324,316.8060467738545,323.73256199387504,211.42601676983506
1960-02-29,572.7378370765975,485.2419654178278,364.9791665758518,338.6694813026064,121.59991094416,442.85173117544286,497.7057788046924,320.49790506914877,283.1146764366303,198.5402838557953,385.99856585129874,386.60001574741705,386.96573719360583,276.7438955113731,196.6976830398765,416.86462259203853,414.90836097965484,340.68408557002317,315.62272104609406,216.9289569841077,333.2193861048015,353.225371762602,319.0236891012715,323.3440829194824,225.63384509676797
1960-03-31,559.9085095260817,475.4886019129294,356.07367491140104,326.8160494570152,114.34039626079367,427.57334644989015,483.96909930968286,313.3828515766137,271.76177791152145,189.2287445429585,370.55862321724675,381.1489555253785,378.99424300741754,270.46180908326494,190.1476501946486,398.27246042443363,402.12918346148143,338.98066514217305,313.9499206245498,208.85919978429888,332.7862009028653,343.05248105583905,320.65070991568797,319.10827543323717,226.46869032362602
1960-04-30,544.8469706198301,463.50628914472367,347.20744040610714,321.55431106075724,110.1669717972747,412.3517353162741,473.2733822149389,306.6764585528742,266.02760439758833,185.44416965209933,352.5494741288886,375.6222956702605,362.5458928608956,270.3265781787233,186.8580958462812,399.66641403591916,399.6359825240202,331.65868277510214,309.5546217358061,208.06553482511853,320.7393404301816,340.0679244706532,310.7105379083016,314.6407595771718,227.85014933460013
1960-05-31,543.2669144050326,453.3555014124542,350.78367704229004,315.927110617194,114.19908296505497,438.9071870706421,475.82905847889964,311.5832818897201,275.444981593263,200.40951414302378,355.1583402374424,379.7917031522004,369.57928318239703,271.2186558867131,196.01414254274897,416.8121031980601,408.18819255003433,332.62049295514987,322.21540576480055,219.0722016173673,336.0065330346583,340.47600598001804,317.8568802801925,330.46718978390356,245.23511572883012
1960-06-30,556.0336868935509,467.6815352570878,357.86950731854427,325.40492393570986,118.447288851355,445.18355984575226,481.82450461573376,315.25996461601886,274.5911021503239,207.22343762388658,363.71765623716476,392.5147252077992,379.0774707601846,281.1181368265781,198.3271094247534,434.4849363736578,415.0049353656199,336.6784629692027,330.3352339900735,223.84797561262593,355.1589054176338,348.8517157271265,323.3240186210119,339.1915235941986,248.61936032588798
1960-07-31,551.4186072923344,462.1628931410541,357.8337203678125,318.4412585634857,112.96317937753726,441.97823821486287,474.115312541882,313.0531448637067,269.593544091188,196.53070824249403,360.480569096654,390.4736486367186,372.7089692514135,276.114233991065,192.59545596237803,435.74494268914134,406.2898317229418,338.4628588229395,322.5062889445087,215.65513970520382,337.25889658458505,337.86288668172205,320.3494376496986,331.62755261804796,241.01160789991582
1960-08-31,590.5693284100902,476.81345685362555,382.2379800968973,331.1789089060251,119.75226645812724,453.2044854655204,477.7660004484545,325.6065759727413,279.0023587799704,203.97922208488458,368.0506610476837,410.8173257306917,381.6539845134474,287.8490889356853,203.66969468021477,446.90001322198344,413.15612987905956,349.0229000182152,337.2125757203783,222.06009735444837,342.3852318126708,345.73509194140615,330.1841653855443,344.7600037017227,252.025838380942
1960-09-30,561.6314313179956,453.7833668875954,372.56735920044576,305.0157751024491,110.6750446606012,419.7126739896185,448.81338082127814,309.7820963804661,259.3326924859825,185.29472534190913,348.2863405494231,386.25044965199635,359.89970739618093,272.391592859839,190.83850391536126,415.482942292478,390.969645704554,329.9662496772207,321.1949783736604,208.93634560080048,317.18567875125825,330.48817438679015,309.05237880086946,325.6947754970174,238.9961025366473
1960-10-31,535.5717329048407,450.15309995249464,362.0237029350732,293.97420404374043,106.44725795456624,398.6850690227386,442.48511215169816,298.10331134692257,252.51224267360115,180.16206144993828,329.2002490873147,375.744437421462,355.8688306733437,264.3832800297597,188.35760336446157,398.1157553046524,382.5637983219061,327.194533179932,315.73466374130817,206.61715216463162,306.7502699203418,329.82719803801655,311.6793240206768,324.8805385582749,239.97598655704752
1960-11-30,554.31674355651,464.24289198100774,366.9110229246967,293.8860117825273,108.26750606558933,424.081307919487,456.4233931844767,315.75102737866035,261.29966871864247,188.28737042133048,347.30626278711696,400.6562936225049,374.8722262313002,275.75176107103937,197.11623192090903,431.83615977895647,413.0158766683299,345.2556714114643,331.39510306287707,219.28278359232348,322.4252087132713,345.13118002698053,322.18291724017365,340.40982830136045,254.326550553159
1960-12-31,576.0459599039251,474.27053844779755,380.6334951820804,299.9106750240691,111.66710575604884,434.6833406174742,474.3151901973082,326.5497125150105,267.9889402378397,194.42553869706586,360.64282327814226,416.1616921856958,387.50542025529506,289.8702512378766,203.99558841494874,456.5371881183127,437.25990862876085,359.5147306407577,351.5770648394062,227.39624658523945,337.5147084810523,360.10987324015156,345.122340947674,352.56245917171907,264.70307381572786
1961-01-31,632.2680455905481,529.8076185000347,409.2190706702546,324.1734486335163,120.73447474343999,473.84830960710866,529.7152044123538,357.278040462673,293.0995039381253,206.8882157275478,389.1336063171155,465.3936203712637,417.14958490482513,315.66870359804756,214.39936342411113,503.9257482449936,468.21791015967705,396.25713611224313,376.0819862587129,240.28961376662252,366.1359557602455,376.7469493838465,367.2101707683251,373.9277441975252,281.48524869564494
1961-02-28,678.9926541596897,559.9006912308366,426.1607401960032,353.34905901053276,127.02474087757322,503.55859861947437,570.7151612338699,386.539111976566,320.5629274571276,219.67390745951025,420.06972801932613,497.2730833666953,441.21911595383364,335.74523314688344,226.74876675733992,534.5140411634648,493.6889644723635,426.8481870201083,389.77137055853007,252.52035510734362,380.195576461439,392.72102003772164,377.93270775476014,381.5932629535745,286.3549434980796
1961-03-31,736.2996341707675,595.622355331364,453.47764364256705,359.5680024491182,136.18322469484627,540.3687321785579,601.8191375211159,423.2216737031421,338.4182825164896,225.64903774240895,442.29141663154843,511.69400278432937,462.52999925440383,362.97417155509567,236.97513613809593,570.3799333255332,515.510016702042,440.8061227356658,407.5839221930549,269.54022704157853,397.19031872926524,399.08310056233273,388.5526168426689,385.14208029904273,286.3549434980796
1961-04-30,767.3714787327739,615.5161419994316,457.9670723146285,357.59037843564806,135.93809489039555,556.3636466510433,615.841523425358,435.4951022405332,346.50647946863376,228.28913148399516,452.5968066390636,510.7729535793175,465.1664202501539,359.1629427537672,236.97513613809593,574.3155548654794,523.3457689559131,437.9849635501576,398.57631751258833,272.7747097660775,404.6177776895025,399.6019085930638,391.2336298988833,388.6083590217341,273.09670961411854
1961-05-31,810.4977558375557,640.5676489788084,484.9413328739601,375.3268612060562,142.25921630279893,584.9051017242417,640.8446892764275,463.4974373145995,357.90654264315174,235.22912108110862,484.09754438114237,539.7337800472649,494.37887144186357,370.4047428619602,241.28808361580928,598.1496503923968,556.787563592196,450.51133350769203,410.8923257237273,271.19261644943424,428.2069941288005,414.66690054702224,402.2664182620318,392.26127759653843,273.4790450075783
1961-06-30,782.6976828123276,607.5143582915019,474.9030472834691,346.91461781275774,134.079311365388,556.2447517397538,623.0932913834705,444.91119007828405,335.9668715791265,213.49395029321414,468.26755467987897,518.6301892474168,475.641912214217,350.3658462731281,226.08693434801333,575.3003337474072,543.7030558477794,438.3475275029844,392.3610818335872,255.5719217419468,423.62517929162226,404.54902817367497,387.865280488251,380.3757608853633,269.3495114279639
1961-07-31,790.2898503356072,599.7381745053707,475.66289215912263,351.00821030294827,132.57762307809566,567.9258915262886,637.0505811104601,445.178136792331,333.88387697533597,210.20614345869865,482.9243291413593,527.7062175592466,477.9725575840666,349.2096389804268,227.375629873797,580.0753265175107,556.1538558266934,447.68432983879796,397.89337308744075,259.7888584506889,439.9771112122789,422.4705501217688,403.84533004436696,390.5317937010025,276.35259872509096
1961-08-31,806.2537053123865,611.6129903605771,484.3199567964187,347.8491364102218,132.56436531578785,579.4547871242723,637.5602215753485,453.90362827346075,334.0508189138236,215.37721458778262,491.2789200355048,539.7906899413533,480.840392929571,357.590670315957,224.96544819713472,593.6490891580205,585.1294717152642,466.5318401250114,413.7295293363209,267.9722074918856,452.3844657484651,435.2714077904584,421.695293632328,404.1613533011675,279.1990304919594
1961-09-30,781.9854687824836,582.86717981363,479.283029245736,334.5612993993513,126.10848072490899,551.8147937784446,623.5338967006908,439.6510543456741,324.69739598423655,204.3929766438057,468.9748570658929,522.1395343802711,468.48279483128107,351.26131545136457,224.67299311447846,558.683157806613,568.2777429298646,446.84419647173587,409.3853692782896,261.7284550573247,424.3366288720603,429.0034995182758,414.5686431699417,406.3438246089938,267.86354985398583
1961-10-31,818.0349988933563,572.4921440129473,494.1408031523538,343.5609983531938,127.81094521469527,548.7246309332852,630.5798297334087,449.71906349018997,330.4120701535591,207.58150707944907,470.4755766085038,530.7548366975456,479.6795336277487,361.51814586254443,231.07617341824107,569.1864011733774,598.5101188537334,454.7086543296385,424.9829518477925,271.6217906584916,430.02273969894594,440.32919190555833,429.20291627384063,418.81858002448996,274.7208567302479
1961-11-30,865.6446358289496,590.5256465493552,515.0429591256983,356.8224528896271,134.54658202750971,578.8496131715226,653.7221094846248,474.90333104564064,360.14915646737944,220.92899798465763,491.4117397675822,557.3456540160926,491.1918424348147,378.9794723077053,249.77023584777677,599.1825245152144,621.8520134890289,474.5794225238438,443.46971025317146,279.28152515506105,441.1603286571487,458.3826887736862,462.4232219934359,437.28847940356997,281.588878148504
1961-12-31,889.363298850663,594.4231158165809,521.171970339294,356.6440416631823,130.06618084599364,586.7798528719725,653.5913650627278,474.2384663821768,367.85634841578144,217.54878431549236,494.36021020618773,558.1816724971168,491.0444848820843,375.227575531859,243.27620971573455,605.234268012818,618.4318274148393,472.58618894924365,431.71776293146246,274.5058110749095,443.71905856336014,455.7240691787988,463.2555837930241,440.83051608673884,280.74411151405855
1962-01-31,914.6212165380218,595.790288982959,541.7582631676962,362.20768871312794,132.22527944803713,583.0244618135919,661.5651797164932,484.57686494930823,373.0799085632855,214.524856213507,480.5675603414351,536.9149507749765,486.23224893023985,369.71173017154064,237.1943044728412,586.1693885704143,606.6197795112159,471.3102062390806,418.593542938346,269.3725524078087,429.69753631275796,436.3557962386999,436.5720621665459,419.6706513145753,273.72550872620707
1962-02-28,928.9807696376688,612.8894702767699,552.3225492994663,366.88016789752726,134.47310919865373,591.7115262946144,673.274883397475,495.38292903767774,375.0945400695273,215.4044081239824,493.8312250068588,544.7002175612138,489.0523959740352,367.9740850397344,240.84709676172298,598.8892643023922,624.2724150949923,479.79378995138416,425.8770705854733,271.5544700823119,434.85390674851106,451.32280004968726,445.3471606160935,423.0280165250919,269.83860650229497
1962-03-31,921.7347196344949,616.6893849924859,555.2498588107536,366.25647161210145,132.8190899555103,594.2558858576813,670.9857487939237,496.6709246531757,373.81921863329086,212.75493390405745,489.7324258393018,545.680677952824,488.26991214047666,361.3873489175231,235.33169824587952,595.1761508637175,622.7741612987643,473.74838819799675,419.06303745610575,266.2591579157069,440.8548906616406,450.23962532956807,443.83298026999876,417.7824691201808,270.7020900431023
1962-04-30,845.875952208576,577.7146158609607,519.1030930021735,350.98357674587686,121.9943341241362,546.893691754824,622.7418734556406,458.6755989172077,343.95106306449094,196.86214034142435,455.40218278796675,508.41068764864605,452.6262085542219,346.3174964676624,217.37588966971887,560.1202755778445,579.7404667530196,440.9176248958755,393.70972369001134,247.75414644056525,409.1133385340024,425.4314219739088,411.4331727102889,394.80443331857083,253.7290689973998
1962-05-31,749.2769184663566,514.5704083473578,471.7089806110751,313.88461268383764,109.47771544299982,489.3057860130411,552.4965901298444,413.54191998375444,313.1330478139125,179.93199627206187,400.66284041685316,455.129247583068,405.37203238116103,308.98447034844844,196.0078397151855,506.68480128771813,529.129124005481,400.3091116429654,360.67747787241944,218.61825881915476,369.47025603005756,394.545100738603,384.8957330704752,361.5224195898153,231.85762324982392
1962-06-30,671.5019743295488,468.4134427185998,435.90626898269454,292.0696321023109,101.20120015550904,434.55246855818183,503.2138942902623,381.2442960330232,288.2389705127065,162.928422624352,359.55483299008404,413.4394085044589,374.80698113962154,286.8302838244647,181.58166271214785,458.54974516538493,478.7031184877587,364.40138432859135,332.07575387713655,200.7571470736298,337.2524497042366,352.9600471207543,348.6385550152364,333.9021067331534,216.67094892696045
1962-07-31,736.8391164318139,500.8276529547269,471.43262990478416,311.90116012205783,106.33210100339335,471.4459731387715,544.7290405692089,406.21579742318625,301.81502602385495,172.28051408298978,391.4113911930055,436.26126385390506,396.3209018570358,302.6346324631927,188.17307706859881,494.8210300079669,504.265865015005,391.8772487069671,345.59123705993596,209.7109158331137,371.44984810424614,374.9494580563773,374.05430567584716,352.13316176078354,225.1644501248973
1962-08-31,756.4390369289001,513.3984270438905,488.9227804742516,319.4491681970116,108.53317549416357,490.0680890777529,557.3667543104146,417.67108291052006,316.00033224697614,175.29542307944212,405.8936126671466,450.26525042361544,409.51838788887505,310.6847136867136,192.6704136105383,511.79339133724017,516.9229382268816,403.006562570245,353.6435128834325,215.41505274377437,377.4301906587245,383.19834613361763,382.4331221229861,361.4999038636204,228.69953199185815
1962-09-30,704.9255385140419,486.4963494667906,466.3834402943886,292.1362643161671,97.98375083613088,459.7328743638401,526.3214260953246,392.6525850441799,291.5103064978355,159.0805964445937,380.44408315291656,432.7049056570944,388.6329501065424,288.28434582990155,175.58054792328358,486.1013630921107,493.91986747578534,386.44299284860796,330.6566845460094,201.02532722049028,363.4275305852858,366.75913708448536,364.11457557329504,344.7986083051211,213.74258259959063
1962-10-31,657.2725721104927,451.66321084496843,445.62937720128826,277.7923737382433,93.34911942158189,435.41300530999297,508.1633368950359,384.0927586902167,281.94876844470645,152.0333260220982,362.37298920315305,422.8825042986783,376.7796451282929,280.8754381420731,172.6834688825494,464.9559537976039,485.523229728697,389.7277582878211,331.516391925829,199.0753815464515,361.9011349568276,366.319026119984,368.3747161075026,347.7293964757146,216.9700955968444
1962-11-30,754.877549068901,504.73363811925213,492.95521706006514,304.5437793292362,100.86372353501922,521.5812390608405,574.2245706913906,432.4116277334459,314.03453829371404,169.42593851902626,427.0565677759158,486.78005069820864,421.76713475661103,310.4797093222476,193.49182688289662,532.8860186474338,554.467528350172,438.20989141882603,371.3646622353137,223.91998916344863,413.5082368016713,414.41671424953796,413.4269438874502,383.4412054937705,236.47570719100074
1962-12-31,740.459387881685,496.15316627122485,473.2370083776625,290.83930925942053,92.9055757481062,522.4679271672439,573.0186990929386,422.20671331893664,305.3671850368075,161.2765508762611,432.1385409324493,486.39062665765005,414.5970934657487,300.97903021698687,183.2174108754148,552.815955744848,557.8497802731081,443.818978028987,369.2850201267959,218.81461341052199,427.9810250897297,427.26363239127363,416.7343594385498,379.4150728360859,233.0941045781694
1963-01-31,838.4962108372201,539.4177223700757,514.8818651148969,318.1200364679542,97.75524680215734,582.7084791696271,635.8788503834339,451.04343183862,331.87305669800236,167.98565539271357,475.1795396093212,529.4361971168521,441.5459045410223,317.6532684910079,191.49883784698352,598.312708902649,599.0748790352908,478.7919134976711,386.4937020647046,224.65696358858293,455.3290125929634,461.8719866149667,440.5298913624909,394.7434417786638,241.46218293252574
1963-02-28,821.8939858626431,539.3637805978386,504.2752986935301,315.2251441360958,95.17450828658039,579.2704991425263,631.1733468905965,443.96204995875365,330.114129497503,163.61802835250302,470.4277442132279,533.830517552922,429.9774018420475,310.9507845258476,186.63476736567014,596.8767584012826,587.8721787973308,470.60457177686095,375.0921378537958,218.2767058226672,448.6812090091062,453.0502316706208,429.9131209806549,378.63790935409435,232.7212519103683
1963-03-31,830.277304518442,547.1306190384474,504.9812841117011,315.35123419375026,95.30775259818162,585.9900369325796,646.0059205425256,452.75249854793697,334.735727310468,165.25420863602804,483.129293306985,541.6244431091945,435.39511710525727,317.7295116285111,187.90388378375667,613.2311815814778,602.0986855242262,484.29916481556756,380.53097385267586,220.41581753972937,465.5516224678487,475.61213320781775,443.24042773105515,390.22422938032963,236.84041806918182
1963-04-30,838.330994372271,557.6902399858895,516.6968499030926,321.721329124464,95.60320663123599,598.2372287044706,665.1922963826387,480.00819896052275,353.1461923125437,172.4923429742861,501.19832887666627,561.1229230611256,451.85305253183594,325.3867928587582,193.16519252970187,638.2510137900022,630.8790026922842,506.9159358124545,395.2575225407744,233.77301608263696,484.31335285330294,502.76958601398417,460.97004484029736,414.2230194872199,248.68243897264094
1963-05-31,861.1335974191968,578.7151620333576,540.4132353136445,334.94407575147943,99.9053509296416,624.5596667674673,678.895257688121,492.5364129533924,364.3056119896201,179.97851065937013,521.5971008619466,576.0487928145516,469.74643341209674,336.93802400524413,199.71349255645876,668.3764616408902,646.7771535601297,516.0404226570787,404.4274970637204,241.32388450210613,499.5692234681821,505.0320491510471,461.56930589858985,429.79780501993935,251.76610121590167
1963-06-30,870.69218035055,578.7151620333576,534.7929376663826,325.66612485316347,98.01713979707138,624.2473869340836,674.7539966162234,485.3453813242729,360.589694747326,176.77489316963332,518.4675182567748,571.7860317477239,465.2838422946818,326.7961894826863,194.3811423052013,663.1631252400912,640.0506711631043,507.78377589456545,396.7838173692161,233.89110885944126,501.6174572844016,496.2949947007339,450.39932869584396,421.5456871635565,242.77805140249401
1963-07-31,875.1327104703378,571.7705800889573,533.4559553222166,321.9209644173521,97.80150208951783,617.1933914617285,665.0375390649498,477.28864799429005,356.5871491356307,174.49449704774506,509.91280420553807,565.0961351762755,454.34967200075675,322.58051863835965,191.15441534293498,657.7915039256465,626.9296324042607,505.24485701509263,388.84814102183174,231.01424822047014,501.31648681003094,494.6075917187515,452.15588607775777,424.58081611113414,243.5792189721223
1963-08-31,910.7506117864805,585.3215428370656,550.8466194657209,328.6491125736747,100.55950444844221,646.5717968953069,706.1368589791638,501.7735556363971,368.9963819255506,183.51586254511346,531.1761681409091,597.6456725624291,473.38692325758853,334.3224495167959,206.5996921026441,701.3373014855243,663.3542440469482,536.2668912358192,404.2854122203985,245.79916010658022,546.4851022716148,528.6860547881735,473.9950153753135,445.76739883507975,255.27102148278416
1963-09-30,913.1185633771253,580.1707132600993,540.4356183578187,322.93061801489273,98.46786675591461,636.0326766059134,705.1482673765929,482.90686994446855,363.31383764389716,178.48752791137736,524.4833484223337,595.5539127084606,469.31579571757317,324.092182561582,199.01748340247707,696.0071379942343,650.6841779856516,529.7244351627423,391.7929929827882,236.82749076269008,542.0039244329876,518.5352825362405,472.81002783687524,440.99768766754437,250.7016701982423
1963-10-31,919.0538340390765,582.4333790418137,548.5961961950217,325.5140629590119,98.30047138242955,649.0713464763346,720.5204996054027,493.48253039625246,374.32224692450717,184.28837256849712,544.6759573365936,609.6685404396512,465.27967987440206,329.828614192922,200.4305075346347,730.807494893946,653.4821199509897,531.3665809117468,391.1661241940157,237.37219399144425,559.8900539392761,523.7724888898565,483.9210634910419,467.54574846513054,256.99428212021814
1963-11-30,905.451837295298,572.9979583013364,541.1901475463889,316.7251832591186,95.49890794803032,642.7104472808664,708.415755212032,491.3605555155486,372.30090679111487,179.44158836994566,539.1202625717602,602.1086505381996,460.39424323572086,322.11062462080764,196.86284450051818,742.2080918142916,646.6859059034995,526.6374183416323,387.88032875078596,235.52069087831094,558.7142848260037,516.4396740453985,483.53392664024904,476.1953448117355,248.20507767170668
1963-12-31,889.8780656938189,566.1219828017204,531.5028439053085,313.9696741647642,93.36928230078925,650.5515147376931,709.6200619958925,487.87189557138817,375.0187034106901,180.76945612388326,548.3392190617374,606.383621957021,464.3075943032245,322.8514790574355,196.35100110481682,767.4431669359775,650.9540328824626,534.273660907586,395.17247893130076,238.39404330702635,563.686841960955,533.0690315496604,495.67062819891925,493.9574311732133,251.45656418920606
1964-01-31,933.8380421390937,581.6903373287677,551.2215994141955,322.76082504137764,97.03869509521026,660.3748426102322,734.3148401533495,505.7280069493009,383.119107404361,182.2879195553239,543.0751625587446,621.9070426791208,473.036577076125,326.5965562145018,196.23319050415392,781.7176098409866,663.3221595072292,540.4178080080233,398.0177207796062,241.75539931765542,565.9415893287988,551.4066062349686,509.4998387256691,511.2953370073931,257.3406477912335
1964-02-29,967.3628278518872,600.1299210220897,557.2850370077515,330.92667391492455,98.82420708496213,671.0068775762569,762.5125300152381,526.7157192376969,389.708756051716,189.99869855251407,547.7999164730056,635.0914719839182,483.3487744563846,336.7863687683942,202.51265260028686,809.5467567513257,677.6499181525854,550.3614956753709,410.95329670494334,249.10476345691214,582.2407071014683,562.7104416627855,518.7217858066037,516.3060313100656,262.20438603448775
1964-03-31,1002.5748347856959,622.9348580209291,563.5266294222384,341.11921547150416,98.83408950567062,701.7389925692496,778.6015443985596,545.4141272706353,414.06555330494825,191.57568775049992,555.8525752451588,655.0333442042133,509.4012733995838,344.3303834288062,208.8310473614158,828.4901508593068,703.9427349769057,561.4237617384457,425.8298060456623,255.5067558777548,589.285819657396,567.2121251960878,526.6582291294447,531.6919510431055,263.43674664884986
1964-04-30,1013.4026430013813,625.3643039672107,560.8217016010117,337.4010160228648,95.45396364457667,700.1951667855973,787.1661613869437,556.376951228775,412.28507142573704,185.88588982431008,558.2983265762375,657.6534775810301,513.0180224407209,343.4695574702343,199.2457022875268,827.1645666179319,703.0980036949335,562.4343245095749,424.1690698020842,253.48825250632055,590.2286769688478,580.5416101381959,527.9222088793555,524.1419253382934,255.66536262270878
1964-05-31,1007.6262479362734,616.1714486988927,564.354878321098,341.51730841834376,96.16986837191101,707.4071770034889,797.3206048688352,560.8836045337282,416.86143571856275,192.8937878706866,570.1342510996537,669.4912401774886,516.7117522022941,349.5833155932044,202.35393524321222,842.1362452737166,718.2146107743746,570.1396747553562,427.30792091861963,260.00290059573297,588.3399452025476,588.3789218750616,534.732405373899,532.0564684109015,264.0000534442091
1964-06-30,1016.5941215429061,629.7272205702684,567.8538785666889,342.4052534202314,97.80475613423349,717.5230996346387,808.2438971555382,562.958873870503,421.94714523432924,196.7709530068874,587.979453159073,673.7090349906068,524.6174420109892,356.47010691039054,205.36900887833607,862.600156033868,729.7060445467646,570.766828397587,438.5033884466875,266.6589748509838,605.0487996462999,607.618912620376,541.9512928464467,534.8231620466383,264.5544535564419
1964-07-31,1055.2246981615365,655.3571184474782,588.3534035829463,352.5746894468123,99.13490081765907,731.801809317368,834.9967701513864,577.2017333794267,433.0865498685155,201.55248716495473,606.2068162070042,688.8674882778954,542.1396645741562,365.7026826793697,208.16202739908144,871.31241760981,753.1296085767157,584.8647690590074,449.77292552976735,268.49892177745556,628.1011589128238,616.2471011795855,563.1957835260274,543.0594387421567,264.73964167393143
1964-08-31,1059.0235070749181,653.5221185158254,580.2341266135016,351.37593550269315,97.82632012686597,713.2872235416386,825.811805679721,577.2017333794267,424.3382015611715,199.55711754202167,594.8707487439332,683.8387556134668,540.1879617816892,362.7770612179347,204.95633217713558,870.0054489833952,743.8661143912221,590.1870384574444,447.5240609021185,269.00906972883274,612.5242501717859,606.9417699517737,555.0857642432527,536.4341135895023,266.8575588073229
1964-09-30,1115.0458505991812,677.2449714179497,600.7744146956196,364.2362947420917,103.10894141371674,744.2438890433458,850.7513222112486,599.5971606345485,433.97067873661007,203.32874706356586,617.8327596454491,711.2606897135669,556.6096758198526,371.338599862678,207.72324266152694,908.2856887386647,777.0425430930707,608.3057805380879,467.8416532670747,276.89103547188756,641.3741423548769,624.7251638113606,567.2976510566042,555.2629509764937,271.66099486585466
1964-10-31,1156.4140516564107,698.7136370118989,611.1678120698539,371.81240967272714,105.22267471269792,756.8216107681782,867.0857475977047,604.2140587714346,437.7462236416186,200.19748435878694,633.8964113962307,729.8245937150909,573.697592867522,373.6408991818266,210.85986362571595,913.5537457333489,791.1070131230553,621.8101688660335,476.5435080178422,281.18284652170183,640.6686307982866,627.0991194338438,576.6013325339326,560.5379490107705,269.84086620025346
1964-11-30,1154.679430578926,699.5520933763132,616.6683223784826,376.08825238396355,104.64395000177808,742.8960931300437,873.9357250037266,599.742874736526,442.6927559687689,195.97331743881654,628.7618504639213,736.0281027616692,582.5899055569686,376.0322009365903,213.3058380437743,905.4231173963223,796.8029836175413,626.8468312338483,475.3998035985994,278.39913634113697,638.1059562750934,623.9636238366746,578.8500777308149,566.6478126549878,274.7249858784781
1964-12-31,1136.5509635188369,688.0794390449416,610.1316381612705,373.0419375396534,101.9964580667331,742.7475139114177,861.7006248536743,598.183543262211,438.6199826138562,194.5231148897693,623.9832604003955,728.2998076826717,580.0265099725178,377.724345840805,212.13265593453352,901.9825095502162,789.8707976600687,621.3305791189905,477.4915627344332,278.9280947001851,638.169766870721,637.8156162858487,582.3231781971997,565.9678352798018,273.4063059462614
1965-01-31,1249.9787496780168,737.2771189366549,647.8987865634532,393.7830692668582,107.02488344942303,809.966163920401,926.586681905156,629.5881792834771,458.22629583669556,205.24133852019557,662.5454258931401,782.4124833934942,608.9698328201465,397.66819130119944,219.15424684596653,964.6702939639564,835.9992522434167,649.7875196426403,499.2174288388499,293.5718196719448,665.4196159161007,662.3715175128539,618.9513061058036,577.4569823359817,279.6399697218361
1965-02-28,1290.9780526674558,759.5428879285419,672.6485202101771,405.87220949335074,109.66839807062377,843.7417529558818,960.8703891356466,654.1421182755327,470.1860021580333,211.9322061559539,694.4138608786001,815.5867726893783,631.5626136177739,412.2626139219535,225.09332693549223,999.9772267230371,855.0600351945665,661.4836949962079,516.3405866480224,300.35332870636677,658.5657938721648,663.298837637372,621.1795308077845,583.3470435558088,285.9877970345218
1965-03-31,1343.0044681899542,782.6329917215696,691.7517381841461,409.4844721578416,111.49986031840318,846.8635974418186,991.8104156658144,654.9270888174633,470.84426256105456,211.6355010673356,703.1634755256704,821.7852321618176,648.1727103559214,412.2626139219535,223.85531363734702,1010.5769853263013,863.0975995253955,659.36694717222,514.4817605360895,295.4876047813236,643.8797766688156,660.6456422868224,613.6632584850103,580.3136389293186,274.17650101699604
1965-04-30,1409.617489812176,815.1122608780147,719.9060339282408,430.9005100516967,115.61420516415224,882.3471821746308,1056.2780926840921,686.8875307517555,495.4694174929977,219.78346785842803,739.1654454725847,856.8754615751272,664.8307490120686,426.8154841933984,233.88403168830018,1048.2715068789726,895.8953083073606,679.4776390609727,533.7748265561929,304.056745319982,657.2724760235269,684.1646271522334,630.4776317674997,607.2401917756389,282.1824548466923
1965-05-31,1385.653992485369,810.1400760866587,717.7463158264561,428.9614577564641,114.29620322528092,861.2590845206571,1041.5958271957834,673.767978914397,496.50990326973294,218.24498358341904,724.1603869294912,860.0459007829553,668.1549027571289,424.9801776113668,230.49271322881984,1032.3377799744121,899.2997104789285,671.323907392241,539.5929721656554,298.85737497501026,652.2114779581457,679.6491406130285,637.6650767696493,597.5850727264062,278.9373566159553
1965-06-30,1247.5042894345777,742.2503377105968,669.9444111924141,391.9420839520812,101.35787302017911,786.9324255265243,953.0601818841419,615.4870487383016,461.3570021182359,193.8670189171511,665.0688993560447,792.5322975714934,617.2414991670356,392.086711864247,210.50899499188117,961.7258758241622,838.1473301663613,630.9102081672281,501.44374903354355,269.4199235399717,618.2312599565262,644.9870344417641,610.1817119608774,577.8050068191623,265.49257602706626
1965-07-31,1291.0421891358442,766.2250236186491,691.4496267916907,397.58604996099115,103.89181984568359,818.724495517796,985.8454521409562,640.1680793927076,467.86213584810304,198.4228938617042,705.5050884368922,824.3128427041102,626.3766733547077,401.65362763373463,216.44534865065222,997.4059058172385,874.6905537616148,655.074069140033,513.8294096346721,275.4279878349131,668.5552845169874,657.1127906892692,623.0565460832519,582.1963248709878,268.6253884241857
1965-08-31,1361.1457800059206,794.9584620043483,714.8206241772498,413.4497333544347,107.78776308989673,862.6081284775498,1036.222154745359,674.7371556799138,484.98589002014364,207.47097782179793,744.1667672832339,862.6433898898514,663.2702594152998,425.1905302130715,232.48394898566556,1041.291765673197,909.7656449674554,684.0283429960224,537.5169454188305,287.6019048972163,684.1326226462332,668.020863014711,634.8323148042252,602.340317711524,286.51583929323647
1965-09-30,1396.3994557080741,823.0999915593025,741.554915521479,426.18398514175124,109.46925219409913,879.774030234253,1065.1327528627546,695.9913760838311,498.12900763968946,214.46274977439253,759.4966026892683,886.6248761287892,685.0255239241217,434.8423552489082,247.3396733258496,1078.7782692374321,924.6858015449217,702.7707195941135,551.2236275270106,300.71655176052934,711.2242745030242,678.3751863914391,661.5587552574831,615.6520387329488,298.0624276167539
1965-10-31,1491.0753388050816,892.7342508452193,772.9968439395897,455.50544331950374,119.9454596290744,943.1177604111193,1107.5250364266924,720.9774664852407,525.0279740522327,227.0088206361945,793.5220504897476,913.3122849002657,716.1941852626693,463.7158876374356,263.49095399402756,1096.9017441606209,952.8887184920418,736.3631599907121,575.5877118637046,316.9251739004219,720.6124349264642,690.4502647092067,666.851225299543,639.6009030396604,308.0177126991535
1965-11-30,1557.8755139835491,940.4955332654387,819.4539542603591,471.72143710167813,126.79434537389456,951.1342613746137,1136.763697388357,753.1330614904824,544.40150629476,240.78825604881155,827.2467376355619,945.7348710142252,741.4042205839152,476.3753313699377,279.48485490146504,1126.2987109041255,981.7612466623507,755.5086021504707,596.8844572026616,337.6837727908995,710.6679833244789,686.1694730680097,671.5191838766397,623.0352396509331,320.89285308997813
1965-12-31,1678.143503663079,1001.3455942677126,864.1141947675487,490.7789831605859,130.06563948454104,997.2642730512825,1200.1951117026274,778.5889589688609,560.4613507304555,246.78388362442695,883.0858924259622,984.8882946742142,759.8651856764545,493.90594356435133,284.3199428912604,1169.4359515317535,995.5059041156236,770.9209776343403,606.374920072184,341.8710515735067,721.8254706626733,692.3449983256216,673.4665895098818,627.0226651846991,320.7003173781241
1966-01-31,1841.5946809198626,1073.943149852122,917.6892748431369,524.2991877104539,138.57193230683,1061.6875450903954,1268.7262525808474,804.9831246779052,589.8855716438044,256.08763603706785,923.3546091205862,1033.6402652605877,785.3966559151835,515.7859768642521,291.00146154920503,1207.7934507419948,1015.8142245595823,788.9605285109839,633.9043414434612,353.7339770631074,726.8782489573119,692.760405324617,672.1196563308621,627.7123901164023,327.7236543287051
1966-02-28,1940.6724747533513,1099.2882081886319,939.3467417294349,558.1689152365493,145.86081594616925,1080.2670771294775,1282.3016234834624,823.5782348579647,614.4837999813511,267.27866573188777,929.1717431580458,1063.0990128205144,788.2240838764782,523.0069805403516,288.70255000296635,1214.4363147210759,1009.211432099945,775.7059916319993,648.2939699942277,363.88614220481855,708.9970440329621,679.4594055423843,651.6872187784039,633.2362591494266,340.76705577098755
1966-03-31,1938.1496005361719,1083.5683868115345,930.1411436604864,547.6195227385784,144.3584495419237,1053.4764536166665,1233.4459316287423,797.964951753882,598.998808221821,259.58104015880934,920.4375287723602,1023.7643493461554,763.3162028259815,510.14100881905904,280.15695452287855,1223.7874743444281,989.6327303172061,750.6506881022857,637.7916076803212,349.4034737450668,709.6351413725916,658.6000017922331,632.3321083806854,617.9752653039254,342.0960472884944
1966-04-30,2053.469501768074,1170.1455009177764,968.1839164362003,569.743351457217,151.56193617406572,1114.578087926433,1308.4394442717698,830.6017182806156,619.6642671054739,276.40189156110023,960.0163425095717,1053.14638617239,783.925740302283,528.9652120444823,298.33914087141335,1279.2250469322307,1008.3367889202012,777.1486573922963,648.889181653959,367.8869175061808,715.2412589894352,660.1147817963553,645.5478494458416,643.8066313936296,350.13530439977404
1966-05-31,1882.210145320617,1081.3314573981172,893.7305732622566,500.46255992001943,132.374195054429,1047.81486045964,1223.6525682829592,755.2661424325638,558.1316053819004,241.90693549427488,926.2237672532347,987.6406809524673,729.4429013512743,482.04599773613677,262.3594404823209,1190.3189061704406,950.3574235572896,741.0889596892938,598.7949368302734,337.68340157892334,684.3428366010916,637.9349251279978,621.4043598765672,611.2300158451119,327.51656373554863
1966-06-30,1877.8810619863798,1085.8730495191892,895.4286613514549,495.2077030408592,129.5678621192751,1055.987816371225,1219.9816105781103,770.7490983524314,543.6201836419709,240.79416359100122,937.2458300835483,982.9000056838954,731.9959515060038,471.6820087848098,259.44725069296715,1221.9813890745743,952.6382813738271,731.1583676294573,593.1063849303858,335.31961776787085,723.4188125710139,635.5107724125114,610.5297835787272,605.1177156866607,319.688917862269
1966-07-31,1836.3798905164806,1084.2442399449105,881.5495171005074,484.115050492744,126.31570878008131,1034.9736588254377,1209.4897687271384,759.4961615164859,529.9753170325574,235.83380382102663,944.0877246431583,985.7504157003787,718.2344276176909,459.6069493599187,257.68300938825496,1215.2604914346641,932.2518221524273,719.9716446047266,579.9987338234243,330.22275957779925,720.5251373207299,627.82109206632,607.2329227474022,590.8369375964556,316.6518731425775
1966-08-31,1619.5034254464845,958.5803325352954,794.099805004137,437.78524016058844,111.29677100612965,926.4049220146493,1085.8799143632248,687.495925404723,481.48257552407836,209.5855014557464,861.4800487368819,891.2169508347123,664.0077283325553,416.7256209846383,232.2496963616342,1115.8521832353085,860.0955311178294,653.7342533010918,526.8708498051986,301.6584908743196,667.9268022963166,585.5687325702567,571.4061803053054,544.0426521388164,292.7446567203129
1966-09-30,1599.7454836560373,944.393343613773,774.1678998985332,425.2208037679796,108.38079560576905,907.413621113349,1056.7783326582903,681.652210038783,468.09735992450896,210.1304237595313,851.6591761812815,879.987617254195,649.0675544450728,407.891037819764,228.74272594657353,1109.7149962275146,847.968184129068,653.0151456224605,522.1290121569518,292.6389019971774,662.4498025174869,591.8928748820153,578.0916326148775,538.0037787000755,288.70478045757255
1966-10-31,1502.3209837013846,923.9944473917155,756.7491221508162,413.35714334285296,100.93503494765272,886.4523664656307,1041.7720803345426,676.2671575794766,458.6886029900263,208.15519777619173,869.9698484691792,900.9313225448448,659.193008294416,411.15416612232207,233.38620328328895,1100.2824187595807,858.9069737043329,676.0012787483711,538.367224435033,303.3202219200744,671.4591198317247,614.6807505649729,618.9049018774879,557.5871162447582,310.2132866016617
1966-11-30,1621.0043414137938,959.1986358373399,761.9706910936568,421.4176076380386,100.60194933232547,1006.1234359384908,1064.5868888938692,688.2370862686333,468.5962768146109,214.15006747214608,1004.3801900576675,949.5816139622665,676.7934616158768,414.27893778485173,240.59783696474258,1207.5599545886396,912.5027688634834,708.3141398725433,549.1345689237337,304.4425067411787,757.8759085540677,618.8605796688147,615.3771439367861,575.0953516948437,305.12578870139447
1966-12-31,1658.1253408321697,992.3869086373119,775.6861635333427,424.74680673837906,102.17133974190975,1028.7612132471068,1101.8474300051546,690.5770923619467,472.15760851840196,222.28777003608764,1019.2450168705209,959.8370953930589,692.5627492715269,428.98584007621406,249.1871797443839,1254.4132808266788,925.8253092888901,717.1680666209501,565.0045579656295,311.96223665768576,763.4841902773678,621.7073383352911,610.5156644996855,573.4850847100981,302.86785786500417
1967-01-31,2067.350674949549,1173.299042081894,914.4564181894576,503.5798140690222,120.59283229737608,1246.0355814848958,1317.6993415431643,806.3178130418089,550.6302030541602,255.3864189944611,1219.8324361906393,1096.2299466484126,789.5907904444678,488.2287845907393,279.8372028529431,1426.3933416280163,1023.4072968879392,812.6948530948606,625.064542477376,335.4529930780095,828.3039980319163,670.6357058622785,658.5021957293608,603.0769150811392,322.4936950546564
1967-02-28,2202.3486740237545,1253.787356368712,964.1114016971452,532.8378012664324,126.06774688367696,1272.07772513793,1376.732272044298,833.974514029143,562.4136893995194,261.49015440842874,1269.1136666127413,1131.5285509304913,791.8806037367567,497.70042301179967,286.2734585185608,1431.9562756603657,1047.2526869054284,805.7869468435543,617.0012098794178,346.2545794551214,833.2738220201078,688.4746156382151,654.0243807984011,607.238145795199,324.6544028115226
1967-03-31,2412.4527375256203,1371.26723166046,1020.6083298365978,564.4883666616585,132.53502229880957,1375.1160208741023,1485.7694679902063,880.9272791689839,591.6029598793544,272.106654677411,1364.1702802420357,1184.3709342589452,814.6867651243753,529.7025602114584,303.93653090915603,1537.3482575489686,1106.3177384468945,839.8717346950367,642.6067600894137,362.2861664838935,875.0208405033153,715.94475280218,672.5986732130758,636.3248529787891,338.67947301298034
1967-04-30,2530.1804311168707,1419.1244580454102,1066.9439480111794,590.6806268747594,137.83642319076196,1424.6201976255702,1572.0926740804375,908.2360248232224,609.7060104516627,282.8004462062332,1446.0204970565578,1223.5736121829163,832.3654679275743,545.540666761781,316.88422712588607,1596.6899002903585,1145.8132817094488,868.5113608481375,670.5601541533032,380.9076754411656,940.8224077091645,735.9196114053608,702.7310937730215,660.1870349654937,355.4441069271229
1967-05-31,2541.819261100008,1444.242960952814,1068.9711415124007,597.0599776450067,135.12104565390393,1414.3629322026661,1541.122448401053,896.0656620905912,606.535539197314,275.07999402480306,1433.2955166824602,1228.1008345479931,823.7088670611275,536.975678293621,307.1558813531214,1582.9583671478615,1152.9173240560474,851.5753893115989,654.9361025615312,366.43318377440136,922.4763707588359,704.8638038040547,668.1567239593888,632.3931607934463,332.5179620303235
1967-06-30,2841.7539339098093,1584.912225349618,1189.230394932546,654.2583235033984,150.70050221779908,1537.978252477179,1657.014856520812,956.9981271127514,660.517202185875,301.76275344520894,1556.4156015654837,1277.1020578464581,859.9520572118172,556.0383148730446,324.8787757071965,1654.0331978328002,1195.2293898489042,884.5313568779577,683.8187846844949,387.4298052046745,930.0406769990584,718.3267024567119,675.2391852333583,650.7325624564562,346.9824933786426
1967-07-31,3123.940099547053,1751.169517788793,1329.0838893766131,726.4884424181736,163.2839941529853,1649.4816757817744,1782.9479856163935,1060.258225028217,716.1988023301443,323.0672038384407,1675.7926782055563,1350.2800057610602,930.3821306974651,576.389317197398,344.17657498420397,1745.005023713604,1253.078492317591,936.4533475266938,731.8228633693465,405.7164920103351,990.6793291393969,740.6666629031156,692.3227366197623,685.1563150104027,361.97213709259995
1967-08-31,3132.6871318257845,1790.7459488908196,1339.1849269358756,725.2534120660628,162.46757418222035,1638.9249930567712,1766.1882745515995,1069.0583682959514,730.0214392151161,319.0934772312279,1685.3446964713282,1355.005985781224,932.1498567457903,578.6948744661875,339.42693824942194,1756.6965573724851,1241.4248623390376,940.4800969210586,731.5301342239987,399.75245957778316,982.4566907075399,736.7411295897291,687.8918711053958,672.3438919197082,364.94030861675924
1967-09-30,3409.9299429923663,1889.774199864482,1455.560097086603,783.9989384434137,174.76636954781446,1719.068425217247,1852.7315000046278,1142.288866524224,773.7497234241016,342.3873010691075,1741.6352093334706,1435.2223401394724,971.4865807004626,593.8566801772016,347.1319297476838,1789.195443683876,1286.9851547868802,967.4718757026928,749.0137044319523,414.06359763066786,993.1654686362518,767.315886467703,711.0738271616477,684.4460819742629,380.0853314243548
1967-10-31,3352.643119950094,1881.837148225051,1424.7022230283671,758.5973728378473,171.9002010872303,1668.699720358382,1815.3063237045344,1110.0763204882408,757.1141043704835,338.6552794874542,1657.8625557645307,1381.2579801502284,932.2385228401639,575.2689660876553,339.59916687215906,1694.9048438017358,1224.1802792332808,937.7704891186202,721.3001973679701,399.861216231936,957.8087779528014,736.1628614771142,680.7109747418453,670.9624941593698,387.0028844562781
1967-11-30,3430.089176020941,1868.2879207578305,1428.8338594751492,758.2180741514284,168.97789766874737,1687.2222872543598,1800.9654037472685,1120.0670073726349,755.3727419304313,345.36065402130583,1678.9174102227403,1402.6674788425569,929.5350311239275,583.5528391993175,344.7950341253031,1756.2603991473586,1252.0915895997994,940.7713546837998,708.1004037561362,401.2607304887478,952.0619252850846,744.1134203810669,682.5488943736484,682.1675678118313,388.08649253275564
1967-12-31,3827.6365115217677,2044.2806428932183,1556.142956354385,831.6894055367018,189.28904096853083,1814.1014032558876,1937.2984848109368,1185.590927303934,824.8670341880311,391.6044455947588,1792.5801188948199,1504.3608710586423,961.6969432008154,608.5872560009682,369.24100204478714,1856.0159898189288,1299.170233368752,991.3848535657884,715.9603182378295,416.10737751683143,990.7156394516591,763.6836033370889,702.5475769787963,691.9225640315406,396.8572472639959
1968-01-31,4090.5951398633133,2156.716078252345,1630.0597467812186,887.6621025293216,192.3176656240273,1828.7956246222602,1973.525966476901,1194.957095629635,821.2376192376038,384.79052824140996,1766.946223194624,1496.839066703349,956.3114403188908,594.2854554849454,361.52386510205105,1822.236498804224,1282.2810203349584,968.384724963062,687.3219055083163,392.4308677361238,935.9290645899822,766.5092326694363,660.113703329277,651.3759017792922,357.72712268376586
1968-02-29,3787.0729804854554,2025.5877406946026,1557.8480999988105,835.8226357416094,179.4900773269047,1694.196266650062,1865.9688013039101,1135.4482322672793,773.3594660360515,364.5505464559118,1659.8692820690299,1405.0828319144337,928.9609331257706,574.0797499984573,343.6284337794995,1704.5200209814714,1225.0912868280193,928.0030819321023,659.4853683352294,368.7672864116355,904.4818480197588,747.806407392302,644.8650767823707,637.8272830222829,343.99040117270926
1968-03-31,3701.1064238284357,1991.9629841990723,1539.7770620388244,821.5300686704278,178.19774877015098,1679.287339503541,1843.2039819280026,1126.5917360555943,760.7537067396638,362.9465240515058,1668.1686284793748,1420.9602679150669,928.5893487525204,563.5740905734855,339.91724669468095,1733.3264093360578,1236.974672310251,924.1982692961807,655.9900958830527,362.9407632863317,954.5901424000533,754.7610069810505,644.2202117055883,647.075778626106,343.577612691302
1968-04-30,4393.583435726736,2278.6064576253184,1754.729939899444,949.4423003624133,210.04168647537696,1949.3167436957106,2120.79050160636,1286.3424442282776,857.2172767542532,416.5900203063183,1931.572454916268,1571.5820563140642,1039.0914812540705,630.1885480792715,395.05182410855815,1972.525453824434,1351.6422244334112,1017.080195360447,733.0033331397232,407.94541793383684,1039.166829016698,800.424047903404,688.6714063132739,702.400757698638,378.58817142454575
1968-05-31,4863.696863349496,2510.1128737200506,1978.2825342426331,1073.7242974798532,237.1580681993481,2099.6090646346497,2269.0337576686447,1409.188147652078,923.9945026134096,448.20920284756784,1988.167527845315,1683.1643823123625,1093.0203291311568,669.3862757698023,420.57217194597104,2043.3391176167313,1425.7122183323622,1048.4062653775486,757.0458424667061,429.4033469171566,1036.1532452125496,814.3514263369234,703.2712401271153,716.7297331556902,382.33619432164875
1968-06-30,4942.002382849424,2566.088390804008,2058.205148626035,1079.0929189672522,236.54145722202978,2184.643231752353,2306.019007918643,1426.5211618681985,922.978108660535,441.12749744257627,2056.9581243087628,1743.421667199145,1109.0877279693848,677.0842179411551,411.74015633510555,2114.4473189097935,1479.6041401853256,1083.213353388083,754.6990003550592,418.024158223852,1056.4618488187157,828.3582708699186,703.13058587909,710.1358196106578,387.30656484783015
1968-07-31,4745.310688012017,2536.3217654706814,2011.4838917522243,1060.9641579286026,227.60019013903704,2092.2328230492285,2217.6984799153593,1387.5771341491968,903.6878661895297,422.02667680331274,1948.145039532829,1664.7933500084637,1074.2623733111461,655.3498145452439,399.2644295981519,2045.0934468495523,1400.4453186854107,1033.602181802909,730.4731624436617,409.95629197013164,1019.4856841100608,805.2470751126477,698.8414893052276,700.3359453000307,384.05318970310833
1968-08-31,4998.235747683057,2680.638473925963,2064.989363272833,1096.2942643876252,239.41264000725306,2154.9998077407054,2323.039157711339,1439.4725189663768,917.7853969020864,438.57012253400256,2006.589390718814,1734.7146707088193,1102.7303262038915,665.114526781968,412.0408913452928,2084.5637503737485,1443.8591235646584,1039.7004346755461,750.5611744108625,419.54926920223284,1012.8590271633454,820.3857201247654,709.4638799426671,707.5494055366211,389.92920350556597
1968-09-30,5363.106957263919,2834.5071223293135,2219.6570665819686,1174.1311571591466,256.5067025037709,2260.163798358452,2501.913172855112,1539.5158590345402,982.9481600821346,475.32229880235207,2135.412429602962,1846.777238436609,1192.7131208221288,704.6223296728169,434.3735076562076,2246.117441027714,1530.201899153825,1087.1107744967512,805.8024768475018,456.0081006959068,1060.7672591481717,856.3186146662301,727.0585841652452,731.0400458004367,408.8017769552353
1968-10-31,5437.654143969888,2868.521207797265,2228.0917634349803,1174.3659833905783,251.47917113469705,2287.737796698425,2563.7104282246332,1553.8333565235614,984.1276978742333,473.3734773772625,2205.453957293939,1884.6361718245594,1208.9340192653099,711.3162418047087,442.06191874172254,2246.5666645159195,1564.4784216948708,1114.0711217042706,798.9531557942981,447.3895475927542,1083.8919853976017,859.3157298175621,747.416224521872,733.086957928678,398.2138109320947
1968-11-30,5833.515365650895,3043.214149352118,2387.400324520581,1274.8917115688118,269.10786103123934,2530.009229368788,2804.1864663921037,1674.100058318485,1067.778552193543,508.07175326901574,2435.262259643968,2069.8959075149137,1326.3215125359714,746.5975273982224,466.50794284813975,2439.097427664934,1701.213835751002,1195.0640922521711,843.0553699941432,469.7142860176326,1175.589247362239,908.8123158550537,791.364298523758,754.2731710128166,418.0846800976062
1968-12-31,6070.356089496321,3140.597002131386,2415.09416828502,1272.7243956591446,271.71820728324235,2525.7082136788613,2739.129340371807,1672.0911382485028,1046.956870425769,506.0902734312666,2377.0594916384766,2091.62981454382,1309.344597175511,728.2312282242261,448.7806410199104,2429.828857439807,1662.4261602958793,1166.6215668565692,812.7896822113535,442.7057145716187,1132.4451219840448,875.0044977052457,754.1701764931413,721.7639973421643,395.0482142242281
1969-01-31,6144.414433788176,3173.8873303539785,2362.203605999578,1265.5971390434536,267.6424341739937,2534.0430507840015,2724.338041933799,1661.5569640775373,1026.122428704296,503.7622581734828,2377.772609485968,2039.548232161679,1289.1806903790082,716.2154129585265,439.13185723798233,2487.658784246875,1670.7382910973586,1152.2721215842334,791.4133135691949,429.4245431344701,1130.1802317400768,867.1294572258985,748.2122320988454,720.32046934748,388.213880118149
1969-02-28,5571.755008559118,2883.159250893554,2142.282450281017,1145.3654108343255,236.7297330268974,2331.066202416203,2502.3044915161945,1514.5091727566753,935.3105937639658,455.40108138882846,2199.9152182964176,1918.6030219944914,1220.467359581807,657.7006137198149,395.6578033714221,2333.1751737451436,1553.7866107205434,1091.662607988903,725.7260085429517,397.3035873080118,1071.1848236432447,837.38691684305,721.8751615289661,691.147490338907,355.4486286361772
1969-03-31,5786.267576388645,2925.5416918816895,2170.346350379699,1151.893993676081,239.47579793000946,2371.3936477180036,2555.1031162871864,1527.3825007251069,954.952116233009,468.24339188399347,2270.972479847392,1965.033215126758,1226.2035561718415,656.4509825537473,401.3552757399705,2398.504078610008,1630.0775333069219,1119.8275032750166,729.8626467916466,400.4820160064758,1094.1081788692102,857.149248080546,755.6589190885217,708.7026365935153,370.8750991189873
1969-04-30,5746.342330111563,2899.2118166547543,2121.7305921311936,1140.9510007361584,243.21162037771762,2369.0222540702857,2569.6672040500234,1493.1691327088647,985.2240983175953,485.6152217228896,2290.04864867811,2002.1723428926534,1213.8189002545057,662.1621061019648,410.5061760268418,2461.105035061729,1615.2438277538288,1125.4266407913915,742.2703117871046,417.18211607394596,1126.1655485100782,895.2066746953224,770.6965315783833,714.4431279499228,380.1098890870501
1969-05-31,5849.20185782056,2958.6456588961764,2102.635016802013,1133.1925339311524,243.98989756292636,2345.3320315295828,2552.450433782888,1493.7664003619482,970.4457368428314,479.3993468848366,2283.6365124618114,1990.559743303876,1241.6153530703339,656.8648092531491,407.2631772362297,2407.6990558008893,1615.8899252849303,1142.3080404032623,751.0291014661925,418.3919442105603,1146.2112952735577,920.0934202518523,779.0200541194298,709.5849146798633,379.19762535324116
1969-06-30,5075.937372216681,2605.679231789863,1853.4727673109742,982.0246499047367,209.09934221142788,2011.1222170366173,2264.5340248521784,1343.7922537656086,867.190310442754,414.34485551256427,2026.042313856119,1799.466007946704,1143.6519017130845,593.411668679295,362.2198698339027,2192.20999030671,1468.5207640989447,1064.9737860679616,688.6185831343519,377.0129809281359,1065.9765046044085,898.1951968498581,734.2264010075626,667.8613216966875,349.96148843850625
1969-07-31,4464.286918864571,2302.117601286344,1659.228821296784,879.4030739896918,184.6347191726908,1800.7588331345871,2067.746018092524,1218.1476780385242,797.901804638378,381.6944808981742,1840.6594421382842,1616.2803683377294,1053.074671097408,552.3475812066877,333.8580540259081,2006.3105831287012,1373.6543227381528,993.7270397800148,640.8973153231412,351.67770860976515,1047.6417087252128,824.9922883065947,680.5544510939098,631.9971687215753,332.1834448258302
1969-08-31,4771.8762875743405,2419.06517543169,1706.3509198216127,906.7525095907712,191.06000739990043,1934.0149867865466,2204.217255286631,1279.1768767082542,831.1743098917984,393.79419594264635,2013.3132978108556,1771.7665397718192,1118.154685771228,580.2411340576255,354.3569385430988,2150.7649451139678,1471.1837796525617,1060.2073787412978,676.7875649812372,365.357971474685,1122.3385625573203,880.0192739366446,716.079393441012,654.3698684943192,347.49710163230094
1969-09-30,4660.2143824451005,2366.8133676423654,1644.2397463401062,867.4901259254907,182.5387310698649,1920.283480380362,2190.771530029382,1266.7688610041841,816.7118768996811,397.9290350000441,1969.423067918579,1764.3251203047776,1111.557573125178,582.330002140233,347.8722065677601,2098.286280453187,1432.7858830036296,1048.4390768372696,671.6439794873797,355.6759852306059,1120.6550547134843,852.4746706624276,687.078178006651,643.7036396378618,334.98720597353804
1969-10-31,5241.343115936004,2617.458903275692,1825.928238310688,931.7711442565698,198.3283313074082,2139.3878254917618,2365.81417527873,1352.402436008067,888.0924949407133,431.87238168554785,2150.8069324738804,1909.7055102178913,1183.1418808344392,629.7898973146619,377.61528022930355,2229.009515725421,1559.15759788455,1130.846388276679,712.9500842258537,383.5609824726854,1131.3012777332626,892.8819700518268,737.3723006367378,672.219710873819,356.25889355285767
1969-11-30,4933.676275030561,2498.1027772863204,1690.4443630280348,869.4356547058053,181.17293064931738,2027.7117810010918,2241.8455124941247,1302.4987861193695,832.6755232564128,411.3152563173158,2051.2245715003396,1828.1610849315875,1134.0414927798101,600.1267931511412,361.3778231794435,2167.4888530913995,1489.4632532591106,1095.1116424071358,687.0699961684552,365.4952601982219,1088.1986990516252,875.2921952418058,713.7026497862985,656.4897696393717,339.8709844494262
1969-12-31,4403.799443092279,2263.0313059436776,1558.9277915844536,800.1416330257528,172.8570931325137,1830.4154247096858,2077.518236428305,1242.9745915937142,792.2074928261511,409.0118908819388,1949.4838327539228,1754.8518254258308,1107.1647094009284,583.8033443774302,351.5844841712806,2081.65629450898,1464.2913242790316,1064.5580275839768,676.0768762297599,357.67366162997996,1064.69360715211,857.6112928979214,708.1357691179653,657.9996961095422,329.4369452268288
1970-01-31,4376.936266489417,2200.7979450302264,1502.650498308255,771.256520073523,161.62138207890033,1701.5541788101239,1962.6314779538197,1155.7177752638354,752.0425729398653,377.3952717167649,1763.1131783426476,1677.8138302896366,1047.0456656804581,558.8165612380762,325.67270768785727,1870.9926775046715,1347.8801639988485,996.7456812268775,623.2076645085926,329.3459076288856,959.6083481261967,797.492741265777,654.1050099342646,602.332921818675,304.070300444363
