date,SMALL LoPRIOR,ME1 PRIOR2,ME1 PRIOR3,ME1 PRIOR4,SMALL HiPRIOR,ME2 PRIOR1,ME2 PRIOR2,ME2 PRIOR3,ME2 PRIOR4,ME2 PRIOR5,ME3 PRIOR1,ME3 PRIOR2,ME3 PRIOR3,ME3 PRIOR4,ME3 PRIOR5,ME4 PRIOR1,ME4 PRIOR2,ME4 PRIOR3,ME4 PRIOR4,ME4 PRIOR5,BIG LoPRIOR,ME5 PRIOR2,ME5 PRIOR3,ME5 PRIOR4,BIG HiPRIOR
1980-02-29,98.64,100.91000000000001,98.47,98.6,98.54,96.23,96.96000000000001,96.7,97.84,98.9,96.27,95.23,96.93,99.63,98.5,96.13000000000001,95.72,94.83,98.96000000000001,99.05000000000001,96.72,95.75,96.72,106.66,102.79
1980-03-31,81.239904,82.51410700000001,82.54740100000001,81.81828,77.62981200000002,83.50839400000001,83.802528,81.8082,80.512536,76.89475,86.52747600000001,84.36425700000001,83.417958,83.04160499999999,75.5889,88.968315,88.722868,84.635775,85.194664,79.79468,94.82428800000001,89.880525,90.52992,96.324646,85.408211
1980-04-30,87.94219608,86.92036031379999,86.5839689089,84.281010228,80.3623813824,91.08260533580001,90.23856215039999,86.1440346,84.3610352208,80.68566117499999,95.1456126096,89.5189131027,88.1394144228,87.95766801599999,81.12956636999998,94.964779431,93.60262574000001,88.12276892999999,90.5022915672,87.42305140799999,99.21465253440002,95.90252017499999,93.83426208,98.17407920320001,90.13982588939999
1980-05-31,95.030337084048,92.84832888720116,93.77909672522958,90.2481057521424,84.58944264311424,101.58442973101774,99.02779810384894,93.39736231332,89.93729964889489,85.63169220502748,105.45939701648064,98.97211032634512,95.96619442354464,94.86234495525599,86.24884200794698,105.2304720874911,100.407536631298,95.02278173721899,97.8329771841432,92.799569069592,105.30643220001217,101.03330500436249,99.14528131372799,102.32684275349537,93.08739819598337
1980-06-30,100.46607236525553,97.33290317245297,97.12701047832029,93.48801274864431,87.05099542402886,108.45153718083453,102.3947432393798,97.87109596812803,93.80460353379736,89.08264940089008,111.9873336918008,105.27663375413331,99.61290981163934,99.6054622030188,88.41368794234644,111.53377736553183,106.82357822203794,99.67889804234272,103.83013868553117,95.44435678807537,110.67706024221278,104.18554412049859,101.10835788373981,104.57803329407227,93.72970124353564
1980-07-31,113.13484409051426,106.17073078051172,106.18896055594756,101.81779468454852,93.91931896298473,124.17701007205555,114.36468872406331,108.2356450311528,102.21887647077898,96.7704820441869,130.10688428313418,115.47793956490884,107.15360708438044,107.16551678422795,94.54075651675105,121.62758421711246,117.75163027415243,107.39404475082004,109.71730754900078,102.8317500034724,121.81117250257938,110.54086231184898,107.07375099888046,109.90105518874054,98.28496472397148
1980-08-31,121.19004498975887,112.63652828504488,113.63280669091948,110.99157798562635,102.43780119292745,130.1002534524926,120.18585138011812,113.80978075025719,106.86983535019945,104.67663042719697,134.81675349418362,120.06241376563574,112.70416393135136,112.77027331204306,98.05767265917417,123.0871152277178,120.76607200917073,109.57414385926168,113.2172896598139,105.21744660355297,125.83094119516448,112.27635385014503,107.34143537637766,109.98897603289153,100.79123132443274
1980-09-30,127.33438027073964,118.58373697849522,117.97357990651261,117.040618985843,104.83484574084197,134.67978237402033,124.56061637035442,117.49721764656552,110.33241801554593,108.91603395949845,136.44803621146323,125.16506635067526,119.11703085904526,115.04823283294631,98.75388213505433,125.36422685943059,122.62586951811197,114.07764117187733,117.21385998480531,108.99475293662053,127.42899414834308,115.5099128410292,110.3684638539915,114.23455050776114,104.63137723789364
1980-10-31,133.80296678849322,123.84885490034041,121.72513974753971,124.43758610574827,112.183768427275,139.19155508355004,128.3223469847391,120.68139224478742,113.46585868718742,112.94592721599987,137.97625421703162,127.14267439901595,122.20216195829454,118.05099170988622,101.44986311734132,128.32282261331315,121.86558912709967,115.3096796965336,118.09296393469135,111.57792858121844,124.14132609931583,116.48019610889384,112.07917504372837,116.61062915832257,109.6013676566936
1980-11-30,140.73396046813718,129.22389520301522,127.23928857810324,130.6470216524251,125.65703901539074,145.52477083985158,136.03452003852195,127.58436788118925,121.94175833112031,126.54461685280627,144.15759040595464,132.13938150289727,127.26133146336795,125.18127160916335,113.24848219788812,135.9965274055893,130.34743413034576,120.452491410999,131.72089197275474,125.73716771817507,127.9028082801251,124.8667702287342,120.56356859453862,133.62411995252182,132.80397718961564
1980-12-31,136.16010675292273,125.915763485818,123.62569278248512,125.85227595778112,117.58985711060265,142.52696056055066,134.374898894052,125.26233238575162,118.52738909784894,119.73651646612528,145.2243565749587,131.8222469872903,125.8614568172709,121.15043466334829,105.53626056021193,138.44446489888992,132.74582691834414,119.06728775977254,127.42679089444293,119.62634136707176,131.38176466534452,127.62632585078923,121.49190807271657,132.34132840097757,121.64844310568792
1981-01-31,136.5822030838568,128.62295240076313,124.26854638495406,127.14855440014628,117.73096493913539,137.99460321472515,134.65708618172948,124.79886175592434,118.24292336401412,118.29967826853178,143.32191750382674,131.47950914512333,125.67266463204501,119.9995055340465,103.46774985323177,131.85450836970276,129.3740829146182,117.35271881603182,125.43893295648962,116.2409159063836,117.88885743421365,120.91318111103773,114.02015572624451,131.44140736785093,117.329923375436
1981-02-28,131.20086428235285,129.1245819151261,125.32482902922617,127.40285150894657,116.80089031611622,136.13167607132638,137.16170798470966,127.18252001546249,123.57567920773114,118.24052842939751,144.74080448711464,132.53134521828434,129.17893197527908,122.47149534804787,106.75802429856456,130.3249960726142,132.8671831533129,121.03759418685523,129.51569827757555,122.05296170170278,118.1953684635426,121.32428592681525,119.8921937461461,136.1601538923568,120.5095642989103
1981-03-31,140.5161256463999,137.38855515769416,133.62133271096096,137.07272793847562,125.63103762401462,148.68301660510267,147.8191726951216,136.78480027662988,132.62141892573703,127.17951237866,158.78066252236476,144.52543196053907,139.96537279521485,132.90606675170153,113.77202649498027,148.08829303731153,144.78536948216507,131.592072399949,141.9233021725673,129.26629173827342,121.3984629489046,126.00740336359033,122.64971420230746,142.06950457128508,123.54640531924284
1981-04-30,143.84635782421958,141.6750780786142,137.99075029060936,141.60983523323915,129.75173565808228,149.99142715122755,152.97806182218133,142.6939036485803,135.07491517586317,130.43530789555368,162.09917836908215,148.78893220337497,143.73044132340613,135.48444444668456,119.2785925773373,144.7118799560608,145.62512462516165,131.73682367958895,143.1012655805996,129.4989710634023,118.32708183629732,123.04622938454597,118.160734662503,140.96136243562907,121.50788963147534
1981-05-31,145.75951438328173,144.5085796401865,141.2611310724968,145.9006132408063,134.35792227394424,154.73115624920635,155.08915907532744,146.27552063015966,138.24917568249595,137.11359565980604,165.61673053969125,150.2768215254087,148.09984673963768,137.62509866894217,125.50493510987431,145.76827667974007,148.33375194318964,136.21587568469496,145.20485418463443,135.68902188023296,115.61739166224612,122.5540444670078,118.18436680943552,147.1918546552839,126.00368154783992
1981-06-30,142.91720385280772,144.97100709503513,142.29233732932605,146.3674952031769,128.33868735607155,154.0039198148351,156.50047042291294,147.10929109775157,135.37359282830005,128.1600778632207,166.4613758654437,148.69891489939192,150.42501433344998,135.76715983691145,118.23819936701258,145.59335474772436,147.7700836858055,136.47468584849588,143.20102719688646,126.65213302300944,118.97029602045124,122.4805120403276,116.73069909767946,144.46880534416113,121.4549486439629
1981-07-31,140.80202923578616,139.54909142968083,138.30815188410492,142.53266682885365,123.33347854918475,153.04909551198313,153.82431237868116,143.07849652167317,132.6931956902997,123.22591486548671,162.34977988156723,146.61713009080043,148.16863911844825,134.4637951024771,115.34136348252078,146.40867753431164,144.87379004556374,134.23650100058055,141.7690169249176,125.47426818589544,117.89956335626717,121.42717963678078,117.52446785154366,144.87331799912477,125.31721601084091
1981-08-31,126.91894915313766,127.50600483929935,127.86588641685499,133.35356308507548,112.71446604609996,138.89205417712466,142.01060518799844,132.83407617072137,126.50969277113174,112.78867987637999,150.54695088417728,136.0753584372719,139.30815449916506,127.3909994800868,107.83264071980867,138.59045415397938,137.876385986363,128.71938080945668,135.02081171929152,117.21806133926353,110.4129410831442,114.62725757712104,111.5424724379001,137.76003808536774,117.97362715260564
1981-09-30,114.27782181748513,113.78635871859073,115.61633449812028,121.89849201606751,103.37043681087827,128.78071263303,129.3006560236726,123.50912402353673,120.27276491751493,104.39720209357732,140.445250479849,126.33236277316323,131.7576525253103,120.58832010785017,99.32464536701578,129.45734322523214,128.23882660591624,121.85863781231264,125.8393965223797,112.89271487584472,102.19821826655829,107.97887663764803,104.21413199873007,129.78373188022496,113.65579239882028
1981-10-31,127.08836564322523,122.47963652469107,122.37989006626032,128.67604817216088,111.90883489145682,142.68902959739725,141.94626018278774,132.22886817959844,128.7159130147245,111.5170912763593,152.7201653717878,135.6177914369907,139.80804509460677,127.6547956661702,105.94959921299572,143.50346496516983,134.8815978241027,127.73222415486609,131.8041839175405,121.54029683533443,116.67970579492959,113.20505426691018,109.19556750826938,132.70386584753,120.58879573514831
1981-11-30,130.07494223584104,127.10936678532441,125.21910351579757,131.30103955487294,112.28932493008779,148.83892677304505,149.2564925822013,140.25516047810004,132.5130324486589,113.23445448201524,157.3781304156273,141.13743554847622,147.69321883794257,131.75251460705425,105.89662441338923,154.16577241208196,144.984229501128,134.36152658850364,138.13078474558247,120.68951475748707,125.73405096461612,118.0955126112407,113.71626400311175,136.1807071327353,126.72676543806736
1981-12-31,127.21329350665253,126.29586683789833,124.50535462575752,129.88298832768032,108.35919855753471,146.88913683231814,147.97288674599434,138.06717997464168,131.58544122151827,110.33565244727566,153.286299024821,139.07682898946848,144.84273971437028,129.07793856053107,102.07375627206588,151.48328797211175,143.59238089791714,132.1311252471345,132.71605798355563,116.76710552786875,124.66531153141689,114.12750338750301,110.4184923470215,132.68086295942402,120.75793478593437
1982-01-31,125.80122594872869,124.50246552880017,122.58797216452083,127.66198922727699,105.69356227301935,141.6011279063547,145.73849615612983,132.50307262166362,127.55892672013982,104.82990339015659,145.63731270348242,135.90587728850858,139.77324382436734,123.33397029458743,97.64375524985822,143.8333819295201,138.86819156637566,128.25968327739346,126.1864279307647,109.60928195901039,118.96810679443115,109.9960877648754,109.12659598656134,133.27792684274144,122.43647007945886
1982-02-28,116.60515633187663,118.38939447133608,118.12576997773228,123.52574077631321,99.81700021063948,131.9014506447694,136.86302174022154,125.98392144867778,123.74491481120764,102.11480889235153,137.088402447788,131.92383508395528,135.6499331315485,120.34928821345842,93.50366002726422,131.78014452382632,133.03572752058787,123.65516064773503,125.2652670068701,107.39517446343838,106.42886833829812,101.46039135432106,103.4411003356615,128.25334900077007,119.84081691377433
1982-03-31,114.61120815860153,117.75009174119087,116.27119538908188,121.70991238690141,98.25985500735351,127.16618856662217,134.30368323367938,125.75715039007017,123.44792701566074,100.87921970475409,136.40296043554906,130.7233281846913,134.37482376011195,120.16876428113825,94.42934626153414,129.18407567670695,129.24420928625113,123.32129171398614,124.8894712058495,107.37369542854569,103.01250166463876,101.67345817616513,101.48606353931748,128.24052366587,121.00327283783794
1982-04-30,121.78586978933,123.97907159429987,121.58478901836294,128.5134964893292,100.60826554202926,134.3510782206363,143.85267511159398,134.7613623579992,130.53383802635966,106.45784055442698,142.82753987206343,139.75631016225347,140.94575264198141,125.56434179736135,98.1687483734909,137.42601970488087,136.70160016206782,128.75976067857295,131.82083685777417,111.5290574416304,109.18295051435064,106.22842910245734,106.48932647180582,130.29237204452392,125.98860767875686
1982-05-31,118.85083032740712,122.2557624991391,120.28383177586646,127.62675336355285,96.34247508304722,129.08451595438737,141.507876507275,133.50808168806984,127.47934621654284,100.57072197176716,139.2140031133002,137.64598987880345,135.16697678366017,121.73462937254185,94.46778655981029,131.5029582556005,131.12417487545548,124.9098438342836,125.67798586020189,105.55109996275903,108.40775156569875,104.82621383830491,102.55987032499618,125.79728520898786,123.41844008211022
1982-06-30,113.59762362693573,117.89123177791984,115.96564221511285,123.05771559313766,92.45987333720042,125.23779737894662,138.7343221277324,129.31592792306444,122.1124657408264,97.17143156912141,133.11642977693768,136.75129094459123,131.07141738711525,118.65474324941654,92.43672914877438,127.46581743715358,126.46926666737681,122.6115027077328,121.65629031267542,103.84117214336233,105.578309249834,103.21189014519501,102.0983509085337,124.38835561464718,118.98771808316246
1982-07-31,109.36043226565101,115.67487662049496,114.29573696721522,122.8485174766293,91.4335687431575,122.2446140215898,136.80591505015693,128.48830598435683,122.08804324767823,97.7253087290654,132.95669006120534,133.5786609946767,129.19709611847952,114.77473314516062,90.59723823871376,122.44366423012971,123.58576738736062,119.47264823841483,118.56622053873348,101.0582287299202,98.37786855899532,98.07193801596429,101.42450179253737,122.84594000502555,118.09531019753877
1982-08-31,116.7969416597153,122.06012980994628,119.11901706723171,128.89266453647946,97.51390106457747,134.40795311673796,148.17448659082498,137.6623710316399,131.0493056220578,105.29902015556796,149.11092790364177,148.1387350430965,144.364835202789,126.73426033888637,99.38517034786899,141.47140965149188,139.1081397712131,131.39601853260865,131.9879167037181,114.49897315099959,110.96039794769081,110.65456766341254,116.67874686213497,137.48917605362462,131.66446133923597
1982-09-30,122.30975730605384,128.46828662496844,121.10830465225449,134.02259258503133,96.54851344403815,140.88641645696472,158.51706575486457,144.93094422211047,132.33358881715398,105.4043191757235,155.99985277279004,154.93830298157462,150.68801498467116,130.4982678709513,101.39275078889594,149.23819004135876,145.21498710716935,136.07371679236954,136.18513245489635,113.12498547318759,114.64428315955413,114.36149568013685,117.63551258640447,138.8090721437394,129.80799243435274
1982-10-31,142.14839994109576,144.62959708238947,136.016736954947,150.31973984337114,109.45704969150604,167.04902399302307,178.53777115970396,162.1632334901194,150.9926248403727,119.08579980473242,184.0954262571695,178.56639418626477,169.8253928877244,147.78928836385236,113.63085580911567,176.39954062888606,162.4810490742118,156.18541213428173,153.58959238263208,127.70679610068147,130.88937808326293,127.71891837557683,129.69315262651094,150.8993423274591,143.32100444676888
1982-11-30,155.36820113561765,160.4231490837864,148.8975219445805,163.9988361691179,120.58883164513222,179.32712725651027,192.1602030991894,176.9849530311163,162.64925547804947,131.0301055251471,196.19049576226556,188.5661122606956,183.07177353296692,158.90304284881404,126.2325177183466,183.47316220810438,167.4692172807901,165.40035145020434,163.71114652064753,140.91167881749195,130.45744313558816,131.9464145738084,135.6720069625931,159.50060484012425,156.99382827099063
1982-12-31,157.4656718509485,165.86149383772675,151.86058263127765,168.09880707334582,122.34942858715114,185.13732617962117,197.7712810296857,178.40083265536524,162.9908189145534,129.99496769149843,202.01735348640483,191.2248944435714,188.65546262572238,157.6635991145933,124.23804393839673,189.21587218521807,175.52448663199613,168.9895390766738,165.69205139354736,137.27615750400065,136.35411956531672,132.93601268311198,136.14685898696217,161.12751100949353,152.299712805688
1983-01-31,178.64480471490108,180.05923771023612,165.37617448546135,182.5553044816536,135.6732813602919,204.35458063706585,212.7623441317359,188.42695945059677,172.2812955926829,137.3136843725298,218.68378514903327,200.21246448241925,197.44680718408105,163.82824583997387,128.53668025866526,200.83372673739044,184.5639976935439,177.1179359062618,167.4649563434583,137.81153451826626,141.09924292618973,142.5871672039059,142.1237060964898,163.17383039931408,154.5385185839316
1983-02-28,189.1133902711943,191.6190407712333,174.3561007600219,194.53093245565003,140.72032742689476,218.78201403004272,223.84726226099934,198.48895908525864,183.47957980620728,141.21339300870963,233.9916501094656,209.02181291964573,208.74076455501046,168.43181954807713,132.07143896577855,211.89966508062065,195.01031996299852,181.19164843210584,171.51760828697002,139.9476133032994,146.5880034760185,145.48168669814518,147.95077804644586,167.72638026745494,153.90491065773747
1983-03-31,196.6211918649607,202.7137832318877,183.31800433908697,207.42833327745961,145.35002619923958,229.0647686894547,235.64401298215404,206.30942407321785,190.9471987043199,147.412660961792,244.1468877242164,217.6335116119351,216.94427660202237,175.1185627841358,137.38071081220284,222.51583830115976,205.38486898503004,187.8413819295641,180.26500630960547,141.8648956055546,149.0799995351108,151.89742908153337,150.49553142884474,174.8547514288218,154.85912110381545
1983-04-30,211.83967211530867,218.3835586757126,199.32166611788927,221.05637477378872,157.28326335019716,248.99340356543723,257.08761816353,221.34938108815544,205.7647013237751,158.64550572708055,261.16392579859433,231.19207938535865,233.3669583407955,182.68368469641047,146.7500752895951,236.33407185966178,219.3921170498091,200.97149452644067,191.65775470837252,151.9940491517912,159.08326750391672,161.55810557111892,163.87458417286905,186.43013597340982,168.93581521215228
1983-05-31,239.95079660501014,238.91161319122963,219.0545110635603,241.260927428113,170.03893600789814,264.9040820532687,276.677694667591,234.09910543883322,220.6826421697488,164.75335769757316,270.879223838302,244.11571662300022,240.8813743993691,189.05934529231516,153.5592787830323,247.13453894364835,232.20461668551792,206.3374334302966,201.33647132114532,154.69954322669307,162.71036600300602,158.45618994415344,162.00641391329833,184.92005187202517,164.9489299731455
1983-06-30,254.49181487927376,250.9527584960676,231.5625236452896,250.98374280346593,174.6129833865106,276.10952472412197,289.90288847270193,242.8544119822456,232.1140030341418,169.7618597715794,279.84532614734974,251.9518311265985,249.52901574030645,197.81279297934935,160.25446333797254,260.20795605376736,234.94463116240703,211.14509562922254,210.89995370889974,164.12074540919866,170.7808001567551,160.91226088828782,166.78560312374066,190.1902733503779,171.72833099504177
1983-07-31,250.01275893739856,248.945136428099,229.57108594194005,245.83857607599492,167.01731860919736,267.1911870755328,287.0038595879749,238.92017050813322,224.50066373462198,160.64564790184556,274.4722958853206,250.74246233719083,247.55773651595803,193.67850560608096,150.655220984028,257.08546058112216,228.8125762890682,202.36145965104689,204.06679520873138,154.45403350459685,166.49420207282057,157.40437360092312,159.06342969911145,183.26734740042414,163.6742722713743
1983-08-31,236.21205464405418,240.0577950576159,220.93921311052313,238.93051208825943,161.72286960928582,255.94243809965286,278.93905113355277,232.5410019555661,219.53919906608684,155.56924542814724,268.02219693201556,242.31751560266122,242.73036065389687,188.60412875920161,147.9886235726107,255.15731962676375,226.61597555669312,202.74594642438387,203.20971466885473,153.11028341310686,167.75955800857403,160.1432097015792,163.1036408134689,184.4585851585269,168.78090956624118
1983-09-30,235.29082763094235,239.21759277491424,222.1764727039421,241.606533823648,160.05712405231017,261.93149115118473,285.3825432147378,237.74992039937075,224.6983702441399,157.5138609959991,277.5369849231021,254.11837861251078,252.51239418824892,196.45006051558443,150.2232517885571,262.78652348360396,232.82525328694655,209.8826037385222,209.50921582358922,154.67200830392056,173.56403871567068,167.73399784143407,168.8775096982657,186.93033019965117,165.42216946587297
1983-10-31,216.67932316533484,226.92180850628364,210.82325494877065,228.4148170768768,150.1495880734722,234.06198049269867,271.6271046317874,225.83864938736227,211.0367093332962,146.56664765677715,260.8292584307314,241.082105789689,247.94191985344162,189.59395340359052,140.2784725201546,245.52144889073122,219.39123617228975,202.93548955477712,205.1723750560409,149.7225040381951,166.0660722431537,163.38968729734094,169.62057074093806,189.0613359639272,163.17242796113706
1983-11-30,229.83175808147064,232.54946935723945,214.97647307126147,232.20650304035294,152.32675710053755,252.29540877307988,290.91262906064435,234.12692781987846,218.4652015018282,150.14287385960253,277.8614090062581,251.5932856021194,263.01678858053083,197.99296553936958,144.0940469727028,267.61837929089705,230.36079798090424,212.29081562325237,212.33289094549673,155.36704244043506,180.91237910169164,169.01029254036945,174.79399814853667,189.38274023506588,162.78081413403035
1983-12-31,225.14319021660864,232.73550893272522,213.6006236436054,226.16913396130377,144.93890938116147,252.67385188623953,288.70169307978347,235.06343553115795,216.0620842853081,144.58758752679722,270.08128955408284,250.76302775963245,258.2035813495071,194.74588090452391,138.41674152197834,264.5407679290517,225.82269026068042,208.32097737109754,212.3116576564022,150.6749577587339,182.63104670315772,168.73987607230484,169.84732800093306,188.18962897158497,160.72977587594158
1984-01-31,226.1338202535617,234.50429880061395,214.41230601345111,224.38239780300947,143.73591643329783,248.50473333011655,286.94061275199675,234.9459038133924,212.38902885245784,139.0932592007789,258.251729071614,239.2780810882413,255.647365894147,192.05838774804147,133.5998389170135,252.29253037393664,218.75444005552112,201.55054560653687,201.97207992853538,146.38072146261,185.4983541363973,164.1838994183526,172.76870204254914,187.66269801046454,158.46348603609079
1984-02-29,211.14114797075055,218.20625003397126,204.48501624502833,211.72723056691973,133.43005122503038,233.3956455436455,272.3066415016449,221.9064061517491,201.7058607011792,131.42922061881598,245.93312159489807,226.18957005271452,238.57012185241797,182.62832090961263,128.97728449048483,239.82927937346417,207.68546538871172,190.1427847252069,191.69170106017296,137.6125162469997,174.57250107776352,155.76126537819113,164.52763495511954,181.93898572114537,159.39842060370373
1984-03-31,212.6824783509371,219.82097628422267,204.83264077264488,213.08228484254803,132.08240770765758,236.7798824040283,274.648478618559,225.1684303221798,201.38313132405733,132.61208360438533,251.49121014294275,233.812158563491,238.42697977930652,183.99803331643474,128.4355798956248,246.76034554735728,214.7675397584668,193.67944052109573,191.21247180752252,138.3143400798594,182.60283612734065,159.9668195434023,168.0320735796636,183.17617082404917,160.17947286466185
1984-04-30,209.492241175673,216.040055492134,202.78431436491843,208.26662520510646,127.15573390016195,237.13505222763436,272.64354472464356,225.8439356131463,200.11441759671578,132.86404656323364,252.79896443568606,235.42546245757907,237.568642652101,183.5932376431386,129.14197558505077,248.53702003529827,210.2788981775148,190.17384264766392,188.00010228115613,136.00449060052574,184.10017938358484,164.31791703498283,171.59435353955251,183.85392265609815,157.08800903837388
1984-05-31,198.22155860042182,203.74737633463158,194.06458884722696,198.04073390753572,118.22940138037058,222.66981404174868,258.6024021713244,214.66466080029556,191.68960061589405,124.62647567631315,239.52701880281256,222.500604568658,227.51948906791714,174.725684264975,121.6000842108838,235.36455797342745,199.2392560231953,179.8664203761605,178.6940972182389,126.21216727728788,177.01232247731684,156.54567955922815,164.49034730301503,174.34867485477787,146.2960628174376
1984-06-30,203.85105086467377,206.39609222698175,195.86938952350616,198.47642352213228,119.60086243638288,235.02798872106575,271.3773608385879,221.9417928014256,196.69269919196887,125.61102483415603,248.96438334364336,228.73062149658043,236.68852447735418,178.83173784520193,126.6100076803722,242.70793218219836,209.44030593158288,185.22643970337012,184.6267412458844,130.14998689633924,179.06566541805373,160.13057562113445,167.6156639017723,178.53304305129254,151.8845724170637
1984-07-31,191.7626835483986,199.3579854820417,188.70056986694584,191.05340528240453,111.85072655050527,219.06958828690537,263.37172869384955,215.97155857506726,190.55588697717945,119.80779548681801,239.08049732490073,222.62351390262177,230.91332448010675,172.67992606332697,122.91299545610535,223.898067438078,204.22524231388647,182.42952046384923,177.96171588690797,125.29539238510581,167.74871536363273,159.8263275274543,166.94520124616523,179.63994791821054,152.29466076258976
1984-08-31,215.82890033372263,219.77224319540278,205.51379064209075,201.3702891676544,120.06056987931235,260.0356012965567,297.08330996666234,240.39794184990737,207.53441650684613,129.27261133027662,278.4809632840444,257.4863561797724,259.1540240640238,192.26182967890827,134.663477821709,264.89380358599004,233.77663487670586,204.10214749495452,194.47656312121302,137.42398636798404,194.75625853717762,182.82533605865498,185.9936487083527,196.1308951371023,165.10264173272355
1984-09-30,218.24618401746037,221.530421140966,206.91128441845694,198.89343461089226,116.71087997967953,265.9384094459885,303.94593442689217,240.01330514294753,200.85180829532567,123.8819434378041,283.9113420680833,259.7007388429184,265.3218898367476,190.16617573540816,129.8021262723453,275.78093891337426,240.81331158649473,204.7960947964374,195.19612640476151,134.16703789106282,198.5345299527989,184.41591648236525,185.36127030274432,193.83616366399818,162.09777365318797
1984-10-31,210.12742597201083,216.78967012854935,204.53180464764472,198.13763955937088,114.62175522804326,254.92855929492458,300.3593724006548,239.94130115140467,201.03257492279144,122.69267678080118,275.45078407445436,256.24671901630757,265.13616451386184,191.26913955467353,130.41219626582532,272.4439895525224,240.45209161911498,207.17172949607607,197.75319566066392,134.89153989567455,200.77797014126554,186.42604997202304,186.47343792456078,192.808831996579,165.25868023942516
1984-11-30,200.33548792171513,210.63284349689857,199.35714999005933,196.86955866619093,110.90801035865465,244.96085262649302,292.06945372239676,238.95754181668391,200.99236840780685,119.7235140027058,269.0878709623345,256.8873358138483,265.692950459341,189.03129062188384,127.98652941528097,273.1795883243142,239.75478055341958,204.25060811018142,195.63723646709482,134.5812893539145,199.7740802905592,184.17029476736155,184.5527615139378,192.1147202013913,163.11031739631264
1984-12-31,201.7578698859593,210.401147369052,199.41695713505632,202.14566283844482,111.49582281355552,254.881767157866,301.5325040230024,242.0639898603008,204.20824630233176,121.86656490335423,275.599797439623,261.8452613950556,269.81119119146075,195.7986108261473,131.60854819773343,286.59270611103796,246.8515220578008,208.25392002914097,199.80430960384393,136.55963430741704,207.9648175824721,187.70636442689494,189.62796245557112,197.45550942298996,167.2696304899186
1985-01-31,234.72510582532507,238.38449996913593,221.01381359278292,228.18202421203654,125.06486444996523,289.39275843104105,340.82218929719966,268.0374559723111,231.87846367629768,134.89410069152282,316.1956476024794,291.2504842497204,295.90193337967503,214.59527746545746,145.61169772597228,322.5887499985843,271.2404524371115,229.49581987211337,219.88464271903027,146.8835426610578,230.1130706550054,199.19399392982086,204.87405063699904,209.65825990533077,179.46358655263367
1985-02-28,246.95428383882452,249.5885714676853,230.87102967902104,233.1563923398589,128.20399254765934,300.8816509407534,353.53485695798526,272.9693451622016,237.60586172910223,137.76734503625227,320.7172453631949,297.7453700484892,306.31768143463955,216.5910135458862,145.68450357483525,328.9760072485563,277.7502232956022,232.4792655304508,221.97354682486105,145.70847431976932,238.21305074206157,203.99456918352956,206.12378234588476,211.5451842444787,180.07376274691262
1985-03-31,241.4472033092187,246.69334403866014,230.31693920779136,229.30931186625125,125.08863552875123,295.5861338841961,350.74193158801717,270.5672149247742,231.64195459970176,134.47470548988582,319.9154522497869,291.3140700554418,304.05093059202324,215.443081174093,142.785381953696,328.5154408384083,275.4448964422487,233.66490978465612,219.57623251915254,145.05278618533038,231.82894098217432,199.0375011523698,207.56664882230592,216.22033281628168,184.8637248359805
1985-04-30,236.54582508204157,241.46344514504054,227.6222310190602,229.95137793947674,123.60008076595908,286.8959015480008,349.8300025658883,268.5650175343309,232.91598535000014,134.9722619001984,308.01459742609484,289.42052860008147,304.2029560573192,222.74660162589475,143.15662394677562,319.67837547985516,272.8832589053358,234.71640187868707,221.02543565377894,145.1978389715157,223.367184636325,197.68404614453368,209.8913952891158,217.79874124584055,183.5881651346122
1985-05-31,240.75634076850193,246.12368963633986,229.92121555235266,236.3440262461942,127.87664356046125,299.060287773636,363.473372665958,274.66144343236016,242.09287517279017,142.61169192374962,315.098933166895,301.43148053698485,315.5497263182573,234.1066783088154,151.7173900587928,336.33361884235563,286.3636918952595,248.23606662689946,233.18183461473677,153.35795752171487,238.0870821038588,213.71622228685533,223.13554233185903,233.19711225192145,191.7027620335621
1985-06-30,240.1303742825038,247.05895965695794,234.1287737969607,238.1402408456653,130.16563548019352,300.5854952412816,368.01678982428245,280.34693531141,249.64617287818118,145.77767148445687,321.6214810834497,308.3342614412818,320.53541199408573,244.80535350752825,154.32692916780405,337.30898633699843,292.3200566866808,257.74350797870966,237.3324712708791,156.90052634046646,244.49162461245257,213.43839119788242,228.15609203432584,238.42072756636446,195.0767306453528
1985-07-31,246.66192046298795,253.8530810475243,239.5839742264299,246.1893809862488,132.41750097400086,313.18002749189134,381.59660936879845,286.7668801300413,254.11483937270063,148.19758083109883,334.29336743813764,317.522622432232,325.3754967151964,248.84464184040246,153.53986182904828,348.23779749431714,301.14812239861857,256.68675959599693,235.14901253518698,152.16213044498437,246.59425258411966,215.4660559142623,226.74152426371302,231.9356837765594,190.7070118788969
1985-08-31,244.58996033109887,252.8376687233342,238.09855358622602,246.82947337681304,132.04673197127366,316.84423381354645,380.4136598797552,290.6382330117969,255.28376763381502,144.49264131032135,333.7584980502366,316.7288158761515,323.13040578786155,244.41520721564328,152.0965871278552,352.416651064249,302.5334037616522,255.22364506629978,229.9051895556523,150.747022631846,248.83826028263516,216.62957261619934,224.65550224048684,227.0186472804963,187.08357865319786
1985-09-30,225.46302543320692,238.60290797421047,227.38411867484584,237.59805107252024,124.12392805299723,292.9541785840051,357.9692539468496,275.7284916582917,243.10673191768205,137.19576292415013,311.6636854793109,301.20910389822006,306.586129011523,235.56737671443696,145.37391797680402,332.78704359997033,283.806586068806,242.8197759160776,220.96187768193744,143.14937269120097,238.08844743842533,209.35081897629507,217.2418706665508,218.98218716676672,185.51207659251102
1985-10-31,233.8502499793222,242.9216206085437,233.13693687731947,242.13617384800537,126.07267372342929,311.234519327647,371.71527329840865,282.62170394974896,253.94929216121068,142.9305458143796,323.0082436307578,317.86596734379157,317.9298157849493,242.56372780285577,151.11618773688778,353.8524634598484,300.32412937801047,257.94744795564924,229.18165953170552,148.14528579812387,243.35020212681454,221.9328031967704,228.51672375414478,228.5079123085211,195.14015336766235
1985-11-30,247.43694950312084,254.84907218042315,247.14846678364637,257.1970438613513,132.1871983990156,340.52168759637857,397.2521125740093,304.1857399611148,275.07787326902337,154.0362492241569,350.75465175863997,337.9550964799192,341.933516876713,261.0228274886531,158.00708589768988,388.99001308141135,318.5237716183179,278.22211736496325,245.06394853725268,157.65621314636343,266.5658114097126,244.01511711484903,246.3410282069681,240.27606979240997,205.17035725076016
1985-12-31,256.7405788044382,267.9483144904969,258.49258140901577,268.4622743824785,136.43040746762404,353.49556389380064,415.1284576398397,318.969166923225,287.3738542041487,159.45832519684723,367.06474306541674,352.75752970573967,359.03019272054865,269.11453514080137,163.8533480759044,397.11990435481283,333.271422244246,295.24931094769903,254.35187218681457,162.21247770629333,267.9786102101841,255.84985029491918,259.15076167373047,256.42262168245986,213.6028589337664
1986-01-31,268.52497137156195,279.55047650793534,268.1343546955721,276.70406620602057,139.66380812460673,361.625961863358,421.06479458408944,324.4235396776121,288.8394608605899,162.20100839023303,369.48737036964843,366.26814309346946,368.18546263492266,273.87786241279355,164.7217708207067,408.87465352371527,339.9035235469065,304.22489000050905,258.472372516241,164.3536824120164,260.44841126327793,261.52971697146637,263.11576832733857,258.9612056371162,212.44940349552408
1986-02-28,279.8298726663047,296.46328033666543,286.3138639439319,296.8757926324394,149.23077898114227,378.8755202442402,458.0342835485725,352.42129115179006,310.6468401555644,175.45283077571509,394.16912671034095,393.73825382547966,395.7625537862784,298.9102990373229,176.08757300733544,424.0030157040927,367.94556423952633,329.35386591455114,279.4344819273081,175.33250839713912,274.9553877706426,279.5491144708004,286.90143378413,281.28366156303565,230.7412971364887
1986-03-31,294.1011961722862,314.2510771568654,300.887239618678,306.1680049418348,154.82693319293512,399.1453605773071,488.2187428344235,373.2141473297457,325.4957591150004,180.27778362204725,412.02498815031936,427.1272577498803,416.223477817029,310.71725584929715,184.08194882186848,445.6695698065718,391.494080350856,349.51032250852165,293.2106018863244,183.5205365392855,281.22437061181313,292.4642835593514,304.6893226787461,298.75137694610015,246.1778899149198
1986-04-30,301.0419844019522,320.53609870000275,306.3934761036998,314.3120738732876,155.1056216726824,414.3128842792447,493.6867927541691,380.75307310580655,323.73808201577936,177.73586687297637,420.8423228967362,428.23778862003,422.7165640709747,314.50800637065856,185.40733885338597,447.80878374164337,388.83192060447016,344.8618352191583,289.83867996463164,180.51079974004122,282.51800271662745,294.01434426221596,295.0916090143656,292.9854753710404,242.23904367628109
1986-05-31,310.5850153074941,330.0239672215228,314.6354606108893,325.97305181398656,160.99963529624435,437.182955491459,513.2367897472342,393.27984921098755,337.39982907684526,183.5300561330354,449.0387585308175,453.11840413885375,445.24735693595755,327.2770314293073,192.58260286701199,471.0500596178346,407.7680351379079,361.6566065943313,303.69296886694104,189.5543908070173,296.5026438511006,309.5971045081134,314.65618269201804,309.09967651644763,252.8491137893022
1986-06-30,308.0071596804419,332.1031182150184,316.1771743678826,328.7764200595868,163.8654288045175,428.83276104157216,526.6835936386118,396.22944808007,341.21244714541365,184.96159057087306,447.60183450351894,458.8730078714172,450.6348499548826,338.2735396853321,194.6239784574023,467.8469192124333,412.1719299173972,368.6004134409425,306.48694418051696,190.8623161035857,296.1171904140941,308.0491189855728,321.2324969102812,318.65085652080586,261.67354786054887
1986-07-31,274.92719073076245,302.91125412391835,297.45948564530397,306.9127881256243,150.10073278493806,377.0297635077502,476.4906471648521,367.10658364618484,318.5559406549582,170.44210571105953,391.8754061078308,420.1441260070696,415.66558559838376,317.74033582643244,180.02718007309716,426.1149740186843,380.6819944717081,338.74377995222613,290.36573091662177,182.17808072087257,274.0860714472855,285.7155578591188,303.91806532681704,307.02010025779646,251.7037856870619
1986-08-31,283.01005013824687,305.60716428562114,297.3405018510459,305.25545906974594,150.13075293149504,394.9386772743684,499.17160196989914,378.6704410310397,326.9339618941836,175.57241309296242,422.3633127030201,446.15104740690714,435.0771684458282,329.71914648708895,188.34443579247423,463.442645742721,407.1013248880446,365.23354354449026,308.6878085374606,195.58638746192875,300.7820548062511,304.7442140125361,320.3600326609979,333.6387429501474,269.39856182086237
1986-09-30,264.5294938642194,287.1179308463411,277.478156327396,283.0328616494685,138.45058035342473,369.6626019288088,472.21633546352456,354.4355328050531,305.5851741824934,163.07165728074352,394.9096973773238,422.371196580119,402.96847341452604,308.0895704775359,174.44461643098964,420.2961354240737,377.8307396285942,334.9191594302976,287.26487462496084,185.76795081133992,269.19993905159475,275.5801927315364,290.91894565945216,300.60850739808285,254.2583626465299
1986-10-31,276.0629797966994,295.61662159939283,284.6370927606428,285.5518541181487,139.1012980810858,396.61100560941895,493.70217872711504,370.8104544206466,312.33860653192653,164.9795956709282,423.8960691648193,435.8026006313668,416.1858393425225,316.4079888804294,175.00283920356884,463.33445969149886,396.5333612402096,351.3971820742682,304.472040614996,191.28525895043674,287.6670548705341,295.3668505696607,309.5668500762231,302.80294950208884,269.7681227679682
1986-11-30,275.6212790290246,293.75423688331665,287.22729030476467,280.9544692668465,137.12605964833438,392.486251151081,494.1958809058421,367.88105183072344,313.8690657039329,161.7789915149122,422.3276537089095,434.4516125694096,413.9800543940072,312.8642194049686,175.56284828902028,471.44281273610017,400.4986948526117,362.1147961275334,307.4863138170844,191.43828715759705,296.38336663311134,303.04638868447194,319.13246574357834,308.0717208234252,272.1420822483263
1986-12-31,265.064984042213,287.79102587458533,278.06473974404264,271.2334446302136,131.29820211328015,384.7935206285198,485.54745298998984,357.3228656431817,304.3274461065334,157.78305042449387,412.86751426583,426.023251285563,401.7262447839446,308.04611042613203,171.94625361426645,451.9722245700992,388.20338492063655,351.7945244378987,295.8325825234169,183.51274206927252,288.6181224273238,296.10662638359753,312.52642370268626,297.165981906276,266.8080974362591
1987-01-31,298.25112004429803,321.69280872261146,309.93095891870996,298.2482957153829,144.36237322355151,434.5858021978502,538.5206801111976,395.8780028460809,338.3208218366331,177.67949308302258,463.154777503408,476.67741586341646,453.42841248763824,342.20842407239013,190.31011350027012,517.0562249081935,443.56118761031934,401.5030907409738,331.864991074769,202.87333635758077,325.41693303680756,329.0632939000919,357.21770229217043,339.8687335062078,299.30532370399544
1987-02-28,320.26205270356724,349.229713149267,336.0891318514491,318.8870777788873,157.0518258299017,464.00726100664474,582.1408552002047,425.76679206096,363.6610513921969,194.52350902729313,490.5735403316097,506.46975435487997,477.50546119073186,372.5965321300184,207.15255854504403,555.1632686839274,473.1467188239276,416.47915602561216,351.14634705621313,214.05165719088345,326.36064214261427,344.2002054194961,369.2559388594166,351.5262310654707,314.031145630232
1987-03-31,327.24376545250504,361.76705985132566,349.02856342772986,324.0211597311274,158.63804927078374,485.30519428684966,605.0772048950928,431.77010382901955,371.2252012611546,198.3361698042281,493.76226834376513,511.88898072647714,486.9123187761893,378.8934135230157,210.32199269078325,557.8280523736101,483.9817786849955,426.84948701064985,352.9371934261999,213.40950221931075,335.2050155446791,360.721815279632,378.2288581737004,356.8694297776659,310.7338186011146
1987-04-30,318.1463887729254,354.13377488846265,342.43192357894577,312.19438740094125,153.62508691382698,466.5724137873773,591.4024600644638,422.18480752401535,359.7543425421849,193.29843109120068,481.96135013034916,498.17035604300753,471.4285070391065,367.1477177038022,203.6758177217545,543.7707854537952,473.0437904867146,411.73901517047284,349.2666466145674,207.90353706205255,327.59586169181483,347.1586750251178,368.0166790030105,362.6507145400641,311.6660200569179
1987-05-31,317.128320328852,350.5570237620892,335.9942034156616,309.5095156692932,152.87232398794922,462.55989102880585,580.6389352912905,419.48282475586166,356.94825867035587,195.28940493144006,480.9010351600624,497.27364940213005,476.18993496020147,360.5390587851337,203.5739798128936,543.9339166894313,468.5498744770908,419.4797086556777,354.7501329664161,211.188412947633,333.3287892714216,346.3949259400626,370.92401076713435,367.401438900539,311.54135364889515
1987-06-30,320.17275220400904,354.2378725115911,342.2100961788513,316.1949212077499,155.71574921412505,477.40806353083053,606.2451123376364,428.0402743808812,369.2986684203501,201.53866588924615,495.5204266289283,526.6625220817959,495.90419826755385,372.68922506619276,205.93543797872317,570.3691050405376,493.1018878996904,436.8042206231571,367.6985128196903,214.25064493537366,351.3285438920784,360.3546414554471,389.3218417011842,389.77618652958176,324.5949363667839
1987-07-31,326.7042763489708,360.43703528054397,351.6208738237697,321.6018543604024,160.90108366295544,486.52655754426934,623.3412245055578,438.91249735015566,384.4029839587424,210.56759812108433,517.6701896992414,546.1490353988223,516.5338129154841,390.3174254118236,214.6876940928189,612.9186402765617,517.2638804067751,459.3869988293744,380.64150047094336,223.7419485060107,373.7081721380038,373.4355149402798,402.24732684566345,408.29055538973694,342.38273887968364
1987-08-31,332.5522828956174,367.2853389508743,357.21164571756765,327.77660996412214,162.44573406611983,512.8962969631688,644.5348261387468,457.69795223674225,399.6253421235087,214.189360808767,548.3162649294366,574.7126299501807,537.6600458637274,400.81696415540165,212.9057862318485,652.1454332542618,535.885380101419,481.2538199736527,395.9052246398282,223.04834846564202,390.8240064219244,395.1694619098041,418.9003661770739,426.05119454919054,346.83371448511946
1987-09-30,325.26938790020336,361.1884023242898,353.8181350832508,324.3349555594989,157.96223180589493,503.15126732086856,638.5406522556565,449.734007867823,390.67373445994207,208.32057232260678,533.6762206558205,563.2758486141721,533.4125315014039,390.39572308736126,204.85794751228462,649.4716369779194,524.6853756572993,468.7893460363351,385.45332670933675,222.1561550717795,388.63539198596163,383.9466491915657,407.42249614382206,413.09923823489515,348.3250994574055
1987-10-31,221.18318377213825,256.3354091295485,257.65036596762326,242.79714773184088,109.32566063285987,350.79706357610957,455.53490131918534,325.74234189866417,281.6366951721722,141.11635569133384,375.28111836517303,423.2454726486889,400.05939862605294,292.48447573705107,141.06518265695917,482.4924791108963,405.6342639206581,370.01543082647925,290.7859896695236,159.10823826240846,300.9203840147301,302.7035382226304,332.29378785490127,336.1388501517342,261.4876521626743
1987-11-30,206.14272727563284,240.82711687721078,241.65027824103382,231.04576578161976,103.43300752474873,329.53876152339734,429.97939335517907,308.6408689489843,268.3434431600457,138.83027072913424,360.9453796436234,398.6972352350649,382.73682666554487,276.4563264666607,137.08714450603293,458.0783596678849,388.3542442776381,347.77750343380785,273.71685207592253,153.09394685608942,281.33046701537114,278.0029295036638,314.28346455316563,300.7098153457414,240.12411098098377
1987-12-31,223.64424482133404,251.83291611849933,254.82021840517018,236.49844585406598,103.01927549464973,375.7400958889777,480.75995971042573,325.43093221980905,286.7518033608248,143.38390360904984,417.5416151717436,440.1617476995117,418.2165304974409,291.60613315703364,144.50355902380932,510.8031788656584,431.42272996802814,381.92925427100784,291.6453058868955,165.14244047366364,309.15405020319133,297.2129319323669,330.6262047099302,318.0307007096561,259.5261391482473
1988-01-31,251.89051294226857,269.81378632936014,271.05226631757955,249.41126099769798,104.1833933077393,401.14012637107265,510.4709252205301,346.2585118818768,298.85272946265167,142.76735282353093,450.6526652548628,472.1615067572662,439.42010859366115,301.7831872042141,143.8966440759093,560.7086494408331,475.859271154735,396.13702252988924,295.55335298577995,167.85077649743172,321.9530278816035,324.43763649737167,346.46319991553594,324.9637699851266,254.10204284004894
1988-02-29,272.82261456777104,288.51188172198476,289.59224133370196,268.2168700769244,108.70495257729517,444.1824619306887,547.3269260214524,378.1835466773859,328.64834659007795,152.71823731533104,502.567852292223,517.1112822005579,474.3979492377166,318.56233241276846,150.70295534069982,619.5269867671766,520.0190115178943,425.4115484948481,313.93677154149543,173.59127305364387,342.49363106044984,341.82749381363084,365.8304927908144,327.4009982600151,262.6144612751906
1988-03-31,288.7281729970721,302.44700560915663,302.3922184006516,279.0796533150398,111.20516648657295,459.4623386211044,575.2953319411486,391.7981543577718,345.0807639195819,154.99373905132947,513.5238314721935,528.1257525114299,484.40774596663243,322.9903488333059,153.5663114921731,619.4650340684999,523.8671522031268,426.2198304369883,313.18332328979585,178.83372949986395,327.7664049248505,329.14569379314514,350.7948595371119,320.36187679742477,257.41469494194183
1988-04-30,292.5971305152329,309.52426554041097,305.02303070073725,285.5263933066172,112.27273608484406,472.9245851427028,589.7352447728713,401.2013100623584,353.1211457189082,157.44264012834049,515.7319839475239,535.942013648599,492.1098291275019,326.54324267047224,154.0730803200973,623.6154497967588,531.4632259100721,426.6460502674252,315.0624232295346,178.29722831136434,331.4701653005014,329.343181209421,359.775207941262,320.1376234836666,260.99275920163484
1988-05-31,282.6195683646634,306.1194986194664,300.4476852402262,279.1020494572183,108.47791760517632,458.26392300327905,573.4585520171402,395.14317028041677,344.9287351382295,153.11296752481113,521.0440233821834,530.8505645189373,479.3149735701868,324.5186745659153,154.67396533334565,626.4217193208442,531.4100795874812,427.37134855287985,312.76246753995906,174.92741069627954,331.3044302178511,335.9959134698513,360.92648860667407,322.66671070918756,263.2372969307689
1988-06-30,298.78540767512214,322.06832449754063,314.5687264465168,295.3736989405742,115.09507057909205,498.7744537967689,619.3352361785114,420.7879620316158,363.8998155708321,164.04523340608262,565.7496005883747,569.1248902207527,515.59911706945,344.89844732865475,164.54216432161311,681.4215462772144,580.990640012993,459.25325115492467,329.6829170338708,183.37640463290984,347.77026039967836,347.82296962399005,379.9473145562458,336.8963126514628,274.1616447533958
1988-07-31,298.426865185912,322.5836338167367,316.9594487675103,298.7409591084967,113.39166353452148,503.9617081162553,620.3261725563971,417.9266038898008,360.6247172306946,159.58320305743717,560.3184044227263,559.1082921528675,510.95872501582494,336.93129319536285,159.85271263844714,685.0330804724836,581.6878287810086,448.7363517034769,321.70459044165113,175.1244664244289,355.4212061284713,350.57077108401955,377.4016675487189,327.9348707349339,266.43028637135006
1988-08-31,287.8923968448493,315.71260241644023,310.0180368395018,296.11203866834194,110.53419361345154,484.4583900121562,600.5998002691035,411.0726075860081,353.5925352446961,155.13083169213468,543.004565726064,540.0426993904547,505.54256253065716,333.0902764529357,156.3998940454567,666.8797038399628,568.4835150676798,441.3770755355399,317.6832830611305,170.028344451478,330.9682271468325,337.9151662478864,363.7397271834553,322.58953234195445,262.64697630487694
1988-09-30,293.1320384674256,319.722152467129,316.99344266839057,300.99788730636953,112.02640522723316,494.24444949040173,622.0412131387106,417.52644752510844,363.7406410062188,160.06399213994456,560.3264113727255,555.7579419427168,516.3106191125602,343.64923821649376,158.5894925620931,695.6222190754652,602.4219809172204,460.7976668591037,325.5300601527404,171.67761939265736,344.2069562327058,352.04002019704814,382.9088108060233,332.68658470425765,280.0342061362598
1988-10-31,286.6831336211422,315.50182005456287,316.01076299611856,298.46950505299606,109.15852925341598,484.50783383544075,621.2325595616303,414.144483300155,364.94098512153937,157.56699386256145,556.1239632874301,554.1462439110829,517.291609288874,342.5151957303794,159.20799158308526,706.7521745806725,601.5785901439363,462.96341589334145,328.16685363997766,170.93940562926892,347.9588120556422,358.0247005403979,394.28120248696223,346.19366004325053,283.25459950682676
1988-11-30,271.37425428577325,304.6170072626805,304.06555615486525,290.17205281252274,104.84676734790605,463.1894891466813,608.2487990667922,406.2757381174521,357.1677421384506,151.6582315927154,551.9530335627744,540.9021486816081,503.2730066771455,335.2196220613223,155.59397017414923,692.3344302192269,586.4188096723091,454.39859269931463,323.17871746465,165.16165371899962,343.0177969244521,353.585194253697,389.9441092596056,340.8276583125801,280.1387989122517
1988-12-31,282.7991103912043,312.5675111522364,312.51857861597057,295.85942504764824,106.3565607977159,491.5366858824582,634.646796946291,422.03923675640925,370.1329311780763,156.51129500368228,576.5701388596741,567.2440833224024,520.1326524008299,341.6558388048997,160.26178927937372,715.666100517615,592.6348490548355,463.7592037089205,331.5813641187309,168.6300484470986,361.883775755297,360.0558033085397,399.3027678818362,344.88350744649983,284.032728217132
1989-01-31,299.73877710363746,325.72660337174557,326.5819146536892,309.61688831236387,110.6214588857043,516.7525178682283,661.6192858165084,436.34636688245155,391.0454417896376,163.35083859534322,617.333647677053,600.0307913384373,540.6258789054226,358.49947165798125,168.38706199583794,767.6234594151938,628.2522034830312,493.3470409055497,346.3698929584263,180.72082292075558,392.96959209267703,385.33172070079917,426.4952863745893,369.54267822892456,301.6143540937725
1989-02-28,301.89689629878364,329.50503197085783,331.2846942247023,314.19921825938684,109.21656635785584,517.0108941271624,675.7117766044,443.371543389259,398.70993244871454,162.87712116341672,623.3217840595205,597.2706496982805,543.5993212394025,365.92041072130144,168.9764167128234,771.5383390582114,624.9852920249194,488.6109093128564,346.0927970440595,178.9859030207163,385.8961394350088,379.436145374077,416.9844414884359,358.2346722751195,295.3106140932126
1989-03-31,307.3008507425319,338.63232135645063,334.3325134115696,320.2318432499671,111.64117413100023,517.7347093789404,694.1587081057003,451.48524263328244,409.91368155052345,166.7861720713387,642.8317559005835,605.9908011838753,558.7657423019818,373.5681473053766,173.52188232239834,777.7877996045828,625.4852802585392,493.497018405985,354.2605870542994,181.4559084824022,383.6579418262857,392.374917931333,434.4143911426525,371.84758982157405,299.5630869361549
1989-04-30,312.64788554545197,346.1838221226995,339.748700128837,329.7747521788161,115.36998934697564,541.446959068496,730.4632085396285,472.5696034642567,430.53233973251486,173.35754725094947,663.5309384405823,641.6836593736056,587.0951654366924,392.91897733579515,183.048233661898,810.2993296280545,659.1363883364487,524.4392814600403,374.7722750447433,189.94804499937862,399.0809910877024,406.77507741941287,460.47925461121173,393.0429024414038,315.2302363829158
1989-05-31,318.5881953708155,354.2845235603707,353.2706983939648,337.78827865676135,119.41947597305446,553.0880686884686,751.2814099830078,494.4023191443054,447.4522606840027,182.47615423634943,690.0721759782056,670.3669189476058,611.4009052857714,408.51786073602625,194.34230967883713,835.904788444301,686.4905484524113,543.2666516644557,390.7000967341449,199.4074576403477,403.43097389055833,418.4901996490919,475.1224949078483,412.8915690146947,332.28419217123155
1989-06-30,312.0571373657138,352.65481475199294,353.34135253364354,333.3294733784921,117.36546098631793,542.3028513490434,752.9342290849704,490.1998994315788,441.7248717472474,175.25009852859,698.8360926131287,668.6910016502368,605.6537367760851,405.65823571087407,185.94672190071137,830.5549977982574,686.2846012878757,541.9084850352946,389.6842764826361,195.3993677417767,406.3356769025704,421.25223496677586,473.6971274231248,410.57937622821237,323.01346320965416
1989-07-31,319.6401258037007,359.81370749145844,362.24555461749134,346.8626499976589,120.7925324471184,572.2921990286455,782.9763048254607,505.93531620333243,457.00855230970217,183.4167531200223,729.2354626417999,699.3839186259827,640.9027842564534,425.33266014285147,193.03129200512845,895.7535651254207,740.157942488974,586.8326984447206,419.45615520590945,206.63483138692888,440.4272401946961,463.12470712247335,525.0458960357915,441.08542388196855,343.68632485507203
1989-08-31,325.16989998010473,365.39081995757607,370.3236304854614,355.9504514275975,123.34125488175258,592.322425994648,806.7787844921547,527.8423153949367,475.65450124393794,186.8649880786787,763.7283000247569,722.0439575894645,658.143069152952,435.41304418823705,198.39756192287103,929.9713513132117,771.9847340159997,609.3670740649978,432.9626434035397,212.33795273320814,454.52091188092635,479.5656342253213,534.8117497020572,449.64248110527876,345.71407417171696
1989-09-30,322.73112573025395,367.07161772938093,370.5828570268012,355.20295547959955,123.43992788565797,599.963385289979,808.8764093318342,528.1590207841737,480.5537426067505,188.4159674797317,762.2772162547099,721.6829356106698,651.232566926846,437.9819811489476,196.85006093987263,941.3170017992329,758.4750011707198,598.3375300244213,428.20005432610077,208.34599922182383,459.15702518211174,485.12859558233504,537.6997331504483,446.1802340007681,337.4169363915957
1989-10-31,294.29851355341856,343.2486697387441,350.34903303313786,341.1369184426074,116.67541983752392,538.7671199904012,768.5134765061757,503.2299150031606,458.736602692404,177.24290060818362,689.632197545636,678.887137528957,621.7317316450598,426.0250730635813,189.3107036058755,856.0336814362223,713.4215861011791,583.0200892557962,417.1524929244874,199.99132465302867,432.06676069636717,464.51063027008576,529.4729272332465,446.1356159773681,333.8403168658448
1989-11-30,290.9140806475542,337.51641695410706,341.55527230400605,341.3074869018287,116.75709263141019,537.6895857504204,772.8171519746103,506.0983255186787,461.7642642701739,180.06106272785374,690.3218297431816,690.9034398632195,630.5603222344196,431.5633990134079,193.5323322962865,858.8585925849619,720.9838549138515,590.2495383625679,424.70295304642065,204.91111123949315,412.53734311289134,466.97253661051724,534.5558673346857,461.66113541338046,341.451876090386
1989-12-31,283.11758328619976,332.04865099945056,338.9252967072652,338.06506577626135,115.22757471793872,528.4950938340882,771.5806445314508,506.4525943465417,470.9071967027233,183.53624123850133,690.5289262921045,689.5907233274794,637.0550935534342,438.8999767966357,194.51934719099762,857.3985329775674,726.319135440214,600.2247555608953,440.11967024200567,209.6650490202494,417.5290449645574,468.84042675695935,546.9575634568504,477.4499462445181,349.44184999090106
1990-01-31,266.3570223556567,309.27011354088825,320.0810502103413,318.93058305332494,104.70729714619091,479.55644814505155,713.0176736115137,463.201542789347,436.90769710078666,165.71487221424286,610.9799939832542,625.8725404920203,593.9264637198667,406.86027849048133,174.60056603863944,761.1984175774843,668.722027999805,548.5454041071023,409.13524545696845,196.01585432903119,376.8617159850094,447.55507138219343,509.7097533854389,442.882570136415,322.11549732161257
1990-02-28,276.47858920517166,315.0534646641029,327.6989792053474,317.591074604501,105.40883603707039,501.7599116941675,743.2496229726419,477.6534309243746,442.71856947222716,172.06175182004836,639.879347698662,643.3343843717477,605.1516738841722,411.4577996374238,178.7909796235668,799.1822186146007,680.3577912870016,551.45269474887,418.1771343815675,198.32884141011377,383.34373749995166,446.88373877512015,518.9864708970539,446.91280152465635,333.2929050786725
1990-03-31,285.24296048297566,319.3381917835347,333.43371134144104,323.3394730548425,108.97165469512338,533.119906175053,760.1957143764181,495.3266078685764,457.4168259787051,179.6668812504945,661.3153058465672,659.6750777347902,613.5632821511622,417.58852085202136,187.40870484142275,823.557276282346,704.8506717733337,561.1582621764502,427.9624793260962,202.29541823831605,394.99738711995013,460.73713467714884,530.9750583747758,449.370821933042,345.62474256658334
1990-04-30,273.37685332688386,311.13120025469783,326.8984105991488,313.8656264943356,106.92298758685506,513.5010936278111,738.8342148024407,484.47895515625453,445.06657167728,172.89343982735085,621.3718613734345,630.3855042833655,581.2898535100111,408.27629683702133,181.67399847327522,788.3913805850899,678.3482865146565,532.6514224578865,410.7583876571871,192.6661563301722,375.64251515107253,445.6710303732061,521.5767998415422,446.22522617951074,337.98643575586186
1990-05-31,287.72913812654525,323.1097514645037,337.8168175131604,323.37575497711396,111.87352191212645,546.0570629638142,791.5869777393349,516.0185351369267,474.351952093645,186.89780845336628,692.7674882452422,677.6013785541896,626.804849039845,431.5888733864152,198.60601513098445,866.8363229533064,743.401887191412,581.7086184662579,448.71246267671125,209.7749110122915,408.99957049648776,482.34975617292093,571.0222804665203,483.6189001333538,376.5844867191813
1990-06-30,286.6933132292897,324.20832461948305,341.19498568829204,328.743792509734,114.52492438144387,547.3129942086309,790.08296248163,531.3958874840072,473.26094260382973,188.4864398252199,689.8578647946122,676.3139359349367,631.0671220133158,433.35838776729946,194.0380767829718,846.9857711576756,728.682529825022,574.2627481498898,448.35349270656985,208.05475674199073,421.7603570959781,476.1274443182902,563.7702975045955,484.10251903348706,377.5259479359792
1990-07-31,272.043284923273,308.8084292000576,332.63099154751586,315.4296689130898,109.13080044307786,518.1412116173109,768.2766727171371,513.1690085433058,461.8553538870774,177.1018588597766,647.2246487503053,650.0729552206611,622.5477158661361,421.74438297513586,184.87947955881555,803.7047982515184,710.829807844309,562.777493186892,443.86995777950415,204.4762149260285,408.559257918874,481.12678248363227,563.4320353260927,478.7289810722154,376.01584414423536
1990-08-31,233.84840772004546,266.3781510279697,289.88790913366006,282.49881147856325,94.25627234268636,437.5702532108191,665.3275985730407,448.30444586343185,415.1155920737052,153.77754404794402,567.8101843486427,576.4846966896823,547.2816970179202,375.9007685457386,163.71077914933113,695.6868733665143,621.7628329214172,499.97152494723485,404.54307952024016,192.80062305375228,362.5146295514169,430.2716815751124,504.49704443098335,435.45188118328707,355.6357853916178
1990-09-30,208.0783131892965,238.40844517003288,261.1890061294277,260.4074044209396,87.06451876293939,372.67858465965463,598.6617731960221,410.3330592987992,382.3629718590899,144.01267000089956,488.65744465044196,521.2574627468108,499.722917547063,353.72262320154,155.18144755565098,605.8041293275606,561.8248958277926,452.62422153473176,377.07460442081583,190.834056698604,341.8150442040309,394.9033493496381,475.03441703621394,421.6480565497769,347.38503517053226
1990-10-31,198.50671078258884,222.4827610326747,243.1147269052713,243.48092313357853,78.01851526346998,349.60978026922203,564.1189888826117,385.42584259936206,357.7005601741786,133.97498690183687,470.3816562205154,481.5897698317785,473.687353542861,341.094725553245,150.4173771156925,550.4942123199544,539.2957175050981,434.473990251189,377.4893864856788,187.13187599865108,322.46831270208276,384.7148429364174,474.2268585272524,419.70847548964787,357.7023707150971
1990-11-30,214.96291710646545,228.8902645504157,249.48433275018945,246.646175134315,79.47746149889686,380.6551287571289,609.8690388809914,416.91513393972997,382.13150843407504,144.66619085660346,533.5068744853086,528.4966134133937,516.5086903031357,370.8722950940433,161.21734479259925,647.9316879005863,607.840203199996,481.4840759963676,409.9912226620957,200.38081281935555,379.44846355654084,407.8746764811898,506.23717147784185,448.5844186033357,371.43814175055684
1990-12-31,211.888947391843,231.11050011655476,254.27443193899308,249.4332769133328,75.85328925454716,394.0161237765041,639.691634882272,446.68287450302665,396.30858739697914,149.0640430586442,562.796401894552,552.0147127102897,544.6067630556263,397.09296635719215,169.6328901907729,643.3313729164922,622.0028799345561,509.0731135509595,430.77777765106396,211.14126246775498,379.25873932476264,415.4611454637399,520.6143071478126,460.51676413818444,397.66167455814616
1991-01-31,235.34505386812,245.18512957365294,276.1674605289404,265.1725166865641,81.73950450070001,428.2561249326823,694.3852696647061,481.1667924146603,422.42532330644013,165.14805330467192,619.6951181260912,591.7597720254306,576.5751800469915,426.63668305416724,185.45963884557202,633.8744017346197,672.0741117692878,542.2137732431269,460.0706665313363,227.1668842890576,387.52657984204245,432.20422962592863,533.1611119500749,496.06865832965224,425.06056393520237
1991-02-28,275.49492005802125,273.2343083968789,312.8148825411308,301.05035819425626,92.42285773894152,492.1519387726385,773.3368748255832,533.8545561840656,454.0227374897619,183.08313189355928,702.7342639549872,641.5859448299718,638.211066794015,472.07348979943606,201.11243236413833,697.7689414294695,737.7357524891471,588.4103867234413,494.20790998796156,248.33883790479777,409.8093581829599,461.72377850937954,577.0402714635661,523.7988963302798,459.3629514447732
1991-03-31,300.5374082912954,291.9781819529047,339.1226141628399,322.5152487335067,100.4821309337772,539.5461704764436,840.5398492479264,564.3376513421756,480.40145853791705,191.81619728488207,734.6383995385438,679.8244671418382,659.1443897848586,498.74564197310417,207.7893651186277,725.0517070393616,762.7449944985293,609.0047502587618,512.3453402845197,257.1300327666276,415.91551761988603,467.2182914736412,597.1212729104981,541.7128185847754,473.1897762832609
1991-04-30,309.1928856500847,294.8395681360432,351.0258179199556,329.9653509792507,101.43671117764809,544.6179044789222,849.7017336047287,561.9674332065385,476.46216657790615,188.88140946642338,750.1392697688069,693.6928862715317,674.5024540668459,503.5834747002433,206.75041829303456,750.646032297851,770.8300914402137,614.1203901609352,511.6792913421498,251.39603303593185,408.2626720956801,474.6937841372195,597.5989699288265,545.1256093418594,464.38844644439234
1991-05-31,319.9218787821426,302.32849316669876,362.43415700235414,336.53166146373775,104.13492769497353,568.0909361619637,881.3956082681851,581.5238998821261,495.33006837439126,196.15334373088066,799.0483501577331,719.1514151976969,708.6322782426282,517.4320202545,216.52971307829506,812.0488777398153,814.6903236431617,635.3075436214875,534.4490198068754,264.1669515141572,420.7963361290175,492.3998622855378,618.3356541853567,564.4230559125614,497.87085343303306
1991-06-30,306.0692614308758,291.32373601543094,350.40134298987596,319.6041188921117,98.93859480299434,539.8000075410979,857.4216477232906,563.3803542058038,466.8981224497012,185.46298649754766,755.8198344141997,691.1764251465064,689.7826596413744,489.02500234252796,204.92372045729846,784.1956012333396,791.4716494193317,606.2739888779855,500.08394783329334,248.39618450876202,403.83824378301813,482.6011050260556,579.2568408408422,538.8546914797223,465.6586092159158
1991-07-31,321.86243532070904,301.9861847535957,358.881055490231,324.7497452062747,100.75906494736944,575.3188480373022,885.716562098159,580.9014832216042,478.2904366374739,190.3963019383824,814.6226175316245,726.4264228289783,725.5823796767618,509.6618574413826,213.44854722832207,824.7385138171034,838.0893295701302,634.4657293608119,517.8869363761586,258.7294657843265,433.5203547010699,506.53811983534797,607.8721287783799,563.1570380654578,480.6062505717468
1991-08-31,331.00332848381714,308.26749739647045,363.9053902670943,339.3959587150777,103.78183689579052,590.3346699710758,896.2565891871271,606.8677795216099,491.77822695065066,203.03861638709103,836.5359659432253,754.5391253924596,749.0186905403211,532.6476072119889,227.4294270717772,824.9034615198667,848.7330640556709,654.89552584623,531.5591514964891,264.9389729631503,434.86426780064323,518.7963423353634,612.2488081055843,583.3180600282012,503.2908655987332
1991-09-30,336.5310840694969,309.83966163319246,367.69000632587205,343.4008310279157,105.21402624495244,587.6191304892088,898.0491023655014,609.1131903058399,494.87642978043976,206.24662652600705,835.950390767065,732.0538594557643,762.875536315317,530.3572225009773,226.76988173326907,807.4155081356455,842.028072849631,664.0640632080773,524.2767911209872,262.47504051459305,419.2961270133802,517.7587496506926,601.8405783677892,573.6349802317332,489.65168314100754
1991-10-31,344.1366865694675,314.61119242234366,371.6610583941914,358.78518825796624,109.54884412624449,600.4879894469225,919.2430611813273,612.5242241715526,503.14086615777313,215.83709465946637,859.9421669820797,745.4504450838048,785.4566521902506,537.4640092824905,233.43691625622716,829.4579515077487,864.8470336238561,667.1187578988344,533.8710563985013,271.00547933131736,423.1536513819034,521.5901643981078,608.4006406719982,589.6393961801986,497.68197074452
1991-11-30,333.81258597238343,305.26724000740006,366.3091391533151,348.95447409969796,105.10116105471896,573.0456883291981,874.0163025712061,594.8835265154119,482.2605202122255,201.98035318232863,805.3358393787177,700.4997832452514,760.7147676462577,517.0403769297558,213.99162113208345,783.5059809942195,822.9019524930991,653.7096708650679,510.6476654451665,262.089399061317,407.70854310646394,501.5089430687807,588.0800592735534,570.4761158043422,473.69369975463417
1991-12-31,348.56710227236283,317.2337158156902,377.8112461227292,360.6444489820379,107.31879555297353,638.6594196428913,954.3384007774999,644.6157893321002,515.8258524189963,218.50234607264315,903.586811782921,784.8399571479797,834.7323145382385,556.9041899910399,238.04427934732962,890.0627944094333,923.3782808925065,727.3173798044745,557.5251211330328,291.33857599655994,450.64025269557453,560.8374510338175,653.4157538588452,635.5674406176176,536.0317906423439
1992-01-31,415.2828456472931,356.19001611785694,426.73780249562265,406.1217139986729,118.95215299091586,696.8412927723587,1045.8594534120623,709.4641377389096,548.5807940476026,230.4544244028167,967.6511167383302,820.2362392153535,891.828004852654,591.209488094488,246.28061141274725,896.5602528086222,947.9401431642473,743.5365573741143,567.7835833618806,293.29054445573684,464.24958832698087,546.7043472677653,646.3588637171697,623.74588622213,510.40947104963993
1992-02-29,431.8111029040554,367.8730486465226,439.07052498774607,429.39248821079684,126.00601566327715,695.0991895404278,1070.9600802939517,729.1872407680512,564.050772439745,234.85610390891046,991.8423946567882,827.208247248684,923.9338130273497,610.4237964575589,257.2154705594732,900.0568377945759,961.9696572830779,761.4557884068304,580.6722707041953,307.51513586184006,462.6711397266692,547.7430855275741,659.8031280824868,644.2047512902158,546.9037482296892
1992-03-31,419.2885809198378,360.99382263683265,430.94772027547276,425.2703203239732,122.32664000590947,649.5701926255298,1041.4015820778386,702.5719064800173,541.8835770828629,225.5558021941176,961.4920173802906,808.0170159125146,899.2647802195196,600.5959733345921,247.87854897816436,864.5045927016902,948.9830669097564,745.008343377243,560.9294135002526,296.19857886212435,451.9371692850105,537.0073210512337,647.134908023303,627.9707915577023,540.7784262495167
1992-04-30,382.2653992246161,343.66611915026465,412.33077875957235,414.38340012367945,117.56813370967959,595.0062964449853,1004.8483865469065,687.045067346809,525.8438232012102,217.16512635249643,935.5317329110227,804.2193359377258,876.063748889856,611.8871776332824,242.2269180614622,840.1255631875026,953.6330839376142,754.8424535098227,565.2485699842046,296.287438435783,450.85252007872646,551.7213216480376,663.3132807238856,647.6890744126142,567.0602577652431
1992-05-31,377.63998789399824,346.2779816558067,411.4236510463013,418.1957274048173,118.10894712474409,599.4688436683227,1010.9779617048426,687.045067346809,538.7269968696398,219.57565925500916,935.905945604187,796.7400961135049,879.6556102603043,610.3574596891992,248.76704484912167,871.2102090254401,956.0171666474581,755.5218117179814,566.0964428391808,297.2651869826211,449.40979201447453,563.8040185921296,664.3082506449714,653.7773517120928,567.5706119972318
1992-06-30,357.92718052593153,327.54434284822753,395.2958439252863,397.03502359813353,110.86886866599728,563.6805537013239,974.6838528796386,659.7693781731407,515.992717601741,208.9921124789177,896.785077077932,784.4702986333571,868.4839840099985,592.4739861203057,241.57767725298203,839.1496733333039,944.0669520643648,740.9402407518244,558.7937987265553,289.5660186397712,440.87100596619956,560.2520532749993,655.6722433865867,642.4016257923024,542.1434485797558
1992-07-31,371.0631080512332,339.79450127075125,404.8620033482782,405.88890462437195,111.77799338905845,590.962692500468,1001.7800639896926,680.1562519586907,538.1804044586158,215.0737829520542,930.235160452939,838.3634081494686,896.3623198967194,615.5804715789975,251.50651978807957,891.1769530799688,997.0291080751758,776.2830902356865,577.7369085033856,297.1236917262692,459.12306561320025,589.8333616879193,689.832767267028,666.1062457840384,551.5225302401857
1992-08-31,360.59912840418843,333.47432354711526,393.56635345486126,394.8081375281266,106.94918407465113,580.91632672796,955.0971130077729,666.9612206706921,529.4618819063862,208.98719489451105,868.4675457988637,812.7094878600948,888.4743314816284,601.5452368269964,244.3637346260981,863.1048790579498,967.7164522977657,758.8167207053835,572.8839184719573,291.62690342933325,433.0448754863705,573.0820942159824,684.7969880659787,654.2495546090825,540.767840900502
1992-09-30,366.0081153302512,336.40889759432986,391.519808416896,397.37439042205943,107.43045540298706,584.6341912190189,998.267502515724,680.9674063047767,543.6514603414774,217.24218909284426,875.5021329198346,834.8964568786755,912.6408332979288,618.1478853634216,254.26046587845508,868.2835083322976,990.3610172815336,773.7654101032797,580.2741210202455,289.9354673894431,433.91096523734325,573.8844091478848,699.7940421046237,661.3808747543214,556.1797243661664
1992-10-31,381.6000610433199,346.131114734806,402.0908432441521,402.4607826194617,108.87002350538708,615.8536570301146,1033.6061721047806,691.726691324392,559.3629875453461,226.45325791038084,930.5712170804921,860.4442884591629,917.0215092977587,635.3323965765247,267.1768975450806,911.6108553980793,1017.7940174602321,787.9253171081697,588.630068362937,305.6499697219509,425.62326580130997,576.9833849572834,700.6337949551493,666.3412313149789,567.7482626329826
1992-11-30,420.75222730636455,376.4175872741015,435.58501048639,435.54305895078153,118.48324658091276,667.7701203177533,1102.9611462530115,744.5746105415757,605.5663703165917,247.966317411867,965.9329233295509,924.7194768070624,975.8025880437451,679.2973984196202,289.13883852328627,945.8874235610472,1067.5641449140376,821.8061057438209,615.2361474529416,326.189647687266,444.4783764763081,592.2157463201557,724.4553439836244,690.1296132729237,600.8479863444854
1992-12-31,440.0647545397267,389.7051281048772,461.98146212186526,453.4003243677636,121.3149961741966,697.4858906718932,1146.3075193007548,775.8467441843219,627.9723260183056,253.37198313144575,1000.0303555230839,970.7705067520543,1018.8354821764742,705.6541374783013,293.53374886884023,964.0484620934194,1103.7545694266234,851.1445837188754,632.5858068111146,336.07319401219013,457.6349364200068,602.4610787314945,716.4138896654061,706.8997628754557,617.0708819757865
1993-01-31,471.7054103911331,412.42493707339156,491.3634831128159,476.43306084564597,127.52632397831545,726.7105494910455,1174.7359457794134,805.0185817656525,641.8505144233101,259.27555033840844,1024.9311113756087,996.204694028958,1040.7404450432684,724.3539721214763,294.1208163665779,987.9568639533361,1120.531638881908,868.3377043099966,645.6803330121047,344.57584582069865,457.7722269009327,595.2917918945897,726.0854771758892,714.958420172236,634.287159582911
1993-02-28,451.56358936743175,403.43407344519153,486.74466637155547,463.6170115088981,123.6622763617725,687.39550876358,1145.1325999457722,798.1759238206445,618.4871556983015,251.73063182356077,980.8590735864574,986.64112896628,1030.5411886818445,715.9514660448673,292.85609685620165,956.6386313660154,1141.597633692888,876.1527436487866,642.1290911805381,345.54065818899653,452.50784629157204,602.7924684724615,743.8019628189809,721.5360376378206,640.0591727351156
1993-03-31,458.83376315624736,413.1971780225652,501.88242549571083,483.8770749118369,127.3103135144448,701.2808980406043,1174.9060475443623,832.337853360168,626.5893374379493,259.96222348419116,996.0623892270474,1024.3308200927918,1068.4651044253362,745.8782373255427,305.91747877598823,998.7307311461201,1208.9518940807682,903.3134787018989,666.2731450089265,358.7403113318162,455.72065200024224,616.1141820257028,762.7689128708649,735.317375956703,656.2526698053141
1993-04-30,444.51814974577246,404.27211897727784,490.9413886199043,471.0059447191821,123.69470061063457,670.2141542574054,1150.3505111506852,815.0252260102765,603.6561676877204,251.77341344443914,968.5710672843809,993.600895490008,1032.1372908748747,723.5764780295091,295.9751607157686,966.0722362376421,1185.014646577969,885.6085345193417,649.5496890692025,348.15747214752764,424.8683638598259,590.2373863806233,751.1748253952278,725.7582500692658,646.9338818940786
1993-05-31,467.4997380876289,417.77480775111894,502.4294171136101,485.93683316678016,128.33325188353336,710.0918964357211,1198.8953027212442,843.06209378503,631.4243514013557,267.60996115009436,1024.5544749734183,1032.3513304141181,1062.1724860393335,754.473193641369,309.9747858176245,1006.8404846068706,1244.7393847654987,910.9369386065948,664.684196824515,364.9038465578237,441.438230050359,612.7254308017251,776.489417011047,731.4917402448131,660.325413249286
1993-06-30,470.8657362018599,420.7410088861519,501.97723063820786,485.6938647501968,127.98675210344783,723.0155689508513,1208.9660232641027,862.4525219420857,636.0968916017257,265.2549934919735,1030.0870691382747,1055.4760002153944,1061.6413997963139,761.0371104260489,308.9518690244263,1024.460193087491,1274.9865518153003,921.6859944821528,662.9560179127711,371.4356254112088,455.34353429694534,626.205390279363,772.3740231008884,720.2999166190674,662.7025847369835
1993-07-31,476.8457310516235,424.10693695724115,508.2519460211854,492.6392870161246,129.90655338499954,718.3882693095658,1228.0676864316754,876.3380075453533,647.0377581372754,268.7563594060676,1036.061574139277,1044.1824070130897,1073.0009627741345,765.1467108223496,312.9373481348414,991.0627907928387,1274.8590531601187,922.9763548744279,671.4418549420545,377.8243181682816,435.99143408932514,607.9828134222336,782.1831731942697,724.1175061771485,671.4502588555117
1993-08-31,503.54909199051446,440.6046968048778,524.5668334884655,510.1279817051971,134.94692765633752,766.9513163148924,1313.1727771013905,913.932908069049,671.366377843237,276.8996770960714,1089.6259575222775,1092.6324706984972,1109.2683953159,800.9555768888356,325.0793172424732,1039.4266549835293,1341.789153451025,963.8642073953649,693.6665803406365,402.11842182650213,454.12867774744103,632.606117365834,806.9783797845281,747.4340898760527,701.1955053228108
1993-09-30,517.2959822018555,455.01247039039725,538.8875080427006,524.3095395966016,138.71194693794934,796.9391127828046,1351.9113740258817,937.2381972248098,697.482529941339,286.34195608504746,1121.987848460689,1109.2404842531143,1122.6905428992225,808.3243681962131,333.1412843100865,1053.5628574913053,1347.9613835568996,957.4063172058161,698.2447797708847,402.23905735305,454.491980689639,631.3409051311024,802.4593008577347,743.0989721547716,692.991517910534
1993-10-31,549.9890882770127,472.6669542415447,561.8980046361239,547.2742974309327,144.42687915179283,820.926980077567,1372.8660003232828,959.4507424990379,716.4540547557434,297.85290271966636,1165.2965794112718,1117.7816359818632,1131.3352600795465,817.1351038095518,335.5065874286882,1080.85013550033,1357.9362977952208,965.2570490069037,694.544082438099,401.19323580393205,466.3996705837075,653.0590322676123,802.5395467878203,750.5299618763194,691.5362357229219
1993-11-30,533.7094112640132,459.6686129999022,548.3000729239297,533.264075416701,139.12641268692204,794.9035948091082,1341.4273689158797,929.8996596300675,698.5427033868499,287.9939716396454,1131.2699192924626,1086.1484156835766,1092.5304606588181,806.1854934185037,321.18045614548316,1053.3965420586217,1308.9147974448133,937.5541717004056,676.6248451111961,399.1872696249124,458.6107960849596,627.720341815629,790.9829773140758,749.7043789182553,703.9838879659345
1993-12-31,533.6026693817604,466.1039735819009,550.9319132739646,542.1162590686182,140.36463775983563,819.3866255292287,1401.1208868326364,963.469037342713,720.7563613545517,298.8225449732961,1176.407589072232,1149.145023793224,1134.8113894863143,838.7553873526113,333.2568412965534,1100.483367488642,1363.8892189374956,980.4003973471142,702.607239163466,410.8435378979598,471.7270648529894,629.8545909778022,803.638704951101,762.1494716082983,699.6895862493423
1994-01-31,564.124742070397,485.16762610140063,578.0377634070436,565.2646233308482,144.68786860283856,861.9127913941958,1443.014401348932,991.8913739443232,743.604338009491,301.1832430785852,1253.2270046386486,1174.0814708095372,1164.20300447401,846.8913146099317,343.8544088497838,1145.7132338924253,1401.5325613801706,1002.5574463271589,724.3880635775334,416.92402225884956,485.35997702724075,650.7657633982651,835.3020699261745,777.3162460933034,722.7793425955706
1994-02-28,561.8118306279084,481.38331861780966,574.5695368266013,561.4208238921984,143.4724905065747,853.2936634802537,1421.8020896491028,998.735424424539,736.4657363645998,297.26786091856354,1282.5525165471931,1167.8588390142465,1150.3489887207693,842.741547168343,337.4587168451779,1125.5486809759186,1372.801143871877,986.316015696659,718.6653978752709,412.42124281845395,471.769897670478,633.8458535499102,805.3982558228174,754.5408800827697,702.1801313315967
1994-03-31,536.0246676020874,457.1215993594721,551.4143844924893,533.1252143680316,135.46672553630785,782.2996306786966,1353.1290487190513,949.4977680004092,702.9565453600105,275.0024981357631,1210.6013203688954,1127.5677090682552,1093.5217486779632,801.6157596665279,317.784873653104,1068.2582531142443,1321.7329413198431,936.9015833102563,687.5471861472716,391.6764543046857,447.8983408483518,610.2034032124986,773.0212459387402,725.1137857595415,665.1050203972885
1994-04-30,524.6073421821629,451.68185232709436,543.1983101635511,525.0750236310743,132.79803104324256,778.1534426360996,1351.0993551459726,938.3886441148045,707.5960585593865,276.0750078784926,1183.847031188743,1140.1964674098197,1105.5504879134207,801.6157596665279,315.56037953753224,1070.5015954457842,1348.431946734504,946.2705991433589,694.0101296970561,398.2957863824348,449.3316155390665,620.820942428396,785.2349816245722,726.7815474667885,675.6136797195658
1994-05-31,522.4039913449978,450.1461340291823,541.1341565849297,522.4496485129189,133.18314533326796,769.2824933900481,1332.0488542384144,922.1545205716185,709.6480871292088,269.9461427035901,1175.6784866735404,1131.0748956705413,1091.50999671692,795.4433183170955,310.479857426978,1064.6138366708324,1341.2852574168112,952.7998662774481,680.9627392587513,397.85766101741416,458.99224527315647,632.6165403345356,798.741023308515,730.7788459778559,691.8959694008073
1994-06-30,493.4105698253505,438.17224686400607,536.6968565009332,513.6202494530505,128.24205064140372,735.8956331769201,1281.6974075482021,904.1725074204718,700.3516971878161,260.92994153729023,1120.5391656485513,1097.8212937378273,1082.013859745483,787.2502521384295,302.87310092001707,1016.706214020645,1317.5445083605337,941.0804279222355,663.3258043119497,378.20349256315393,464.1788576447432,616.6746035181053,775.9769041442223,708.7093248293246,667.8871792625994
1994-07-31,499.52886089118476,439.83730140208934,541.4197888381415,515.2638342513003,127.71625823377397,770.1883696829645,1303.6144332172764,915.8363327661957,710.5768319667582,264.50468173635113,1175.66969259846,1139.0993743823697,1104.736150800138,807.7974837192425,307.71907053473734,1057.577803824275,1374.1989222200366,975.9945117981501,678.0516371676749,388.9066514026912,481.7248184637145,642.6366043262175,798.7906251260625,730.5375720340678,678.9741064383584
1994-08-31,523.4562933278725,458.0025819499956,557.229246672215,532.9889101495451,131.7265487423145,826.1040453219478,1371.1416608579316,957.8732204401642,756.0537492126307,281.24782809026215,1263.962486512604,1180.7904114847645,1170.5784253878262,848.5104768986923,330.8287727318961,1127.4836966570595,1444.557907037702,1022.0614527550229,709.7166486234054,406.99081069291634,509.4239955253781,677.5960356015637,822.5147066923066,758.8093760717862,698.6643555250707
1994-09-30,531.5175202451218,459.4681902122356,561.5756347962583,537.732511449876,133.83417352219152,827.6736430080595,1367.5766925397008,964.0036090509814,750.2321353436935,284.2571798508279,1249.1741254204067,1160.7169744895234,1151.3809392114658,842.0617972742623,327.7189822682163,1093.3209406483506,1416.8223952225783,1000.3937499566164,695.2384289914879,404.10117593699664,494.65069965514215,657.4036737406371,798.415025786222,750.9936394982468,686.5075957389346
1994-10-31,524.2888819697881,461.58174388721187,561.4633196692992,542.7871970575048,135.3598831003445,820.9694864996942,1358.1404133611768,959.1835910057265,737.3281426157819,286.3038315457539,1248.1747861200704,1166.172344269624,1163.9309914488708,851.0718585050969,330.4718217192693,1104.254150054834,1431.5573481328931,1004.3953249564428,701.9127179098062,402.48477123324864,507.7589431960034,675.876716972749,818.2157184257203,769.317884302004,688.3611662474297
1994-11-30,499.54244674081406,438.5026566928513,540.4084451817005,524.1695961984324,131.00129486451343,778.1969762530601,1297.2957228425962,920.1448188517935,717.7889468364638,279.7761041865107,1199.4959694613876,1124.5399915791986,1110.6229520405127,807.1565506062338,315.86496719927754,1043.1888955568018,1357.5458332344226,954.6777563710989,680.855336372512,382.3202841944629,475.2115949371396,646.9491934863155,796.9421097466517,742.7764172935848,667.9856757265056
1994-12-31,488.7523298912125,434.0299295945842,531.6538283697569,520.1859072673243,127.9358645646838,803.4883779812847,1299.6308551437128,958.5148577979134,732.0729468785094,284.5882531785187,1231.7624110398988,1157.713921330785,1152.382375037236,823.4611129284797,322.4981315104624,1059.5669612170434,1386.868823232286,967.0885672039232,687.8000608035118,376.8148721020626,484.2881364004389,656.6534313886101,811.9246214098887,750.2041814665207,674.3315396459076
1995-01-31,515.4382071032727,445.79214068659735,538.9906512012595,528.6649375557816,125.86330355873592,805.0150058994492,1305.3492309063452,956.2144221391984,733.5370927722663,274.912252570449,1236.3199319607465,1157.3666071543857,1158.0290486749184,815.802924578245,312.27494074158074,1094.108844152719,1437.766909044911,986.527047404722,680.9220601954765,375.0815236903931,507.63082457494005,687.7788040364303,833.7653937258146,764.7581425869713,665.0931975527586
1995-02-28,538.4267511400787,462.3756083201387,556.7773426909012,543.8904877573881,128.53160559418114,838.5036301448663,1351.1669889111577,985.9526906677274,756.6435111945927,282.8022342192209,1306.1720081165288,1218.2440906907066,1217.088530157339,855.3693664202898,328.20096271940133,1167.4141367109512,1526.7646807147912,1043.153699925753,709.0441412815496,388.7344911527234,533.621522793177,726.1568613016632,879.872619998852,783.9535719659042,676.7988378296872
1995-03-31,551.4566785176686,473.93499852814216,567.9685672789883,544.7063234890243,130.57525812312863,874.9785380561681,1395.7554995452258,996.7981702650724,774.3489693565463,288.68452069098066,1356.9820992322616,1239.685186686863,1241.0651742014388,874.1874924815361,331.3188718652357,1213.9939607657182,1567.0712682856617,1064.7469815142158,730.5281787623807,399.813424150576,534.1017821636908,741.4061553889981,917.2672063488033,803.8659926938383,699.6746385483307
1995-04-30,566.8423198483115,486.3047019897267,581.3158286100445,558.3784522085987,133.78740947295756,890.6406538873736,1433.3013224829922,1014.4414978787643,791.229776888519,300.66492829965637,1375.4370557818204,1257.040779300479,1252.7311868389324,878.645848693192,335.6260171994837,1204.0392102874393,1598.2559865245464,1083.5930030870175,756.8271931978263,400.6930136837073,560.1125389550625,767.5777926742295,933.6862893424469,829.1877714636943,720.5949102409257
1995-05-31,575.8551127338997,496.03079602952124,592.0701714393304,571.6678593711633,137.02506478220315,896.9642025299739,1458.3840956264448,1042.642971519794,812.4347349091313,304.9945032671714,1390.841950806577,1279.4161051720275,1269.2672385052065,893.3192343663683,343.98310502775087,1244.3745238320685,1644.125933337801,1110.3577502632668,776.5803829402896,403.1773103685462,588.0061433950247,791.2191886885958,978.9700743755554,858.8726936820946,746.6083865006232
1995-06-30,604.8206249044148,521.9236035822622,625.818171211372,604.5387612850053,147.30194464086838,950.5129654210135,1528.6782090356394,1089.6661695353364,851.025384817315,326.34411849587343,1467.199173905858,1347.9928084092483,1321.0533418362188,930.7493102863191,358.5335903704247,1343.0534235719515,1739.978475251395,1144.3346974213227,806.0127794537268,411.2408565759171,618.935266537603,823.8174192625659,996.1999476845654,874.1606276296359,766.76681293614
1995-07-31,643.5896269607879,545.9842817074045,656.4832616007292,639.5415555634072,158.1728281553645,1010.5853848356215,1598.5388031885684,1135.6500818897275,893.6617565966625,356.66148710414006,1535.570655409871,1440.3303157852818,1364.5159967826305,977.9383003178355,388.0409048579107,1401.6105528396886,1821.4094678931601,1190.451385727402,846.3940197043585,448.54040226735276,635.3370511008494,846.7195435180653,1022.300386313901,905.1933299104882,814.229678656887
1995-08-31,681.4970559887782,565.4213221361882,685.8937117204418,661.4138767636757,164.3890203018703,1046.1579903818351,1652.729268616661,1161.7700337731912,913.4116814174487,358.6587914319233,1563.9787125349535,1472.017582732558,1394.6718003115266,1006.3963048570845,390.48556255851554,1397.1253990706018,1863.6661675482817,1218.6650835691414,853.4190900679044,453.5640547727472,644.803573162252,857.811569538152,1023.3226867002147,908.4520258981659,817.5680203393803
1995-09-30,692.6054580013953,583.9671415022551,703.6583588540013,685.026352164139,167.75899521805863,1053.2718647164315,1680.8256661831442,1178.8480532696572,935.0595382670422,366.6568824808552,1599.7938250520037,1502.0467414203022,1426.330850178598,1022.2973664738264,393.64849561523954,1446.7233507376084,1888.6392941934287,1259.246630851994,871.7676005043645,464.8577997365886,650.6068053207122,907.3072971005034,1067.5302267656639,954.7830792189723,868.9930488187272
1995-10-31,639.6904010100886,558.9733478459586,686.5594607338492,650.5695266502828,160.09240913659337,969.9580602173619,1574.9336492136063,1121.7918074914057,896.1610614751332,345.3174519204694,1524.2835565095493,1466.7486429969251,1367.5660191512397,1013.914528068741,381.0123789059903,1381.4761276193422,1842.5564954151089,1239.2246094214472,841.1685577266612,471.5517520527955,645.792314961339,921.007637286721,1036.678603212136,965.476649706225,870.3834376968372
1995-11-30,648.5820975841289,561.2092412373424,694.1802707479949,665.4025118579092,163.070127946534,1026.6036109340557,1631.7887539502176,1157.5769661503814,920.6262584534045,366.9343244106908,1627.1726965739435,1533.9257308461845,1408.3194865219468,1068.1589553204187,399.9867953755087,1454.5562147704052,1915.1532213344644,1293.626569775049,875.5723517376815,494.51632237776664,668.2658875219936,983.1756528035745,1092.348244204628,1011.3367905672707,896.9301325465906
1995-12-31,650.8521349256733,566.8213336497158,702.8575241323448,680.3740683747121,163.6571804071415,1062.9453787611214,1680.5792376933293,1181.3072939564643,941.892725023678,378.05243444033476,1598.04630530527,1572.8874444096778,1474.0880065425217,1065.8090056187139,413.62634509781356,1372.6646998788312,1942.348397077414,1313.8071442635396,883.3649456681467,500.6977764074887,658.7765119191813,1025.2555707435677,1123.807873637721,1023.472832054078,901.4147832093234
1996-01-31,665.951904455949,578.2711245894402,703.8415246661302,685.680986108035,164.91734069627654,1068.0475165791747,1690.1585393481814,1191.7027981432811,937.4658292160667,381.45490635029773,1625.5327017565207,1578.0779729762298,1468.6338809183144,1058.4549234799447,402.375708511153,1419.060766734736,1988.964758607272,1331.1493985678185,895.8203914020676,494.83961242352103,688.7508432115042,1064.727910217195,1163.815433939224,1054.074669732495,919.9839277434355
1996-02-29,695.9197401564668,591.9761502422099,714.3287633836554,702.8915788593465,171.893344207729,1120.59545439487,1758.440944337848,1226.7388604086937,964.3710985145677,390.87684253715,1735.0936058549103,1636.1512423817549,1499.328329029507,1076.9778846408437,406.560415879669,1500.6567608219834,2038.6888775724535,1355.6425475014662,910.0639356253604,494.3942567723399,700.8728580520266,1088.57781540606,1185.9279271840694,1054.9179294682808,934.8876673728793
1996-03-31,713.3873256343941,604.4076493972963,732.1155495919085,722.0805189622067,176.1391098096599,1133.8184807567297,1802.4019679462938,1255.444549742257,986.0694482311455,400.96146507460855,1775.6947962319152,1680.6545561745388,1521.068589800435,1103.5792383914725,417.0090185677765,1530.0696333340945,2078.0355729096023,1382.3487056872455,933.0885531966821,503.88662650236887,691.340987182519,1109.6962250249376,1192.213345198145,1073.1680096480823,918.4336444271165
1996-04-30,776.0227328250938,647.9250001539017,765.5000186532995,779.6303363234946,192.34390791214867,1236.7691988094407,1880.4459731583681,1323.740733248236,1050.5583901454622,435.4040549245174,1944.5633713535703,1723.007050990137,1581.6071196744922,1153.9024516621237,446.1579489656641,1623.862901857474,2147.857568159365,1383.8692892635015,966.0265791245249,531.8019456106001,710.1454620338836,1128.8939697178691,1197.4590839170166,1077.675315288604,935.6083535779035
1996-05-31,842.0622673885093,680.0620801615353,805.8418696363285,830.5401972854188,207.88529567145025,1289.8265974383658,1976.5367623867605,1354.8486404795697,1095.6273450827025,462.5297275463149,1973.7318219238737,1767.1160314954845,1589.0406731369621,1182.4038422181782,467.1719883619469,1643.6740292601353,2196.828720713398,1393.0028265726405,974.1412023891709,553.87172635344,731.9469277183239,1155.987424991098,1234.3408237016608,1089.5297437567785,969.8516193188548
1996-06-30,788.9281383162944,653.8796900753161,793.6736574048199,799.7271559661298,192.91755438310582,1210.3732790361623,1962.8986587262918,1342.7904875793015,1067.0314713760438,440.2820476513371,1921.4279286428912,1738.6654633884075,1562.1858857609475,1177.4377460808616,430.498987275534,1581.8718857599542,2175.958847866621,1378.0976963283133,952.7100959366092,522.3010379512939,716.6492369290108,1158.6461960685774,1241.8703027262409,1102.4951477074844,972.5672038529474
1996-07-31,692.2055485587167,597.8422006358616,739.4657466040707,752.3033356173382,177.50344178789567,1047.093923694184,1789.9672868925056,1243.9611076934648,987.0041110228407,394.4046582860678,1691.0487199986087,1600.441559049029,1465.7990166094971,1106.9092250906183,389.9459826741787,1442.1925982473501,2082.610213293143,1308.779382202999,905.0745911397787,482.03162792524915,664.5488374042718,1091.2129874573861,1195.3001663740067,1063.9078175377224,920.5348584468147
1996-08-31,738.1679969830155,623.9679048036487,762.2412915994761,774.120132350241,182.63329125556584,1153.7927945186216,1841.3393480263203,1310.5130269550652,1026.2868746415497,417.5956521932886,1836.817119662489,1690.8665071352991,1540.4081865549203,1155.2811582270783,412.32888207967653,1541.5596682665926,2198.8198631949003,1356.9424634680693,952.5004997155031,505.07273974007603,695.3174485760896,1109.654486945416,1225.780320616544,1086.569054051276,933.2382394933808
1996-09-30,761.272655288584,636.9464372235645,780.8399791145033,802.6077532207298,185.53716058652932,1207.6749180226411,1889.950706814215,1387.9643468481095,1064.9778898155364,443.44482306405314,1941.3320137712844,1767.631846559242,1596.325003726864,1195.1383581859125,432.32683286054083,1669.2008087990662,2288.751595599572,1404.4354496894516,999.7445245013921,532.1446385901442,726.3981385274408,1187.6631973776787,1297.6110474046736,1145.8957244024755,974.2073982071402
1996-10-31,726.6347494729534,637.5833836607881,778.8097951688055,798.5947144546261,176.53860829808266,1151.6388018263906,1882.0129138455954,1376.4442427692704,1049.8552037801558,437.3252845057692,1897.2637770586762,1744.4758693693161,1600.6350812369262,1161.913511828344,418.924701041864,1656.6818027330733,2322.853994374005,1411.4576269378988,1012.7412033199101,517.8299478120692,722.112389510129,1193.4827470448292,1338.3560342931805,1179.1267004101474,999.4393698207052
1996-11-30,735.2817029916815,650.7813597025663,798.2021590685088,818.24014443021,181.62292021706745,1173.7502668214572,1945.8131516249612,1414.7093927182561,1090.2746291256917,452.3692742927676,1969.359800586906,1799.4268592544497,1683.708041953123,1223.1463539016977,433.2100333473916,1760.3900835841634,2494.7451899576818,1484.4299862505884,1061.0489587182701,546.4141609312954,810.5711572251197,1278.69741518383,1409.288904110719,1274.0463997931643,1073.1979953134733
1996-12-31,738.0022452927508,659.3716736506402,808.7384275682132,842.3782286909011,181.33232354472014,1192.4128960639184,2015.0840998228098,1463.9412795848514,1114.260670966457,461.1904751414766,2001.2634293564138,1825.3386060277137,1698.8614143307007,1240.2704028563214,439.57822083759817,1773.9450872277616,2449.091352981456,1470.7732303770829,1055.3192943411914,543.7913729588251,799.385275255413,1270.1301425020984,1384.203561617548,1234.1687474796381,1060.6415787683056
1997-01-31,802.5774417558665,700.7802147559004,848.3666105190556,882.3911945537191,186.55469446280804,1230.2123848691447,2108.1809852346237,1530.9897901898378,1154.9311854567327,460.9598799039059,2030.081622739146,1871.154605039009,1752.035776599252,1260.3627833825938,450.04018249353305,1881.6235540224866,2552.93282634787,1519.7499789486399,1057.2188690710054,539.3866628378587,853.9033510278323,1349.5132764084794,1452.1679564929696,1343.14584788209,1082.4907952909327
1997-02-28,784.037902851306,690.408667577513,857.953153217921,879.6557818506026,178.30897696755196,1178.1744009891797,2097.6400803084507,1526.2437218402492,1118.6663462333913,436.7133902209605,1966.9460842719586,1850.9461353045879,1749.057315779033,1243.3478858069288,420.56255054020664,1856.2216360431833,2614.7138007454887,1516.4065289949529,1064.7251230414097,513.0645936913712,847.3282952249178,1381.4967410593604,1473.0791750664685,1367.3224731439677,1061.923470180405
1997-03-31,721.0796592523461,654.5764577302401,828.1821788012593,855.6411790060811,167.84224001955664,1102.4177870055755,1992.758076293028,1464.2782267335353,1063.7398286333316,412.6068110807634,1845.1921216555245,1738.9638941186604,1698.1597478898632,1176.9531087048388,396.800766434685,1785.499591709938,2497.3131510920157,1477.7381625055816,1021.3908105336245,480.1258467763852,819.7053928005855,1359.1164938541988,1401.045603405718,1291.1626113898487,999.8009471748513
1997-04-30,687.6215630630372,627.5424500259811,797.2081653140922,823.2979424396511,161.22925576278612,1090.6219166846158,1933.573161427125,1452.8568565650137,1050.7622027240052,408.10939683998305,1832.275776803936,1801.9143870857558,1718.1980329149635,1196.019749065857,391.8407568542514,1829.7799815843443,2596.9559458205877,1499.0175920456618,1029.45979793684,481.5662243167142,870.609097693502,1480.213773456608,1494.7755542735606,1313.241492044615,1026.2956722749848
1997-05-31,781.2756199522229,680.9463125231921,860.1876103739054,901.7582363541499,177.78750032962427,1306.2378696131643,2175.8498785539437,1608.7483972744394,1178.009505473882,469.3258063659805,2158.054409919676,1986.7908032007545,1884.3477826978403,1299.116651435334,435.0607923352753,2016.4175397059478,2808.348159810383,1569.9211241494215,1109.5517702163263,525.3405941071035,979.1740521758817,1555.5566545255492,1592.832830633906,1389.0155261355894,1087.5655239098014
1997-06-30,815.1048542961541,718.6026436057246,908.7021915989936,962.9876206025967,183.99228409112817,1409.8225326734882,2350.35303881397,1740.826640690671,1278.1403134391621,495.8427144256584,2259.914578067884,2077.388463826709,2002.1195191164554,1358.3563707407852,457.8579778536438,2107.962896008598,2880.803542333491,1645.120345996179,1156.2638997424338,535.2695313357277,1012.172217734209,1637.378934553593,1674.5451548454253,1445.6873596019213,1109.7518605975613
1997-07-31,868.2496907962634,760.6408982566594,951.6838052616259,1018.0705125010652,191.5359677388644,1518.2378854360793,2528.274763852188,1834.8312792879672,1333.100346917046,505.4620630855162,2502.8553952101815,2241.2944136226365,2103.426766783748,1429.5342445676024,469.7164994800532,2319.3915744782603,3093.406843757703,1758.4691378353157,1237.4336255043524,547.1525149313809,1143.3497371525623,1769.0242008917019,1826.4264003899054,1538.5004880883648,1186.768639723032
1997-08-31,903.413803273512,788.4042910430276,988.8946420473555,1054.0084015923528,201.05530533548594,1564.9996123075105,2592.240115377648,1889.5092514107484,1367.8942659715808,528.1067635117472,2526.1319503856366,2263.034969434776,2118.781782181269,1451.8349787828572,487.37783986050323,2350.471421576269,3065.256841479508,1753.017883508026,1222.7081653608507,559.7370227748027,1103.2181613785074,1633.5169471033976,1747.1594946129833,1442.9596077780773,1131.7025748398833
1997-09-30,1006.3126354663652,872.132826751797,1078.2907176884364,1155.0878073050596,217.48152378139517,1736.6800697776443,2825.023277738562,2048.7948813046746,1472.5381773184067,569.3519017420148,2751.9681467501123,2427.5576117126843,2267.096506933958,1538.2191600204371,519.5935150752825,2499.2562625620467,3238.4438530231,1858.1989565185077,1275.8959705540478,580.7831348311353,1169.3009292450802,1713.2325741220432,1825.6069559211064,1517.9935073825372,1194.851578515949
1997-10-31,972.3998996511486,865.8534703991841,1065.2434000044063,1139.7251394679022,207.49912183982912,1641.5100019538297,2769.9353238226595,2016.8336811563217,1427.7730167279274,539.8025380416042,2613.8193457832563,2329.484284199492,2182.0803879239347,1474.8445306275953,485.4562211348364,2359.047986232316,3097.247701031293,1779.411320762123,1218.0978830879494,558.7133757075521,1116.2146670573534,1619.5187523175673,1777.7760536759733,1503.1171710101883,1159.7229421075801
1997-11-30,925.0440245381377,844.8132310684839,1057.0410258243724,1134.7103488542436,203.70188791016025,1596.8609299006855,2745.836886505402,1987.5895927795555,1435.05465911324,533.9186903769506,2525.7336338303608,2319.933398634274,2191.463333592008,1486.053349060365,477.7374672187925,2405.757136359716,3153.30788441996,1826.7436618943955,1242.703460326326,565.6972929038965,1133.6276158634482,1722.034289339269,1849.2426510337473,1588.494226323567,1212.7222805618965
1997-12-31,868.5238346388575,835.0133975880894,1064.440313005143,1132.440928156535,200.25932600447854,1578.6567152998177,2785.37693767108,2021.7761337753639,1477.2452660911692,542.7283487681703,2478.5024148777334,2327.821172189631,2264.6582089339813,1553.3715657727994,485.8112304147901,2349.4624193688983,3154.8845383621697,1870.7681841460503,1283.5884041710622,587.5332084099869,1090.3230409374644,1769.218028867165,1863.296895181604,1642.820728863833,1240.1298041025952
1998-01-31,894.3189925276316,830.1703198820784,1053.5830218124906,1114.8880937701088,193.51058671812763,1581.3404317158274,2775.906656082999,1972.2426184978676,1463.3591605899123,531.0596892696547,2563.019347225064,2319.2082338525292,2242.6910243073216,1503.6636756680698,463.2210082005024,2349.6973656108353,3182.016545392084,1842.519584565445,1268.3137021614264,576.2525708085152,1183.32759632943,1798.4101263434732,1896.6499096053547,1611.7714170883066,1232.5650122975694
1998-02-28,967.2954223178863,879.2333857871091,1122.1712765324837,1183.8996667744786,204.09561581160918,1738.2094025420377,3014.3570378405284,2110.8912745782677,1566.6723173275602,573.7037823180079,2849.564910244826,2511.934438085674,2419.4150770227384,1602.304012791895,498.88902583194107,2577.618010075086,3442.6237004596956,1996.185717918203,1381.5741157644418,616.4173749938687,1275.0354850449608,1937.9667521477263,2051.0372122472304,1700.7411993115809,1323.65156670636
1998-03-31,1008.4054777663963,918.1834247774781,1185.0128680183027,1239.6613410795562,212.953365537833,1861.2746282420137,3172.610782327156,2203.1372232773383,1676.026045077024,598.2583042012186,3018.829065913368,2648.332478073726,2531.433995088891,1697.3206407504542,513.755918801733,2697.9927711455925,3608.902425191899,2101.9835609678676,1440.152858272854,630.656616356227,1379.8434019156566,2063.546997686899,2142.923679355906,1766.0496613651458,1403.4677561787537
1998-04-30,1041.9853801760175,943.9843790137252,1214.2826858583549,1262.47110975542,218.93735510944614,1881.3763942270275,3201.4815404463334,2241.9124384070196,1710.0493737920874,604.0614097519705,3073.7717549129916,2698.121128661512,2561.8112030299576,1699.0179613912044,507.5908477761121,2728.480089459538,3643.9087787162607,2097.1489987776417,1422.7270086877525,642.7021577286309,1431.3115608071107,2084.3888223635367,2174.2103650745025,1773.2904649767427,1414.5551514525657
1998-05-31,966.4414401132562,902.4490663371213,1166.0756632297782,1201.2412609322823,206.47981960371865,1742.530816333073,3144.8153171804333,2145.2860123116766,1631.9001174097891,566.790820770274,2899.796273584916,2534.075364038892,2418.6059567805833,1616.2757866714528,465.2070119868068,2620.1594299079943,3538.9642058892323,2032.55680961529,1365.533382938505,602.9188941652287,1409.8418873950043,2073.966878251719,2157.2515242269214,1733.5687585612636,1359.2460450307703
1998-06-30,924.4978816123408,869.4194305091827,1113.602258384438,1161.8405475737036,200.98745640225974,1751.5919765780052,3143.5573910535613,2116.110122544238,1639.733237973356,570.4182820232037,2927.6343178113316,2559.922932752089,2399.9826909133726,1630.1757584368272,470.5568926246551,2605.2245211575187,3517.7304206538965,2044.955406153943,1379.18871676789,618.8962448606072,1458.4814325101318,2243.409972204885,2238.7956318426995,1777.4280481528638,1442.024129173144
1998-07-31,854.7907413387703,827.0787042433856,1063.156076079623,1110.1386432066738,183.6824364060252,1607.7862753009508,2902.7608948988586,1980.6790747014065,1487.238046841834,526.7812834484286,2678.7854007973683,2374.072527834287,2216.1440167894084,1522.7471759558402,430.1831112374597,2414.522086208788,3295.4098580685704,1935.5502919247074,1317.4010622566886,588.6941081114096,1317.300429843151,2157.487370269438,2221.5569054775106,1801.778812412558,1434.8140085272782
1998-08-31,639.0415582248647,651.4898953325148,838.2985659887828,903.0977862486291,144.17234433508918,1217.41576765788,2329.465618156334,1639.6061380378242,1219.2377508009354,407.4653227473595,1964.3533344047103,1887.6250668810417,1852.2531692325877,1265.2506285017078,348.1041736133524,1796.1629799307175,2671.918312921997,1663.6054759092858,1118.2100216434771,482.1404745432444,1120.759205710553,1886.0754590895426,1905.8736692091563,1577.6375281484359,1191.7565154827575
1998-09-30,715.2792161210912,683.7386451514743,839.3883541245682,884.6745914091571,141.50515596489,1373.9754353786834,2488.335173314596,1731.5880423817462,1282.0284949671836,414.2292471049656,2152.538383840682,2056.5675103668946,1958.942951780385,1324.7174080412879,360.5663030287104,2062.35433355645,2836.5084809979917,1784.3832334603,1140.1269380676895,513.142107056375,1084.8949111278152,1995.467835716736,2080.642284675636,1720.2559606930545,1253.9662055909573
1998-10-31,778.1522592181351,700.4218680931702,860.3730629776824,884.2322541134525,142.94850855573188,1555.4775903922073,2694.3693256650445,1779.033554743006,1310.3613247059584,421.5611047787236,2435.1666736389634,2236.928481026071,2027.7018493878763,1363.5316280968977,365.97479757414106,2380.1631363574993,3126.9669494521863,1884.8440095041149,1200.8957038666972,540.9544092588305,1266.723298232837,2254.2800140091967,2226.7033730598655,1804.2044515748757,1313.4042037359688
1998-11-30,867.4063233504553,749.1712301124549,914.9207151704672,937.2861893602596,154.09849222307898,1693.9150959371136,2849.295561890785,1903.9217102859652,1392.914088162434,450.0586354617653,2593.6960240928597,2368.459875710404,2137.806059809638,1460.6150800173968,389.9095493354899,2562.9596652297555,3253.609110905,1953.0753626481637,1268.3860424240058,567.6234616352908,1325.3725869410173,2393.3690908735643,2387.694026932094,1926.1686725013374,1382.7519456932282
1998-12-31,875.4732021576147,765.8777485439626,930.9318276859506,943.5660068289733,155.300460462419,1774.3760629941266,3013.9848453680725,1979.6977943553468,1459.0775073501495,478.50234122294876,2757.0988736107097,2488.0670994337793,2349.662640336773,1543.431955054383,422.5449786148704,2729.2957475031662,3395.466468140458,2039.205986140948,1332.439537566418,614.9064959895105,1418.2812052855827,2551.092113962132,2494.1851805332653,2061.578330178181,1518.8147371494417
1999-01-31,958.5556090423722,808.1542002635892,955.4153347540911,996.6887730134445,163.39161445251105,1843.5767294508973,3071.5519559146023,1966.4338191331658,1463.3088321214648,470.7984535292593,2837.6061607201423,2515.4358375275506,2298.6749610414654,1498.3637419667953,438.93972378512734,2726.5664517556634,3382.2241489147104,2004.5394843765519,1292.0666195781555,637.4735643923254,1455.2983447435365,2524.8158651883223,2495.432273123532,2134.764360899507,1677.8346401289884
1999-02-28,904.1096504487655,770.494214531306,916.6254721630751,949.7447318045113,151.56206156614925,1723.0068113448087,2841.185559221007,1809.1191136025127,1328.0990960334414,428.37951286627305,2622.515613737555,2330.8028470530285,2140.066388729604,1391.380570790366,394.3873418209369,2678.306225559588,3286.507205500424,1899.9025232920958,1242.9680880341855,590.746752122368,1411.3483347322817,2566.222845377411,2440.7823063421265,2115.551481651412,1567.6009042725138
1999-03-31,892.8082798181559,745.4531525590386,872.1691367631659,919.5428493331278,147.30316763614044,1756.0885421226292,2797.715420164926,1760.4538094466052,1304.8573618528562,446.2429385527967,2628.8096512105253,2426.3657637822025,2195.9221214754466,1423.1040478043863,410.8727327090521,2769.100806606058,3407.1220199422896,1965.449160345673,1297.410090290083,601.0257456092972,1491.5129201450752,2698.1266996298095,2526.941921756003,2214.5592909926977,1624.3480570071788
1999-04-30,1005.7485272151528,795.6221497262618,913.771604586769,969.1981631971167,172.3447061342843,1991.2287979128494,3001.9486458369656,1870.482172537018,1437.1698983447357,485.95856008399556,2870.6601391218937,2633.092126856446,2329.6537786733015,1475.0473455492463,439.2640385392475,3023.0273505718337,3747.834221936519,2140.9637703645417,1397.0511852243612,675.7933483630939,1552.963252455052,2953.36948541479,2614.374112248761,2304.0274863488025,1643.5153640798635
1999-05-31,1054.7284804905307,825.9353536308323,944.9312163031777,984.8991734409101,174.36113919605543,2094.5735725245263,3118.7244481600237,1910.3234428120568,1478.1292404475607,501.46063815067504,2903.6727307217957,2733.6762461023623,2350.387697303494,1507.055872947665,444.2277221747411,3083.7902003183276,3791.3090989109824,2170.0808776414997,1405.57319745423,646.2611790396267,1523.9228396341425,2835.5300429467393,2549.5376342649915,2275.6879482667123,1515.8142202908582
1999-06-30,1070.3384620017903,854.6779039371852,975.5469877114006,1027.0528580641808,180.16736513128407,2280.781163121957,3396.290924046266,2028.9545286106859,1605.2483551260511,538.3179950547496,3237.0143602086578,2911.0918344744055,2479.894059424916,1600.79474824501,475.63462213249517,3367.807277767646,3959.264091992739,2230.8431422154617,1429.8896137701884,674.3735403278505,1623.8921779141422,3023.242131789814,2624.2390869489564,2295.4864334166327,1613.4326560775896
1999-07-31,1099.87980355304,866.04512005955,975.0592142175449,1045.745220080949,181.8789551000313,2248.8502268382495,3380.6679857956524,2017.3894877976047,1560.7829756890596,524.2140635843151,3156.736404075483,2874.994295726923,2419.384644374948,1567.9784559059872,455.8006583895701,3280.581069273464,3918.483671845214,2217.458083362169,1397.145141614851,652.9958990994577,1537.988281702484,2977.893499812966,2511.3968062101508,2239.93566172795,1537.7626645075507
1999-08-31,1034.7669191827,820.4045422324118,957.9956779687379,1023.6799959372411,177.49567228212052,2113.244558159903,3159.5722995246165,1938.106080927159,1512.086546847561,513.153146842686,2925.34762565675,2767.1820096371634,2285.1087966121386,1531.9149514201495,453.5672351634612,3126.721817124538,3769.1894439479115,2143.838474994545,1350.759922913238,654.889587206846,1510.6120902881798,2976.1067637130786,2454.6392383898014,2215.07237588277,1633.5652785063712
1999-09-30,1010.1394665061516,801.6172782152895,929.7348054686602,1002.8992920197151,178.9156376603775,2100.9877397225755,3110.2829716520328,1927.6403080901523,1552.912883612445,518.48993956985,2962.49954050259,2790.1496203171514,2220.6687285476764,1526.2468660998948,468.98852115901894,3113.2769133109027,3605.983541024967,2064.5164514197468,1324.555180408721,652.0080730231359,1504.2675195089694,2856.764882488184,2433.529340939649,2120.2672781949877,1592.23607696016
1999-10-31,1007.1090481066332,761.1356056654174,907.2352231763185,971.3079643210941,178.18208354596996,2113.1734686129666,3100.3300661427465,1934.00152110685,1523.5628301121699,521.652728201226,2969.6095393997966,2806.8905180390543,2214.4508561077428,1527.1626142195548,491.1247793577246,3251.817735953238,3709.4752686523834,2141.7293667028457,1379.9215869498057,712.2536189704737,1601.7440547731508,3057.3097772388546,2564.2098665481085,2288.19244662803,1739.836361294367
1999-11-30,1168.7500503277479,819.514706619955,971.5582004995194,1041.5335301415093,201.34575440694604,2299.5553685446303,3385.2503992212646,2024.3193921425398,1650.3232575775023,599.483315248849,3155.5070965662235,2930.6743898845766,2330.93097113901,1587.180104958383,558.4088741297329,3409.8560779205654,3854.8866991835566,2217.5465862841265,1416.2135246865857,772.6527258591698,1758.07427451901,3230.353510630574,2691.9075179022043,2395.9663108642103,1752.8851340040749
1999-12-31,1218.6556774767428,835.9050007523541,972.432602879969,1086.21531858458,239.01754505648566,2470.182376890642,3452.9554072056903,2055.291478842321,1712.0453474109008,724.8352764673832,3353.988492940239,2926.864513177727,2412.2804620317615,1704.155278693816,673.4411022004579,3528.860055039993,3912.70999967131,2325.319350377535,1561.5170323194293,897.4361410854258,1735.043501522811,3328.556257353743,2862.305263785414,2540.6826760404088,2047.3698365167593
2000-01-31,1321.388351088032,857.136987771464,1015.4141239272636,1165.7262799049713,267.93866800832046,2438.8110607041303,3328.6490125462856,2031.6556268356344,1671.2986681425214,740.4917184390787,3346.2743194064765,2855.741705507508,2340.153276217012,1603.7805327787503,667.1107558397736,3326.303487880697,3755.419057684523,2267.4188985531346,1510.2992736593521,851.3976670477433,1758.293084443217,3167.121278872087,2742.374673232805,2494.1881830688694,1878.4618250041267
2000-02-29,1409.392815270495,913.7937426631577,1046.8919617690087,1236.485865095203,340.3089022373678,2561.483257057548,3469.783730678248,2254.934580224871,1803.1641330589664,969.6739052959736,3605.6105791604778,2885.1558450742355,2411.2939358140093,1732.0829754010504,841.4267963407063,3496.942856808976,3899.2516075938406,2288.732636199534,1600.0110505147172,1042.5364432999618,1753.0182051898873,3190.5579763357405,2633.776636172786,2470.992232966329,2081.523548287073
2000-03-31,1386.5606516631128,929.5109950369641,1061.443760037598,1235.4966764031267,330.1336660604705,2731.309597000464,3644.660830704432,2287.405638180109,1822.638305696003,894.2332754639468,3949.9463894703035,3172.517367243629,2732.719417458017,1831.3313298915305,784.2097741895383,3902.5882281988174,4397.575963044333,2475.7220925770366,1754.572117994439,922.5404986761362,1973.5478954027749,3530.9905124107645,2871.6066664191885,2743.048477815922,2062.1653792880034
2000-04-30,1208.5262639895693,869.1857314590651,987.3549855869736,1098.6036446576604,271.3038467684946,2324.344467047395,3546.6194543584825,2178.0676486751,1697.0585264335486,807.6714943990368,3101.8928996510294,3015.477757565069,2596.9032624103534,1708.2658645228196,716.4540496995621,3201.29312359149,4328.534020424537,2445.270710838339,1716.1469886103607,871.3395009996106,1756.65498169801,3436.359966678156,2854.3770264206737,2534.8510983496935,1960.7068426270334
2000-05-31,1032.685692579087,835.2874879321614,960.9926074718014,1075.5329681198496,262.9748186727019,2028.920285285671,3377.800368331019,2136.684363350273,1712.501759024094,779.6452935433903,2763.476384299102,2910.539131601805,2571.9729910912138,1700.7494947189193,701.0502876310215,2911.2559665941008,4309.055617332626,2494.6651791972736,1715.9753739114997,834.6561080075269,1537.600105480268,3387.907291147994,2816.1283742666365,2572.620379715104,1931.1001693033652
2000-06-30,1176.9518838323852,881.9800585075693,1008.1773444986668,1095.3227747332546,272.3104247355828,2622.5823607602583,3699.7047434329643,2294.5853378018583,1809.9431091125648,878.1924586472747,3357.900154561839,3032.4907212159205,2688.9977621858643,1787.3176440001125,768.6315353586521,3459.4454651037695,4431.00189130314,2506.88903857534,1725.4132384680129,850.2641772272675,1716.1154777265274,3669.781177771507,2908.4973849425824,2575.450262132791,1859.6494630391408
2000-07-31,1192.9584294525057,887.9775229054208,1012.9157780178105,1091.1605481892682,255.23656110466177,2612.3542895532937,3767.0393697634445,2295.9620890045394,1828.9475117582465,805.7415808088747,3379.7265055664907,3115.8842160493587,2659.956586354257,1824.8513145241147,703.9896232349894,3554.580215394123,4460.246503785741,2455.4978132845454,1707.296399464099,786.0692318466088,1749.4081179944221,3700.607339664787,2910.824182850536,2480.4161474600905,1788.6108535510455
2000-08-31,1299.1317296737786,942.1441518026514,1051.7104523158926,1138.8442641451393,266.9008719471448,2826.044870438753,4005.8696658064464,2354.5091222741553,1942.7080469896098,870.6037780639891,3783.6038229816863,3397.248560758616,2781.250606692011,1932.1525718181326,745.5954099681773,4008.1446508784134,4911.177425318479,2684.8413090453223,1804.1001053137134,844.1597480800732,1912.802836215101,3937.0761486693673,3081.6895623838623,2620.3116181768396,1964.0735782844033
2000-09-30,1201.566936775278,920.2864074808298,1036.4606507573121,1102.0595944132513,251.63414207176817,2613.5262961817593,3809.1814652153494,2351.9191622396534,1849.0695191247105,832.7325137182056,3474.8617510263807,3288.196881958264,2745.094348805015,1839.602463628044,724.1968217020906,3626.5692801147884,4701.4701492573795,2629.5335780789883,1792.7342746502368,788.5296206815965,1879.7113471485798,3827.2317241214923,3033.9233741669127,2394.702787851814,1833.8555000441474
2000-10-31,1065.3092461449614,837.460630807555,988.9907529526273,1057.6465927583972,228.48380100116552,2279.7789881593485,3678.526540958463,2245.377224190197,1748.849951188151,783.1016559006006,3092.626958413479,3271.4270778602768,2588.349461488249,1764.362722865657,680.6001730356247,3399.183386251591,4654.925594779732,2576.154046443985,1807.2554222749038,768.1067035059431,1799.4476726253354,3658.8335282601465,2913.780008549903,2456.4861197783907,1841.3743075943285
2000-11-30,848.1992217806184,760.3305067101792,923.1239688059823,984.9862718358954,199.96902263622005,1703.2228820538492,3217.607165376368,2134.4555893152015,1632.37654443902,718.3391489576209,2280.5031191340995,2995.6457751966554,2439.5193674526745,1619.8614158629596,638.402962307416,2437.8943246196413,4190.829512980193,2552.4534292167004,1708.217825134239,706.3509245440653,1404.2889637168116,3172.208669001547,2690.5844598949807,2337.346542969139,1766.0620984137204
2000-12-31,787.8074371898383,743.5272025118843,919.8930349151614,1011.2854052939138,200.40895448601975,1706.288683241546,3455.7100956142194,2318.6591066731035,1783.3713747996296,765.3903632143451,2450.40060150959,3257.465215948843,2707.378593998978,1816.5125917487228,698.7320422454668,2548.330937524911,4580.995740638648,2809.2302441959005,1904.83369680719,752.8994504715192,1372.1307464476968,3075.7735254638997,2725.023940981636,2439.021117588297,1843.2390121143999
2001-01-31,1138.3817467393164,855.6511046506765,1069.9275889098242,1122.223414254656,223.69647499729527,2152.4831739092106,3942.6196480862627,2581.131317548499,1954.7533639178741,791.0309403820258,3006.151457931965,3509.593023663283,2821.629970665735,1909.5180364462572,709.5623889002716,3167.830188437217,4820.123718299986,2831.704086149468,1835.688233613089,746.5750950875586,1629.816900630574,3045.323367561807,2601.580356455168,2424.386990882767,1846.5568423362058
2001-02-28,1038.5456675502785,846.0678122785889,1051.0968633450113,1093.831161874013,187.54712463773237,1962.634157970418,3764.807501957572,2497.2445497281724,1809.5151889787762,640.735061709441,2808.046076854249,3353.767093412633,2688.1668730532456,1725.2495459291931,579.2157780592917,3089.584782782818,4686.124278931246,2768.8402554369495,1595.029506186413,581.0593965066467,1597.709507688152,2841.5912342719225,2326.853470813502,2042.303601119643,1520.2702482953982
2001-03-31,894.6032380278098,806.3026251014952,1044.4749531059379,1113.73888902012,183.13976720874564,1707.4917174342638,3544.566263093054,2466.778166221489,1751.610702931455,630.5473742282608,2379.257440918605,3223.976306897564,2638.7046025890663,1673.1470096421315,569.3111882544778,2575.477874927757,4410.580171330089,2640.0891835591315,1511.7689659634823,555.0860414827997,1423.3994003993746,2726.5067892839097,2192.3613402004817,1936.3080442215335,1488.800654155683
2001-04-30,1001.5977852959358,854.7614128700951,1105.6811853579457,1140.023126800995,185.61215406606374,2007.668761359207,4002.878680910986,2646.359616722413,1849.7009022956167,665.1644250733923,2910.3077017316377,3520.2597295014507,2872.229959918199,1773.870459622588,603.6406529062228,3097.2696923881203,5009.095900579582,2822.519346143067,1640.4205049669745,598.8823301557926,1627.2301945365648,2984.979632908024,2307.679546695027,2031.5743999972326,1536.5911551540808
2001-05-31,1103.7607593961213,946.0499317646214,1223.2150953614955,1263.7156360589029,203.282431133153,2132.947292068022,4237.047083744279,2790.850851795457,1938.4865456058064,702.7462150900388,3068.3374099356656,3655.0856771413564,2912.153956361062,1866.466497614887,606.5984921054633,3158.5956322974052,5238.512492826127,2938.8071432041615,1677.001882227738,593.4923891843905,1687.4377117344175,3039.9032581535316,2321.0640880658584,2052.702773757204,1498.3300353907441
2001-06-30,1098.9042120547786,1001.1100377933224,1272.5106637045637,1293.4129535062873,211.23077419045927,2284.3865498048513,4506.09957356204,2984.8149859952414,2032.8908403768094,750.1113099871075,3172.9677156144717,3720.511710762187,2965.737589158105,1846.1220127908848,615.2121906933609,3084.3686349384166,5289.326064006541,2949.974610348337,1631.052030654698,591.8306104946743,1664.1510713124824,2939.586450634465,2297.8534471852,1984.5530416684646,1455.1781303714906
2001-07-31,1040.1128367098477,977.9843959202966,1278.1097106248637,1274.787806975797,202.69705091316473,2069.197336813234,4388.490374692071,2793.189863894347,1974.1402950899194,688.8272159611607,2930.2356853699644,3640.1486578097233,2856.598445877087,1768.9541126562262,581.190956548018,2978.266353896535,5248.06932070729,2875.0452552454894,1628.931663014847,566.6778095486505,1651.1706929562451,3014.5459051256444,2191.233047235806,1952.4032823934356,1375.1433332010586
2001-08-31,970.3212653666171,932.9971137079629,1257.9155771969909,1279.5045218616074,197.9336702167054,1892.0740447820212,4316.95798158459,2755.4818007317735,1924.7867877126712,652.7326698447959,2650.69120098567,3584.454383345235,2785.469144574747,1749.6725128282733,560.7330348775278,2695.9267035471435,5006.1333250226835,2774.4186713118975,1585.1134012797474,543.9540293857497,1499.7583404121574,2781.5215066594315,2108.1853147455695,1835.4543257780688,1298.4103352084394
2001-09-30,785.6691285673497,796.7795351066003,1146.3384654996178,1153.9851282669836,170.7771706629734,1513.4700284211385,3611.998743191826,2364.478933207935,1687.268098108928,547.2510703978768,2057.2014410849783,3088.00745125192,2420.851233549913,1582.4038206018904,491.8189448910796,2127.086169098696,4299.267299529481,2449.8116867684053,1397.5944859083536,501.9607783171698,1283.343211890683,2594.881413562584,2015.2143423652894,1744.782882084632,1239.592347023497
2001-10-31,931.3321850037365,880.521064246304,1195.0578502833516,1188.0276895508598,178.66707594760277,1841.136289574315,3986.563012860818,2494.998170321013,1718.9887383533755,552.0668798173781,2475.6362142016633,3374.574542728098,2586.921628171437,1614.6848585421687,494.5731309824696,2565.904045783757,4635.040075622733,2557.848382154892,1370.2016339845497,491.51999412817264,1478.539714419256,2644.962624844342,2123.229831116069,1737.9782288445022,1206.1233536538628
2001-11-30,1050.4495714657144,955.4534068136643,1254.9302485825474,1269.2887835161387,195.99778231452026,2028.7480774819378,4260.041235543071,2694.09902431263,1838.802253416606,619.9711060349156,2798.7067401549807,3586.4978240114224,2814.3120392877067,1731.7495107864759,547.541913310692,2695.482200095836,4988.693633392748,2768.6150888444554,1485.4355914026505,547.356665461133,1556.9023192834766,2827.4650459586014,2213.4670989385017,1915.2520081866417,1369.0706187324995
2001-12-31,1142.363908968964,1012.1117938377145,1356.9560777923084,1370.9588150757813,214.44117363031663,2182.3243069473206,4615.754678710917,2902.0834689895646,1971.7476563386263,670.5607482873646,3048.911122724836,3758.649719563971,2961.219127738525,1865.0942231170343,578.9708191347257,2845.0814622011553,5189.239117455137,2879.359692398234,1566.0947440158145,572.3708650727069,1603.4536986300523,2833.4027225551145,2251.5387330402446,1923.2960666210256,1352.5048642458362
2002-01-31,1169.6664063933224,1038.7303340156463,1361.1626416334648,1389.878046723827,212.06087660302012,2156.5728801253426,4608.36947122498,2968.8313887763243,1932.312703211854,644.0065426551851,2853.1710286459015,3732.7150364989793,2921.8349133396027,1842.71309243963,553.7276914204517,2752.331806533398,5256.180302070307,2893.468554890985,1556.8547850261211,552.7957814872203,1599.9261004930663,2812.4355424082064,2201.104265420143,1882.7145196153222,1292.0478968140474
2002-02-28,1058.8989977078747,990.3255004505173,1332.8504586874888,1348.3206931267846,202.5605493312048,1951.9141138014475,4477.952615189312,2957.2529463600963,1922.2646771551524,613.2874305705327,2728.202137591211,3781.613603477116,2914.5303260562537,1810.6498846311804,524.9338514665882,2573.9807054700336,5158.940966482007,2931.372992960057,1559.812809117671,527.8646917421466,1561.3678814711834,2751.6869346921894,2219.37343082313,1882.7145196153222,1167.6236843508545
2002-03-31,1172.9424197610128,1082.5248045424605,1425.6168506121378,1474.6583420727643,219.59589152995918,2175.4082798317136,4888.133074740653,3210.6895238631573,2073.162454311832,670.016517898307,3006.2059354117555,4127.253086834924,3102.8089851194877,1920.194202651367,559.4744988930896,2847.5948544614985,5594.8714781497365,3071.785759322844,1635.463730359878,553.8884210450344,1683.154576225936,2808.096516853379,2298.1611876173515,1919.8039956517441,1186.5391880373384
2002-04-30,1156.4039316423828,1108.288894890571,1473.3750151076447,1481.4417704462987,217.72932645195456,2167.359269196336,5021.579107681073,3263.986969959286,2059.064949622511,652.6630900847408,2933.455751774791,4129.316713378341,3199.6166254552154,1911.553328739436,535.0254632914616,2795.1991091394066,5639.07096282712,3036.153044514699,1599.9741674110685,515.3377869403001,1540.2547527043541,2677.800838471382,2218.874626644553,1819.0142858800275,1058.2743018105023
2002-05-31,1056.606272341645,1074.0427680384523,1467.0395025426817,1467.812506158193,215.96571890769374,1988.5521294876385,4750.413835866295,3100.787621461321,1992.7630582446664,626.6870990993681,2719.3134818952312,4020.7156838164915,3143.9432961722946,1827.444982274901,511.27033272132076,2679.757385931949,5646.401755078795,3027.9554312945093,1595.4942397423174,507.55618635750153,1518.229109740682,2665.750734698261,2209.77724067531,1829.74647016672,1071.3969031529525
2002-06-30,941.0135461474691,1054.4951896601524,1442.8333507507275,1433.465693514091,211.17127994794296,1842.3935479702968,4639.72919349061,2988.8491883265674,1972.2375987447463,590.7152596110643,2451.1891725803616,3793.9473192492414,2910.9770979259274,1727.483741744464,463.51768364514936,2217.7672125972813,5092.489742905565,2839.91939901112,1465.14236035537,471.2151634143044,1335.2825020169296,2481.5473589306116,2094.868824160194,1725.0849720731835,966.721425714909
2002-07-31,788.4752503169644,902.2260842732265,1234.6324982373976,1262.8832759859145,179.81234487567343,1539.135569974386,3930.314599805896,2511.5299729508147,1697.899348759352,492.95188414543316,2235.48452539329,3386.0979824299475,2610.5642614199714,1541.0882460102364,391.8578497536092,1911.7153372588564,4659.118865784302,2597.674274275472,1349.689142359367,422.7271230989725,1272.2571679217306,2256.719168211498,2007.512794192714,1583.9730213575972,876.6229888382794
2002-08-31,777.9885294877488,881.2944391180878,1225.4962177504408,1250.8858848640482,178.03220266140428,1566.070442448938,3940.5334177653913,2528.60837676688,1699.7670380429875,484.5224069265463,2261.8632427929306,3418.9431328595183,2666.691393040501,1571.75590210584,392.32807917331354,1973.2725711185917,4626.505033723812,2574.2952058069923,1376.5479562923185,414.48394419854253,1322.3841003378468,2263.263653799311,2035.2164707525735,1607.5742193758251,872.8535099862748
2002-09-30,690.7760153321722,817.4005922820264,1164.956704593569,1168.9528594054532,160.92330798564333,1383.153414770902,3689.5214390537362,2377.903317511574,1583.8429260484556,447.31108607458754,1995.1895664676442,3185.429316885213,2478.1563115525378,1433.7557339009472,362.3934467323897,1727.0081542429914,4072.712381187071,2364.4901465337225,1271.9303116141025,374.27900161128395,1144.3912004323724,2026.0736228811431,1862.2230707386047,1429.776510712859,773.5227805498367
2002-10-31,768.004773846309,852.2218575132406,1188.7218213672777,1185.3181994371294,163.9486661757734,1541.109534737739,3850.015621652574,2414.523028601253,1617.7371646658926,452.63408799887515,2185.3311321520105,3422.7438009931616,2565.387413719187,1469.0261249549105,372.5404632408966,1937.703149060636,4236.028147672672,2463.5622836734856,1321.9171728605365,378.80777753078047,1280.3448750437383,2261.5033778599322,2024.0502555857895,1521.9970956538382,780.8712469650603
2002-11-30,935.1226126352659,946.6480393257077,1295.350168743923,1301.0052557021932,194.2135899518212,1700.7684825365686,4148.391832330648,2571.4670254603343,1727.4197444302401,526.730288204291,2559.24128886322,3602.095576165203,2719.3106585423384,1525.2898255406838,422.31186912988045,2133.4111671157602,4550.3414362299845,2561.365706335323,1410.8821985940506,441.0080146013346,1372.4016715593832,2312.1610535239947,2080.521257716633,1568.722406490411,847.4014772064834
2002-12-31,926.8935336440755,944.7547432470562,1266.5933949978078,1238.6871039540579,171.9761339023377,1705.02040374291,4101.100165442078,2503.3231492856353,1636.5574658732096,454.77893083558484,2495.5161807705254,3550.5856094260407,2636.643614522651,1443.076703944041,367.87586919903885,2121.6774056966233,4533.9602070595565,2523.7136304521937,1325.1005609195322,380.28121099073087,1377.479557744153,2259.4437815036476,1942.166594078477,1427.223645424976,734.0191595562559
2003-01-31,920.6833469686602,935.4016712889104,1254.307439066329,1248.844338206481,170.73790573824087,1663.7589099723318,3955.10099955234,2426.2207962876373,1593.352348774157,434.72317998573556,2434.1264827235705,3429.510640144613,2561.235607147303,1412.4834778204272,358.75254764290264,2100.036296158518,4385.246312268004,2490.1482391671793,1306.6816631227507,363.8150345548322,1355.9908766433443,2167.258475218299,1889.5338793789501,1415.5204115324912,705.3190104176064
2003-02-28,871.7950612446243,898.5468454401273,1231.8553359070415,1229.2374820966395,167.39144278577135,1597.2085535734384,3838.425520065546,2323.834278684299,1556.7052447523513,419.0296731882505,2355.5041973315992,3341.3722166928965,2476.458708550728,1358.385360619905,349.53260716848007,2090.1661255665726,4283.070073192159,2467.9859198385916,1266.1745315659455,354.21031764258464,1337.1426034580018,2131.281984529675,1845.5077399894208,1395.8446778121895,700.099649740516
2003-03-31,890.7130140736328,894.4135299511026,1238.8769113217118,1247.553120579879,171.3084025469584,1603.1182252216602,3889.092736930412,2348.699305466221,1580.3671644725873,425.18940938411777,2401.4365291795657,3380.1321344065345,2526.7308203343073,1372.240891298228,349.9869995577991,2109.186637309229,4334.895221077784,2505.992903004106,1273.1384914895582,354.63537002375574,1337.677460499385,2156.8573683440313,1891.8299842631552,1399.3342895067199,709.1309352221687
2003-04-30,1019.4210446072727,972.585272468829,1336.1287488604662,1364.573603290272,189.91249506355808,1849.196872793185,4285.002377549928,2600.7147409427466,1729.3957880823523,477.19007415179544,2749.1645386047667,3601.8688024236026,2746.8090747854253,1496.977588317237,391.3204642055752,2319.894382376421,4751.4786518233595,2676.6510196986856,1344.1796193146756,389.63788104510047,1510.3716206498555,2368.660761915415,2024.6364491584288,1503.0249603591678,746.5021355083769
2003-05-31,1167.5429223887095,1070.0383167702057,1502.2095523438222,1548.3816676534718,224.22968292154306,2101.9820853040137,4690.792102703906,2860.7862150370215,1905.2753397303275,555.9264363868417,3051.02280494357,3831.6680320182286,2961.8842253411244,1620.7776348710722,444.26612301258956,2575.082764437828,5065.076242843701,2896.136403313978,1495.803080373371,438.77121784488764,1590.5723537063627,2506.279952182701,2099.5479977772907,1573.9677384881204,798.1600832855565
2003-06-30,1219.7320910194846,1115.4079414012624,1576.1182623191382,1647.0135798829979,238.53553669193755,2198.463063019468,4798.680321066095,2882.242111649799,1960.9093796504528,571.0476354565639,3124.8575568232045,3874.965880780035,3017.567648777537,1638.1199555641929,454.88408335259044,2635.5972094021167,5157.767138087741,2956.9552677835713,1505.3762200877604,439.51712891522396,1619.8388850145598,2522.069515881452,2127.262031347951,1587.5038610391182,830.8846467002644
2003-07-31,1348.6577730402441,1206.090607037185,1722.85487254105,1746.9873041818958,256.6642374805248,2397.643816529032,5161.460553338691,3060.0764499385923,2100.526127481565,599.4287029387551,3297.9746654712094,4094.2889496321854,3058.606568800912,1705.9381217245505,481.0854065536997,2766.5863907094026,5354.278066048884,3004.2665520681085,1532.9246049153664,470.986555345554,1670.377858227014,2599.7492569706005,2161.2982238495183,1622.428945981979,806.7059034812866
2003-08-31,1420.9458296752014,1247.5801239192642,1788.4956431848643,1814.2463153928986,270.83210338944974,2522.8008237518475,5313.723639662183,3181.867492646148,2219.4159062970216,632.7569388221499,3502.4490947304243,4227.762769390195,3207.8665693583966,1797.888186485504,511.7305469511704,2946.6911647445845,5600.574857087133,3122.9350808747986,1584.8907490219976,498.1624795889925,1700.1105841034548,2633.545997311218,2183.991855199938,1657.3111683205916,832.2784806216434
2003-09-30,1466.700285390743,1275.9001927322313,1823.5501577912878,1854.3411589630819,276.0591629848662,2515.989261527717,5322.756969849609,3111.5482210586683,2149.726246839295,608.8387265346726,3535.372116220891,4186.75347052711,3190.5440898838615,1741.6142862485078,486.60457709586797,2950.227194142278,5623.5372140011905,3073.2804130888894,1564.1286802098093,482.7194427217337,1708.4411259655615,2663.3050670808348,2160.841541534818,1590.1900660036076,786.1702527952044
2003-10-31,1604.7167822460117,1370.1892169751434,1966.516490162125,1970.2374813982742,305.15579876347107,2788.9740964034745,5745.916148952652,3376.3409746707607,2347.716034173194,665.3998442297436,3869.464781203765,4560.63055544518,3384.210116139812,1871.7128734312712,523.5378644974444,3260.001049527217,6120.657903718896,3294.5566028312896,1688.1640845504471,515.0616453840897,1853.3169334474408,2868.379557246059,2286.6025192521447,1648.8680794391407,811.0132327835329
2003-11-30,1658.4747944512533,1421.982369376804,2040.260858543205,2062.4445955277133,322.4276169734835,2869.575447789535,5944.724847706413,3472.566692448878,2427.7731509385003,692.0158379989334,4003.3482626334157,4680.575139053389,3489.45905075176,1961.5550913559723,536.8357262556794,3348.673078074358,6312.84656189567,3357.153178285084,1732.3939835656688,533.2948276306867,1845.7183340203062,2928.3286899925015,2293.0050063060507,1665.5216470414762,827.6390040555953
2003-12-31,1726.8039559826448,1474.5957170437455,2075.1493192242933,2146.179846106139,330.4883073978206,2958.5322866710103,6129.011317985312,3569.4513031682013,2504.0052278779694,701.2196486443192,4097.426946805301,4823.800738308422,3602.5175239961172,1999.8054156374137,541.8282985098573,3443.440526183862,6635.433021208537,3438.732000517412,1782.9798878857862,542.0941922865929,1941.1419718891561,3103.7355785230525,2395.7316305885615,1721.8162787114782,853.3785770817241
2004-01-31,1871.8554882851872,1569.2647620779542,2210.8640847015618,2279.028378580109,351.2760219331435,3193.7356034613554,6317.78486657926,3772.196137188155,2548.5765209341976,720.5733109469026,4289.186527915789,5070.779336109813,3670.9653569520433,2051.000434277732,549.2513461994424,3563.616600547679,6788.047980696334,3535.7042429320027,1836.6475825111484,555.8633847706725,1958.6122496361581,3164.2584223042522,2471.4367501151605,1751.0871554495732,854.2319556588056
2004-02-29,1899.184578414151,1595.7853365570713,2230.3196886469354,2304.09769074449,349.5547694256711,3241.6416375132753,6443.508785424187,3807.6547808777236,2528.952481723004,710.7735139180246,4452.175615976589,5223.409794126719,3794.6768894813276,2097.1479440489807,546.7797151415449,3658.7651637823014,7016.8051976458,3554.0899049952495,1885.8697377224469,557.4198022480302,1956.8494986114856,3243.364882861858,2525.314071267671,1751.962699027298,869.8644004473617
2004-03-31,1856.4529253998326,1605.5196271100695,2236.5645837751467,2305.710559128011,353.74942665877916,3254.2840398995772,6406.136434468726,3807.6547808777236,2534.2632819346222,717.2415528946786,4387.173851983332,5278.255596965048,3841.3514152219477,2140.139476901985,552.6849360650735,3630.592672021178,6986.632935295924,3542.361408308765,1902.842565361949,558.7576097734255,1912.0376450932827,3151.2533201885813,2497.5356164837267,1733.3918944176085,865.6020648851697
2004-04-30,1757.1326938909415,1553.9824470798362,2181.7687514726554,2243.2258029756417,341.8280709803783,3031.040154762466,6159.5001817416805,3656.871651554966,2404.0021492431824,680.2318887653133,4168.692594154561,5151.577462637888,3717.2757645102793,2085.137892345604,541.9628483054112,3361.202695757206,6805.67914227176,3465.8464018892955,1881.7210128864315,547.582457577957,1893.6820837003872,3153.144072180694,2465.816914154383,1691.6171497621442,840.0668039710572
2004-05-31,1770.1354758257346,1540.7735962796576,2150.5694583265963,2189.612706284524,336.73483272277065,3128.3365437303414,6331.966186830448,3704.045295860025,2429.7249722400848,680.7080510874489,4413.3948494314345,5171.153456995912,3706.4956647931995,2121.419291672418,544.6726625469382,3515.4818994924626,7058.850406364269,3525.112375361602,1883.6027338993176,559.5197551531566,1961.665270505231,3210.215979887165,2492.201155135835,1691.7863114771205,844.0991246301182
2004-06-30,1827.4878652424882,1608.1054024370787,2211.000460105574,2275.2265631002483,344.1429990426716,3280.0608661012625,6714.416944515007,3848.873466928151,2532.016393571392,712.7013294885589,4496.8080120856885,5319.048445865995,3859.944585315638,2197.7903861726245,560.8494406245823,3638.8753141646475,7179.556748313096,3602.312336382021,1924.4769132249328,573.3958450809547,2014.237899754771,3244.8863124699456,2544.786599509201,1713.4411762640277,855.2412330752359
2004-07-31,1649.8560447409184,1496.3420769677016,2076.7927321771654,2087.975416957098,314.54670112500185,2988.1354490182503,6302.151744121786,3577.1430001630238,2381.6146197932517,674.0016472973302,4094.3436950040186,5117.98841461226,3675.4392341375506,2081.527274744093,531.068335327417,3395.434555647033,6778.2195260823955,3412.1102450210506,1837.2981090558433,557.6274593412285,1927.2228224853648,3151.7580753020584,2501.2707486575932,1648.6730998012472,798.6242634456553
2004-08-31,1619.9936503311076,1457.4371829665413,2059.97071104653,2089.0194046655765,309.9228646184643,2873.9886748657527,6268.75033987794,3629.0115736653875,2371.849999852099,671.3730408728705,3945.719018875373,5080.11530034413,3699.6971330828587,2111.293114772933,516.463956105913,3287.799280233022,6791.098143181952,3412.451456045553,1866.511148989831,556.902543644085,1842.617740578257,3173.5052060216426,2551.296163630745,1670.4355847186239,800.0617871198575
2004-09-30,1731.9352115689871,1519.086775806026,2137.8376039240893,2173.624690554532,320.2123037237973,3093.27401075801,6676.219111970006,3781.4300597593337,2474.7882898456805,695.9452941688176,4143.7941136229165,5284.335935417964,3816.2375927749695,2165.553347822598,534.3852553827882,3489.998935967353,7085.83180259605,3475.5818079823953,1915.7870433231626,578.1205305569247,1889.420231188945,3287.4340429178196,2562.5218667507206,1666.0924521983552,800.0617871198575
2004-10-31,1764.668787067641,1542.4807121534388,2171.8292218264824,2210.576310293959,326.936762101997,3253.814931916351,6695.5801473947195,3863.487092056111,2533.440772315023,719.3290560528899,4307.05960169966,5444.97974785467,3881.495255611421,2184.3936619486544,535.1868332658623,3552.4699169211694,7346.590412931584,3568.0322840747267,1907.1660016282085,608.124986092829,1899.6231004373656,3344.964138668882,2589.428346351603,1698.9144735066632,812.2227262840793
2004-11-30,1969.1938994887803,1687.0111548822158,2338.1913402183914,2373.053669100565,357.3091873012725,3626.0513601275816,7391.250924709031,4145.9079984854125,2731.3024966328267,777.1631121595423,4784.712511528152,5801.081423364365,4164.844409271054,2372.251516876239,562.9095112290341,3780.1832385958164,7877.748899786538,3773.1941404090235,2025.982443529646,643.7002977792595,1967.0597205028923,3489.801085873244,2679.799395639274,1773.326927446255,838.2950757977984
2004-12-31,2092.6623569867265,1765.2884724687506,2475.910810157254,2467.5012051307676,373.8526026733214,3787.4106456532595,7603.37982624818,4275.260328038157,2818.9773067747406,803.2757927281029,5029.211320867241,5950.749324087166,4311.0304480364675,2435.353407225147,578.5583956412013,4001.701976377531,8225.945401157102,3910.161087705871,2100.74119569589,669.0620895117623,2050.2663466801646,3594.1461383408546,2760.461357448016,1788.045540944059,882.8085443226614
2005-01-31,2010.2114601214498,1693.4412316392727,2372.6653293736967,2384.8399147588866,352.43084854014006,3706.3600578362793,7361.592347773487,4095.2718682277505,2726.5148511125294,756.1235036949632,4895.937220864258,5778.177593688638,4175.664091968122,2352.7949267202143,559.4659685850415,3939.6755957436794,7964.360337400306,3783.862884572972,2048.852888162201,657.2196905274042,2003.5202739758568,3555.329360046773,2671.298455602445,1763.0129033708422,842.2876321382512
