date,SMALL NegNI,SMALL ZeroNI,SMALL LoNI,ME1 NI2,ME1 NI3,ME1 NI4,SMALL HiNI,ME2 NegNI,ME2 ZeroNI,ME2 LoNI,ME2 NI2,ME2 NI3,ME2 NI4,ME2 HiNI,ME3 NegNI,ME3 ZeroNI,ME3 LoNI,ME3 NI2,ME3 NI3,ME3 NI4,ME3 HiNI,ME4 NegNI,ME4 ZeroNI,ME4 LoNI,ME4 NI2,ME4 NI3,ME4 NI4,ME4 HiNI,BIG NegNI,BIG ZeroNI,BIG LoNI,ME5 NI2,ME5 NI3,ME5 NI4,BIG HiNI
1994-01-31,105.33200000000001,105.9941,106.0379,104.66770000000001,104.1066,105.9626,103.2905,103.08630000000001,101.22869999999999,104.4475,101.75540000000001,102.80739999999999,103.4637,101.1728,104.0211,102.14840000000001,104.26280000000001,100.3205,102.00009999999999,102.2529,103.7395,101.60100000000001,99.67439999999999,102.9391,104.5029,102.38499999999999,104.4387,102.3005,101.4591,97.5044,103.65249999999999,104.7426,104.72189999999999,102.1271,103.50569999999999
1994-02-28,105.481676772,106.89314195620001,105.98816822489998,103.3408275671,104.73935991480002,102.89275751539999,101.619053129,103.14887338410001,100.19768569050001,102.9665388975,100.5128648106,103.68044044079998,104.0202312423,99.765486352,105.11186525459999,104.6113000724,102.6328596476,99.81408211599998,103.4427894144,100.9140005274,104.14107560450002,100.626951213,96.6739015368,103.2586229664,102.204881229,102.22343647000001,101.9111790213,99.20529607200001,98.3490742077,93.5512791108,100.8357433125,102.9453217266,100.21299387359998,99.60578615520001,101.26697521469998
1994-03-31,101.63971765893345,102.24649707536399,102.71313382675056,99.90629516290744,99.8617526629277,97.79555320084458,94.41192502393193,98.73121343480578,95.99299000818387,97.85682440471156,93.90494805222154,97.46728636694459,97.1426215930216,93.14275407149518,99.44265680209314,99.70189176000227,96.21953751394078,96.76416302286349,97.89608360321044,95.92107852330584,98.44008070268286,97.03547469725682,90.65614451393728,98.68457574485738,97.30027338858275,98.50485452153082,95.93826673004064,94.71595880885378,94.75697262133795,88.29631666058815,97.23459641158068,97.89626547719718,95.88539594616245,94.91644534879936,97.65012392793176
1994-04-30,102.42661235304891,102.88379949163473,103.33033704791549,98.10008925265724,98.49164941639233,95.37178821031486,92.26509226081274,99.00558747694113,95.94403358327969,99.38339086542507,96.20749737846201,99.67063184255574,96.6583656243804,93.02818848398725,96.98025773435972,101.29532739411063,96.8822976883368,96.86673303566772,98.08179247380573,97.77542481331838,99.79816005605707,97.29552976944547,94.97699767376056,97.65914431829256,98.61343787823506,99.33791007621939,96.54632346457562,96.09682277232805,96.26067101986597,89.04568750008656,98.73891285266426,98.9780192107202,96.09087834967507,95.88943383006989,101.50574142110223
1994-05-31,102.80774177761461,102.36464783939994,103.51788160965745,98.6212950268566,97.63112787544131,94.44458368533417,89.95938760521504,97.54188887168202,95.09224245312733,98.83747789940129,96.06982444971344,98.53309092133664,96.85361552294164,90.72415933980434,96.0772745545951,97.687086537005,97.95061878494609,95.90939911307622,95.2317317481019,96.92282310894625,99.176716913388,98.19483235110444,92.27974591682344,96.30715112435013,99.73496850722424,98.3641998816523,95.82483278932486,95.47863191143367,98.32835023337267,84.82394241001995,100.45568633043354,101.14256951283944,97.08397757741895,97.82496205192984,103.73693912327948
1994-06-30,101.75026134569005,101.48267403361567,101.4561159616379,96.52608561401104,92.80287807748924,88.84647543196968,85.36822029939528,96.15708667537075,92.81297649376832,97.57947448069771,95.17041875321523,95.93733517410494,92.91370729708389,86.90158761018102,93.90362229507194,95.61846479249739,96.60673629521663,96.87050720158837,92.5964792671684,92.65511736181313,95.75849218825118,94.38163242641401,90.55568342385942,95.23130393914,97.85267044658738,96.22625399722459,92.44758238249788,90.69400670908789,96.16758473699431,82.42113459337132,98.16228301150973,98.12872322649585,94.83551265672594,95.59827026570382,100.01828106652728
1994-07-31,103.2575897172651,103.0249062309045,102.98992952274595,96.82541300550008,93.43235999948885,88.4166361838298,85.10793259570242,98.98448965197335,92.36598919897433,100.33248419422165,96.54734437173673,97.17761304323578,95.89140578854084,88.79986588993782,95.743382063077,98.70674996836547,99.67718819488749,99.45229995952508,95.64679248718747,95.08286674692735,98.52160348034317,96.71955984324872,95.99391443619588,99.38357925349437,102.70097670920447,99.13065102162282,95.05330993953098,93.21919993788903,99.72780489154258,86.30893951214065,101.25743795714564,100.61962273687723,98.01345068585282,98.53552711961756,102.84959856695855
1994-08-31,106.35469786324477,105.48575914113589,106.47304893920521,99.83174525390787,96.79078617967046,93.48458935325074,87.80074758303044,104.90989917151978,97.2134486781257,104.74079255226316,101.30452167096531,103.87460824611037,101.48801179598324,95.13236192628108,101.06441626461458,103.03336293972885,104.42969685083155,105.12237393711747,100.52726572063871,103.37875178773001,104.1656105789216,101.27234296419012,99.73249342782796,103.12229012143159,105.85071296389906,103.77987855453694,101.86017251761072,99.09406035637467,105.74637791674716,88.02156779888006,102.97061254994257,104.21083769197912,100.44859486814283,103.83319119967666,107.84181523180017
1994-09-30,108.72204708298273,107.95180521833736,107.43098696051123,101.49064936479206,98.62826246450534,94.39466183060463,88.2284250245074,104.02876092837818,96.44410144528702,104.5406328976958,101.47005325937566,103.73603951871007,101.66876194499189,95.0987802025211,100.7924519204465,102.80370157373619,104.25300180375994,103.48719541052563,98.45851511937369,103.16020910645076,103.59155389902115,100.12523113543475,96.44142087720307,99.73740407048572,104.69662264045365,101.94110666630765,99.37682151163138,97.8251609135113,104.37622209807988,86.186934261248,100.57067648324107,100.90172675190803,97.6973078547044,101.21524494995921,102.7832792047221
1994-10-31,109.95549870713914,107.04673728338683,108.82254053461074,103.6916770775663,101.24733597425029,94.43874413767952,86.32057356177745,103.46658950432123,95.70283208157855,103.7783226026058,100.91541794825991,105.48502914499554,101.52988241617503,94.69442018909997,101.00341052231599,105.10712131119733,103.6476046222855,102.40306355140495,99.30929514852018,104.49272952747879,106.41608120763186,100.32698347617266,97.19568922988367,99.85289998439934,104.47602685655022,102.94706150689078,99.30487269285696,98.56002352229359,106.96757056410891,91.98946961038654,103.30640002493818,101.93768478046988,99.49728305461947,105.5827839847949,103.14641253015238
1994-11-30,107.7955328905361,102.34845598401898,104.73614531499558,100.12084679404613,98.69630809704307,91.8353512780361,82.00644393630694,99.44163570601364,93.16086915865974,100.46052962900049,96.98072580245726,101.79294763989152,98.34661601278069,90.3452001642348,96.83287869843905,99.60591968889057,98.96698244514772,97.32458842070014,95.93476529937347,99.73736989941276,100.81710551097352,96.41824419994097,94.06035068670609,96.18580223247228,99.25149418153471,98.5610019513897,95.15541858738594,94.10974278019147,104.66605631585153,89.82412948522764,101.32457004685978,96.70369435541664,95.71648579582698,102.1532439954008,96.63704872819953
1994-12-31,108.17076914052805,101.14146064259944,102.75537533479837,101.14968861570175,99.08793504757215,92.48499455297693,78.97966809706179,101.36473749893224,94.7623044994971,102.60706976558333,98.26019251796907,105.38114904419771,100.53394309952093,91.55971069004262,99.2237793063822,104.22295288422971,99.77267264923367,100.25065217156848,101.12550764542667,101.57154013186293,101.9680335874868,98.01493032389199,95.80742764036097,97.0003997915791,100.77202707239582,100.37807258336551,95.91980206489839,95.02938318663949,107.42306490526737,90.314569232217,101.12242752961629,97.87612994578171,97.71169594224101,102.348663151164,96.24296284348593
1995-01-31,110.08896138969703,104.87813190604027,105.19365763611779,102.37481364421512,100.05255609526027,93.73252464450205,81.24180375069783,100.53253300406601,93.5411974437166,100.0820123857221,98.1777522164465,107.01813981345028,98.93565447212474,90.74547018287606,99.1335848909927,105.7233465139511,101.01603969578841,98.51611538769599,99.78771830478533,101.31405627762867,99.94203072813703,99.03242331558431,96.96775139651339,99.74153408928933,100.36702429559186,101.87651645089,99.6249921790613,93.6353021352915,111.50267064117469,93.66957485005538,104.4251871351611,100.16946554654133,99.64707150376897,104.9882351738325,99.58374856970902
1995-02-28,113.4296109230674,106.88098959104993,107.44900965583615,105.33876924884244,101.72743588429492,96.30013969208889,84.73845098412785,103.26128754739537,97.3627295240822,103.41734553048867,101.36813645247216,113.1998286234946,102.82738737644024,94.16938751834616,104.69141019432129,109.93864206280884,105.77601650229364,105.34643469975573,104.4077898745786,106.39718510918985,104.47730014054916,103.03491773630695,102.14059306251177,105.19699703783712,104.40930619909683,107.01007411485033,104.12913770046883,98.64591442315522,115.58734797477284,96.41044027974284,107.11852156175117,105.03760140263772,104.0767824203975,109.04109601624796,103.26535975433116
1995-03-31,114.60859829900176,107.62242301584304,108.69939378120111,107.64674168308458,103.47358732124886,98.25464732727954,84.86310124552551,104.95177808583375,99.05440694956312,103.34309187639778,103.01131394436673,116.29844753240552,103.72249978355215,99.94611442627159,105.48245848974958,111.02923339207189,107.54099511365092,108.04562104963287,105.55335214508246,110.54880327215044,107.37644074214927,106.09886708503151,103.78914223454072,108.30788263424003,107.18983043248498,110.0730234662397,106.12477262449833,100.90480721753103,118.78738370345441,99.67345163101074,111.24858327908605,108.09346034024465,106.12209934852316,112.10122533484797,104.5244742858157
1995-04-30,117.70199897569012,112.10425119991481,110.97621128334214,112.4539222264261,106.83378859591907,101.57015214669127,86.54186311436449,107.90942414407063,98.930886104097,107.47960581493436,105.47925900384587,118.76874285644136,105.60713760461928,101.32297209860792,108.98489804144322,113.71181070005775,108.61468440886561,109.07778086752,108.48720756795502,111.66822045408425,108.24414975978658,108.10052831145771,105.82403215719111,109.9140885337058,108.94356324819088,111.91542573301763,109.01126031511205,101.72677777712505,123.64293679971681,102.79811466619128,111.68712519437219,111.47775849003739,108.94579616798868,115.8126727032341,107.86288147003036
1995-05-31,121.0602724104645,113.49400760204016,114.52356587701418,115.93257185657836,107.65117391246646,103.62491632461884,88.3475590882457,109.7124827120939,100.6237914271103,107.2150985050238,106.4340572563487,121.41491044728289,108.79731801737962,103.08325609287705,112.46587568488692,118.26119282254568,108.84255801675539,109.81078355494975,109.84156186723337,114.51676508964748,110.61794396401869,109.72625215673372,108.89716205103595,110.73327823554749,112.32822187118568,115.41546875739202,111.28905059939633,106.0597281497639,129.58237255476482,107.62541133280097,116.08123176089435,115.19074819206506,111.99344586999199,121.87882468675679,112.82381897748147
1995-06-30,128.04193938064842,119.55583604207274,117.85803402108932,124.06280718830838,116.96429226998175,110.90891894290895,94.64921378289209,115.33941652543179,103.81980429041819,111.64983662448711,113.20975577534512,129.59997522017602,115.75490650459103,110.00323507439187,116.06107233290572,119.67240363649711,111.30610047490663,113.31286906408423,112.23588823281531,120.15316575059482,118.65101905468572,112.50068044251674,109.21677522165571,112.10482061977298,116.82674250068293,120.99846122759334,118.7785811266345,111.09427738530503,132.14836269609427,107.25916205803546,117.63521121047744,117.54259769790242,115.35436918055044,127.6585623110522,115.09248032948065
1995-07-31,134.49102774143353,125.88595889299236,124.0159984406572,129.17084514867258,123.71453550546694,118.07019693013365,102.00544532731224,121.27063068083557,108.62167787845863,119.89741005593795,120.52265315940932,136.42937551437845,125.8371588611409,116.51091645815781,120.0500913889877,122.06776646768525,114.79187362347929,119.66167580487581,118.99854944239539,129.16417256922642,128.50973222793954,116.95660739348395,108.3431502366577,117.56679169000957,122.6928468951272,125.30334448114868,128.2022361960594,121.74321934407347,135.43727114687468,110.63021026235744,122.35426534339695,120.58753869126659,122.60150742431853,133.0500940316972,118.25948011070697
1995-08-31,140.1018589277784,128.94737952731103,130.5408521666155,135.6953937079772,128.83421412828966,121.88067639565985,107.24393497209637,125.75982688737875,108.64720397276007,122.02462990515039,123.35216348763277,138.96587046394174,126.6727175959789,118.28864002147638,122.10678955466383,126.45036548717454,116.36876959144502,122.34748211831625,122.42808763732522,130.14737025082337,129.93477664861516,118.46827154404474,111.134069786754,120.16830965652609,123.8562204693868,125.41536567111481,131.62549230696658,123.09359513303795,135.5315354875929,108.55666823141009,122.51210234568994,121.06289476878756,124.28605213632866,136.06221511048076,121.05915504284785
1995-09-30,143.3337286095244,131.79195871968352,133.21994207563097,138.8880349311385,131.9830511557992,125.52771187544718,110.20826457866009,129.1450299075332,112.53601334455705,123.16800068736167,124.81709378121188,140.45850287859494,130.14760358507178,119.83786633983766,123.0874291815773,128.57409937553163,117.83233960659662,125.21163667470603,123.73586446946715,133.54747029862614,133.46276570417834,121.01936730347418,113.4169858483135,122.19266500099992,126.5856399998707,128.03015062999188,135.56649117212947,126.64299894869909,143.03537448139895,117.13785574176659,127.00082326353368,125.43483908757278,127.12971700920785,139.84474469055215,130.01595874700305
1995-10-31,138.8116928056225,127.5835778938466,128.97515506127516,134.18320274784617,125.42349351335595,119.07094295970981,103.1711362605189,122.34864356361936,105.00802926788626,115.71867683778933,118.29302910636173,128.45491922259023,124.37711913731687,110.52706331456399,119.20734415148647,123.48346505895623,114.96111898740268,119.52139384602403,121.48968732175291,128.417511322045,129.29552430783107,118.26460344554519,114.34326237173669,119.99588526961193,122.69882792367466,123.40685386059225,133.6402268990647,125.0395719390096,144.38949037161436,120.77240912972212,126.53955627344054,122.94483209684537,126.25404751844842,138.73339850449634,126.88192406140652
1995-11-30,141.6408139166939,128.7486711271732,132.00129912447784,136.86324385632892,128.6485078020649,121.21100501752468,104.43353828380259,126.2513205960117,111.1042704070334,121.40381971215308,122.85795709957621,135.9555304109165,131.07122006640637,115.44828080864494,125.68817062362616,127.59830456511582,119.79523404082298,126.19367565747832,127.34670514753464,134.43412856250544,134.40786933896268,125.55407880811826,117.27273675370058,124.30457752198787,130.32873183928044,128.06805413776067,139.2194390916468,128.40851312576234,151.9456811817417,124.42021897507622,133.26007210712297,128.8978208669746,128.86700128589024,142.8558614410574,133.02592747023203
1995-12-31,145.51270720592063,131.00666532140156,135.44178098485824,140.326841968601,131.19690609311598,121.9581496524527,106.908717574667,129.57299284089277,115.21979479145072,125.18858379167945,127.06571927227958,139.62007577761233,133.0565558367522,119.31591366401535,129.03750899440456,131.76515479899425,123.93439896740148,129.18383480218228,128.57916655995248,134.1187460968978,138.3442726082929,126.87879989362271,117.41721676538113,126.57524923958204,132.0276971875373,127.68717974475496,138.21524927747873,123.0516951836949,155.3697771071722,129.6965072011523,137.75520085944044,129.96483702811145,129.05037902872004,143.05043112434015,133.28280053617704
1996-01-31,145.99027991097046,133.03084930728252,138.20926289572185,142.30923926509143,131.29530377268583,121.5223931837445,109.11424441823236,129.67911312202943,115.81478981175377,123.4667400102087,127.20066306614672,136.93713640146973,135.6959987348859,118.09626639454179,129.90489912986493,134.84239822416995,123.20430142308452,128.68014703028857,130.3452014126534,132.509321143735,136.88570894218367,130.19706114724065,119.7192987172832,127.40760807858152,135.22540801341944,128.8136360444632,142.10227673290927,121.92958677531477,161.59047224298916,131.48904262717943,143.07571998223463,135.12041214817958,134.63567943308306,147.45938846202344,133.3143885599041
1996-02-29,149.9781503970185,138.10198528287614,141.6574457957072,146.0122679800084,135.70262452972736,126.38097998562378,113.08709405750021,134.39243016756274,119.26444914108667,125.5082625562775,132.2175844181386,140.5469362541489,139.76796426492234,124.38985262323969,135.61928573768859,142.40840518852815,127.79920584465847,129.2657703794234,131.06522830525694,139.97582386222106,141.42018493660245,131.92881225756008,119.85613787571702,129.98659288130818,136.96751694485633,131.0994340160722,147.67325438994624,127.10805825524916,163.69308746781493,134.15577190070124,143.10290436903125,136.74307317766704,138.60918224019164,150.22336723935564,133.18880640588065
1996-03-31,153.63956698266094,141.92036707396238,146.2668374244537,151.4745869251405,137.96465157801342,130.70030273859243,116.43401969322598,135.95716123200367,126.30975794519807,132.51300419780588,133.68004311938765,144.53214463163528,139.86328601655106,126.03428647491893,137.6744603937575,151.09033361084676,133.13520608629048,135.47996375887342,132.01125712316426,142.1982200176815,144.20743536151795,133.11986557462134,119.63787984864535,132.54277923031913,139.86739321361281,134.57134032711983,147.93168258512864,129.83198394365917,164.707493530853,134.97479288815504,144.2199656405359,141.24109982677322,139.056058243734,151.22821134281966,132.68988113708423
1996-04-30,162.8224502616476,147.80608853725374,154.39049757500786,163.41532861244931,149.33459444386062,142.38504050372535,126.45107127547357,140.30493529104191,135.09801197375114,142.81748043023566,139.44659913942868,156.4456402493317,150.47653174934499,136.80694107707615,137.35354122657967,150.7875485822906,138.20592668049903,141.87488900821975,136.27046832298603,152.13716460581736,151.10660748408367,136.2242208398215,119.43485436654223,134.89647390389112,143.52730329183342,138.06413946531023,155.5399569521644,139.45383227372372,164.8817540590086,135.58528387638816,147.91372740052128,141.9035205849608,142.97118156358633,156.58834406565458,134.09095359201072
1996-05-31,171.5505477079232,157.60090241244046,164.92641391052155,176.19669512454342,158.7734368202793,153.5283785436279,136.1443045951663,148.89412281968893,140.68431476886573,155.3301483431699,145.45423752355356,160.5546849904804,156.46098341701645,144.77047311717274,141.17622763245657,153.56807097814806,144.45988306871828,145.29407383331784,139.39460507975883,156.68956498231722,152.41594623793324,137.95399599604556,118.24946343695429,136.77531199242452,145.31823698230892,138.96859764294746,160.95788027267912,140.1676964411329,172.06070563073786,134.5166006688745,150.20712974386637,145.12132481774535,142.5632847825854,160.1762527932309,135.47168814114764
1996-06-30,166.88523056300625,153.27775205836483,160.8893451508198,168.68666338825003,150.99401473639608,143.93469722519367,126.97975073134266,145.6905168731005,140.55066466983533,146.25420777547848,140.30370297284455,154.42807876592866,151.32859377798803,135.99492134822907,139.53223046167662,150.97476696354008,141.09180089497113,142.76101695010777,136.427312121426,146.6644099251836,144.17435877700947,137.39762753019352,120.40455990809275,137.85146014718092,145.6617692945351,134.7350582843527,156.7620302497309,133.50608650007163,175.41554526912597,137.4462377148419,151.04768884191304,146.2027689302872,140.27599944153363,157.17310822961062,132.32224233524224
1996-07-31,159.5471200899203,145.09777826426605,149.0565773723576,160.24490800564843,139.39827838069982,130.0730662089214,109.46289411795394,136.36850915097517,132.57961482441496,137.07514744128167,130.77680093358245,140.2330497657645,132.57323052233176,117.91766043309437,133.760061151938,144.77121378900824,132.91990487893528,130.35808255849935,126.106449532128,134.40194527574891,125.84460749953561,131.10289262252522,113.6493824790091,130.00523073852366,139.12796497105944,126.79956755657919,147.7573057081259,121.1657184066105,170.3979590122479,130.40472951047286,143.1707029164961,138.83809685096182,132.05750918625304,148.49322332763037,123.78414964856073
1996-08-31,165.1649337354065,151.06173224426217,155.57333093507708,167.26427595592784,144.96152427259517,134.92245026332242,114.34975556295586,143.73009038047226,138.2468630396994,142.73292415192057,136.4887392679585,148.65376393809913,141.79608502330936,125.7277008365595,139.90847612284796,152.8414851016765,136.81618605065148,138.83200971521458,136.0350625166915,145.35664462933937,135.83478166588625,137.1066184872811,118.13864673631245,131.79176261933242,148.10811859808143,131.63976064934894,158.36672352988646,128.95837042021324,174.70885697729875,130.8200685739637,143.6460296501789,140.93913377060744,134.02886368338545,153.62321871393004,128.68253601845356
1996-09-30,168.730183995019,155.23828701735152,156.68552467793197,172.40949234860815,148.19576084064104,140.979658745444,117.29025952725726,149.0785745037104,142.63620094120984,146.02891283643675,142.98423836972066,153.28640983746604,147.5291843329718,131.97108700470136,144.21443929248085,155.80890253492555,140.43716323066803,144.80331328507566,143.93625101778596,151.8697851618908,145.78223439684243,143.44067004815653,119.52878419245864,140.5100513001265,155.1342196362558,138.8950860575378,163.06926501838294,135.51732209815572,185.3030273555452,132.9424933665077,152.15648232283337,148.70643037183936,140.33720021037135,165.5399254127883,135.29334394132957
1996-10-31,171.27277913763993,154.8587294055941,156.27375511907834,174.2997900227183,145.61582084016632,137.63139185023968,110.93523868555141,151.18893080438494,142.37118287986107,147.75044768986552,142.74988720303267,153.44797371343475,142.74319006402587,125.84076607115897,144.82590851508098,157.3607592041734,139.57740691736987,143.05032437444655,140.59865722918556,145.9435224053035,138.96210412505496,147.04791601852756,118.58845124721657,142.180715810085,155.87963956160803,138.43937128018305,161.11455373860758,134.0699970981474,193.22269344169388,140.1459823695719,157.460505140125,146.65814799989766,140.4636440277609,167.70651195659087,137.13685104587412
1996-11-30,177.46377628512818,157.2036002862536,161.76162057759504,181.21583139102972,149.34911925486648,141.06708428499724,112.66538466809126,156.37939798783026,145.70565835409027,152.45275343804317,146.10408130264233,159.4686584100551,149.20446056227402,129.15880955015723,153.64160639230244,165.70654442932596,145.35200339635531,148.72641819530023,147.04510566314372,153.36460457609078,145.6367319103896,155.5803713455026,123.57343538384458,150.65696136381902,163.40239096685121,149.11373900274157,171.92260134705458,141.36166203032437,208.6810885851097,148.58543328188517,168.03019900816105,157.46964001230214,151.57066621561208,181.07087618789964,147.11300841205727
1996-12-31,179.9610465450125,159.60928698143414,163.34850207546128,185.33686061269313,150.2803110134206,144.29117249633086,113.08359857597921,159.80144835399796,151.40172965612672,156.3909129648547,152.34199505385862,164.87081868235413,153.81845930070176,130.29191978634074,155.22964603597327,163.12715635873906,149.73683728281316,151.73604599390032,147.45874354537412,152.94162499666993,146.3387009581977,155.54178741340894,128.85743548085776,152.92796439941722,163.99423442693316,149.5776318447791,169.15619476877913,138.98989606477957,204.04732501307734,152.4213148274903,163.2571331751352,155.48977422842748,153.2150563733853,173.48943860191227,142.96633404394663
1997-01-31,189.46280984154262,164.9380026365963,170.28672970111649,195.85268874699673,155.06478527515483,153.5905942725469,119.37726625472533,159.7675704469469,157.27339153565066,159.6249206540549,154.02476473122354,171.45674840543944,160.5486321689447,133.48980466557668,159.207095256353,170.8213749427117,150.83096435283866,157.05560829435447,148.16389125700812,155.38670275549168,150.3855513944957,160.96350749727813,133.03306067761497,156.18165976997923,164.12444584906814,153.0449909285729,176.74369588513272,145.05666603811116,219.67877844035417,160.46824572249284,170.44256937757245,164.88710971347098,161.3503162216429,185.99854759342597,149.30874952113822
1997-02-28,189.8333990975927,165.0122247377828,169.82235778922154,195.1203955437717,154.0221296589647,147.61453783999636,113.28616062134422,161.73287133101476,155.91014577781962,158.28375207071954,152.2471649214605,170.52299495362342,149.99914209775548,125.6024260671064,161.89132688237513,170.8249621915855,151.00954821463245,157.8644446770704,144.29325776181003,150.97061266318062,140.1701616593704,162.06916583027692,138.08485812378672,161.3792292254644,165.5672638525273,152.5633583421207,177.2276201244662,140.91616856271932,222.5460258565577,156.3936360271073,172.5504326330649,164.44389316256115,161.9003594496425,182.4476493213199,152.23803787799343
1997-03-31,186.988176111918,161.6515857687731,165.95397430114087,190.13116702971746,147.78007481027586,138.8201065191029,103.75573578675241,158.49125939092724,151.42351951277132,155.44445812607498,149.15045758695797,161.67728511339917,140.24979785796975,114.84847194966683,156.04219324211493,164.78424987856667,146.0451093170764,154.16915375606953,138.0315075479785,141.3374798103684,131.68720364590695,157.6443534647787,134.2918051559844,157.2801968031376,158.05547709153814,145.72089172047657,163.23727179184084,132.9319993681242,211.61456506648358,160.78110309221177,168.3740219616142,159.1746174939532,154.2157588883652,171.58927747196154,142.273753822803
1997-04-30,184.1139808569017,156.5561661337556,160.98663994235915,184.0469696847665,144.1451283101675,134.66647011194485,98.0830984440833,158.98923892793354,152.0981112922007,156.04571729010664,150.83436625311472,157.49243026552392,141.42284716725382,110.2902509464565,159.27335893757942,166.26648420622442,149.32951778050813,159.53855704308592,140.49951090293635,145.93773210323627,131.69062751320175,161.25929613407953,130.5652075629058,159.8215302230827,164.41136199182017,149.48063644775658,168.3996505122578,135.1522296215706,226.8012959430448,166.72920000110815,173.60557119798352,168.64455218713846,167.19856676614114,180.49664845480854,145.02347866293633
1997-05-31,198.94252087511657,169.4005036718673,174.30071802551205,200.44849943519415,157.3184074413054,149.96107978843887,110.10367257389792,175.59025929983264,161.3263599986324,171.72799978632776,169.08622957593911,176.11622512928267,160.1814564612127,127.28575803680356,171.26329812504147,182.84225508267974,163.03781818324097,175.54410323987648,157.5172331620327,159.60538446563274,149.21430424450097,171.59472694190498,138.73336694804118,169.9844215084383,176.87440087624807,160.42605709037065,185.57203647359478,146.47744585493973,239.1905435352296,174.74620685396144,182.16727715275448,178.27769765262,177.41473359268588,199.93198607047697,155.00892526279412
1997-06-30,213.54629450499627,180.5595924507479,184.13058131927883,215.9355513985561,167.0457192102162,157.5500101922126,115.37235351390409,185.27687154436722,172.38173279661868,182.15206110135762,178.9114922041378,185.19889109165,166.94079356096293,132.47838053591494,179.58087146178227,192.70293789928866,168.92120089020142,183.86664917447902,164.71529816583813,165.79376403751868,155.81897699327533,177.39342754945278,145.33832381507048,176.10964015307334,184.16887804278545,166.40898646349893,191.68960422798332,148.7433054648698,252.44361317142955,181.30355826615636,187.7723821034676,188.7518689451067,182.1740612360433,204.5726073991588,159.7869203750945
1997-07-31,224.21997894323954,192.55254114091903,193.2592231493447,230.042189100321,177.43746635656456,166.48482882022316,120.81412131209439,193.3831052281764,180.8446415865359,189.37111158692665,191.50829254724675,196.03987857948195,178.7132913820885,137.72505431865932,188.4473178284648,199.1334349369879,177.74936069112513,194.84403973014295,176.10354916572604,175.21118142237785,167.94932853322481,189.14414558375609,151.08427444709932,184.59935757593254,196.6555279740863,181.85756472183786,206.60018009285702,158.2740327625313,270.3226796306829,207.57716341229644,201.15792413409542,207.69066521945186,195.56002908160653,224.24185445537313,176.24081871379946
1997-08-31,231.2539839026679,203.91776232922064,199.49183309591103,241.05545890349882,186.4427726490929,175.36179989291745,126.21946591371879,196.4764613794063,182.16932858615726,194.63884779794017,198.38592985749602,207.5840789093919,186.22014318659313,139.80979846588085,191.96600614695788,201.7478578042756,181.43623793058046,198.53574975090999,176.17064461795817,180.33102735472113,170.82445308838513,189.89334554441336,148.52203623675095,185.5134935946486,196.38198013467436,182.67028617857974,204.44616661520888,160.751654471396,251.80368381722369,202.6274859507302,191.87327898776212,198.4949533261954,189.11261048281503,211.74934074366428,166.7955445164708
1997-09-30,252.17668809626178,221.55664877069822,217.5302836281095,259.7174904208899,199.68412480540408,194.56777494078955,139.37456352911025,210.11232075205984,197.09045395199226,207.40949187965865,212.14121669009538,226.0262636478601,200.11756625246537,151.95899033296894,203.05396266200617,213.98911082440782,190.44291421769242,211.201536442019,188.6905638190226,188.3099539910581,187.48171633348662,199.98845558024544,158.81936605311736,193.7747804914055,208.42628335831407,191.30017850851436,212.0065858566393,172.61769859785653,266.6160355177718,208.28950579065148,203.71377903409692,209.0677870151152,196.7518143832683,223.06353151827972,177.86960110355284
1997-10-31,251.30340022538445,218.44599342195764,210.9138825212769,252.00102406299482,193.17042865425182,187.84682029100986,133.96738796243488,206.380936047824,190.17277610873126,201.54001066895623,202.98711104870105,213.69766109718756,188.71967014898996,144.23597856727645,195.5139598664779,206.76441046475418,186.5298836592615,204.4819483585797,180.90047389175425,181.84809791985498,174.6665910952275,188.38272552601265,155.1369802318098,182.08299156089555,204.38593985541314,180.93228273388843,200.17449829998023,161.83893164431058,257.3172680470185,189.98960639089643,197.70279655613783,200.019333193101,197.31511482784762,215.35267136075583,176.691570735444
1997-11-30,252.83031968515388,216.5409259133247,209.1179508116082,251.0436721725795,191.11277724822673,180.2089685779774,129.10825683364942,207.47723158011007,189.94609015960967,197.97698482033974,200.36472056106288,214.20604783293774,182.75763832964307,138.01190762014136,197.91526232155798,206.76751193091118,185.1689616280835,205.33382015544154,182.98263834624834,178.73285815438993,170.29538498647833,193.4771595724126,158.49864345645287,189.38725076736088,208.74385686501026,183.50568259121255,204.0568826945084,159.7510475871673,274.81844471596844,192.63578162870883,201.9634895247192,205.94450590028023,205.94725647133626,219.95561935842062,182.85333588170113
1997-12-31,258.7667755913613,213.50567175479767,209.75973380264904,251.6486874225154,184.89110078491072,174.98362932509036,123.8198535254863,213.05401208775186,195.4007720307232,197.60597595078642,200.89127904669738,212.90881600726146,183.6549783338416,139.67370899979548,202.93241422140946,214.9187007862516,192.47906189523698,211.58849365119647,183.9467738676947,181.30303665465007,172.0558986764685,197.72804624537807,161.69730458004756,192.92216380293365,216.8548081673571,183.06031429956366,208.49552800687934,159.24559527260155,282.9044278148464,186.27533339089211,202.55120327923612,206.65522039014212,209.7195923681217,227.75832499954123,188.65874644260924
1998-01-31,254.8327443020458,213.44930625745437,210.07668076042484,251.6504489633274,185.30377772186264,172.99564031232802,123.17438062905795,208.11392870947313,191.93553473953034,197.92985214536975,197.03577361923314,207.74790630724542,182.57012837682362,139.23052432113914,199.991720606927,212.3246320677615,193.72055184446126,211.11347748294952,184.06946636586446,172.92592984602194,169.80781630436178,194.76884830526976,160.1256067795295,192.88222891502647,215.5261387577157,180.9042299177434,207.73514481623826,156.09014380227492,283.2391037529513,194.81754762953165,205.77359037220546,204.7227874242739,220.04702397469748,226.23576059691928,191.64540305754218
1998-02-28,268.14265853694167,224.1934905372296,223.1867260999599,266.29826664613574,198.48295300099693,185.01451242302699,131.6748909850305,221.86276729573575,202.795247295093,209.6682799567031,213.98676122369577,226.86216792285614,201.89809758756442,149.88026712646308,212.86718757960094,227.115802911498,208.1105018765715,226.31765901779409,203.8433128596838,190.94031566180146,186.40024745890986,211.50475113359667,169.92817617535877,202.60677225023534,229.19911700050517,195.17847817940296,225.94063743764377,167.67406164427317,300.2660224750599,213.85959918748495,215.4716996864475,224.0295793378949,238.59940861302823,248.14850389681573,208.00559618035538
1998-03-31,280.64454184856805,234.28959599659268,229.9437042326362,282.9871790168491,205.95424831786048,196.21159071486858,139.47201965470907,233.79587809750416,213.34100574493243,220.04706948283985,220.56257439609993,232.81684610649526,212.2564794842944,158.55263914293448,220.95933371543944,235.04509693854715,220.40983253747692,235.58197238968748,210.54343871006878,201.50313392421234,194.873629907897,219.48736345088085,179.31925683168996,211.33345114459746,242.2361919746109,205.66854066763315,236.366216270929,174.4610046374484,317.79945632544604,209.09074398520323,222.84772691011398,237.03606462551505,251.1807554291932,265.57101035541115,217.19507541400728
1998-04-30,290.244549691582,237.74747614390637,236.614371092425,289.4104220061736,212.4041175124309,200.45034970908188,143.10331315843908,238.49587663489825,213.42228866812127,223.8932722103304,225.85387055586236,235.6227547357707,214.28055727265664,158.82043455044692,222.65342892703575,233.37698188557425,218.02786347724438,239.41088618693706,213.38956491455144,201.55733826723795,197.65330736490324,218.8826757645737,184.19781653305293,218.07836957132844,241.7127195637538,206.41059276236197,237.72106742259393,170.40094813752575,318.19066745618267,219.34267225354174,226.17684910242417,233.62630083587703,255.85146157639903,271.59548872532366,228.81522914373213
1998-05-31,283.3991319871061,231.29453414640847,229.26441888318098,275.59425787002084,204.01500448715996,189.81365235211916,133.8701442901434,229.05120142427964,209.01597209627926,218.978143205497,214.41527542769018,223.9893524662015,196.49612814125524,147.6294702707188,214.17122389863138,225.63213336471958,211.88536447949997,228.638832773842,203.17567338991643,186.98897541462026,179.26759671381993,211.04383049741702,177.7722599011139,211.85266827680613,231.33067483305143,200.55988451051286,228.69360988722093,160.96056520975864,315.2639496969207,206.5027909051639,222.59443398949088,228.15687550700835,252.56300274075758,263.31888780190815,223.92613414261797
1998-06-30,282.696302139778,227.20987267338288,225.131239939555,273.060168668906,202.46204227300368,190.18663617899108,134.07764301379314,228.43161792442697,209.45281547796046,219.96398280620815,211.23935636805524,225.57407713489988,204.17382135611848,148.9457346276525,210.20948459895453,226.61656636258982,212.0141907811035,231.81714118823118,202.9527896762077,193.20748078100885,184.54864084541234,208.4785927377209,181.82582297137907,213.18882305562795,233.22087777711226,200.8242224382977,232.87733078649774,160.08606645897402,329.9889829954148,211.85637575938028,230.0557994168186,230.0959807919424,271.7204116246495,274.54733181555713,233.09411792668504
1998-07-31,273.10469930447755,219.6056126547501,210.85566801498783,255.13540695680433,188.75171769436042,175.47931341663352,122.99049455769655,211.41117807287793,197.13531430533257,205.28556626956708,198.2563742863182,204.0146091386547,188.97083444412056,136.56015206469007,198.5535788874271,216.21237318431693,195.3481792721825,215.59341856217284,186.01577051935914,174.60913547354818,166.48926449820283,199.76564691143332,170.168787634861,202.91909107139224,223.50536245067332,195.02642713650405,216.14556032414947,145.95606980297268,328.11299562708587,191.14762688527662,226.27621268819968,228.86657796657107,271.7136186143589,275.71031431312775,229.9597013229249
1998-08-31,228.29750370838912,178.5681314235696,172.29944398443922,204.24431273735144,150.9196446617267,132.7578216894736,89.25961348228093,181.73517959560996,162.28514203649297,168.12600477684768,161.13425599582513,167.320133509758,145.85279223650224,101.25470971079748,168.30791221550533,180.56500679267225,158.43635940598654,173.51518868771933,149.58476787891314,134.80331625050792,126.57462875961019,168.6433577165135,156.1501127407135,176.9442298997076,184.04772576363143,159.30675192717194,170.81356810292593,114.10290904131155,282.86916654707136,180.2141737750657,200.13135396935434,198.18014719281322,229.27412509574495,229.37774741343532,183.81046862263506
1998-09-30,230.33962487906066,179.1954412692606,174.96026429789094,210.45048042418858,157.73955248434547,138.79684224030603,94.78023131654652,191.33479525220926,169.32068979920103,175.08036883843718,170.84098357701362,176.2655698075902,164.1396694743227,111.37299159748777,172.89261974425568,190.80827906301377,170.25159247232858,186.55069075307293,163.96001365684458,144.4952702789707,140.7050405904468,172.96838526851118,156.6497931014838,189.01111860194806,199.35442297221536,175.93471277307435,180.07952091823725,122.90514975348546,298.1523047464431,178.84833055202444,220.19632338696783,213.61719157825019,249.09785377389832,252.4806741329165,190.7774368148388
1998-10-31,234.52650824048735,176.43887779621556,176.42380690874276,215.11679892663415,162.988967051472,144.27015691721024,96.48760240348278,197.7504422718111,178.15550475154376,181.12781985848562,175.069981284479,184.9863088738207,175.44117813663823,114.31635701942618,182.63874961185914,199.65510492177037,174.4923893892218,197.12251839804958,171.18671521878366,152.6284755571631,145.63337534216777,187.85473637826033,167.37309803845278,196.5428336559985,215.41541205897192,188.7614089425081,194.70503936865373,130.6669786758673,325.12942343220607,193.9574375170595,231.58597821415876,226.66962921806441,265.64592239580594,268.7810789356118,208.26314278610286
1998-11-30,250.77520831091303,183.03433948711591,191.58055258407978,223.90453527958604,180.01626145037218,163.04937043265275,103.20072734070509,205.3739195718317,190.30588833110377,190.02137694135715,187.37074830948907,197.98955148348819,187.79872840104863,123.74734215717183,192.7116419304524,213.24622687911008,182.19587939597722,205.97706480197155,182.0399529636545,163.62993607532343,154.16210270233114,197.8200544336543,177.26099855127043,204.44680371147444,228.41637842296709,193.9804731383595,204.43425548086597,135.63036386087012,346.29144734456145,201.13192313081555,239.34874020389736,243.35704732109832,283.7852885606812,295.88845708950504,221.17337500741337
1998-12-31,258.46297309689237,188.8806393246739,189.2300507844257,227.59224297564083,185.92241497229747,167.87644704431145,105.96774524216409,214.80879743696164,196.7800946521279,200.43207811984325,197.0765530719206,210.4341847419828,200.65524154865605,132.18740588165957,204.7649842866345,217.59687639989772,188.07333626941204,216.07818005986022,195.7466512220529,180.8953487803112,166.2348452891561,204.73861301741692,184.48863850619998,217.00004190616266,244.04942377861337,212.45478543911057,220.43471135458694,141.7479714228147,362.21704471649053,194.95415611185257,255.67854735304846,265.95518273533554,310.2766452478208,338.56829580546645,228.8626885629211
1999-01-31,263.92636342221454,192.6285978507934,197.74937690079136,241.84042775488783,195.21425950536798,180.8512818834722,113.92719452279351,206.87247160685564,200.20269083841237,204.68284163260887,193.16340103412458,216.0862365099677,211.95694737364255,132.42891227220534,202.18699313446575,209.5949688671679,191.64691773186715,218.39561854100222,200.7342758951908,189.68921437056846,168.32159130207089,195.60379032041882,183.09427337637013,212.61295205894575,241.50447638744996,214.8296050307489,219.56928467780884,144.81568102034723,370.7747846149623,186.52472830988827,258.11874340898595,290.3759854796422,328.714214338382,364.0875425335077,242.90387223163344
1999-02-28,251.26607969521427,178.88281373675866,190.22540860847005,226.73410727560653,178.0461414531684,166.36220058409597,106.20258895256454,192.5568965716612,181.97003158106733,191.20120158563546,177.63769951260576,197.438210385394,193.5476386664522,115.32558582333776,190.16960482353252,189.39336738787478,176.90984469903975,198.57665294964335,189.49476231926727,171.4680478165604,153.92942195937863,192.20830412424667,174.5465172237943,205.78042223157945,227.40375452461592,201.1952293178674,210.3579140470054,134.99833637261585,361.419024474773,181.28580826584846,256.9050690774769,274.07892367058275,318.0359330855997,341.1518477916094,236.71735350976599
1999-03-31,242.39362315509658,171.25220955118974,178.2533822922874,218.33247493050894,173.992921042987,160.9986832372647,105.84500483556126,190.02361804036445,191.05506737778367,196.27931429854837,175.84444693602603,199.0951118469482,197.81613828960215,114.38891141528063,193.7908144385822,190.7397648366352,178.64656864445024,197.81292714239902,197.07000493774228,184.19166283674045,160.23714181243002,193.29370441763626,169.85331046868092,210.0151775406831,231.31760054373908,215.07407862667253,219.77206177435104,137.12699014053925,371.1997461151093,182.56224164184832,258.20834849290696,293.08520071144295,338.6510222682083,379.3779123366592,239.81266962425968
1999-04-30,264.732134677824,184.1038316169588,191.65964092110806,244.37539087269496,191.84250682694494,175.03503143793915,116.59610535672856,205.1582391228073,187.8610087613619,216.56419259336047,193.8553144134485,213.82317274582618,221.51648981807938,122.15260122194714,215.76611142347411,204.30708430946504,194.20436236798946,213.25816049367754,212.71578676975952,200.93265888030896,184.85805936333534,216.07046807768842,192.33968068169818,230.9205083434378,246.90609364438168,234.17115129017066,233.4675973479433,146.6433290023124,388.5013662815345,193.13405593084448,257.4130667795488,293.5567747993877,350.80757801457014,380.25731033745564,261.739221633345
1999-05-31,269.27626176956886,194.31128445712943,196.10096978017287,250.40608676865133,202.236342004322,181.45094051529682,117.44107733224875,210.02151518121343,186.59088048112633,219.01093484128026,202.0862172081291,224.02831131146624,221.99917424939298,123.4703834839295,216.59227986411463,205.57460546052098,198.29721930489484,216.79760618339108,213.5162362753741,199.43671523494504,180.46989875016848,215.87751714969502,191.08408724620804,236.00145228851846,252.2938315137958,236.99174280746078,246.98934018354413,144.99520462765543,378.07981713103237,199.95188123925922,253.65457859150064,288.3734428267549,353.3765419083708,360.7915583639709,250.67786038789822
1999-06-30,281.3285286938512,200.24224779261442,205.59343332335192,264.68649549098075,222.732186321092,198.79093674376014,124.86981267890016,220.11871956658064,208.4897459870328,232.70919277186297,213.67080960958512,241.4722757717336,251.05043019001704,128.38783844694396,220.554185847389,216.21781950902857,208.683234463208,231.9164208458022,223.24659819491544,217.8289685506269,185.5501263999857,224.7418797588958,193.60123792750238,239.94409255045048,270.87628138011286,263.4326745607464,262.4780417064542,149.66202028380116,396.41290746371607,195.81867590216248,260.51847148818666,309.3387688671457,366.50448044026683,377.65964609216167,265.7739318183178
1999-07-31,287.263154006648,203.27251372846007,210.74848307050166,269.651220086905,227.59933005658047,201.9747723866482,124.41591090981234,221.61222507883988,214.24385448652887,222.9447150431556,209.76554822235073,239.46950471648282,244.46839001129516,122.91492166962763,218.3832709960931,203.05534352859692,200.15560277010346,230.41777693429663,217.69981321616453,210.8013703672466,176.3752292998856,221.9440680977773,188.21892991187988,234.04938602876356,266.2954925856938,262.5580780812047,256.0570413721892,143.75875155572692,388.84776353767853,184.18058453726925,253.55950207779424,288.4819117150472,364.59535860165346,357.4352167246342,243.67775290087474
1999-08-31,281.128362089682,195.1784055043065,205.19884326580615,262.2536085150409,220.51279731593877,198.39638534427394,118.48935899362343,212.5946020281568,212.13869437234422,211.38079561858217,204.6334243195427,233.6463247702921,234.29728264487522,114.82773439837447,211.19715108069568,183.25013754219168,189.08539669209458,220.32017869570498,213.1659969061247,203.20198096550732,171.31960972723368,214.1655943431545,184.17015251054542,220.49067104673128,255.30041799232305,261.0738372658117,262.68251731769465,139.50076109339784,389.2136692831675,202.3601291340204,252.66545127346794,282.7388138166241,375.25357471965566,347.7515818331304,230.3688050706876
1999-09-30,273.5457679073991,190.96079533976396,199.70095065818543,261.03412923544596,220.38093066314386,196.10609747185964,116.88844926426059,211.4419140959601,220.2438774682284,208.32232688677692,199.49896706994107,229.85728232149225,238.18076010471404,114.8973200054199,211.2338993849837,176.07937641002817,192.14971463088665,226.56317127922642,209.72677671204124,209.23443817443035,172.09328908476186,204.82968775454773,178.5938486328311,224.03373563978118,250.8489999042089,259.08497677352074,260.38746016388995,140.94473347147562,367.98245283744006,193.16872970862406,252.10706062615355,272.5053651893452,370.55990300706225,352.90978104646126,219.2954373485498
1999-10-31,267.7780553910716,188.78097786096055,194.23333833011495,255.4185020132038,222.23808076584217,201.3107532987628,113.73304557637186,208.559537923004,224.5522881992619,205.7768363745474,196.17132429921446,222.5990789176265,242.60592044669949,114.64052449520779,208.75992795538676,176.93565041751015,197.5764068714922,232.8786196786349,209.10913135462428,212.4924276112444,175.46098265886155,212.0667302822914,169.20856329332722,229.75062850583708,266.4583297722482,267.60809525443926,277.63526513768585,154.24667458231306,388.91697457936203,213.79586617310008,272.9152210890544,293.79920693060575,384.63376812327044,380.73177654504,250.4182844079307
1999-11-30,280.00132028550786,201.96676282161508,208.28262415820885,276.352091601202,255.56512559556865,229.58444597806746,133.15296310853736,215.86204158384007,233.43265754067812,210.45146876646803,210.23700442279244,239.11615317239333,272.8499023073464,129.93781216227484,212.54057025065882,173.2407032298413,200.94883856038172,247.02459855239388,221.41499462571255,236.81091099678565,193.75454471087448,210.49531581089963,169.06845860292032,235.89760657151078,276.39029755617895,285.874756228412,305.99765091835644,168.16774545671595,399.1878829610284,198.5564968322815,269.7207484262071,296.4392866040842,397.42976432119536,423.58618384939666,244.07669177358423
1999-12-31,300.74857811470315,213.90986537430848,252.6786903454035,303.56227124443956,299.10524491303454,272.05894599068586,161.45342704058902,228.82606821524075,264.47896756093076,224.16280285954096,232.5475655691436,274.2992257178729,305.17115603487,151.51775406837328,218.61816785697638,183.93918285780015,207.19995503031802,275.4588590179643,249.05998519470054,267.18285757576746,212.84905509213115,223.38099706357966,177.81234114494615,249.0000673333122,295.8426466981829,323.90953492033356,364.1020148629885,206.75030312910488,417.567690656203,181.81719136683603,282.7692987935701,298.21228997726325,453.7551002398525,474.4554958402384,242.15165890556597
2000-01-31,304.01200093582577,212.7949671559776,243.2883921760973,321.4205360994787,324.358700741042,287.3853867130711,186.70022233378,223.09260225003968,258.49354404605936,212.38506503449784,227.85103493490917,268.0693417033686,306.75682536162714,153.34096720307798,209.15549907945504,188.41000863634184,184.59547593628548,269.38361388232306,240.674135493195,255.8553731459852,210.88999238906317,210.97128915270957,171.74591750210405,244.42767909687055,281.85550220493946,323.9467845168494,346.53190803376015,200.1407026883705,396.35191142934264,202.03999029380375,268.4835110492201,295.73384763526224,425.963507860362,446.9337558930337,234.19528184890578
2000-02-29,346.1857617536473,244.83380300091588,292.7357847323203,391.4583923360911,441.5871249280665,371.92525853706854,266.6293880182062,239.89482158850143,261.6089082389025,236.9669372317207,270.93151366315726,349.3099002613081,395.137761343867,180.48906540057973,210.18830893390938,183.786427024406,184.16241494973897,289.54536107973166,295.08959483166444,295.4408047683857,261.48376690315376,209.22613464883838,166.12141044982764,242.35982093171106,295.4175434045345,384.2643800067487,441.19021750035404,243.97591967258282,376.57395104901843,183.0383312466618,263.2365377927852,288.9195483180505,433.8872810335804,477.2157525235662,225.1785293024411
2000-03-31,335.04515775465313,233.66668841224114,272.16377746025654,346.1353396714185,403.34082245092173,339.5049056756508,216.01539792009814,235.314029970269,298.4065556628782,241.0159912881991,259.4851990739162,308.2258163420743,346.4382176715194,161.0585150648803,229.80665512487369,199.28201204611474,204.3202804028925,261.68009462014044,268.15499697380943,275.62765807820347,239.3115123723677,236.65819161491686,157.01313963627402,275.0844557530153,351.3873511779576,398.8948620111256,433.5898336234754,223.9498882340179,401.1796695845124,206.71836623670492,296.6475721155967,322.2016356865483,487.5725882031464,523.3377005734638,249.52618296179682
2000-04-30,315.89799707929023,205.65939913914994,245.30447859025878,302.67389415159585,335.02174392171725,274.70122779499957,168.96810831469244,232.69686732893967,286.68186368432805,233.75056423081634,233.58260804676067,273.25605634898426,328.94481987019606,127.69476049364516,225.76435606122715,185.70134148919612,198.23357924969037,256.2989051543719,269.3203985906576,263.9730181840247,203.12282547141825,232.89343310270675,158.6602074710585,289.0532444161534,329.2387036585086,382.03916072198354,382.62264945053676,201.328038173835,403.7945586708643,231.8528389506934,298.5597623654538,316.28504705043616,442.6086441190522,469.2481325306935,236.91363251780984
2000-05-31,296.77195284612463,192.64280444883485,226.5735192140638,285.78983631413735,307.23303035038646,240.7813948881008,148.2636011623516,221.6339928623872,279.88463669637264,222.93025061257183,213.18757620776583,264.90125242611407,298.0437434915898,114.40633293763449,222.64090619512004,173.7161769094834,196.94922388973163,255.41416133377894,257.29605075478054,254.242180814707,189.63506361446517,235.35208907597197,162.7127064902843,273.23249318952406,317.37755012050724,347.7182906793634,364.15498465215717,181.5608460737752,409.00916160153986,246.03574081498522,297.04934852764694,311.5338130736446,412.2080693977351,416.5417130367135,237.48198832222008
2000-06-30,323.73368476219514,208.21392968962977,263.7456239233615,330.48136512710585,396.1819083653089,298.3604129732719,191.2689413155033,226.64159129712,290.49898165844587,250.72853821270647,245.2042995902243,297.31774848800245,339.4253290129361,133.7823038902852,222.96440343182152,178.83854581801336,210.25491650649798,274.97888609194644,288.9069289584113,267.78489906016404,211.88380781796866,233.8693709147934,158.82907961177418,266.8273770841753,316.77580228547873,381.9737580856409,419.0156613999739,203.0180699844661,417.8368063363859,260.3938945774661,293.0118537824592,315.6594553601788,450.7268524426064,433.7727940799032,231.3547155415185
2000-07-31,325.4051217766223,207.21637675248675,262.06108062336295,334.6279148153557,395.1237064880652,293.9915214461043,178.18232035069656,227.91373054907075,284.449921363372,251.84202365090908,236.6005711262025,295.5005424092438,328.6570604500007,122.19434829191647,230.72735506610726,194.2227740449163,209.21058033621017,272.87199786671,287.55888922789137,250.17268624897704,187.66803119006866,237.02029294912842,171.55097123051806,262.92929593235255,312.83162677122226,368.5145307457352,402.1716508273563,188.31915568145078,413.6350394118672,242.23168082458238,309.9954068513981,314.1423960177178,435.66175812656473,419.02885680912726,225.12757201800295
2000-08-31,341.3994343221869,214.89996000246893,276.88194503801725,352.08645701501723,433.41672537864946,317.3888366803925,189.46731942778757,239.66883702960016,285.6457488327837,261.874906189114,252.40335987229275,321.16240051314736,354.72679579901563,127.36402458510258,245.69694586279633,210.30150639422467,216.92940469771463,306.4158796924668,315.76554067225527,275.01308278469673,197.92333842248112,254.20663439086977,175.76803720530668,282.41261969023583,331.15636497260016,409.6739186847264,456.08517365066837,208.38475003846506,433.732738706811,240.08211688894505,308.2492027246042,343.6786923760957,481.78309015063354,463.81968937116847,241.4394153761394
2000-09-30,339.31075258300376,205.07537853103605,272.1004707291557,351.7516227943959,424.2287242173475,302.5864561152924,174.75385580298385,241.36784941530297,267.47925049851625,260.3759342260875,245.55489950887784,316.8957580223302,334.83442654419844,116.51439278679605,244.7070328679151,229.01686835276593,216.1352261471163,297.26660794072944,305.1043487225379,265.4376772682991,177.56593344903683,253.44274345452519,173.89276801636325,277.5892945585463,318.9049040940738,390.12632765468476,426.9851152310611,186.5562390871858,430.44764694384565,245.19826679984845,321.87196798981535,303.4634738663992,457.64816624953755,422.60235267519965,231.94239597231893
2000-10-31,328.6618239239388,192.47411174643946,260.11254029024127,327.39880269347157,389.8335319439777,273.48399335257966,153.07581474447952,242.8715711171603,272.6319707801197,246.17164588625178,234.90076352898663,310.55815975764165,317.80776111999944,101.63457271277991,248.49974717033493,220.1388004342026,205.77737770446802,297.6028164743104,292.1117851365374,246.79041500252384,151.09209573331958,258.5787606506311,159.2332598870478,277.57485991522924,317.70901070372105,400.78184804191716,399.4868468250655,166.43372347052468,437.3597752584699,247.01077238803296,336.76884641232,301.43421361665463,436.5043633206426,404.00869436219625,219.75591054553735
2000-11-30,316.3166284937078,179.362775254272,239.45206132752773,301.05989641558443,346.431025831463,234.74772053412028,125.41669885411426,234.60956601089674,257.2184496800948,231.6942913916813,214.14305285745715,292.356656572406,277.93115010122864,79.95297095053529,240.00428631382266,207.09337512047176,201.86925374710478,265.98221962109847,262.6117080673836,212.00851428331316,119.4073277975638,258.3998241482609,155.56786947770783,270.0906089673349,306.73851856412153,351.8608125425286,341.0766764902322,127.91446894422992,422.9325883520187,233.04824146802702,334.4050658793519,275.38457031011694,399.3827227507652,330.9800827692857,186.75406667936127
2000-12-31,326.11580132781444,176.70677127830677,240.25542299328157,306.0388249825054,343.4084151310835,234.4697792330079,118.73938839042238,258.13410180437535,282.3579520780286,259.02564508711816,227.03296563810605,307.07710658748323,293.43804068997656,81.03553417720553,262.1821223949377,235.25807413685595,223.57060226342603,300.1361984959848,284.3654115168533,236.7259509380618,124.06110899114606,281.98165049985533,160.744857038187,294.4851927692646,341.080656364042,379.76618986365145,359.4897008705574,134.82990887876184,442.08762821107,237.10957317209034,349.29812989335466,266.7573224914416,410.79268775703184,312.44122637321243,184.97822225930722
2001-01-31,363.0092819320301,203.92473855153307,277.573096569713,352.53163119619757,409.7325993874253,276.412436751546,145.51357686041356,272.9226044967481,297.8133793009236,276.55287438758313,245.24191761414465,336.4419690591245,315.39923709325507,94.08995355548247,268.49389480947343,216.00878799483013,218.37437432561947,309.1895067874177,302.33161821648815,248.08311516026626,139.44096467277842,285.8247784145178,150.36170374266234,291.87428705017226,353.9226841568046,392.20543141263533,385.48440114050743,143.64994219797492,443.9961205020571,231.29849175278875,341.14970311920246,280.460112633182,416.1067019658568,336.69760098269677,195.98165181040213
2001-02-28,359.10838418838847,203.08212153183814,274.9219959243757,341.99587086626804,383.9931974939072,258.25766790570447,128.92793936986362,268.8260362032519,315.088342180653,262.7058719669969,239.58124367177498,315.5169607934922,290.0531236019669,83.07634813199903,266.1440362421009,209.0906745417197,215.45558243838326,289.01396390101837,282.69427261847255,225.06125015650872,114.10844573874542,280.5190130528091,154.6734759591869,293.4644181660216,334.1978651233776,367.7510305586261,335.94156042152827,119.38243921276002,422.65722295460773,208.31251023938015,327.37441925695225,268.1462309279095,384.1193314656355,269.60757370848563,167.13197677400007
2001-03-31,352.08278776012685,204.22811394364234,268.51438896536627,335.8358412402248,373.4303126172448,250.327349697324,118.86691869319694,267.22517715766145,328.3601782416443,255.8878664718374,237.8435609114236,304.55842571121264,273.68513578398426,76.37200376139856,254.12204398100903,191.09946745077738,211.93762368832932,270.08470532135726,267.55627701402597,210.97309108046173,100.70412661781498,272.08829463451997,148.49519863547314,289.43808634878377,322.0013140357,338.31182506034696,314.15944558535676,103.6905726377564,404.37560743292914,191.0131978265508,303.94390469631287,251.6056306731214,361.8557750138873,235.79824475029412,152.03327399223693
2001-04-30,368.31767718653407,214.1968966414594,281.5789565604761,355.65418590349293,390.7324592917396,269.0560910196287,128.8447267152226,282.84609211358975,350.89914923632904,275.09864804721065,248.90542708585298,325.6110268885003,300.6012478329318,83.17835310861817,267.7983841439789,199.63817385541304,218.98900036606378,299.75729138678287,287.09350391786717,234.84532925548925,113.35790223972329,292.7977510040372,159.62446828760594,308.71118964257664,348.26985923341834,370.57391732175176,348.8335377540582,122.95576258098835,423.4419173233918,205.76973141144316,319.17240615331224,277.18738156618036,383.2432605960831,269.5034816531459,166.22497198631626
2001-05-31,402.36533158333447,230.88454846500227,317.5295498393349,412.8078135781843,436.530992310243,302.0294530862662,143.66006646129918,289.10745605470834,332.3162320910715,288.58178298530055,259.1660555066131,343.19597600664065,320.19263355919526,85.51408444226128,272.57135474457704,203.31291372156963,227.16823952973627,311.39866555507996,288.26254866582076,241.51329268904033,116.72123119917588,303.61369992612634,166.8733346414827,318.6532335050158,359.41832569733936,384.25587692318817,355.4198637803926,126.66828887635873,428.9648702510408,217.63647182194111,327.1047979634405,277.7320547709579,384.0430892809471,268.1775245234124,163.9466925202718
2001-06-30,406.7149008177503,228.54938214182724,320.2126745354773,421.135385601497,459.229730848391,313.557917310569,150.5102094103733,310.656080291746,372.57667592513695,297.3538034427047,274.3835087877949,368.0491990011135,342.5244687867813,92.39172571169902,277.0374363920669,201.134415851043,228.65937185400944,312.3179144157986,289.3141304433537,247.32603461748016,121.27219200363174,303.2785104014079,166.86415660807742,317.970040972381,348.0650196252118,381.06347909771034,361.25834588271306,129.0189989813262,421.2096143617722,197.3544937399108,315.27603425948655,270.51352093540595,380.69576971477437,260.53339236439706,161.09303639026396
2001-07-31,419.0912352496344,226.002884926003,324.0174415343078,417.53973167923135,447.0720829539107,300.0576811807625,135.81138235935623,308.37834991104694,385.42796320782276,290.43170425236195,260.65610184314147,348.9548065569357,311.8377016281736,79.6435153979988,277.82311456167486,173.03271980599868,230.57142152145266,319.52558724468633,272.9809012091742,230.59195511526144,106.64179348812162,308.35448282999624,158.09227475934742,330.2188828907191,351.5136478396584,369.7870486242509,349.97082886560776,116.71819859944759,423.79963228048274,191.68213088083826,330.64637148170505,261.3114624937462,382.107008933107,246.5607259985021,157.2255147726065
2001-08-31,421.3031987892819,224.0228736511663,320.6726094853492,411.9359309403644,435.84833831135273,283.1974400752154,124.97512797228556,307.2345746112269,374.7785885843906,278.1014262483279,259.77821209213374,339.9995793562651,293.8431070557198,71.81145173727501,276.10561206745456,164.9048538585515,230.9638540808822,312.46758654803847,262.1465622210833,216.84682985475098,96.33443758032071,300.5161118764577,163.33603742084023,316.4213473068962,342.7342429712151,358.9985114806384,320.293652548633,105.46352958129725,404.8718931035718,198.83129931630086,308.4431369903371,250.95542792365654,364.2889769995473,219.46025036110274,143.13056182427187
2001-09-30,384.58493980200086,203.68316488375595,274.6172886384539,362.4434765816034,375.0335479700931,247.238728319105,103.98618010498006,269.1964763977601,334.0708878495313,238.34821787326072,222.6808442925287,285.07978730242695,243.07730266523842,56.605376831907016,248.44811290665768,146.6564827305642,203.05348906218615,264.23071534227154,221.64151045261704,189.16915103258012,76.81467216560821,267.24687467895075,147.5063253541995,288.257316025804,308.80355291706485,317.65516590299364,266.5112235872768,84.00349419150615,387.0368813404664,202.05515000341535,302.74218248934466,231.61680264785954,327.09580102584755,183.9776976224693,130.3007676540296
2001-10-31,394.2830182289879,207.38775428666173,285.8867583123101,383.2093131288698,401.90657684989014,272.06545246199624,114.1453179426963,278.86978258063715,344.9468996743606,246.8365129563811,230.32080137936103,303.6373411366657,266.29094199246606,64.44810839734457,256.8988270190647,156.6398294794819,211.55229284688394,283.20512301100007,235.26248947748263,208.39857357334398,88.02016609711065,273.1228317125168,158.03827698448933,297.02956266710123,319.3424005710184,322.96985448371663,288.33636070928605,92.02834799162073,384.4286397971129,198.95582605751295,307.50371153553704,232.5671263891237,348.2520303403983,200.6488366925294,133.21194740495594
2001-11-30,412.71929787835717,213.18818238630536,299.504116384242,409.5319608476918,422.2856517356406,293.3099553829437,125.62662474796238,297.38868823246946,364.3705146481242,270.07444279563373,247.4559780395814,329.03690836008894,298.2011181533072,72.18104357961676,275.9573802991281,168.71817009081528,221.78803898398755,295.75592444747855,260.7496512750257,226.37461773263348,96.3532992820224,296.32352377516827,161.79310840736383,310.1199525234031,341.2023459173064,352.18570752031366,318.5877466658222,102.87131200868949,402.5813601683326,194.15780735630997,324.62305816414346,252.9093078001276,382.27451244450356,228.99108682185926,142.4312798609581
2001-12-31,435.1344956654286,220.21315937229892,314.967214409044,423.76688227479667,454.5461640999848,312.7965888887204,140.4658929164412,317.1225094175115,385.83011610832546,287.23956415639583,267.27720188055184,349.76524647604947,318.5092107017838,78.4392844200567,294.0552172139055,176.45828486190155,233.56631458227125,315.6351589092159,279.1653561459757,238.22759271711416,101.99565213467837,312.40677935158925,167.07986001768285,322.5954579735145,361.4984262618514,372.79737605293997,338.27838093625,104.69131126074723,406.2033846657671,201.01876179485993,338.3763632693837,257.265417717677,379.0679938341191,229.11634494635084,140.45490342160747
2002-01-31,446.543722141776,224.56060756462682,327.76559219934114,456.69611162884206,479.0534750835996,313.4562768946867,137.61710414220286,322.41464985467087,372.7554909637626,287.0574542727207,270.0699813630017,355.7518284347335,315.5668226133207,71.66354215328336,297.88087558985836,164.49706002253754,233.97552276541936,308.0627558118249,274.1384255778551,233.52664763002733,94.96804970694689,315.59520294165156,168.24557620102624,321.35346546031644,352.7067845351632,373.31705559515774,336.79300056555894,98.23604500840955,408.35463779095693,211.91779804061542,340.48309450709894,253.72441650821088,363.0743570382699,227.4018673371173,134.3498905894839
2002-02-28,449.1412669734747,227.1686544608824,333.0645785284279,446.8127510770823,461.95030791616495,284.8201652626957,123.39189932123162,326.2281703331519,389.4903487305807,291.1023808608776,266.90449111144596,356.7184061525907,291.2703862398533,63.86855534618642,304.8903104733633,150.47549512327646,233.5272256638008,307.32864226472526,265.3213113959946,222.20854512599044,87.11970014306539,323.8669532107523,176.43190120223954,325.45136485186646,363.3860405573189,370.83039068783836,312.1798312912273,90.33472343629315,411.6529182003944,223.42069611826005,346.49432354062174,249.23374806043205,353.0491478917292,208.0836239030945,129.12153024730353
2002-03-31,482.9696889193829,242.0295734984044,357.7773041260802,485.0773482665725,515.4298331133115,313.7510583694193,132.50611857269507,353.16124184768665,407.79600563056925,316.8305914861237,291.1474260390986,388.37609454341464,320.1734379368202,69.71080370936812,323.1846437726965,161.1622647869316,253.21613958674152,335.8346031493476,285.6433319210594,243.57634103385078,95.05726314280021,338.81503243619454,188.15509530952357,344.06230115092046,387.7870497947022,386.46237497689356,336.24358922664896,98.82934915462498,419.4101057909627,229.68988085133844,358.94975498893643,257.2331544381796,376.64942428084765,221.0942605712594,135.65365934098438
2002-04-30,516.1110689730309,257.2924424623608,382.3261938486912,514.855276521961,517.3168217323392,301.2957688542701,126.53353778414942,372.30540644576604,454.4711130470273,325.93313437951997,312.35023734039595,396.0558434369161,315.937863526354,65.60434939526036,334.74689758830857,158.4307255610579,256.0129118484771,342.6120812755046,282.23789211789654,234.02449482020833,89.32768660686793,343.8186528352122,187.25721919470652,340.90793797396884,377.8383730322191,387.3261183849669,319.77067954684617,94.39566689285019,402.4822945111337,241.75434184305496,341.96927787942985,240.39055641818535,356.8877589371044,199.90348116680704,122.7501476108106
2002-05-31,518.7473643133451,262.04334741242826,384.63467940714963,519.8426795856292,505.99792967283565,296.4376758772638,119.75488309797697,362.62062590789236,456.28445278808493,313.11320640497036,298.9563468130024,367.61903387814556,295.7595440586528,59.423238803937714,326.9128159440494,155.3281766623957,251.96253157012234,330.3081962127386,272.4055706701854,220.73400973487387,82.90520459520734,343.8227786590462,184.43094598540083,342.41952377094543,372.81576753950185,385.30427604699736,315.12313249031234,89.03748565301134,406.7538391027804,244.74484305165353,335.25094944621054,234.4247839795553,348.31781318174774,195.5050048706938,121.75218891073472
2002-06-30,529.6099341220665,257.8674246280639,382.2907156708424,506.79202911463193,497.40001285183484,280.7676838927158,112.60671412585872,359.31171269648286,440.7744316689123,302.3640300290877,297.12643501416005,348.1142707976728,275.15397662408645,53.7760701506831,310.35958550872243,153.19831670400092,241.89965198427478,324.5667791461688,255.39220834840827,200.2569571197891,74.56427777129272,326.09905824195107,183.7022593178125,323.46763038879493,336.53259141102245,351.23297482898954,276.52117900651405,78.87207591600703,381.09946771672895,224.91586061245164,317.1118615754739,215.7519122364478,319.4429631046072,180.2976480668269,111.16510557181287
2002-07-31,477.98143930411106,233.47265052339975,335.88368111412757,425.31608817793074,409.90237659106856,232.17381700298398,92.64672362019375,312.75784995267577,382.2237192637407,266.3624520656143,246.79886232502656,295.35755305828553,224.7490699542733,44.364128576840386,281.11222924913693,130.5707721285033,209.5980657558586,291.01436378515444,233.89380303405596,178.98926775975326,64.190075240695,298.86848248251516,167.25962119305308,295.90074852417064,300.00534393927006,313.39464645066244,247.5857263140934,69.63284319905414,367.1352210206526,193.16538823323427,296.6809785578892,195.72452523118727,286.9300583198203,161.39434115526043,99.3504781516406
2002-08-31,478.2596245017861,234.87325295388968,326.8648683925322,413.76067537822456,400.41313657298537,231.16780785391006,90.64434998259051,316.98352126338636,397.78251798009046,264.8010353716057,243.2269423905965,297.95226916190256,223.27628929886293,44.43240497072015,287.9463486544127,130.90503330515227,213.67663451740185,302.7678519097093,235.35727655964,178.90657471804826,63.3391074132291,305.92954924964704,161.0474316023219,297.3266942313086,297.4729988310787,316.38975908679146,250.08163802106574,68.34853503909079,364.93314396497067,194.4557330266323,299.46562622263355,198.2669868139404,292.35734037293975,165.42387367088384,101.42531353735944
2002-09-30,455.35051022852605,222.43366085769281,303.98923057808076,379.16118018174666,362.8535835361662,205.1494087443368,81.43633433395904,298.47992519315744,371.2150213867182,246.91081262086462,230.97803357180604,270.6967873880484,206.84895958998843,40.6264140257382,264.64774574573823,118.29730773746645,196.5839994924513,280.0254447135115,217.81680480947975,163.3272112850259,57.56910474520617,281.22543221818876,142.14690502947337,268.8868012746954,269.4483650842016,289.96963225424895,213.164336534758,60.655497329230876,322.4315702862343,184.23863990194698,276.35586384703294,177.30639923495747,263.80835372818177,144.76458235974818,92.33740259378497
2002-10-31,465.61775353315886,223.63858399855894,305.7125455262279,388.8843894863274,379.1979603529693,216.43283137468407,84.85209994126262,303.28366110921615,366.3454227361672,252.4665528156467,234.1888592164877,291.647094551159,220.68653443967986,42.536830518884514,272.5906185388051,123.33511688477418,198.88934005449929,283.74698287375406,229.3336505469762,174.049152724254,61.546496622947714,288.5935385423053,152.23293867583968,277.90553347625,292.1391508046724,304.4373770859425,235.35900725475702,64.34899252809973,349.6931595539354,198.2737552510374,293.1251376652709,197.47908019511627,297.1793190497356,157.94641093567975,100.52939227710038
2002-11-30,492.7404532942189,237.42791544932604,335.9447648658621,430.4149089771302,433.8783062358675,250.97897418738566,100.6474031974286,323.1144698581645,379.8983716502918,263.09968662058327,251.17293785344503,324.77703790379246,246.91358425209472,48.815947292760164,291.1333227742888,134.3246458045582,215.47352878560363,299.94070693334214,245.44640350075625,188.7580466209807,68.37778846911517,307.33018543862596,163.0615720697295,300.4342234530357,316.1056624583861,324.4316062634389,266.9597197228242,71.851698962921,369.32318506549564,218.26946519434927,300.84370879027284,205.99418065404947,323.3388257884076,169.56637044180675,103.71084595449378
2002-12-31,484.0332367440568,236.69426319058763,327.0224078557897,401.84525856395527,410.4358613499436,228.85065999123225,91.95649993133064,312.50565246931137,368.55384647607076,250.02231669710721,243.12786865399917,298.30446154425437,227.78741110234324,44.42592915272224,279.25391867180673,134.05707111011554,205.9892459425765,292.0195728039395,231.00090086912272,176.28812378705885,64.04626070296213,299.53291130386253,164.8919382162122,290.9717471511589,298.4543222667098,309.30465818979974,244.94995867055627,66.42725494971529,348.93359066439973,213.97937885595434,285.9257718024896,196.52813007045393,295.987917853792,158.3091982409161,96.96155152146724
2003-01-31,481.4649563898928,241.252521311112,325.02331987656726,402.3158193617337,410.1444518883851,227.66246736455776,90.9514153870812,308.6396450426135,362.6367144708974,240.90075251704667,231.35221346361138,288.9075727011488,222.04830727961973,43.22425219507026,271.95868930042445,130.1668689635711,196.28468058772984,287.4272730020247,225.53449555095582,172.80008696980812,61.41921118144803,287.22180911636246,159.62891733222713,285.93444426447803,293.33732291144713,308.51036382756837,243.60934754675233,65.88487641305086,340.9314966296931,217.89070792206232,271.3266878200263,193.20012271584085,285.60347774380955,155.84147445873668,93.3922998484105
2003-02-28,473.6926675988907,240.08003405753996,316.65364436642574,388.6901871915905,392.3917594328483,218.08584567486764,87.32236296172127,301.3810578705013,363.11974657457273,234.85173462134364,223.63384091803837,284.4817975949399,214.08454473903618,42.055122621698,263.06455232554333,129.00395815625055,188.30826002268626,277.0798911739518,224.47651323232628,166.60468545167956,59.2266681806927,280.4542888499628,158.8229509286167,277.8725226084411,281.47534824755405,302.5005819402073,240.79371070780695,64.95576788587402,335.2723747171368,210.9911986557102,266.1473326762298,188.77506710515723,287.2959639529194,154.29350109293807,90.01626160119031
2003-03-31,480.0131488626628,247.21041106904892,318.1007515211803,390.0230058434704,397.2652650850043,221.06838770031715,88.9191396908393,302.5808558618838,369.3265524027719,235.091518242392,223.56965800569492,291.8581261247791,220.45612895955938,42.39850269790416,267.1036454619498,134.43734686587553,186.38657422915475,279.47219895434773,228.58914743125572,169.41680593741847,59.96895601300132,281.60723643142495,154.38988472229715,282.2101126863588,278.1863088032814,304.4647182187451,242.2076513770832,66.16927154151793,337.3259180122792,219.5023726182829,272.6533042235002,193.19768937729685,289.3573124942816,157.1990020120192,90.70614623010181
2003-04-30,517.4402540926335,260.9021596861082,349.0767665028098,432.3030597689259,436.9508732712009,247.92642825880407,99.5478222963647,330.55233792032396,394.03671471783167,255.98903839047645,240.00247500842949,322.9264236507618,244.78963556185764,47.27182899650396,291.78455650992487,145.2989434312102,200.59948244699893,316.13531831857176,244.87383829425835,187.6528309285222,66.58011363074263,299.6996565504347,162.8924444537235,304.9119407811876,298.3431323665495,325.83357446692764,264.11048929111286,74.05697955562457,363.72875494101834,226.58176313996776,292.71949680113295,208.48271777007108,308.1883970340969,173.78994188336975,98.66978304451983
2003-05-31,555.8301814242741,299.2579079858823,386.7690285194837,492.84753559262373,506.36008253945795,293.9487632100576,118.43055096865062,359.75994249896377,407.9619722159598,278.3233140229304,265.62297921805435,353.351259581442,273.8446965652368,54.91412377488177,310.05143688567216,161.39675867289742,217.59627659473315,342.3985760232054,265.79561416428146,203.85890471317123,75.5322759691914,324.07303081905536,176.8756205629645,319.6827899284507,331.7047564571742,355.7428157679704,289.84752825155323,83.93284806426487,380.5835817162301,247.06452794605767,302.5013042257364,223.59104336143258,318.376180874853,188.50803827153044,103.8015984606653
2003-06-30,580.3289525007303,317.04729432610304,410.9227543505254,521.5662543391416,533.5703542948808,308.7305646656018,126.39855843782144,370.9437998314291,415.6263537879811,282.67601233093495,269.69657322734247,358.59393221985187,277.54077843477785,55.36606701354905,314.0250561007989,168.66138817752318,220.94007857716437,347.87969242818485,265.2618965710396,208.91277081991544,77.95459605952337,329.2413475145577,180.16020083681877,319.56546634454696,339.0251487274275,373.7120968780421,297.06473170501687,82.72656517188526,386.7296259773656,245.26268634374708,305.4618844901937,224.64639308609856,324.2836509109859,193.7067129509827,103.14785599356003
2003-07-31,628.2797928590082,336.7444915807008,441.28008375092486,571.9891935436324,582.9442870295576,338.724665214559,135.20335562004163,390.40907572758334,440.49494104053116,296.34226682308633,288.1527188230092,396.3072560714137,297.601703440822,59.46022157099996,330.0224345337419,187.35362384507354,235.40480458153277,360.46597970023663,274.65269823344755,217.8310480934468,81.00495940333253,342.93647060577325,177.77776234095265,328.0518468687927,347.9835492574011,390.47570040770034,312.07957150431525,84.80846191100092,395.5687183087042,236.41262756971932,310.2955133503665,227.3812382755287,326.1463362018186,195.32222693699393,103.69237352535004
2003-08-31,648.311237494732,353.74099630425354,464.2063492221205,604.3860894767503,612.9944820816443,357.77454038622585,142.51136739801612,406.99092040096093,456.0849379938377,306.88908809931996,301.48093467944864,419.9751217112546,308.88378401826355,62.891254736311375,340.85938121652634,206.6454264924008,247.2543762297534,380.6153070335204,291.72208877595807,232.8910154344354,85.7271435117498,353.7554303804441,179.6024732936202,341.4760564945106,362.7721541337421,414.84294601594246,330.2603911014421,90.79093562266483,399.85035411567765,231.18530796152527,311.75545374067997,233.94232390596906,343.51101943387584,204.63284685062658,103.07478174863304
2003-09-30,660.3646400222341,354.4537844118066,476.713460889212,620.0995234170564,622.1544586273902,363.2302443525754,147.30744495642898,405.8082047862757,447.4590035615603,298.9437296084286,292.42384443980865,404.0425255188947,298.64737541589835,61.154324063003926,339.0190814173383,197.31662535882785,239.44509401091284,368.6171707099028,286.36023678425596,225.5565786853587,83.7965682398652,349.37169308716966,190.89246436733046,334.9487416746181,360.767475209999,404.4332919715644,324.09839272427143,89.25221084573192,396.7123285365778,240.3605904639023,313.8273804862405,230.7646853203543,327.60439816797077,200.04456915854183,102.29965938988332
2003-10-31,720.6044232143423,377.03603501668283,519.6305436326852,687.1831300593603,684.7369756207194,400.0076698235181,158.9594638524825,438.67826356575927,485.39905247354494,318.90151194081693,319.5710120383783,436.41320053589203,327.35425708300073,67.49333667807866,368.7073213961361,204.80222617506567,253.05108258789494,396.31506491704494,310.776169653192,246.30846059414776,92.10960679210103,371.5508562794224,183.2577202549591,358.32883374098975,390.3828772499878,437.88194738407265,368.89430027144203,95.59001033788735,416.0845849636759,252.31997200302422,330.67049599693706,242.52514597833553,353.37605335865055,218.47747593908653,106.88554852101302
2003-11-30,762.0067503501224,386.43969076603395,550.527256126541,708.5098585007526,714.9174425581782,416.44398497656647,165.2661805808297,451.36659366113525,496.0783170270154,334.95915977157296,335.1957975299708,450.5385865976373,336.103126957801,69.26476679253152,384.6258912900929,219.51071245450652,259.48338805619665,403.64847887826994,320.3794640716453,254.10387706349198,94.73777020270005,379.2326702329995,195.8959056746221,368.97335007609956,404.81611298767433,452.57025942712403,380.45507874764877,98.2652879572138,419.9762240868412,256.3434662765844,330.59973251079373,244.88297544753692,361.63692535801573,221.8326345370831,106.17465273779976
2003-12-31,780.9380460558208,412.0818964468141,570.5950756668656,719.4272869103906,725.6219014256018,427.18324246114213,168.19420150218028,463.2334727750802,522.7916383206032,350.7293719727783,350.0382674445979,450.8922593881165,334.4084949916798,71.54143041223524,386.6874860674078,231.0743172758974,264.64840489545526,417.3943241779906,329.59966466816326,256.3239826373957,99.71974532434943,393.20891106176646,199.96740617816343,382.7508149679411,412.70193086867425,460.0449098318224,382.28963313736995,101.12834538713517,441.0733097276196,265.7740860574337,349.8535303324898,256.16742783913486,379.1690834993724,230.09612200622396,111.99090021477642
2004-01-31,824.4987702648144,446.32507787775137,608.0580659548493,773.5498017046593,780.9716144444452,459.89821671854384,180.2078087328765,484.34302212944067,534.5565413493701,352.1350952956452,366.46556333577286,472.93052035022953,354.35830257739843,75.10312052530837,399.1879324295089,242.3269433042818,268.4836895792002,437.75189755112376,345.51306607800683,264.3607647890086,101.39064937700424,403.0548621947531,208.22266060741654,390.6102202024928,428.30371466323356,469.2366071302622,388.9162416381731,105.2896756714704,447.4728423784576,277.03519985777325,348.4390725093555,262.9264054226704,386.6053475649621,236.88694885499362,116.24577048663642
2004-02-29,833.5319787918356,461.87013401515566,612.6999812303486,772.3771002052752,773.8116666832186,451.082427802266,182.10810007596467,487.1783661809865,570.3664840543645,360.74479837562376,370.48532410000297,471.04352757403205,355.7236451172292,75.76432839841318,406.3226183458215,239.2884057621894,276.9675056862133,442.2283484554816,350.3488669508346,266.21948532624015,105.02540276652046,409.3292172345389,223.02625066330083,405.3530217435955,441.3716893013235,471.9502024292966,404.8816422736618,106.60969233536363,454.53038404845057,288.7781679093445,352.95240381556926,266.3426082083272,391.5825048095134,239.10089427899243,117.23258083229749
2004-03-31,828.076511990643,467.5021784293365,615.4350739465609,771.8402981206325,768.4994495914383,447.5125614686389,178.93595908074144,491.9507654560953,595.5880899792485,366.0481076565439,375.0689685297682,470.04397320851996,359.6586600795159,76.17307695012262,413.3068978325678,230.88794698950198,275.77294483418865,442.60733815010803,355.5130092496899,265.1130771452243,107.7873608084744,407.9866174020096,222.14105947441817,407.36884232072634,433.20234070404535,479.4164546317281,406.9671876130133,104.75926790549875,444.9407020057964,293.0266723156268,349.1938136673372,261.0562401206083,389.5223892517106,239.5712057380392,115.54021129540244
2004-04-30,791.3115710112824,460.4756206875435,583.4152179192694,729.4145524538357,730.3365354241771,420.385245017533,171.58079648272758,479.32337320836825,589.3957606077342,357.3713033126532,355.46523875162285,444.116347646338,336.79983462084215,71.94234808323586,398.84528947740625,224.9864510644503,272.11123167268033,435.3074153219983,336.0397841680381,257.0671603669439,103.12426400517818,402.1299695092037,218.2982412865702,390.10210657012004,420.8387459003519,467.14195514379185,392.669616377793,97.73809225193641,439.8665982401223,288.8627633020218,352.36589027069135,260.1882281222073,378.1066565899107,233.43842244235114,113.51432923054885
2004-05-31,794.4119297465047,458.65213722962085,584.8743393792854,719.9299750282785,723.8350795858311,419.0332860695566,169.72446384558094,480.23360829409097,606.2695718381731,358.45556784690376,369.2995903785972,447.1030300842597,350.2593664117949,73.25256212652775,407.6354408121988,243.5014860683482,275.8429651038395,439.0336467971546,340.4815580351712,265.0894552405151,103.45044605222655,408.11004428577513,213.6157440109733,405.7249157340403,436.88785231400766,480.1121515283593,399.5664655198525,99.60528076631739,443.6072237915563,296.02482665533205,354.3553480871597,262.37458980311817,380.43654980781776,241.92344222128574,115.69630166701847
2004-06-30,826.6285111454443,478.1604472345456,616.9962229723351,739.2053801796857,754.611823334741,429.08463750250706,174.5359826711393,506.8260641197679,647.3031089993243,381.40461021159825,391.0875276117537,466.26005361427997,366.7663898320499,76.81688529448034,412.74922741718785,261.20769662780816,293.1650757834653,450.9885329994411,353.27549305990084,270.78834834927574,107.19566255065531,418.30463319203386,211.3945675047472,417.7806258801615,452.2418389957312,495.5631207888449,404.07557308324397,102.18854372299184,447.11216446673336,298.6369497257387,367.66812415944617,267.24688593576207,391.64344969205644,247.6175942808481,116.5893614195862
2004-07-31,781.6979450506449,456.32094696755496,572.3676521723002,684.6786345161114,701.7512651101424,389.8620107884029,153.72483570538066,488.13381204896683,590.4957881535436,359.32242749417736,370.0712660529533,428.7484997809039,336.14689777692126,70.62920836712465,397.72391729151997,246.3593451130004,284.22266147684223,420.6748877653507,334.7122790015753,249.25119706331608,99.84096814305484,404.0069808295301,210.59021117539163,403.56020893645257,432.82212218741546,455.7089434887645,375.9159504706458,94.93489432390271,433.60222330520656,299.31933515586206,355.7696483253982,265.241999797472,370.0548878146812,230.42550470992884,110.99971766504699
2004-08-31,784.0649264282582,458.8626546421643,567.3319615684883,682.5636622140911,694.3091929436494,380.23982650013437,149.35981899552638,485.6282211917195,603.9933408791572,356.63792963836835,372.5303896158752,420.0016016368737,322.9998564579681,70.2694938089109,400.57520005458287,225.4895059104428,285.14411134535015,420.65385402096246,330.09626196186457,245.09792436665006,98.03314773288855,404.0683898906162,209.9995056330447,407.7786238004653,427.0469766110688,453.231253963016,368.9584980593351,94.61230555299008,434.94335498188957,300.8078502095922,362.0863384314156,263.3282787689332,367.96666808274296,235.8990321488085,111.01514662580243
2004-09-30,813.5175413246094,478.40515624071935,591.927504098367,707.2356083484816,732.176122017603,395.78136892867434,158.02761737129376,505.3928041660013,611.3674955779509,372.8763678506625,393.7042719008623,447.3894860780127,341.4731872483687,75.85774557355833,412.30364133698106,229.875051310895,295.3782186456461,434.4407840864995,346.03099881554965,256.23296816855134,101.73831055145308,416.0910407634216,210.08455543282608,415.88811729198517,445.6192496238842,469.1437500584036,387.08838073697467,97.69553136635093,432.6455492375202,297.8659494345423,364.0488463857139,270.3936398165825,379.3353662598274,245.63411340752555,112.67382393153855
2004-10-31,824.110353230197,492.1994905157643,606.1254772116705,717.2528935051295,741.3524853548496,404.3247055583688,160.19006728740254,520.002699348832,616.1379961459456,378.2394486494586,401.8783599940679,454.4716616426276,347.3591605769688,77.6491262352779,418.7401134818926,238.66938114889592,294.6090537642928,438.05229032461057,352.83569840725744,264.981274167762,105.40292449751642,424.61508182450103,208.7645941710416,425.344165414853,459.6945792425041,473.5124166589475,401.8991563607328,100.056930055007,438.6774934849897,306.66401598299035,365.51741943203393,275.1049785967466,391.61748674858814,247.1037423080428,113.45363946696874
2004-11-30,890.9341653322208,549.8148862770681,661.9950930736561,780.3431752707342,809.599171099161,438.80794239661986,176.03030190105008,567.8803878832776,688.6155409085854,409.757007187072,436.67539967251435,496.59209524366645,381.4482938776714,83.72020081910935,444.86949656316267,266.37436158204093,319.67557049477386,475.32966412665417,378.0493374154401,283.78805512054475,110.78458701651061,447.237299538865,223.693559064807,457.48657330692265,483.2539264286824,508.65035256195796,431.29406065695673,109.08016406429759,454.71247190434656,325.51741302160866,372.94034718585965,286.68992435043424,413.0217321043189,263.320666708235,116.86462313754316
2004-12-31,927.8535862094227,572.3501490209063,690.0153593781847,816.1406380931037,844.5819512823558,461.8269294388617,185.51851120381858,585.447199802059,752.2477485817842,425.8391502051502,452.22366395325395,504.7441510791865,395.8872561458229,86.32749903321888,462.2314184055332,267.4190818281657,327.94206107219827,490.10195942838226,389.0259999272974,293.61166243659756,116.08961775038324,464.6571923559038,230.78240795157075,479.84988946988494,506.3452487952241,526.2064194806339,450.9520126476402,114.84614153673635,472.11659176648544,330.54698257020556,391.52694820890855,292.23995459593425,427.4506463153833,272.767295626393,119.1007108366569
2005-01-31,906.1510908279843,538.2329289879191,666.7825422279212,791.6784547475391,818.1313337320951,444.6146397786753,173.88854125496238,571.7547606930884,705.6775949625832,409.9715317902059,432.3439116858689,488.91083180398346,382.12383979865723,82.40132437718809,456.28897129051165,258.2364453963502,317.1462084217015,475.3229348418194,373.59956292618034,282.7022275071033,111.84387216039849,454.1531518655062,229.84035416231242,467.9860808026316,487.4089491807803,506.4963056261479,439.40403350775944,111.26213799779943,464.59246964350297,353.2178779167657,385.6258540455039,285.98689628744506,414.56514658220607,257.4167705304265,113.58420411212462
2005-02-28,908.8151750350186,556.8950793347173,667.2039487946092,792.9142648154,825.463426745002,446.77324385480085,173.01753355181626,580.8079255739027,706.3522227433674,423.80643110199816,447.9199657921757,507.8717716830056,392.84776323876673,84.03303540250518,466.09325241663083,256.4127796189611,332.8763432132095,478.6544732921257,380.66731945761785,289.9224423976347,113.01040374703145,461.8628557715751,234.2737447537493,472.2250987225419,507.94884970820755,523.6265171787298,459.3248547708672,114.07929533190371,474.7410275503956,351.1741592751393,396.3030626923158,288.85763275237844,427.5041393721834,260.8440174132686,116.02490149008595
2005-03-31,894.786703993178,517.2101790862458,647.1010938174277,765.0901103487628,799.220293481925,428.76872890069626,162.22521886145464,568.4977015913639,697.0156590631456,416.6207930626638,437.9864447108026,506.8956421378308,380.34381178264005,80.612638762517,459.40900908372396,250.66374868712438,326.7860376377806,469.5739192793008,374.6858938669803,283.4110742638262,109.74971456771834,462.1723038849421,233.5660037708482,453.03859296144503,512.2151120969069,513.091675279611,452.54567923930404,112.7429704663858,463.51245276677366,367.094990960037,387.59271767740137,287.12073180663833,425.23280987969895,259.0168050712886,114.5801594167314
2005-04-30,854.3647146402861,489.03153410926905,603.9692175101209,708.2668678531601,750.9889472108778,407.0927545798504,150.44393679207923,537.0557992094504,639.5390508011395,386.2753843583585,412.65593666739795,470.2308665507172,357.6909146966778,75.18716633588332,436.15234681687866,239.26331073308526,317.1951942191494,435.56314987982034,355.7526409639879,273.2992505451672,104.1881477819992,451.1883169108126,229.1847726721146,433.2199666737536,488.8478586830459,485.7054071115618,429.27578041281896,108.32085293578275,453.3967569975916,364.36857646217686,381.92456177408707,285.57630939025046,413.06604872342103,255.01732658418285,114.46523551683643
2005-05-31,899.0402999335414,502.3820949904521,637.9364463028901,753.8395911983038,790.3895823262964,431.1112271000616,158.62387452333815,570.3570181510306,728.0423018853061,402.3660717691903,445.7199935928732,507.67911230108325,387.2658725965432,81.2531165415297,460.55507062128294,266.76303935219244,333.1488437075957,458.2041579737233,373.7028519691078,293.25665501697745,110.14322974477493,469.7741172493197,243.26405162690796,454.38362848569983,517.1057091542194,518.2797259449059,464.7953463115169,114.68156174102486,468.7283683354651,380.7567819257162,388.9790903546162,290.4813680803374,425.4497688641491,271.35501161179855,119.46290216473703
2005-06-30,939.1464877135768,507.6741879790815,662.3981193363745,775.23883567365,829.7320141761702,451.1238413732736,167.56280572435185,592.7309832590593,804.5872134209233,421.14167977615597,459.735658791401,527.4857051883978,400.03635201128674,85.02228611165819,473.10657796092477,263.5544135148642,340.30921180540304,477.76993372335926,389.0549388308507,293.5285039361782,114.71263177396665,479.79486894436496,249.23958979107135,473.792170792838,522.3796702818834,532.7863754741037,474.5379215655526,119.18097813437222,468.2385471905546,390.81104550924664,387.3274851369705,288.4206932551755,432.24122352452747,268.9323540681284,120.90434154225673
2005-07-31,987.8478071269396,552.9292804439128,708.5573322823298,832.2607529927897,895.3289677529099,483.14280713858307,179.96295603637108,621.4529485148435,811.9371176155233,449.8408006861819,490.19544486462524,560.6160273598706,433.43538704070914,91.66210154554815,493.26517614126175,282.654992525527,357.7109233510723,502.05067952511405,409.57719779923923,316.08117947910654,121.30161063043153,499.0394411377235,260.8377048624091,498.46489808687505,556.1415907518717,564.4338861772654,498.3274566494769,127.85270528440729,485.7698666359162,399.6586167685305,395.7073152779089,296.792103876907,463.1313425637078,281.05958964247657,123.42954961970831
2005-08-31,971.8535632817474,544.7929260821807,696.250399977918,814.7291802309965,893.8239197581172,476.51988553832734,178.03465296244133,614.815831024705,790.4215959358296,442.51424356540605,481.0258488729875,544.9412032348887,428.4179390003259,90.42118001482451,480.73673393244985,267.35713902006046,358.8019416672931,504.5257893751729,403.20335744708746,309.6508239637836,120.34830127248696,492.1472074161704,245.635822585323,493.72250304647656,547.9813251907694,567.3215299389483,496.0914613514907,129.9860555247829,478.43959934838017,425.24955731745314,387.9170253620327,302.6430634127363,456.3344269802428,278.09300567380023,123.43127763340298
2005-09-30,971.2723948509049,539.9306492168971,697.3080043354845,816.2111726098367,887.5743029111685,482.3515358975453,180.5586502374899,613.3581026893454,816.0810522046944,448.7001501762069,481.95567183885896,546.7498630884253,431.6490670962663,91.18966962377051,479.120016296235,273.8541848553869,361.3792160142892,506.553983048461,402.49694516484016,318.0618692951119,122.13703807429994,487.5510446461108,249.9877524540672,486.43269028899533,557.1715199955439,581.2180708148028,504.98142033890934,136.57985816338856,480.5911422266498,441.1139173027381,385.8222734250777,303.61212650178385,464.9349619255394,286.6891385721831,124.3447925191678
2005-10-31,956.5498478897549,524.2170475327379,674.8407404357952,806.3701145016798,850.210087481517,474.63777013547184,172.11103322747869,607.4999194505594,823.2862318146097,439.41609536891093,469.52603506213484,530.1636592417748,414.7094311071404,86.93430369077726,469.4140030061059,280.4984350883483,347.7714816352712,485.15866246644316,393.22140306351645,308.2172183166896,117.37992257834404,480.9466781953346,252.26539086667623,464.59867255268347,537.5206376568211,564.223254424178,492.70027219626706,131.17785161331022,471.9789489579482,404.9712484885383,383.9344450412088,298.8812423466331,451.18683510140124,282.2285422651385,126.6581030391944
2005-11-30,993.27753584933,541.7846092296548,705.5243992219299,845.7991939904686,884.1173159803674,497.1830642169068,179.38805982336973,631.4542487744145,844.9682980156792,458.5873801937611,490.7025982955072,563.2066394676777,435.2956072672988,91.73229484577494,493.262581428831,305.8891534325455,358.4845821270457,517.1116971351456,421.34341814640993,331.856862527143,120.22368596264958,504.6405162966277,253.92781979248764,482.0819851995135,559.3165619931675,584.6701409412557,522.7096603751974,135.94091940538954,487.24416410409515,410.51125516786146,391.6092945975825,313.1919751114322,467.4390360885888,294.3934391223927,133.20493372718732
2005-12-31,984.8783810061882,539.7225770069268,707.0490374486486,853.8148329519162,885.9668894053982,500.4237034294726,179.8071103311171,625.2571567769425,843.6416977877947,454.5747406170657,495.3377750390066,561.8008756955664,430.31930788501904,91.99657558722562,492.10686720054326,300.2246980892817,359.2639276085899,522.1338859377221,425.7995461367263,335.78239735397665,120.79859562892298,512.5361218146048,251.8138706927152,475.77779907905943,568.599538972568,591.2049991065561,528.2989947735894,138.70826870172505,483.6838709969865,414.1385326185247,395.16745664829614,312.9141738295084,470.595184460259,292.6950833720956,135.00013661902864
2006-01-31,1045.657195654842,584.7494727163067,761.9754348738095,938.6131607162017,959.7794488624301,551.5014504148154,199.0712845177723,664.0149721540747,895.0565974177742,486.0376767141353,531.9333298588883,626.9046083746715,468.8384800917308,102.01730258306416,517.7338244168787,319.24153091565296,378.0505569110983,572.7025527907905,451.46333638147905,366.56827067297866,128.5846691101852,535.237884258139,255.7952998022377,490.5259592949122,589.2323104432655,627.1703640222044,554.431304550065,148.94785180555508,493.8504222814721,420.0644408817632,401.5347898772701,322.25528774666685,498.22665131102764,297.53684544123684,136.8673235086064
2006-02-28,1047.7432817601734,614.0816757667021,754.0478424493823,931.0197802460076,977.2263196838514,550.5627949462095,198.56424995610556,654.9345674098678,916.5281101332292,493.9945995196223,527.0512457574434,615.3752057220529,466.0038826410962,102.49137698816766,520.8707736590206,334.57438240400086,373.7974881458484,565.1176801816293,444.40064394712715,362.57634220534993,128.67892167264299,534.2059456172893,261.59571402055326,495.82511123317505,597.2287821282912,633.8340491399404,555.8196005366583,145.0933792965309,498.81411287582324,429.00887302145856,407.1715352575672,319.53835341567475,489.32782509196136,293.2427936878289,135.92321271104404
2006-03-31,1091.4844682870971,630.8927757224915,795.0635207915741,970.2203680932658,1029.8118451723592,582.7729207017425,208.18528355922874,688.2150674528002,942.978194863564,520.8392540467175,555.5589205892178,651.3623477526786,486.8962347115445,106.58293524891232,539.9309978795252,341.54891997959464,377.6285386018552,591.9777235206622,463.9182758286411,379.96949191728277,133.67488080658336,551.0884561166325,267.5716065116388,500.66089354303216,618.595836266495,657.4430998023048,569.3843778877555,147.1740183556432,502.0713690329023,406.12253667238275,416.91311423860446,321.0091884564471,496.38882560803836,302.61014148939284,137.2939983112349
2006-04-30,1109.1064850275923,642.445053338746,788.3547748031348,971.8571298542391,1042.7864446096858,588.2457412000525,204.8316268263731,691.4517429150308,962.0838760696946,531.3482276756181,563.0978551416135,676.6058955398338,489.20899182642427,105.26887424022846,543.8784334050224,344.19285016915666,378.0760284200984,588.7703882146272,456.16620143954447,382.65131659123495,136.72026194111893,548.023853212168,272.76222810635807,512.5911419752691,625.5445232952766,659.1452199876929,585.5526166822563,153.1569365498368,507.2954216276896,410.88026218949966,419.2490784176834,320.4326559539793,511.0035054115902,304.53867592110475,142.276122921953
2006-05-31,1065.4365262861158,620.7085674040828,762.3508925562534,926.0544751813388,981.6051211179908,558.0993234550323,187.3107391308988,654.7723023086172,957.8189582470777,510.7696421659691,532.9129946167474,647.8115784433451,462.8122530454541,98.63440871011231,519.3157955955847,333.2977696899022,367.18857302968485,562.2851410711805,432.24940749806916,360.8616200192637,130.68023420908418,529.9450943185517,262.82359080084666,497.60964066875795,602.3143018781832,635.8398224445881,554.484365946329,148.00412457655406,499.229931719231,415.4899278510037,411.71223773496865,312.0148900820683,488.26129440324735,291.7252111317243,136.205627585242
2006-06-30,1065.1893450120176,615.5970323515103,769.9225616211221,932.9489507490639,971.8685799216215,548.4302526761737,183.7462157652378,650.1155616945983,974.1497714851905,509.6612720424689,536.8405633870728,645.6556615102855,468.442826916005,98.76578974251419,517.326296782658,337.13136063687546,358.4884069803195,558.5346991802357,427.1467032425545,358.0728814197548,134.2740713300682,529.1999915159398,259.4103008271161,489.1686883340938,590.962484230685,642.547296731556,556.768841534028,145.34671051978202,498.66879727597853,423.7714730929299,416.4757483255623,315.5921407968592,491.4086267069707,288.185417419852,137.87319308376814
2006-07-31,1041.7210933627127,595.2595531937134,747.0789592178235,906.6062041757133,941.4695026102531,525.986293015654,173.55656936997653,633.8392684920124,912.7763875820804,493.88776533402654,525.259838753687,621.763819411759,445.7275657960211,92.74966919192842,506.11531860508103,336.2467279465643,353.81981245621483,528.051550903076,406.30194412431786,341.6849598558169,127.97514036990339,510.34777101817605,237.14200178351476,482.76644854117717,578.7283788821414,618.9021987591315,521.6345005578646,142.77988761200268,503.8215419582312,435.4234935170931,418.61685014770404,322.61091000818135,482.8792471732179,283.8384285834909,139.11019137211568
2006-08-31,1069.6402603859267,592.148726768723,769.5966661276078,928.0945844270863,960.2838291504165,544.6603843765888,178.57131288535263,652.6364058384114,899.42794569008,503.5659899835121,537.7263557666669,639.3473002247235,462.3242317084359,96.35559083077221,513.6852854254573,327.6102307392568,371.25392989518235,543.3824715804451,412.37372037731166,351.7793586248373,131.3771035263565,529.4327362631717,251.0318831119788,491.56293600004597,589.7959803998834,624.3417301840254,526.9259609315235,143.79905044977716,517.3264783904216,450.2583719412205,432.7200518291802,334.6462326169466,482.8454456259157,294.58710603551907,138.4042071509022
2006-09-30,1077.753481760954,598.2561487366156,777.2680056955678,938.6247455819961,965.2657816560488,545.8793343168236,179.00881260192173,672.0725706406852,889.0170672187173,505.5032083469786,542.8756233494885,650.4495660931259,464.789806836137,96.02364582036019,525.7235000894029,337.9489544009263,370.9227713897158,547.113879012788,417.7976719214344,350.6979888764246,131.78437254728823,542.7664997259598,271.85322059293566,498.3691164119026,597.733454704105,636.8822581765019,533.4988353681833,144.44240740148948,534.2901309433219,437.2463552504912,439.7309821089165,334.85304398870386,488.97854847625615,295.67265952125996,141.7192647205806
2006-10-31,1140.286894279688,630.2790056100405,831.6379026939728,990.1336557452993,1023.2193739208963,575.1968757249772,189.54867247911028,699.416515249772,977.1488851603777,523.7963584506391,575.2836694365828,702.8042516679617,491.8624187149215,101.29217519558588,543.4009527799092,356.90620099804624,387.97594580435805,568.2811678779137,440.36835555164606,365.8137735929762,140.81173385115002,562.1334939691815,299.400651142059,509.966664119924,626.3977625244404,674.673577612179,552.9171259779143,148.21105425300175,550.532016633868,459.0570779430962,457.2247997701555,345.03927358684024,500.44265054528194,305.1989369383755,147.84167867577443
2006-11-30,1157.6249565072105,641.9353855397926,844.5989794074583,1005.5638986364341,1039.8006438752845,591.48760163926,194.81945241473687,714.2637290354943,942.9975316240226,544.8592576166562,599.3730978105702,719.2337066592036,494.73096034086694,103.53377103266419,562.5053000767924,364.8316600974088,400.6445243627078,590.1395347191698,460.60548333102196,379.9246740955517,146.88522555561784,576.9310960644261,340.4514744201467,527.1499908674449,654.3839617585074,701.8008528208095,575.2024507404542,156.0288909427391,557.7671083964703,470.8484180471427,464.4352348625309,347.75956321979885,510.99348294672814,312.5221854302118,153.7399702882231
2006-12-31,1179.7656914253673,646.3493332507643,874.909947580433,1029.6994433315058,1054.3984051146494,601.7700221061568,196.51126453950644,713.9065971709765,937.7016574864222,543.4507964357172,600.3284985284804,731.8123849549665,495.5250035322141,101.70143035292809,564.5235690934679,371.06225518855234,409.30445575680767,591.4372515560173,464.7850174867677,380.1948005388336,145.49877591159833,583.2946460540169,336.71297677953913,536.6434350529767,653.6379640421027,699.3459534376423,569.4124628713007,154.5503611721657,568.4461174538292,475.53900998772826,476.8300824105421,351.4659846445955,508.45691129738066,313.98416421365425,152.95251416040682
2007-01-31,1192.7702486419491,663.7535817472076,885.0204069346723,1044.318086328483,1075.8796638220501,607.1697045145154,198.38657153700697,727.2416584995331,946.1081528457878,563.8019418606418,611.5228240405411,744.4983526481609,495.2143093549994,102.74936189128468,580.1834529001209,375.83040516772525,425.5816753533444,621.6520064262595,477.9956020387941,383.39490017496894,150.05637956825325,603.1832436005207,355.9783464589572,559.0016104875889,671.2469707933968,717.9282747664338,584.4415354163258,160.7346938744699,575.8336431962592,469.429284787406,479.55945780226006,361.6338955803636,525.7866482051293,318.41291084988785,156.81012952004644
2007-02-28,1178.7003307889688,661.3202611165224,890.4084111720907,1028.42460937265,1081.6356200234982,614.5079575632778,194.38828857425014,731.5214756598028,933.2997406725616,555.216365889988,610.2386261100559,740.4922070125612,488.93548712668735,102.02559538612246,581.6217276798602,361.7341341610994,433.3617339604789,626.6127894375411,481.3167154817597,390.6287951514703,150.54046144874042,603.967985000445,344.7632486537678,551.6110501953325,671.7094599562735,715.1757377609794,584.6344011230132,162.7750600785124,560.1963047816216,496.37687288062693,467.61027479220115,358.45079403146525,518.5639170187354,321.82056582180337,155.0239053346836
2007-03-31,1181.6070058046944,667.7416808519639,903.6897430331337,1029.454062406632,1090.738665401616,625.3718437450391,194.289733711943,735.5280187819915,1015.1099960406963,556.1269207300476,612.2499726217146,748.9619568763709,489.67377971224863,103.04870805665449,593.6706033904761,366.04926064750714,441.6207418862977,621.4444871502603,494.01673833646146,404.39416326381297,153.5205604235797,609.7050768899641,340.92086224752154,556.7195201311914,677.6285637174082,724.4379787407217,582.7396010289734,166.000122343848,563.2448930722431,507.7731895050932,469.4844567735683,366.5087678812926,527.2467512452971,326.80041725732997,161.13587782640883
2007-04-30,1185.742630325011,672.1848339963528,914.4770874957203,1036.8486309368989,1107.9625196669729,635.9612651751739,199.22430436875894,742.1205564143345,1005.2644441890976,567.1832800410817,631.8131959968962,756.6013688365099,502.0174763512349,105.12843708265389,609.7014906938293,374.6602034549792,463.4169336020959,645.6435354798914,511.5162932585539,418.9066566008615,160.1133473704099,638.6703359777756,348.99148181950716,573.0959815353706,717.7455299466062,762.2232148358802,609.1680074148395,165.97123832256017,589.7382431076823,525.8651482471597,491.33614132963726,377.0858444135788,552.9800834333264,336.6184821929919,166.17959193825328
2007-05-31,1216.3608765252634,680.068889914296,927.1444241117109,1068.6767733607687,1144.5751411293681,662.9966145190357,204.19614610858568,763.236854726548,1081.0221779676322,581.4700596820364,647.6148440287786,780.823205058442,530.5265468157452,109.32285146537761,639.278110007387,379.492196098938,482.11209953747175,671.2646078983399,551.6677646978841,439.33422080334583,168.96745536664622,660.9720654397835,402.595526452538,592.2883928610087,740.4887325540243,802.7940698919496,640.499345540207,172.49672949968829,607.6957726103112,550.401490199224,500.34921150618806,388.6959404772285,581.0935908750766,345.0857834940744,177.70780259019375
2007-06-30,1215.6553872168788,683.0367105498821,916.5091504227254,1065.7667665069073,1139.9750936371693,671.299984119272,202.02104876023702,738.4743982117998,1090.0357408875261,565.6912881425047,633.6095254118122,783.1219485741341,518.19498776156,108.34594246468299,628.9058226725172,373.89961960502797,475.46811269374587,675.3868438554435,552.7711002272799,436.4311002722774,166.82731357697227,648.1432586216627,423.86142735081387,578.0195731885941,710.4930149757259,799.8895609470804,620.3870255908989,169.11717357533038,596.3956697186225,527.1624384800323,493.6805572152336,380.1112019358484,581.7647539725374,333.67793766332727,177.16614920789883
2007-07-31,1105.0392565678533,675.0677212478967,840.4242267912325,1003.6826550575805,1066.1753860252861,635.588167564095,188.20604136181694,690.0489395490611,994.0134024370032,513.7794957035314,601.5583875688558,726.934515007837,490.8451745024927,102.54369220787183,591.4689457662903,350.0167814027568,448.61462462502845,644.6452608836753,532.0173092692467,421.5374525443856,159.68727138319144,611.4479798915387,396.9038405713021,546.9452409339752,683.2313979911073,773.3636233269533,612.2773263923748,163.49149079634702,580.2291722995598,495.8885268172044,475.00462173578126,368.5463186169502,563.9197019091838,337.3430561306213,171.2750204144378
2007-08-31,1114.43209024868,652.6325205999441,839.6569194721721,1007.1393381215987,1059.8732233184908,627.9744569048447,189.60478866121798,693.4260390592141,1009.8530060048369,522.2404164387772,625.2670067397195,728.1114219876348,499.8070256985592,105.89605059353158,591.2329496569295,368.369561318829,432.6448412176267,646.4850784582371,536.6320274098482,424.0751080087028,163.94549216189563,611.3868350935495,388.6025967457533,553.5200696752427,671.3254076497143,792.6675527288174,614.3419255369697,162.33446151598127,588.4254895874634,510.9848612391006,489.2965607945674,380.4525759861894,576.5768796185355,338.37262713793194,175.70915941794718
2007-09-30,1109.3135036581677,673.6061719144645,827.0645846508479,1014.4904481505483,1071.3940452559627,643.5218485088949,194.83579517559235,683.8907375961109,1005.9963773749043,521.3698416645738,644.4220614911908,729.0863631816762,514.7507559599203,108.20532576882471,594.7105818668115,364.39080168702435,458.131516168916,666.5791276668762,550.7288141378775,441.2471813572991,168.9563221843318,621.728443409157,353.152324857622,569.2095960501874,679.3544595252048,829.5820806593986,648.2615862716425,167.35757675867026,610.0289430121776,513.4651817555551,508.70304098880166,389.8600268325999,602.8958844424827,363.885923224132,183.44352519720638
2007-10-31,1098.2270245026082,670.223995325282,826.311128814231,1028.7734591700598,1096.5996615646545,658.3164158061145,199.12978126546722,697.5945401960618,1026.8456522959993,525.3650987612493,642.5732145967725,749.7982485869412,528.8595594300258,112.87492660237834,609.3916072907756,346.16142305102755,468.2117839191807,699.0728604032535,557.6167794163,453.80551738590924,175.48547029882312,631.9801237125305,326.25977531971404,577.1523467534716,698.2262470563555,859.9323410803228,671.4343449345085,168.32189111595372,616.4019153798258,544.3881088616017,526.4847557865652,405.85832289370245,635.0947449429024,399.1119000218441,181.08003881856555
2007-11-30,1009.5671568145125,612.8347252775641,762.0646122377957,951.056825743976,1012.1910958150386,602.066569657561,178.97764827162067,650.5815513486285,959.731020461933,488.4450664458026,603.3029951599053,692.6096365707181,490.50190444412544,103.45540110248328,581.340702215574,340.8229215847346,441.6744764302093,654.8390251612376,527.6922749489243,426.27858231231477,159.5047104605905,603.5700892311575,297.7580476075592,536.1364380790894,686.2928622679153,812.8424460827644,620.7927523365131,160.19934993826226,592.026918038046,540.1054076091875,501.529378362282,405.91149033400154,609.4540648053226,379.7689417872855,173.52537959905501
2007-12-31,1001.5582605595031,604.4082478049975,759.9628380372438,947.9801569126942,1003.4012283389807,596.183777205437,178.12320897877197,637.5133197266887,955.5341167094531,492.3086669213889,613.2538747620729,690.4971771791774,487.6692559459606,105.26287041514477,574.3151998292988,340.4326793395201,439.26249211442394,638.0090073755686,531.3011624173,420.01313970948837,159.07644031300381,599.5086661007209,285.4394994199868,533.6889752392584,690.1484555681365,796.9619432136453,608.591070789339,156.3705854747378,585.3334617027078,498.3925268741223,495.4042000643434,408.24223411149933,623.3861847267723,384.7192299434827,173.3043082654458
2008-01-31,957.591856037462,586.4899608905706,734.3513304325506,887.8213361550145,911.2839785713206,542.7937314053585,159.5773767063202,610.4368540112567,864.1153011615096,477.1426061282086,570.4272904180635,645.7253402108795,442.30674942712335,95.3961605196516,546.964587067828,311.351558139621,427.09799592029924,599.1453267002931,496.9488231588846,388.2635064525688,145.70304305232992,569.3144121325582,284.3519749271967,504.79878994263163,658.8384905843768,741.024778343366,560.868401973393,144.53958697771913,551.9179450410237,495.4784257694893,464.23881724249566,392.778834767824,608.7278819791069,329.76324210374605,166.46918634745663
2008-02-29,920.9821617892936,569.5157684424757,705.0411657809964,851.9746618864197,868.2941568822185,524.3913955295226,151.55685817568383,588.9445932552284,799.8372203693094,458.43050454367864,578.0795725190218,627.0412774918776,426.3279757973191,92.0781866606176,537.1460257653735,309.8548911996438,421.933526953631,600.8415071201817,494.9689790474197,372.8859420160083,139.93378535962987,551.2062286258579,273.21447677324824,495.8143810792327,644.0646962715128,751.1923793270154,564.6161246353793,140.75655236775125,534.4238019370583,466.86058285389515,464.78429785275557,381.82305472964504,597.9710515766542,316.39200216292335,157.4483876084743
2008-03-31,948.6466239651205,583.0258215014682,712.0048573754151,857.0285755807299,857.3371529165219,517.8459421305231,143.5779958201668,607.2248444852775,842.3789624463122,461.96729588623305,578.6275919537698,625.7577239968517,425.1342574650866,92.19779622508973,531.1756476889914,298.52597666760244,418.7314734175799,601.3546257672623,496.8082837735599,367.92506744342734,136.94647890977248,545.0051585538171,274.59858131258153,489.68214881404475,629.4238175958687,720.2620331082255,545.8917600940962,141.74593017434418,533.2913579007536,484.43088088960155,449.30465681276957,376.994520379534,594.9674429845846,308.79384823098076,159.42216059553414
2008-04-30,954.8289540135013,569.1159914520861,721.5855947362587,871.1746892492654,867.4365845778784,530.5554350882325,148.51219722452262,628.9877829116298,854.5269094637504,482.59736941862457,592.9254797509474,637.7897935138632,436.4662110978185,95.44952030015243,576.6649989814289,312.36713357579583,466.66617756853077,639.5977731929314,543.5802996494217,390.38836451111837,144.99674072600453,576.2225090306212,310.5778604290625,516.886440591409,664.344880419905,765.4419096590052,577.5169074316274,148.6700771174307,551.9554888445642,516.7462960919851,470.89374557262306,385.3788785127748,632.0386744220681,349.53456459733513,165.45772417352046
2008-05-31,972.0999001336976,585.1650624110348,755.5058903736207,902.6493595971522,891.3960504805038,565.1550772320765,153.31181441442476,644.2042553558279,862.2543963060311,496.931959082466,660.3221331832781,689.3984680254181,458.0123656086624,101.7550110607008,604.1500061628818,317.29472510795404,511.7745969584825,682.216091614096,568.8812446966041,402.1585737011286,150.66509831120624,600.8669695193519,315.0560825985891,540.1866475603886,697.5196063685535,804.4335205370351,609.1220977077307,153.6417531663147,556.4787640756454,498.89219481571087,463.6763571342315,401.61643218003206,655.8178654698495,362.6630828436111,166.7959462466359
2008-06-30,864.7149404656284,529.879837644565,682.995457039122,816.130418479765,811.3415539789507,523.3398182227523,143.71434152026737,582.7233338374338,753.2223278931335,450.39428111439304,634.4249594419631,631.4841709220068,420.4585577153114,95.4553583259328,557.7186615892397,275.1494186560398,491.09787969216586,636.6965873333287,542.9049893012677,362.7643262970871,139.43000193013958,554.0191745068365,260.3963727163947,489.9244407514846,638.9167991198931,749.1230849654701,548.8025637380273,139.4354221015446,508.7440156932366,461.411920895791,427.24808781233776,377.8411410114063,620.6765209665132,335.2907240029067,147.16372978151438
2008-07-31,927.4413622470051,500.6415980831756,720.057522519893,845.256480854471,853.9167020239962,556.2254457202337,146.5587357676365,616.9239490236866,812.5167427672089,462.5188951619925,656.9102488545052,651.1309064477323,442.671803777969,97.538003333888,568.016936675485,274.41917209892665,504.6492345843914,641.7366775186593,562.7655396198867,363.1314437952998,137.52580639377965,554.7261029735073,254.8606062288169,463.067272833929,604.9532599122778,720.6361814134882,541.5786755915436,129.81856103920106,514.2760981198849,458.3647565701952,393.19427897325534,370.50384389410584,579.5542187463977,315.15215724712016,138.35656920900988
2008-08-31,986.1391260636183,505.83074824730767,739.1952113534268,889.2410923486951,899.3476323217787,577.0672131713708,147.38532703736598,663.8761800120324,803.5904338311683,492.6182373024495,677.8807947286874,679.6081166412239,469.07319282709085,100.30408357043375,591.8157102883144,292.0862783986555,524.7166113976398,673.381354823782,571.2058971831058,378.33103663823965,138.96020055446675,568.9154419614666,271.99131673709303,468.75883268433086,623.5755361121574,724.0649683646535,543.9442912465273,134.41881156818621,522.0982375722882,455.32304804559544,397.0727473410476,382.5885677703999,584.2862789424621,319.3720446326591,130.33686903137882
2008-09-30,925.2065756032733,451.29410029427595,695.1184792908446,820.6761579231489,819.1366156902639,522.5666772906138,131.44177189977185,630.7275145916716,676.5114462155411,456.54872996716404,626.4309981703695,618.4529006571468,429.5964619919557,91.50139719629247,554.560911325665,235.80738636308095,486.83574507101,609.9367103349949,509.3105973702416,327.1564672984048,118.11728215290118,511.7462670296427,266.86591236449925,390.3589179178765,526.7174188144643,607.3652452184172,478.55130855286984,114.77619063372715,484.82146760610203,448.60566711777875,371.8618044668698,339.93606388108464,522.6808865496057,238.98003292977074,110.1540745250008
2008-10-31,753.6927058245142,379.3370611787549,568.8870488070651,645.6366022281943,656.5748586234525,409.2240552529889,101.164685509747,507.62148756615454,542.7915172451311,366.08314257544055,494.2026902145716,446.15625170437016,350.0446483532093,69.72305814820571,455.0028091590137,178.22463745753475,405.3214284235553,477.0802960898263,422.4028556561783,253.88715919518864,91.90540360122226,411.8191087055654,230.9244112872485,297.8672759064149,402.22881031250324,473.5292766083129,376.4825356055539,88.16808546387273,408.60316950521434,376.1773849502792,317.12597802017336,291.12974350935787,417.32253220514207,202.30711299649985,87.22153836593898
2008-11-30,655.7375259266196,342.5113986165825,491.5650589073064,548.8860204744926,570.0034937893745,350.1055021108658,86.91189646233526,458.6654560622994,485.5688071225976,320.2213447230171,422.87491013859267,390.5955213671216,300.67715150665947,62.65237309833802,418.3245777098964,170.62246554678362,356.3022601914389,433.16505483475777,382.21460316333815,224.58274161940238,80.61261903912566,380.121391908498,240.72876901727116,260.112002950725,365.5503695577267,426.97377224929005,349.32082659175563,74.3125590013106,384.13069987403856,396.4838163672802,286.2480557923051,269.80681883524545,364.5341531389171,183.95947630462132,75.75373772312368
2008-12-31,670.2791613015683,357.0023708692529,507.66037363110837,559.7589036540719,594.4469536135441,372.00810232292156,91.16623379416659,483.5040251698972,508.9348636901442,328.4564770452589,455.12461941049213,426.860362548452,316.5977060017856,67.13458652216623,436.65012248563386,165.98750627020524,356.9674765112163,453.17381504768497,407.69837961465055,235.19270408172778,85.24244358839978,397.29565651631583,250.4920057023046,261.39175400524255,374.88616044586144,436.04824583090414,373.5685824487958,78.45838235543472,389.40596677540873,390.87039849515224,287.463751285255,276.0555447594698,362.4307910753055,179.17781763703528,74.83651146677211
2009-01-31,561.7287916871019,332.44810480323656,446.23956034622785,500.7244906390989,540.5817373588065,330.2620970964479,83.68668247499178,416.8868405819888,469.9514710012066,289.6792338217727,411.2861058196347,387.4393812067399,287.13923925143746,61.89661181253378,398.67335138269084,155.99920808039565,318.9090320354965,410.1100669251486,363.03542982624515,218.95570537003755,75.62828934583851,367.1647539261184,234.49182883806992,240.83276976922227,343.6802615641875,421.5186822315726,351.5568008651654,76.51033917993163,353.39798643365344,365.7448584094854,278.3155048643531,267.0094806132467,349.9280160755807,176.93361547113142,69.36154712437452
2009-02-28,490.57572910168005,286.8365572723373,382.64149820568343,431.15433063419306,479.0332630700822,295.43067476407396,72.31985514114355,374.76125911485997,392.0438560415686,249.49087499674292,353.00192919172264,342.5095859257191,251.95721682291583,53.6589774362391,364.19607995511575,127.16119447465371,275.0695641286729,364.72236559840854,326.2886205838028,199.51725575869634,66.36510958189218,336.22267861850264,203.04905400100196,211.78063108642147,306.31671824797525,387.64122574062105,320.9161647721602,68.47162737331375,315.63105041946176,344.9592123612159,249.45669184946345,243.43708263626746,315.4443597314126,166.79001129617146,65.05440313259224
2009-03-31,540.8764209093916,303.7524564009162,415.3037764925206,485.69837153973293,523.5459919410804,325.0987094159065,79.23240385509948,412.11858570720653,414.4977758524934,279.01487667123246,371.59489380417983,386.5724166263051,280.1900307967909,58.66756004911509,398.6639611581478,150.74819727656273,301.1412075559167,393.03612756217865,354.49627183327254,221.38714023143012,73.77802595707995,365.5043116993879,208.96224855161915,231.37309261011958,337.37447662785576,424.71368200555116,340.61143163655714,76.65508239046271,341.4641893720931,377.072845276771,278.21356037248586,267.2162603052607,335.8119711505504,183.85162871170203,75.24185760875305
2009-04-30,643.8684863496952,335.21847711194346,482.5888025371799,575.7152792290493,609.8708728222854,390.556359260671,91.59218346207186,478.93990531235875,458.85193935314123,328.2174760829443,452.5234309411107,459.30601681454436,327.71418268035774,65.61338848600997,457.93652157521893,177.17737122308972,337.1354115302453,468.3599292649599,398.64594651993195,260.13321057903386,84.81182485106508,409.7972207040549,225.26840865509618,277.783295764413,409.2794362060272,470.20051734834567,379.21054090390675,87.3184175916352,372.9912365126291,376.63845735901214,291.46737617507074,280.9041460231373,370.48153486410433,207.57069503505613,82.87499357944583
2009-05-31,661.4750701089276,364.48137407143054,489.8430774169188,581.5726064799256,628.1767569409192,412.5282789199578,101.44484622927041,479.20475907999656,503.2922085314324,338.8241520400407,476.61713597470816,481.3063157139442,350.0538030853124,67.79798625565168,457.0838437720459,179.24077888835384,347.4959198619813,483.9033902374761,410.77315485901477,269.17440044591876,89.9412440180575,423.15701989622784,210.89493257244914,299.26538915905815,422.94282090432927,493.76414607474067,392.27093114317813,92.7548622708904,391.2379678028269,418.60502083178267,301.521834783606,294.99626431668,395.3571470410198,222.54069356098432,92.75733931383326
2009-06-30,677.3769307943463,387.08796681683697,508.5864329311998,607.6677693326799,664.9502242922406,427.94982357082256,108.51666790475909,476.72774968031206,531.4292627415907,345.06122703079376,469.73192482841756,494.7140657507875,356.2385536782237,72.82791885595847,456.6427578628059,176.9525911050651,348.8035470084219,479.1514589453441,422.65600068277644,274.25156798712965,91.8393640318146,424.66599782917774,224.0109102189949,301.1612353993808,423.4668470594297,505.7813778619077,400.4854767122475,90.86813561743821,393.34556673538077,416.8443681141642,298.2087128630037,295.05998350977245,387.2543023124141,225.50716100615227,91.461519283619
2009-07-31,748.2407184093968,412.4886791993578,567.6617986347562,680.7185502230079,741.8723311885911,462.8816558696145,117.91855201202743,530.9850883269278,543.699964418294,382.310241427541,531.5749511236277,548.5359878200786,382.65720481900075,77.81648564175391,504.1491305343051,193.3760919432995,380.7686016633677,541.4837930880849,461.67053079380213,297.24783621441844,100.61057433303708,465.9736841040197,241.7303972282276,326.44763620721903,482.8872915719619,537.081152649514,415.75598793928543,97.04217109196505,420.9344314406336,445.27065295334154,318.10489997651047,314.39880494896994,415.4719743047105,247.3860912741302,99.41254353950184
2009-08-31,771.3269375352003,427.79324666369166,619.5301924996112,767.2126913699939,777.4859124472996,492.2089118222015,123.9252051329681,550.0777191478991,563.7782604042972,399.93053814469494,544.4018546942408,561.9992551051346,390.29465996998323,81.98231338409957,518.630814308903,192.51054055576128,395.3611775535146,578.5120793108275,480.46929313719494,304.8888890921463,104.05548039820027,490.03050749325797,251.64932061769346,344.21585459834176,507.33394359508407,540.4481143954739,434.3747883471705,102.7889114218601,430.5157409690853,467.4112909007936,331.1220705884492,319.96366379656666,424.5745497897524,253.95567631400598,108.8662787799343
2009-09-30,811.5423814044104,446.9489726627985,658.8356660325564,813.6727903212867,844.5611770859529,528.8927498113984,134.9352160578015,585.9856924984356,567.0459192016004,425.7200588969555,596.20659078509,589.2236230209376,419.29550467905284,87.12481795574398,553.0896828732151,190.96756857320688,422.7272875414138,626.6772594980091,507.63502697117195,321.0687326584883,111.0792253250788,523.7671478121388,258.0860069404529,359.2931974614583,529.5303109613126,581.165475334029,464.7380204274261,108.7122252314562,443.0799123535271,489.75448542843327,340.10508124144326,327.12701030164425,430.29739014636846,281.1411235520677,112.17320086415359
2009-10-31,748.5658810650468,416.19843639462533,606.6730110100948,753.7148697480918,782.4808632030728,483.47514270684417,119.18827634385607,550.7005640246423,516.4949095966161,395.4207108651414,542.0197585749963,553.521974478476,387.32254526525634,77.11870686316269,525.4927200565731,187.39303762465357,399.88690946826364,582.4758323538359,478.6952617185724,305.98299718579653,100.72441994027494,502.58233798458116,239.41761371442217,358.68958488972305,497.236904947337,543.0822829008654,446.2944273487432,101.64636544031247,441.4923570275644,466.44657971240866,339.69083325249113,319.07576032410014,428.5620007719082,271.3160847072936,104.37716340409492
2009-11-30,759.0952087481077,418.6993727989206,625.7698640506705,753.3681609080077,791.8753284466889,489.58626851065867,123.06713960919052,562.2311324341903,530.4263267931656,402.34255040883573,569.8730699286482,578.1896812711093,394.26685117931714,79.84616416879216,543.6458660709275,210.62996168314828,418.11415468873656,607.1471787090151,492.65066468345395,318.6874112289508,106.87797692768616,524.8261296814408,259.467162939709,385.7207906965975,520.6771498834595,552.2484256716662,465.296751476398,107.15234576348331,468.9527401423219,516.5023615210863,359.0885385945414,340.4480929021291,454.8007092691683,290.0987546194101,109.0132838710146
2009-12-31,819.31119527726,436.5012140322123,679.4684276245868,841.3999838782694,862.8788297718612,526.6655741425819,131.67814736764558,619.0012965694677,539.8647328521233,430.77650078877855,620.6174174404447,628.4355209529313,420.8077128001553,89.26944877166466,582.4594626790614,223.10051919456075,445.95470379284075,648.4277225366197,531.5552876735063,341.9579659968888,116.08487337214477,548.3992201222125,281.8189616911502,403.0195967177584,578.8706315401844,597.2025520181911,494.4359605376074,116.19825394518234,476.6979635985125,526.329851953748,357.54804876397077,351.77105602396097,482.5435525345875,296.2714759202019,108.1346368030142
2010-01-31,792.1371008634992,416.27156526788946,666.0788227898166,835.0448898000368,845.3744698311093,506.7354954858783,126.66502861921197,602.390396776026,521.0612442068838,419.8231467032223,615.0920605729724,607.1950287802431,405.2689671972967,86.26981675403918,561.2614329943196,202.95677331648386,424.6197848086875,637.0497612892697,508.9418626253001,330.74755799761283,113.65556522708589,532.6491945203026,266.34512796157424,394.1064153167485,538.9198749044385,565.9587061042554,474.71192119984113,112.29922153405177,460.0087678929286,512.7394888464503,364.2738851092698,320.7575126406645,467.5282448103688,288.09467945628023,105.666139314075
2010-02-28,838.6751555392298,428.59070597042734,705.1150382782365,897.274105077715,895.1382833721874,525.5004176192159,133.1258317339921,628.7016045264094,466.78333652034104,431.11135147177845,640.8551915300714,617.6594279062418,423.6057668871055,91.08410387799836,591.0021150672555,218.0782706692018,450.71861526216867,675.781749725896,530.5108187633604,347.902110840717,120.16586965885858,561.6322351417358,282.40360841663346,417.85526790373575,554.5167550040479,608.3405238108727,495.2802393215879,119.08355440458844,472.84623257851644,512.4067209181889,378.73956536084404,324.70154701609414,483.0581305182348,293.62523301780243,110.51790576682008
2010-03-31,904.3350334663961,455.40762644299696,756.8655462825913,985.5246024085287,962.8456479881763,580.2065875946291,142.58601958867305,680.7184891801109,479.7753171257117,472.1393565686446,705.220764401777,671.9591035323353,453.0573814356984,98.50955327844441,642.5109044059423,241.9307996019164,491.96973508680816,724.6198209968368,569.6110576386764,373.6573041062553,126.31944367821907,608.1685205133448,294.7138641111229,457.92048455614963,594.7857617524418,644.6456779313818,531.5624885333301,127.83500481778165,496.0034039728168,559.544039988895,393.3880755303054,344.5398374341365,504.40205401518296,324.7964877549723,119.38752029413622
2010-04-30,975.7051543075642,479.90400266936575,841.4853849536239,1069.7593612255905,1071.652983284728,627.8827431038674,154.98415916394734,721.1647396517255,472.76148176465085,503.45258297499026,740.3901239224938,713.7683989541172,474.1417658529529,101.56758534086717,671.000480418206,254.4311220865478,509.8789093531732,791.9681610197458,588.0539244629014,385.4204096968243,132.31014329465862,637.3904097554905,304.0218120813445,468.1485964991958,620.9765579854488,673.9938170648858,564.9515231255742,130.5801337112387,501.7719235610206,547.5860243102923,389.3829915333314,336.7280856999923,513.7254215815996,343.1861400951711,120.14025860959075
2010-05-31,901.4003282812716,416.1372382186765,773.8981203195337,973.3483685544956,996.8269570328384,573.9375693473555,138.89974814175372,672.8063168696394,447.54769365769675,457.4224167661699,661.2690737196403,662.4869945628598,436.30477879612135,93.6109838404343,628.7898531965379,241.66504053585527,467.65940602200243,719.584647007024,543.4659117483508,354.56403711690626,120.70191287270175,593.3715906673665,283.12365674068496,425.23715984688647,573.9437934836309,647.2699622182631,524.5281117428931,119.42571752935727,463.6307343353768,513.0278703160698,355.4509895021423,312.0226827802695,464.7334830270487,314.922015969213,109.21157984491072
2010-06-30,836.8131919592619,378.6574217212732,704.8478344321437,869.3558288581332,895.5862207957123,536.1443543434015,125.08450139207864,616.6700490153041,394.8677497326366,413.3849884368404,607.8861439364011,610.9614060737388,412.5846331920914,85.81309527554228,579.6857671908607,211.6492758411399,444.4938973447026,665.7071857316672,503.4798638255542,329.0496090059737,112.54946427345374,552.0491930932911,267.9153863952023,403.46246583976676,528.5345084307929,612.4054129733386,494.18048878178456,112.07315380394485,439.89191347593686,530.9571683278757,360.00431667766475,292.9774422687275,440.1267745677325,295.9586718556109,100.39132502189621
2010-07-31,886.6345389689405,387.78836678865997,747.4756217629309,937.25512715944,964.2812662756265,563.6834091042504,130.60723229754169,650.9760205120746,422.6842083625522,449.69713920612094,659.5546425125635,645.4672843659713,446.0914564228876,90.72426453125685,621.5095156079142,225.6498754380313,489.0459651694594,724.6628798072493,535.2041300452024,344.65412861386403,119.06382726560123,589.3196902665984,295.60444157914645,434.7053888070009,573.6718839852911,644.8647370771644,532.3104669352095,121.15836401706164,467.2976195774011,565.8776903316317,384.8924951025417,316.9347936779258,470.98538311299995,323.20521910398213,106.96806111540566
2010-08-31,812.91353695729,361.06974831692133,665.6733846684393,854.8207269603859,886.5341606196216,518.5661890395462,117.97986386455075,612.1459518645498,392.9758487777902,417.887812064376,596.1213152142751,610.0130573703173,418.839283258557,81.97554225397869,586.4607294942371,224.95758162018743,457.7822347081062,681.3439821781316,494.0105385638833,325.851177973206,110.6058901681347,567.5472743096989,271.8071016142589,415.046272303593,543.3085785097176,614.1517642443903,505.390994311829,113.99257373563654,447.503359709722,544.7166941016804,377.9297898661367,301.84742975968186,448.7638217523455,308.28865183189515,99.90046738138858
2010-09-30,906.883090175405,379.77171700074456,745.9223082103736,950.5555194555873,1005.5460524778422,586.7685327882162,130.52973592341462,677.4166261280592,482.2913996880064,474.83213055095234,668.8838829493296,684.2077255121543,484.134652161433,93.92495309725666,662.1200282062886,244.9956782030056,521.7234261231955,762.3632764429153,560.299342681078,368.9186023147467,123.74664416134028,634.6188760930705,318.54487635103396,453.45340920375065,606.2856490790931,686.5240222947135,554.2127751443403,124.36225018321991,483.1264171560547,582.600650743064,411.47861731255364,334.1822319778283,503.26125150212863,335.77720947248605,107.38511029806959
2010-10-31,945.5652815037465,409.3096016056284,779.8975775047396,988.3876291299197,1050.462789095975,632.138062511934,139.16127577082227,697.2737396897509,505.5648534713509,492.9863873983068,698.1669504609683,709.9428306918429,501.36645683581486,96.4674076526463,686.7343402548573,245.144635575353,545.9178282862326,793.0270521480023,593.4505738894893,376.15420286194586,130.5859974374934,657.5349637087913,347.5713225738928,472.67983375398967,627.4923085125815,721.6562026116233,564.9611777054896,126.74726941723368,505.61885063317203,605.5143343367888,421.2310720214785,350.81682093898866,525.328250857994,344.2579344521327,110.72403553256747
2010-11-30,984.5168977100119,413.31387743813633,810.4001516585274,1021.5460573119701,1119.2849091863868,655.3798826563103,141.34708192935457,725.3006576565804,513.2059606667169,522.738608864182,723.9691064491542,737.1520996209385,515.9988368785681,99.37252363410572,701.788243727584,245.17062090672397,556.5954350896832,842.481012147004,629.8302809700627,393.32338529737655,136.57845827390256,675.6592574484604,359.57608848427253,493.4541124474775,637.5039482948997,742.6809344185103,583.4630913141666,129.63976885260436,500.6516510445517,591.9520242763133,421.5162454572371,350.6298355734282,529.001871316244,348.19727799606846,110.29331903434579
2010-12-31,1061.0758852266356,456.0216003938189,871.0812942144147,1116.0125074158373,1236.0587844768934,712.7669113213449,153.67452633274127,779.2775325993831,519.9207474560802,564.875522647506,789.754731213976,790.6641819887213,550.3483634507376,110.02476130506369,754.3690261006295,256.2023181650429,602.0598200141137,908.9064275497346,671.3430246190806,416.57705715954273,149.1592463793448,706.5720197952425,363.23225815198066,526.2165047893153,686.8218912389415,794.982753863065,630.0100263499369,141.82953703827707,525.1465337235575,635.8186290353096,450.65734957067775,374.2121464245902,561.2873845245457,371.84161415839156,122.46937057578047
2011-01-31,1038.6871840483536,445.4952537919284,848.5063513935538,1100.1327654478173,1235.544584022551,708.4596608762299,152.22998578521353,785.7447568424254,509.21193982072737,572.3228415380908,798.9285221717575,788.8077024894118,549.4017642656023,112.02963250556455,761.8025784838252,245.6127077483272,617.9957413900673,931.5918230749484,677.1602119274048,422.8952813854815,151.23852627387288,728.5577147631911,367.8950706498776,546.0490786383199,696.8714691515496,804.6871083394715,642.902551529162,144.72753996858017,536.1536050704033,688.009801199673,456.00124442188684,382.91931464759756,582.7717817419917,381.3689399963579,124.22545888046659
2011-02-28,1093.795771285223,457.77399397694154,901.0611377861677,1170.9208082405573,1304.2124453687723,726.7053309824364,157.96296704988467,833.6736155202997,550.0283320689975,603.3805128569968,841.1574870681901,838.3314164748045,581.0522505031794,117.84150578068824,800.0671601984893,262.683773387667,659.6418564066025,987.4659058475144,706.3620689065622,448.35865206826406,160.44653270753136,755.7839165638915,393.2102983563663,570.9429100843622,720.4096967650814,848.4347276714551,679.2014724910501,147.1838557769269,548.5601994917324,723.5585796178589,478.8013066429812,401.5835678821508,605.6420775446745,396.5668736241528,126.44636163433158
2011-03-31,1123.2079395750827,465.32680710356715,934.2625375301747,1209.5248963674403,1335.7743865466966,741.1747608276278,161.32963176661883,852.0777942565259,584.5783617479117,632.2854563254114,879.4284704148187,845.7548411676889,594.0643346009476,120.55845953796778,817.3062072992861,277.9391335271558,688.5968356935704,1032.9782094480263,730.5881687838505,462.88412731931965,162.26744040722915,768.9383356316858,397.5112325997882,581.5544550111902,736.8199092476933,868.5723259327372,687.1970322252147,152.06829921474,546.1256893263882,742.5150908452673,484.18207572703506,408.92130283449353,599.0599594459189,399.33728980329107,125.16874759637831
2011-04-30,1136.7594433660563,464.5971746700288,950.7896418190835,1237.3669499569223,1330.2122220011163,749.1512836036546,164.8437138057593,868.4589898511076,591.6511753466997,638.271302740444,897.6563843211065,851.1279216736274,621.9532788531236,122.77275676430163,840.9753950626734,309.9791230227657,716.929841095018,1075.013191725095,759.0007426678545,475.18805030759444,167.93674024017687,793.1575863890772,408.4594869680515,600.7492413532896,763.4323707299015,892.68389370063,700.5719480634141,154.7579312229511,571.2054193573238,784.2392413451354,496.50547791843957,417.6918469376877,611.477274285314,412.141241326254,125.73000426060045
2011-05-31,1105.0165726695025,438.6930945991266,942.7963533003104,1181.9984910471999,1313.7122695994146,730.4921725829383,160.21193513524508,855.2783877621373,584.0111837194479,629.9973918430196,878.082986860985,838.2001396713266,614.0843259690738,117.94840128724842,823.6883048417651,322.7285643526921,706.1285761090804,1056.6874418457573,755.0463487985551,469.17454553095183,164.37564166338393,795.0817866936571,388.31018047591755,591.7428087269211,758.9472055518635,881.4682132601753,700.7884247953656,153.38553788886597,569.4803789908647,805.608976432549,484.70552873022996,411.96946863464143,604.3902526763472,403.87698515518,122.46303582989302
2011-06-30,1090.116529203627,431.1102844589807,911.9772833072767,1137.896945347738,1291.301651992318,717.8502750442179,153.23182154527274,851.0635758672454,598.7008170235431,630.1145713579024,867.7751706782238,820.487294319792,602.0955576731797,115.75161231327343,812.5438020772559,338.403167994738,695.0762516358211,1053.7128666969616,740.3825936585383,462.1153453188931,157.76971337621583,783.6016007755874,380.8157939927324,585.6591009103996,737.8849027033882,871.878720568118,681.6442866068057,148.9189510255422,563.0623351196376,792.4243799242539,477.90995721743207,409.3402794858152,590.0402149070527,396.14233701247315,118.92703813334069
2011-07-31,1062.920302033055,418.3313134070477,898.5502417651437,1105.9288685651386,1267.6759969674667,699.6879452353242,147.34511465696798,824.3606051108347,556.889946765887,609.2962160348087,831.7607655447363,790.4459725255671,575.5323058597544,109.57337000605246,780.7343373135355,304.63019342569515,667.2558246640974,1024.2510549441145,705.4831793412558,445.50599557744147,148.9248277049184,757.8704750109194,388.64308182245895,568.9461471477194,717.5266582378017,844.5043443784407,646.3937339692213,144.00194510058085,552.1546915637,784.171280007343,456.79207202790815,396.5451210296476,591.669315940411,398.14800566476725,115.02872875036792
2011-08-31,985.0837112354762,382.43053842176823,812.5068677141971,998.8296110044221,1130.935590202577,618.409394765008,127.52911222209633,763.0075670754609,518.1142566625251,546.9103764750046,772.7090782341222,717.824539245753,514.6732177089204,96.18843499296311,727.9520117051167,274.44255977798247,611.6794197720001,934.031949271472,637.5860671950946,411.89835978906603,133.75936572524347,711.5327584278018,412.97680246152686,514.7580092549292,654.1841223752268,804.4039000899747,587.9487517249263,128.41013449481545,532.2859571424717,787.3063967848121,437.5360022315717,363.88407868116167,551.0062505330903,370.67220994184737,106.48600518099309
2011-09-30,899.1755458623416,346.4583571167399,724.8975021960462,898.9766147923101,996.5216334358204,545.7128967728022,111.61602959902315,702.9161431228658,485.0326613746229,470.10829921699616,690.8513693223122,633.7816421908603,454.32932695220273,84.27290023133982,664.332645642148,251.01367289229592,526.8908653208846,808.5045935130311,550.8998654992496,368.00770626502253,118.24194170745798,654.3404668381335,385.2801002276421,441.0065702369385,585.5124524971321,746.9678528157505,520.6668363212843,113.70858660663852,506.2859172798906,712.2296460938093,407.42083673397485,333.98809054487486,496.1375991112558,346.10961595005085,95.94868253830792
2011-10-31,1006.0623413500899,381.6072503629474,834.6390101560035,1039.5756583692125,1119.8790533955737,613.8211405674285,125.52338688706143,789.3762345592646,532.9732896248906,554.1359267273413,796.568900112859,734.744959136791,528.0374453102933,98.08371166705227,757.3810689887242,292.14025508631545,612.467425884572,962.6653983765348,642.4142493562539,415.6061910010468,136.24865228426165,739.6167338383464,421.590437993496,514.6065977503515,668.4104765465812,835.37822090717,593.5190607261948,130.85834305582495,551.2005661454589,790.5613748008526,451.10572111110184,381.78345624229917,557.2185873506398,383.789185400069,108.08705441754671
2011-11-30,1005.8993592507912,376.44753873079,829.0043621984403,1017.6936303361991,1126.3877904539088,594.6785144776927,122.80957126256318,799.9649273696426,545.3857045669646,549.9056530627048,798.9163886614916,734.2585579738424,535.0661517448186,95.04292043795031,761.9230832594496,274.8385406190836,603.8732829645596,971.6826851631276,640.7638871496576,410.6550744476514,134.86150475535555,742.7571464902239,440.13409340863984,515.8118064022827,661.0552876626626,833.8653509491071,580.5215868153518,131.90416293352712,554.9575492043062,809.6597564932915,461.58490701251276,375.8868107606368,559.7009961572869,370.48206297469244,106.0696095468432
2011-12-31,1020.2102894348523,371.77657767021833,833.5572541556342,1039.4865217362185,1154.1487439374357,596.598731400941,123.17873683377844,789.9181678468074,538.7325443569522,555.1468038420453,804.4600694824137,740.6444046525407,534.5482077099297,95.75631259875757,765.5551705973475,281.9909388001546,606.5067743515681,971.3493980021168,640.3288084702831,406.3817977429491,133.10142725679341,738.7009497132408,439.57292243954385,512.1005404552184,663.3914570492625,842.075589194552,576.6889832991968,130.23702621821027,566.8414101629673,816.8568220687604,463.7123518489335,356.4820300419297,564.8054692422414,373.9116154316492,106.82100666087304
