date,SMALL LoPRIOR,ME1 PRIOR2,ME1 PRIOR3,ME1 PRIOR4,SMALL HiPRIOR,ME2 PRIOR1,ME2 PRIOR2,ME2 PRIOR3,ME2 PRIOR4,ME2 PRIOR5,ME3 PRIOR1,ME3 PRIOR2,ME3 PRIOR3,ME3 PRIOR4,ME3 PRIOR5,ME4 PRIOR1,ME4 PRIOR2,ME4 PRIOR3,ME4 PRIOR4,ME4 PRIOR5,BIG LoPRIOR,ME5 PRIOR2,ME5 PRIOR3,ME5 PRIOR4,BIG HiPRIOR
1965-02-28,103.28,103.02,103.82000000000001,103.07,102.47,104.17,103.69999999999999,103.89999999999999,102.61,103.25999999999999,104.81,104.24,103.71,103.67,102.71,103.66,102.27999999999999,101.8,103.43,102.30999999999999,98.97,100.14,100.36,101.02,102.27
1965-03-31,107.44218399999998,106.15180799999999,106.768488,103.98732299999998,104.18124899999998,104.555429,107.03913999999999,104.02468,102.75365400000001,103.11543599999999,106.130606,105.03222400000001,106.43757299999999,103.67,102.145095,104.758796,103.241432,101.47424000000001,103.05765199999999,100.65257799999998,96.762969,99.73944,99.145644,100.494696,98.046249
1965-04-30,112.77131632639998,110.557108032,111.11396546159999,109.42585999289997,108.02553708809998,108.93630147510001,113.9966841,109.10108438399999,108.1276701042,107.08538028599999,111.56449302719997,109.51709996480001,109.17301862609999,107.329551,106.72119525599999,108.66629909080001,107.16460641600001,104.56920432000001,106.92231395,103.57150276199998,98.77563875519999,103.290164064,101.8622346456,105.1576498944,100.90919947079999
1965-05-31,110.8542039488512,109.8827096730048,110.78062356521518,108.93344362293193,106.79404596529565,106.33272386984511,112.41213019101,107.0172536722656,108.35473821141883,106.33578262399799,109.29973381874782,109.92231323466977,109.71888371923046,106.8680339307,105.17373792478799,107.01457134461985,107.5718319203808,103.31437386816,108.087767172055,101.80043006476977,98.01506633678495,102.6084489811776,103.02346412055985,103.48564326107903,99.7487436768858
1965-06-30,99.80203981515072,100.67453860240701,103.40263403577185,99.53248743827291,94.70495996202418,97.15620979987747,102.85709912477414,97.76026122961461,100.68322274605038,94.45807570489741,100.38087553913799,101.2934116457482,101.3583047798251,98.5964481044638,96.05517484670887,99.69477466464784,100.25694734979488,97.09484856129677,100.44596203299069,91.77308770338996,92.90848138063845,97.37541808313755,98.58315281696372,100.06026846913731,94.9408542316599
1965-07-31,103.28513100469947,103.92632619926474,106.72185858832013,100.96575525738403,97.07258396107477,101.08132067579251,106.39538333466638,101.68044770492217,102.10285618676969,96.67784048396251,106.48403277191758,105.35527745274268,102.85840769056651,101.00220143821272,98.76393077738605,103.39345080470628,104.62815025424594,100.81358126119444,102.92697729520557,93.81962755917554,100.47123176502242,99.20607594310053,100.66325734140165,100.82072650950276,96.06115631159349
1965-08-31,108.89351361825466,107.82356343173718,110.32905740860535,104.99428889215365,100.71280585961509,106.499279464015,111.83218742306782,107.17119188098798,105.83982072320546,101.08635001003121,112.31935776781864,110.25429785429522,108.91676790354087,106.92093044249198,106.08233804799036,107.94276264011336,108.82373907944121,105.26954155293924,107.67191094851454,97.9664550972911,102.81221146514746,100.852896803756,102.56579290515413,104.30912364673155,102.45882932194561
1965-09-30,111.71385562096745,111.64051757722069,114.4553641556872,108.22811299003199,102.28392563102508,108.61861512534891,114.95230545217142,110.5470844252391,108.7080798648043,104.49296000536927,114.63313653783571,113.31936733464462,112.489237890777,109.34803556353654,112.86099944925697,111.82870209515742,110.60844840034403,108.15392699148978,110.41754467770166,102.4337254497276,106.8835750391673,102.41611670421422,106.88381278646114,106.61435527932433,106.58792014362002
1965-10-31,119.28805503206905,121.08530536425357,119.30827159588833,115.67420716374619,112.07249731391417,116.43915541437404,119.52740720916783,114.51572475610519,114.57831617750374,110.60579816568337,119.76870105473074,116.73028029141743,117.60749821480736,116.60874512495536,120.23082271329343,113.70742429035607,113.98200607655451,113.32368470168299,115.29800015245608,107.95490325146793,108.29443822968432,104.23912358154924,107.73888328875283,110.76165369969004,110.14795667641695
1965-11-30,124.63215989750573,127.56336920124114,126.47869871880121,119.79220893877556,118.47183691053867,117.42888823539622,122.68293075948986,119.62312608022746,118.8062560444536,117.31957011434035,124.85887084955681,120.87420524176275,121.74728215196858,119.79216386686666,127.52883365199035,116.75478326133761,117.43566086067412,116.27010050392674,119.56402615809694,115.02594941443908,106.79997498211466,103.59284101534362,108.49305547177408,107.89292686886807,114.75214126549118
1965-12-31,134.25376264159317,135.81671918856145,133.3717877989759,124.63181417990208,121.52841030283057,123.12418931481292,129.5286382958694,123.66638774173917,122.31104059776501,120.24082741018742,133.2868446319019,125.87839733877175,124.77878947755259,124.20051549716734,129.7350824741698,121.22649146024685,119.07976011272356,118.64201055420685,121.46509417401067,116.45227118717814,108.47673458933387,104.5251765844817,108.80768533264222,108.58344160082882,114.68328998073187
1966-01-31,147.33007912288434,145.66343132973213,141.6408386425124,133.1441670883894,129.47636833663566,131.07801194454984,136.92472354256353,127.85867828618413,128.73237022914768,124.7739066035515,139.3647247471166,132.10937800704096,128.97135680399836,129.70259833369187,132.78385691231279,125.20272038014294,121.50898721902313,121.4182336011753,126.97960944951076,120.49316499737321,109.23607173145919,104.58789169043239,108.59006996197694,108.70288338658976,117.19485403130992
1966-02-28,155.2564373796955,149.10108830911383,144.9835624344757,141.74528028229935,136.2868253111427,133.37187715357948,138.38981808446894,130.81221375459498,134.10051006770314,130.2265263221267,140.24272251302344,135.87449528024163,129.43565368849278,131.51843471036355,131.73486444270551,125.89133534223372,120.71917880209948,119.37840727667555,129.86204658401465,123.95131883279782,106.5488643668653,102.5798041699761,105.28893183513284,109.65946876039175,121.85920922175606
1966-03-31,155.0546040111019,146.96894274629352,143.56272352261783,139.0662944849639,134.88307101043796,130.0642546001707,133.11716601545066,126.74395390682707,130.721177213997,126.47600236404945,138.92444092140101,130.8471389548727,125.3454870319364,128.28308121648863,127.83551245520141,126.86069862436891,118.37722673333874,115.52248472163893,127.75828142935362,119.01805634325247,106.64475834479548,99.43060418195783,102.16185055962941,107.0166755632663,122.33446013772091
1966-04-30,164.2803529497625,158.71176127172237,149.4344389146929,144.68457278215644,141.6137362538588,137.6079813669806,141.21068970919006,131.9277816216163,135.2310578278799,134.67164731723986,144.89819188102123,134.6024518428775,128.72981518179867,133.01672691337703,136.13203721354398,132.6074882720528,120.61455631859883,119.60042843231278,129.98127552622438,125.31411152381051,107.48725193571936,99.65929457157634,104.29703323632566,111.48997260181083,125.20931995095737
1966-05-31,150.57937151375228,146.66553859119864,137.942930562153,127.09092873184619,123.68543724412027,129.36526328309847,132.06023701603456,119.9619318285357,121.80261378557142,117.86462573204832,139.7977755268093,126.23017933825054,119.78309302666365,121.21814323616049,119.71451352559058,123.39126783714514,113.67921933027941,114.05096855305345,119.94672105559987,115.02582296770566,102.84380265209627,96.31074227397139,100.39632419328709,105.84857998815922,117.12079788212553
1966-06-30,150.23303895927066,147.28153385328167,138.2050221302211,125.75647398016181,121.0633059745449,130.37431233670665,131.66405630498645,122.42115143102068,118.63574582714655,117.32244845368089,141.46136905557833,125.62427447742692,120.20233385225698,118.61195315658304,118.38568242545651,126.67347556161319,113.95204945667207,112.52268557444253,118.80722720557169,114.22064220693173,108.71618378353097,95.94476145333029,98.63938851990456,104.79009418827762,114.32161081274272
1966-07-31,146.91288879827079,147.06061155250174,136.06284428720267,122.9395289630062,118.02461699458384,127.77986352120618,130.53174542076357,120.6338026201278,115.65798860688517,114.90560601553508,142.49403704968407,125.98858487341144,117.94252997583455,115.57548715577452,117.58065978496339,125.97677144602433,111.5134755982993,110.80108848515357,116.18158748432855,112.48448844538636,108.28131904839684,94.783829839745,98.10673582189708,102.31704796543428,113.23555551002167
1966-08-31,129.562476631195,130.01628667356678,122.56541013391218,111.17421604124651,103.99149003392782,114.37575583783166,117.19140103876151,109.19771813173969,105.07528264935517,102.11661206600601,130.02580880783668,113.90627958405129,109.03786896265903,104.79229420414077,105.97544866418751,115.67187154173955,102.88233258699093,100.60738834451945,105.53935407076405,102.75458019486044,100.37678275786388,88.40487809153015,92.31843840840514,94.2135377665719,104.68627106901502
1966-09-30,127.98181441629441,128.092045630798,119.489018339551,107.98351604086274,101.26691299503892,112.0310528431561,114.0506714909227,108.2695375276199,102.1541897917031,102.38211525737763,128.54351458742735,112.47106046129225,106.58451691099921,102.570697567013,104.37521938935828,115.03567624825999,101.43169169751435,100.49672021734048,104.58949988412718,99.6822182470341,99.5536931392494,89.35965077491866,93.3985641377835,93.16776749736295,103.24160052826261
1966-10-31,120.18772191834208,125.32525744517275,116.8005154269111,104.97077594332266,94.30987607227974,109.4431355224792,112.4311519557516,107.41420818115171,100.10089057688987,101.41972337395828,131.30720015105706,115.14787170027101,108.2472353748108,103.39126314754911,106.49403634296223,114.05787300014978,102.74016052041229,104.03420476899086,107.84223333052351,103.32061921305085,100.9076233659432,92.79999732975303,99.99250276591101,96.55907423426696,110.93309976761819
1966-11-30,129.68255194989112,130.10014975383385,117.60643898335677,107.01770607421747,93.99865348124122,124.2179588180139,114.89339418358256,109.3154396659581,102.2630698133507,104.34061140712826,151.59416257439537,121.36585677208565,111.13743655931825,104.1770367474705,109.78470206595976,125.17851561766437,109.151146536886,109.00703975694863,109.999077997134,103.70290550413914,113.89443449314007,93.43103731159533,99.4225455001453,99.59102916522295,109.11379693142923
1966-12-31,132.65228238954361,134.6016149353165,119.72335488505719,107.86314595220378,95.4650324755486,127.0128628914192,118.91466298000792,109.68711216082237,103.04026914393216,108.30555464059914,153.83775618049643,122.67660802522416,113.72693883115036,107.8753215520057,113.70401592971453,130.03544202362974,110.74475327632453,110.36962775391048,113.17805135125116,106.26436727009137,114.73725330838931,93.86082008322867,98.63710739069415,99.31217428356032,108.30635483413667
1967-01-31,165.39086568328295,159.13948933802467,141.14186307399393,127.88254584093282,112.67737783089001,153.83797953408694,142.21004545779147,128.07067215897618,120.16556187565368,124.43225172658437,184.11302659681812,140.1089540256085,129.66008296139452,122.7729034583377,127.68960988906942,147.8633011250694,122.41725027164914,125.07086217073136,125.20887820988918,114.26607412552923,124.47844611427156,101.24766662377876,106.38998403160271,104.43668247659205,115.32460662738873
1967-02-28,176.19088921240132,170.05645830661317,148.8058662389118,135.31252175429103,117.79293078441242,157.05319330634936,148.58105549430053,132.46349621402908,122.73710489979268,127.40618254284975,191.5511928713296,144.6204623452331,130.03609720198256,125.15469778542945,130.626470916518,148.43996799945717,125.26957220297857,124.00775984228014,123.5936836809816,117.94544171237126,125.22531679095721,103.94085455597126,105.66653214018783,105.15729558568054,116.09728149179222
1967-03-31,192.9995000432644,185.9907484499428,157.52589000051202,143.3500855464959,123.83570813365277,169.77450196416365,160.34867508944913,139.9211910508789,129.10716064409195,132.57887355408943,205.89837721739218,151.3742379367555,133.78113680139967,133.20214485303256,138.6861241720672,159.3651496442172,132.33477607522656,129.2532880836086,128.72282155374236,123.40631566365406,131.49910516218418,108.08809465275453,108.66746165296914,110.19433004423465,121.11268405223763
1967-04-30,202.41787564537566,192.4818255708458,164.67756540653528,150.00152951585332,128.78913645899888,175.88638403487354,169.66493311214614,144.25874797345614,133.05783975980114,137.78922328476511,218.25227985043568,156.38472521246206,136.68418746999004,137.18488898413824,144.59415306179724,165.516644420484,137.05912758111214,133.66082520725965,134.32226429133016,129.74940028876586,141.3878378703804,111.10375249356639,113.53576393502216,114.32661742089346,127.1077619128234
1967-05-31,203.34899787334436,195.8887538834498,164.99045278080771,151.62154603462452,126.2519904707566,174.62000206982245,166.32253392983685,142.32568075061184,132.36593899305018,134.02757748909104,216.33165978775187,156.9633486957482,135.26267192030215,135.0310862270873,140.15511256280007,164.09320127846783,137.90889417211503,131.05443911571808,131.19255553334216,124.81892307779275,138.630775031908,106.41517413833787,107.94980434941908,109.51346682747382,118.90931126944628
1967-06-30,227.344179622399,214.9683185116978,183.55187871864857,166.14689014474158,140.80884497203482,189.88179025072492,178.82998848136054,152.00382704165344,144.14650756343164,147.02825250553286,234.91454936351977,163.22618630870855,141.21422948479545,139.8246897881489,148.24206255767365,171.46098601587104,142.97015058823163,136.12624590949636,136.97814723236257,131.97104737015027,139.76754738716963,108.44770396438012,109.0940722755229,112.68935736547057,124.0818663096672
1967-07-31,249.9194566589032,237.5184951235749,205.13757965596162,184.48950681672105,152.56638352719975,203.64822004390248,192.42106760594396,168.40503997944785,156.29805815102893,157.40844713242348,252.9324952997017,172.57904678419754,152.7796748796002,144.94227343439513,157.04764107359946,180.89134024674394,149.88990587670204,144.1168565443838,146.59401316807444,138.20008080602136,148.8803914768131,111.82042755767235,111.85415230409363,118.65062437010397,129.44220293424482
1967-08-31,250.6192311375481,242.88641311336767,206.69662526134695,184.17587465513262,151.80355160956373,202.3448714356215,190.6123095704481,169.80280181127725,159.3146106733438,155.47232323269466,254.37421052291006,173.18307344794223,153.06995626187145,145.52204252813272,154.88038362678378,182.1033122263971,148.49592975204874,144.73655902752463,146.5353755628072,136.16853961817284,147.64468422755556,111.22777929161668,111.13828572934743,116.43185769438303,130.50362899830563
1967-09-30,272.7990330932211,256.31803175853685,224.65856199655798,199.09412050219834,163.29508046640774,212.23953564882342,199.95231273940004,181.43429373534974,168.8575558526771,166.82180282868137,262.87030915437526,183.4355113960604,159.52950841612244,149.3347200423698,158.39616833511175,185.47222350258545,153.94573037394892,148.8904982716146,150.0375710387583,141.04337333650344,149.2540112856359,115.84373213221879,114.88364595842644,118.52763113288192,135.91952960173532
1967-10-31,268.216009337255,255.241496025151,219.89580048223095,192.64347099792712,160.61704114675865,206.02091725431285,195.91327602206417,176.31784665201286,165.22711840184454,165.00344517784876,250.22624728404983,176.53833616756853,153.0845162761111,144.66054330504363,154.95897148223983,175.69783732399918,146.4331787317002,144.31955997467605,144.48618091032424,136.20558563106135,143.94056848386725,111.14047660765071,109.97811427600163,116.19263679956413,138.3932650404869
1967-11-30,274.41179915294555,253.40375725376992,220.5334983036294,192.54714926242815,157.88655144726377,208.30774943583577,194.36556114148985,177.90470727188097,164.8470960295203,168.27051339237016,253.40412062455724,179.27468037816584,152.64057117891036,146.74365512863625,157.3298437459181,182.05809903512798,149.77185520678296,144.78138256659503,141.8420837996653,136.68230518077007,143.07692507296403,112.34079375501334,110.27505518454683,118.13305383411685,138.78076618260025
1967-12-31,306.21612667477194,277.2743911870751,240.18303300248274,211.20496802595744,176.86451493122487,223.97249219341063,209.07903411990065,188.312132647286,180.0130288642362,190.80193513560855,270.5595795908398,192.27209470558287,157.92193494170067,153.03895793365473,168.48452966750372,192.39899906032323,155.403276962558,152.57062094867786,143.4165309298416,141.73955047245855,148.88584823092637,115.29535663077017,113.50611430145408,119.82235650394473,141.91721149832702
1968-01-31,327.25317457732876,292.5244827023642,251.5917270701007,225.41906237410436,179.6943471701245,225.78666938017724,212.9888120579428,189.79979849519958,179.22097153723357,187.48198146424897,266.6905776026908,191.31073423205498,157.03757210602714,149.44254242221388,164.9632029974529,188.89733727742535,153.38303436204475,149.03098254266854,137.6798696926479,133.67457005057565,140.65246082375614,115.72194945030402,106.65034499764626,112.80076641281356,127.92417444459197
1968-02-29,302.97098902369095,274.73899415406044,240.44621356089522,212.25458913145667,167.7087342138772,209.1687705137962,201.38092180078493,180.34776853013864,168.77238889661282,177.62042923922948,250.52912859996775,179.58338622363001,152.54629754379476,144.3614959798586,156.79752444907896,176.69456928930367,146.54215102949755,142.81639057063927,132.10383497009568,125.61399347652595,135.92653814007792,112.89833388371662,104.18672202820063,110.45451047142703,123.01188614591962
1968-03-31,296.09354757285314,270.178326851103,237.65703748358882,208.62503565730876,166.50123132753728,207.3280853332748,198.92407455481535,178.94105593560354,166.02139895759805,176.83889935057687,251.78177424296754,181.61267848795706,152.48527902477724,141.71968060342718,155.10411118502893,179.68070751029288,147.96360989448368,142.23084336929966,131.40368464475418,123.62929237959683,143.45686835303823,113.9482883888352,104.08253530617242,112.05610087326272,122.86427188254451
1968-04-30,351.492650323734,309.05698808497675,270.8339599162978,241.10795370915176,196.2550013657682,240.66644145486543,228.88204018277057,204.31489766727213,187.07291234542146,202.9756886745921,291.53811639593215,200.8636224076805,170.63102722872574,158.47094685075228,180.2619980192406,204.47664514671325,161.6798365317023,156.52504312791427,146.83047722204833,138.95932463466684,156.16714688911745,120.84215983635973,111.2642302422983,121.63689749792668,135.3841411873758
1968-05-31,389.1023639083735,340.45717807441036,305.3382064096341,272.6689848496797,221.59152204208888,259.2218240910355,244.8808947915462,223.8269703944966,201.6458922171298,218.38154344499367,300.080183206333,215.12493959862584,179.4867775418966,168.3278397448691,191.90692309128352,211.8173567074803,170.53989157363958,161.346014456254,151.64651687493148,146.26858511045032,155.71426216313898,122.94481341751239,113.62303192343504,124.11829020688438,136.72444418513084
1968-06-30,395.36691196729834,348.0493731454697,317.67386994858333,274.0323297739281,221.01538408477944,269.72030796672243,248.87245337664842,226.58004213034891,201.42408173569098,214.93111505856274,310.4629575452721,222.82641243625667,182.1252331717625,170.2636099019351,187.87687770636657,219.18860072090055,176.98629947512316,166.70270213620162,151.17641267261922,142.39246760502337,158.76626170153654,125.05946420829363,113.60030731705035,122.97640193698105,138.50186195953754
1968-07-31,379.6313088709998,344.01200041698223,310.46267310075046,269.42858663372607,212.6610025663748,258.3111389397301,239.3406384123228,220.39440698019038,197.21431842741504,205.62459777652697,294.0394670911272,212.77694123538149,176.40650085016912,164.79814802408296,182.18420831186367,211.99921461725503,167.5175324532041,159.0677183783636,146.32364982582814,139.64429298024643,153.20944254198275,121.57030515688223,112.90734544241634,121.2793275902507,137.3384463190774
1968-08-31,399.86565763382407,363.5862832407085,318.72098020523043,278.4005585686292,223.69810859956965,266.060473107922,250.7093187369082,228.63715780124951,200.29086179488274,213.6850820093668,302.8606511038611,221.71357276726752,181.0812731226986,167.2536404296418,188.01410297784332,216.09079945936807,172.71057595925342,160.00621791679595,150.3475501960384,142.91196943598422,152.21358116545986,123.8558268938316,114.62353709314108,122.52850466443029,139.4397245477593
1968-09-30,429.0558506410932,384.4561358987251,342.5931816226022,298.1669982270019,239.67015355357887,279.0442241955886,270.01393627965007,244.5274402684364,214.5115129823194,231.59189188175176,322.30430490472895,236.03626956803302,195.8575050095108,177.18850667116251,198.20446735924241,232.83783641746908,183.03866840161677,167.30250145380185,161.41312989046682,155.33101957997124,159.41328355458612,129.28071211178144,117.46620081305097,126.59645101928936,146.18860721587086
1968-10-31,435.0197269650044,389.0696095295098,343.89503571276805,298.22663162664725,234.97261854392875,282.44856373077477,276.6832805057574,246.80154546293286,214.76892679789822,230.64236512503658,332.875886105604,240.8750130941777,198.52116707764017,178.87179748453858,201.71268643150106,232.88440398475254,187.13873457381297,171.45160348985613,160.04111828639785,152.39526330990978,162.8884931360761,129.7331946041727,120.75525443581641,126.95092108214337,142.4023222889798
1968-11-30,466.6891630880567,412.763948749857,368.48353076623096,323.75483129388823,251.44419910385815,312.35986662986386,302.6361722171975,265.90398508176384,233.0242855757196,247.54845048870175,367.561553437808,264.55302688133537,217.79757240087903,187.7438386397717,212.86739799116302,252.84259740624586,203.49465997556422,183.91613506356867,168.875388015807,159.9997869490743,176.66885965538813,137.20582661337306,127.8556633966424,130.6198027014173,149.5081981711999
1968-12-31,485.6367431094318,425.97239510985247,372.75793972311925,323.2044480806886,253.8832078351656,311.82885485659307,295.6150130217585,265.5849002996658,228.48031200699305,246.5830115317958,358.7768323106444,267.3308336635894,215.00976347414777,183.12534020923331,204.77843686749878,251.88179553610212,198.85498172812134,179.53893104905575,162.81276158603953,150.7997991995025,170.1851125060354,132.10176986335557,121.8464472170002,124.99008920498622,141.27029645196677
1969-01-31,491.5615113753669,430.48770249801686,364.5945408431829,321.3945031714367,250.0749597176381,312.85789007761986,294.01869195144104,263.9117154277779,223.93355379805388,245.4487296787495,358.8844653603376,260.674295905366,211.69861311664587,180.10377209578098,200.37570047484758,257.8765822698614,199.84925663676194,177.33060219715236,158.53078595632667,146.2758052235174,169.84474228102334,130.91285393458537,120.8838602839859,124.74010902657623,138.82632032334777
1969-02-28,445.74797851518275,391.05502894919846,330.6507890906826,290.86202537015026,221.1913018702509,287.79797308240245,270.0561685573986,240.55552861241952,204.1154342869261,221.88565162958955,332.03990735138433,245.2163101581778,200.41507703752868,165.38929391555567,180.53850612783765,241.862446510903,185.8598086721886,168.00301252158215,145.37273072195157,135.33437499279833,160.9788467339539,126.4225430446291,116.6287484019896,119.6881346109999,127.1093788880572
1969-03-31,462.90927568801726,396.80353787475167,334.9823144277706,292.5199389147601,223.75712097194582,292.77687801672806,275.7543537139597,242.60025060562506,208.40185840695153,228.14282700554398,342.7647963588341,251.15054486400572,201.35702789960504,165.07505425711614,183.13826061607853,248.63459501320827,194.98552527799302,172.33749024463896,146.2013552870667,136.41704999274071,164.42379405406052,129.40611506048236,122.08697382720271,122.72821323011931,132.6259259317989
1969-04-30,459.71520168576996,393.23230603387896,327.4787105845885,289.7409994950699,227.2477320591082,292.4841011387113,277.32615353012926,237.16600499205907,215.00819731845192,236.60692588744965,345.6440206482482,255.89729016193542,199.32332191781904,166.51120722915303,187.3138129581251,255.123957943053,193.2111569979633,173.19917769586212,148.68677832694684,142.10564097743801,169.24141121984454,135.15174656916778,124.51650460636404,123.72231175728328,135.92831148750068
1969-05-31,467.94410379594524,401.2935683075734,324.5314021893272,287.7707606985034,227.9749248016974,289.5592601273242,275.4680683014774,237.26087139405587,211.78307435867515,233.57835723609028,344.6762173904331,254.41308587899618,203.88782598973708,165.1791175713198,185.83403383575592,249.58776805568874,193.28844146076247,175.79716536130005,150.44128231120482,142.51774733627255,172.25390833955777,138.90896512379067,125.86128285611275,122.88100003733375,135.60208353993067
1969-06-30,406.0818932741212,353.4192456084799,286.0744310298919,249.38214122132302,195.37451055505466,248.2970655591805,244.39527019707077,213.43987990609264,189.24935524691207,201.8817741591528,305.7967400687923,229.98942963461255,187.80107651914682,149.22281481393028,165.2807896935213,227.24966281470458,175.66053559954094,163.89569726634002,137.9396117511437,128.4227421247152,160.1961347557887,135.60293175384444,118.62425909188627,115.65559723513854,125.14716289900203
1969-07-31,357.14902513458964,312.245903495092,256.0938306579592,223.32170746369476,172.5156928201133,222.32519250169025,223.15732121694532,193.48325113487297,174.1283317626838,185.97349035541157,277.8163383524978,206.576505697809,172.9272312588304,138.8965960288063,152.33930386051858,207.97889140801763,164.31286499981059,152.93107511922187,128.38039665678943,119.79273385393434,157.44076123798914,124.55129281590611,109.95282575226939,109.4448916636116,118.78968702373274
1969-08-31,381.75659296636286,328.1079953926427,263.36689544864527,230.26701256581563,178.5192389302532,238.77725674681534,237.8857044172637,203.1767620167301,181.38948319718773,191.86884999967813,303.8755108899621,226.44916554593823,183.61413415062614,145.910874128261,161.6929371175544,222.9533715893949,175.97907841479713,163.16216404469782,135.56969886956966,124.45267120085236,168.66628751425773,132.85886404672704,115.69236325653785,113.31924082850347,124.26589159552681
1969-09-30,372.82348869094994,321.0208626921616,253.7803404543146,220.2964509217158,170.55728087396392,237.08193822391297,236.4346016203184,201.2059474251678,178.23330618955666,193.88347292467475,297.2510247525609,225.4980790506453,182.53081075913744,146.4361532751228,158.73395636830315,217.51330932261368,171.38602446817092,161.35106402380165,134.53936915816092,121.15467541402978,168.41328808298636,128.70038160206448,111.00682254464806,111.47213720299887,119.79231949808783
1969-10-31,419.3145777307114,355.0169720512616,281.82306807451636,236.62041793501496,185.31048566956179,264.13298737526145,255.32572628978184,214.80746947110921,193.8108971505239,210.4217331651495,324.6278441322718,244.0791207644185,194.28579497202588,158.37069976704527,172.3057096377931,231.06438849341254,186.5022718262636,174.03325765607246,142.81354036138785,130.65320196648972,170.01321431977473,134.80077969000237,119.1325219549163,116.41035288109171,127.3991317862164
1969-11-30,394.7008120179186,338.82819812572404,260.9117964233872,220.79051197516247,169.28112865914468,250.3452454342728,241.94665823219728,206.88107384762526,181.7170971683312,200.40565866648836,309.59757494894757,233.65694230777785,186.22293448068683,150.91143980801743,164.89656412336797,224.68701137099436,178.16562027562966,168.53380671414058,137.62940884626946,124.49943615386805,163.5357108541913,132.14520433010932,115.30836800016348,113.68635062367419,121.53877172405043
1969-12-31,352.3099448071942,306.94446468209344,240.6128586616477,203.193508170742,161.51112485368995,225.98665305351807,224.21196818377723,197.4266087727888,172.88564624595034,199.283386977956,294.2415352314798,224.28729892123593,181.80945093349453,146.8066486452394,160.4278672356247,215.789405720703,175.1546212929715,163.83171350681604,135.42733830472915,121.83514822017527,160.0033394997408,129.47587120264112,114.4089627297622,113.94782923010862,117.80753143212208
1970-01-31,350.1608541438703,298.5034919033359,231.92673446396222,195.85822252577822,151.0129017382001,210.07719267855038,211.81304634321432,183.56726083693903,164.12034398128066,183.87878116456002,266.11204446335034,214.44108649859368,171.93719774780578,140.52332408322314,148.60433342035918,193.95151786176788,161.22982890018028,153.39563335643186,124.83692044929933,112.1858044811374,144.21100989111636,120.39961263133598,105.67955887348133,104.30784287724144,108.73635151184868
1970-02-28,367.28371991150556,304.7422148841156,243.01283237133964,201.04846542271133,154.06336235331176,221.50539196026352,223.1450443225763,196.47203927377583,169.89738008942172,186.25081744158283,276.0380237218333,229.5806272053944,175.66823493893318,149.1233515171164,151.71016398884467,210.74771930859697,169.80725579766985,161.81705362769998,131.79033691832532,117.48097445264708,156.48336683285035,127.63562935047928,110.34002741980187,111.3381914871675,112.78134378808944
1970-03-31,355.4204557583639,295.38662888717323,233.65683832504308,190.57384037418805,145.99044216599822,214.17356348637878,220.087957215357,194.9395573674404,165.90479165732032,177.68327983927003,272.0630761802389,228.1113111912799,173.70075070761712,148.00492638073803,147.73535769233695,207.31253148386685,166.6318601142534,165.99193361129466,130.02434640361975,115.037370184032,158.70543064187683,126.67836213035069,109.0380150962482,112.38477048714688,111.75503355961783
1970-04-30,282.13275778098927,241.65580109259645,196.4820353475287,160.8443212758147,120.07713868153354,169.77538377565247,178.62338607598375,164.64595015254017,143.0928828044388,151.4927643909616,224.04394323442673,189.56049959995357,149.83426756039054,131.38397314818113,127.7172167250253,171.19868849937725,142.953472792018,145.9567072244114,117.4899994103108,101.84258382392353,142.23180694125003,115.16329901270181,98.04698317454637,102.85454194983683,103.69749563996938
1970-05-31,256.9383025111469,218.72266556890904,175.43880936180838,144.05217413461966,108.56174108197447,150.3700574100954,160.5645617437018,146.32085590056246,130.8012041715375,137.4645344083586,198.6149556773193,167.96955869551886,133.92186834547707,121.47762157280827,116.22266721977302,150.22684915820352,126.72825363012396,136.36735155976757,108.99547245294532,93.30817529947873,129.40249795514927,108.87538288660829,92.14455478743868,97.91752393624465,98.57483935535488
1970-06-30,237.05127789678414,204.35258644103175,158.05282335405317,130.98664194060964,94.3835776966686,137.7540095933884,144.090637708798,137.65866123124914,120.41558856031742,124.33667137236033,180.9382246220379,159.08396904052594,124.19914070359543,112.53686862504959,112.17811840052492,137.78806604790427,122.22940062625456,128.94896763491622,104.42856215716691,88.45615018390583,120.91369408929147,105.6526715531647,86.82781397620347,92.0914312620381,95.44015946385458
1970-07-31,252.19885455438867,214.52934524579513,166.96700259122176,135.88554234918846,95.46898884018029,150.49625548077682,159.03283683920034,145.57403425204598,127.74889790364074,130.65297427807621,196.35416135983553,174.56283922816908,132.09820605234412,120.97713377192831,117.58510370743022,152.9998685395929,137.38584630391014,139.83226050330316,112.4904471557002,94.42694032131948,129.5832059554937,112.7102700129161,93.18360995926156,99.8179023449231,101.67240187684428
1970-08-31,274.6193327242738,227.2723883533953,177.63619405680083,141.9052718752575,97.87480735895282,164.56765536822945,169.67213362374284,153.71162276673536,136.46137274066905,140.0469231286699,215.12561918583577,188.33584724327162,141.3847099378239,126.92920875350717,124.7107609921005,168.2998553935522,142.96371166384887,145.63529931419023,119.16113067203322,99.56376587479926,134.71470091133125,117.96256859551796,97.90801898419612,104.14999930669278,107.65073910720271
1970-09-30,330.4494430671187,267.45414661427566,203.46449667265966,161.2895320134177,108.91508562904271,183.13088689376576,184.34877318219657,176.18426201523206,153.60092115689707,160.01761436681824,244.51177876662092,202.1220312614791,153.71345664440216,138.72093224670797,141.73377986752223,186.5435597182133,153.24280253247963,154.5773066920815,124.67829102214836,103.82509505424066,143.4037991201121,120.47517130660252,102.19639021570393,105.68100429650116,111.97829881931224
1970-10-31,323.27869015256215,258.0130152387917,194.5934446177317,151.77344962462604,95.81260082786888,180.93331625104057,182.0259786401009,169.57735218966087,145.01462966422653,145.23198679932423,242.408977469228,196.40197777677923,147.02692128037066,132.52010657528015,130.90531908564353,184.21176522173562,150.54572920790798,148.8734040751437,118.65632956577858,94.49121900886443,140.8655518756861,121.80039819097514,101.67518862560382,102.81704908006597,105.0804356120426
1970-11-30,311.899280259192,256.12952022754854,191.05184392568898,151.22706520597737,94.9886124607492,180.96950291429076,188.1420515224083,174.29160258053344,148.14694566497383,151.59314782113464,250.9175325783979,206.35955805006193,151.12897238409303,136.7474979750316,135.1728324878355,189.240746412289,162.21302322152084,155.55781991811764,124.36369901789254,99.28192381261385,147.03546304784118,128.8648212860517,108.46709122579416,108.0093100586093,110.42902978469557
1970-12-31,339.5647464181823,283.8939602202148,209.66029352405107,168.13425109600564,102.03676750533678,196.31571676142264,207.20084134162823,190.4135758192328,160.2949952095017,163.7054403320433,272.5466238866558,227.1812374573132,163.5668868113039,146.60699257903136,144.62141347873524,212.38488969851198,177.57459652059887,170.35136859233063,134.0391948014846,105.58632597471482,157.53379510945703,138.67143418592025,114.08568655129032,113.61499325065112,115.14434935650206
1971-01-31,404.21787413620416,335.0516518518975,245.72186401018783,191.31996432214478,114.88319653425872,221.03186550168576,232.2514230598311,214.65322402102115,174.48110228554262,174.05162416102843,302.36322453985593,248.922481881978,178.07526967146654,162.82172595827222,155.2221630867265,232.68888515368968,189.72069892260785,184.26907540632405,141.93410337529204,112.5127889586561,164.85911658204677,143.60813724293902,118.19277126713679,117.05752754614585,121.62697622527313
1971-02-28,437.8488012643364,357.8016590126413,260.9566195788195,205.2097937319325,120.90307603265387,234.29377743178694,241.44857941300043,219.84783204232988,176.83659716639747,175.2351752053234,314.36704455408824,255.69317338916787,184.27228905603357,166.07816047743768,157.5504955330274,237.29612507973275,192.39576077741663,187.6596263938004,144.94310636684824,116.1469520420207,168.53547488182642,146.0781972035176,117.21177126561955,118.57927540424573,122.24727380402203
1971-03-31,467.97279879132265,383.0266759730326,282.4855406940721,221.52397233362115,126.06563737924819,250.22575429714848,253.9797606845352,231.69763018941146,184.21068326823624,180.86022432941428,333.95211142980787,269.1170649920992,194.05714760490892,175.22906711974446,167.3816464542883,253.83566499779016,201.03433043632265,197.19273541460544,153.13239187657516,120.86251829492673,172.36123016164387,152.7685786354387,122.27531978429428,123.4410256958198,127.41833348593217
1971-04-30,483.9306712301068,394.93880559579384,288.05050584574536,224.89113671309218,127.7044906651784,257.7575495014927,260.9642041033599,236.14622468904818,191.56068953063888,181.34854693510368,349.84823193386677,281.1735095037452,205.5453307431195,183.74519978176406,174.14386497104155,268.78658566615997,209.69891007812814,201.0182744816488,155.38343803716083,123.69070122302803,179.61763795144907,158.55850776572183,126.94623700005434,126.52705133821529,131.52120382417917
1971-05-31,457.50805658094293,367.29308920408823,268.6070967011575,210.00334346268548,120.15715526686634,246.02958099917478,243.9232415754105,225.25988373088305,180.54594988262713,173.1697274683305,337.32366523063433,267.25542078330983,197.34407204646905,176.87312930992607,167.73537074010721,260.9648960232747,204.79195558229995,194.18365314927271,150.7996266150646,119.93050390584798,173.11547945760663,150.86842013908432,125.00395957395352,121.90881396437044,126.86535320880323
1971-06-30,445.3383422758899,355.8702741298411,261.9187799932987,205.67727458735416,116.7807392038674,239.06694385689815,242.24017120854015,224.92199390528674,176.46561141527977,170.3297439378499,337.69472126238804,267.3355974095448,196.06133557816702,171.47849886597334,168.42308576014167,264.4357291403843,207.51568859154457,197.2323365037163,150.10594833263528,119.5227401925681,171.67862097810848,151.04946224325124,124.5039437356577,122.73779389932815,130.92504451148494
1971-07-31,419.10791391583996,333.91307821602993,246.49176385169343,192.67847083343338,105.56978824029612,223.91009961637081,233.1561647882199,214.32816799234774,165.54239006867394,159.4456733002213,322.5322282777068,254.15595245725422,190.49319364774706,164.5164718120148,157.1555813227882,244.17995228823082,199.02829692815038,190.23058855783438,145.82792880515518,113.7139350192093,164.26210455185418,144.08608203383736,121.7773073678468,118.31923331895233,124.54899484377565
1971-08-31,443.54190529713344,347.9708188089248,252.40756618413405,200.2121990430206,108.61019814161665,241.73334354583395,249.01078399381888,224.98027794156746,170.64109568278909,164.67549138446856,355.36600911637726,268.38868579486046,199.44637374919117,169.9784186761737,160.5029952049636,263.27482455717046,212.56222111926465,196.83158998079125,150.97565469197713,119.10397553911984,180.26123353520478,153.235548242986,125.8203139724593,121.41919723190888,127.08979433858867
1971-09-30,442.5661131054798,346.8921092706171,251.57462121572644,199.45139268665713,108.06714715090857,240.25877015020436,247.6661257602523,223.18043571803491,168.9346847259612,165.35066089914488,347.29920070943547,266.4026095199785,200.00482359568886,169.6044661550861,157.96704788072518,264.30159637294344,212.39217134236924,194.52866037801599,150.05470319835607,119.87815138012412,179.63031921783156,152.33145850835237,125.46801709333641,121.1520749979987,124.62425232842006
1971-10-31,413.09120997265484,329.51281459615916,238.11537898068505,184.79171532418783,99.90807754101498,224.73805359850115,234.44075464465485,214.34249046360074,162.31244508470354,156.32251481405157,324.6205629031094,241.12100187653257,193.28466152287373,159.37731684593442,149.02611297067614,249.02496410258726,201.793801992385,188.51772477233527,144.7577721754541,114.18393918956822,167.54119873447152,145.15664681260895,120.78806005575498,117.74770169055493,120.72351323054049
1971-11-30,398.8808723495955,311.06009697877425,223.85226777974202,176.08802553241858,95.43219566717751,221.43440421060322,226.72765381684567,210.16281189956052,159.47197729572122,150.47605276000604,314.36255311537116,234.99652842886866,189.57359602163456,155.42475938815522,145.5836097610535,246.5845194543819,196.58752190098147,187.91446805306379,143.4839037803101,113.35039643348436,163.9893253213007,145.66469507645309,120.89676930980515,119.33729566337743,121.49614371521595
1971-12-31,457.67591293392593,356.537083157071,249.6176638011903,194.82379144906793,106.235120216702,255.11457709103595,256.8824317744861,232.92344442828292,179.7408656100074,167.73565601157873,358.1532567643423,264.5590917052203,211.12811388929438,169.8170921074984,158.96274349809434,280.6378415910321,217.01296542649348,208.73539111334324,156.79921005112288,124.334049847889,184.09441660569217,157.59463360321462,131.93464434779037,128.932014234713,130.8513467812876
1972-01-31,530.537918273007,409.2332640476861,279.6217069900934,221.61206277331473,118.6752527940778,270.70207775129825,268.41645296116053,249.99673290487604,193.20345644419695,181.20482918930853,375.45205906606003,276.51716265029626,223.18352919237307,180.70236771158906,167.0062583190979,291.9194828229916,222.72040641721026,216.6882095147616,159.1355182808846,129.90421528107444,186.4140062549239,160.58893164167566,134.5733372347462,130.80152844111632,138.0481708542584
1972-02-29,563.9087533323791,431.5774002646897,292.12079729255055,228.52635913184213,123.43413043112032,280.31200151146936,278.1599702036507,258.7466185565467,201.124798158409,186.314805372447,391.558952399994,284.0384294743843,231.75377671336022,186.62940537252916,172.8681779860982,306.0483857916244,226.72937373272006,223.167186979253,162.1909202318776,135.4251444305201,195.80927217017205,163.28682569325582,140.13121606254117,133.11671549452407,145.3785287266195
1972-03-31,564.134316833712,429.41951326336624,288.9951047615202,227.45228524392246,121.53324482248107,284.06818233172305,281.52570584311485,259.5228584122163,204.9662818032346,186.29617389190977,402.1702000100338,288.4978328171322,232.8661948415843,185.43497717814498,170.91476757485532,311.1287889957653,230.9238671467754,226.84944556441064,165.20767134819053,135.31680431497568,198.1394025089971,165.26259628414422,141.65864631762287,134.39463596327153,145.20407449214756
1972-04-30,563.5137690851948,429.37657131203986,290.8157739215178,230.8185790655325,120.56097886390123,287.7610687020354,285.41076058374983,263.8049855760179,209.14759395202057,187.84243213521265,403.85931485007586,287.31499170258195,231.0265519023358,184.39654130594735,171.29078006351997,307.9552753480085,231.98611693565056,225.8739929484837,166.74410269172873,134.76200541728429,198.6347510152696,165.34522758228627,144.0101798464954,134.8784566527393,146.81583971901043
1972-05-31,545.0305174592005,418.1698428007956,282.7601769838918,223.0169110931175,117.87246903523622,273.51689580128465,277.5334235916383,260.69208674622087,206.32410143366832,182.63919676506725,400.87075592018533,283.6660913079591,228.53146514179053,183.62207583246237,173.44904389232033,305.33765550755044,231.1741655263758,229.42021463777488,166.577358589037,137.30900731967094,201.79304355641236,169.26390947598645,147.89845470235076,138.5606385193591,148.84189830713277
1972-06-30,528.298080573203,394.20871080831,272.4959825593765,215.05520736709323,112.78037837291402,262.2206480046916,269.15191419917085,251.3593100407061,202.05319253399136,182.01822349606604,389.92698428356425,269.05728760559924,219.57303170823238,180.37196509022777,172.98073147381106,297.4294102299049,222.94436523363683,221.98699968351096,157.93199367826597,135.12579410328817,196.80875538056895,162.07019332325706,144.11225426197058,137.23045638957322,146.43065955455722
1972-07-31,502.20015539288687,378.7557293446242,262.222884016888,209.20570572670826,107.38947628668873,251.286046982896,254.64462602383557,243.89393853249715,198.51726166464653,173.0265232553604,374.2909122137933,265.3173913078814,216.56488117382958,178.04516674056384,167.49724228609125,287.4357820461801,219.75626081079582,213.41830149572746,153.58886385211366,133.36915877994542,189.82204456455878,160.6601826413447,143.1755246092678,138.65765313602478,149.35927274564838
1972-08-31,500.0406947246974,381.74789960644677,260.5971021359833,209.8124022733157,106.31558152382186,249.4516588399209,256.8854987328453,243.2842036861659,204.5918898715847,176.55626432976973,384.9582032118864,274.68309522104954,222.585384870462,180.60901714162793,171.7684219643866,298.8469825934135,230.96383011214638,219.56474857880443,158.04294090382493,135.02293634881676,198.72469845463658,171.77786728012578,153.61302035328342,144.231690792093,150.44959543669162
1972-09-30,479.33900996309495,361.8588340369509,250.7986510956703,200.8953751766998,101.18053893622125,246.10900661146596,250.36060706503105,235.45045232747137,197.3084185921563,169.37042437154813,375.68071051448,271.4143663879191,219.4024138668144,174.01678801595853,167.49138825747337,292.242464278099,228.72348096005854,212.7362848980036,156.22544708343096,129.77054412484776,204.5672045892029,171.6919783464857,152.36875488842182,143.65476402892463,149.81770713585755
1972-10-31,469.8960314668219,352.52287611879757,243.45025061856717,195.23012559671687,96.29351890560177,243.03264402882263,246.8805946268271,235.05018655851467,201.84651221977586,167.10086068496938,368.76818544101354,268.808788470595,220.85046979833538,173.49473765191067,163.42134752281677,289.5538336067405,229.7298642762828,211.52368807408496,157.20966740005656,131.0942036749212,207.30840513069825,177.18612165357325,155.55326186558983,144.22938308504033,152.7990795078611
1972-11-30,500.486263115312,372.65193234518085,254.33247682121714,203.605497984816,97.65125752217075,263.4230828628409,260.43433927183986,248.94165258412286,212.56456201864594,171.11128134140864,399.89222029223515,286.9802625712073,234.01315779831617,183.01959874900052,171.1675193953983,326.5009027749606,245.37446803349766,224.10934751449304,167.88420381652043,139.53667039158614,228.20509236787262,187.0199514053466,162.1176095163177,149.23414267809122,158.98744222792948
1972-12-31,491.87789938972867,371.4967113549108,249.5255930092961,193.8935157309403,92.05584046615036,263.7655328705626,256.8143019559613,245.7800935963045,207.63306417981337,160.84460446092413,409.6096012453365,288.35776783154904,232.46867095684726,180.80506160413762,168.95945839519766,333.03092083045976,242.52812420430908,221.68896656133649,164.79513446629645,135.22498727648613,238.22329592282222,191.93857612730721,164.35483252764288,147.9358056367918,157.03189668852596
1973-01-31,476.4329333488912,355.7824004645981,240.14343071214657,183.26815106888478,87.38860935451655,248.78365060351464,240.3525052005842,233.90891507560298,196.62851177828327,146.97979955639246,383.02593812451414,271.17164486878875,216.89327000273852,167.26276248998772,158.568451703893,309.0859976227497,230.59574049345707,207.87774394456525,157.16511974050692,125.35356320530265,225.78803987565092,181.91938245346176,159.884381082891,148.91218195399463,152.6507067709161
1973-02-28,430.26658210738367,322.9792631417621,220.4276550506793,169.8529224106424,80.2227433874462,223.9052855431632,218.57656822941127,216.24879198739495,183.65103000091656,136.98517318655777,347.7492492232464,247.30854012033535,201.7324304295471,155.03585455196963,147.896794904221,282.9064136241028,216.85223436004702,196.29895360685296,150.94138099878288,119.07334968871697,216.6887818686622,177.4441656451066,154.36836993553126,143.6109082764324,147.72008894221548
1973-03-31,422.4357303130293,314.87248363690384,210.4643250423886,164.33270243229654,76.20358394373513,215.93425737782658,209.98650909799542,205.73910069680755,179.31686569289494,135.0536822446273,335.12595147644254,240.73013295313444,193.01758943499067,150.91190082088727,145.01280740358868,274.8435808358159,212.320022661922,191.50925913884575,148.60178959330176,115.98934993177919,227.76157862215084,178.77499688744493,154.55361197945393,142.7779650084291,146.93717247082174
1973-04-30,387.8382440003922,290.7217641419533,195.22670790931963,152.46788131668472,69.2538170880665,193.67143544217268,196.2743900538963,192.3454852414454,169.0958043483999,122.66925958279498,300.00475176171136,222.7716650348306,182.72975191810565,141.2082655981042,131.570120157276,255.02735865755355,199.53835729767428,179.2909684057874,137.5903969844381,106.96537850708677,213.3670468532309,171.83852700821208,147.5368779955867,137.15251318709701,140.50132431659975
1973-05-31,349.4034740199533,260.8937111409889,175.87974115550605,140.11798293003326,62.41846534147433,178.4294934728737,178.92373397313185,176.49621725755028,158.4765878353204,113.40773048429395,273.39433028044755,203.92518217288392,171.61978300148485,132.02972833422743,123.3206736234148,237.14994081565902,184.6927035147273,170.05748353288934,132.0317449462668,104.60144364208016,215.15933004679803,170.13732559083076,147.8171980637783,135.35581526434603,137.77559862485774
1973-06-30,338.5020856305308,248.7099748307047,166.8571104342286,132.81783601937852,58.24267001012969,172.25583299871226,173.87808467508955,168.00674920746212,151.7413328523193,106.18365805244443,266.2860776931559,197.6442865619591,165.85335829263494,128.61015837037093,119.99101543558261,230.67574743139153,177.47121880730145,165.73802345115396,128.92899894002954,101.1391358575273,206.40234531389336,169.5078174861447,145.1564884986303,136.14087899287927,137.18316355077084
1973-07-31,408.13196464473094,278.7043977952877,183.45939292243432,143.19090901249197,62.447790784861056,208.03336951254482,196.96909431994143,186.75630241901487,159.81397176006266,115.8782260326326,312.93939850499686,219.89903322883572,177.64553206724128,136.71259834770427,129.14632991331757,270.1905029663889,197.5787078981687,177.70430874432728,136.0845583812012,110.11017720808998,227.14578101793967,182.94978741279596,154.1126438389958,137.95155268348455,143.3701242269106
1973-08-31,398.29598429679294,267.47261056413765,173.46085600816167,134.38466810822374,57.05854644012754,201.9587951227785,193.0494093429746,177.60524360048316,151.39177544830736,108.07962142063643,305.58532264012945,216.66651744037182,169.68701223062888,131.77727354735217,123.02479387542633,265.38111201358714,194.69405876285543,172.9951445626026,131.8251117038696,107.59966516774553,218.7641016983777,177.46129379041207,148.99610406354117,134.95800399025293,144.8181624816024
1973-09-30,438.9620042934955,289.56584819673543,185.72453852793868,142.19241732531154,60.744528540159784,227.72873738044504,214.61302836658484,193.1279418911654,160.6266737506541,120.00080366333263,337.2134035333828,238.59316900533742,185.89212189865393,144.00620453254643,134.45379722645342,299.8010422417494,216.69448740305808,192.92418521621443,143.97938700296638,118.14443235418459,229.02413806803156,187.5943336658446,152.31871718415812,139.88397113589716,152.9424613968203
1973-10-31,442.86876613170756,292.69315935726013,187.11747256689824,140.9126855693837,58.78855472116663,229.82384176434513,218.0039142147769,189.14950628820736,156.46644290051213,117.00078357174932,339.8099467405899,239.5714009982593,183.7543624968194,140.70846244875113,134.1176627333873,305.07754058520425,214.76590646517084,193.05923214586576,139.5160260058744,119.57397998567023,232.7572315185405,186.0185412630515,150.50612444966666,138.55507341010616,152.74363619700443
1973-11-30,346.67767012790074,237.52049881841663,155.15780825247202,115.95704895504586,47.983218363416206,181.4689054571269,179.35182022449695,158.03441250379726,129.1161086815026,96.54904660340753,269.19743980789536,201.64724822023484,156.52196597479076,117.01315737238143,115.7971900040066,242.23156722465217,180.0167827991062,162.45934385074602,117.12370383193156,102.09226411176525,192.14109461855517,165.59370543236844,131.00053072098984,126.00198375915053,141.82246620891863
1973-12-31,331.59719147733705,225.2644410793863,146.45345520950835,109.08079595201163,45.87195675542589,180.21677000947273,175.49575608967024,153.79909024869548,126.05605690575099,95.89251308650435,267.47457619312485,202.41350776347176,155.16022487081008,116.0185455347162,116.21405988802103,246.88241331536554,187.50548096354905,163.970215748558,119.52473976048614,105.03252131818408,199.5193126519077,166.42167395953027,135.6772496677292,127.80381212690637,143.32578435073316
1974-01-31,406.6707956278061,257.2069388244432,162.79766081088945,120.21794521871203,48.95913944506605,209.23166998099788,194.41419859613669,167.8409471884014,133.66984274285835,100.17890842147108,306.8468338087528,221.23796398547464,165.66457209456394,121.28578750199233,117.32971486294603,261.12752856366217,197.9682868013151,172.95578357157896,124.84359067982777,103.87716358368407,198.72123540130008,171.34775550873238,135.0259988693241,125.0432497849652,134.9698911230854
1974-02-28,417.36623755281744,264.0743640910559,164.52331601548488,119.44855036931227,47.81349558205151,211.21937084581734,195.8334222458885,169.36829980781587,133.45597099446977,99.40753082662575,303.62494205376095,225.61847567238704,164.37238843222633,122.18330232950707,116.00388908499475,257.86343445661635,199.5520330957256,173.83785806779403,125.53023042856684,105.59113678281484,196.91287215914824,172.41011159288652,137.88855004535378,126.20615200796539,132.18951136594987
1974-03-31,433.05920808480334,267.850627497558,168.10992430462247,121.75390739144001,47.14888799346099,211.68405346167813,194.619255027964,168.9787527182579,131.6676609831439,95.87856348228053,306.1753915670125,222.45981701297364,161.16712685779794,120.65601105038823,113.10379185786988,254.2791327176694,192.7872191737805,170.70877662257374,120.64710446489558,100.56499867195285,197.7989800838644,170.56532339884262,134.56543598926075,121.13266469724518,124.7208039737737
1974-04-30,414.4376621371568,252.28850603994982,159.88934900612642,115.84884288295515,43.95219338750434,198.39029490428476,183.17564283231974,160.88467046305334,125.36078002205129,89.35882116548545,282.5080337988824,208.20014274244204,151.54544938438738,113.23566637078937,105.25438870293371,241.08204572962234,177.57630758096923,159.97119457301386,112.57581317619407,95.73787873569911,188.34418883585568,160.2972909302323,129.6268844884549,118.32238687626908,122.0143625275428
1974-05-31,380.8682115040471,231.55039084346595,147.43396871854918,107.5193110796707,40.770054586249024,179.99951456665755,169.3641993627628,148.51263930444455,116.25958739245037,82.44244840727687,258.89036217329584,191.77315148006335,139.08841344499075,105.864024490051,97.99183588243129,224.25451893769468,166.1226357419967,150.38892001809032,105.07826401865954,90.86482070805204,182.4490157252934,146.88040767937187,126.07510785347122,115.50631406861388,120.07433416335486
1974-06-30,374.3553650873279,225.18275509527066,142.28852321027182,102.96049228989266,39.42464278490281,173.1235331102112,161.8783017509287,142.79490269122346,110.95815020735465,80.1587925863953,252.10743468435552,181.70506102736005,134.1646836090381,101.5341858884079,95.63023263766469,218.0875196669081,161.4379774140724,146.0426802295675,101.65271261165125,86.12167706709171,178.01550464316878,138.37603207473626,125.0538994798581,114.663117975913,117.52875827909175
1974-07-31,357.50937365839815,211.58171668751632,134.81837574173255,96.6901983094382,36.98819986079582,165.86965707289338,152.61886289077557,136.04070379392857,105.09955987640633,76.15886883633416,247.2417611949475,173.3647987262042,130.94473120242117,96.50824368693172,91.63288891341031,212.41724415556845,155.35176566556189,138.3024181774004,96.7428865925085,79.76589729954034,164.13029528100162,127.02919744460787,114.9120282320416,103.73572283280849,110.24197526578806
1974-08-31,332.0904571912861,193.6607452840837,123.42622299155614,89.58346873369449,33.41513975424294,152.63325843847647,142.83599377947684,123.17125321502293,95.60906961956684,70.012848121242,229.29200933219425,157.69262092135534,119.06804408236155,88.52701193402245,82.47876331096063,190.55950973196047,139.72337803960636,126.06265416870046,87.80384387136071,72.97781943934947,149.3585687057115,117.05740544520616,105.535206728307,94.52399064525511,98.63349527030057
1974-09-30,313.52660063429323,178.20661781041383,114.1815988894886,82.13012413505112,30.324239326975466,142.5136734040055,132.23756304103966,110.55851688580458,85.09207196141449,63.011563309117804,218.60700169731402,143.09028422403784,108.59005620311375,80.8251618957625,74.354605124831,178.03974994257067,130.3060223597369,113.16644464724239,80.401979833005,65.93545986345224,136.14033537525603,103.10416271613758,91.28795381998556,81.89558549504903,89.73675399691946
1974-10-31,360.71235402975435,193.67495223635774,120.97540402341318,85.98202695698501,32.10427217546892,166.81225471938845,147.27297395880586,120.68567703254428,89.814681955273,69.02286644880763,267.09403467377825,163.30894138489438,119.92685807071884,86.87896652175512,80.13195794303037,217.49335852984433,151.96288327592512,132.71028963782118,90.37182533229763,72.35098010816614,166.15927932549997,120.06479748294221,106.36872379104719,94.63853859807865,104.13950301342506
1974-11-30,345.7067201021166,183.99120462453985,112.62810114579767,80.45338262365087,29.487773993168204,159.03880364946497,140.71932661763898,114.66346174862029,84.65931921104033,65.05405162800119,258.7874101954238,157.7074446953925,115.27369597757496,84.66355287545036,77.00681158325219,210.57706972859526,147.82949285081997,129.14038284656377,86.82021259673833,70.30344737110504,155.40877395314013,113.42521418213552,100.965192622462,90.24731040712781,101.82760604652701
1974-12-31,317.4624810697737,165.64728152347323,104.8117109262793,74.40328825035233,26.90169621396735,153.07484851261003,131.24891593627189,106.70581750326605,78.95328109621622,61.42403554715873,243.13077187860063,148.59195439199883,110.48983759450559,80.24411541535186,73.07946419250632,205.2073544505161,140.984987331827,123.41946388646099,82.6181143070562,67.09057982624554,147.43630384934403,113.44789922497193,98.74395838476782,89.110194295998,98.91533651359634
1975-01-31,455.87612281619494,220.77469681448508,132.03131225383405,90.37023390887794,31.9672856110574,208.67163349239001,169.12735307547996,136.4127170961753,98.24156766802183,72.70763087717178,314.8057234284121,188.3848797781761,139.5376158981011,95.08927676719196,85.23988703413937,257.80199939618336,174.96236927879733,151.8553083659016,97.95203632244584,79.15346607900449,181.833193537396,134.00465856453684,109.25031555690711,100.32916775786416,106.76921423277588
1975-02-28,499.4578801574232,234.948432349975,140.6793632064602,93.40667376821624,31.93212159688524,223.88379557398522,178.42935749463135,140.35504462025477,102.06316465030787,74.55440470145194,340.9660790453131,195.95795194525877,143.9330507988913,99.71061561807748,86.94468477482215,274.22398675772024,181.96086404994924,159.78215546260165,101.76237053538897,81.95549877820125,196.36166570103396,143.0365725517866,111.44624689960094,105.56635031482466,109.90822913121949
1975-03-31,575.3754779413514,252.96897711121807,152.89033193278095,100.92591100655764,33.535114101048876,249.04833419650117,189.68824995254258,145.997317413989,105.50269329902324,77.93917467489787,369.88000254835566,206.52008555510824,151.51832257599287,104.40698561368893,90.40508322886008,293.85842420957306,194.04306542286588,166.39713669875337,107.20665735903229,87.20065070000614,204.98194282530937,146.36932469224325,114.17667994864115,108.09994272238046,110.64461426639865
1975-04-30,607.4814296104788,264.60555005833413,159.11296844244512,104.7005400782029,33.32048937080217,258.43745639570926,195.8910557259907,152.5963961611013,109.14253621783953,79.10826229502133,392.9605147073731,216.86674184141918,160.24577795637006,109.7943860713553,90.54069085370338,305.2013593840626,202.71679044726798,173.50229443579016,113.22095083687402,93.98486132446662,210.49595708731016,152.75102724882507,121.52965813733366,115.0183390566128,118.41186618789983
1975-05-31,664.0379507072145,280.9581730519392,168.58019006477062,112.77295171823233,36.329329560985606,282.62720231434764,212.8748102574341,164.13268371088057,115.36366078225639,86.4178657310813,433.82840823693994,228.68597927177655,169.31568898870063,115.16333155024456,97.2497560459628,334.3175690693021,216.48126051863747,183.18372246530726,118.5423355262071,98.41154829284898,236.38695980904933,161.4578358020081,128.29886009558317,120.17116064634905,121.81028674749254
1975-06-30,728.3832281307435,303.9967432421982,182.94322225828904,121.33241875364618,38.102200843561704,309.4202610937478,226.4136481898069,178.47788026721153,122.62003504546031,88.91534205070955,460.42208966186433,243.16180175967997,179.98257739498877,121.70460878229845,100.20614862976007,364.3058550148186,231.74318938520142,198.09487747398325,126.02235689791075,101.9248405669037,251.89394437252295,168.9010420324807,133.87986050974104,126.49216369634702,125.78130209546079
1975-07-31,739.1632999070785,306.6719145827295,183.8579383695805,120.82282259488086,36.33425872442044,302.76772548023223,225.89289679897036,173.12354385919517,117.64166162261462,83.17141095423372,445.13607628509044,232.85174136506956,173.16123771171868,117.79789084038667,94.02342925930388,341.93747551690865,216.2859186532085,188.2891810390211,119.34317198232148,94.15816771570563,230.20587576204875,157.8042435709467,124.80280596718059,120.12960786242076,117.0772359904549
1975-08-31,699.6919796920405,288.60893881380673,172.14618769543821,115.13206765066198,33.99433246256776,291.0808912766953,215.34369851845844,163.99993309781559,111.7831068738084,79.05442611199915,425.46106171328944,225.40048564138732,168.45125204595993,113.48648803562853,89.47269528315357,332.944519910814,211.50599985097261,179.17598467673247,113.35214474880893,90.57074152573725,225.3485317834695,154.67971954824196,123.20533005080068,119.07246731323144,113.86931972431644
1975-09-30,671.9841772962357,278.59420863696766,166.82687049564916,112.48403009469673,32.51217956719981,277.6620621888396,208.96952504231209,156.5215361485552,107.94894630803678,75.47326060912557,411.08047782738026,213.2739395138807,163.0776571056938,109.84357176968484,84.85590420654285,321.22487280995335,200.40193485879655,174.05155151497792,108.58001945488407,87.16528164436951,217.34865890515636,143.4654398809944,119.52149068228172,115.57173677422243,108.76797420066706
1975-10-31,681.391955778383,279.7643043132429,165.7258131503779,114.51999103941075,33.27621578702901,290.9898411739039,213.8594119283022,160.30935732335024,108.61822977514659,77.69217447103388,437.6773847428118,217.96596618318608,165.0998200538044,113.86384649645531,85.662035296505,339.14922071274873,211.46412166300212,184.56426522648258,115.1056786241226,93.30171747213313,233.64980832304306,154.3831598559381,126.75254086855978,123.95068769035356,112.0527670215272
1975-11-30,689.7730768344571,282.70182950853194,170.81359561409448,116.55844687991225,33.87851529277423,294.2198284109343,220.3179661685369,165.5995661150208,112.60451880789446,79.5723250932329,444.5926874217482,222.34708210346815,170.30046438549925,115.61734973250073,89.9879680789785,348.7132287368483,216.877603177575,194.7522126669844,120.03220166923505,97.74287922380668,232.01425966478175,153.8582571124279,129.021411350107,128.99548067935095,117.73384230951862
1975-12-31,701.9130829867436,280.4402148724637,170.06201579339248,113.94753766980223,32.49965972035832,297.83873230038876,219.26043993092793,164.39068928238117,110.70150244004104,77.86947733623771,445.6597098715604,223.2809398483027,171.62880800770614,114.91208389913248,88.63814855779381,351.8167764726062,214.014818815631,193.31104629324872,118.2197154240296,96.13989600453627,235.33206357798812,154.6429342237013,128.38920643449148,125.19011399931009,113.16576922790931
1976-01-31,878.2336494330136,338.5474273940382,200.6731786362031,134.16183085242514,37.88485333602169,355.85771735250455,265.19550209645735,190.72607770541865,128.3805323797156,91.49663587007932,532.652485238489,264.85585084805666,199.87890980577458,129.47144492915257,101.99591754545334,410.88681324235677,251.1249883982614,221.68910788909764,133.34001702676298,109.90712911238585,260.04193025367687,173.46297931872573,142.85866999965867,139.06117863043363,125.87428511220354
1976-02-29,979.1426957528669,376.90485091778277,225.5365854692286,150.0197592591818,41.76047383229672,388.3475269467882,282.8575225360814,204.40113747689716,138.6766510765688,99.81368007066952,558.4861307725557,276.40356594503197,212.0915111949074,138.50855178520743,106.94271954640782,414.2971737922683,262.023812894746,226.41108588713544,136.67351745243204,114.98483847737808,254.3730161741467,170.704917947558,143.55867748265698,138.71352568385754,133.5903787895816
1976-03-31,1017.4271751568039,389.8703777893545,231.26521474014706,150.22978692214468,41.65607264771598,405.8231656593937,290.4381041400483,209.77688739253955,139.42550499238226,98.24660529356001,584.3998872404023,278.00670662751315,214.33968121357344,140.80779374484186,106.53633721213147,432.3605305696112,265.2729081746408,227.27144801350656,138.17692614440878,115.92771415289258,268.94859000092526,173.86295892958782,145.86997219012775,138.3667418696479,133.2163257289708
1976-04-30,1016.0027771115845,384.52915361364035,230.15514170939434,149.65891373184053,40.318912715724295,406.5942296741465,287.12710975285177,209.65102126010402,137.1389267105072,96.06553065604298,588.1984865074648,277.1726865076306,212.453492018894,139.73765451238108,103.58528067135543,431.49580950847206,261.1877053887514,224.95327924376878,136.57407380113364,112.80925864217977,269.2982231679265,172.45466896225815,146.52638706498334,136.4434441576598,130.20563676749603
1976-05-31,993.7523162928408,374.3391310428789,225.713147474403,147.2494052207579,39.47221554869408,395.45354778107486,281.98753448827574,205.75151226466608,137.50920181262555,94.1057938306597,578.6696710260439,275.75910580644165,209.6066152258408,138.45206809086716,101.76217973153958,420.49266636600595,253.24759914493336,219.73436316531334,135.42685158120412,112.1436840161909,264.72015337407174,170.07479453057897,144.56293347831254,136.27971202467063,131.37748749840347
1976-06-30,1030.1236510691585,381.376706706485,228.21856341136893,149.32562183437057,40.182715428570575,414.07940988156344,294.19759473161804,209.02296130967426,140.65816253413468,96.80663011359964,613.1583834191962,291.1464639104411,219.4790868029779,145.33313587498327,107.48121423245212,450.89428614426816,265.70738102286407,230.98476255937737,143.67434684249943,118.70408953113807,273.95888672682685,177.7621752433611,149.63709244340131,142.60309066261533,138.60324931081567
1976-07-31,1037.8495784521772,386.1820532109867,228.10445412966325,149.90799175952463,39.05358112502774,416.31543869492396,299.0812748041629,212.80627690937933,140.41904365782665,95.4126146399638,618.9833880616786,293.5047502681157,220.92764877587751,144.28673729668338,105.65403359050043,454.5465298620368,268.89586959513844,235.51206390554117,143.0565471510767,115.10735561834457,269.76731575990635,178.8998531649186,149.74183840811168,140.03623503068826,135.67872075035746
1976-08-31,1008.2708654662902,378.14946650419813,224.36354108193677,149.92298255870057,38.35452202288974,398.95508490134563,294.0866175149333,208.7416770204102,139.19739797800355,93.55206865448451,597.1332744631013,286.87154291205627,218.6300012286084,143.52201758901097,103.88961122953906,451.7737960298783,267.7127277689198,232.4268558683786,144.15808256414,113.92174985547562,263.6705744237325,178.36315360542386,149.44235473129547,142.52888001423455,137.51038348048726
1976-09-30,1034.8892163146002,382.5738152622973,228.24503034265427,153.221288174992,38.91066259222164,410.6843643974452,302.056364849588,216.7364832502919,143.55427653471506,96.6205765063516,610.8673397757526,290.71562158707786,225.62616126792386,146.59338876541582,107.59847035043362,470.7031180835302,275.4763968742185,235.86677333523056,147.5313816961409,116.66726402699258,269.075821199419,180.07543988003593,153.86584843134182,147.58865525473988,140.0543255748763
1976-10-31,1012.4321203205733,378.8245918727267,226.1223515604676,150.00364112331715,37.80170870834333,402.0189243086591,295.04865718507756,212.9219211450868,140.69754643167423,93.6833109805585,596.8784776948879,283.91287604194025,222.8735221004552,145.4206416552925,104.72559119207705,460.77128229196774,274.8703488010952,231.9277982205322,144.315197575165,114.27558511443925,265.06659146354764,177.32028564987138,151.17319608379333,143.29382538682694,136.79105978898167
1976-11-30,1057.890322522967,388.06791191442125,231.9110837604156,153.40872377681643,38.671148008635214,425.2556181336996,305.1983309922442,219.86317577441662,146.02998344143467,97.43064341978085,627.8564706872526,297.28517250351564,231.119842418172,150.24860695824822,107.66838030457441,482.5196868161486,283.3363555441689,237.6332220567573,149.10646213466046,117.30388811997187,267.8762973330612,174.48316107947343,148.90559814253643,144.92737499623678,138.9250003216898
1976-12-31,1212.3423096113202,423.07163756910205,251.57714366329884,167.2308497891076,41.82671368613985,485.47181366143144,333.73437494001905,243.080727136195,158.3987230389242,105.12766424994354,713.8100215243375,326.65694754686297,247.25200741896046,163.90620533075298,114.03158158057477,532.0744586521671,301.8098859256487,254.62399743381542,158.3212414945825,122.9813963049785,287.77950622490766,183.81801019722528,154.2513091158535,151.1302666460757,143.59288033249857
1977-01-31,1291.7507308908619,444.26752661131405,262.344645412088,174.99036121932218,42.75526672997215,500.5214398849358,351.25542962437004,247.62633673364184,159.159036909511,104.37074506734393,712.0968774726791,328.09423811606916,251.05968833321248,162.29992451851157,112.00181942844051,511.96204411511513,300.4517414389833,245.15198472927747,153.96740735348146,119.25505999693766,261.7930168127985,179.88430477900465,147.27914994381692,143.78533568707644,137.6912129508329
1977-02-28,1286.4545528942094,447.8660935768657,262.68569345112377,176.63527061478385,42.41322459613237,501.77274348464806,346.8998622970278,244.9024470295718,158.85663473938294,102.98261415794828,702.1987308758088,325.1413899730245,248.77504516938023,158.29111638290433,109.11217248718674,506.4328540386719,295.6144684018157,240.8127945995693,150.31837979920394,115.152685933043,258.65150061104487,175.71098890813175,146.1598284042439,139.97502429136892,130.64142284775025
1977-03-31,1312.0549984968043,451.3146624974076,267.78179590407564,178.61358564566942,42.548946914839995,515.9729121252636,348.14870180129714,246.51880317996694,159.79388888434528,101.96308627778458,704.3755469415238,325.4015030850029,249.0238202145496,158.76598973205301,107.30091042389944,514.2319199908675,295.67359129549607,239.82546214171103,150.90462148042084,115.67087301974168,255.34076140322352,172.65361770113026,144.43514242907384,137.70742889784876,128.70792978960353
1977-04-30,1338.0336874670409,456.4596496498781,273.21776636092835,183.00747985255288,43.03400490966918,529.542999714158,349.1583330365209,254.1608860785459,163.5490452731274,104.17568525001253,715.575118137894,329.761883226342,251.66347270882383,162.2588415061582,109.51130917863176,529.7103007825926,302.5332186135516,240.95264181377706,151.34224488271406,115.80967806736537,253.24696715971712,174.0521120045094,143.7996278023859,138.02415598431378,131.6038582098696
1977-05-31,1350.6112041292313,458.6050100032325,272.94454859456744,183.59310378808107,42.547720654189916,527.4248277153015,350.2756397022378,256.0162605469193,162.66588042865254,104.0090041536125,713.3568352716666,328.83854995330825,250.75748420707208,161.77206498163972,108.88709471631357,524.5191398349232,300.14320618650453,238.80816330163444,151.22117108680789,114.2925712846829,244.99111603031034,170.2229655404102,143.81400776516614,137.04418447682517,130.48522541508572
1977-06-30,1449.6110053919037,483.9658670564112,286.64636493401474,193.32353828884936,44.93464778288997,568.5639642770949,375.040127429186,266.7433418638352,172.0517017293858,110.27034620365997,764.5045203606452,347.15485718570756,266.00353924686203,172.8696286393802,116.59630102222857,557.5638456445233,316.17085339686383,250.07990860947154,160.12809806382086,119.67575139219144,256.554696706941,178.97242596918724,151.33548037128435,142.89597115398558,136.16133272064195
1977-07-31,1485.9962416272404,492.67725266342654,291.805999502827,196.0880648863799,44.43587319249989,572.4301992341791,377.59040029570446,269.1173576064233,171.98288104869405,108.40677735281812,765.1925744289696,351.35543095765456,264.08831376428463,171.46938464740123,114.4159501931129,540.9484430443165,311.99739813202524,249.37968486536502,157.00560015157637,116.65992245710821,247.57528232219803,177.66592725961218,148.89897913730667,141.73851378763828,132.87984460207446
1977-08-31,1481.0924540298706,487.5041415104606,290.7846785045671,194.71544843217526,44.400324493945895,563.6720171858963,374.1920866930431,265.8072141078643,170.24585395010226,108.4718214192298,756.0867827932649,349.98514477691975,260.8928451677368,171.14359281657116,115.80038319044957,528.3984391656883,303.3238704639549,245.2150441281134,153.73988366842357,116.02995887583982,242.0048384699486,175.39180339068915,145.9656692483017,140.5620841232009,131.44474228037205
1977-09-30,1508.936992165632,495.20670694632594,296.0769596533503,197.81142406224686,45.11072968584903,565.5885020443283,383.39721202569194,267.10966945699283,171.47162409854303,108.86231997633904,771.5109531622475,356.0398877815605,260.94502373677034,172.050653858499,116.91206686907789,536.0602165335907,305.2044784608314,244.72461403985716,154.37021719146412,116.27362178947908,244.11028056463712,174.90070634119522,147.9799954839283,139.11429465673194,129.9725611668319
1977-10-31,1481.9270200058672,487.8281270128257,290.4218897239713,193.24198016640895,43.676208481839026,552.6930841977176,373.6972625614419,263.42355601848635,166.91047889752178,104.20301268135172,742.4249902280308,348.634258115704,250.74207330866264,167.99025842743845,114.25816295114981,524.8029519863853,294.766485297471,236.82000900636976,147.91754211286093,110.69248794358408,236.22551850239938,169.3213738089111,141.80922967224848,131.93599705244458,122.34317182633887
1977-11-30,1647.0136900345206,531.5863100058763,311.6807720517659,204.27609723391086,46.4496477204358,612.8813610668491,406.7694702981295,283.89156632112275,178.8278870908048,112.07034013879378,813.1780917967621,375.4790959906132,265.1848167312416,177.2465216667903,122.1076987458938,568.4665575916525,315.90124229329973,250.76870753684494,156.2600914880263,115.71792689622282,247.58796594236478,174.72272563341537,145.5388124126286,136.4614017513434,127.83638024134147
1977-12-31,1692.965371986484,544.4506987080184,318.81826173175136,208.34119156886567,47.713078138431655,624.8325476076527,415.3929830684499,285.5665265624173,181.0274701020217,114.84968457423585,821.3911905239094,380.17258469049585,266.61681474159036,178.64676918795794,126.1372528045083,575.4018495942706,315.6801114236944,252.62439597261763,157.35391212844246,118.83073912973121,251.2027502451233,175.84095107746919,144.50548684449893,136.13389438714017,126.455747334735
1978-01-31,1711.9265841527326,539.9862029786127,316.203951985551,205.3619125294309,46.82561488505683,607.7121358032031,404.5096869120565,278.6843732722631,177.33450971194046,109.89966316908628,782.2929698549714,368.50128634049764,254.69904312264126,169.37500186710292,120.44846270302496,556.3560483727003,299.80140181908257,239.6395020196251,149.1557733065506,110.17986132108679,233.5431969028911,164.62229839872666,136.3264762891003,128.8371176479895,115.49203404081348
1978-02-28,1804.0282343801498,560.8296704135871,326.89164556266263,212.3647537466845,48.25847870053957,630.4405696822429,410.5368812470461,284.8990347962345,178.30984951535615,109.83372337118482,784.8745366554928,378.96672287256774,260.2260123584026,170.69612688166634,120.66526993589042,553.9637173646978,298.4822756510786,236.52418849337,146.69470304699252,108.50512742900627,228.94239592390414,161.85664378562805,136.2446804033268,125.1652597950218,110.77995905194828
1978-03-31,1934.4594757258346,604.3500528376815,348.0742241951231,225.84991560959895,51.988859104091276,686.0454279282168,431.18688637377255,299.40039566736283,189.6860179144359,118.12616948570927,839.4233169530496,394.8075318886411,277.06263535799127,179.24800283843783,128.0982505639413,586.2598020870596,313.7048717092836,248.39770275573713,152.9732363374038,113.00809021731004,232.46810882113226,165.2232619763691,140.304771879346,129.2456472643395,113.20604015518596
1978-04-30,2088.635895941183,650.8850069061829,375.60689532895736,246.69586282036497,56.48069653068477,730.1581489440011,458.73972841305664,321.5859649863145,207.2699117751041,126.93838172934318,898.3508338031537,418.9302720870371,300.3636029915983,193.71331666749975,139.6527127648088,630.1120352831717,332.6840164476953,268.4433973681251,167.32212590585226,119.34784407850114,261.24766069318844,174.64098790902213,152.09037271721104,142.2606839438585,123.5191104133234
1978-05-31,2261.7838117147076,691.6954968392006,398.5564766335566,264.1619299080468,60.62637965603703,775.93906488279,483.87866553009206,334.35292779627116,217.67486134621433,134.8593367492542,932.308495320913,440.2957159634759,313.8799651262202,200.435168755862,148.0598060732503,656.1356623403666,348.885728048698,278.7247794873243,172.49237959634308,124.06208391960195,263.8862620661896,175.65390563889446,154.32610119615404,143.04311770554975,125.76715822284588
1978-06-30,2304.531525756115,703.2468116364151,403.13987611484254,263.7392708201939,59.910988376095794,782.7673286537586,488.1851856533099,333.1492572562046,217.9360711798298,132.33746715204313,954.1245141114226,439.1949766735673,312.2791773040765,199.7136021483409,149.6144340370194,671.3580097066632,347.45529656369837,274.98986744219417,171.00894513181453,121.60565465799382,259.37380698485777,172.4218737751388,151.40933788354673,140.46834158684985,127.50274500632115
1978-07-31,2455.0174343879894,747.1294126825275,417.2094577912505,276.7152429445474,62.86460010303732,857.7564387387888,523.7250671688709,347.24147083814205,228.9418427744112,140.11891022058327,1009.6545608327075,458.0364411728633,326.76893113098566,209.47959729339476,158.15741822053323,725.536601089991,371.01276567071716,295.31161864617235,180.0724192238007,129.37625599063963,270.5787554466036,182.35337370458683,159.191777850761,148.98072308701293,135.05090751069534
1978-08-31,2694.136132497379,798.3824903925488,458.095984654793,301.92400157679566,68.28981509192944,932.9816784161804,563.056819713253,372.17340844432067,244.62435900445837,153.2900877813181,1082.3496892126625,492.80140705788364,350.9825089277917,223.32619867448815,170.28809219804813,770.8100849980065,387.52283374306404,307.2126768776131,189.40017053959357,137.83746313242747,283.02537819714735,189.3375079174725,162.6780777856927,152.95850839343618,139.8587198180761
1978-09-30,2769.5719442073055,810.7574189936333,462.86018289520285,301.5616927749035,66.37770026935542,937.1800959690531,569.7571958678408,372.39671248938726,241.41977990149996,147.1584842700654,1092.307306353419,489.9924390376537,345.50718178851815,216.00109935796493,164.51532587253428,785.4554766129685,387.1740631926953,303.92550123502264,183.01738479240927,134.4328777930565,281.07250308758705,188.86416414767885,161.52306343341428,151.71954447544934,135.8028169433519
1978-10-31,2092.4116038486195,644.2278451323409,388.3396934490752,252.28651217548426,51.86753499047432,728.3763705871481,457.9708340385704,304.8067091725635,204.16870786269854,118.09468362672749,879.7443045370437,408.9966888647295,296.96342274723133,186.49534918566692,131.95774288235975,658.840053782958,334.13121653529606,269.6427046957121,158.8773917382905,116.00213024762847,250.6042437528926,174.11387292774512,146.2591339389566,140.85642509100717,122.45340003782039
1978-11-30,2330.7372855269778,683.9767031770065,398.51419341744094,251.5296526389578,51.509648999040046,824.6677267787693,493.0513999259249,317.8524363251492,208.39500011545638,119.00401269065328,999.0376322322668,434.5589819187751,308.42621086527447,190.22525616938026,132.68351046821275,742.3150885972588,358.55620846402616,280.1587701788448,161.57830739784143,116.07173152577704,299.0961649190773,191.69937409344737,153.16256506087535,144.42009264580963,125.66167911881128
1978-12-31,2380.615063437255,690.6112771978235,410.031253607205,254.5228555053614,51.98353776983122,840.6662806782774,508.13877276365815,325.004116142465,210.7290241167495,121.77680618634552,1035.1028907558516,441.3815579348999,312.2198532589174,193.23081521685648,136.06693998515217,757.4583164046428,359.8470108144967,281.6716275378106,163.3233531177381,119.2637041427359,301.6384823208894,192.38949184018378,156.91504790486678,147.29405248946125,126.74236955923304
1979-01-31,2714.8534183438455,773.4155693338424,447.09807893329634,277.480817071945,55.51321998440276,955.4172279908623,552.6517292577546,351.71945448937566,226.6812112423875,129.53398874041574,1144.4097560196697,485.4755755725964,334.60601673758174,203.5300176679149,143.45537482634595,827.7504481669937,386.8355366255839,300.9379668613969,170.26459562524195,124.73790816288748,325.2567754866151,203.75971080793863,163.72516098393803,150.41668640223784,129.391285083021
1979-02-28,2701.007665910292,771.7913966382414,441.7776117939901,271.0432621158759,53.70904033490967,932.7738396874789,540.8802474245645,342.7154364544477,221.21819405144595,123.8733534324596,1138.5732662639691,471.15404609320484,323.36325457519905,197.2612931237431,137.9753795079795,802.007409229,378.5185725881339,292.2408596191025,162.10892149479287,124.30132548431739,314.4257248629108,199.17511731476,158.32223067146808,145.93426914745115,123.05111211395297
1979-03-31,3011.353446723385,845.8833707155126,479.24035327412054,289.88076883292933,57.382738693817494,1037.9907288042266,588.7481493216384,371.19508922381226,237.38924403660664,135.9510053921244,1269.3953345576992,515.7723342582314,351.9485662796467,212.66740011670743,151.48316916181074,882.8497560792833,413.22872569446577,314.18814817649707,172.07862016672263,135.51330504300282,332.379433752583,208.0583275469983,166.618315558653,152.9245206396141,133.10438797366294
1979-04-30,3121.5689828734603,862.208919770322,494.48019650823755,301.27308304806337,58.49022555060818,1073.3862126564507,609.7664582524209,379.39850069565847,240.97382162155938,138.46609899187868,1285.389715773126,525.6751630759894,367.1175494862994,214.21987213755943,154.02808640372913,885.5865903231293,421.9065289340495,319.4036714362269,173.52408057612308,135.81143431409743,325.5988933040303,210.76308580510928,167.3847598102228,154.95841676412095,133.15762972885238
1979-05-31,3100.9666275864956,856.4321200078607,496.40866927461974,300.399391107224,57.256081791490345,1061.5789643172297,598.3638254831005,376.0977337396062,236.08205304264175,134.96290668738416,1251.7125052198703,517.9477381787724,366.163043857635,208.9500632829755,152.94988979890303,893.733986954102,419.41728041333863,315.98605215185927,171.8408969945347,133.10878677124686,326.51057020528157,208.04424199822336,163.7022950943979,152.9439573461874,129.1629008369868
1979-06-30,3327.0270947375507,911.4150621123654,517.4067559849361,312.5054865688452,59.689465267628684,1134.5094391658233,642.1640575084634,398.0242316166253,246.5168797871265,142.75026640324623,1314.1729592303418,541.9805132302674,382.6037645268428,221.0900619597164,161.69862349540028,959.3340615965329,440.4300861620469,332.8913059419838,184.26499384723957,141.78747966873215,347.96231466776857,219.32023991452704,168.08951660292774,157.99110793861158,135.33688749699476
1979-07-31,3416.8568262954645,941.9474666931297,542.3975022990086,317.8180798405155,60.11922941755562,1192.5963224511133,667.6579705915494,412.27349910850046,254.47937500425067,142.53614100364138,1371.2080656609387,551.9529546737043,399.3235490366659,230.99489673551167,165.01344527705598,1011.3299677350651,451.96935441949256,342.2455516389535,187.96872022356908,143.44639318085632,344.1695254378899,221.5353743376638,170.42596088370846,160.5821621088048,137.1639354782042
1979-08-31,3724.373940662056,1017.1148745352415,582.3721982184455,339.87465458144726,63.774478566143,1274.1699109067695,728.4816117124395,444.26592263932,274.45600594208435,151.24509921896384,1476.791086716831,595.3916522065248,428.3144386967278,252.24642723517877,175.21127619517804,1096.4839510183576,483.0196490681117,368.1535398980223,199.6227808774304,152.84213193420243,362.7202628589922,235.91302013217813,180.6344759406426,169.2375406464694,143.6243568392276
1979-09-30,3712.455944051938,1022.0987374204642,584.3522636923883,338.0053439812493,62.54363112981645,1261.8104627709738,721.7795808846852,442.57771213329056,272.8916067082144,152.39456197302798,1463.204608719036,598.785384624102,425.1020804065023,253.40676080046057,174.93093815326574,1062.7122453269924,477.561527033642,362.29989861364373,201.9583674136963,152.65872137588138,359.0930602304023,236.10175054828386,180.00225527485034,173.26539411385536,144.64408977278615
1979-10-31,3232.064144891617,913.6540613801528,525.1573793803493,308.2270731765012,55.73262969977944,1110.6455693310113,647.2197501792972,394.9563503077485,245.79347016208874,135.6311601559949,1309.1291634209217,546.3317849310306,383.44207652666506,233.4129673733042,159.23963300091782,964.8364475323762,434.5332334479109,328.49731807299077,186.02385222475567,140.07964273450878,334.06427393234327,219.64545853506849,167.09609357164356,164.04767514699827,137.5420649649423
1979-11-30,3563.6739261574967,987.5686749458073,564.96430873738,326.3508250792795,57.98422793965052,1220.5994806947813,704.3045321451112,423.43270316493715,259.87743600237644,146.63084724464608,1450.6460259867233,589.3280964051028,407.5605831401923,252.48280680770318,172.83869765919619,1051.189309586524,466.6886927230563,348.5356544754432,201.37082003329803,150.61363186814384,354.0079110861042,227.15733321696786,176.3699267648698,172.9226543724509,145.87711410181782
1979-12-31,3821.683918411299,1049.1929602624257,605.3027603812287,349.2606529998449,63.011460502018224,1300.6708066283586,741.7735332552311,445.4935469998304,273.88482980290456,158.31732577004436,1511.2830298729684,601.0557255235643,422.5588125997513,260.83998771303817,186.28554833708165,1094.2880712795713,476.95584396296357,354.25163920884046,206.58632427216043,158.70158389946317,366.1503824363575,224.95390708476327,178.34526994463636,178.26596439255962,154.60056552510656
1980-01-31,4239.393970693654,1131.6595269390523,658.8115243989294,389.60025842132694,70.45311398730658,1403.8140015939873,797.1840161893967,471.86676498222033,286.9217477015228,170.28611559825973,1558.2839321020178,641.146142415986,456.40577348899143,278.342350888583,200.03342180435828,1125.475281311039,497.46494525337096,371.3265682187066,216.3371987778064,172.2546991644773,383.87206094627726,234.6944112615335,188.92114445235327,194.00684904842265,171.97766909012853
1980-02-29,4181.73821269222,1141.9576286341978,648.7317080756258,384.14585480342834,69.4244985230919,1350.8902137338941,772.9496220972392,456.29516173780706,280.7242379511699,168.41296832667888,1500.1599414346124,610.5634714227435,442.3941162428794,277.31248419029527,197.03292047729292,1081.9193879243019,476.1734455965267,352.1289846417995,214.08729191051722,170.61827952241478,371.28105734723937,224.71989878291834,182.7245309143161,206.9277051950476,176.77584605774314
1980-03-31,3444.0795919733127,933.7787529341837,543.831790879797,318.76423031588484,54.6926199364918,1172.3025274782733,668.0603583786437,386.02570683018473,231.00797541001774,130.94108287399283,1348.3437553614299,540.8981793334084,380.724376438622,231.13995557261106,151.20306317427458,1001.3163935239413,441.36516672342066,314.2751187928061,184.3077496057643,137.45008598325734,364.0039486232335,210.94456898752543,171.03016093579984,186.87641056164748,146.88305048937875
1980-04-30,3728.216158311111,983.642538340869,570.4251654538191,328.359033648393,56.617800158256316,1278.6303667205527,719.3673939021236,406.4850692921845,242.05015663461663,137.39647825968063,1482.6387933954281,573.9470580906797,402.273376145048,244.82344094250962,162.2862477049489,1068.805118447455,465.64025089320876,327.22325368706964,195.79012240620338,150.59031420325672,380.8573314444892,225.0778551096896,177.27276180995653,190.46443764443111,155.02037148649032
1980-05-31,4028.7103806709865,1050.7269594557163,617.8274967030314,351.6068532306992,59.595896446580596,1426.0564480034325,789.4337780681903,440.71111212658644,258.0496719881648,145.81888237699906,1643.3568385994927,634.5558674250553,437.9952519467283,264.04208105649667,172.52650993513114,1184.342951751625,499.492297133145,352.8448344507672,211.64912232110584,159.85161852675702,404.24197159518087,237.11952035805803,187.30640012840004,198.52108335679057,160.08953763409855
1980-06-30,4259.152614445366,1101.4770715974273,639.8839383353297,364.22953926168134,61.330137033176094,1522.4578638884645,816.2745265225087,461.82117439744997,269.14580788365583,151.6953833367921,1745.0806269088016,674.9770761800314,454.639071520704,277.24418510932145,176.85692533450293,1255.2850945615473,531.409854919953,370.1342313388548,224.6232135193896,164.4073896547696,424.85831214653507,244.51764939322936,191.0150668509424,202.88854719063997,161.1941554437738
1980-07-31,4796.2317591269275,1201.4911896984738,699.5851097820159,396.6823912098971,66.16908484509368,1743.2142541522921,911.6970186729899,510.72803676613995,293.28818685081984,164.7866949187573,2027.4346723426454,740.3823548618765,489.0552492348213,298.287018759119,189.11311026018396,1368.8883956193674,585.7730830782642,398.7826208444821,237.35934972593898,177.13252161404876,467.5990583484765,259.43322600621633,202.28495579514797,213.2155742426435,169.0281913983412
1980-08-31,5137.723460376765,1274.6620031511109,748.6260259777353,432.4234746579089,72.17062084054369,1826.3655740753568,958.1023969234451,537.0305306595963,306.6327993525322,178.24976789361978,2100.8278074814493,769.7755343498931,514.3883111451851,313.88742984022093,196.14811796186277,1385.3150563667998,600.7688740050678,406.87790804762506,244.93111298219645,181.2419961154947,483.02982727397625,263.50632765451394,202.79066818463582,213.38614670203762,173.33841027899894
1980-09-30,5398.206039817866,1341.9641569174894,777.2235401700847,455.99055402676487,73.85941336821242,1890.653642282809,992.9773241714586,554.4303198529672,316.56770205155425,185.46888349331135,2126.2478239519746,802.4909945597635,543.6570060493461,320.2279559229934,197.540769599392,1410.9433849095856,610.0207146647459,423.6005900683824,253.57718127046795,187.74858377604096,489.1643060803557,271.0953098909639,208.50936502744256,221.62285196473624,179.9426037106288
1980-10-31,5672.434906640614,1401.547365484626,801.9392487474935,484.80915704125636,79.0369582453241,1953.9905392992832,1022.9652393614366,569.4553815209825,325.5582247898184,192.33123218256387,2150.061799580237,815.1703522738078,557.7377225060243,328.5859055725835,202.93363260945543,1444.241648793452,606.2385862338244,428.1754764411209,255.4790101299965,192.19822521153313,476.54386698348253,273.372510494048,211.7412601853679,226.23260728560277,188.48987738688365
1980-11-30,5966.267034804599,1462.3745211466587,838.2670967157547,509.0011339776151,88.52929693058755,2042.897108837401,1084.445450247059,602.0282293439826,349.8774241816178,215.48791253734456,2246.3845682014316,847.2065471181685,580.8280642177738,348.43249426916753,226.5348140819351,1530.6072993913003,648.4327918356986,447.27210269039495,284.9612878989981,216.58817999087668,490.98314615308203,293.0553312496195,227.77007358140028,259.2399446885722,228.39318442968693
1980-12-31,5772.36335617345,1424.9377334053045,814.4603111690274,490.3207923606367,82.84571606764382,2000.8134283953507,1071.215215754045,591.0713155699221,340.0808563045325,203.89466284283543,2263.0078140061223,845.173251405085,574.4389555113783,337.21296795370034,211.10779324295535,1558.158230780344,660.3639552054755,442.12847350945543,275.67154991349076,206.0619944433201,504.3378877284459,299.5318540702361,229.52390314797708,256.7512412195619,209.20815693759326
1981-01-31,5790.257682577588,1455.5738946735187,818.6955047871063,495.37109652195124,82.94513092692499,1937.1875613723785,1073.4647677071284,588.8843517023133,339.2646622494016,201.44792688872138,2233.362411642642,842.9758009514318,573.5772970781112,334.0094447581402,206.97008049539343,1483.9898989951996,643.5907107432564,435.7618234909193,271.3710737348403,200.23044000057416,452.5423866587345,283.7764785461417,215.40818310437652,255.0053327792689,201.78126736630867
1981-02-28,5562.121529884032,1461.2506328627453,825.6544165777967,496.36183871499514,82.28986439260228,1911.0355292938514,1093.431212386481,600.1320428198275,354.56549851684963,201.34720292527706,2255.4726995179044,849.7196073590433,589.5801036665905,340.8900393201578,213.55172905514698,1466.7756161668551,660.9676599333242,449.4447447485342,280.1906336312226,210.24196200060285,453.71899686404714,284.74131857319855,226.50170453425193,264.1600242260447,207.2495397119356
1981-03-31,5957.032158505797,1554.770673365961,880.3127389552468,534.0357022734632,88.51097814068302,2087.233005094745,1178.3908175889105,645.4420120527244,380.519693008283,216.56905146642802,2474.253551371141,926.6192318250366,638.8100423227507,369.93387067023525,227.58207765407013,1666.6971326503976,720.2564590293434,488.63632649060634,307.0328963330938,222.66726195483847,466.0147816790628,295.73233347012405,231.7112437385397,275.62456927745507,212.47222811267633
1981-04-30,6098.213820662384,1603.279518374979,909.0989655190833,551.7122840187149,91.41413822369742,2105.6006555395784,1219.5166571227635,673.3251069734021,387.55930732893626,222.11321918396857,2525.9654505947974,953.9544991638753,655.9940324612328,377.11058776123787,238.59705021252717,1628.6964380259685,724.4339464917136,489.17382644974606,309.5812693726585,223.0680630263572,454.22460770258255,288.7826236335761,223.23061221770914,273.4746976370909,208.96643634881718
1981-05-31,6179.320064477195,1635.3451087424787,930.6446110018858,568.429166224482,94.6593401306387,2172.137636254629,1236.3459869910575,690.2255671584344,396.6669510511663,233.48541600618776,2580.7789008727045,963.4940441555141,675.9362510480541,383.06893504786547,251.05181623362108,1640.5859220235584,737.9084178964595,505.8057365490375,314.1321140324365,233.73071643901707,443.8228641861934,287.6274931390418,223.27525834015267,285.5622792726503,216.6981944937234
1981-06-30,6058.82332321989,1640.5782130904547,937.4383166621997,570.2481395564002,90.41860169278608,2161.9285893642323,1247.5967354726765,694.1598528912375,388.416278469302,218.23881834098367,2593.9408732671554,953.3773566918812,686.5484501895087,377.8975044247193,236.51591607369446,1638.61721891713,735.1043659084529,506.76676744848066,309.79709085878886,218.16425072417854,456.6937272475929,287.45491664315836,220.5289726625688,280.27937710610627,208.87538967249998
1981-07-31,5969.152738036236,1579.2205879208718,911.190043795658,555.3076383000226,86.89227622676742,2148.524632110174,1226.2628312960937,675.1398729220176,380.7256361556098,209.83662383485583,2529.8705336974567,940.0300736981949,676.250223436666,374.26968838224195,230.72127612988896,1647.793475343066,720.6963203366472,498.4557924623256,306.699119950201,216.1353231924437,452.58348370236456,284.98280436002716,222.02856967667427,281.06415936200335,215.51762706408545
1981-08-31,5380.594278065863,1442.9338511833005,842.3951954890858,519.5458263935011,79.41085124364274,1949.786103639983,1132.0858458525538,626.7998580208011,362.9838215107584,192.06346179604353,2345.948945897652,872.4419113992948,635.8104600751535,354.58310277333607,215.70132105383323,1559.8013037597464,685.8866880643872,477.969259392124,292.1002418405714,201.9136189263809,423.8444324872644,269.02376731586565,210.72731548013155,267.26390913732894,202.88829411813006
1981-09-30,4844.687087970503,1287.6741687959773,761.6937357612314,474.91683990629934,72.82769167554476,1807.8416752949925,1030.76416264875,582.7985079877409,345.08871911027796,177.77394023841788,2188.5357716279195,809.9750705431053,601.3495331390802,335.64836508523996,198.6824868226858,1457.010397841979,637.9432085686865,452.4934978665238,272.2374253954126,194.46300638799744,392.3104067102119,253.42038881154542,196.8825308530869,251.7893287982776,195.46258255340652
1981-10-31,5387.776510531997,1386.0524752919898,806.2528193032633,501.3222162050896,78.84325900794475,2003.0885762268517,1131.5728977557976,623.9440826516753,369.31394719181947,189.89812296267797,2379.8137980681995,869.5082382280234,638.091989613878,355.317359279235,211.93460869375892,1615.0960260078339,670.9886667725445,474.3036844636903,285.14147935915514,209.35887267731806,447.9007913410489,265.68593563002423,206.2935158278645,257.45458869623883,207.38580008916432
1981-11-30,5514.389258529499,1438.4452588580273,824.9578847110993,511.5491894156734,79.11132608857177,2089.421693862229,1189.8489019902213,661.8174884686321,380.2087086339782,192.82255405630323,2452.3981189092797,904.8972235239038,674.0803778281006,366.72304651209845,211.82864138941207,1735.097660740216,721.2457179138081,498.9200456873558,298.82827036839456,207.89336056857684,482.65789274911424,277.1635680492412,214.83406738313812,264.19989892008033,217.9417373137028
1981-12-31,5393.0726948418505,1429.2392092013358,820.2556247682459,506.0244581699841,76.34242967547176,2062.050269672634,1179.6162014331053,651.4931356485215,377.5472476735403,187.8862966724619,2388.6357678176387,891.6857240604548,661.0706265360183,359.27856866790285,204.18162743525428,1704.9069614433365,714.3217590218355,490.63797292894577,287.1142021699535,201.13682635009812,478.55530066074675,267.8508721627867,208.60387942902707,257.40996151783423,207.67668148622738
1982-01-31,5333.209587929106,1408.9440124306768,807.623688146815,497.3714399352774,74.46440590545515,1987.8164599644188,1161.8039967914654,625.237962281886,365.99430189473003,178.51077046850602,2269.442843003538,871.3552895518765,637.9331546072576,343.29067236218117,195.32014480456422,1618.8091598904477,690.8205731500171,476.26228032212765,272.98818342319174,188.8071388948371,456.6853234205507,258.1546705904938,206.16321403970744,258.5683063446645,210.56338735888596
1982-02-28,4943.351967051489,1339.7648614203308,778.226185898271,481.2566052813744,70.32418493711185,1851.651032456856,1091.0501333868651,594.4762545376171,355.0510722680776,173.8873415133717,2136.2265481192303,845.8245795680066,619.1141265463435,334.9830380910164,187.0385706648507,1483.1529522916283,661.8061090777163,459.16446445856326,270.99536968420244,184.99323468916137,408.55069033202466,238.1218681526715,195.42211058823867,248.82028119547064,206.09944354687758
1982-03-31,4858.820648414909,1332.530131168661,766.008034779668,474.18213318373813,69.22712765209292,1785.1767603916549,1070.6474958925307,593.4061972794494,354.19894969463417,171.78330468105992,2125.545415378634,838.1275758939378,613.2944537568079,334.4805635338799,188.89025251443272,1453.9348391314832,642.9446349690014,457.92472040452515,270.18238357514986,184.95623604222357,395.4362131723667,238.62192407579212,191.72863269812095,248.7953991673511,208.09860814928228
1982-04-30,5162.982821005681,1403.020975107483,801.0146019690989,500.68891442870915,70.88165600297793,1886.0392473537836,1146.7705328504896,635.8940810046581,374.5299694071062,181.2829214299225,2225.6586044429678,896.0421913882088,643.2845525455158,349.49874083655106,196.37030651400426,1546.6958818680719,680.0425404067129,478.1192005743647,285.1775058635707,192.11404237705761,419.12284234139145,249.31218627438759,201.18085429013829,252.7761255540287,216.6722708050327
1982-05-31,5038.554935019444,1383.518983553489,792.4437457280295,497.23416091915107,67.87627378845167,1812.106508857515,1128.0781731650268,629.9802660513149,365.7659681229799,171.2579758748478,2169.349441750561,882.5119542982469,616.9098858911497,338.83902924103626,188.96714595842633,1480.033289359558,652.296804758119,463.8234364771912,271.8882340903283,181.81672970564733,416.14707016076756,246.02126541556567,193.75728076683217,244.05534922241472,212.25215648061004
1982-06-30,4815.850806891585,1334.1273558406297,763.9950152563932,479.43317795824544,65.14085995477707,1758.1057348935608,1105.9678409709923,610.1988856973036,350.3672208650024,165.46945629027792,2074.331936201886,876.7756265953084,598.2175163486478,330.26640180123803,184.90435232032016,1434.5962673762197,629.1402681892058,455.2890852460109,263.1878105994378,178.87129868441585,405.2856316295715,242.23253792816598,192.88537300338143,241.32192931112368,204.6323040629561
1982-07-31,4636.219571794529,1309.0457615508258,752.9934870367011,478.61814155571636,64.41779640927903,1716.0870078296045,1090.5948879814953,606.2936128288409,350.29714742082945,166.4126321911325,2071.842737878444,856.4344320582971,589.6630058648622,319.4666904623376,181.22475570914577,1378.0731744415966,614.7958700744919,443.6336846637131,256.50284021021207,174.0775478796735,377.64515155243475,230.1693575393433,191.6123295415591,238.32953738766577,203.09756178248395
1982-08-31,4951.4825026765575,1381.3050875884312,784.7698121896499,502.1661541202576,68.7015798704961,1886.83766510865,1181.2233231727578,649.5829767848201,376.00895804151827,179.30961118594527,2323.571630530675,949.7857851526514,658.889442753397,352.7551196085132,198.8035570129329,1592.2257457498208,692.0142313558481,487.9083263931517,285.5389617220081,197.22986174767004,425.94596643599107,259.70008611164104,220.43082390460955,266.73841824427546,226.43347163129138
1982-09-30,5185.19247680289,1453.823604686824,797.8754680532171,522.1523670542439,68.0214342297782,1977.7832405668871,1263.6727111302162,683.8809579590586,379.6938458303252,179.4889207971312,2430.920639861192,993.3809526911583,687.7488003459958,363.2319466608861,202.81938886459417,1679.6389391914859,722.3936561123699,505.27786281274797,294.61910070476796,194.863103406698,440.0873725216659,268.40003899638106,222.23835666062737,269.2991070594205,223.24075968129017
1982-10-31,6026.230696540319,1636.7146141564263,896.093938170568,585.6460948880399,77.11589998629952,2345.057588340158,1423.2745745459627,765.1944038603906,433.230678092401,202.7865827165988,2868.7294471001924,1144.87154797656,775.0928979899373,411.3601795934535,227.29968910055067,1985.3332261243359,808.2862618241305,579.957930936472,332.2714217748373,219.9809574358214,502.44775320798595,299.7491635511584,245.01778821834165,292.75505928429607,246.48012276411245
1982-11-30,6586.670151318567,1815.443850022308,980.9540341153208,638.9398895228516,84.95858701490619,2517.4193210831595,1531.8704245838196,835.1331723732303,466.6760864411343,223.12607696307367,3057.204971774675,1208.9843546632474,835.5501440331525,442.29446509888123,252.50722462180173,2064.945088491922,833.1006500621313,614.1754488617239,354.16810846979905,242.7269884346853,500.7896756223996,309.67086086470175,256.3131082552072,309.44209766350093,269.99432647580875
1982-12-31,6675.5901983613685,1876.9873965380643,1000.4750193942158,654.9133867609228,86.1989823853238,2598.9837070862536,1576.601040981667,841.8142377522161,467.65610622266075,221.3633809550654,3148.003959436383,1226.0310340639994,861.0344234261636,438.8445682711099,248.51761047277728,2129.5778697617193,873.1727913301199,627.5030561020233,358.45354258228366,236.46463213307038,523.4253689605321,311.993392321187,257.2102041341004,312.5984070596686,261.92149611418205
1983-01-31,7573.457080040973,2037.6575176817223,1089.517296120301,711.2359380223621,95.58605156708558,2868.7582158818072,1696.1073998880775,889.1241979138906,494.31250427735233,233.82613930283557,3407.714286089885,1283.6544926650072,901.1586275578228,456.0033908905103,257.1163197951353,2260.333950965088,918.1411900836212,657.6859531005306,362.28899548791406,237.38684419838938,541.6405718003584,334.6441126037052,268.50173209558744,316.56840682932636,265.77174210706056
