date,SMALL LoPRIOR,ME1 PRIOR2,ME1 PRIOR3,ME1 PRIOR4,SMALL HiPRIOR,ME2 PRIOR1,ME2 PRIOR2,ME2 PRIOR3,ME2 PRIOR4,ME2 PRIOR5,ME3 PRIOR1,ME3 PRIOR2,ME3 PRIOR3,ME3 PRIOR4,ME3 PRIOR5,ME4 PRIOR1,ME4 PRIOR2,ME4 PRIOR3,ME4 PRIOR4,ME4 PRIOR5,BIG LoPRIOR,ME5 PRIOR2,ME5 PRIOR3,ME5 PRIOR4,BIG HiPRIOR
1926-02-28,90.66,94.41000000000001,96.28,92.53,95.17999999999999,92.17,94.72,93.63,88.9,92.73,92.21000000000001,96.41,95.28999999999999,97.35000000000001,90.27000000000001,92.02,93.67999999999999,95.25,96.66,94.35,94.86,96.49,98.3,99.32,98.4
1926-03-31,77.505234,80.135208,83.62880799999999,87.431597,89.95461800000001,77.966603,84.30080000000001,85.09094400000001,79.92999,85.181778,83.763564,85.25536299999999,84.90339,90.467355,82.56996900000001,78.161788,85.651624,89.07780000000001,89.381502,89.33058,82.24361999999999,89.83219,92.78536999999999,94.83073599999999,92.94864
1926-04-30,79.06308920340001,79.7265184392,86.26311545200001,88.66438251769999,95.94559555880001,80.67984078439999,86.29872896000002,88.239308928,82.16802972,87.2602133832,87.32351547,87.301491712,89.11459814400001,93.0818615595,85.68285683130001,82.5466643068,90.04555231119998,93.11302434,91.04399793719999,92.885937084,82.44922905,93.29971253400001,96.468949189,98.6144823664,96.55504723199999
1926-05-31,77.26835707848282,76.76069195326176,83.01962231100481,86.13744761594553,95.24519271122077,82.07560202997011,86.42817705344002,88.1245978263936,84.07432800950401,88.63892475465455,86.301830339001,86.11419142471681,87.4927124577792,93.15632704874758,87.16517025448152,79.24479773452799,90.88297594769415,95.803990743426,90.83459674194444,96.3041395686912,83.512824104745,93.38368227528059,98.71667570510371,99.53159705240753,97.4530091712576
1926-06-30,82.2908002885842,80.06907777644734,86.04983852535648,87.4381230749463,102.8933816859318,85.21089002751498,92.19293646290447,93.3239490981508,84.41062532154203,95.61480813284588,90.84993679786635,90.1271127451086,90.0300011190548,97.04094588668038,87.80147599733924,86.35305609131517,98.11726083313063,102.51985049454015,95.66699728861587,100.18519639330945,91.5968654780843,103.03021665431706,104.95556960966626,103.5029077747986,100.60074136748922
1926-07-31,81.07289644431314,78.81199325535711,87.63315555422304,86.53751040727437,106.9988276152005,85.8925771477351,93.21627805764273,95.00378018191752,84.72294463523174,94.2379548957329,91.52222633017057,92.07385838040297,92.64987415161929,97.66200794035512,90.12821511126873,85.28227819578285,98.3233070808802,103.05295371711179,98.6231075048341,103.59149307068198,93.62115620514996,105.08051796573798,108.17770559668301,106.61834529882003,108.1860372665979
1926-08-31,83.27807922759848,81.8541361950139,89.499741767528,87.4288467644693,103.98146067645185,90.74550775658213,94.14844083821914,95.19378774228136,85.32447754214189,100.81576414745506,98.75248221025403,94.88211106100525,95.8833547595108,99.87893552060117,93.56210010700808,85.58929439728767,102.17758071845068,104.68119038584216,100.13204104965807,105.36290760219063,94.61354046092454,108.15937714213413,112.11537408040226,109.73160098154557,111.0096928392561
1926-09-30,82.60352678585492,78.04791886194576,88.20199551189884,86.48461521941302,98.4912395527352,89.21190867549588,91.62526262375488,93.26135385111304,86.94564261544258,99.28336453241374,97.42919894863662,95.03392243870286,95.73952972737153,100.13862075295472,91.20433518431147,87.36099279131152,102.59650879939635,104.10544383872002,101.3836915627788,102.33899215400777,93.7809413048684,108.17019307984835,112.81048939970076,108.54649969094487,117.72577925603109
1926-10-31,77.99424999120423,74.69185835088209,87.74334513523698,78.43289754248566,104.19388232283858,83.1901048398999,88.15266517031456,91.92771649104213,85.4153993054108,91.98603723928133,90.2778957458067,93.51337967968361,92.75245639987753,99.35753951108167,88.3405190595241,82.67844357769722,98.47212914566062,99.1708458007647,97.86567746555038,100.83460896934385,85.7345365409107,105.37940209838825,110.74605744368624,106.23445924752775,112.122032163444
1926-11-30,77.90065689121478,79.83812739125786,78.35480720576662,77.82896423140852,101.75574547648417,81.1103522189024,92.93935488906264,95.84383721356052,85.06519616825862,92.00443444672918,95.58623601566013,97.9178598625967,98.18775034491037,107.27633541011488,89.87764409115981,83.34813897067657,104.27213755234001,103.1674308865355,100.51783732486679,101.35894893598444,93.95647859518405,108.83584648721538,114.83258696335825,108.09356228435949,114.43174602601094
1926-12-31,82.16961288885335,80.61255722695306,78.1902621106345,80.84872804358717,98.05183634114015,85.85530782370819,94.56579359962124,100.08971920212126,87.39598254326891,92.93367923464115,96.3796017745901,98.75995345741502,98.17793156987588,110.39807677054921,91.32467416102749,87.95729105575498,108.7766938946011,107.26317789273097,102.33721018044687,102.63607169257784,96.57786434798969,114.03819994930429,118.47277997009671,111.30394108420498,114.05412126412511
1927-01-31,85.4974822108519,82.01521572270204,76.51699050146694,76.18375643547219,97.07131797772874,85.52047212319573,95.00079625017949,99.82948593219574,95.34027735645205,96.26999831916476,96.97715530559256,99.00685334105856,97.73613087781145,114.81399984137117,91.26987935653086,88.18598001249994,109.41847638857925,110.13783106025615,103.81086600704532,103.8163865170425,95.21611646068303,113.50222040954255,119.25470031789934,110.62498704359133,113.49525606993089
1927-02-28,90.82397535258798,84.7217178415512,85.56129877874032,78.49974263111055,103.2450538011123,89.86491210705407,97.95532101356005,107.93564018989004,102.1189710764958,101.24715723226558,101.51568617389431,105.18488098954062,101.3328204941149,122.65579603053682,101.25480415813534,93.05384610918993,114.39701706425961,114.99490941001345,109.22979321261307,111.59223386716899,98.90098016771147,119.06382920961012,123.88178269023382,114.62961157456934,117.42219192995049
1927-03-31,87.7359601906,83.50172510463287,80.65008022884062,79.06494077805455,100.3954903162016,87.73511369011689,93.39060305432815,110.27784358201065,98.44268811774194,97.25801923731431,93.46549226030449,104.83777088227512,99.90402772514787,119.0865123660482,99.32083739871497,90.47625457196537,116.49048247653558,110.10762576008788,111.45808099415038,110.11921638012237,93.35263518030284,119.1828930388197,126.85494547479944,115.66127807874045,122.83535497792121
1927-04-30,87.44643152197101,82.70010854362839,85.59393014686854,79.4286395056336,98.51809464728863,86.12078759821874,97.85467388032505,113.12301194642653,98.5312865370479,95.69216512759355,90.9793101661804,106.87162363739127,101.06291444675959,121.13480037874422,99.30097323123522,86.92053776728713,113.15885467770666,111.15364820480873,112.7398489255831,111.6939211743581,88.99306711738271,116.04838295189874,129.18907647153574,117.84727623442863,125.42718096795535
1927-05-31,93.85625495253149,87.55460491513938,89.52269154060983,87.53830359915878,107.90686906717524,90.41821489936986,101.51443868344923,119.42396371184249,101.78281899277049,100.56289633258805,99.46767980468502,111.63809805161891,108.74369594471331,126.5858663957877,108.80407636946443,91.29264081698167,118.79416564065646,120.4794392891922,121.26298150435721,120.58475729983702,93.10454681820579,121.30537469961975,135.77771937158408,125.73125901451189,133.10332444319423
1927-06-30,92.88014990102515,90.04991115522085,85.00179561780902,86.8817663221651,100.7958063956484,89.17044353375856,101.72761900468447,116.82052130292433,101.54871850908711,98.81310193640103,94.44456197454842,109.13740465526264,104.63318423800314,126.99094116825424,112.79718597222377,87.87829605042657,111.46456562062797,120.14209685918247,118.72858519091614,117.14809171679165,92.91833772456938,118.84287559321747,133.00785389640376,122.77657442767087,129.5361553481166
1927-07-31,98.86163155465117,94.28225697951622,90.05090227750688,89.01905777369036,105.85575587670995,95.40345753676829,105.75603271726999,123.52601922571218,108.78914213878501,104.13912813077305,102.34957181181812,113.35010847495579,109.14287447866107,135.2199541559571,113.63188514841822,90.11919259971245,117.96294979631057,127.7470915903687,129.04609924400674,123.84896256299214,99.73854371355276,126.41316676850542,143.03664608019258,134.84551169391094,143.47424566357395
1927-08-31,96.63724484467153,91.61406910699591,89.46557141270308,91.31574946425157,104.61724353295243,94.64022987647414,107.04625631642068,126.29300205636812,106.79830083764526,106.4510167752762,102.12440275383213,112.71534786749604,111.84961776573186,136.2205818167112,111.3706106339647,89.43428673595463,118.6943200850477,130.59585173283392,133.47238044807617,123.0067896175638,96.70649198466076,128.2587990033256,145.38244707590772,135.91079123629282,152.3839963192819
1927-09-30,95.1103763761257,96.91852370829098,90.3065477839825,95.67151071369638,102.65043935453293,97.22390815210188,108.61983628427205,127.7201129796051,110.25856578478496,106.70649921553685,110.99901335314013,115.07109863792671,114.94785217784265,137.61003175124165,114.88992192999798,98.59235769771638,121.15129251080819,137.36071685259472,139.3451651877915,132.79813007112188,100.63277555923797,130.88810438289377,152.50618698262718,143.90234576098683,161.78608889218157
1927-10-31,89.07086747624172,95.7942688332748,79.58716056202377,90.04602588373103,94.93112631507205,92.42104708938805,106.99053874000796,127.8861491264786,106.45464526520989,103.6973759376587,107.0252486750977,111.71102255769925,112.70636906037473,134.8578311162168,113.45379790587302,94.14584236554937,116.68080981715936,134.43493358363446,138.18860031673285,125.78638880336666,96.12442721418411,122.14477901011647,148.93754220723372,138.5923492024064,151.20527867863288
1927-11-30,106.76034175702331,109.04261621291671,87.29915642048388,101.25675610625555,101.51934648133805,101.96814125372184,119.85080149655694,138.36002473993722,115.64168115159752,110.76953697660703,117.70636849287246,120.91601081645366,121.79050240664094,143.05718724808278,122.37126642127465,103.49452451244842,123.48330102949976,143.50929160052976,146.79775011646532,135.18263204697814,106.37129115521616,131.8430744635197,156.35463180915397,146.42281693234239,158.91674789124318
1927-12-31,111.63928937531928,112.96815039658172,90.55541495496794,102.17819258682248,105.78315903355424,104.9456109783305,124.6208633961199,148.37729053110866,117.2028438471441,108.48768451488893,117.42387320848957,128.60626910438015,123.44685323937125,148.5791946758588,126.531889479598,104.86065223601275,127.64468827419391,149.63713835187238,158.01309822536328,143.05026123211226,106.77550206160598,134.11077534429225,159.51299537169888,149.32198870760277,163.03269166162636
1928-01-31,116.93099169170944,121.00018588977868,98.0171811472573,113.01929882028436,107.67667758025488,108.57672911818075,127.7363849810229,156.87930927854117,119.83990783370484,111.49279337595135,119.19697369393776,129.15927606152897,129.1130638030584,154.00233528152762,126.531889479598,104.34683504005629,126.45759267324391,152.73462711575613,157.2862379735266,141.77711390714646,107.1278612184093,133.33293284729535,159.16206678188115,147.23148086569634,163.01638839246021
1928-02-29,115.87861276648405,125.29569248886582,96.9095870002933,114.88411725081906,105.14627565711889,104.50510177624896,122.79298688225731,149.44323001873832,118.36587696735027,107.6908891218314,115.71642206207477,122.09426366096335,126.28548770577142,147.79604116968207,125.14003869532242,98.64949784686921,123.9157950605117,146.70160934468376,152.56765083432077,141.91889102105358,107.58851102164846,132.66626818305886,158.71641299489187,143.1237225495434,157.11519513265316
1928-03-31,122.63433589077009,130.43281588090932,101.60970196980752,122.99493592872687,106.16619453099294,113.90011042593375,127.68014776017115,160.63652794714181,127.33801044147543,116.80153834153835,126.58219409370362,128.77281988321803,133.0417612980302,157.92006998980528,140.8576275554549,106.10739988409254,133.54405233671346,158.86317275935804,163.23212962763984,152.7614942950621,110.49340081923296,143.57143542770632,169.28692610035168,152.3981397707538,188.16115769086542
1928-04-30,139.74182574753252,148.22385196706534,109.35236125990686,152.5383195388071,116.1670500558125,123.9802701986289,130.8466154246234,174.98136989282156,141.51073100361165,131.4601314034014,135.32902370557852,131.45129453678894,142.39459711728173,167.4110661961926,161.1129543979293,109.54527964033713,142.55827586944162,172.4300877130072,171.3284432571708,159.80379918206447,115.45455451601651,149.4865785673278,177.46348463099866,161.2524716914346,189.53473414200874
1928-05-31,159.83670029002766,160.43749736915154,126.65190481122413,153.45354945603992,126.56400103580769,123.0380201451193,133.67290231779526,178.90095257842077,142.92583831364774,132.45922840206725,142.82625161886756,132.70008183488844,148.21853613937856,170.8262519465949,159.17959894515414,110.58595979692033,146.42160514550346,176.4477087567203,175.25186460775998,164.00663910055275,120.47682763746323,153.98612458220438,181.08373971747102,159.44644400849052,182.578809398997
1928-06-30,144.348524031924,135.48946652824847,120.24331842777617,138.261648059892,108.8576972908982,111.903079321986,125.94660856382671,159.97323179562383,131.63469708686958,117.37212228707179,132.0143043713193,126.25085785771286,145.66917731778125,161.56746909108946,148.11661681846593,103.92868501714574,139.29087297491745,161.25556103276668,165.28003351157844,154.0842374349693,116.57337842200943,147.34932261271138,174.22066598217887,153.54692558017638,167.75341007579846
1928-07-31,145.18574547130916,134.3107081694527,125.05305116488724,141.55227528371742,108.49846688983824,109.34049880551251,123.07502588857146,158.14953695315373,136.03129596957103,115.99886845631305,133.5456703020266,126.65486060285755,148.24752175630599,161.48668535654392,150.19024945392445,108.85490468695846,140.99022162521143,163.9485289020139,164.17265728705087,153.4524920614859,118.05386032796893,147.8061055128108,176.04998297499174,154.63710875179564,172.65180965001176
1928-08-31,153.0983685994955,133.04818751265987,126.85381510166161,149.64906542994603,113.39174774656993,117.21301471950942,125.31499135974346,172.27229060307033,138.887953184932,119.59483337845873,141.43821941687636,134.5961203626567,159.69223043589278,168.23682880444747,158.37561804916334,114.42827580693074,150.6339527843759,176.9988318026142,180.98393739324487,169.02792000572674,132.12588047906283,155.9945637582205,186.12004200116127,165.3225329665447,190.48674158685796
1928-09-30,161.73311658850704,141.96241607600805,135.53061605461525,162.4590254307494,121.56729275909764,122.75719031574222,130.91657147352402,186.36416397440152,145.98512759268203,121.87909469598728,149.93865640383063,138.3648117328111,165.0578893785388,177.48985438869204,172.24932219027002,118.19296608097875,154.80651327650313,184.91067958419106,191.2638250371812,185.0010584462679,144.07006007437013,158.59967297298277,191.368627185594,167.93462898741612,197.57284837388906
1928-10-31,162.15362269163717,140.17368963345035,130.1229444740361,164.76594359186603,134.55067962576925,122.40119446382656,130.23580530186166,192.7564547987235,149.19680039972104,129.02120964517215,153.6121534857245,137.67298767414704,168.6396455780531,180.11670423364467,179.242644671195,118.9966782503294,157.70139507477373,184.24500113768795,187.72544427399333,187.79457442880653,147.03790331190214,160.8359283619018,197.0714122757247,170.28571379323992,203.9346940915283
1928-11-30,191.21155187797854,154.02285016923526,143.25234957146634,187.8826054778048,145.62420055897007,135.66948394370536,142.920772738263,207.07825939026864,164.56407084089227,142.38780696441196,170.2176272775313,153.45031206160428,182.7041920192627,201.02825359517084,198.88763852715797,130.71785105798685,170.47520807583038,204.86201676499522,214.66404552731134,215.4942741570555,159.7125705773881,177.2733602404882,219.4193104277919,191.7076565884295,243.6815659699672
1928-12-31,185.2457514593856,147.92354530253354,136.49083867169313,177.73694478200332,134.30920017553808,138.0979677062977,141.06280269266557,193.7838351374134,164.61344006214455,143.8544013761454,167.15370998653574,156.82621892695957,182.5032174080415,201.89267508563006,207.89724855243819,129.9858310920621,172.52091057274035,208.69293647850063,222.2631527389782,211.6584760770599,154.64968209008492,176.93654085603126,220.53834891097367,194.96668675043279,246.48390397862184
1929-01-31,189.0988630897408,153.94403359634663,141.52735061867858,180.4740937316462,133.22129565411623,133.98264826865002,146.59246455821807,199.59735019153578,170.91813481652468,150.83133984288847,169.2431313613674,156.4341533796422,189.6025925652143,206.0314749248855,216.10918987025954,127.1781371404736,180.7846621891746,219.54496917538268,231.73156304565867,221.37360012899694,143.37572026571772,183.58935479221805,233.10903479889916,214.19040206402548,262.5300061276301
1929-02-28,189.36360149806646,152.9126085712511,138.83833095692367,175.18620278530898,135.99229860372185,136.35414114300514,143.47004506312803,203.46953878525161,176.98572860251133,147.5130503663449,171.98487008942155,156.93474267045707,195.19586904588817,207.12344174198742,211.37639861210084,125.10513350508387,184.23764923698783,224.17736802498322,232.2413724843591,225.42473701135756,142.90258038884085,184.32371221138692,234.3445126833333,212.19843132483004,261.58489810557063
1929-03-31,182.90630268698237,145.57280335983106,124.17700320787254,173.38178489662027,136.50906933841597,127.08205954528079,140.09849900414451,194.88312424851398,171.49917101583347,140.9192170149693,164.43473429249596,150.43764432390014,187.03668171977006,202.5253013353153,201.4417078773321,120.42620151199375,177.91829786815913,217.20545187940624,225.76183819204547,209.21669842024096,135.98609549802094,180.1211315729673,238.3518038502183,215.6148260691598,267.052022475977
1929-04-30,180.07125499533416,142.39931624658672,123.64304209407871,168.92587302477716,141.34149039299592,125.95102921532776,141.93378934109882,200.32036341504752,175.49510170050243,142.1170303595965,172.62358406026226,155.92861834172248,188.64519718256008,203.11262470918768,191.3091899711023,118.68002159006986,176.9753308894579,222.787631992707,233.23455503620215,212.02020217907221,140.8951935454995,182.85897277287643,244.23909340531864,220.57396706875045,270.7907507906407
1929-05-31,155.11337905298083,119.87174441637671,107.32216053766031,148.87437189673608,119.78691310806407,104.6023297633297,128.32233894328743,183.91412565135514,161.64853817633278,122.68963230943966,149.405712004157,142.0509713093092,175.89278185301902,188.2041580555333,178.31929597206445,104.36721098630741,165.6489097125326,211.8264804986658,216.69822508413543,196.4155152986925,131.41294701988738,171.00971133719403,230.4151607185776,213.14062437853357,254.46206851796504
1929-06-30,166.99506388843918,125.50571640394641,106.12015233963852,159.0276040600935,122.13473660498212,112.83453311570375,136.38098182892588,191.89599870462396,171.6707475432654,124.72628020577633,171.24882709916474,158.47206359266534,189.13750832655134,195.28063439842137,182.8486060897549,114.33427963549975,186.13967984397286,237.0550143260569,231.69374225995762,203.44719074638567,146.73569664240625,186.33218147300659,254.26312985295033,229.89347745468632,291.23183741881104
1929-07-31,162.88698531678355,128.11623530514848,103.46714853114756,155.7675381768616,118.39741366486969,115.93748277638561,134.1443337269315,198.4588418603221,174.93249174658746,125.10045904639367,174.43405528320918,166.3956667722986,198.95374500869934,200.29934670246078,179.06363994369696,113.6597073856503,189.93692931278989,242.27022464123013,242.00411379052574,209.12336736820984,146.83841163005593,191.996679789786,264.20481823020066,246.67570130887842,311.35595738445085
1929-08-31,163.89688462574762,122.90190452822895,99.06979471857379,155.36254257760177,111.89739565466834,116.77223265237559,134.61383889497577,205.68274370403782,179.72564202044396,123.91200468545294,178.6030292044779,171.12130370863187,201.02286395678982,203.6042859230514,183.86254549418803,113.08004287798347,196.4327722952873,249.0537909311846,251.99888369007445,219.83048377746215,164.3562341375216,204.7260596598488,291.5500169170264,270.13456050335276,347.0996212921858
1929-09-30,151.24404513263988,114.79037882936585,93.04635119968451,141.69063883077283,100.0027024965771,109.85931647935496,127.73507172744252,197.00293191972742,174.62143378706335,116.7622820151023,172.9591734816164,168.77694184782362,197.74619127429415,193.62767591282187,180.58979218439148,115.6808838641771,194.0952223049734,244.5708226944233,238.3909439708104,208.26740033076763,153.62377204834144,192.4629686862239,285.45662156346054,251.9274911254268,326.7595834844637
1929-10-31,116.83602486496432,79.11352908919895,75.08840541814538,112.33233846503667,83.70226198963503,82.26265617974099,100.36144585625159,155.92782061446425,144.56908503230977,86.43911737578023,125.55106403030534,134.61648881782412,165.27626666705507,166.07445763042733,136.9592983926425,76.33781526197048,159.48804416799663,203.06715408317964,188.20965026495483,165.9891180636218,118.68972628454858,161.0145196028949,229.99239999368015,204.61550829207164,255.91810578503197
1929-11-30,103.31809678808794,64.6990440891469,67.09149024111291,96.67321048301056,71.18877382218459,67.71039230154481,84.19321692880946,143.20411045232396,130.76273741172417,77.49266872738697,100.21485930898973,113.38746853125326,147.4264298670131,145.746944016463,122.66074764045061,60.07786061117076,137.3511036374787,176.24198302879162,170.4238383149166,154.40307762278098,95.91316781054373,138.00554475164122,197.17248451458198,181.22795569428786,235.3166982693369
1929-12-31,91.38485660906377,57.90564445978647,62.7506708225129,83.09062441014757,67.70764278227976,60.803932286787244,80.75813367811404,140.6693976973178,132.14882242828844,76.82623177633144,103.3315414334993,111.8453989592282,140.74801259403742,149.75498497691575,116.94475680040561,59.831541382664966,138.99931688112844,187.27473116639396,164.10111391343318,151.6392625333332,99.85519900755706,143.87078040358597,202.53557609337864,181.62665719681527,229.97500921862297
1930-01-31,115.18147327006399,71.37449736113281,70.97728376734435,89.17285811697036,69.9893903440426,74.60034452265928,92.55689700848652,160.20837703747526,136.5625930973933,85.40772186574766,121.63155742137202,119.6857614262701,152.62714485697418,160.6870988802306,121.85643658602265,63.55306325666673,149.74396407603965,204.4852789605856,171.8959168243213,155.5515555066932,97.57850047018476,152.57496261800293,209.46229279577219,190.61717672805764,247.15414240725408
1930-02-28,122.27665202349993,71.18892366799386,74.00091605583322,102.85197455211362,74.7346710093687,80.49377173994937,96.24991719912514,171.74338018417347,137.25906232219,86.50094070562922,127.51852480056642,124.5569719163193,154.26025530694378,162.59927535690534,125.00033264994204,66.29220028302906,147.76734375023594,209.63830799039235,170.7785933649632,159.92255421643128,95.45128915993473,158.31178121243985,216.68874189722635,199.80492464635003,261.24192852446754
1930-03-31,148.28489590889836,75.88027373771466,80.56479730998561,123.40179906762592,88.81468302753376,89.09050656177595,108.367781774495,185.6202453030547,147.97899508955305,89.55442391253791,145.89394422432804,137.42370711527508,173.82045567986427,182.371347240305,138.38786827675082,73.79647735506795,154.34299054712142,219.57516378913695,179.53953520458577,173.03620366217865,106.89589873021089,162.30123809899334,232.24699356544724,214.5705085777153,290.63164548347015
1930-04-30,140.3516539777723,73.55074933396682,80.45200659375163,112.28329697163282,87.64232921157031,85.42888674208695,104.9108495358886,171.4574205864316,143.9243706240993,83.19605981474773,144.69761388168857,134.02934154952777,162.17448514931337,172.24973746846806,131.8006057467775,68.47575133776755,149.8670438212549,209.4088337056999,174.40470449773466,169.41974700563912,108.69174982887841,160.15886175608662,222.33004694020266,211.3948650507651,309.8133340853792
1930-05-31,133.83933723320368,67.21802981631228,70.87821780909519,103.67116809390858,80.08756043353294,79.63680822097345,101.01865701810712,173.7549500222898,139.18925883056644,76.66516911929003,141.91941969516014,131.22812831114263,157.06598886711,168.09851879547796,127.34574527253642,65.77780673505951,146.37514170021967,200.78118975702503,167.23667114287775,161.50784482047578,111.55034284937793,157.22795458595024,223.75295924061996,208.7312897511255,300.0851953950983
1930-06-30,103.97978109647595,52.66532636108068,56.27730494042158,86.54469112479487,66.66488530487283,58.684363978035336,79.77443344719919,138.69120110779173,114.33005720342726,60.5884831549749,107.46138459317524,108.00074960007038,128.0873139211282,145.11945127613612,101.6091701529568,50.58971115993427,117.62706387029651,172.41080764435742,141.9504864660746,133.76079708031804,85.05713642265066,130.876549397345,186.90084685368987,182.28503533965787,252.19159821004064
1930-07-31,114.59611674642613,55.093197906326495,58.010645932586556,80.60772531363394,61.411692342848845,63.02700691240995,83.9865235332113,142.58842385892066,114.03279905469834,61.35189804272758,119.57228263682609,114.30799337671449,134.50448834857676,149.0376764605918,102.5744572694099,55.198433846604274,127.71946595036796,177.893471327448,146.03866047629757,133.2257538919968,91.22377881329284,141.3466733491326,197.1803934306428,187.8629574210514,257.28586849388347
1930-08-31,113.09490761704795,52.614004000541804,59.855384473242815,76.81110145136178,56.28381603222097,63.70139588637274,81.49212378427492,142.47435311983355,110.54339540362457,59.222987180644935,118.54396100614937,113.8621922025453,134.31618206488875,145.99730786079573,97.88680457219787,56.42935892138355,126.83820163531041,177.46652699626213,146.97330790334587,128.7094008350581,90.5304780943118,141.84138670585457,200.47330600093454,189.7040144037777,253.9668807903124
1930-09-30,91.19973350238746,41.359868544825915,45.30454050779748,58.47629153492172,44.05334280841935,50.508836798304934,69.16236545571414,119.13705407880482,94.52565740963936,48.071298694529496,95.34490783724594,97.07890507189012,121.0860381314972,128.2148357633508,81.40266668223975,45.594922008477916,109.08085340636696,157.8032358050763,127.32297663666854,111.59105052399536,74.51563651942804,126.19628175219881,171.22425065539818,171.16993219652863,220.95118628757174
1930-10-31,83.73047532854193,35.482631224606145,42.00636995882983,49.72239069214394,37.07088797328488,46.53884222595816,62.39136987759972,105.37672433270286,79.57169840743441,43.86506005875817,80.38529179758204,84.3809842884869,109.93401401958631,115.26513735125236,77.1778682814315,40.43357683711822,96.52564717929411,143.17487584594573,114.65434046132002,105.24151974918003,55.56631015253749,110.98962980105884,153.4682958624334,160.2835245088294,209.1523929398154
1930-11-30,88.03422176042898,34.7303994426445,39.22974890455117,47.51471654541275,34.31652099686981,46.48299561528702,63.11510976817988,104.61801191750742,76.07850084734804,41.77708319996128,77.86923216431772,82.64273601214407,106.83387482423399,111.6227590109528,74.32228715501854,38.87688412888917,95.2708137659633,142.14401673985492,113.27848837578418,102.92620631469806,54.27717175699862,107.68213883298728,149.87713773925248,154.30494904465007,205.82686989207235
1930-12-31,63.49028073362138,28.11078530887646,31.250417977365462,38.676979267965976,28.252791736722916,39.10614421114097,51.04750078050388,88.99854273822356,65.90680528405761,32.35217323005001,68.19787352950947,71.66778066973133,95.45606715545306,100.7618645591871,67.81165480023891,32.74988719017624,82.2758747682859,129.69220087344365,101.49752558470261,94.65093932699634,49.56048553131544,99.57367377886332,141.22922689169758,146.18850872490148,175.98197375772187
1931-01-31,85.84520857992948,33.387179711352566,36.22860956115978,42.02253797464503,27.676434785293768,49.09776405708749,57.57137138025228,100.62175241983557,70.98162929093004,36.05649706489074,90.53267711042383,81.19242872073862,108.54309396246569,109.32662304671801,69.50016500476485,40.18738657106526,91.26040029298272,142.93377458262225,106.04461473089731,97.40528166141192,60.42910000833292,109.8695916475978,151.79317306319658,153.7025980733614,182.14134283924213
1931-02-28,106.30212178452668,43.283139777797466,43.644605938329185,54.6124903518487,35.63617742954426,56.585173075793335,64.64113578574727,115.50370960272924,82.80716873079899,40.70417953655516,105.6516341878646,95.31991131814713,121.22092733728167,124.10758248263427,80.81479186754058,44.06546937517305,102.06563168767188,159.1424646202916,118.83359526744353,111.12968584750487,67.3965752392937,121.08727695481754,165.9706554272991,170.05655450836704,234.05162554842613
1931-03-31,101.95436500353952,36.738729043394486,44.77500123213191,49.46799376070455,32.88150091424048,54.41796094699045,61.74521290254579,112.84712428186647,76.37305172041592,35.75862172286371,101.81647986684513,91.89792650182565,114.44467749912764,114.6629954557058,70.55939477954968,40.67242823328473,97.32978637736392,146.66569539406075,109.13677389362013,96.83840824751574,63.56171010817789,113.16816904197246,160.26126488060004,158.95186149897066,207.46336088612495
1931-04-30,85.58049398397107,27.080117177886077,37.199071023655186,39.01045987969161,24.868279141440077,43.41464924350898,51.927724051041004,93.52769660481093,65.37533227267602,29.976452590276647,82.34916891630432,74.66706528273333,97.77008798750474,99.60774415237162,61.196163092303436,32.59895122897771,78.18501739693643,128.46448259565778,98.53959314854961,88.76208499967292,54.974523072563066,99.14663289767208,143.64217171248183,149.46243536748213,188.024043971095
1931-05-31,77.33909241331466,22.628145913841603,31.8684441459654,31.87154572170804,21.016182702431006,35.778012441575754,44.38262574642475,78.404268063813,57.732955930000195,28.084938431830192,64.11706291823455,64.25847638232031,85.3239557866954,88.1827358980946,54.89295829379618,26.545325985756552,62.4698289001522,107.69177575993993,85.94623314416498,78.5633214332105,49.54304019299383,79.64449020669998,122.75659994548695,128.77683431262258,167.3790039430688
1931-06-30,109.30333930773762,25.710099387306833,37.541027203947245,39.57489832264488,21.959809305770158,47.65989037342307,52.95291077805937,96.601898681424,61.9821014864482,30.890623781170028,81.85825422771003,80.74720142202369,95.4348445474188,97.37137697867607,59.25694847815297,35.499064440752235,77.13774472590794,123.45785173119515,95.6495628661412,80.28385817259782,60.724904364552536,93.24776913400434,138.73950925838935,144.3073205307249,178.0745222950309
1931-07-31,107.40146120378297,23.748418804055323,33.80944909987489,37.52491858953187,19.348787979314086,46.25868959644443,49.90282311724315,88.77714488822866,57.60616512150496,28.18151607556142,80.45029225499343,74.37624722982603,89.70875387457367,87.30317659908097,51.35799724601519,36.17354666512653,75.03959806936324,113.11208375612098,89.39408145469557,69.49370763420066,59.39502895896883,89.20081595358855,129.01386965937624,127.7264094017446,154.5152629953983
1931-08-31,103.44908743148378,21.758301308275485,32.39283318259013,34.395340379164914,18.385218337944245,44.77841152935821,51.76918870182805,86.08719739811534,55.739725371568206,27.553068267076398,79.20331272504103,71.99620731847159,90.61481228870687,88.00160201187362,48.913356577104864,35.43198895849143,75.91005740696785,112.96503804723802,90.46681043215192,69.25047965748097,58.53380103906378,91.35055561807005,128.7558419200575,128.78653859977908,157.35834383451365
1931-09-30,71.71090740750455,15.061096165588289,21.0067523189097,22.370729382608857,12.433923161951693,29.840333443164308,34.33332594705236,61.68147693574962,35.87966122167845,17.72213350938354,55.79873381479141,46.70393968749253,61.926162718102276,62.401935986619584,31.27030885974314,22.478053795266963,49.91845375082205,86.91530027354494,62.024045232283356,43.911729150808675,49.683490321957336,70.45868354821742,89.60119039216801,90.49830067406477,110.38687819991131
1931-10-31,87.37256958530354,17.598890869489917,23.722925393744728,22.809195678507994,11.70653865697752,36.79313113542159,39.51422483246256,69.72474152817138,39.055011239797,16.641083365311143,69.05093309580438,55.58235862208486,66.92979666572494,67.32544873596386,31.395390095182112,25.285562714295807,59.03855525109725,95.6329048909815,66.03079855428886,43.06862395111315,56.76835604186845,81.147265842482,99.70820466840455,96.49833800875527,109.2719707300922
1931-11-30,80.18180710843306,15.55037997228129,22.641159995789966,19.992260012212256,10.127326592151253,34.007891108470176,36.85096607875459,66.44767867634732,34.259055859549925,14.662458553175647,64.16903212593101,53.24234132409509,61.83643913946326,60.613101496988264,27.16643104936108,23.978299121966714,53.677854434297615,85.2376081293318,57.72412409615932,40.307925155846796,45.81774016139203,74.65548457508345,92.3995932662105,88.70127229764785,97.4159619058772
1931-12-31,66.25422721369823,11.780967867000305,18.70839050452125,13.91261374249851,7.255216770617157,27.124693948115812,29.473402669787923,55.62335181997034,26.74947081513658,10.881010492311647,48.203776932999375,42.66308810299739,52.16522005805121,50.490713546991216,23.254464978253083,17.947756892792086,46.20052931159995,73.21910538309602,49.70624325920279,37.19212254129984,36.53048423067787,60.20218276134729,81.41328162685807,79.91097621295094,85.346124225739
1932-01-31,90.9405522735222,14.456425669596076,19.134941808024333,15.735166142765813,7.131152563839603,30.5885173652902,33.58494234222334,58.30995971287491,30.636168924575923,10.661214080366953,56.94794206864546,47.24510376525931,55.24818456348203,51.09155303820041,22.584736386879396,20.86785693924936,50.27079594395191,75.84767126634918,48.44867530474497,35.35855090001376,43.463970137660525,62.74873509215227,81.74707608152819,76.34694667385334,82.71746359958624
1932-02-29,97.15179199380377,14.135493019731044,20.089775404244747,15.280419841239882,6.892258952950976,33.36289589032202,34.354037521860256,59.079651181084856,30.97623039963872,10.532213389994514,59.49920987332078,49.24829616490631,57.91667187789821,50.24343325776629,19.1383056142416,21.608665860592712,53.27196246180584,78.17619477422609,50.71122844147655,34.244756546663325,46.71072870694377,67.4611650975729,86.53745473990574,77.30891820194388,84.86811765317547
1932-03-31,87.32974582323021,12.333217659715336,15.370687161787655,12.507023640054843,6.107230658209859,31.267706028409805,29.946414507805585,50.53673362029998,25.88064049889815,8.584807134184528,52.65680073788889,42.71304726382324,51.870171333845626,44.8874832724884,16.018761799120217,17.97192739625496,48.88235275495304,71.10124914715863,45.22934464695294,28.77586892616119,38.65779907786666,60.76901751989367,77.33852330105375,68.63485757968579,75.94847848782675
1932-04-30,74.1691531276694,9.27334635833996,11.747816197754304,10.583443404214407,4.468049949546334,24.06988010066987,23.247401582409477,43.81534804880008,20.45347018627921,7.106503345677953,44.373885981818965,33.982500403097774,43.08336430989218,37.98378834517969,12.88068636267257,14.052250031131752,39.086329262860446,59.10646841603297,38.10572286505786,25.673830255921015,30.462345673358932,46.773912785062166,63.301581321912494,58.20922271333151,64.48785308401368
1932-05-31,64.54199705169792,8.249568920379229,9.000001989099573,10.705153003362874,4.320604301211304,18.998356363458726,16.056980272970225,35.153053739552306,16.043702014117407,5.427236605094253,31.097219296058732,23.709590531241314,34.018624459090866,29.65014518224726,10.191199050146537,11.185591024780875,27.094643445014867,44.24119160940067,28.045812028682583,20.102609090386157,24.717147279363438,36.91397196997106,50.033569876839636,46.619766471107205,53.479776562572546
1932-06-30,79.8449045526555,8.785790900203878,8.578801896009711,10.304780281037102,3.8699652725949654,23.183694270328683,17.158489119695982,34.02112540913872,16.409498420039284,4.918161811536413,34.67339951510549,27.529205565824288,33.56617675378495,29.332888628797214,9.468643037491148,12.76723359568489,28.620071870969205,44.35621870758511,29.697710357171985,18.896452544962987,29.62102929958914,38.65631144695369,47.87211965816016,42.54986085817954,54.12688185897967
1932-07-31,125.50022097586393,11.78350275535344,10.595678221761597,15.81474629730764,5.073524472372,37.89374828485224,24.22435493918679,48.86794453768685,23.600140627700497,7.799221000734442,51.975425873143124,38.929049590632125,44.84776876073208,41.11590999098505,14.231370485349196,17.900938224509783,40.1482368205956,61.0031075885418,43.25768490625671,25.49131448315507,44.324908243905185,47.44289103884626,61.58748194022304,60.352722641241876,81.05500558382207
1932-08-31,258.69360549754833,24.16796415122991,23.03606402193189,27.941493758083137,9.311946816591568,65.31366454377131,38.95034030671843,80.78359911525014,41.35924645004512,13.327308846055017,74.55874841502381,60.32056234068448,70.00736703550278,59.63451585092472,25.290568489514055,23.265849410395365,52.57411611656993,86.51460718207,70.06447224266398,50.36064089292116,54.44428479598874,60.916672093878596,79.6880428824546,89.69018111714955,124.53291057898421
1932-09-30,260.1681590488844,23.72327361084728,21.393592657168142,25.057931602248956,7.496117187356212,62.87746485628865,36.28224199570822,74.07048202877286,36.152117321984434,11.334876173569793,72.58294158202568,59.95863896664038,63.93772831352469,58.095945341970854,21.4160533969205,23.370545732742144,52.95264975260925,86.0301253818504,66.44914547494253,44.171318127181145,51.48251570308695,61.580663819701876,76.29333225566204,85.83350332911212,104.23404615460979
1932-10-31,218.43718633744334,20.273909627830086,17.564139571535044,20.79056585038596,5.332737767085209,50.74211413902493,31.73607707364598,60.26374417860959,30.31355037448395,9.369408645072792,65.05609053996963,48.812327982741934,52.61435662919946,49.062025841294385,16.65954793746446,17.56296511815572,44.21016727845346,72.14486314521974,57.830691306842475,35.90244737377283,40.69692866329023,55.34870064114805,67.22205505046382,77.12140274120723,85.47191784678003
1932-11-30,206.7507968683901,18.32355952163283,16.25912400136999,17.358043428487235,4.546158946440141,49.94038873562833,28.25145581095965,52.417404686554626,28.124912037446208,8.851280347000264,60.44361372068578,45.02937256407943,47.2424308173582,44.43547680446032,15.59333686946673,15.61874487957588,40.41251390923431,67.4049456365788,55.2514424745573,36.41944261595516,34.20576854149544,52.43182411735955,62.18712312718409,74.49927504800618,79.16409030968767
1932-12-31,195.6689541562444,16.908980726562778,13.963335692376546,15.358396825525505,3.7860411705953494,45.59557491562867,25.912235269812196,49.723150085665715,25.76241942630073,7.762572864319233,61.688752163331905,43.72352075972113,47.124324740314805,41.1605821639716,14.269462569249006,15.634363624455455,40.77622653441742,68.96199988078376,54.80943093476084,36.69258843557483,34.54440565005625,53.27073330323731,65.95566278869144,78.2987380754545,86.50260148139571
1933-01-31,215.80328953892197,17.25392393338466,14.21048673413161,13.169825277888123,3.8250373946524814,49.95907143505433,27.20007336272186,50.454080391925004,27.032506704017358,7.585586203012753,69.2332865529074,46.43875139889981,49.3250307056875,44.877382733378234,14.397887732372244,15.01055251583968,43.41852601384766,66.9069322843364,56.1248572771951,36.59718770564233,38.313200306477384,54.02717771614327,65.17079040150601,78.61976290156386,88.4489100147271
1933-02-28,204.14991190382014,14.581291116103372,11.58012563964385,10.916468172841466,2.856155422587008,44.21877412716658,22.98406199149997,40.84762348530248,21.969318198354905,6.117016714109484,57.782100957056514,37.531798880590834,40.436660172522615,37.83612138251119,11.100771441659,12.586348284531573,35.93751398166171,56.78391342971631,47.964303029090935,30.423242139700463,32.1026305367974,44.71289227788017,55.949123559692914,68.76084463370775,74.32361908537519
1933-03-31,268.4367191623331,17.216130420783255,12.645497198491086,10.885902061957509,2.875862895002858,51.31146549716411,26.68679437833062,44.85886011155919,25.176838655314715,6.342122929188713,65.40356007329227,39.35584430618755,45.79856131139912,39.19065452800509,11.023066041567388,13.35033962540264,38.826890105787314,64.53491761287258,51.63357221081639,33.16133393227351,35.54724279339576,46.26442963992261,57.10727041737855,69.2215422927536,75.90671217189369
1933-04-30,471.2943478333083,27.36676091687706,22.755572208684708,16.520444969226713,4.131752221250606,76.46434588387395,36.702348308518104,71.53193833389228,42.69991835941376,9.123143833637963,98.62856859052474,57.27062463436412,67.87346786349349,62.57571808486573,16.580895939725664,22.5433834914549,58.90039229047935,89.60673310547358,86.58950059753909,51.16462212410479,42.9695070886568,61.94807128785638,78.51107536981203,106.08201356364488,122.04281182997067
1933-05-31,940.3264827970168,57.908066100111846,47.40668358235285,38.005283651706065,7.334273367941951,144.38762433251918,69.06647904696936,128.01355684233363,72.61548116201905,14.753035893375948,147.02560719789523,86.7879045709154,103.92106664579488,94.9836824810177,24.819943132175347,25.579977247753877,74.23216440369113,123.20925802002618,116.23774560213648,73.01703223330995,50.738393970285955,72.39871091411774,90.97863413853818,128.68809065405762,148.72137049600224
1933-06-30,1530.569416048704,83.64241067500154,72.71711194697103,50.805463185600665,9.101099822279167,184.42631255992674,84.28182438101672,156.90621662164835,83.76195752038896,17.826093269966158,175.85732876940244,99.45025984781195,126.44076178793861,109.11725443419313,27.167909752479137,27.951241138620663,87.88345943752992,146.31099389878108,130.58148340944012,94.43292778733974,56.18262364329764,83.89562620727965,103.71564291793354,139.74239764124118,160.67856868388083
1933-07-31,1633.117566923967,80.34689969440649,62.53671627439509,43.967047840818815,8.276540178380674,179.18860528322483,79.663180404937,135.91216483767178,70.47731105765529,15.922266508733774,160.20602650892565,86.5813962235051,108.48617361405132,89.58526589047256,22.06034271901306,24.86542411691694,80.14971500702728,131.5189524156143,114.27185613160107,78.54930933350919,52.50828005702597,77.14202829759364,95.52210712741679,119.59154390137421,140.32059403163314
1933-08-31,1889.0270896609525,85.61765631435954,63.94379239056897,42.410614347253826,8.461934678376402,204.3287666044612,88.92004196799068,146.28226301478614,73.31754669327879,16.944476018594482,193.28857098301876,101.30023358150095,123.52235727695884,97.73752508650556,24.449477835482174,31.414976829312863,94.64879845179853,151.69395971616956,130.15564413389362,90.61448324713619,66.63300739236595,85.1802276462029,106.55491050063341,132.35196163565084,155.08232052376093
1933-09-30,1548.6244081040488,64.24748929829539,53.84067319285908,35.08206018804837,7.363575557123143,174.7623940767957,74.15931500130422,123.00875496913368,59.321227029531876,13.809747955154503,177.03300216334688,88.05016302904063,101.84418357485256,77.82839122638437,20.361525141389556,28.678732347479713,76.3910452304466,130.13824804050185,109.44788115219114,81.7070795439427,58.077329243186156,77.84621004586484,95.43057784436728,121.76380470479877,136.68955730964288
1933-10-31,1464.069515421568,53.82012178518205,47.27211106333027,29.840800395953938,6.0270865935052935,159.40077963744534,63.82892242162255,108.53062450926664,50.58914241078478,11.340565020772878,156.5856904134803,76.03131577557659,90.09136479031459,67.10363891538861,18.368131830047517,24.537523396503644,66.41437472335026,119.29773197872804,97.32105592052837,74.91722123384106,49.47607678227029,67.51601797277857,86.8609119539431,113.28904389734478,128.31048744656178
1933-11-30,1616.0399311223268,57.1731153723989,57.09052853118397,29.91540239694382,5.597355319388366,178.00285062113522,69.16502033607019,111.71057180738816,50.59420132502586,11.283862195669013,173.1211393211438,84.54682314244117,93.74907420080135,70.6936835973619,19.097346663700407,28.772699934740174,71.07666382892945,128.22120233073687,102.2455013501071,82.6711536315436,53.16699211022765,74.26761977005644,99.16041708662144,123.79093826662864,139.02441314834965
1933-12-31,1707.6693952169628,55.698048995791005,52.528995301542366,28.47647154165082,6.094400471750052,171.57694771371223,70.80423131803505,110.90625569037498,51.24180710198618,11.221800953592833,192.87426131768632,89.62808721330188,98.98027254120608,74.737362299131,19.866969734247533,29.319381233500234,70.14555953277048,131.6703526734337,103.65648926873858,88.13571688658864,53.751829023440145,76.30255255175598,97.59368249665282,124.19944836290853,148.11660976825172
1934-01-31,2707.680593056016,85.50764481833836,80.44815630431214,36.83431593912534,8.910013489698576,257.2453177071688,94.9555546206168,149.91198581667987,70.53947165659417,15.040579818100476,267.2658639079179,121.9031614188119,127.041179806638,95.99266813700385,24.12247465132335,36.32378141018345,81.89494075450952,154.14648187478883,123.09208100662707,106.8293024382341,60.325677713006876,82.98665615528981,107.99716905079599,139.5380802357277,163.32818559145116
1934-02-28,2990.6332150303697,97.5471212087604,86.53003692091814,37.36473008864875,9.480254353039285,262.493122188395,98.98167013653095,155.42874689473368,71.32245979198238,15.087205615536586,275.0700271340291,125.23111772554547,128.2734792507624,95.21512752509412,23.697919097460062,36.19301579710679,79.37257657927063,152.51252916691607,118.63614767418717,101.60534954900446,59.33633659851356,79.4016326093813,105.65363048239371,135.93799776564592,156.22340951822304
1934-03-31,3089.025047804869,96.6887065421233,83.88221779113805,37.742113862544095,9.239455892472089,272.07412114827144,99.52606932228187,157.573663601881,70.8445993113761,14.954438206119864,279.4986545708869,126.44585956748327,126.46482319332665,95.45316534390685,22.866122137139214,37.148511414150406,79.42020012521819,154.98323213942012,123.82054732754916,101.60534954900446,60.16704531089275,79.13960722177033,104.79783607548632,137.18862734508988,159.78530325523852
1934-04-30,3238.8427626234047,104.93625321016641,83.19438360525072,39.546186905173705,9.54990161045915,276.88983309259584,96.55023984954563,158.07789932540703,70.66040335316653,14.99930152073822,287.99541366984187,125.81363026964584,125.33928626690604,93.36274102287528,22.76322458752209,37.61658265796869,77.80002804266374,150.8451798412976,122.89189322259256,97.96787803515011,61.29818576273753,75.51501321101325,102.54468259986336,136.68102942391306,157.86787961617566
1934-05-31,2640.9523886431243,87.60078417984693,74.20939017588366,34.072994637497665,8.136516172111197,239.62046155833244,85.27317183511872,139.10855140635817,65.7283071991155,13.290881077526137,248.19444750066975,107.84744386714043,114.67291300559235,84.86673158979363,20.304796332069703,33.56903836397126,68.75188478130194,136.81657811605692,115.7887417943267,93.52013637235429,54.236634762870175,68.20515993218717,96.19716674693181,130.62605982043368,153.7633147461551
1934-06-30,2582.8514360929753,86.97881861217002,72.61388828710216,31.255157980976612,7.737013228060537,239.14122063521575,84.65920499790586,136.15945011654338,66.62878500774339,12.137232599996867,247.549141937168,105.87383564437177,116.47327773978016,84.9176516287475,20.88348302753369,34.28070197728745,68.73813440434569,144.60144141086056,122.24975358645014,97.27964585452294,54.133585156820715,70.41500711399003,98.74639166572551,133.83946089201635,158.9297621216259
1934-07-31,1972.265356600596,67.18243949604012,54.90336093387794,25.24479110123481,5.568328420235169,177.72975517609234,66.85537418684625,107.13025535169632,51.364130362469375,9.181816461897629,197.7422545794098,84.74141804975515,95.72938697432531,69.5135896232927,16.52718846799016,27.558256319541385,55.30670294173654,117.53205157874744,105.95386143337633,87.79488038370694,43.98895129843252,61.53567471691589,91.56752899162727,121.95451676480529,138.85693316566457
1934-08-31,2432.394864295515,79.92694826843892,57.313618478875185,26.61558325803186,5.3973807377339496,215.3551443468711,75.13206951117782,118.10039349971002,51.369266775505615,8.971552864920174,231.6748254652365,94.7663278050412,107.05417345338802,73.9068484874848,16.181770229009164,32.05025209962663,62.623779740928285,126.9111092947315,112.8196716542591,90.13900368995192,47.21334142860761,70.46450111834038,96.78687814415001,129.2230059639877,143.50864042671435
1934-09-30,2410.9897894897144,79.41541579952091,58.144665946818876,27.18249518142794,5.169611270601576,216.00120977991168,72.04414145426841,115.51399488206637,50.23914290644449,8.561552898993321,226.02195972388475,92.66251532776928,106.76512718506386,73.03474767533248,15.961698153894641,32.1464028559255,62.91184912773655,126.13695152803363,111.82685854370162,90.51758750544971,46.84035603132161,71.21142483019479,95.6157569186058,128.34428952343256,141.74348414946576
1934-10-31,2353.36713352091,74.89667864052818,54.388520526654375,25.73366818825783,5.074490423222508,214.0139986499365,70.85541312027298,112.32580862332135,49.44034053423202,8.627476856315571,219.4673228918921,91.93974770821268,100.8076330881373,72.07799248078562,15.567444209493441,31.20772789253248,61.82976532273948,125.9477461007416,111.15589739243941,91.38655634550203,46.80756778209968,70.00083060808147,91.76244191478598,127.52288607048261,139.5039370999042
1934-11-30,2671.7777066862895,85.93644907214203,71.21632877760125,26.706400845773974,5.7280847897335665,259.51337476291303,82.11433826508437,132.27487223482322,56.455924856039545,9.428106708581655,251.6412324278435,106.27315437592301,113.47915256731615,79.68942848675657,17.75778360976917,34.13501276885202,67.57993349775425,143.65599920250588,126.8399945145126,99.41029599263712,49.18539222543035,75.91590079446436,97.35077462739645,138.45159740672298,153.0358189985949
1934-12-31,2758.6104821535937,89.99264946834712,72.19911411473214,25.79037129676393,5.3362837901157905,263.3541727094041,85.6698891119625,132.5129670048459,58.45446459594334,9.602526682690415,250.13138503327644,106.22001779873507,112.7074943298584,85.51472570913847,18.26565622100857,34.742615996137594,68.74230835391563,143.77092400186785,129.32605840699705,107.25376834645618,48.437774263603806,75.81721012343156,96.52329304306359,141.91288734189104,154.36723062388265
1935-01-31,2878.058316030844,89.06572517882316,70.22085838798849,25.586627363519494,4.901910289600366,255.5588891972058,82.21739258075041,126.72215034673413,56.06367699396926,8.91690627754632,242.85256172880807,100.32480681090527,110.08140971197271,83.00059277328981,16.88477261070032,32.09175439563229,64.36342331177121,137.3874949761849,125.23935496133593,104.13268368757431,45.89963489219097,74.02034224350624,92.35348678360323,138.7340386654327,148.30059846036406
1935-02-28,2722.643166965178,84.47884033211376,61.38707440277953,25.146537372866955,3.9877040205898973,241.11981195756366,77.70365772806723,116.47032838368334,52.694250006631705,8.11616809382266,208.027504376897,95.4389887192142,103.53156583411034,81.22438008794141,16.425506795689273,29.319026815849664,62.35528450444395,134.79087132113503,126.80484689835264,103.35168855991752,43.60924311107063,71.78492790775233,89.09340870014204,139.76067055155693,150.16918600096463
1935-03-31,2335.2110443060333,71.74787909406422,57.32325007731552,22.325095879631284,3.687031137437419,209.96713225264645,70.0576178076254,108.7250515461684,48.894994581153554,6.863843356945824,189.74188674216776,86.24821410555386,95.21798109763128,78.34903703282828,15.922886287741184,30.644246827926064,56.66848255763867,123.22581456178166,123.10214536892073,99.46566507006463,45.676321234535386,70.4927992054128,85.10202399037568,135.97315637960972,144.94329832813108
1935-04-30,2673.8166457304083,80.25000276671082,59.94292260584885,23.3475852709184,4.573762125991117,242.80599173696035,78.61865870371723,115.98788498945245,51.574440284200776,7.417755515851352,221.04929805462544,93.56206266170483,108.53897665318988,84.77365806952021,16.898959217179716,32.455321815456486,63.42903252676496,130.05252468850435,129.87276336421135,106.9653762163475,49.12031585561935,78.75455527228718,91.82508388561537,148.22433776941256,159.45212249077701
1935-05-31,2847.8821093674574,90.0565531048029,65.58355162305924,21.47043941513656,4.358337929856935,268.0335342784306,80.31682173171754,120.29103552256113,53.35891591803412,7.131430152939491,228.45444953945542,95.3116732334787,111.68660697613237,88.21546858714274,17.08315787264697,33.717833834077744,65.4968189871375,130.46869276750758,130.5221271810324,106.91189352823933,51.87105354353404,81.5345910733989,95.26852453132595,154.00508694241964,164.26757658999847
1935-06-30,2835.6362162971777,87.16573775013872,64.67194025549871,21.35664608623634,4.272478672638753,286.5546514970701,83.93911039181799,127.32806110063095,52.96405994024067,6.89823238693837,250.4089221401971,99.21945183605132,117.29327464633421,94.19647735735101,18.13035545024023,36.759182445911556,69.47247589965674,140.68439141120342,138.48397693907538,109.74505870673768,55.8391891396144,84.53506402489998,100.87984062622104,163.84601199804024,176.83404619913335
1935-07-31,3229.506086740856,103.75337764399013,78.47293230602213,25.352474568971157,4.504901512430302,337.2461693469018,98.34306173505396,140.48104981232612,60.10361522018511,7.935036714695208,286.11723443738924,110.0145281958137,127.07553375183846,104.61460775307405,20.54894486730228,38.40966973773299,76.08625560530406,149.20986553072234,153.53718523235287,120.4013039071619,56.41433278775243,87.81502450906609,107.00324695223264,180.91876644823606,193.42107973261207
1935-08-31,3935.4761173024067,133.4268436501713,87.46593034829228,29.64718376095487,4.906738727339084,380.98699751119494,113.36004726199671,153.5317393398912,63.301127549898965,8.321473002700865,296.7035721115726,111.5547315905551,135.5514718530861,113.56961817673718,23.142221709555823,39.43904888670423,78.19384488557098,150.07528275080054,159.4790743008449,126.34912832017571,56.26765552250427,87.9643100507315,109.50712293091489,194.7409602048813,196.92200127577235
1935-09-30,4360.901085582796,145.14172052265636,90.96456756222398,29.525630307534957,4.628035967626224,396.8360566076607,116.46611255697543,159.79583430495876,63.55433206009856,8.428820004435705,314.59479750990045,116.02807632733636,145.06718517717275,120.66771931278326,22.716404830099997,40.070073668891496,80.54747961662667,148.54451486674236,168.42585036912232,123.2535746763314,55.77812691945848,88.57126379008153,113.25226653515219,208.64546476350984,195.46477846633164
1935-10-31,4967.5024265873635,159.68492091902652,97.62317390777876,30.815900351974236,4.783075172541703,448.54379478363893,127.63521275118939,184.164699036465,71.86723869355946,8.986807888729349,334.09967495551433,126.49380881206211,155.80215688028355,130.81587450698834,24.63139775727743,46.48128545591413,85.86361327132404,160.57662057094848,173.66389431560202,130.5008848672997,63.65957625317796,96.2592494870606,119.02813212844494,220.60084989445895,220.56245602140865
1935-11-30,6797.03357029949,220.8442456310137,114.17030188514725,38.1500846357441,5.936274596641507,549.3315854715225,144.87872999387508,207.81144639274714,82.48202984859819,9.879197912080173,378.4012918546156,138.54866879185164,169.96457294070132,142.3930794008568,26.399932116249953,50.64600863276404,88.03596268708854,171.1104468804027,182.29498986308744,134.0374588472035,65.76670822715815,102.38133775443768,124.80099653667452,225.36582825217928,230.48776654237204
1935-12-31,7635.107809517417,232.43856852664192,119.2508803190363,37.776213806313805,5.69229371071954,593.2231791506973,155.91848921940837,214.85625442546126,92.97374404533987,10.552959209684042,423.01480416427466,143.00993592694925,186.0772144554798,157.3158741220666,26.964890663537705,52.327456119371796,91.85672346770819,185.22705874803592,204.06101165274006,147.44120473192385,68.59467668092594,105.91349390696575,128.74470802723343,243.3950945123536,242.15044752941606
1936-01-31,10670.06316380059,297.079734433901,135.993703915829,47.62447274561982,7.485935458967267,677.7574821796717,184.29565425734066,236.77159237685834,100.93229653562095,12.790186562137057,458.674952155323,149.9316168258136,211.88612410045488,182.1717822333531,28.46683507349676,55.48803446898185,95.27379358070692,197.95215768402596,218.44731297425827,159.91473065224463,67.5108807893673,111.56927448159773,135.86429038113943,272.48080830657983,258.44717264814574
1936-02-29,11582.35356430554,314.81539457960497,158.1198795429344,52.444069387476546,7.643140103605579,732.791389732661,194.874224811712,253.96120998341826,107.03870047602602,12.87460179344716,477.06781773675146,161.94113933356127,218.26389643587856,194.57768060344446,27.888958321504774,56.66992960317116,99.3419845666031,203.41563723610508,218.64391555593508,156.58850425467793,68.61805923431292,114.77131265921957,140.08966981199285,276.7587569969932,245.70572703659215
1936-03-31,11834.8488720074,309.5894590295835,163.24296364012548,51.25358901238083,7.3939737362280376,755.8010393702665,199.74608043200476,260.51340920099045,106.49280310359828,12.83597798806682,499.3468848250577,162.75084503022904,224.3098063671524,200.6679620063323,27.900113904833372,57.63898539938539,100.00757586319932,206.58892117698832,221.81425233149614,153.80122887894464,67.89756961235264,113.64655379515922,148.94333694411077,271.5833682411494,244.13321038355798
1936-04-30,9406.33788347148,245.5353999563627,134.8060393740156,46.71764638478512,6.020912813410492,673.4943061828445,174.35835360909698,226.49035795934108,89.9970679028509,10.923417267844862,438.4265648764007,142.91151702104412,198.7160574606603,181.7650399853358,24.934331796749586,50.77418223831859,89.62678948859923,186.67374917552664,205.28909053279966,134.29923305709445,63.03610362810819,105.998140724745,138.13005068196833,252.08368240143488,221.0870353233501
1936-05-31,10307.465052708048,259.48181067388407,140.88579174978372,45.05449817348677,6.023321178535856,725.9595126344881,182.7101187469727,239.2191160766561,90.94203711583083,11.073068084414338,480.86625635643634,151.9006514416678,208.94993441988433,187.32705020888707,25.465433064020353,59.766289912724815,93.3911146471204,190.72456953263557,211.98151488416892,139.5234732230154,67.53688142715511,112.7396224748388,144.13870788663397,264.7886999944672,235.87775798648224
1936-06-30,10377.555815066464,255.04467171136068,134.91223417959287,44.86076383134078,5.884182459311678,704.9792827193514,180.70030744075603,236.01357992122888,89.81435585559453,10.805099836771511,488.75246296068184,153.16142684863362,209.53499423625996,187.6455061942422,25.68443578837093,60.72255055132841,93.33507997833213,191.56375763857915,205.96123986145852,140.62570866147723,70.6705927253751,115.45664737648241,148.95294073004754,273.0236285642951,237.64684117138083
1936-07-31,11665.410491716213,278.07520556689656,141.7927581227521,47.7722274039948,6.345502364121714,801.2089548105429,200.9929519663529,242.71636559099176,98.14014664340814,11.411265937614393,543.3461130733899,163.43855859017694,228.35123671867615,206.27870495933044,28.1963736084736,67.31094728614755,100.13920730875255,205.16478443091825,222.7676770341535,152.63514418116736,74.70588356999401,124.2890809007833,161.3756159869335,286.6748099925099,251.09765238168097
1936-08-31,11775.065350338346,280.49445985532856,146.0323615906224,50.14650710597335,6.653259228781616,822.4409921130223,210.62051436554123,248.42020018238009,99.59262081373058,11.337092709019899,561.8742155291925,167.47549098735428,233.28362343179955,209.33162979272853,29.453931871411527,69.43124212566121,103.57398211944275,210.17080517103267,226.28740633129314,155.4894213773552,75.19147181319897,124.41336998168407,162.18249406686814,287.7068393084829,259.0574479621803
1936-09-30,12555.752183065779,287.4226730137552,150.54476156377262,51.79131253904927,6.97394632360889,864.3032386115751,210.725824622724,262.1081532124292,102.25174378945718,11.903947344470895,594.6314822945444,174.64344200161304,241.9617742234625,214.46025472265035,30.18733477500967,69.95891956581623,106.18404646885269,214.4162554354875,231.0168131236171,157.69737116091363,75.74036955743533,125.89388908446611,162.87987879135568,288.56995982640836,258.9279192381992
1936-10-31,13511.244924197086,305.8177240866355,162.57328801271808,55.57207835439987,7.419581493687498,896.0231674686199,222.40003530682287,273.01185238606627,108.2948218474141,13.143148263030316,618.2978152898673,190.22163702815692,250.40624014386134,226.14833860503478,31.829525786770198,75.00995355846817,109.25276541180253,227.04537288063767,245.43226226253086,164.5572068064134,82.29191152415348,136.06611532249096,173.98828652492614,308.97185598613544,270.4243188523753
1936-11-30,16086.48820674905,341.84305198404115,194.95788698485154,62.27962821177593,8.38635296231498,958.2071752909419,244.37315879513696,298.1289428055844,121.25771202254955,14.742669406641104,661.7023219232161,202.83333156312372,273.11808612490955,249.93914382628444,35.0283931283406,78.02535369151859,113.8086057294747,239.16959579246372,270.2209207510465,172.22557264359227,84.39858445917181,139.39973514789196,177.05048036776486,320.5891977712141,275.72463550188183
1936-12-31,16403.392024422006,386.00917430037924,195.23082802663035,64.89537259667053,8.242946326659393,965.9686534107985,232.54549790945234,301.7064901192514,137.55474851838022,15.423780733227924,671.760197216449,208.97918150948635,282.1309829670315,255.91268936373262,37.5994771839608,77.55720156936947,114.12726982551722,249.86047672438687,271.6801137231021,180.49240013048473,83.30140286120259,137.75481827314684,179.54689214095035,318.24889662748427,273.4912659543166
1937-01-31,19070.58356759303,439.93465595014214,229.41574601409332,73.51996761476803,9.354919786125745,1019.9663011364622,246.3121913856919,331.66594458809305,148.8342378968874,16.504987762627202,700.9817657953646,221.3716469729989,299.1434812399436,281.0689067281876,40.32167933207956,80.88440551669541,120.09612603739177,263.5778168965557,286.6496879892451,189.04773989666973,86.6751096770813,139.62828380166164,182.2041861446364,332.7610463136976,282.4891286042136
1937-02-28,21427.707696547524,519.7827960050929,242.53832668609942,76.65191823515714,9.58598630484305,1060.5609599216934,253.72618834640127,334.12027257804493,157.54104081385532,15.740806829217563,730.7734908416676,226.24182320640486,309.2246165577297,289.8101497274342,40.52731989667318,81.9197259073091,124.8519326284725,266.6089617908661,301.0395023263052,191.22178890548142,87.61120086159376,141.63893108840554,183.07876623813064,328.6680854440391,286.2179851017892
1937-03-31,21322.71192883444,507.51592201937285,255.00479667776492,79.64900823815178,10.543626336696873,1079.3328889123075,246.06365745833995,336.19181826802884,161.46381273012028,15.183582267463262,721.1272807625576,222.7350749467056,298.40175497820917,294.64997922788234,39.62761339496703,80.461554786159,122.47974590853153,267.8620239112832,304.74228820491874,195.00798032580997,85.92906580505117,138.25376063539267,180.11289022507293,331.9218994899351,306.2532440589145
1937-04-30,17825.787172505592,464.9353361619474,228.63730070128403,70.3141444726404,8.854537397558035,967.0822684654275,224.23781104178522,299.31157580402606,143.54132951707695,12.922746867837981,645.9137053790229,208.16820104519104,272.6496835235897,271.54942085641636,35.83525079306868,71.73147609186074,112.77935003257585,245.28125529556198,278.04686375816783,178.08128763352966,81.19437427919284,129.6129005956806,168.009304001948,305.00303344130134,282.42674167113097
1937-05-31,16802.586988803774,448.84857353074403,228.08857117960096,67.82502375830892,8.11075625616316,949.5780794062034,219.1476127311367,286.83028309299823,142.03414555714764,12.965391932501847,637.0646876153302,199.7373889028608,265.83344143549994,267.17747518062805,34.75660974419731,70.16772991305817,109.1478549615269,243.66239901061127,270.1781375138117,175.35664393273666,83.13491982446554,129.74251349627627,165.8923867715235,303.6915203975037,280.1390850635948
1937-06-30,14991.268111410727,395.66001756735085,207.83430605885243,59.14342071724538,6.993094044063876,840.7564315062524,199.7530490044311,260.92950852970046,132.43263731748448,11.850368226306687,583.4875473868808,182.32028859053133,250.22901842323614,250.37201199176656,31.729309035477733,66.65232664441396,102.87185330123911,233.62350817137408,252.64357638916533,168.4125208330003,80.13374921880234,121.60765790005976,158.80878185637945,296.58513882020213,270.13811972682447
1937-07-31,17455.832588926653,442.50616364732525,221.75920456479554,64.5727867390885,7.327363939370129,943.0764892205634,219.7083785999738,286.0048342994047,142.08697657792908,12.655008228872914,674.2782097602795,201.50038295025522,275.00169124713653,265.64470472326434,34.22005979476273,73.0509500022777,113.59110041522824,263.1067949026015,269.54543164960046,178.0457170246479,88.36348526357334,136.24921991122696,176.8653403534498,317.99858584302075,293.12687371557723
1937-08-31,17207.959766163895,414.58402472117905,209.16328174551518,60.69841953474319,6.5499306254029594,895.9226647595351,213.6004856748945,271.07538194897575,135.56518435300214,11.765361150383146,657.4886823372485,193.07766694293457,263.17661852350966,254.7001428886658,30.92466803652708,71.86021951724058,110.17200829272986,250.92495029861107,254.5047965635528,160.22334075048065,85.58887182629714,131.26249846247606,168.570355890873,302.9890525912302,264.6349415904231
1937-09-30,13270.778571665593,310.7307265285237,166.15931101863725,44.88648124594259,4.955022518117339,689.5020827989382,163.91701270691402,205.7191073610777,113.73918967216878,9.468762653828357,489.76331947301645,148.12918607861937,213.93627319776098,205.1609650968203,25.828282744107415,56.47494651859937,86.6282501205735,204.62929696851734,215.0565530962021,137.95229638616382,69.6522238922406,112.6888549300357,141.96995373129323,274.72017398446843,231.84667232736967
1937-10-31,12327.226215220171,285.1575877352262,150.39079240296857,37.04930162040102,4.25834635207004,615.8632603560117,142.00130810799965,175.86926488298533,103.26381030336202,8.723571032972064,433.09770340998847,131.19802010983318,189.59032530785578,177.54629919478825,23.989309012726967,49.68101045241187,75.13268132957339,183.42970180257893,195.6799576622343,128.66810683937499,59.19045986362607,94.9967047060201,125.0045442604037,250.62721472603053,212.71932186036167
1937-11-30,11047.660134080317,239.50385793881645,131.0806146584274,30.187770960302746,3.6519578315352663,537.833385268905,121.07031529288051,156.31260262799736,92.02870774235623,7.655805938536283,381.3858376228358,118.06509829683888,170.119398898739,157.8209053542473,21.614367420466998,44.6433559925373,67.33390900756366,161.85836887059563,173.52898645486937,117.83425224349962,52.45458553114541,86.5134989757725,112.19157847371233,233.58456412466043,205.3805052561792
1937-12-31,9429.17792443755,198.71635093183602,106.56853971730149,27.172012641368504,2.861308961007881,468.9907119544851,108.23686187183516,135.53865773873653,78.896211147522,6.938456922095434,330.432689716425,100.57965723907705,149.9602501292384,144.57973139502593,18.571064487665247,37.80399385448059,62.06166393227143,157.03498947825187,165.16488930774466,112.97948105106744,50.69211145729893,80.22396760023385,110.39651321813292,228.4457037139179,198.35649197641786
1938-01-31,10489.017523144332,215.92518692253302,114.96614064702484,27.655674466384866,2.7811923100996605,513.6855268037475,116.53862917740491,141.62434347120578,81.08163619630835,7.141753709912832,349.00300687848807,106.55408887907822,158.88288501192812,150.507500382222,18.44106703625159,39.50895397731766,63.20980471501845,163.63045903633846,168.947165272892,112.17732673560485,51.6552615749876,85.63908541324963,111.14720950801622,226.91511749903466,195.77785758072443
1938-02-28,11231.63996378295,228.03858990888713,123.76105040652223,28.20049125337265,2.816791571668936,569.4204064619541,125.32564181738124,151.15566178681792,86.74924256643031,7.424567156825381,388.265845152318,118.52011306019872,170.4018941752929,162.68355716314375,18.91315835237963,44.26188114078898,66.69266495481597,171.91016026357718,180.41867779492136,114.34234914160204,55.02318462967679,89.38151344580865,121.05042587518047,236.69515906324304,202.86501602514667
1938-03-31,8082.288117938211,153.35595171372657,76.81848398732836,18.090615139038555,1.78359242318077,456.5043398605487,85.0459805372749,106.65543495677872,58.00921850417195,4.775481595270085,290.73346485005567,89.53009340567411,122.12703755543242,109.46976561507941,12.681272675270542,35.21032644749763,51.14660475384836,125.85542832896483,128.78285221001488,72.00137725446679,44.41471463307511,68.75226014251601,93.0998825406013,176.62192769299193,152.83850307334546
1938-04-30,10758.333713787551,198.79532020650376,95.89251356138199,20.53827536735047,1.8511905760193212,599.0706451989981,106.76672396649491,128.79710325380597,69.45443731504507,5.245388984244662,378.94199808556255,110.62338341205094,149.38579233780493,126.65651881664688,13.56388925346937,45.622019978022685,64.24525023130893,152.8388321626949,150.80471993792744,79.87832792610546,53.37760404602967,80.20638668225918,108.3030933594815,197.90486997999747,172.47825071827037
1938-05-31,10348.441199292247,194.30254596983679,87.05122381102257,19.521630736666623,1.6112762773672171,582.6561095205456,99.42117335760007,118.71229006903296,63.57859191819225,4.5587675662070355,359.4643793839646,104.97052851969512,140.24338184673127,114.95345647798871,11.994547266842963,43.70133293694793,61.43773279620073,140.4130351078678,136.31238635189263,72.35378943546631,52.36342956915511,78.25737148588028,101.56664095252175,189.6522369018316,156.52401252683038
1938-06-30,15238.079665957832,258.0532113025402,115.80424303580332,24.07993151367828,2.0410036605410538,835.004470553894,135.45140658239433,159.0863399215111,80.28704587429317,5.484197382147063,521.8703859896399,146.20295212223138,189.60905225678067,138.4384476364418,14.663334033715522,61.94663943812368,83.18054643277615,181.8489217681996,163.6157573381767,84.24151703971341,75.83795504500733,107.37693941577633,132.18898319970705,232.873981691759,176.84082935281293
1938-07-31,18477.69540294047,296.1676706119254,130.81247293324344,27.64376137770267,2.346541908524049,936.3740132791368,154.19788125339772,184.0788039231805,94.23290574265789,6.176851511512238,570.1433966936816,161.99287095143237,211.94499861262943,156.10319355485177,16.82470947028519,66.69175201908396,91.42373858426427,208.10790607152762,185.72024615456436,95.94266375652961,78.50745106259158,113.62627728977452,143.63654914480168,250.15323113328756,194.63101678570592
1938-08-31,17064.151704615524,270.4307000357491,109.0845211790317,24.93467276268781,2.1470858462995053,915.9610597896515,144.17501897192687,170.27289362894194,88.3904655866131,5.683938760893562,547.7937755432893,151.997910813729,198.5712692001725,147.37702503513555,15.791672308809678,62.95034473081335,88.37018571554984,196.28737700666488,178.2914363083818,93.10276090933634,76.90589906091472,110.93333451800686,136.28235782858783,256.807307081433,194.5726274806702
1938-09-30,16627.309420977366,263.3183726248089,119.46936759527551,24.004609468639554,2.034578547953411,898.832587971585,141.0031685545445,165.01146121580766,86.49890962305959,5.438392606422959,561.5433993094257,150.325933794778,193.72613023168833,144.51791074945393,15.197905429998434,62.60411783479387,87.65438721125389,193.71601236787757,175.43877332744768,92.63724710478965,78.75933122828276,112.37546786674095,138.74906850528527,259.88899476641024,196.55726828097303
1938-10-31,19690.0598163214,294.91657733978604,136.80437283335,28.48627005643456,2.3798465275411047,1071.767977897318,162.3933492242689,191.1657778185132,101.8957155359642,6.666381656953263,654.2542145354118,170.99574969155995,219.02676283994685,159.2442858548233,17.415279832235207,70.76143438866752,99.14587737464929,220.7393960931965,197.61423427603708,107.47773409097697,93.13290917744436,122.73648600405447,146.61614068953494,274.36481177489924,211.18112904107744
1938-11-30,18341.290718903383,287.57315456402534,129.86839113069914,26.634662502766314,2.214685178529752,1047.8675519902076,153.33180033755468,186.5204494175233,94.69168844757154,6.439724680616851,649.2818825049428,166.96024999883915,207.22122032287373,152.41270599165136,17.251576201812195,71.39121115472665,96.64740126480812,213.05766510915328,195.91475186126314,103.21086804756519,92.1550136310812,121.28819546920661,143.30261590995147,266.71003352637956,204.99352196017387
1938-12-31,18862.18337532024,282.02299268093964,128.2060757242262,24.823505452578203,2.1032865140497057,1086.638651413845,164.00369364104847,189.1503877543104,95.21249273403318,6.515069459380069,703.3670633176044,170.93390394881152,217.56155921698513,154.6226902285303,18.210763838632957,86.21916571156338,101.76971353184294,227.48166903704296,199.46080886995202,108.0720999326055,90.22897384619161,126.81893718260244,148.4615100827097,276.55163376350293,219.07657691883782
1939-01-31,17771.949176226728,263.86071195228715,117.06496774379093,21.564179186654687,1.8883306323138256,1021.548996194156,152.08062511334427,172.59972882580823,83.97741859141726,5.675277006065977,657.1558472576379,160.64368293109305,198.87302128024612,142.79405442604772,16.158410754019023,78.94226812550743,96.96618305313996,216.13033375209451,183.98265010164374,93.96869089140047,87.28750929880576,118.43620543483242,142.27066511226073,259.2118463265313,198.11094850770502
1939-02-28,18850.706491223693,281.3546771547238,119.9330594535138,21.971742173282458,1.8615163373349692,1107.359111874465,158.74175649330874,181.98915407393218,88.38623306746666,5.600930877286514,707.756847496476,167.4228463507852,206.58929450591964,146.09259708328943,16.840295687838626,83.83668874928888,101.30057143561531,226.78555920607275,192.55624159638035,97.96236025428499,93.08339991624646,123.67108571505202,145.74206934099988,265.17371879204154,206.66934148323784
1939-03-31,15440.613686961326,227.1376308670085,99.12467363832917,17.438971762934287,1.4806500947162344,901.0581093322521,131.21593591736902,154.2904048238797,69.30364534820062,4.396170645582184,576.1140738621314,143.0293376374758,169.60981078936,119.4745258947141,13.098381986000884,72.25045836413716,86.95641052033218,190.25040561797442,151.46473963971277,79.18297579353856,84.96652744354978,113.57952512070378,132.24635372002328,224.20437923867112,176.7229539023167
1939-04-30,16804.01987552001,230.31755769914662,95.06056201915767,16.704791051714754,1.3895901138911861,931.1534501839494,132.8561351163361,155.0927149289639,68.00073681565443,4.369354004644133,595.1258382995817,143.74448432566317,167.03174166536175,115.95002738082003,13.039439267063882,76.33983430754732,88.72162565389493,189.20402838707557,148.4960307427744,77.02128055437495,86.18154878599253,112.64817301471399,131.08258580728707,223.8008113560415,176.63459242536555
1939-05-31,18422.24698953259,253.0729323998223,100.72617151549947,17.545042041616007,1.430305104228198,1034.2321371193127,144.97261463894597,169.6093930463149,75.78682118104688,4.7315734516291315,673.3253734521467,158.21955389725747,182.59909998857344,125.48111963152344,13.980886782145896,82.66840657164299,97.88656958394228,206.70540101288006,163.27138580168042,84.83123840258857,93.85170662794586,121.6712916731926,138.23969499236495,236.44555719765785,186.73809111209644
1939-06-30,16580.022290579327,222.0461908876041,89.41462245430888,15.123826239872997,1.2354975490323175,968.6618196259483,132.38899168828547,159.67028261380082,66.76061077838419,4.104639969288272,637.2351334351116,149.39090278979052,166.40255981958697,113.20906613156045,12.79390949434171,77.2701596225147,91.87633421148821,192.91815076532097,151.87504307272314,78.57069300847753,89.66592051233948,118.15499134383734,128.8255717633849,220.88743953405196,174.61878899892142
1939-07-31,19905.97476206954,260.4157726729821,94.12677305765096,16.35188093055068,1.3234649745234184,1177.8927726651532,159.23747920266976,180.23581501445838,74.83196862149084,4.242966336253287,773.284834423508,177.89468704208252,192.46120068733433,124.3035546124534,13.764967224962247,95.08865843146658,107.57799972823156,218.9042256734097,168.2319852116554,86.93061474457954,109.01582615890233,138.00502988960199,142.4810823703037,240.5905991404894,185.46261579575443
1939-08-31,18584.218037868122,224.6086039304471,83.52809841135945,14.198338211997157,1.1007258193111271,1110.3995167914397,141.10033032148567,160.17556880334917,64.16092989606625,3.4817781755294464,738.4870168744501,162.61353342516762,169.4813333252666,109.98378512109876,11.9218381135398,88.32785481698932,98.82115055035351,198.26155719240717,147.152517464635,72.93478577070223,103.84847599897036,132.36062416711727,131.63827200192358,221.4636465088205,165.50683833613124
1939-09-30,32620.87792186992,364.7643727830461,128.9172670880922,22.356703348610722,2.1257217022536485,1657.937518521299,207.06473474678023,216.46126368084606,93.51455532351655,4.601169858962163,1091.5576596421247,234.34236301900907,228.66421492244967,130.81471402303487,13.44068028920477,116.00097173115206,120.79897443275212,250.40434673401023,167.1799750915718,82.84662315694067,148.56562976412698,159.11070631129166,163.70535506159217,254.971096225605,183.71259055310568
1939-10-31,36398.37558522246,395.58696228321344,126.01662857861011,21.256753543859077,1.8013365704897417,1795.2147450548623,217.10737438199908,221.05024247088002,91.78453605003149,4.082618015857127,1180.7379204348865,245.37988831720438,230.2648644269068,126.52399140307932,12.190697022308727,123.64543576823499,124.10886633220954,247.97542457069034,158.9547203170665,77.90067975447131,155.96419812638055,156.80360106977795,158.27033727354728,240.51423506961322,177.04382351602797
1939-11-30,30632.872892523217,332.1743722292143,113.67960064076419,19.0354227985258,1.633452002120098,1469.383268827405,198.78351198415837,206.41671641930776,87.80108718546012,3.8143900122153136,1004.6898964980448,221.55350116160383,217.4391114783281,122.08299930483125,11.833509599555082,110.63793592541667,109.68741606440679,234.85752461090087,153.43899152206427,74.8080227682188,139.50997522404737,147.52082788644708,153.34812978433996,241.88516620951,173.67999086922345
1939-12-31,30216.265821184898,319.5517460845042,109.12104865506956,17.801927401181327,1.7860164191181152,1514.6402735072888,195.66261084600706,218.94621110595972,88.924941101434,3.9013581044938226,1045.279368316566,229.7952914048155,226.8977128276354,125.81873908355907,12.489086031370434,113.91281882880901,114.37106873035697,242.67828018044386,156.21623726861364,77.20187949680181,144.72764829742678,151.1203360868764,158.60797063594282,249.06915564593248,178.16093463364942
1940-01-31,30545.62311863581,305.84297617747893,108.12804711230841,17.17173917117951,1.7217198280298631,1493.5867737055376,193.15812942717815,214.01992135607566,85.14563110462306,3.7386714715364304,1059.286111852008,225.24534463500015,222.31437902851718,122.40905125439463,12.325479004359481,112.31803936520568,111.19155301965303,237.3878936725102,150.70180409303157,74.37629070721886,143.26589904962276,148.98953934805147,154.89654412306177,242.69298526139664,169.9833477339649
1940-02-29,32350.86944494718,317.5567621650764,117.65412806290279,18.002851347064595,1.8167587625371115,1568.415471068185,200.61403322306722,221.27519669004664,87.27427188223864,3.795499277903785,1115.3223471689791,232.09280311190415,227.07190673972747,127.08507701231251,12.663197129078933,117.03539701854433,114.50506129963868,242.30182307153112,152.78148898951542,77.22490264130535,148.495104364934,150.43473787972758,157.17352332167079,243.88218088917748,169.86435939055113
1940-03-31,33771.07261358036,336.57841221876447,123.18387208185922,17.417758678284997,1.8514588549015703,1658.4425191074988,207.99662964567608,224.74921727808038,89.52594809680039,3.813717674437723,1157.035402953099,237.2452633409884,232.04478149732748,130.2240784145166,13.371069848594445,120.11342796013204,120.84864169563868,246.34826351682565,157.1052051279187,78.15932396326515,151.80654519227204,154.6619540141479,159.9397773321322,246.5161084427806,173.27863301430122
1940-04-30,35635.23582185,343.30998046313977,132.3610705519577,18.52378635435609,1.8616418786035291,1782.3281752848288,211.2621767311132,223.53557150477874,89.10517614074543,3.9719869579268887,1213.6144341575057,237.7672029203386,236.75529056172323,133.15412017884324,13.48071262135292,128.66550403089343,120.70362332560391,247.08730830737613,153.13044343818237,79.16757924239126,150.13667319515704,154.95581172677478,160.80345212972574,244.22350863426274,172.55086275564116
1940-05-31,25828.41892367688,220.8856414299841,90.81293050569818,12.25904180931286,1.241715133028554,1255.650199488162,153.50309761282682,167.31637527132688,64.03097957473966,2.678310805730101,868.2197661962796,172.23856179549327,174.27556938248446,100.06532131440069,9.919108346791477,92.83216115828962,87.31700111374188,189.91130516504927,111.9230411089675,55.8448103975828,115.10978733872692,121.31490500089197,127.72618202664114,193.40059648747268,132.79514397674143
1940-06-30,28403.512290367464,233.98415996678216,97.31513632990617,12.604746788335483,1.1690747977463836,1390.0047708333952,166.47410936111072,179.21256955311821,65.60614167227826,2.7115218597211546,946.4463671305645,185.36314020430987,184.4706901913598,104.7884044804404,10.064919239489312,103.89775476835774,100.28357577913256,203.0341763519542,121.06715356757014,58.8827680832113,125.04376198605907,129.8069483509544,137.58664327909784,208.4084827749005,139.50129874756686
1940-07-31,29451.60189388202,251.954143452231,98.78459488848775,12.927428306116873,1.1445242269937095,1458.2540050813147,175.26394233537735,181.38104164471093,68.04669014248701,2.7446024264097524,1027.9353993405061,194.27910724813717,199.13611006157288,108.1940276260547,10.476574436384425,109.56018240323324,105.01696055590762,212.04889378198092,126.66045606239189,59.665908898718016,130.5957050182401,134.0775969517008,143.07635034593383,213.68121738910554,139.85005199443577
1940-08-31,30564.872445470763,255.40591521752657,103.3089293343805,12.968796076696448,1.098056543377765,1536.8538959551977,180.18885911500143,187.74751620644028,70.00643481859063,2.7860459230485395,1051.88629414514,196.59102862439002,208.71455695553456,109.71956341558207,10.601245672177399,111.21454115752205,107.05428959069224,217.43493568404327,129.87763164637664,61.30672139343276,131.7971855044079,136.47758593713627,146.7963354549281,217.8266330064542,142.7169780603217
1940-09-30,31851.65357542508,268.3294545275334,107.87518401096013,13.710611212283483,1.142198416421551,1635.8272868547126,190.18934079588402,197.58548605565775,72.93270379400772,2.9002738058935296,1084.810335151883,205.51626132393736,218.12758347422917,115.2713733244105,11.194915429819334,113.1830385360102,109.5700653960735,222.91429606328114,135.4493820440062,62.434765067071915,135.21073260897208,138.45651093322473,151.3323422204854,222.2920789830865,145.52850252811004
1940-10-31,34501.71115290045,285.63670434455935,112.04995363218428,14.706001586295264,1.1629864276004234,1742.9739741436965,199.98409184687208,214.044357044094,77.3086660216482,3.0879215211348408,1124.0804692843813,214.76449308351454,227.94332473056946,121.15021336395544,11.676296793301564,124.84089150521925,117.74399227462058,238.05017676597794,141.8019580618701,66.19958140061635,141.53859489507198,143.21941490932767,153.08779739024303,229.0719873920706,149.6760648501612
1940-11-30,34656.968853088496,304.74579986521036,111.89308369709923,15.054533823890463,1.1539151334651399,1825.0680483258645,204.52373073179606,218.38945749208912,75.32183330489183,3.0471609570558607,1143.7518774968578,214.85039888074792,227.64699840841973,121.62269919607486,11.424088782566251,129.94688396778272,119.12159698423363,239.45467280889721,141.16384925059165,62.2408464328595,136.11766671059073,139.92536836641312,154.0216329543235,225.7504435748856,145.8742928029671
1940-12-31,32542.8937530501,307.3056645840781,109.46500378087217,14.830221269914492,1.0635635785148194,1775.9737178258988,206.83484888906537,208.6711266336912,74.86990230506248,2.8993736506386516,1156.3331481493233,214.9578240801883,229.90070369266311,120.86863846105919,11.00482472424607,127.78976569391753,121.74227211788677,237.3953626227407,140.58507746866425,61.48150810637861,138.32277291130228,141.17070414487418,155.2538060179581,228.66262429700163,144.25508815285414
1941-01-31,33912.94958005351,307.09055061886926,113.5261554211425,14.607767950865775,1.0277214859188701,1781.3016389793763,205.44905540150862,211.65512374455298,71.57562660363972,2.6674237585875593,1181.1943108345338,208.48759357537463,223.64740455222267,116.07015351415515,10.306018354256445,126.2946254352987,117.06736886855992,234.23800429985823,132.88101522338144,56.8519505459683,135.3903301255827,131.4863938405358,150.4409380314014,219.60758437484037,137.33084392151716
1941-02-28,33377.12497668866,299.13690535784053,111.42592154585138,14.46022949456203,0.9699635384102295,1746.3881268553805,196.06003356965968,206.08859399007122,70.3874712020193,2.5927358933471076,1153.6724833920891,206.02743997118523,220.06904607938708,112.90143832321871,10.01641923850184,126.45880844836459,114.36311264769618,232.27040506373942,129.08061818799274,55.2430403455174,136.78485052587618,129.09334147263806,147.50733973978907,216.00601999109296,134.79022330896908
1941-03-31,34708.87226325854,313.88435479198205,108.61798832289593,13.795058937812177,0.9703515238255935,1828.4683688175833,197.4520598080043,211.8590746217932,72.15419672918998,2.6661103191288307,1178.5918090333582,207.7992759549374,223.4801162936176,110.51921797459879,9.871181159543562,125.40920033824317,116.90197374847504,235.15055808652977,129.7002051552951,54.86186336713333,137.68763053934697,130.6166429020152,150.2067240570272,215.31480072712145,135.31590517987405
1941-04-30,32886.65646943747,289.338598247249,103.0024383266022,12.37140885542996,0.8897153121956868,1715.83471729842,189.5342322097033,196.32980445201576,68.41660933861795,2.4733505430558163,1112.5906677274902,193.21176678290078,211.47923404865034,105.32481472979262,9.394403109537608,115.43916891135284,108.3798198622112,223.4400602938206,122.76124417948682,51.98710172669555,128.06326516464662,120.20649646272459,141.70502347539946,209.738147388289,130.85048030893822
1941-05-31,33916.008816930866,288.18124385426006,103.76465637021907,12.542134297634894,0.8477207494600504,1790.816694444361,191.97922380520848,194.89659687951604,68.25925113713912,2.510450801201653,1129.8358230772665,198.87287154963983,215.75111457643308,104.50328117490024,9.337097250569428,119.57189115837927,112.30316934122327,223.64115634808505,125.26557356074835,51.57640362305466,129.920182509534,121.99757326001917,143.78808732048782,209.69619975881136,134.99844053473157
1941-06-30,37517.88895328893,310.1982908847255,114.04773381650779,13.437642686486024,0.8908697356075669,1933.7238666610212,202.6724665711586,210.91709714301228,72.89405428935088,2.698734611291777,1200.4505620195955,207.60339061066904,230.57321614783405,110.9197826390391,9.84410163127535,126.25595987413267,120.95051338049745,237.3950874634923,131.22821486223998,55.114544911596205,139.31341170497328,131.67198081953867,150.01411150146492,220.89397682593187,142.85534977385296
1941-07-31,46709.77174684472,376.14644752681824,134.8044213711122,16.673427045391858,1.0787541628472028,2205.2186975402287,224.784032674072,230.23710324131218,82.08599453523803,3.09490885222941,1353.027828452286,231.56082188714024,247.1975450320929,119.59370964141196,11.175024171823775,140.4597553599726,133.65031728544966,258.4995107389968,146.6737757515256,59.52370850452391,149.49722210060682,139.33529010323585,156.79474934133114,232.55717880234107,145.34103285991802
1941-08-31,49372.22873641487,373.47580774937785,139.88654805680315,16.026498076030656,1.069908378711856,2182.2844230858104,222.0191890721809,232.86180621826315,80.92858201229117,3.0218690033167963,1331.3793831970495,230.61142251740296,243.39070283859868,117.58453531943624,11.131441577553664,141.4570196230284,133.81069766619223,259.998807901283,148.85921501022332,58.64870998950741,151.54533404338514,139.7672295025559,153.83132857877996,226.4409249998395,145.64624902892385
1941-09-30,47214.66234063354,357.34165285460466,132.08087867523352,14.87419286436405,1.0286099152935784,2124.0174289894194,210.18556629463365,228.25114245514152,81.09853203451698,2.9451135306325495,1302.222174705034,227.82102430494237,239.6424860148843,116.05593636028357,10.907699601844834,136.74650086958158,131.6429643639999,261.81879955659196,148.11491893517223,57.68687114567948,154.21253192254875,135.61614278633,152.50837915300247,226.37299272233955,144.18978653863462
1941-10-31,43158.92284557312,330.362358064082,125.97874208043774,13.630710340903216,0.9603102169180847,1948.785991097792,194.0433148032058,221.22100726752313,76.68677189183926,2.807871240105073,1184.1106234592876,212.39754095949777,227.20504099071178,108.57032846504528,10.421216199602554,122.93510428175385,124.15247969168833,247.36640182106805,139.4205731936776,55.05058113432194,146.97996417538118,129.03875986119297,143.84590321711192,216.48049294037332,135.94213074862472
1941-11-30,39024.298036967215,310.5406165802371,119.35226024700671,13.488950953357822,0.9228581184582794,1853.2954775340002,189.09521027572407,212.23943437246172,74.07175297032754,2.7272853355140576,1135.5620878974566,204.19899587846118,225.09203410949814,107.45205408185532,10.323256767326292,115.20248622243155,121.24731166690282,245.61010036813843,138.09607774833768,54.279872998441434,143.67291498143513,124.05786373055092,140.3360631786144,212.43230772238832,138.44346595439941
1941-12-31,32706.264184782223,245.51341146833542,105.55513896245274,12.057773257206557,0.8528131872672959,1692.0587709885422,165.11793761276226,198.67733451606142,67.84972572082002,2.4321930622114367,1014.7382817451671,189.1495298822186,210.798689943545,102.87459657796829,9.361129236611482,106.032368319126,115.14857189005761,238.413724427352,128.76078289255005,53.313691259069174,134.750826961088,116.85010184780592,131.95800020685112,207.56760787554563,132.87803862303252
1942-01-31,43463.354475157095,292.28371635305336,129.72726578485444,14.80212245054677,0.9570269587513596,2101.875405321967,184.42022451969416,219.28017410537697,72.28031281038956,2.631389674006553,1157.3090103303632,208.36712211825196,229.0960162306447,105.75508528215141,9.525885111175844,121.7039523566928,125.41982450265074,249.64301084788025,131.28449423724402,52.732572024345316,144.42593633689413,119.86483447547931,134.41241901069856,200.75939033722773,130.1939022428473
1942-02-28,41577.04489093528,285.3858206471213,132.11424747529574,14.541605095417149,0.9229567990198112,2078.9649634039574,186.2644267648911,214.85071458844834,71.15273993054748,2.5777093246568197,1156.6146249241647,206.86687883900055,228.50036658844505,104.01012637499592,9.187716189729102,119.56196279521501,124.01512246822107,240.9055054682044,129.52528201446495,53.006781398871915,137.58014695452536,118.15076734247995,134.6543613649178,195.74040557879704,128.31911005055028
1942-03-31,38816.329110177176,278.079943638555,124.94044383738718,13.789804111984083,0.8766243677090166,1993.5195034080546,181.1235285861801,210.1239988675025,68.08605683954089,2.3995896103230336,1095.314049803184,193.1929781477426,221.62250555413286,98.97603625844611,8.884521555468043,111.75456662468746,116.32618487519136,228.90841129588784,124.44789095949793,50.462455891726066,127.71565041788591,108.66326072487882,123.14141346821734,182.29303971553367,128.03680800843907
1942-04-30,37372.36166727859,275.5494161514441,118.96829062196008,12.95965790444264,0.8294619767262716,1903.0137179533292,174.8747668499569,201.13069171597343,65.51240389100623,2.28464926798856,1029.0475497900911,181.1570556091382,210.45273127420455,93.34429979534053,8.52914069324932,106.88206751985108,109.09069617595443,221.2628703586052,115.99787916334803,46.819066576343445,125.39122558028038,104.0233394919265,117.36608117655794,174.6549613514528,121.36609031119939
1942-05-31,38366.4664876282,280.3990858757096,122.34699007562375,12.73156792532445,0.7920532415759167,1987.5075270304571,175.88904049768664,203.5643730857367,65.38137908322422,2.3648404572949584,1068.5629757020306,184.6715024879555,213.04129986887727,94.66045442245483,8.740663382441902,111.83070724602018,113.31250611796386,227.5909884508613,119.96500663073452,49.323886638177825,129.55421426954567,111.40899659585328,126.86099714374146,184.2260532335124,128.58737268471577
1942-06-30,41769.57206508082,282.41795929401474,124.05984793668247,13.130066001387105,0.8097160288630598,2013.5438756345561,176.5750077556276,204.13435333037674,67.64357479950378,2.414265622852423,1097.4141760459854,189.3621586511496,216.85473913653018,98.24808564506587,8.879639930222728,114.19033516891119,115.7373937488883,234.85114098244378,122.2323452560554,50.18212226568212,132.31371903348702,115.07435258385685,132.4301949183517,189.12646624952382,131.13340266387314
1942-07-31,46134.492345881765,288.207527459542,129.0222418541498,14.068865720486281,0.8577321893746391,2105.1601219759286,182.87873553250353,213.93280229023483,70.17344449700524,2.472207997800881,1148.11471097931,199.56877900244658,226.20117839331462,102.43345409354568,9.01638638514816,122.37778220052213,122.3575726713247,248.6369029581132,126.4249146983381,50.79936236955,141.37720878728086,119.43567054678503,137.29038307185522,194.55439583088517,134.25437764727332
1942-08-31,48994.83087132644,292.81884789889466,129.97700644387052,13.857832734678988,0.8734286884401951,2177.1565981475055,187.03008282909136,222.8965867061957,72.01198874282677,2.4848162585896656,1157.758874551536,206.87299631393614,235.13612493985056,104.86112695556271,9.255320624354585,126.62429124288023,124.58448049394282,252.96318506958437,128.99134046671438,52.56210024377339,143.44131603557514,121.071939233276,140.4343328442007,195.78008852461974,137.07371957786606
1942-09-30,54330.367953213885,315.8636912285377,135.1240958990478,14.237537351609191,0.9480194984329875,2295.376201426915,193.31429361214882,229.4051670380166,75.01488867340265,2.5702939378851504,1203.0272465465011,215.8926589532238,240.14452440106942,105.86779377433612,9.442278100966547,129.7139239492065,128.42168249315625,261.18448858434584,133.46733998090934,53.69218539901453,145.47818272328033,124.55881108319433,144.21201639770968,199.85231436593182,141.14480904932867
1942-10-31,62545.11958773983,357.715630316319,149.2445639204983,16.37174420061541,1.0445278833734655,2523.077520608465,208.76010567175953,256.42909571509495,84.25672295796586,2.9417014119095546,1323.81118209977,230.14157444413655,261.34928590568387,114.91949014204185,10.654666609130652,145.20176646874177,139.67142187955673,276.25483357566264,140.11401351195863,61.203722136336644,154.64330823484698,131.70848683936967,153.23968862420628,213.14249327126632,152.1399896742714
1942-11-30,64840.52547660988,362.1513041322413,143.08076343058173,16.540373165881746,0.937986039269372,2567.735992723235,208.88536173516258,255.45466515137755,80.39776504649103,2.8493319875755945,1352.1407413967052,226.8965782444742,262.002659120448,113.18420584089704,9.772460213894634,148.8318106304603,140.4116804155184,267.8566866349625,136.54110616740368,60.50599970398242,160.55068260941815,132.60410454987738,154.5881978840993,207.366331703615,145.24804814202687
1942-12-31,64996.14273775373,363.02046726215866,141.8502688650787,16.335272538624814,0.942394573653938,2688.9331315797713,221.50203758396637,263.9868509674336,82.80969799788576,2.8732663762712294,1410.2827932767634,234.54299293131297,273.5045758558357,116.02512940750354,10.169222098578757,157.0770929393878,145.70520076718344,286.2048696694574,148.63864817383566,61.58300649871331,171.08280738859597,139.47299716556103,165.965889248369,216.32455723321112,150.3026802173694
1943-01-31,90357.63763402525,454.61053115240134,169.85151193904525,18.24813295289778,1.2073959277654254,3242.584463372046,261.61605659042266,297.381187614814,96.30767877154115,3.3835584846969997,1593.3374998440875,262.8054235795362,304.65674704581545,127.9293076847134,11.465797916147547,175.58077448764766,159.2703549586082,313.3084708271551,162.13503742801993,64.52051590870194,193.76838764832377,148.63637307933843,178.62908659801954,230.77503765638966,156.32981769408593
1943-02-28,100577.0864504335,515.3010370612469,186.5479155626534,21.134987586046208,1.6202045954684243,3608.996507733087,284.8475624156522,323.04518410597245,107.01709265093653,3.940492211278126,1706.145794833049,288.1135858702455,332.0758542799388,140.376829322436,13.300325582731155,185.55376247854605,170.052957989306,338.2791559520793,176.3704937142001,77.4955916579419,207.09965271852843,155.68173716329906,185.5598951580227,244.45999738941353,175.73034806992203
1943-03-31,115905.03442547958,604.0358756431935,232.58794112351623,25.19290520256708,1.7439882265622118,3929.1144979690125,321.02320284244007,371.98652949802727,126.00192488721267,4.348727204366539,1890.2389260955347,311.19148409845224,375.6109987760388,155.3129239623432,14.691539638684834,203.40403442898221,183.64018933265157,370.7201270078838,193.53134275259177,87.24453708851098,216.19132747287188,163.93286923295392,194.07709434577595,265.3368811664694,177.76882010753312
1943-04-30,133777.59073388853,644.9291044242377,242.96136329762507,26.444992591134664,1.8461859366387574,4203.759601377047,326.57690425161434,384.29928362441194,132.64222632876877,4.457010511755265,1919.9156772352346,317.91322015497883,383.91200184898923,159.63062324849636,14.857554036601972,211.17406854416933,184.48493420358176,373.53759997314364,199.35663616944476,90.67324739608947,220.039533101889,163.22795789525222,192.8932240702667,266.5308971317185,181.71528791392035
1943-05-31,153081.69707678864,726.1256786712494,270.7075509862139,29.740038667990042,2.0749283741882993,4482.889238908483,358.45081010657185,417.61803151464846,142.53733641289492,4.800646022211596,2101.923683437135,340.70759804009083,413.4732259913614,168.8093840852849,16.74743491005774,227.9624069934308,194.18884174269016,394.34364429164776,214.32831954577006,96.55794115209567,234.9362094928869,170.50792481738046,206.0485419518589,278.551440592359,193.1815225812887
1943-06-30,157367.9845949387,699.8399291033502,286.11081063732945,30.189113251876687,2.0170378725484457,4509.338285418043,367.5554606832788,425.21867968821505,144.36181431897995,4.871695583340327,2167.2935099920296,350.0770569861933,431.6247006123822,170.953263263168,16.38903980298251,229.21620023189467,197.00457994795914,403.6895886613599,215.95721477431792,95.6020175346899,237.26207796686646,174.80472452277843,211.26157006324098,281.3369549982826,194.72697476193903
1943-07-31,146305.0152779145,646.0922225482128,268.5436068641974,28.558901136275345,1.8163426042298751,4069.6778025897834,340.5401343230578,410.37854776709634,134.93498784395058,4.513625957964813,1976.1382224107322,323.82127771222883,412.37423896506994,162.7475066265359,15.091027850586295,208.7013503111401,185.46011156300875,381.1233406551899,205.52648130071836,88.16418057049104,223.64323469156835,168.5991568022198,205.93777849764732,264.9912779128823,183.3354467383656
1943-08-31,147343.7808863877,625.9341452047086,265.85817079555545,28.153364740140237,1.7469583167482938,4193.802975568771,343.4347254648038,406.2747622894253,132.9379500238601,4.471197873959944,2013.684848636536,331.23678497183886,413.28146229079306,164.60282820207843,15.097064261726528,213.6475723135141,189.02094570501853,388.1360101232454,206.53356105909185,88.16418057049104,226.39404647827465,173.85945049444905,209.45931450995707,266.7402203471073,185.31546956313994
1943-09-30,156317.0171423687,653.7256212517976,275.6683372979114,28.820599484481562,1.7943008871321724,4408.525687917892,355.5923147462579,420.5350064457841,138.77392602990756,4.596391414430822,2097.8568753095433,341.20701219949126,426.5477972303275,170.38038747197137,15.65565563941041,217.17275725668705,196.22264373637975,402.88517850792874,212.62630111033505,89.5219089512766,228.45423230122694,180.04884693205142,215.0728241388239,271.2214560489387,187.35393972833444
1943-10-31,156723.44138693885,643.65824668452,273.352723264609,28.656322067420014,1.7776138888818434,4725.939537447981,365.7978141794755,418.18001040968767,138.28821728880288,4.531122656345905,2095.1296613716413,340.62696027875205,432.6047759509981,170.07370277452182,15.206338322559333,216.82528084507635,197.18413469068798,397.7282482230272,212.69008900066814,88.17012812611233,226.0097720156038,179.09458804331155,211.97577547122486,264.6850189581593,184.20639354089843
1943-11-30,137540.49216117754,546.3371197858206,245.5254160362718,25.656005146961135,1.5676776886048978,4238.695171137094,331.7054578979484,380.4601734707338,127.97191627905819,4.107915800243197,1891.6925712524549,312.59336144781076,393.88664850338375,154.90312848703448,14.356304010328266,201.56078107358297,184.05167132028816,368.8531774020355,192.909910723606,79.22086012131193,212.67519546668314,169.22647624212507,200.16872477747762,254.01821269414543,169.2304137460234
1943-12-31,162806.68057118586,595.3981931425873,265.73215777605697,28.34732008687736,1.6231734787815113,4821.939626685558,369.51988009831456,417.364810297395,139.51498312742925,4.390540407299929,2202.1193221949825,352.29271835168277,435.52046725019136,164.25927744765139,15.483273875139037,230.36381668899799,204.88632051374478,403.7835733020082,205.75771077779814,83.72060497620245,239.77001536913858,183.11996994160356,214.42073798163403,267.7859998221681,175.77963075799448
1944-01-31,178761.73526716206,637.9096241329679,279.3907906857463,31.125357455391345,1.7497810101264695,5145.491775636159,388.9566257914859,434.8941323298856,147.23016169437608,4.4129321633771585,2289.323247353904,377.3407306264874,459.29988476205176,168.8256853606961,16.27137251538361,237.18258566299232,213.0612847022432,411.1324343361048,210.5930169810764,85.58757446717176,243.67826661965552,186.21469743361666,216.52206121385404,267.9198928220792,176.51790520717805
1944-02-29,184660.8725309784,653.6022008866389,288.2195396714159,32.70963814987076,1.7828518712178596,5281.8473076905175,396.1134277060492,442.0263961000957,149.32082999043624,4.495453994832312,2320.9159081673884,381.3028082980655,460.5859244393854,169.95681745261274,16.546358710893593,238.3210620741747,212.01728440720217,414.8326262451297,211.37221114390638,87.63311749693717,244.4824048995004,187.96511558949268,213.38249132625316,267.78593287566815,179.35984348101363
1944-03-31,199858.4623402779,705.0406940964174,292.85987426012565,33.7628884982966,1.8621887794870542,5483.6138748442945,409.26439350589004,457.143698846719,158.78777061182987,4.760685780527417,2446.4774587992442,401.39746629537353,476.93672475698366,175.80333197298265,17.224759418040232,250.38010781512793,218.35660121097754,420.6817662751861,216.6353792013896,87.47537788544268,252.501427780204,191.17931906607296,217.30872916665624,274.2395738579718,185.09935847240607
1944-04-30,194742.08570436682,690.2348395203926,288.84769398276194,32.327965737118994,1.7588373022255226,5429.326097483336,395.51310988409216,446.3551075539365,152.7697141056415,4.510273708471676,2373.8170782729067,396.13915948690413,464.15482053349643,170.2655270158337,16.65978730912851,246.27387404695983,213.20338542239847,403.9386319774336,209.13979508102156,83.73143171194575,248.23415365071858,188.9042851691867,215.02698751040637,270.31794795180275,181.1937620086383
1944-05-31,211762.54399492845,739.724677514005,313.544171818288,34.38725715457348,1.921705636411606,5825.1239699898715,427.3519152297616,475.7699091417409,159.85822884014325,4.801186362668099,2635.174338590754,426.8399443471392,500.12681912484237,182.15006080153887,17.32951075895548,263.6608095546752,226.5499173498406,428.21534375927735,220.95619350309929,86.64528553552145,263.94737557680907,201.01304984853158,225.82134228342875,282.9688279159471,187.354349916932
1944-06-30,255787.9768914741,825.3847951701266,368.88471814421587,38.537799093130495,2.2768368380204707,6425.694251295826,462.3947722786021,514.4500027549644,181.37514644202656,5.239534677579695,2868.9143024237537,459.0663601453481,551.0397293117512,202.04084744106692,19.00007559611879,278.24125232304874,245.87462529978197,466.1980447507252,238.03610726088885,95.9076665592687,272.6576389708437,209.0736731474577,239.59644416271792,296.9191911322033,194.04290020896647
1944-07-31,261210.68200157338,829.6767961050114,361.87590849947577,37.847972489363464,2.1818927418750174,6444.3287646245835,457.90954298749955,522.7840927995948,176.6775301491781,5.004803524024125,2888.4229196802353,462.69298439049635,543.104757209662,197.7575814753163,18.48707355502358,278.24125232304874,247.37446051411064,467.1770606447017,229.1097532386055,93.40447646207178,270.3400490395916,207.58925006811077,234.10968559139164,288.6054537805016,185.00050105922864
1944-08-31,280827.6042198915,840.545562133987,372.9854988904097,39.00990524478692,2.1997842623583925,6849.677043919469,470.6852192368508,539.7222974063017,179.09801231222184,5.051348196797551,3059.995241109241,478.05439147226076,559.8323837317196,202.5037634307239,19.158154325070935,287.9796961543554,255.66150494133336,475.07235296959715,231.7216044255256,94.721479580187,276.4497341478863,210.9937137692278,236.56783729010127,292.44390631578227,186.0365038651603
1944-09-30,285348.9286478318,839.7050165718531,380.93009001677547,38.08146949996099,2.1751466786199782,6955.162070395829,472.4267545480272,535.4045190270514,182.51878434738526,4.934662053451527,3100.693177815994,484.4125148788419,565.2627578539173,201.9975040221471,19.052784476283048,287.95089818473997,253.1560221929083,476.1175121461302,233.22779485429152,95.19508697808791,274.51458600885115,211.64779428191244,236.49686693891425,293.20426047220326,184.00870597303006
1944-10-31,294423.02457883285,840.0408985784818,381.806229223814,38.34423163951072,2.1707963852627383,6836.9243151991,476.9620513916883,539.794836083073,181.64269418251783,4.8191909614007615,3075.267493757903,480.4403322568354,561.6450762036523,205.61325934414353,19.134711449531064,284.9562088436187,252.75097255739962,481.40241653095234,232.6680481466412,94.61439694752158,275.39303268407946,213.76427222473154,238.79088654822175,291.2691123530867,182.66544241942694
1944-11-30,306288.2724693598,862.6379987502428,399.4838576368766,39.87800090509115,2.1827357653816835,7068.696049484351,485.4519759064604,557.6080656738145,183.62259954910724,5.0100309234722324,3166.9104650718887,482.65035778521684,575.0683935249195,207.34041072263435,19.37772228494011,292.25108779001533,260.76317838746917,491.03046486157143,236.64667176994874,96.58237640403003,282.7735659600128,218.01818124200372,242.06232169393238,295.6090221271477,185.24102515754083
1944-12-31,339275.5194143098,930.872664451387,432.68096620650107,44.26856880474169,2.3285425145091794,7578.349034652173,514.0936424849415,608.573442876401,196.4027324777251,5.456424678753607,3342.3573048368708,510.98193378720913,616.4733178587137,222.39332454109757,20.79423378396923,307.53581968143317,274.89654265607004,510.1806529911727,249.6859033844729,106.095740479827,293.8017350324533,223.163410319315,249.2515726482422,308.40889278525316,197.2261194852337
1945-01-31,374661.9560892224,980.9536137988717,469.1127035610885,46.0481652706923,2.3816332838399887,8101.255118043173,537.9475874962428,654.5207378135693,205.37833735195713,5.6032025026120795,3605.400824727533,534.9469864818292,637.926589320197,227.81972165990035,21.299533664919682,317.7460088948567,287.486804309718,535.1795049877401,259.72327670052874,104.02687354047038,295.2707437076155,228.385434120787,257.0282217148673,311.5855043809413,192.39407955784552
1945-02-28,420558.04571015213,1095.8232819747195,514.2882569140213,50.892432257169126,2.569067823278196,8814.975693942777,578.293656558461,737.1212549256417,221.76752867264335,6.098525603842988,3892.0301902933707,587.6392646502894,696.9985914912472,243.56206442659945,22.794760928197043,354.73164433021805,305.4259808986444,574.6757524558353,279.25446710840845,110.67419075970643,312.3964468426572,241.65462784320476,269.54549611238133,330.49874449686445,204.28403367452037
1945-03-31,399572.19922921556,1006.6232668219774,470.00803799372414,46.16961454370384,2.2836443881119886,8601.653282149362,553.7161761547263,715.744738532798,207.13087178024887,5.624060311864003,3665.903236237326,557.6696621531246,659.6394669873164,228.46121643215028,21.1239049521602,343.7349633559813,295.98831808887627,563.7569131591745,266.79971787537346,102.74991870131144,305.4612457227502,234.57414724739886,258.5749944206074,315.56020124560615,189.759438880262
1945-04-30,442885.8256256625,1080.5094146067104,501.3105733241062,49.018279761050366,2.50492952932004,9624.389857396922,601.7233686273412,780.734360791576,222.76925259965762,5.918761072205676,4081.983253550262,606.1869227604465,725.4714857926507,247.26357454451625,23.276430866785326,394.4702439473241,321.53210993994634,612.9728916779703,287.1298563774769,109.8293880998318,337.9012300185063,256.295713282508,280.8641589396638,340.04767286226513,199.72180942147574
1945-05-31,466535.9287140728,1147.0687945464838,544.1224962859848,49.214352880094566,2.591099105128649,10134.482519838959,612.9755956206724,810.3241930655768,224.2172527415554,6.080343249476892,4296.28737436165,631.4649174395571,740.1260098056622,251.6401398139542,24.0166213683491,409.4206661929276,331.94975030200055,611.9921350512856,292.5566106630112,110.75195495987037,350.0318841761707,260.7039995509672,283.8974918562121,342.734049477877,202.2183320392442
1945-06-30,502785.7703751563,1215.6635084603638,580.7419402860315,52.649514711125164,2.875601786871775,10423.315271654368,639.4561413514854,828.8806170867784,223.32038373058919,6.336325700279868,4375.339062049905,662.0909659353756,748.0453581105827,259.51647619013096,25.061344397872286,417.7728477832634,350.67171621903344,632.3102739349882,294.0486493773926,113.35462590142735,351.64203084338106,260.41722515146114,281.9669889115899,341.39738668491333,200.49947621691064
1945-07-31,485841.88991351356,1192.6874681504628,558.3253013909907,51.507020241893755,2.6743096617907502,10176.28269971616,616.9472851759131,807.661273289357,216.24112756632948,5.818014257996975,4247.579161438048,639.5798730935728,720.9661161469796,250.66696435204747,23.11407793815761,408.91606341025823,341.90492331355756,612.2028072238555,283.3158736751178,108.34435143658425,347.94978951952555,254.4536706954927,278.07584446460993,342.762976231653,184.13871895761073
1945-08-31,518198.95978175354,1321.1399084702675,595.6772640540479,53.89179527909344,2.721110080872089,10670.850038922365,666.4264574470213,870.1742558419533,230.14543206884449,6.120550999412818,4625.613706806034,685.6935819436194,769.9197154333597,265.00511471298455,24.60262455737496,427.7670939334712,369.3598886556362,653.5264967114657,306.46278055437494,114.74750260648638,363.01601540572096,273.2069062257506,298.5700342016517,366.8592134607382,191.11757640610418
1945-09-30,571314.3531593833,1397.89813715239,643.5697160839934,56.48937981154574,2.8647846931421346,11264.149301086449,719.0741475853359,918.8169967435184,245.81833599273278,6.471870626779114,4907.776142921201,721.0753707719102,822.8901918551747,283.07846353641014,26.551152422319056,455.48640162036014,391.85390587476445,699.600114729624,329.01844120317685,121.95364577017374,382.72778504225164,283.12431692174533,310.0948375218355,386.7796687516563,195.79995702805374
1945-10-31,631816.5431589622,1526.2251861429795,695.7632200584052,63.69742467549897,3.2237422151928445,11840.873745302075,752.2234657890199,976.7024675383601,262.0423461682532,6.873773792702097,5281.7486850117975,753.8843001420322,870.0417998484761,296.7794611715724,27.65037013260307,473.38701720404026,411.4074157779152,737.2386009020779,343.9558784338011,130.85626191139642,397.233168095353,291.10842265893854,321.81642238016093,396.526516404198,210.19125386961565
1945-11-30,713384.0588807841,1766.9108979977275,790.8044759183833,73.22018966448607,3.585768465959001,12773.934596431878,835.1184917189701,1103.087766837824,290.1594899121068,7.64294908010546,5605.519879403019,826.6341351057384,960.961167932642,324.9438320367546,30.119548185444522,508.2756403719781,459.583224165509,809.7828792308425,382.1005853521097,141.2593347333524,410.0637994248329,298.5025765944756,340.9001362273044,415.91666305636323,220.09126192687455
1945-12-31,741562.7292065752,1863.7376152080026,838.3318249210782,75.49001554408513,3.611585998913906,13424.12786739026,853.9921696318187,1152.2854812387907,297.23938146596214,7.884466271036793,5745.657876388095,839.529627613388,988.252465101929,328.55070857236257,30.393636073932072,518.0345326671202,479.06955287012664,831.6470169700752,393.6018129712082,139.91737105338558,416.0507308964354,303.6069706542411,346.2522683660731,408.4717547876544,210.71537416878968
1946-01-31,845974.761478861,2149.821339142431,980.429069245201,88.38371019901487,4.066284676177167,15349.147803574022,914.9672105435304,1254.838889069043,322.8911400864747,8.55701124395623,6313.903440362877,913.9119526199343,1051.1053218824118,352.5020552272878,32.64276514340305,556.8871226171541,512.9876772133316,890.0286375613746,433.59175716908294,151.36261200555253,438.05981456085686,325.1327048736267,363.21862951601065,429.3038142818247,221.2089998023954
1946-02-28,816450.2423032487,2020.4020945260568,944.4473224039023,82.6122539230192,3.687306944357456,14497.270100475664,853.0239303897334,1175.031135724252,294.86418912696865,7.8502021152054455,5881.40105469802,861.6361889300739,987.8287815050905,324.37239122015023,29.655952132781664,531.270314976765,495.1357060463077,825.1455498831504,395.5657600653543,137.98215710426166,415.7187640182531,310.7618393182124,342.515167633598,401.35613597207794,204.64044571719597
1946-03-31,844617.7756627109,2061.820337463841,963.2418241197399,84.33885003001029,3.8978521708802663,15644.004165423288,900.9638752776365,1250.2331284106042,306.95362088117434,8.137519512621964,6418.372970991949,903.5978713309685,1068.1392614414542,350.8411783437145,31.616210568758536,536.9549073470164,539.4998653080569,855.8409643388036,433.77741248766756,151.8079692461087,429.8947738712756,327.32544535387314,359.4354169146978,430.2939133756648,214.3199387996193
1946-04-30,885581.7377823524,2176.869912294323,1028.8385923422943,92.89924330805633,4.484868707814835,16016.331464560364,966.3738526227929,1303.868129619419,327.0590830488913,8.777942298265314,6560.860850947971,946.0669712835239,1096.6585797219411,370.83912550930614,33.819860445401005,542.3781519112212,559.1916103918009,884.2548843548517,459.3702798244399,161.8121144194273,427.78828947930634,334.46114006258756,377.9822844274962,450.7759036523464,227.75779896235542
1946-05-31,940133.5728297454,2398.692956357115,1097.873661888462,94.32060173066961,4.710457603817921,16972.50645299462,1036.0494073968964,1390.0538129872625,342.790624943543,9.159782788239855,7085.729719023809,1001.6957091949952,1171.779692432894,395.3515917054713,35.500707509537435,583.0022754893716,596.7133674490907,934.7458382515138,479.766320248645,168.83476018523044,449.6054922427509,348.5754001732288,388.1122096501531,463.758249677534,232.51793696066864
1946-06-30,887956.1595376944,2279.2380471305305,1060.3263826518767,88.02941759523395,4.512618384457568,16607.597564255237,990.9812581751314,1318.0490254745225,322.53169900937957,8.707289518500806,6727.191795241204,964.2322896711024,1101.5900888561637,369.535132767104,33.46651696924094,547.8472382773625,569.9209372506265,898.5711743111801,449.58901870500523,158.02933553337567,431.26158815924674,337.52555998773744,376.9345780122286,443.6775174664968,224.17054302378062
1946-07-31,848797.2929020822,2147.0422403969596,1034.2423536386405,81.03107889641285,4.29330513097293,16086.119000737623,945.5943165507105,1240.5477427766207,302.7927590300055,8.51311696223824,6443.304301482026,930.0984666167453,1046.951220448898,348.47163019937904,32.36881521264984,528.1247376993774,547.7510127915771,866.4023262708399,427.828910199683,151.20246823833386,411.9410690097125,333.3064904878907,365.89039487647034,433.65040557175394,221.52533061610004
1946-08-31,775630.9662539227,1953.3790303131539,933.4037241588732,74.58910812414801,3.930950177918815,14709.14721427448,858.3159611330798,1133.2403630264428,281.5669866220021,7.849093839183656,5938.793574675983,848.435821247795,961.4153057382231,323.76499161824313,30.21952588252989,483.0756975736206,503.5475060592968,814.2449062293354,400.2767283828234,143.3399398899405,388.41923396925796,312.3081815871536,338.4120262212474,409.1057926163927,208.3002683783189
1946-09-30,645557.6532131399,1604.114859693162,790.0329121280703,63.184433491965784,3.3884790533660185,12118.866389840745,749.9106552419719,977.9864332918202,241.95051160428642,6.91034221601729,5172.095324185314,734.8302647827152,822.2023694673283,283.4562501617718,26.57807301368504,396.1703795801263,438.1366850221942,707.5788235132924,354.64518134718156,128.94860992499048,351.67477443576615,274.20658343352085,311.37290532616976,372.81810881131867,189.34494395589186
1946-10-31,638714.7420890805,1568.663921293943,791.6919812435393,60.720240585779116,3.3779747683005836,12081.297904032237,748.2608518004395,959.4046910592756,230.8691781728101,6.846767067629932,5157.096247745177,728.9516226644535,812.8292624554007,278.97764140921583,26.500996601945353,394.42722990997373,426.6575038746127,709.9845915132377,349.75107784459044,125.54436662297073,351.0769273192253,275.87924359246534,306.60889987467937,369.3509003993734,185.4633726047961
1946-11-30,645932.2186746872,1551.2517517675803,783.1417078461091,60.25269473326862,3.276297727774736,11639.122400744658,738.9075911529341,964.00983357636,233.98591207814303,6.774191336713054,5107.072414142048,729.02451782672,823.4773257935665,283.6365680207497,26.45859500738224,389.41800409011705,428.6627941428233,715.7354667044949,348.21217310207425,125.82056422954126,348.02255805154806,278.2242171630013,306.36361275477964,368.0581722479757,184.85134347520028
1946-12-31,670283.8633187229,1608.0275658822738,795.2020901469392,63.81965426147812,3.4650124768945614,12178.013767899136,773.1929033824301,1009.9931026379525,245.56821472601112,7.020094482235738,5320.0373338117715,779.5459169121116,854.769464173722,301.02348964042164,27.44814646065834,411.1085869179366,444.3089861290364,761.3993894802417,367.64241236117,134.71607812056982,365.42368595412546,290.07656881414516,321.58988430869215,386.3506634087001,195.14756330676894
1947-01-31,716868.5918193744,1722.67993132968,845.5383824532403,68.9826642912317,3.554063297550752,12774.736442526191,823.9143578443175,1028.2739777956995,255.857522923031,6.9997362082372545,5583.379181835455,826.162762743456,877.762762759995,304.57556681817863,27.50578756822572,425.2096114492218,455.99431246423006,779.6729748277676,381.0981246535888,130.97097114881797,371.3070072979869,297.99565914277133,326.54236852704605,384.45754515799746,191.88859899954588
1947-02-28,748052.3755635172,1733.1882789107908,838.7740753936143,68.34112551332325,3.542690294998589,12621.439605215877,824.5734893305928,1045.2404984293285,255.8831086753233,6.811443304235672,5638.654635735626,825.7496813620843,864.9474264236991,297.143922987815,26.708119728747175,422.27566513022214,452.25515910202336,786.456129708769,378.01122984389474,128.2074836575779,369.63612576514595,292.51253901454436,320.79522284097004,381.07431876060707,192.0421098787455
1947-03-31,717531.8386405257,1649.821922695182,807.3200475663537,65.72366040616296,3.362721628012661,12073.669126349509,787.6325970085823,1009.3887493332024,244.41954540666885,6.469508850363042,5442.429454412027,811.5467868426565,846.7835304688015,289.23989463633916,26.355572548327714,414.2946550592609,445.69745929504404,775.1311614409628,366.10387610381207,125.02793806286996,361.68894906119533,290.2309412102309,316.43240781033285,374.2911958866682,190.39054773378828
1947-04-30,630495.22661343,1506.61737980524,713.5094580391434,59.15129436554667,2.989795799466057,11007.564142492847,713.5163696300747,916.2221677697478,228.75225254610135,6.006938967562084,4814.373095372879,738.1018026333961,789.6256421621573,271.4227171267407,23.996748805252384,379.20389777574155,406.96635008230476,713.4307209902622,340.33016322610365,119.08911100488365,334.01974445801386,277.4607797969807,299.21848482545073,360.1429886821522,186.73504921729952
1947-05-31,589576.0864062184,1414.864381375101,682.1150418854211,55.89797317544159,2.753003972148345,10562.858551136134,676.3421667723478,871.6021481993611,220.33416965240482,5.690373283971562,4561.618507865803,708.2824898070069,764.7524344340494,265.28856371967635,23.065674951608596,353.79723662476687,397.7689105704447,690.6009379185738,331.85594216177367,116.77878225138889,321.92822970863375,279.9301807371738,298.410594916422,357.0097446806174,187.1645398304993
1947-06-30,633263.6744089192,1504.4252967161449,736.2067647069349,55.981820135204764,2.8675289373897166,11118.464910925895,706.0335878936539,926.6002437507407,229.08143618760533,5.931645111211957,4853.562092369214,739.0927781136118,800.3134226352327,281.12629097374105,23.427806048348852,368.8689989049819,426.1696107851744,741.1529265742134,351.0372156187242,123.36510557036722,342.1775153573068,290.3715764786704,313.9876279710593,370.64751692741703,200.0601766248207
1947-07-31,692283.8488638303,1667.2041138208317,787.373134854067,60.034903912993585,2.9779288014792207,12094.66613010519,755.7383524813672,987.3852197407892,241.45183374173604,6.214584583016767,5257.378458454333,786.2468973572602,841.4495325586835,300.24287875995543,24.706964258588698,386.6115977523116,452.71997753709076,798.2217019204278,369.7474992112022,129.05223693716115,356.27522899002776,303.0898515284362,326.07615164794504,379.9878343539879,207.36237307162665
1947-08-31,671307.6482432564,1614.6871842354756,776.9798094739933,57.759581054691125,2.868936607345081,12068.057864618959,746.5939184163426,980.0785691147073,236.04331266592115,6.128823315771135,5239.503371695588,774.9249420353157,831.0997033082117,297.0603042450999,24.277063080489256,380.77376262625165,449.23403371005514,783.6940669454759,363.239943225085,125.95498325066927,355.84769871523974,299.17999244371936,317.50034885960406,370.52613727857363,198.86051577568995
1947-09-30,669830.7714171212,1610.0045914011926,803.4748209770564,56.23472811484728,2.9572998548513096,12284.07610039564,755.8516830047053,974.8841526983995,239.96163165617546,6.26794760503914,5294.518157098391,776.5522844135897,824.0353558300919,299.7338469833058,24.682490033933423,389.1507854040292,446.22416568419777,786.2802573663961,363.63950716263264,127.10117359825037,352.5738998870595,301.75294037873533,313.4363443942011,367.9324543176236,193.03390266346224
1947-10-31,719666.180810555,1694.6908329088951,830.9536598544718,59.327638161163875,3.0037294625724753,12906.878758685698,801.7318801630909,1013.8795188063355,247.01650362686703,6.3538184872281755,5487.768069832482,809.3227908158433,864.2482811946003,303.51049345529543,25.85244006154187,405.37837315537723,458.4953302405132,787.2237936752358,373.9668691660514,127.67312887944249,369.6737340315819,311.1978074125898,318.1378895601141,375.91658857631603,196.00662476447957
1947-11-30,711174.1198769904,1698.5886218245855,796.3859876045257,56.456180474163546,2.8616530589927973,12216.360745096013,769.5824317685509,975.7576488992173,239.68011346914912,6.052647490933561,5311.061937983876,800.7439692331953,836.2466368838953,300.26293117532373,25.01740624755407,391.7981976546721,447.1704955835725,768.0942554889276,362.07472272657094,124.54513722189616,352.1511990384849,306.34312161695345,316.4517587454455,369.90192315909496,191.5376737198494
1947-12-31,717361.3347199202,1703.3446699656943,807.8539458260309,55.914201141611564,2.958663097692653,12619.500649684182,769.0437240663128,978.8800733756949,244.04229153428764,6.30504289130549,5492.169150069127,803.4664987285882,851.7171996662474,308.5802143688802,25.787942359978732,397.91024953808505,461.30108324401345,784.0706160030974,366.56444928838044,130.72257602810222,361.3071302134855,318.25986904785293,327.49592512566153,383.2923727774542,195.7898100764301
1948-01-31,741034.2587656775,1692.4432640779137,803.2491783348225,56.12108368583553,2.8731577341693355,12557.665096500728,762.2761392945292,973.5941209794662,236.40376780926445,6.044644619894574,5501.505837624244,786.6740489051607,826.3360271161932,298.5822154233285,25.050407208483342,413.26958517025514,454.56608742865086,767.6051330670323,353.991288677789,124.01650787786058,354.7674711566214,307.18442560498767,317.5072994093288,361.98131685102777,182.71105076332458
1948-02-29,684789.7585253625,1581.4189859544026,757.2230004162373,51.14314356290192,2.6565216410129677,11640.955544456176,709.2979476135595,906.5134860439811,218.10611618082737,5.749061497981729,5289.147712291949,736.877581609464,768.0793372045016,281.2644469287754,23.55239285741604,390.6224119029252,425.79205409441727,729.7622000068276,335.76073731088286,119.04344591195837,345.6854238950119,291.79448588217775,302.3622012275038,351.52005679403305,173.66685375054
1948-03-31,764910.1602728299,1791.273285390552,829.0077408556964,54.14013177568797,2.865324241996587,13041.362496454254,789.0230369253236,995.4424590248957,228.70607342721559,5.9548778996094756,6047.082579463386,813.807601129492,847.2683168702858,300.05291198361755,24.984378343146936,447.5360973171814,468.2435218876306,804.4898492875268,366.71787729094626,126.88840899755643,380.28853482690266,319.6316798353375,329.4236182373654,378.90346921828825,183.96529817794703
1948-04-30,784415.3693597872,1932.4256202793276,855.8675916594209,57.691724420173095,3.0200517510644027,13516.068091325189,822.6354182983423,1042.9250643203834,231.54202873771305,6.005494361756155,6310.130671670044,843.4301978106056,872.9405468714555,311.1548697270114,26.048712860564994,459.48531111555,487.1605601718909,849.0585869380557,382.26671528808237,134.09567062861763,389.1492576883695,329.79596725410124,347.0148394512407,391.142051274039,191.41589275415387
1948-05-31,873054.3060974431,2141.320829831523,937.9452936995594,62.56667513367773,3.258333834223384,14813.610628092409,895.5209163595754,1117.3899139128587,261.96665131384856,6.473922921973137,6703.251812515087,932.5807697191866,956.8301334258024,337.1363013492168,27.715830483641152,500.8849376470612,533.5382455002549,911.804016512778,413.8037192993492,143.80419718212954,431.17737751871346,351.1997255288924,372.6939375706325,415.9795715299405,203.99191690810179
1948-06-30,883530.9577706124,2135.7533956739608,936.81975934712,60.75849822231444,3.1556963184453473,14736.579852826328,864.4463405618982,1131.6925048109433,256.15099165468115,6.1897177056985155,6703.922137696338,915.7943158642413,957.7869635592281,329.6518754592642,27.089452714710866,497.1283006147082,525.268402695001,911.9863773160805,403.78966929230495,140.45355938778593,429.7976099106536,355.8004419333209,374.9301011960563,411.819775814641,206.48061829438063
1948-07-31,837675.7010623176,2037.0815887938238,894.1007783208913,58.309930743955164,2.8404422562326572,14010.06646608199,830.3871547437595,1093.3281288978521,243.7532836585946,5.778101478269564,6404.927210355082,867.7151142813686,904.8213444744027,311.52102230900465,25.480339223457037,486.04233951100025,498.0594994353999,863.5599006805967,385.4979972733636,131.21171518006963,408.5656079810673,340.3231227092214,360.795236380965,392.5877922840973,190.93262773681377
1948-08-31,827623.5926495697,2004.6919915320022,869.9600573062273,58.455705570815056,2.7907345167485857,14119.34498451743,828.2281481414257,1075.8348788354865,242.75389519559437,5.717431412747734,6460.650077085171,867.8018857927968,901.0210948276102,313.8885820785531,25.544040071515678,490.61113750240366,508.8175846232046,860.7101530083507,387.5025868591851,129.79462865612484,412.5286943784837,342.56925531910224,360.073645908203,396.0033060769689,190.62713553243483
1948-09-30,774738.4450792624,1907.6648991418533,840.3814153578155,55.52707472171722,2.600406422706332,13454.323835746658,805.2862284379083,1029.25122858191,237.4618602803304,5.465864430586833,6276.521549888244,826.4077358404804,872.0082155741611,299.2299852954847,24.2719468759542,479.3270813398484,489.6351616829098,819.9985627710557,369.2124647594315,121.79927953090757,404.3193733603519,330.88764371272083,352.4040772503583,386.2220244168677,185.13707402910072
1948-10-31,832921.3023047148,1959.7441508884262,873.7445575475208,58.03134579166665,2.7564308080687123,14432.45317860544,851.992829687307,1064.4516205994114,247.3640198540202,5.72877250969806,6678.846581236081,871.7775205381228,900.3484825803213,312.1866436587792,25.043794786609542,513.2155059905757,517.9850375443503,871.9044717944636,389.03917411701303,126.95138905506495,441.1124363361439,354.8769978818931,376.8961606192582,410.5540119551304,192.70918035689093
1948-11-30,746464.0711254854,1703.0176671220424,772.0406910489893,50.98053727797917,2.3851395782218567,13101.780995538016,780.7662291254481,934.5885228862832,216.04773494050121,5.031580895267806,6010.294038454349,795.7585207471985,818.1466661207379,275.19252638521385,22.171271524585425,464.04946051667855,474.4742943906249,780.0929309145066,347.60650207355116,110.77778208944969,410.102232061713,337.3105864867394,343.08857501171076,369.78599856798604,170.02730982888485
1948-12-31,738999.4304142306,1645.2853682066052,761.0777132360936,49.72131800721308,2.316686072326889,13380.848930742977,780.7662291254481,940.1025951713123,217.21439270917995,5.085418810847171,6126.2927133965195,820.90449000281,831.4824567785059,280.3386266286173,22.357510205391943,482.147389476829,498.8148256928639,795.9288174120711,353.5853339092162,111.46460433840426,428.3927916116654,348.23944948890977,357.189515444692,387.12896190082455,174.02295160986364
1949-01-31,790581.5906571439,1700.731485115168,777.9736384699348,50.87982471678115,2.345644648230975,14031.158188777084,810.5134224551276,953.3580417632278,218.08325028001664,4.9709968876031105,6259.233265277224,847.8301572749021,841.4602462598481,279.805983238023,21.80304395229822,500.999352405373,511.1854333700469,815.2698876751843,362.28353312338294,109.15728702859928,415.4553293049931,355.27388636858575,358.868306167282,389.06460671032863,170.5424925776664
1949-02-28,745123.1491943581,1618.5861543841054,730.6728412509628,49.19061453618402,2.2060787916612323,13182.27311835607,763.3415412682392,896.8239098866684,209.16364534356396,4.734874535441962,5932.501288829753,818.3256678017356,805.5298937445526,264.3886735616079,21.153313242519733,482.66277610733636,495.7476332822715,799.9428137868908,353.00907467542436,106.87589972970156,398.5462974022799,345.3617449389021,350.65022195605127,382.5283213175951,167.02931723056648
1949-03-31,815239.2375335473,1730.592316267485,783.4274203892824,50.80406669297085,2.390286370764945,14250.037240942911,813.1114097589284,962.1126905264179,222.06904226126184,4.926163466673818,6504.3944130729415,861.3695979281068,844.3564346230401,282.60505317000263,22.555777910498794,515.0977146617494,532.5816824351443,837.3001431907387,368.2237657939351,110.07148913161964,413.33236503590444,364.08035151459063,364.4307756789241,391.67074819708563,174.12806321286553
1949-04-30,779776.330700838,1682.654909106876,748.956613892154,49.31042713219751,2.3204900087386084,13685.735766201571,792.5396910920275,908.7154362022015,215.406970993424,4.765077921313584,6245.519515432638,825.7088965738833,821.7276821751426,273.7029939951476,21.427989014973853,498.511568249641,523.5277938337468,815.9489895393749,353.6052822919159,106.24100130983929,407.6283783984089,358.5827382067203,360.75002484456695,386.8923650690812,170.92410684974882
1949-05-31,707958.9306432907,1562.8498795784662,703.1204691219542,46.48000861480937,2.163392835147005,12660.674157313075,756.4791351473402,865.8240676134577,214.11452916746344,4.530159579792825,5792.7193505637715,799.9467790007781,782.4490989671708,266.3677537560776,20.66300980713929,489.5882111779724,503.31962099176417,800.1195791423111,346.67461875899437,103.89307518089184,391.5678202895116,343.4505466543967,352.41669927065743,377.64563754393015,166.49717248234032
1949-06-30,709020.8690392558,1538.781991432958,686.8080742383248,47.0098807130182,2.145003996048255,12251.734382031864,747.0987938715133,844.6979603636894,209.44683243161273,4.536954819162514,5741.164148343754,785.7877210124643,766.7218720779307,261.97268581910237,20.584490369872157,484.2516996761326,496.22281433578024,802.7599737534808,346.0852719071041,104.05930410118127,396.77567229936216,345.6486301529849,353.4739493684694,378.58975163778996,167.77920071045435
1949-07-31,764962.615606453,1632.6476929103685,709.8848255327325,50.25826347028776,2.231447657089,13316.410099830431,795.6602154731617,893.9438514528925,223.77299576993502,4.721608880302428,6228.014868123304,849.9865778191827,820.3924031233859,274.67836108132883,21.426396025999928,516.2123118547573,535.6229057940411,850.0425362075608,364.42779131818054,110.80234700693781,428.39869338162123,368.4614397430819,369.16819272042943,398.42785462361013,177.09094634988455
1949-08-31,787605.509028404,1656.1578196882779,730.1165430604154,51.268454566040546,2.275630320699362,13798.464145444294,824.0652851655536,927.9137178081024,226.50302631832827,4.787711404626662,6496.442308939419,873.3612087092104,845.4143714186491,284.841460441338,21.777788920826328,536.5510769418349,552.3879027453946,865.003284844814,366.43214417043055,112.19845657922522,441.85041235380413,378.6309754799909,379.0619002853369,409.5838345530712,182.27971107793618
1949-09-30,846833.44330734,1707.001864752708,746.6171769335807,53.01158202128592,2.344354356384483,14611.19368361096,860.0769381272883,969.1130868787822,236.5824109894939,5.014648925205966,6812.819049384769,909.6056988706426,890.8131231638306,297.8017468914189,22.339655874983645,559.1935323887803,578.9025220771737,897.2679073695256,384.60717852128397,116.50687731186747,457.0058814975396,385.4084699410828,390.20632015372587,420.72451485291475,190.00837082764068
1949-10-31,905010.9008625543,1825.638494353021,810.3036221260151,55.55613795830765,2.4414106267388007,15397.27590378923,902.0486927079,1005.6486502541123,244.64987120423564,5.053763186822573,7087.375657074975,940.4413320623573,916.3794597986325,308.7310710023339,23.18409486705803,575.7456609474882,593.6645363901416,922.5708623573462,397.41459756604274,118.848665545836,465.3233885407948,398.85922554202654,401.36622091012237,437.30106073811965,194.94858846915935
1949-11-30,897770.813655654,1825.8210582024565,812.3293811813302,54.67279536477056,2.402592197773654,15366.48135198165,927.2158512344504,1018.5209529773649,244.5030812815131,5.028999747207143,7231.958120479304,957.5573643058922,921.5111847735049,314.65870756557877,23.25828397063262,589.3908331119437,601.5009082704915,943.5132209328578,402.18357273683523,122.1051189817919,478.0267170479585,411.86203629469657,401.3260842880314,444.12295728563436,198.98402425047092
1949-12-31,998949.5843546462,2000.5521334724315,863.0187345670452,56.51526856856333,2.4720271122893123,16558.920304895426,1006.9564144406131,1091.7526094964376,259.17326615840386,5.3247049323429225,8046.999800657322,1026.8845174816388,979.658540532713,336.30722664609056,24.974745327665307,635.5990744279201,646.6134763907784,995.9725560167249,425.6710933846664,129.45584714449578,483.6674323091245,435.42054477075317,418.5028406955591,467.52823713458724,210.843472095799
1950-01-31,1079365.025895195,2147.792770496002,914.195745526871,60.26788240151593,2.603044549240646,17618.691204408733,1034.0435419890655,1154.4192092815329,271.6913349138548,5.399250801395723,8429.232291188546,1080.5905777459286,1011.6933748081328,350.93659100519557,26.10360381647578,655.1755259203001,658.3171803134514,1007.0278513885105,438.3560919675295,133.79261802383638,489.81000869945035,439.12161940130454,423.39932393169715,477.8606111752616,213.4790154969965
1950-02-28,1111961.84967723,2201.487589758402,946.7411140676277,60.50292714288184,2.692849586189448,18085.586521325564,1067.5465527495112,1184.2032248809967,274.76144699838136,5.4181481792006085,8519.425076704261,1103.0668617630438,1017.0553496946161,357.49910525699266,26.025293005026352,663.3652199943037,670.1010578410622,1029.7866808298909,449.8410215770788,135.22419903669143,498.38168385169075,443.64457208113805,430.21605304699744,487.2266791542968,214.86662909772699
1950-03-31,1131532.3782315494,2192.4614906403926,927.3329212292414,60.61788270445331,2.595637716128009,17902.922097460178,1063.3831211937882,1186.3347906857823,270.64002529340564,5.277276326541393,8475.97600881307,1090.0506727942397,1014.0041836455323,354.96086160966803,26.647297507846478,657.1295869263573,691.0082108457034,1035.450507574455,449.661085168448,133.60150864825113,506.10659995139196,452.47309906555273,435.67979692069423,498.4328927748455,215.61866229956905
1950-04-30,1241177.8656821866,2321.378226290047,956.8221081243312,63.236575237285685,2.7046545002053857,18953.823624581088,1110.4909934626728,1286.5800804987311,277.89317797126887,5.552750150786854,9041.323608600902,1121.8801524398314,1059.1273698177583,369.6917373664693,28.528596711900438,702.6029543416612,716.8519179313328,1055.1240672183696,464.32003654493934,139.2261321623425,530.1466634490832,467.31421671490284,450.10079819876916,520.0150370319963,224.2865325240117
1950-05-31,1270345.545525718,2439.0721023629526,991.2677040168072,65.00087568640596,2.697351933054831,19427.669215195612,1151.1349638234067,1344.0902100970243,287.25817806890063,5.647702178365308,9362.290596706234,1166.5309825069369,1104.246195771995,384.9230369459678,28.862381293429674,734.0795666961676,724.3071778778185,1079.497433171114,477.04240554627074,140.2285603139114,546.8462833477294,483.20290008320956,471.8856768315896,554.0240204538887,236.64472046608472
1950-06-30,1160968.7940559536,2250.0440144298236,926.6370497149113,59.8203058941994,2.45674814062634,17999.735527878736,1067.6776789462099,1244.896352591864,263.21466856453367,5.003299359813827,8717.228774593175,1086.9735694999638,1041.9667103304544,356.8236552489122,26.293629358314437,694.8063098779227,665.7831579052909,998.4271759399635,436.6846180370563,127.42569275725128,504.02821936160205,459.0427550790491,447.6307530424459,527.9294890905106,221.23914916374267
1950-07-31,1308527.9277804655,2396.0718709663192,994.0962269341569,64.58798427396708,2.578602848401407,19257.917041277462,1142.0948131687608,1324.5697191577433,278.7706554766976,5.2964927022989166,9101.658563552735,1106.3216990370631,1118.4470668687095,372.8807197351132,27.524171212283548,723.6407717378565,687.8205804319559,1031.8744863339523,446.9030380991234,131.9110771423065,483.1614510800318,456.7475413036538,446.377386933927,531.2554448717808,229.22588244855376
1950-08-31,1411639.9284895663,2592.549764385558,1049.4673867743895,68.21137019173663,2.619086913121309,20779.29248753838,1235.6323783672824,1403.1167035037975,295.3575094775611,5.309733934054664,9910.796009852573,1161.4165196491087,1189.8039897349333,390.7044181384516,27.744364581981817,763.0791937975697,734.5235978432858,1085.9447094178513,465.49420448404703,131.6076816648792,511.76460898396965,482.8735006662228,465.83944100424634,556.0119486028058,232.36627703809893
1950-09-30,1476575.3652000863,2746.028710437183,1087.2482126982675,69.6438089657631,2.7256837504853464,22208.90781068102,1304.8277915558504,1482.1121739110613,313.22663880095354,5.604955140788103,10610.498208148163,1222.7393118865818,1242.9882280760849,426.10223842179533,28.74593614339136,797.7992971153593,785.4995355336097,1177.055470538009,492.53941776457015,141.10975628108352,540.2187212434784,498.1323032872755,491.0413547625761,578.9752420801017,244.4260868163763
1950-10-31,1489126.255804287,2736.4176099506526,1081.4857971709666,67.97932193148137,2.65427083622263,22570.913007995117,1334.7083479824792,1514.4222193023224,311.09669765710703,5.423354594226569,10591.399311373496,1220.17155933162,1233.9144140111293,422.6082000667366,27.946799118605075,802.1074133197823,794.689880099353,1156.5747053506477,487.4170078198186,136.45313432380775,543.0818804660689,503.0139998594908,492.5635829623401,576.8909312086132,239.29313899323242
1950-11-30,1531417.4414691287,2802.9125578724534,1107.8740506219383,71.06558314717061,2.7291212738041084,22460.31553425594,1389.1644485801642,1605.7418791262523,316.44756085680933,5.549176420812626,11041.53378210687,1243.7208704267202,1273.6464581422877,435.11740278871196,28.614727617539735,830.6624372339666,823.0603088189,1198.6740246254112,509.35077317171044,140.96973306992578,558.8312549995849,529.6234404520579,506.0598251355082,584.909715152413,246.80694355761995
1950-12-31,1720394.353746419,3039.4783777568887,1259.4312207470193,79.80664987427261,3.172057656542516,23709.109077960573,1468.7635714838075,1730.9897456981003,351.1302135267156,6.297205402338168,11683.046894847279,1310.3843090815926,1335.0362174247462,471.7107763632427,31.905421293556806,868.7067768592824,863.4725699819079,1278.8653168728513,547.1955356183686,157.85790709170286,563.4695544160815,546.7302775786593,539.9152274370737,626.0873590991429,265.0212959921723
1951-01-31,1916691.3495088855,3311.5116925661296,1370.5130544169065,87.37232028235364,3.337004654682727,26061.052698494263,1616.0805577036335,1910.3202833524233,379.0450655020894,6.487381005488781,12784.758217031376,1425.3050129880482,1481.0891796110132,520.627183872111,33.43369097351818,951.0601793055423,934.622709748417,1371.3272792827584,577.7837660594354,165.73501665557885,594.742114686174,572.535946680372,573.983878288353,653.0717242763158,274.9595945918788
1951-02-28,1933174.895114662,3376.0861705711695,1402.4460085848207,87.05777992933716,3.279274474156716,26579.6676471943,1663.4317180443504,1933.2441267526524,383.13875220951195,6.541875005934886,13018.719292403051,1450.960503221833,1503.6017351411008,527.3953372624484,33.052546896420075,973.6003055550837,969.5775990930081,1375.9897920323197,585.7571820310557,165.88417817056884,616.807047141031,585.3034982913443,576.9685944554525,655.9452398631316,277.92915821347106
1951-03-31,1868993.4885968552,3281.21814917812,1334.4273771684568,83.41876472829087,3.014964951539685,25667.985046895534,1601.2193717894916,1875.0534785373975,375.5909187909845,6.386178380793635,12215.464312061784,1402.6435184645459,1450.52459389062,507.6180121151066,32.06097048952748,954.5177395662041,940.0054823206713,1337.7372758138213,570.3517681436389,157.473850337321,603.052249989786,572.7780034279095,563.6406199235315,650.1073272283497,271.75913090113204
1951-04-30,1973657.1239582794,3425.263625927039,1359.381169121507,85.43749883471551,3.1201872283484198,27110.525806531063,1651.4976600636817,1940.305339590499,384.4173053825727,6.544555604637317,12974.04464584082,1477.8252110542458,1502.018216973737,520.0546534119267,32.68615941407326,1007.875281207955,991.2357811071479,1396.3301684944668,595.1620700578873,163.91453081611743,633.5666938392692,606.4000722291278,605.5754820458424,671.4958582941623,283.8252363131423
1951-05-31,1912276.3874031766,3366.3490915610937,1324.445073075084,81.71242388552191,3.008796544296381,26242.988980722068,1619.29345569244,1902.8574465364024,371.88530122710085,6.308951602870374,12678.236427915648,1450.7810096919532,1453.9536340305774,507.0532870766286,31.587904457760402,997.5949533396339,984.0988834831765,1373.569986748007,582.6041503796657,158.27587095604298,631.9194204352871,603.6712719040967,585.4703760419204,656.8572485833496,274.94150641654096
1951-06-30,1795627.527771583,3157.972082793462,1258.7525974505602,78.19878965844447,2.815330926498124,24484.70871901369,1541.4054404736335,1832.2614352699015,356.04298739482635,5.89003721643978,11643.69233539773,1386.8015671645378,1378.4934404243904,487.7345568390091,29.99587407308928,937.240458662586,931.2527734401298,1324.1214672250787,568.097307035212,151.3592153952639,598.7436508624345,589.6660983959216,573.2925922202484,654.1641338641579,268.1229570574107
1951-07-31,1935686.4749377666,3317.765470182811,1290.095537127079,79.46561005091127,2.901761585941616,26935.628061786963,1661.9433459186716,1948.2435841224863,365.1576878721339,6.061437299438177,12774.29486116485,1496.7749314406858,1441.4905906517852,502.51291391123107,31.03073172861086,1039.2122205650753,997.9304720184432,1437.5986769662682,602.864862225767,159.3963897327524,674.6044714267049,619.0904367058781,601.2119414613744,702.3760305299463,290.99384529440783
1951-08-31,2041181.3878218748,3504.5556661541036,1354.4713044297202,85.86259166000963,3.0848627420145323,27940.32698849162,1709.807314281129,2054.8125081739863,385.8986445432711,6.5378662711740185,13291.653803042027,1552.155603903991,1530.5747091540657,537.5883153022351,32.2316210465081,1086.9120614890123,1044.733411156108,1494.0963049710422,621.9153918721013,164.97526337339875,697.0013398780715,648.0638691437132,646.8439278182929,727.3103796137594,298.4141883494152
1951-09-30,2102416.829456531,3597.7768468738027,1413.797147563742,86.80708016826972,3.1385393537255855,29457.486743966718,1747.5940559267422,2095.0868333341964,396.0863687592135,6.757538577885466,13794.078316797015,1585.5269493879268,1572.9716285976333,546.9423519884939,32.972948330577786,1118.3238200660448,1070.329379729433,1519.1971228945556,635.3487643365387,166.17958279602456,692.1920306329127,658.8217293714988,644.9680804276197,730.3650832081373,298.86180963193937
1951-10-31,2094637.887187542,3485.1664315666526,1385.379824897711,83.0917371370678,3.0902058476782117,28694.53783729798,1735.360897535255,2064.7080742508506,388.16464138402915,6.503455127356974,13668.552204114163,1572.8427337928233,1537.8943612799062,521.7830037970232,31.736462768181116,1093.944360788605,1062.301909381462,1470.58281496193,616.0976967771416,161.50993651945626,681.8783693764823,647.0947025886861,630.26280819387,698.9593846301873,286.48893071317707
1951-11-30,2112861.236806073,3471.2257658403855,1377.4831598957937,83.39086739076123,3.0231483807835944,29044.611198913015,1746.293671189727,2073.173377355279,388.86333773852044,6.461182669029153,13978.828339147554,1588.256592583993,1552.0429894036815,526.3225159300572,31.879276850637932,1117.5735589816388,1088.5407665431842,1501.170937513138,625.6472110771873,164.33636040854677,691.0837273630649,646.4476078860974,632.4687280225486,714.8257626612925,283.8245836575445
1951-12-31,2107156.511466697,3483.7221785974116,1376.9321666318356,83.53263186532554,3.0443104194490793,29215.9744049866,1762.0103142304345,2101.9904873005175,395.7462188164923,6.546470280260339,14286.362562608801,1595.0860959321042,1581.376601903411,529.1646575160795,31.79957865851134,1149.4244054126157,1106.7193973444553,1527.8917802008716,639.4740144419932,167.80385761316708,719.8328104213684,678.317474954882,659.2221552179024,735.6986749310022,290.92019824898307
1952-01-31,2185332.0180421113,3519.6045170369653,1392.3538068981122,84.08394723563669,3.008083125457635,29800.29389308633,1806.5891751804645,2127.6347712455836,406.78753832147237,6.551707456484546,14549.231633760803,1627.9448695083054,1602.2507730485363,536.6258791870563,31.72007971186506,1165.2864622073098,1137.8182124098344,1556.7689348466681,654.0540219712706,168.40795150057448,754.1688354784677,703.7543802656901,675.043486943132,752.1783252494566,290.2801738128353
1952-02-29,2137910.3132505976,3499.190810838151,1357.26649096428,81.41007771354343,2.9085155740049875,29377.129719804503,1787.981306676106,2099.3372287880175,398.8958600780358,6.260156474670983,14054.557758212934,1606.293202743845,1589.272541786843,526.6983004220957,30.755789288624364,1146.8749361044343,1122.0025392573377,1524.2324641083726,639.337806476917,166.58914562436826,733.0521080850706,694.6759487602626,660.8675737173262,723.8964202200771,280.75898411177434
1952-03-31,2185371.922204761,3589.819852838859,1397.3058524477262,83.6081498118091,2.877685308920534,30090.993971995755,1850.5606524097693,2162.107411928779,411.34141091247045,6.358440931323319,14619.550980093096,1659.461507754666,1629.3222098398712,541.1298338536612,31.420114337258653,1186.671496387258,1157.682220005721,1572.5506332206082,663.5047755617445,172.4031068066587,768.6051353271964,741.9139132759605,676.728395486542,753.3590045230343,296.0041969490437
1952-04-30,2088559.9460510898,3450.5348425487114,1346.5836500038738,81.30056487700317,2.723441376362394,28568.389677012772,1762.4739653550644,2082.325648428607,396.9033273894427,5.990287201399699,13987.986377753074,1594.0787243491322,1580.6054757656589,520.5669001672221,29.96222103200985,1131.4912718052506,1094.0096979054065,1491.249765483103,631.5901958572246,162.95541655365383,729.1756918849113,716.0211177026295,653.042901644513,719.4578493194977,276.7639241473559
1952-05-31,2135134.8328480287,3503.673079123962,1387.1158178689902,83.83714250116566,2.671695990211508,29034.054428748077,1826.9805124870597,2103.1489049128927,404.0475872824527,6.164005530240289,14599.261382460883,1619.902799683588,1619.3303099219174,530.9261814805498,30.723261446222907,1171.3197645727953,1125.2983752655011,1536.7328833303375,646.5588834990409,168.49590071647808,762.2802682964864,746.7384236520722,672.8301015643418,742.6243920675855,282.3822318075472
1952-06-30,2197907.7969337613,3636.111921514848,1423.5969638789447,85.1198507814335,2.7440989515462397,30038.632711982762,1856.029502635604,2167.92589118421,414.8760626216224,6.216399577247332,14970.082621575391,1666.7179905944436,1691.7143747754271,545.3673736168208,31.684899529489684,1210.6761086624415,1161.7580426241032,1573.3071259535998,670.8694975186049,175.7749236274299,797.3451606381248,769.6632932581908,702.2327770027035,777.6020009339687,293.47985351758376
1952-07-31,2237250.346498876,3671.7458183456934,1454.0619389059543,85.48586613979367,2.7251646687805704,30516.24697210329,1898.1613723454323,2176.5975947489464,417.821682666236,6.199615298388764,15097.328323858781,1707.5525813640074,1742.804148893645,548.6941145958834,31.4979586222657,1244.6961073158561,1181.9726325657625,1600.5253392325972,674.0225841569422,176.09131848995926,810.5013557886539,777.3599261907726,715.8560928765561,785.3780209433083,292.98093776660386
1952-08-31,2251121.298647169,3653.3870892539644,1454.6435636815168,86.15265589568406,2.712901427771058,30253.8072481432,1908.0318114816287,2213.5997538596785,421.12247395929927,6.274630643499268,15141.110575997971,1710.7969312685989,1745.2440747020962,553.5774922157867,31.217626790527532,1256.271781113894,1172.7532460317495,1600.5253392325972,679.0103512797037,175.79196324852632,799.3974872143492,770.3636868550557,718.6479316387747,782.8648112762897,287.619386605475
1952-09-30,2198219.9481289606,3617.9492344882005,1449.8432399213677,86.3852680666024,2.635312446936806,29694.111814052547,1902.68932240948,2174.419038216362,415.73210629262024,6.132823990956185,14833.74603130521,1684.4506585270626,1713.1315837275774,548.7060102842878,30.79931059153446,1228.7594291074995,1142.0271109857176,1580.9989300939594,670.3190187833235,174.1395187939902,771.8182739054541,747.6379580928316,709.8804268727816,777.3847575973558,286.32509936575036
1952-10-31,2200198.3460822767,3590.091025382642,1441.5791334538158,84.51934627636379,2.6010533851266273,29031.933120599177,1869.7727971317959,2130.495773644391,414.110751078079,5.981343238379567,14632.00708527946,1653.4567664101648,1700.9683494831115,546.7855392482928,30.614514727985252,1237.9751248258058,1139.9714621859434,1563.9241416489447,655.4379365663337,171.56225391583914,773.207546798484,750.6285099252029,707.8217736348505,771.8653258184146,279.76825459027464
1952-11-30,2340791.0203969344,3725.7964661421056,1518.1269854402133,88.08606268922635,2.6850674094662175,31011.91095942404,1986.4466196728201,2227.2202817678467,432.6215016512691,6.2780178630031935,15464.56828843186,1760.1047278436206,1792.480446685303,580.9596354513111,32.276882877714854,1323.2716109263038,1211.2196785725648,1641.9639563172273,693.3877930935245,180.26046018937217,830.7341882802913,794.8405291597974,770.7471293109887,810.3814055767534,293.58880636703424
1952-12-31,2381052.625947762,3840.5509972992822,1539.6843886334643,86.12174349125661,2.697418719549762,31954.673052590526,2061.1370125725184,2289.582449657347,441.79307748627605,6.396672400613953,16019.746289986566,1800.7631470568078,1826.8960712616608,590.6035653998028,32.706165419988466,1389.8321729558968,1260.2740755547538,1683.1772516207895,707.7409204105604,182.85621081609912,881.9074142783572,816.3012234471119,787.0869684523818,843.1208143620543,300.34134891347605
1953-01-31,2520820.4150908953,3916.2098519460783,1614.0511446044607,91.26321157768463,2.819611787545366,33645.07525707256,2167.0794550187456,2394.2163676066875,456.0629938890828,6.54187686410789,16615.680851974066,1851.0044388596928,1870.9242665790669,598.3995324630803,33.1705929689523,1413.5983031134426,1280.6905155787408,1709.0981812957498,714.6060073385429,184.24591801830147,862.0644974570941,815.7298125906989,787.5592206334532,834.0151095669441,294.7549998236854
1953-02-28,2560397.2956078225,4066.983931246002,1653.272587418349,94.32052916553708,2.9168883942156807,34637.60497715621,2242.277112107896,2402.11728161979,458.2977025591393,6.676639527508513,16924.732515820782,1868.0336796972022,1874.853207538883,610.9659226448049,33.45917712778218,1413.1742236225086,1289.0150039300026,1737.127391469,716.8927465620262,184.96447709857287,859.9955426631972,811.4880175652272,781.810038322829,829.8450340191093,300.9153793200004
1953-03-31,2547851.348859344,4071.8643119634976,1676.0877491247224,92.82083275180504,2.827631609352681,33470.31768942604,2240.2590627069985,2385.7828841047753,453.98970415508336,6.480346325399762,16806.259388210037,1843.5624384931689,1873.9157809351138,606.5058714094979,32.783301749800984,1393.672419336518,1268.5196653675157,1747.0290176003732,712.8064579066227,180.02592556004097,851.9975841164294,798.3419116806706,780.6373232653448,810.8415827400718,290.1426087403444
1953-04-30,2487212.486756492,4074.714616981872,1643.7392555666154,91.19646817864844,2.747609634808,32553.23098473577,2207.5512803914767,2332.579925789239,440.2338161191843,6.433039797224343,16355.851636606007,1794.1549651415517,1832.3148505983543,590.1908634685824,32.36695381757851,1371.652395111001,1243.783531892849,1691.6481977424414,696.6257513121423,173.86903890588758,824.5632619078805,782.9339127852337,759.0136694108949,786.7595877326917,278.33380456461236
1953-05-31,2524271.9528091634,4049.0439148948867,1666.4228572934348,91.94427921771336,2.777283818863926,32715.99713965944,2230.509813707548,2339.5776655666064,441.37842404109415,6.461988476311853,16377.114243733595,1802.766908974231,1831.0322302029351,593.3778941313128,32.51907850052113,1382.2141185533558,1244.4054236587954,1713.6396243130932,700.9448309702775,173.67778296309112,833.3036324841039,791.0764254782001,766.6038061050039,788.4117828669303,279.5028065437837
1953-06-30,2415475.8316430887,3888.7017758650495,1616.7634561460904,87.91711978797753,2.623144566916978,31777.048021751216,2124.3375465750687,2226.108148786626,430.38810128247087,6.240988470421987,15962.773253367135,1739.8503438510304,1766.9461021458326,572.6096678367169,31.387414568702997,1361.2044639513447,1210.9309177623738,1664.4581670953073,684.1221550269909,169.21426394093967,815.3042740224473,779.7640325938619,757.0979189093018,776.8221296587864,276.6798281976915
1953-07-31,2439389.0423763553,3993.307853635819,1644.571787591803,88.98091693741206,2.693707155767045,32422.122096592768,2176.5962502208154,2249.704895163764,430.77545057362505,6.282178994326772,16323.531928893231,1779.1709616220637,1808.9994193769035,577.4768500133289,31.660485075450712,1393.6011301933868,1214.9269897909896,1700.7433551379852,698.8307813600712,170.21262809819123,839.1111588239025,810.7986410910977,773.22410458207,798.6508315021983,284.7035432154246
1953-08-31,2276437.8543456146,3802.028407446663,1564.152227178564,84.48738063207276,2.47174568613184,30642.147593489823,2082.131972961232,2132.7202406152483,404.7566133589781,5.876978449192695,15469.811209012116,1689.678662252474,1724.519146492002,544.0986880825585,29.757689922416127,1304.1319376349713,1149.4424250412553,1631.1829519128412,668.5015254490442,164.4083774800429,814.1895574068327,779.7450531373087,744.8467799439081,764.9477664128055,269.5003740077209
1953-09-30,2218843.9766306705,3725.227433616241,1540.220698102732,80.97270559777853,2.3946272207245265,30130.423728678546,2038.407201529046,2129.0946162062023,397.3900429958447,5.809393197026979,15333.67687037281,1671.261164833922,1694.3400614283921,538.1136025136504,29.43035533326955,1297.220038365506,1148.5228711012223,1626.9418762378677,669.170026974493,164.27685077805884,809.9557717083172,782.0842882967205,748.0496210976669,775.1215717060959,271.00957610216415
1953-10-31,2281859.1455669818,3842.9446205185145,1535.7540580782343,84.40594831512433,2.408037133160584,31652.010126976813,2096.5018067726237,2206.167841312867,407.08636004494326,5.97089432790433,16092.693875456265,1729.0868011371756,1778.3793284752405,566.0955098443603,30.319152064334286,1377.6476807441675,1204.2262303496316,1686.813337283421,693.1263139401799,171.7021644332271,845.3508389319709,812.1945333961442,792.7829884393075,806.5915075173634,284.5600549072724
1953-11-30,2349858.5481048776,3908.6589735293805,1547.5793643254367,85.04743352231928,2.4128532074269056,32794.64769256068,2126.901082970827,2233.965556113409,414.49533179776125,6.068816994881961,16316.382320325107,1743.9569476269553,1823.016649619969,578.3231728569986,30.56170528084896,1415.119697660409,1232.525546762848,1725.1040000397547,719.6037391326947,176.5441654702441,840.1941988144857,843.9513396519333,822.8294637011572,826.7562952052975,293.15376856547203
1953-12-31,2275603.0179847637,3821.495878419675,1490.1641699089628,83.35498959522512,2.2960711121874433,31555.01000978188,2084.150371203113,2194.6477623258133,413.08604766964885,5.971109041264361,15931.315697565435,1720.9367159182798,1847.6273743898385,573.4074258877141,29.88017925308603,1399.4118690163787,1231.1697686614089,1720.2737088396436,724.0652823153174,175.71440789253393,813.2239650325408,843.7825493840029,826.2030645023319,838.1655320791307,292.6554071589107
1954-01-31,2582354.30480911,4173.455648822128,1608.1851721657524,88.6063539397243,2.402149597570503,34950.32908683441,2236.7101783751805,2322.5957268694083,436.50802657251796,6.183680523133372,17379.472294474133,1883.2210482293735,1991.9270723296852,603.6833379745854,31.11423065623848,1513.8837599019184,1333.1106255065736,1844.8215253596338,756.2137808501175,183.39312751743768,865.3516211911267,907.488131862495,873.5445000983156,873.53611753287,303.36659506092684
1954-02-28,2626254.3279908644,4278.626731172445,1616.226098026581,89.48355684372757,2.3610728394520475,36358.82734903383,2244.091321963819,2336.5313012306246,445.3254887092828,6.230676495109186,17681.875112397982,1919.7555365650235,2022.005171121863,618.7754214239499,31.38181303988213,1565.507196114574,1365.6385247689338,1881.7179558668265,762.3391124750035,184.45680765703884,875.562770321182,916.6537619943063,898.4405183511175,881.8347106494324,307.1586774991884
1954-03-31,2704254.0815321933,4402.279043703329,1625.1153415657275,90.47682432469296,2.4276550935245953,37402.325693951105,2323.5321547613385,2411.7676091302505,447.19585576186176,6.403266234023712,18290.131616264476,1989.6346380959906,2015.9391556084972,630.4083993467201,32.27933289282275,1609.341397605782,1434.1935787123346,1959.9974228308865,778.0432981919885,193.90099620907918,898.1522897954685,944.0617094779361,926.6515506273427,925.6618957687092,322.0251574901491
1954-04-30,2728051.517449676,4445.421378331621,1631.6158029319904,91.45397402739964,2.436394651861284,37372.40383339594,2321.905682253005,2425.9970380241193,457.88383671457035,6.366127289866375,18443.768721841097,2035.396234772198,2034.6873897556566,644.84475169176,32.860360884893566,1616.583433895008,1508.3413867317624,1987.8293862350852,797.4943806467882,197.31365374235898,914.5884766987255,972.6667792751176,971.0381599023924,969.2605710594153,344.82453864045164
1954-05-31,2891188.998193167,4622.34914918922,1694.5961729251653,95.79803779370113,2.5087555730215643,40179.071361283975,2411.5312415879716,2482.280169306279,470.93352606093555,6.65260301791036,19930.33648082149,2128.617382324765,2121.3650725592474,677.7318340280397,34.22735189770514,1743.0002584255976,1594.7693481914923,2025.7969275121752,821.4989615042565,201.87159914380746,958.031429341915,1007.5855166510943,994.828594820001,1015.7850784702672,349.54863481982585
1954-06-30,2970118.457843841,4725.889770131058,1691.7153594311926,95.6830801483487,2.5300799953922475,40930.41999573998,2432.7527165139454,2512.812215388746,471.8282997604514,6.634640989762003,20081.807038075734,2175.6598264741424,2152.9734121403803,689.0499556563079,34.39164318681412,1767.5765620693987,1629.535319982067,2067.1231848334232,846.4725299339859,202.9213314593553,1011.4895830991939,1007.6862752027594,988.3622089536709,1013.2456157740917,351.08664881303304
1954-07-31,3254358.794259496,5223.053373948845,1832.1277342639817,106.7153392894533,2.7737266989485208,43983.82932742218,2621.291052043776,2695.9962258905853,497.9204047372043,7.105700500035105,21204.38005150417,2292.0576271905093,2322.4124196758285,733.631487787271,37.25990622859442,1869.2122143883894,1758.105656728652,2224.63797151773,897.0915872240382,213.08769016546898,1061.558317462604,1060.6905732784246,1052.2104076520782,1056.3085544444907,358.1785991190563
1954-08-31,3348735.199293021,5284.163098424046,1849.5329477394896,105.79758737156399,2.7276828357459757,44916.28650916353,2623.1259557802064,2656.904280615172,497.4224843324671,7.11280620053514,21395.219471967706,2262.9484953251895,2295.704676849556,723.5807364045854,36.09367116363941,1839.6786614010528,1752.4797186271205,2185.9292708133216,865.2448358775849,209.20949420445743,1035.5501386847702,1046.5833886538214,1032.7445151105146,1009.6197163380442,340.448758462663
1954-09-30,3520860.188536682,5476.5066352066815,1933.6866968616366,108.6858615068077,2.790146772684558,46443.4402504751,2755.593816547107,2765.5716656923323,515.5286627621689,7.506144383424732,22604.049372133883,2365.6863570129535,2382.2527431667845,751.1491624616001,37.20174686836313,1958.1539671952803,1838.0007288961237,2267.9016184688217,893.6248664943697,221.8248267049862,1110.7310787532847,1132.717201540031,1090.8880313112365,1100.9903006666373,350.4239070856191
1954-10-31,3511705.9520464865,5650.659546206254,1928.6591114497962,109.07713060823221,2.7441093509352634,45681.76783036731,2725.2822845650885,2744.82987819964,507.228651291698,7.46936427594595,22721.59042886898,2363.793807927343,2362.241820124184,748.2947956442459,36.92645394153725,1967.5531062378177,1790.0289098719347,2257.015690700171,882.5439181498396,225.61803124164146,1087.0725067758397,1101.4542067775262,1078.015552541764,1077.0988111421711,343.4154289439067
1954-11-30,3924331.4014119483,6091.410990810343,2059.4221992060925,119.07950348500708,2.921378815005681,50062.649365299534,3058.584307967399,2978.963866810069,552.2705555264007,8.082599083001114,25368.65571383222,2576.0624918792187,2606.0251759609996,811.1515584783626,40.51570526465467,2157.2252256791435,1927.3241272591122,2457.8900871724863,978.2116788772823,249.6914751751246,1198.823560472396,1207.083665207491,1151.5362132251123,1210.3359340804577,384.7969881316474
1954-12-31,4380338.710256017,6987.457547558544,2258.362383649401,134.64319459049753,3.261135171190842,54663.40684197056,3388.6055547970814,3269.7107402107313,608.7126063011989,8.7186996308333,27606.171147792225,2812.5450286337314,2849.167324878161,863.2274885326735,44.773905887969875,2319.232840127647,2032.3632921947337,2611.754006629484,1040.9150474933163,263.2247531296164,1242.94026749778,1266.5928899022203,1208.5372557797555,1296.027718213354,401.3432586213082
1955-01-31,4553362.08931113,7215.947409363709,2307.5946836129583,138.68249042821245,3.310704425792943,55117.11311875891,3511.273075880736,3323.333996350187,612.5474957208964,8.918357852379382,28671.769354097007,2880.6086183266675,2936.6367617519204,871.773440669147,43.92767906668724,2338.4824727007062,2070.571722087994,2636.0433188911384,1036.439112789095,263.8038475865015,1246.917676353773,1277.86556662235,1214.2173808819202,1298.7493764216022,404.9553479489
1955-02-28,4906247.651232742,7627.978006438376,2440.2813779207036,142.8984381372301,3.5490751444500352,57509.19582811306,3710.7133865907613,3485.845028771711,644.0324370009504,9.192151438447429,29735.491997134,3081.0989781622034,3086.9925639536186,895.8343876316155,45.601323639128026,2407.0000091508373,2150.7028477327995,2707.480092833088,1087.950136694713,273.11612340630495,1297.0437669431947,1331.7914935338133,1241.173006737499,1334.8546090861228,410.26026300703063
1955-03-31,4970028.870698768,7807.235489589678,2393.183947326834,142.04104750840673,3.4741896589021395,58544.3613530191,3770.455872114873,3457.9582685415376,647.8966316229562,8.996358612808498,30579.979969852604,3025.3310866574675,3117.245091080364,885.1739584187992,44.65281610743416,2425.2932092203837,2113.7107587517953,2683.1127719975902,1090.5612170227803,273.08881179396434,1293.9308619025312,1336.585942910535,1239.4353645280664,1325.5106268225197,425.5219447908921
1955-04-30,5016250.139196266,8102.348991096169,2420.7055627210925,148.5181192747901,3.5429786141484025,60382.654299503905,3835.6847587024604,3598.697170071178,658.2629777289235,9.080924383768899,31237.449539204437,3125.469545625829,3170.8617066469465,891.8127631069403,44.84482321669613,2500.7198280271373,2173.3174021485956,2800.364800133885,1124.6957831155935,270.54908584428046,1287.3318145068283,1415.7118307308388,1281.947997531379,1366.7340073167002,435.22384513212444
1955-05-31,5061396.390449032,8190.664595099116,2412.2330932515692,150.7607428758394,3.508611721591163,60370.57776864401,3906.6449267384555,3609.133391864384,661.9492504042055,8.983758492862572,30834.486440148696,3159.224616718588,3173.3983960122637,895.380014159368,45.99285069104355,2525.476954324606,2210.481129725337,2830.3287034953178,1133.4684102238953,271.60422727907314,1297.11553629708,1445.3002079931132,1293.870113908421,1376.1644719671851,443.3190086515819
1955-06-30,5264864.525345083,8425.736668978461,2519.818689210589,153.83626203050656,3.5131729168292316,62755.21559050545,3994.5444375900706,3692.5043732164513,685.978008193878,9.343108832577075,31321.671325903048,3283.0662216939563,3288.275417947908,919.5552745416709,47.45082405794964,2632.304629492537,2292.2689315251737,2931.3714382101,1176.9935971764928,282.5227172156919,1368.3271792397898,1570.3186759845173,1367.620710401201,1473.3216836880683,483.0403918267636
1955-07-31,5316986.684146,8559.705882015218,2541.237148068879,156.66684925186786,3.5883548172493778,63338.839095497155,4123.967677367989,3670.3493469771524,685.6350191897812,9.386087133206928,31133.741297947632,3313.270430933541,3276.1087989015004,927.5554054301833,47.49352979960179,2608.8771182900537,2316.5669821993406,2968.3067183315475,1190.058226105152,276.9852719582643,1358.6120562671872,1596.5429978734587,1367.2104241880807,1474.2056766982812,506.709371026275
1955-08-31,5342508.2202298995,8601.648440837092,2533.3593129098654,159.01685199064588,3.5237644305388884,63839.215924351585,4147.474293128987,3623.368875335844,692.628496385517,9.33352504526097,31298.75012682676,3313.6017579766344,3268.246137784137,943.3238473224965,48.63337451479223,2651.9235907418397,2356.1802775949486,2962.9637662385508,1209.8131926584974,276.2097131967812,1384.289824130637,1638.8513873171053,1362.2884666610034,1476.859246916338,495.2070683039785
1955-09-30,5451495.38792259,8697.126738530385,2510.3057431623856,160.4957087141589,3.5008599617403857,62753.949253637606,4128.810658809906,3653.080500113598,697.9617358076855,9.000318201145154,30992.022375583856,3331.826567645506,3308.1187406651034,931.3436344615006,47.009019805998165,2580.3216537918097,2334.0321829855566,2878.815595277376,1180.6566947154276,274.5800758889202,1471.7769410156932,1650.1594618895933,1327.686339607814,1444.6637153335616,495.35563042446967
1955-10-31,5267779.993349599,8639.725702056086,2488.717113771189,158.2808679339035,3.414038634689224,61875.39396408669,3979.760594026868,3642.1212586132574,700.8931750980778,8.81851177348202,30465.157995198926,3308.503781671988,3292.2397707099108,915.3245239487628,46.25687548910219,2518.3939341008063,2307.1908128812224,2831.6030195148273,1161.5300562610378,266.89183376403037,1441.8998691130746,1612.0407783199437,1307.9038131476575,1410.1362525370896,473.01509149232606
1955-11-30,5563829.228975846,8754.634053893433,2541.7267882945152,167.11294036461533,3.4741257146597544,66967.73888733101,4182.330408262836,3822.7704730404753,737.3396202031779,9.25061885038264,33234.44085696251,3499.4044498744615,3479.8974376403758,960.1754256222522,47.9360000693566,2752.6045699721813,2457.619653881078,2942.6018578798084,1233.6610727548482,281.91784400494527,1599.787904780956,1753.0943464229385,1391.8712379517372,1499.8209181984485,493.78045400883923
1955-12-31,5693466.450010984,8919.22117410663,2651.783558227668,171.54143328427762,3.569664171812898,68474.51301229597,4247.992995672562,3890.8157874605963,761.2294238977607,9.278370706933787,33852.60145690201,3562.743670417189,3560.2830684498676,981.7793726987528,50.17461127259556,2796.095722177742,2479.7382307660077,3002.9251959663443,1266.4764572901272,287.4434337474422,1676.417745419964,1780.4426182271363,1419.2911013393864,1501.3207391166468,508.4951115383027
1956-01-31,5699159.916460995,8912.085797167343,2627.917506203619,170.75234269116996,3.532539664426044,67919.86945689637,4217.832245403287,3817.279369077591,745.167483053518,8.901668856232275,33250.02515096915,3498.61428434968,3510.7951337984146,944.5699344734701,47.841491848419864,2750.7989714784626,2415.513010589168,2925.4497259104123,1224.556086553824,273.4449385239418,1593.2674252471338,1740.3826593170259,1384.5184693565716,1472.7956450734305,493.3928067256152
