date,NoDur,Durbl,Manuf,Enrgy,Chems,BusEq,Telcm,Utils,Shops,Hlth,Money,Other
1998-01-02,100.03999999999999,99.98,100.73,99.86,100.57000000000001,101.75,99.41,99.39,99.62,100.22999999999999,99.99,99.72999999999999
1998-01-05,99.86993199999999,100.02999,101.29408800000002,97.67306599999999,100.90188100000002,102.736975,99.181357,98.326527,99.68973399999999,101.69335799999999,100.419957,99.959379
1998-01-06,99.1908164624,99.119717091,100.28114712000003,94.1373010108,99.88277200190001,101.90480550250001,99.27062022129999,97.2547678557,99.30094403739999,100.57473106199998,99.0642875805,99.4096024155
1998-01-07,99.79588044282063,98.5745586469995,100.22097843172801,96.50014726617108,98.7940497870793,100.4577572643645,99.4691614617426,96.51563161999667,99.20164309336259,100.39369654608838,97.9547675595984,99.46924817694929
1998-01-08,99.72602332651064,96.1397670484186,98.89806151642921,93.99114343725063,97.75671226431497,100.53812347017599,99.7377281976893,97.10437697287865,98.88419783546382,99.97204302059481,96.45605961593654,98.37508644700284
1998-01-09,96.96361248036631,93.80357070914204,95.99045850784618,90.7954445603841,94.90221626619697,96.26525322269352,97.85268513475296,96.24985845551731,96.24398975325695,96.89290409556048,93.58166903938164,95.57139648326327
1998-01-12,98.57320844754038,94.62904213138248,97.02715545973092,91.2221831498179,96.10747441277766,97.08350787508641,98.93884993974874,97.03910729485256,96.98506847435704,98.714490692557,93.39450570130286,95.48538222642833
1998-01-13,99.5983698153948,96.68249234563349,97.93921072105239,93.42063776372851,95.63654778815504,100.08338826842657,101.41232118824244,97.00029165193462,98.06160273442242,99.28703473857384,94.85145999024319,96.80308050115303
1998-01-14,99.1900164991517,98.04571548770691,98.37993716929712,94.68181637353885,96.51640402780608,100.00332155781184,102.1424899007978,97.07789188525616,98.62055387000864,100.33947730680272,96.12246955411246,97.18061251510754
1998-01-15,97.96006029456221,98.06532463080447,97.03213203007776,94.46404819587971,95.77322771679196,99.88331757194247,101.68284869624419,96.24302201504295,98.4134507068816,99.49662569742559,95.5649592306986,97.09314996384394
1998-01-16,99.28252110853882,98.8008145655355,98.13829833522065,96.48557882727154,96.48194960189623,100.45265248210254,102.92337945033839,96.50287817448357,99.37790252380906,100.86967913205007,96.69262574962084,98.28739570839922
1998-01-20,99.55058391553186,99.42325969729838,99.62018664008248,97.778485583557,97.88093787112372,102.86351614167299,103.98349025867685,96.69588393083252,101.39527394504238,104.92464023315848,97.72723684514177,100.203999924713
1998-01-21,98.94332535364711,99.15481689611566,99.55045250943442,97.04514694168033,97.69496408916858,102.38005761580713,103.95229521159925,96.71522310761868,100.65508844524358,103.4766801979409,96.58382817405361,99.59275552517227
1998-01-22,97.90442043743383,98.15335324546488,99.08256538264007,93.97852029832323,96.98179085131765,101.46887510302645,105.33486073791354,96.80226680841554,100.20214054723999,102.79373410863448,95.4827725328694,98.59682796992054
1998-01-23,97.23867037845928,97.4172030961239,98.59706081226514,92.69101457023619,96.02167112188961,101.49931576555736,104.92405478103568,96.36665660777767,99.75123091477742,102.7628959884019,94.537493084794,98.17286160964989
1998-01-26,96.72330542545343,97.42694481643352,98.90271170078316,94.0257651800476,96.84745749353785,100.616271718397,103.45511801410119,96.49193326136779,98.97317131364215,102.62930422361698,94.55640058341095,97.73108373240646
1998-01-27,96.96511368901706,98.64478162663893,99.88184854662092,94.39246566424978,97.6125524077368,101.95446813225169,105.1103999023268,96.11561472164846,99.66598351283764,103.67612312669787,96.01256915239549,98.34678955992062
1998-01-28,97.13965089365729,99.9666217004359,101.14035983830834,94.14704525352273,98.38369157175791,104.41157081423896,104.37462710301051,96.13483784459278,100.83207551993785,105.18979452434765,96.94389107317373,99.7433139716715
1998-01-29,97.91676810080655,101.06625453914069,102.06073711283696,96.14296261289742,98.40336831007225,105.18421643826431,105.55406038927453,96.14445132837723,101.16482136915366,106.15754063397165,97.67097025622253,100.53128615204771
1998-01-30,97.28030910815131,100.48007026281367,101.72393668036462,94.30663202699108,98.07863719464902,105.32095591963406,105.11073333563958,95.59642795580548,100.88155986932001,105.66921594705538,97.39749153950511,100.17942665051555
1998-02-02,99.08972285756292,102.72077582967441,103.93134610632853,95.41001962170688,100.91310980957438,107.96451191321688,106.00417456899251,96.2273643803138,103.08077787447118,107.49729338293945,99.65711334322164,101.74222570626361
1998-02-03,99.21853949727776,103.30628425190356,104.24314014464751,95.96339773551279,102.12406712728928,109.34645766570605,105.64376037545796,96.27547806250395,104.2662068200276,106.8630593519801,100.60385591998224,102.0067554930999
1998-02-04,98.81174348533892,103.72984001733636,104.25356445866197,97.412445041319,101.64408401179101,110.5164647627291,105.23174970999366,96.07329955857269,104.85009757821977,106.76688259856333,100.49319167847027,102.72080278155158
1998-02-05,99.07853519274933,102.43321701711967,104.1180348248657,98.09433215660823,101.68474164539572,110.15176042901209,104.18995538786473,96.41916343698355,105.33240802707957,105.8166573434361,100.47309304013456,103.05978143073071
1998-02-06,99.73245352502147,103.70338890813196,104.7323312303324,98.52594721809731,102.89479007097593,110.85673169575776,105.25269293282096,97.12302333007355,106.02760192005829,106.59970060777755,101.558202444968,103.69875207560125
1998-02-09,99.79229299713649,105.25893974175393,104.57523273348693,97.86582337173606,103.02855329806822,110.51307582750091,104.56855042875763,96.84136656241633,105.6883135939141,106.45046102692666,101.9238119737699,103.85430020371464
1998-02-10,100.00185681243046,105.89049338020446,105.44320716517485,98.01262210679366,104.68731300616712,112.19287458007894,105.08093632585853,97.34494166854091,106.65007724761875,107.82367197417399,102.4640081772309,104.55012401507953
1998-02-11,100.48186572513012,106.25052105769717,105.81225839025296,98.20864735100724,104.7396566626702,112.04702384312483,104.98636348316526,97.21839324437181,106.7780573403159,108.01775458372751,102.75090740012713,105.08332964755644
1998-02-12,101.0043714269008,106.56927262087024,106.28841355300911,98.29703513362314,104.85487028499915,112.05822854550915,105.71076939119908,97.59754497802486,108.39040600615463,108.08256523647775,103.04888503158749,105.69281295951227
1998-02-13,100.57005262976513,106.48401720277354,106.23526934623261,98.78852030929124,104.71855895362867,111.58758398561801,105.5204900062949,97.44138890606001,108.34704984375219,107.49891938420078,102.70882371098324,105.52370445877706
1998-02-17,100.66056567713191,108.3368391021018,106.45836341185971,97.47463298917766,104.34157214139562,110.73951834732732,105.79484328031128,98.08450207284,109.06214037272095,108.01491419724493,103.55103606541331,105.58701868145232
1998-02-18,101.10347216611129,108.965192768894,106.990655228919,99.66781223143416,105.1554364040985,112.09054047116472,106.65178151088179,98.0256513715963,109.81466914129273,109.08426184779768,104.46228518278895,105.82986882441968
1998-02-19,100.64850654136379,109.07415796166289,106.60548887009489,99.01000467070669,104.00924214729383,113.37958168658311,106.0971922470252,97.54532567987546,109.67191007140904,108.62610794803693,103.96086621391156,105.32188545406245
1998-02-20,101.28259213257438,110.37214044140669,106.87200259227012,99.78228270713821,104.78931146339853,113.33422985390848,106.4367032622157,97.9745251128669,110.38477748687319,109.26700198493036,104.38710576538858,105.40614296242569
1998-02-23,101.12053998516227,110.68118243464262,106.66894578734481,97.31766032427188,104.34919635525226,115.35157914530807,106.3834849105846,97.84715823022017,111.24577875127079,111.11361431847567,105.01342839998091,105.69073954842423
1998-02-24,100.50370469125278,110.83613609005111,105.69825838067996,97.59014977317983,103.4935329451392,113.85200861641907,105.78773739508532,97.61232505046765,110.23344216463424,110.35804174111001,104.36234514390104,104.81350641017231
1998-02-25,101.15697877174593,111.98883190538764,106.95606765541005,97.91219726743134,104.37322797517288,116.2542859982255,107.04661147008683,98.15895407075027,111.66647691277447,111.19676285834245,105.6564382236854,105.76730931850489
1998-02-26,101.99658169555141,112.16801403643626,107.87588983724659,99.59628706043117,105.79270387563524,117.04481514301341,108.04214495675863,98.19821765237856,111.78931003737853,111.31907929748665,105.9522762507117,105.98942066807375
1998-02-27,102.09857827724696,112.81858851784759,108.35054375253046,100.70180584680197,106.45919791005174,116.20209247398373,107.64238902041863,98.11965907825666,111.37568959024023,111.54171745608164,106.09001420983763,106.38158152454562
1998-03-02,102.02710927245289,114.10472042695106,108.19885299127692,101.29594650129809,106.32080095276868,114.43582066837916,108.61117052160239,98.18834283961144,111.94370560715046,111.3520965364063,105.92027018710188,106.32839073378335
1998-03-03,102.62906921716035,115.29140951939134,108.58836886204553,102.8964224560186,106.26764055229229,113.58899559543316,109.04561520368878,98.53200203955008,112.82806088144694,111.38550216536723,106.68289613244903,106.94509540003929
1998-03-04,102.54696596178663,116.23679907745034,108.33861561366282,101.8468789469672,105.84256999008312,113.31638200600413,108.3368187048648,98.45317643791844,112.99730297276913,109.89293643635129,106.0321304660411,106.7098161901592
1998-03-05,102.0855046149586,115.30690468483074,107.53690985812172,101.63300050117856,104.81589706117931,109.7015894200126,107.29678524529808,98.14797159096089,112.48881510939168,109.32149316688226,105.30050876582541,105.6427180282576
1998-03-06,104.44367977156412,117.88977934977095,109.13920981500773,101.43989780022633,107.13232838623136,112.20278565878887,109.77534098446446,98.8644517835749,114.91857351575455,111.86868395767064,107.25909822886976,107.3224372449069
1998-03-09,105.25834047378233,117.21780760747724,109.25926294580425,99.4516758033419,107.83940175358049,109.0050062675134,109.58872290479087,99.36866048767115,115.98731624945107,112.65176474537432,107.10893549134934,107.45122416960078
1998-03-10,105.9425196868619,118.15555006833706,109.9585222286574,100.97328644313303,108.75603666848592,110.68368336403312,110.05995441328147,100.49152635118186,116.82242492644713,114.55557956957114,108.47992986563861,108.5472266561307
1998-03-11,106.04846220654875,118.07284118328923,110.48632313535495,101.22571965924085,108.84304149782069,111.54701609427258,111.38067386624084,100.5216738090872,117.53504171849845,114.63576847526984,109.32607331859059,109.25278362939554
1998-03-12,106.22874459229989,117.34078956795284,110.36478817990607,100.98277793205868,107.44985056664858,112.48401102946445,111.1801886532816,100.37089129837358,118.1344704312628,114.56698701418466,109.66498414587824,109.711645320639
1998-03-13,106.0162871031153,117.91575943683581,109.42668748037687,101.38670904378691,106.4613119414354,113.03518268350882,112.4031707284677,100.42107674402277,117.88638804335714,114.028522175218,109.36888868868438,109.99689559847266
1998-03-16,106.4721571376587,118.83550236044313,110.34587165521204,101.09268758755991,106.99361850114258,113.93946414497691,114.14541987475897,101.11398217355652,118.58191773281294,114.95215320483727,111.04223268562126,111.55885151597096
1998-03-17,106.72769031478909,119.61981667602205,110.72104761883976,99.35389336105388,108.18124766650527,112.70891793221116,114.35088163053354,101.50832670403338,118.24988836316106,115.60738047810484,112.15265501247747,111.50307209021297
1998-03-18,107.25065599733155,119.91886621771211,110.87605708550615,102.26496243653276,109.25224201840369,113.4189841151841,114.97981147950146,102.27978998698404,117.82418876505368,115.59581974005704,112.83678620805358,111.46962116858592
1998-03-19,106.82165337334222,119.82293112473795,111.15324722821991,103.13421461724329,110.15903562715643,114.04278852781762,116.91147231235708,102.5968573359437,117.55319313089404,115.51490266623898,113.5363742825435,111.80403003209167
1998-03-20,108.6589858113637,120.86539062552315,112.16474177799671,106.23855447722231,110.6327194803532,112.94797775795055,118.25595424394919,104.2486667390524,117.50617185364169,116.35816145570254,114.0359343293867,111.80403003209167
1998-03-23,108.07222728798234,119.89846750051896,111.66000043999573,108.49081183213943,110.71016238398946,113.7612031978078,118.05491912173447,104.56141273926956,116.24885581480773,115.88109299373417,112.62188874370231,110.67480932876754
1998-03-24,108.8179256562694,120.54591922502176,112.87709444479168,107.48184728210053,111.363352342055,115.24009883937929,120.23893512548656,104.83327241239164,117.56246788551508,116.32144114711036,113.6917966867675,111.99183955977988
1998-03-25,108.43706291647246,120.01551718043166,113.11413634312575,106.75097072058225,110.7508539041737,116.88803225278241,119.16880860286972,104.73892246722049,116.91587431214474,115.08843387095098,112.95280000830353,111.8686485362641
1998-03-26,108.19850137805622,120.05152183558579,113.14807058402869,107.5516030009866,111.22708257596163,117.19194113663964,118.44187887039222,103.93243276422291,117.51214527113669,114.3518678941769,112.71559912828609,112.21544134672654
1998-03-27,107.3978324678586,120.0155063790351,113.28384826872954,106.60514889457792,110.29277508232356,116.80520773088874,117.28114845746236,103.16333276176766,117.47689162755535,113.78010855470602,112.38872389081405,112.1929982584572
1998-03-30,108.65438710773256,119.27141023948509,113.3404901928639,106.47722271590443,110.72291690514461,116.30294533764591,117.8558260849039,103.14270009521532,117.7470884782987,113.78010855470602,111.06253694890245,111.55349816838398
1998-03-31,108.13284604961544,119.78427730351487,114.0091990850018,105.52957543373287,110.6343385716205,117.71021097623142,118.52760429358786,104.7104691366626,118.95988348962518,115.53232222644849,112.35086237750973,112.62441175080046
1998-04-01,109.13848151787687,119.66449302621133,114.84146623832233,107.38689596136656,112.28279021633765,118.722518790627,118.26684356414196,104.69999808974893,120.1613783128704,116.32949524981098,112.519388671076,113.01859719192828
1998-04-02,109.8151401032877,119.66449302621133,116.1506589534392,108.1815589914807,113.61895541991207,119.19740886578951,119.6269122651296,105.80981806950025,120.42573334515872,117.76034804138365,113.77960582419206,114.35221663879305
1998-04-03,109.48569468297784,120.03545295459261,115.60475085635804,107.42428807854034,113.15311770269044,119.37620497908821,120.20112144400221,105.3971597790292,120.97969171854643,118.39625392080713,114.72397655253286,114.92397772198699
1998-04-06,108.34704345827488,119.9514281375244,115.13077137784697,106.44672705702563,111.75001904317708,116.917055156519,119.52799516391579,104.90179312806775,119.18919228111193,118.49097092394376,117.53471397806992,113.78623034253931
1998-04-07,107.4044241801879,119.65154956718058,114.48603905813101,105.58450856786372,113.24746929835565,114.18119606585645,118.21318721711272,104.345813624489,118.1999219851787,117.80372329258488,116.07728352474184,112.34114521718905
1998-04-08,107.22183665908159,121.08736816198675,113.99374909018105,104.04297474277291,112.57930922949535,115.19740871084257,116.66459446456854,103.86582288181634,117.67984232844393,116.27227488978127,115.11384207148649,111.85807829275514
1998-04-09,108.05816698502242,123.38802815706448,114.49532158617784,104.62561540133244,113.772649907328,116.17658668488473,117.5395789230528,104.26051300876725,119.00962454675536,116.34203825471512,116.70241309207302,112.80887195824354
1998-04-13,107.17209001574524,124.25174435416393,114.9876514689984,104.28035087050804,113.67025452241141,115.82805692483007,115.67069961817626,103.3847246994936,118.77160529766186,115.9464753246491,118.1028420491779,113.1134559125308
1998-04-14,107.6865160478208,126.57525197358679,116.22951810486354,104.16564248455049,114.46594630406828,117.4380669160852,116.26062018622898,103.93266374040093,120.22061888229334,115.47109477581805,118.55163284896477,114.4595060378899
1998-04-15,107.4496057125156,128.00555232088834,116.53171485193619,105.91562527829093,114.38582014165544,119.71636541425727,116.23736806219173,103.77676474479034,121.12227352391054,114.67434422186491,118.38566056297624,115.2950604319665
1998-04-16,106.35361973424796,126.54628902443021,115.47127624678357,107.63145840779924,113.34490917836636,118.73469121786037,117.1788907434955,103.1022157739492,118.8815114637182,113.37852413215784,116.81113127748866,114.54564253915873
1998-04-17,107.4490620175107,125.98948535272272,116.69527177499947,108.79387815860346,115.37378305265914,119.47084630341112,118.67878054501224,103.85486194909903,119.61857683479325,116.48509569337897,118.28295153158501,115.27873465140934
1998-04-20,107.01926576944065,125.01936631550674,116.21682116072198,109.4140032641075,114.55462919298525,121.88415739874002,117.97857573979667,103.05517951209096,119.60661497710976,118.34885722447304,117.50228405147654,115.46318062685161
1998-04-21,106.33434246851623,125.26940504813776,117.03033890884701,110.25649108924114,114.13077706497118,124.23652163653571,117.5420550095594,102.7563194915059,119.75014291508231,118.1121595100241,117.10277628570151,115.98276493967244
1998-04-22,106.7596798383903,125.06897400006072,116.56221755321164,109.42956740607184,114.81556172736103,125.9012910264653,117.84766435258425,102.13978157455685,119.0316420575918,117.94680248671006,118.13328071701568,116.75984946476822
1998-04-23,106.05506595145691,122.93029454465967,115.64137603454125,109.59371175718096,115.27482397427048,123.43362572234659,116.49241621252952,100.81196441408761,117.57945602448918,117.21553231129245,116.38490816240383,115.77906672926419
1998-04-24,104.65513908089767,121.56576827521394,114.48496227419585,108.55257149548774,113.89152608657922,123.59408943578565,115.03626100987292,100.43896014575549,116.01564925936347,116.33641581895775,114.80207341139514,114.22762723509206
1998-04-27,102.80274311916577,119.608559405983,112.49292393062484,108.86737395282464,111.81870031180348,120.64019069827037,113.00011918999817,99.37430716821048,113.69533627417621,113.33493629082862,111.55317473385267,111.13205853702107
1998-04-28,102.38125187237719,119.608559405983,112.16669445122602,108.3339238204558,110.26442037746939,121.02623930850484,112.45771861788619,99.73205467401604,114.2183348210374,114.35495071744609,111.89898957552762,112.21003950483018
1998-04-29,103.04673000954763,121.23523581390438,113.01916132905534,109.38476288151422,110.91498045769647,122.82953027420156,113.0312529828374,100.0910900708425,115.62322033933616,115.16687086753996,112.70466230047143,113.72487503814538
1998-04-30,104.63364965169465,121.93840018162503,115.24563880723773,109.48320916810756,112.25705172123462,123.83673242245001,114.71541865228167,102.10292098126644,118.20161815290335,117.74660877497286,114.75588715434,114.57781160093148
1998-05-01,105.3033050094655,123.10900882336864,115.70662136246668,113.35891477265858,113.91845608670887,124.14632425350614,115.82815821320882,101.7864019262245,118.72170527277612,116.41607209581566,116.16738456633837,114.68093163137229
1998-05-04,105.94565517002323,123.62606666042679,115.79918665955664,112.12330260163661,114.57918313201179,124.23322668048358,117.6466602971562,101.82711648699498,118.9472765127944,117.28919263653428,115.51684721276688,115.30020866218172
1998-05-05,105.71257472864919,122.83485983380007,114.96543251560784,111.62996007018941,114.37294060237416,123.94749025911847,116.32901770182806,101.4299907326957,118.49527686204577,116.62064423850602,114.51185064201579,114.41239705548291
1998-05-06,105.36372323204466,124.07549191812146,114.26414337726263,111.3285591779999,113.0462144913866,123.21620006658966,114.85163917701485,100.85183978551933,117.63026134095284,115.26784476533936,113.1148060641832,113.22250812610591
1998-05-07,104.35223148901702,124.75790712367115,113.19006042951636,109.4693722397273,111.59922294589686,122.1811839860303,113.23223106461893,100.53919908218423,117.39500081827094,114.64539840360652,112.27775649930824,112.1582165497205
1998-05-08,105.41662425020499,125.80587354350999,114.25404699755381,109.96198441480607,112.25765836127766,124.78364320493276,114.18338180556171,101.09216467713624,118.08763132309875,116.89244821231722,113.22088965390242,112.90967660060363
1998-05-11,105.933165709031,125.71780943202953,114.26547240225358,109.98397681168903,114.39055387014191,123.0241938357432,113.7152299401589,101.02140016186225,118.14667513876029,116.53008162285903,112.99444787459463,112.71773015038261
1998-05-12,106.01791224159822,126.45954450767852,114.65397500842126,110.37991912821113,115.05401908258874,124.38976238731998,113.90854583105718,101.22344296218597,119.30451255512016,117.40405723503046,113.87580456801646,112.37957695993146
1998-05-13,105.67865492242512,128.96344348893055,115.06672931845156,110.57860298264191,116.31961329249721,125.42219741513475,113.05423173732424,100.65659168159773,120.46176632690482,117.75626940673554,113.96690521167088,112.6380499869393
1998-05-14,105.67865492242512,129.24716306460618,114.9746759349968,110.78870232830893,116.47082878977746,124.43136205555518,112.95248292876066,100.15330872318975,120.6304127997625,117.92112818390497,113.7503680917687,112.41277388696543
1998-05-15,104.4316467943405,128.10978802963763,113.62947222655733,110.01318141201078,115.30612050187968,122.45290339887185,112.71528271461027,100.00307876010497,119.65330645608444,117.02492760970729,113.96649379114308,111.15375081943142
1998-05-18,104.37943097094333,127.1745865770213,113.20904317931905,108.2529705094186,115.76734498388718,121.13041204216404,113.01961397793971,99.64306767656859,119.18665856090568,118.1015569437166,113.4422479197038,109.96440568566351
1998-05-19,105.02658344296319,127.40350083285993,113.50338669158529,108.10141635070542,115.91784253236625,122.3659422449941,112.40930806245883,99.30428124646826,119.86602251470286,118.95188815371138,113.93004958575854,110.22832025930909
1998-05-20,106.53896624454184,129.02152529343724,114.63842055850112,106.94473119575288,116.82200170411872,120.67729224201318,114.42143467677685,99.761080940202,120.53727224078521,119.7607609931566,115.21745914607762,110.8015075246575
1998-05-21,106.847929246651,130.2730340887836,114.28304145476977,106.05708992682811,116.10938749372359,119.55499342416248,114.38710824637384,99.47177380547542,120.9953138753002,118.12003856755035,115.22898089199222,110.53558390659832
1998-05-22,106.37779835796574,130.6247712808233,113.425918643859,105.90861000093057,116.30677345246292,118.27575499452392,114.2841598489521,99.14351695191735,120.52343215118653,117.37588232457479,114.59522149708627,109.87237040315874
1998-05-26,105.34593371389347,130.2459594441089,111.39559470013391,104.15052707491512,113.62008698571103,116.24141200861811,112.93560676273447,98.32062576121643,118.90841816036064,115.54481856031143,113.03672648472589,108.00454010630504
1998-05-27,105.32486452715068,129.21701636450044,110.69380245352308,104.4004883398949,113.76779309879245,116.92723633946895,112.2015253187767,98.31079369864032,118.55169290587956,116.0994336894009,111.48812333188513,107.42131558973101
1998-05-28,105.8936187955973,130.25075249541644,111.32475712750815,105.02689126993428,114.02945902291968,116.9389290631029,112.96449569094437,99.52984754050345,120.50779583882658,116.11104363276982,112.24624257054194,107.99064856235658
1998-05-29,105.7877251768017,129.4562229051944,110.84606067185987,104.80633479826741,113.35668521468445,115.07960009099956,112.63689865344064,100.9829833145948,120.68855753258482,114.78737773535626,112.1115470794573,108.19583079462507
1998-06-01,106.52823925303932,129.5856791280996,110.35833800490369,103.81067461768387,113.34534954616298,112.36372152885197,113.0874462480544,103.37628001915071,121.61785942558573,114.17900463335886,112.49272633952745,106.81092416045385
1998-06-02,106.48562795733811,132.68277685926117,110.03829882468948,103.25009697474839,113.15266245193449,114.06041372393763,113.2683861620513,103.03513829508752,121.54488870993039,113.69945281389874,112.9314479722516,106.69343214387736
1998-06-03,106.04903688271304,132.12550919645227,108.94891966632505,101.99044579165646,113.37896777683835,112.23544710435462,112.3848927499873,103.22060154401869,120.71838346670285,112.7330074649806,112.09575525725694,106.51205330923277
1998-06-04,106.27173986016673,131.8348330762201,109.71156210398931,104.02005566291041,114.14994475772085,114.85053302188611,113.19406397778722,102.95222798000422,121.87727994798321,114.79602150158973,112.85800639300629,106.95940393313154
1998-06-05,108.81163444282474,132.639025557985,110.95130275576439,106.39171293202476,116.21605875783558,116.24022447145093,115.29947356777406,103.50817001109627,123.75419005918215,117.08046232947137,114.18973086844377,108.48892340937533
1998-06-08,108.33286325127631,133.2756928806633,111.040063797969,104.93414646485601,116.51822051060594,116.6935613468896,114.6076767263674,103.40466184108517,124.69472190363196,117.84148533461294,115.26311433860714,109.36768368899126
1998-06-09,109.10202658036039,132.5693317083958,110.81798367037305,103.42309475576211,116.18031767112518,118.21057764439915,114.87127438283804,103.35295951016464,124.94411134743922,118.80778551435675,115.09021966709925,110.2098148533965
1998-06-10,107.97827570658268,131.230381458141,109.38843168102524,102.01654066708372,114.58864731903076,116.02368195797777,115.1814268236717,104.13844200244189,125.06905545878664,118.9265932998711,114.7909850959648,109.48243007536406
1998-06-11,106.36939939855459,128.1333444557289,107.36474569492627,99.94560489154193,112.43438074943298,114.2949290968039,112.90083457256299,104.4508573284492,124.00596848738697,117.45190354295269,113.18391130462129,108.08105497039942
1998-06-12,106.89060945560749,127.0826510311919,107.33253627121779,101.71464209812223,112.27697261638376,114.28349960389421,114.02984291828861,104.44041224271636,123.54714640398363,118.48548029413067,112.84435957070743,107.31367948010957
1998-06-15,105.63998932497687,124.74433025221796,105.1644190385392,99.2836621519771,109.76196842977677,112.30639506074684,112.02291768292673,103.65710915089599,121.11326761982515,116.11577068824805,110.28279260845235,105.34983914562358
1998-06-16,105.9780372908168,125.64248943003393,105.75333978515502,101.28919212744702,111.59499330255403,115.19266941380803,113.16555144329259,103.71930341638651,121.73094528468627,117.88073040270943,110.4923299144084,106.05568306789922
1998-06-17,108.04460901798774,128.28098170806464,107.64632456730929,103.95309788039889,113.54790568534874,115.97597956582193,115.33833003100382,103.69855955570324,123.87340992169675,119.82576245435412,113.02260426944835,107.46622365270231
1998-06-18,108.3579383841399,127.6395767995243,107.34491485852082,102.48735920028527,114.17241916661816,115.70923481282054,115.44213452803172,103.66744998783652,124.09638205955582,120.53273445283482,112.60442063365139,106.6064938634807
1998-06-19,106.96012097898449,126.15895770864982,106.32513816736488,101.71870400628313,112.03739492820239,115.9869369763713,116.16941997555831,103.09727901290341,123.63722544593546,119.85775113989894,112.44677444476427,106.23337113495852
1998-06-22,107.81580194681636,127.13038168300643,106.25071057064773,102.99018780636166,110.64813123109269,118.16749139152707,116.56439600347524,103.117898468706,124.53977719169077,119.24647660908545,112.08694476654104,106.5202012370229
1998-06-23,109.06646524939944,128.82121575939044,107.3769681026966,104.46294749199264,111.88739030088095,121.75978312982949,119.31531574915726,103.3963167945715,125.84744485220354,120.1169758883318,113.10693596391657,107.44692698778499
1998-06-24,110.09169002274382,129.99348882280088,108.40778699648249,104.89124557670979,114.02443945562777,124.10974694423523,116.51140582905207,103.27224121441803,126.72837696616894,122.35115163985475,115.39169607038768,108.58586441385552
1998-06-25,110.0146258397279,130.2404764515642,108.03920052069445,104.7024413346717,113.23767082338394,123.02999214582037,116.150220470982,102.08461044045222,126.51293872532645,121.72716076649148,115.46093108802991,108.99849069862817
1998-06-26,110.44368288050283,130.43583716624155,108.6550239636624,104.33598279000036,113.5207650004424,123.73126310105155,116.150220470982,102.62565887578663,126.56354390081657,122.98095052238634,115.64566857777076,108.76959386816105
1998-06-29,110.31115046104622,130.8793190126068,109.06791305472431,103.57433011563334,113.8840314484438,125.37688890029554,115.73207967728646,104.01110527060975,128.0569937188462,123.25150861353558,116.42049455724181,110.04219811641853
1998-06-30,110.17877708049298,130.9054948764093,109.56962545477604,103.5018280845524,113.71320540127114,125.25151201139526,116.06770270835058,104.00070416008269,127.01973206972355,121.85876656620263,116.2691479143174,109.49198712583643
1998-07-01,110.95002852005642,131.93964828593295,110.85159007259693,105.3959115384997,115.15736310986728,126.54160258511263,117.55336930301745,104.48950746963507,128.58207477418114,122.2487146192145,118.33873874719225,110.46646581125637
1998-07-02,110.88345850294439,131.09523453690298,110.8294197545824,105.62778254388438,114.88098543840361,124.31447037961465,117.1889538581781,104.39546691291241,129.03211203589078,122.72548460622943,118.8712630715546,110.19029964672823
1998-07-06,111.52658256226147,133.5991535165578,111.54981098298717,105.00457862687547,116.36295015055902,125.43330061303118,117.90380647671297,104.43722509967756,131.4966253757763,124.0877374853586,120.09563708119163,110.69717502510319
1998-07-07,110.70128585130075,132.6105197805353,111.71713569946166,103.14599758517977,114.95495845373726,125.52110392346027,117.97454876059899,103.61217102139011,131.16788381233687,124.28627786533517,120.45592399243519,110.77466304762076
1998-07-08,110.78984687998177,134.45380600548472,112.14166081511962,103.54826697576198,115.161877378954,127.8181401252596,118.71778841779074,103.50855885036871,132.49267943884146,124.74613709343691,122.34708199911644,111.68301528461124
1998-07-09,110.35776647714984,132.9479233782233,111.49123918239192,101.56014024982736,111.63792393115801,128.44444901187336,118.52783995632228,102.99101605611686,131.0485092329581,124.5714925015061,121.60076479892183,112.09624244116432
1998-07-10,110.92059108618331,131.80457123717056,111.39089706712777,101.25545982907786,111.76072564748229,128.7141823547983,119.16789029208643,102.89832414166635,131.87411484112573,125.21926426251395,122.51277053491376,112.18591943511724
1998-07-13,110.49909284005581,131.646405751686,110.64457805677802,98.98733752890652,111.28015452719812,131.12113756483302,119.4181428616998,102.32209352647301,131.5444295540229,125.80779480454775,122.48826798080678,112.82537917589741
1998-07-14,110.99633875783606,133.29198582358202,111.93911962004233,101.14526148703669,112.71566852059898,130.71466203838202,120.46902251888277,102.49604108546802,132.82041052069695,127.70749250609641,123.7498971410091,113.67156951971664
1998-07-15,110.45245669792266,132.45224631289346,112.06225265162439,101.44869727149779,112.02810294262333,132.76688223238463,121.68575964632349,102.383295440274,132.32897500177037,127.00510129731288,122.512398169599,112.9668057886944
1998-07-16,110.67336161131848,132.73039603015056,113.18287517814063,101.38782805313488,112.89071933528155,133.7228037844578,122.78093148314038,102.6085386902426,133.73166213678914,128.83397475599418,122.90443784374172,113.48645309532239
1998-07-17,110.90577567070225,131.8809214955576,113.36396777842566,101.30671779069237,112.28110945087101,134.5652574482999,123.02649334610665,102.43410417446918,134.0124986272764,129.15605969288418,123.35918426376358,113.38431528753661
1998-07-20,109.96307657750128,130.95775504508867,112.63843838464373,99.63515694714596,111.54005412849526,135.5206707761828,123.82616555285632,102.0243677577713,133.73107238015908,129.8147555973179,123.00144262939867,113.48636117129539
1998-07-21,109.32529073335178,130.99704237160222,110.87001490200483,99.27647038213624,110.27965151684327,132.94577803143534,123.21941734164731,101.18776794215758,132.0728070826451,125.88136850271916,120.14780916039662,112.4195893762852
1998-07-22,108.86612451227171,133.15849357073364,109.9276197753378,100.61670273229508,109.32021854864674,131.69608771793986,123.73693889448222,101.45085613880718,131.35961392439884,126.52336348208304,119.63117358100692,111.80128163471564
1998-07-23,107.6577105301855,130.93474672810237,107.47623385434777,97.83968173688375,107.66948324856216,128.79877378814518,121.47255291271321,100.64939437531059,127.41882550666688,123.05662332267397,117.75296415578511,109.54289574569438
1998-07-24,108.00221520388209,130.93474672810237,107.11081465924299,97.7809779278416,108.28319930307897,128.1934195513409,122.88163452650069,100.46822546543504,126.67979631872821,124.0656876339199,116.7756145532921,109.11567845228618
1998-07-27,108.41262362165685,131.77272910716223,107.31432520709556,98.46544477333649,108.70550378036098,129.03949612037974,122.56214227673179,100.56869369090047,126.28708895014016,124.26419273413418,117.10258627404131,108.63556946709612
1998-07-28,107.18756097473212,131.5882472864122,106.005090439569,97.15585435785111,107.71628369595972,127.02647998090183,119.66967571900094,99.65351857831327,124.82215871831852,122.10199578056024,115.065001272873,107.07121726676993
1998-07-29,106.70521695034583,131.2987531423821,105.06164513465683,97.6222024587688,107.9855744051996,125.21000131717493,120.69883493018435,99.47414224487231,123.12457735974938,122.17525697802859,114.91541677121828,106.24676889381581
1998-07-30,107.5268471208635,133.39953319266021,106.31187871175925,98.89129109073278,107.39165374597101,129.14159535853423,122.02652211441635,100.12072416946398,125.52550661826449,124.3255415008419,116.15650327234744,107.09674304496635
1998-07-31,105.61286924211211,129.53094673007308,104.28132182836465,96.78490659050017,104.53503575632818,125.92596963410672,120.52559589240903,98.35859942408142,123.27860004979756,121.5655144795232,114.9136286873333,105.16900167015694
1998-08-03,106.32047546603425,127.88590370660116,103.66606202957729,94.42335486969198,102.95655671640762,125.14522862237524,119.8627051150008,99.11596063964684,121.92253544924978,120.15535451156072,113.55764786882277,103.91749055028208
1998-08-04,102.64178701490947,124.22836686059237,100.02738325233913,91.82671261077545,101.93728680491519,121.05297964642358,114.30107559766476,97.26249217568544,117.21632558090876,116.08208799361881,108.62924595131587,100.50899686023283
1998-08-05,103.35001534531234,124.01717863692936,100.50751469195033,90.67887870314077,103.19111543261563,122.08192997341818,114.3810863505831,97.38893341551385,118.10716965532366,116.97592007116968,109.34619897459454,100.33813156557044
1998-08-06,103.8667654220389,125.03411950175219,101.43218382711629,90.05319444008909,103.01569053638018,125.58568136365527,116.86315592439075,97.67136132241883,120.7882024064995,117.04610562321238,109.761714530698,101.47195245226139
1998-08-07,103.43052500726633,125.23417409295499,102.040776930079,92.58368920385558,103.3968485913648,126.10058265724624,115.95162330818052,98.7164448885687,122.17726673417427,117.8771329731372,109.5092625872774,102.6388799054624
1998-08-10,103.1098903797438,124.82090131844824,101.18363440386635,91.4263930888074,102.96258182728107,125.5709602100858,115.41824584096287,98.41042390941413,122.1283958274806,118.00679781940767,108.22800421500625,101.81776886621871
1998-08-11,101.6663519144274,121.70037878548703,99.80753697597376,92.97149913200823,101.20192167803457,122.97164133373701,113.64080485501205,97.70186885726635,120.47966248380962,116.61431760513865,105.48983570836658,99.36396063654284
1998-08-12,102.7643485151032,123.90315564150434,101.44438058237972,93.6408939257587,102.60862838935924,125.17283371361091,115.09540715715619,100.41798081149835,123.33503048467591,117.53557071421925,107.28316291540881,100.84448365002731
1998-08-13,101.89085155272481,122.9119303963723,100.11545919675055,94.56793877562372,99.88949973704123,123.47048317510581,115.73994143723627,99.72509674389902,122.12634718592608,117.71187407029058,105.88848179750849,99.59401205276698
1998-08-14,100.85156486688702,120.46598298148447,99.28450088541753,95.18263037766526,98.29126774124856,122.85313075923028,113.30940266705431,99.85473936966609,120.45321622947888,116.77017907772824,104.69194195319665,98.76738175272901
1998-08-17,102.2332313055634,120.2250510155215,100.78369684878732,95.73468963385572,100.4340173780078,125.38390525287042,115.745554824396,101.0430107681651,121.2602527782164,119.31576898162272,106.50311254898695,99.21183497061628
1998-08-18,102.82618404713565,122.95415967357384,102.22490371372497,96.59630184056041,101.24753291876965,128.56865644629335,116.84513759522777,101.14405377893327,123.81884411183674,120.52085824833712,108.95268413761363,100.98772681659031
1998-08-19,102.00357457475857,122.91727342567178,101.86711655072693,97.80375561356742,100.67042198113265,127.54010719472299,116.82176856770872,100.41581659172496,123.01402162510982,121.29219174112646,107.85226202782374,100.2808127288742
1998-08-20,102.1157785067908,120.80309632275024,100.99105934839068,98.30255476719663,100.23753916661377,126.77486655155465,116.83345074456548,100.40577501006578,122.90330900564722,120.18843279628221,105.98641789474239,100.11033534723511
1998-08-21,101.37033332369123,118.3991147059275,99.71857200060096,97.23105692023418,100.09720661178052,124.86056606662619,115.23283246936494,101.8114558602067,121.85863087909921,120.21247048284147,103.82429496968966,98.45851481400572
1998-08-24,102.4955440235842,118.74247213857467,99.66871271460066,96.10317665995946,101.79885912418078,124.54841465145962,116.14317184587293,102.5444983424002,123.40623549126374,121.25831897604218,104.1772975725866,98.46836066548713
1998-08-25,103.090018178921,119.0155798244934,99.59894461570043,95.40162347034176,102.29767353388925,125.03415346860032,116.25931501771878,101.97024915168275,124.33178225744822,121.96161722610324,104.20855076185838,98.92131512454837
1998-08-26,101.98695498440655,116.93280717756478,98.09500055200337,93.76071554665188,101.7145767947461,123.83382559530173,114.91070696351325,102.0212342762586,122.72790226632715,122.75436773807292,102.77047276134472,96.35925306282256
1998-08-27,98.75396851140087,110.71198183571833,94.31834303075124,90.98539836647099,98.67331094858318,118.23653667839409,111.24505541137717,101.08263892091702,118.61651754040518,118.28610875240706,97.51890160324001,92.38925183663427
1998-08-28,97.49979311130608,111.65303368132193,92.96959072541149,89.42044951456768,98.06153642070197,114.53573308036036,112.26850992116184,101.69924301833461,115.42573321856828,116.55913156462192,95.3247263171671,90.57842250063624
1998-08-31,91.75705529705014,104.95385166044262,87.91204498994911,86.65735762456754,93.22710267516136,103.66629201103417,105.59976043184483,100.28562354037976,105.64917361495556,106.50007851059505,89.6147752107688,84.62742014234443
1998-09-01,95.25299910386777,108.0289995140936,90.61094477114054,89.16175525991753,94.91451323358177,109.83443638569071,107.97575504156134,100.46613766275243,110.22378283248312,111.68663233406102,91.97164379881202,87.69093275149731
1998-09-02,93.54797041990854,107.42403711681467,89.94948487431122,87.53901131418704,94.2975688975635,110.68016154586053,107.14434172774132,98.95914559781114,109.36403732638975,111.87649960902893,93.70071070222969,88.17323288163055
1998-09-03,92.71539348317135,105.2003595484966,88.39335878598564,88.10801488772924,92.90196487787956,109.25238746191891,106.80147983421256,98.78101913573506,108.47818862404598,113.47633355343802,91.19890172648016,86.18933514179386
1998-09-04,92.4743334601151,104.25355631256012,87.85415929739113,90.8569849522264,92.30739230266114,108.55317218216265,106.80147983421256,99.32431474098162,107.27408073031907,112.18270335092883,88.71829159951989,86.37033274559163
1998-09-08,95.28555319730259,109.2368763043005,92.41379016492573,93.14658097302248,95.91661134169517,115.58741773956677,111.8959104223045,100.74465244177766,114.26835079393587,117.38798078641193,93.76636239153258,90.2051755194959
1998-09-09,94.11354089297578,109.14948680325706,90.65792815179215,92.88577054629802,92.67462987834588,113.64554912154206,110.17271340180102,100.85547155946361,111.69731290107232,115.52151189190798,91.55347623909242,87.99514871926824
1998-09-10,92.19362465875908,105.12187074021688,87.3217163958062,94.57629157024064,89.64416948132397,111.42946091367199,106.98872198448896,100.98658367249094,107.85492533727543,113.30349886358336,87.93711392764827,85.96246078385315
1998-09-11,93.77935500288974,106.61460130472796,88.99829335060569,97.6216481588024,90.19996333210818,115.25149142301095,110.44445770458795,102.08733743452107,110.74543733631441,116.09076493562749,91.52494817589631,86.96822157502423
1998-09-14,95.65494210294754,110.88984681704754,90.3955665562102,97.93403743291057,92.52712238607657,117.16466618063292,113.28288026759587,102.98570600394486,112.72778066463445,118.74924345265335,94.32561159007874,88.30753218727962
1998-09-15,95.09057794454014,111.23360534218041,90.48596212276641,98.40412081258853,93.24883394068799,118.0082517771335,113.06764279508745,104.22153447599219,113.43796568282166,119.93673588717988,95.93857954826908,89.69396044261991
1998-09-16,96.14608335972456,111.21135862111198,91.15555824247488,98.08922762598826,93.77102741075583,119.1529318193717,114.23223951587684,104.97192952421935,114.25471903573798,119.57692567951834,97.75181870173135,90.7164715916658
1998-09-17,93.99241109246674,108.0640771721345,89.04074929124947,96.48056429292204,90.55468117056691,115.85239560797511,111.4906657674958,104.28961198231192,111.8096680483732,117.48432948012677,94.82903932254958,89.47365593085996
1998-09-18,95.40229725885372,108.60439755799518,88.88047594252522,97.00155934010382,90.65429131985454,115.97983324314389,114.28908147825993,105.14478680056689,112.2904496209812,117.88377620035921,94.52558639671742,89.95681367288661
1998-09-21,94.87758462393003,108.00707337142622,88.79159546658269,96.7881559095556,90.5545715994027,118.29942990800677,113.38619773458167,105.20787367264724,112.02095254189086,118.96830694140252,94.30817754800496,89.52502096725675
1998-09-22,94.88707238239242,108.14748256680909,89.24443260346227,95.38472764886704,91.5235055155163,119.0683762024088,114.29328731645833,105.68130910417415,113.24198092459746,121.0859428049595,94.9589039730862,90.8947537880558
1998-09-23,95.92134147136049,111.74879373628383,92.45723217718692,100.49734905084632,94.15938247436316,123.97399330194803,118.0763951266331,107.1080067770805,116.06170624961992,123.7861593295101,98.84272314558541,93.60341745093986
1998-09-24,94.34823147123018,109.54734249967903,91.32925394462525,98.14571108305653,92.69991204601054,121.6928718251922,116.50597907144888,105.66204868558992,112.91643401025522,121.78082354837203,95.57102900946653,92.1619248221954
1998-09-25,93.66892420463732,110.21558128892708,91.83156484132068,98.45977735852232,92.24568247698508,123.73731207185541,116.55258146307746,105.86280657809255,112.31797691000087,121.02578244237212,95.2556446137353,91.72876377553108
1998-09-28,94.63371412394508,111.7034916363276,92.547851047083,98.3613175811638,94.94848097356076,123.34135267322549,117.00713653078346,106.57208738216578,111.82377781159687,121.38885978969923,95.66524388557436,91.84801116843927
1998-09-29,95.02171235185327,110.36304973669166,92.1128761471617,100.96789249706464,93.95152192333838,122.98366275047312,118.98455713815368,107.85095243075176,109.75503792208232,122.23858180822711,94.8233897393813,90.67235662548325
1998-09-30,92.91223033764211,105.8050557825663,89.62582849118833,97.89846856515388,90.93567806959922,119.35564469933418,116.61676445110443,108.47648795485011,107.2196965460822,119.39042285209543,91.77007658977323,89.04025420622455
1998-10-01,91.61145911291513,100.98034523888127,86.4709993282985,96.49852046467218,89.19880661846987,113.08947335261914,115.19403992480095,108.58496444280496,102.89874277527508,114.68644019172287,88.57647792444911,86.29781437667282
1998-10-02,94.10329080078643,101.36407055078902,87.59512231956637,99.24872829791533,91.50013582922641,112.41093651250343,118.07389092292095,110.72408824232822,104.68918089956489,115.32868425679652,90.684598099051,86.89326929587186
1998-10-05,95.2137096322357,97.10677958765588,86.1760813379894,100.18166634391574,90.86878489200474,106.52060343924825,117.6960544719676,112.56210810715086,103.38056613832035,114.89043525662068,87.4743633263446,84.1561313130519
1998-10-06,96.70856487346181,96.61153501175883,86.48631523080617,100.26181167699086,90.79608986409113,104.64584081871749,115.78937838952173,112.53959568552942,105.03465519653348,113.52323907706689,86.26721711244105,83.93732537163797
1998-10-07,96.64086887805038,95.9449154201777,86.30469396882148,98.8280677700099,92.22158847495737,102.35409690478757,114.96727380295613,113.30486493619101,102.99698288572073,110.11754190475489,83.04082319243575,81.57029279615777
1998-10-08,95.80009331881134,93.77656033168168,84.30242506874482,95.99170222501063,92.34147653997482,100.74713758338238,114.34645052442016,113.7014319634677,99.56718335562623,108.73006087675499,81.83673125614544,78.4298365235057
1998-10-09,95.94379345878956,97.59326633718112,86.20765987529845,96.11649143790314,93.5603840303025,106.55017270818522,112.9399891829698,110.24490843177827,102.55419885629502,111.55704245955063,86.41958820648958,80.34352453467925
1998-10-12,96.08770914897775,100.55034230719771,88.3025060102682,97.20260779115145,94.92636563714491,110.52449415020054,111.93482327924136,106.7060468711182,105.50775978335632,113.36426654739536,87.91464708246185,82.12715077934912
1998-10-13,96.21262317087142,98.6197757348995,88.3025060102682,97.07624440102296,92.69559604467202,107.36349361750482,112.97581713573832,108.11456668981695,105.04352564030954,112.13993246868348,88.27509713549996,81.62617515959509
1998-10-14,96.83800522148208,100.86830662165521,88.6292252825062,97.74607048739001,92.63070912744074,109.44634539368441,115.11106007960376,110.28766948028228,106.95531780696317,113.69867752999818,89.5197760051105,82.54038832138257
1998-10-15,99.14274974575335,106.55727911511657,91.90850661795892,100.05287775089242,96.6786711163099,115.0609429123804,118.51834745796003,111.53392014540948,111.98221774389043,117.49621335950013,94.60449928220078,86.44454868898394
1998-10-16,99.49966364483808,109.57285011407436,94.11431077678994,101.14345411837714,99.53069191424106,115.37160745824382,116.20723968252982,109.26978156645768,113.94190655440852,118.55367927973562,96.76148186583495,88.15615075302583
1998-10-19,99.97726203033329,111.65473426624177,95.00839672916945,99.39367236212921,99.56055112181532,117.34446194577977,116.89286239665675,108.29728051051622,115.40036295830494,118.98047252514267,97.8548866109189,90.1044016846677
1998-10-20,100.27719381642429,113.30722433338214,95.7684639030028,100.68579010283688,99.75967222405895,115.92459395623582,118.10854816558198,106.57535375039899,115.25034248645913,117.64789123286108,99.53799066062672,91.58211387229625
1998-10-21,101.34013207087837,112.0495141432816,96.52503476783653,100.12194967826098,99.1910420923818,119.7964753943741,119.9392306621485,106.31957290139805,115.34254276044828,119.00084198203899,98.12455119324582,91.45389891287503
1998-10-22,102.94130615759826,112.16156365742486,97.52889512942203,97.62891313127227,100.53012116062897,121.32987027942208,121.48644673769023,107.25518514293033,117.13035217323524,120.33365141223784,98.54648676337678,92.23125705363447
1998-10-23,102.77660006774612,111.75778202825812,96.72915818936076,97.2481603700603,99.7057741671118,120.79601885019262,119.94356886412154,106.09682914338667,116.53298737715174,120.87515284359291,97.50189400368498,91.58563825425901
1998-10-26,102.66354580767158,112.69654739729549,97.10640190629928,98.55128571901912,100.10459726378025,123.07906360646126,121.20297633719481,106.00134199715762,114.98309864503562,120.86306532830855,97.25813926867576,92.14431064761
1998-10-27,102.05783088740633,113.21495151532304,97.1161125464899,97.4080908046785,99.00344669387866,122.56213153931412,121.53022437330523,105.75753891056416,113.77577610926275,120.30709522779833,96.30500950384274,91.86787771566716
1998-10-28,102.05783088740633,113.09041506865618,96.50428103744703,97.106125723184,97.57779706148682,124.16769546247914,120.83750209437738,106.34978112846333,114.86802355991168,120.87253857536896,96.72875154565965,91.42691190263196
1998-10-29,102.86408775141682,113.59932193646513,97.89394268438626,98.78606169819508,99.26589295065055,126.14196182033257,122.97632588144786,105.80739724470818,116.9241611816341,124.18444613233407,98.69234520203653,92.22232603618485
1998-10-30,103.11096156202022,117.04138139114002,99.69519122977897,99.03302685244057,101.37032988120436,126.86097100270848,124.5258275875541,106.55862976514562,118.70140843159496,123.99816946313558,101.06096148688542,94.27888390679178
1998-11-02,106.27646808197424,119.18323867059787,101.02113727313504,100.57794207133864,102.9821181263155,128.9414909271529,124.47601725651909,107.73077469256222,120.58876082565733,125.5853460322637,101.99072233256476,96.5321492321641
1998-11-03,106.92475453727428,118.44430259084018,101.95053173604789,100.97019604541686,103.90895718945232,127.47155793058336,125.37224458076604,108.32329395337132,119.12963681966686,125.5853460322637,101.77654181566638,96.79278603509094
1998-11-04,107.21345137452491,120.955321805766,102.78652609628347,100.23311361428533,102.40227731020526,130.9770257736744,124.45702719532645,108.12831202425525,121.38118695555855,124.64345593702173,103.70011845598246,97.22835357224884
1998-11-05,108.00683091469641,122.10439736292078,104.23581611424106,100.8946521641396,105.03401583707755,132.0248419798638,126.34877400869541,108.37700714191104,123.05624733554525,126.31367824657782,105.55635057634454,99.02707811333545
1998-11-06,107.99603023160493,122.23871220002,104.54852356258377,101.73207777710196,106.1998934128691,133.5959375994242,127.44800834257106,108.58292345548067,124.13914231209804,128.1199638455039,105.85190835795831,99.52221350390211
1998-11-09,107.27245682905317,120.4295792594597,103.35667039397032,100.14505736377916,104.91487470257339,134.33071525622103,126.9891955125378,108.05086713054881,123.31982397283818,126.86438819981794,103.90423324417186,98.59665691831583
1998-11-10,108.21645444914883,120.33323559605213,102.62283803417314,97.64143092968467,104.72602792810876,135.25759719148894,126.46853981093639,109.50955383681122,123.49247172640017,127.84124398895653,102.90675260502779,97.63040968051632
1998-11-11,107.92427002213611,120.04443583062161,101.57608508622458,97.00676162864174,103.59498682648518,135.90683365800805,125.64649430216532,108.26114492307157,122.86266012059552,126.34550143428574,101.63070887272545,96.79078815726389
1998-11-12,107.73000633609627,118.54388038273885,101.56592747771596,99.81025703970947,103.50175133834134,134.9962578724994,123.887443381935,108.55345001436385,122.19920175594432,125.90329217926575,101.31565367521999,96.8778998666054
1998-11-13,108.06396935573817,121.31780718369494,102.61205653073642,99.91006729674918,104.28836464851274,134.2672780799879,124.22193947906621,108.8682550194055,123.67781209719124,126.11732777597051,102.77459908814318,97.23634809611185
1998-11-16,107.84784141702669,123.17396963360548,103.60739347908456,98.58126340170242,105.91526313702954,135.44883012709178,125.1287596372634,109.64121963004328,125.33509477929361,127.49200664872858,103.86400983847747,97.38220261825603
1998-11-17,107.5674370293424,123.59276113035973,103.11007799038497,97.35885573552132,104.94084271616887,136.57305541714663,126.5927661250194,109.57543489826524,125.29749425085983,127.24977183609599,105.38042438211926,97.53801414244523
1998-11-18,108.29889560114192,123.48152764534241,103.61531737253785,97.56330933256591,104.62602018802036,138.3621624431113,126.60542540163189,109.24670859357045,126.52540969451826,129.1457934364538,105.05374506653469,98.04521181598597
1998-11-19,109.728441023077,123.29630535387442,104.26809387198483,96.57791990830698,105.03406166675364,139.3445337964574,128.60579112297768,108.97359182208652,127.19599436589921,130.51473884688022,105.7050782859472,98.25110676079953
1998-11-20,110.14540909896469,123.80182020582531,105.03967776663754,98.6253718103631,105.49621153808735,139.81830521136536,129.62177687284918,109.24602580164174,128.03548792871413,132.1722760302356,107.10038531932172,98.67358651987097
1998-11-23,112.3262881991242,125.36172314041869,106.34216977094384,98.31963315775099,106.9942577419282,144.36240013073473,131.0735407738251,109.72670831516895,130.44255510177393,134.60424590919192,110.34552699449716,99.99581257923725
1998-11-24,111.22549057477278,125.11099969413786,106.45914615769189,98.07383407485662,106.0634076995734,143.75607805018564,130.65410544334887,109.66087229017984,129.39901466095975,133.50049109273655,109.95931765001643,100.08580881055855
1998-11-25,111.62590234084198,124.36033369597304,106.13976871921882,98.26998174300633,105.43763359414594,144.9636291058072,132.48326291955576,109.88019403476021,130.5506658914423,133.60729148561072,110.19023221708146,100.3960748178713
1998-11-27,111.42497571662847,124.5717462632562,105.73643759808577,101.75856609488305,105.08968940328525,146.94963082455678,132.52300789843164,109.68240968549765,132.33921001415504,134.12835992240463,110.16819417063806,100.98841165929673
1998-11-30,109.72017358816404,123.42568619763425,103.74859257124176,99.60128449367153,103.54487096905696,141.68883404103764,129.09066199386226,107.96039585343533,129.95710423390025,131.7006366078091,107.44703977462329,99.55437621373471
1998-12-01,110.59793497686937,126.04231074502412,104.03908863044123,96.82240865629808,102.63367610452924,146.9596586673642,130.61393180538983,108.72691466399473,130.63288117591657,132.9517926555833,107.3825715507585,99.31544571082176
1998-12-02,109.96752674750121,124.40376070533881,102.89465865550638,95.46689493510992,102.80815335390696,146.28364423749431,130.67923877129252,108.80302350425953,129.6661978552148,134.5738045259814,107.62955146532525,99.16647254225553
1998-12-03,108.50495864175944,122.450621662265,100.93966014105176,94.82726673904467,100.86507925551811,143.43111317486319,131.5809255188144,108.40045231729376,127.51373897081821,130.84611014061173,105.72450840438898,97.94672492998579
1998-12-04,109.62255971576955,124.32411617369765,102.33262745099827,96.32553755352158,102.68065068211745,148.1213105756812,133.6993784196673,109.83133828788205,129.32443406420384,133.63313228660675,108.2513241552539,99.06331759418764
1998-12-07,109.53486166799694,124.84627746162718,102.97732300393956,98.04013212197427,102.86547585334527,151.8984039953611,134.9160427632863,110.07296723211539,131.26430057516689,133.78012873212205,108.46782680356439,99.76666714910638
1998-12-08,109.21721056915973,123.07346032167207,102.28737493981316,97.73620771239615,100.67444121766901,151.7768852721648,135.41523212151048,110.06195993539218,131.81561063758258,134.0610670024595,106.64556731326451,100.03603715040896
1998-12-09,108.61651591102937,123.13499705183291,101.90891165253586,99.31953427733696,99.20459437589105,152.62683582968893,135.74022867860208,109.65473068363123,132.36923620226042,133.99403646895826,106.400282508444,100.63625337331142
1998-12-10,106.2378142125778,121.78051208426275,100.40065976007833,98.24688330714172,98.38119624257115,149.1011559220231,136.20174545610934,108.40466675383784,130.26456534664447,131.18016170311014,104.8893984968241,99.40849108215701
1998-12-11,105.34541657319217,122.01189505722286,99.83841606542188,98.5710980220553,98.40087248181966,150.96492037104838,135.38453498337267,108.67567842072243,131.04615273872434,132.15089489971317,103.54681419606476,98.35476107668615
1998-12-14,104.20768607420167,118.754177459195,98.37079134926017,97.95010010451635,99.13887902543333,145.65095517398748,132.17592150426674,108.28444597840783,127.86173122717335,128.89998288518024,101.63119813343755,96.0532596674917
1998-12-15,106.10426596075216,120.27423093067269,100.51527460067406,97.40157954393105,99.78328173909864,149.40874981747635,134.383259393388,108.58764242714736,130.47011054420767,130.25343270547464,103.77561641405306,96.70642183323064
1998-12-16,105.23421097987398,121.77765881730609,99.74130698624887,99.57363476776071,98.19672755944697,148.6318243184255,134.7326558678108,109.1305806392831,130.88761489794916,130.3055340785568,103.84825934554289,96.51300898956417
1998-12-17,105.77090545587136,123.60432369956567,100.96812506217974,98.18956124448883,99.55184239976734,151.69363989938503,137.0635308143239,110.50562595533806,131.12321260476548,131.41313111822453,107.21294294833848,97.9703554253066
1998-12-18,105.83436799914487,123.27059202557685,101.84654775022068,98.73942278745798,98.86493468720894,155.01573061318157,138.65346777177007,110.96974958435048,132.9064882961903,130.15156505948957,107.42736883423515,98.49939534460324
1998-12-21,106.54345826473914,123.72669321607148,102.79372064429775,97.91001163604334,99.68551364511278,159.6507009585157,142.63282229681985,111.12510723376859,135.05957340658858,129.74809520780514,108.81318189219678,99.38588990270466
1998-12-22,108.0670297179249,123.99889194114684,103.21517489893937,97.49878958717196,100.49296630563819,159.01209815468164,141.3491268961485,110.24721888662181,135.4917640414897,131.66836701688064,108.19294675541124,98.82932891924952
1998-12-23,110.8119322727602,125.57367786879941,104.74275948744366,99.10751961536029,103.39721303187113,162.98740060854868,144.50121242593258,110.77640553727758,138.43193532119002,133.99889711307944,109.99976896622661,100.08446139652398
1998-12-24,110.97815017116935,126.31456256822533,104.69038810769995,98.51287449766812,103.94521826094005,162.3028535259928,144.50121242593258,110.47730924232692,138.65342641770394,133.3959020760706,110.40676811140165,100.42474856527217
1998-12-28,110.10142278481709,126.54192878084814,105.21384004823844,98.41436162317045,103.97640182641834,163.8934214905475,145.5705213978845,110.0574954672061,138.20973545316727,133.82276896271404,109.82161224041123,100.80636260982021
1998-12-29,111.19142687038679,127.37710551080173,106.69735519291861,99.14262789918192,104.70423663920326,163.2050691202872,149.3844690585091,110.29962195723395,141.4576642363167,137.70362926263275,110.91982836281534,101.71361987330857
1998-12-30,110.27965717004962,126.91854793096282,106.25989603662764,97.89343078765224,103.8561323224257,162.30744124012563,147.3827171731251,110.15623244868955,140.5664809516279,137.57969599629635,110.91982836281534,101.89670438908054
1998-12-31,110.09218175286053,128.03543115275528,107.1524791633353,98.3535299123542,103.55494953869066,163.20013216694633,147.69222087918862,111.03748230827908,141.94403246495386,138.1988046282797,110.76454060310739,103.81236243159523
1999-01-04,109.80594208030308,126.97273707418742,106.83102172584529,98.31418850038926,103.56530503364453,164.70157338288226,145.9494526728142,110.7265773578159,140.87945222146672,136.9273756256995,110.96391677619297,103.41787545435517
1999-01-05,110.76125377640172,129.48679726825634,108.60441668649432,97.37037229078553,104.85987134656509,168.2755975252908,149.39385975589263,110.47190622989294,141.28800263290896,137.3518504901392,111.65189306020538,104.3900034836261
1999-01-06,111.92424694105392,132.6074290824213,110.71134237021232,101.09965754952262,106.04478789278129,172.81903865847363,153.8009786186915,110.64866127986078,144.60827069478233,138.6017523295995,114.01891319308174,106.26902354633137
1999-01-07,110.91692871858443,132.1565638235411,109.57101554379913,101.30185686462166,104.69801908654297,173.7868252749611,153.20115480207858,109.82986118638979,144.69503565719918,137.22959498153645,114.76003612883679,106.6622189334528
1999-01-08,111.10548749740603,135.65871276486493,110.28322714483383,101.2613361218758,104.69801908654297,174.7426528139734,155.66769339439205,109.09400111644099,144.6226881393706,136.296433735662,115.46007234922268,108.23015355177455
1999-01-11,109.57223176994182,137.13739273400193,109.91929249525587,99.2259832658261,103.69291810331217,177.99286615631328,153.53504599488886,107.73032610248548,142.74259319355878,133.24339361998315,113.88981536527325,108.60895908920575
1999-01-12,108.14779275693257,134.2712212258613,108.52331748056612,97.44983816536781,102.74931254857202,172.47508730546755,151.5544439015548,107.54718454811125,140.4587117024618,131.2047696975974,111.71451989179653,107.91386175103486
1999-01-13,107.88823805431595,132.1363088083701,106.7977967326251,96.19273525303456,101.45467121046,172.54407734038975,152.14550623277088,107.70850532493344,140.09351905203542,132.2806488091177,110.32925984513827,106.30594521094443
1999-01-14,106.23754801208491,130.65638214971636,105.49486361248708,94.51898165963176,98.62408588368817,169.64533684107118,149.65031993055345,106.56679516848912,138.27230330435896,130.61391263412284,107.91304905452972,104.94522911224433
1999-01-15,107.75674494865773,133.7398727684497,108.35377441638548,95.96512207902414,99.85688695723427,175.00612948524906,153.76570372864367,107.11028582384843,140.1666338596287,132.8082263663761,111.15044052616561,106.60336373221779
1999-01-19,106.84081261659412,136.8693857912314,107.89868856383666,95.86915695694512,99.26773132418658,180.25631336980652,161.60775461880448,106.25340353725763,140.44696712734793,131.51998657062225,110.33904231032461,107.6374163604203
1999-01-20,105.98608611566138,137.5263588430293,107.30524577673557,95.64865789594414,98.1658595064881,181.37390251269932,163.40160069507323,105.72213651957134,140.36269894707152,132.7957304403573,110.93487313880037,107.40061404442739
1999-01-21,103.3470325713814,135.00962647620187,106.29657646643426,95.84952007752563,97.97934437342577,176.0052349983234,158.72831491519415,106.303608270429,138.70641909949606,130.1663749776382,109.22647609246286,106.61658956190306
1999-01-22,103.52272252675276,134.28057449323038,105.21235138647664,96.02204921366517,97.11712614293964,173.24195280884973,159.63306631021078,106.8032352293,139.6912346751025,128.73454485288417,107.97037161739954,105.84895011705736
1999-01-25,105.07556336465404,133.90458888464934,106.65376060047139,96.05085582842928,97.09770271771106,175.89255468682515,156.98315740946128,106.88867781748344,140.09633925566027,129.39109103163392,109.26601607680833,105.88070480209247
1999-01-26,105.43282028009389,135.1766824790535,107.922940351617,95.63783714836703,97.97158204217044,182.382989954769,158.52159235207398,106.72834480075721,141.73546642495148,132.65174652563107,109.41898849931586,105.9442332249737
1999-01-27,105.13760838330961,134.59542274439357,107.1351028870502,93.5720598659623,97.96178488396623,179.97553448736602,156.42910733302662,105.35154915282745,142.58587922350122,134.8670306926091,107.58074949252736,104.70468569624151
1999-01-28,107.10368166007748,135.8606197181909,108.29216199823033,93.27262927439122,98.50057470082805,184.99685189956355,160.21469173048587,105.16191636435235,143.5269460263763,136.83608934072117,109.43113838379885,105.68890974178619
1999-01-29,106.25756257496289,134.31180865340352,109.58083872600928,92.91819328314854,99.446180217956,187.97530121514652,161.22404428838792,104.11029720070883,145.0483316542559,138.58759128428238,111.2039228256164,107.0205900045327
1999-02-01,104.82308548020089,135.5743396547455,108.83568902267243,92.22130683352493,100.28152813178683,187.4489703717441,161.33690111938978,102.41329935633728,144.30858516281916,138.75389639382354,110.5700604655104,107.59850119055719
1999-02-02,105.07466088535338,132.903525163547,108.42211340438625,92.10141913464135,100.15116214521551,183.73748075838355,159.17498664438995,102.15726610794644,142.98094617932125,139.05915496588995,109.87346908457766,106.53327602877067
1999-02-03,105.57901925760306,134.2325604151825,109.40875463636618,94.23817205856504,100.34144935329141,185.37274433713316,161.1010039827871,102.38201209338393,145.52600702131318,139.68492116323642,110.70850744962047,107.41750221980946
1999-02-04,104.51267116310127,131.1720580377163,108.25996271268434,93.7481335638605,100.70267857096327,177.88368546591298,158.0400849071141,101.48105038696215,143.54685332582332,138.49759933334894,108.42791219615829,106.63335445360485
1999-02-05,103.56160585551706,129.8865718689467,108.15170274997166,96.45745462385607,100.24951651739393,174.183704808222,156.03297582879375,101.81593785323915,141.838645771246,137.16802237974878,107.43037540395363,106.40942440925227
1999-02-08,103.06451014741059,130.96463041545897,107.74072627952177,98.08758560699923,100.61041477685654,176.3958378592864,157.4684792064187,102.53883101199715,142.06558760448002,136.85253592827536,106.94693871463585,105.40917581980531
1999-02-09,102.28121987029026,128.8953892548947,106.13538945795689,96.70455064994053,99.7351041682979,168.98721266919634,154.74427451614764,101.70826648079996,138.5707741494098,133.2943699941402,105.57801789908852,103.34315597373714
1999-02-10,102.14825428445889,129.53986620116916,106.77220179470464,96.84960747591546,101.35081285582433,170.33911037054992,153.15040848863134,101.64724152091146,137.80863489158804,134.0674773401062,106.19037040290323,103.26048144895815
1999-02-11,102.72028450845185,131.00366668924238,107.9787276749848,95.25158895256286,101.96905281424485,178.1406416255211,157.63771545734824,101.08818169254646,142.23229207160804,137.15102931892864,109.36546247795003,105.44960365567606
1999-02-12,101.76498586252325,127.8988797887073,106.47782336030251,93.97521766059852,100.94936228610239,171.51380975705172,154.26426834656098,99.24837678574211,139.61521789749045,136.68471581924427,107.60467853205502,104.30020297582918
1999-02-16,102.71140023104472,127.40007415753134,106.72272235403119,92.81932248337316,101.05031164838847,170.1416992789953,156.7170702132713,99.85379188413513,142.2818685593325,138.13357380692827,109.77829303840254,104.23762285404368
1999-02-17,101.58157482850324,127.20897404629505,106.082386019907,92.02107631001614,100.96947139906976,164.68015073213957,154.3349707460296,100.8623151821649,139.72079492526453,135.86818319649464,109.17451242669134,103.28906048607188
1999-02-18,102.3840692696484,129.6005027583654,106.81435448344436,92.61001119840024,101.01995613476929,165.89878384755744,157.4371036580248,102.09283542738731,140.32159434344317,137.1181704819024,110.83396501557705,102.96886439856505
1999-02-19,103.24409545151345,129.27650150146948,107.12411611144634,91.88765311105271,101.39372997246794,167.3918729021854,156.69714927083206,101.32713916168193,141.1214274312008,136.69310415340848,111.09996653161443,103.49400560699775
1999-02-22,104.31783404420918,131.74568268014752,109.77008177939906,92.09899471320814,103.16812024698613,173.11667495544017,161.77413690720704,102.21881798630473,144.76236025892578,139.89172279059827,114.0218956513959,105.51213871633422
1999-02-23,103.04515646886982,130.49409869468613,109.5066335831285,91.61087004122813,101.9197859919976,175.95578842470937,159.07250882085665,101.29884862442798,144.93607509123652,140.94091071152778,114.15872192617758,105.29056322502993
1999-02-24,102.756630030757,129.76333174199587,107.84213275266497,90.68560025381173,101.24711540445041,172.6830107600098,159.64516985261176,100.98482219369225,143.2258294051599,138.82679705085485,111.31616975021575,105.29056322502993
1999-02-25,102.52028978168626,128.68629608853732,106.83920091806517,90.90324569442087,100.95349876977751,170.90437574918172,157.5538181275425,100.17694361614271,142.2375711822643,137.9105401903192,110.91543153911496,104.67987795832474
1999-02-26,102.03844441971232,128.274499941054,106.19816571255679,89.89421966721281,100.12568007986533,166.23868629122907,156.57698445515175,100.33722672592856,143.10522036647612,138.8207497555753,111.92476196612091,104.81596179967056
1999-03-01,101.98742519750247,127.74857449129568,106.53799984283697,88.60873232597166,99.88537844767366,166.45479658340767,154.7450337370265,99.91581037367966,143.19108349869597,138.76522145567307,112.79777510945665,104.72162743405087
1999-03-02,100.8145698077312,127.1098316188392,106.01596364360705,87.8910015941313,100.52464486973875,162.9592458551561,152.96546584905067,100.38541468243594,142.87606311499886,138.47381449061615,112.92185266207706,104.8158768987415
1999-03-03,100.78432543678888,126.51241541023064,105.32685987992363,90.02675293286867,100.79606141088703,164.0021850286291,152.65953491735257,100.8873417558481,143.61901864319685,137.8091401810612,112.44758088089635,104.2498711634883
1999-03-04,101.76193339352572,129.08061744305832,106.49598802459079,92.72755552085474,102.2576043013449,165.47820469388677,154.5219812433443,102.16861099614735,145.55787539488003,140.60666572673674,114.21300790072641,104.93792031316731
1999-03-05,103.502062454555,132.44962155832215,108.81760056352687,94.89738032004276,104.62998072113612,169.38349032466252,158.04508241569252,103.38441746700151,148.74559286602792,143.25007104239938,116.32594854688985,106.30211327723846
1999-03-08,102.98455214228221,131.74763856406304,109.18758040544287,96.53910499957951,104.04405282909775,174.09235135568815,158.80369881128783,102.4642961515452,148.87946389960732,143.73712128394354,115.94207291668512,107.06748849283458
1999-03-09,102.60350929935578,130.36428835914037,108.83818014814545,95.63163741258346,103.19089159589913,173.37857271512982,158.53373252330866,100.84536027235077,148.64125675736793,143.53588931414603,116.80004425626859,106.33942957108331
1999-03-10,102.99340263469334,129.30833762343136,109.75242086138988,100.70967735919163,104.7593931481568,173.13584271332866,158.39105216403766,101.22857264138571,148.92367514520691,143.16269600192925,118.0614847342363,106.33942957108331
1999-03-11,104.38381357026172,130.62728266719034,110.56458877576416,102.24046445505135,105.38794950704575,173.30897855604195,160.06999731697644,101.98778693619613,150.6362974093768,144.6229555011489,118.9587520182165,106.47767082952572
1999-03-12,105.49028199410648,130.130898993055,110.38768543372292,102.24046445505135,104.28137603722179,170.48404220557848,159.44572432744025,103.33402572375392,149.89817955207084,145.33160798310453,118.87548089180375,106.9568203482586
1999-03-15,105.14216406352594,130.79456657791962,111.67922135329749,101.43276478585643,103.90596308348779,174.31993315520398,160.1632300869137,102.60035414111526,150.67765008574162,147.42438313806124,119.7670469984923,108.34725901278594
1999-03-16,105.31039152602759,130.24522939829234,112.00309109522205,100.79373836770553,103.90596308348779,176.22002042659568,160.3714422860267,102.56957403487293,149.5174321800814,147.64551971276833,118.19809868281206,107.54548929609133
1999-03-17,104.5942808636506,129.737273003639,111.79028522214112,103.06159748097889,103.17862134190337,175.6032503551026,159.56958507459657,102.73368535332872,148.99412116745114,144.88454849413955,117.22887427361299,106.73889812637066
1999-03-18,106.93719275499636,130.6324601873641,112.37159470529625,103.88609026082673,104.3239040387985,177.5348861090087,160.89401263071574,103.5041879934787,151.4227253424806,146.2464632499845,119.55000598423054,108.1585254714514
1999-03-19,105.56839668773239,130.17524657670833,112.71994664888267,102.40051917009691,104.1256886211248,173.87766745516316,158.78630106525335,102.66580407073151,148.18227902015153,144.47688104465968,117.88826090104973,107.00122924890687
1999-03-22,105.75841980177032,130.53973726712312,112.05489896365425,103.56788508863603,104.89621871692111,173.07783018486938,158.08764134056625,102.55287168625371,146.24109116498752,144.56356717328646,117.52280729225649,105.95261720226759
1999-03-23,103.20964188454766,126.2710878584882,109.24232099966653,101.86937177318241,103.08151413311839,167.92011084536028,153.2975858079471,101.85551215878719,142.54119155851333,140.70371992975973,114.45546202192858,103.26142072533
1999-03-24,103.40574020412832,126.10693544427217,109.57004796266551,101.18684698230207,103.57630540095735,171.41284915094374,155.9036447666822,104.12689007992815,141.65743617085056,140.66150881378078,114.04342235864964,103.58153112957854
1999-03-25,103.88140660906731,129.3604943787344,111.42178177323456,101.82432411829056,106.34179275516291,176.12670250259472,156.83906663528228,103.47089067242462,146.5446177187449,141.91339624222343,116.02777790769014,105.61172913971828
1999-03-26,103.03996721553386,128.54552326414836,110.65297147899923,102.71019573811968,105.39535079964195,175.5278717140859,156.25876208873171,101.89813313420375,146.16360171267615,140.92000246852788,115.55206401826861,105.07310932110572
1999-03-29,104.16310285818318,128.86688707230874,113.02094506864984,106.37694972597056,107.4189415349951,182.16282526487836,157.58696156648594,101.5720591081743,148.73608110281927,143.66794251666417,117.03113043770243,106.16586965804522
1999-03-30,102.0173429393046,128.06791237246043,112.34281939823794,104.63236775046465,107.0644590279296,181.88958102698106,156.15292021623094,99.5812467496541,148.23037842706967,144.45811620050583,115.74378800288771,106.17648624501102
1999-03-31,99.99739954910638,127.83739013019,111.03964269321838,103.68021320393541,105.88674997862238,180.4890312530733,155.32530973908493,98.67505740423225,146.9852432482823,142.3345818923584,115.2460897144753,105.29522140917742
1999-04-01,99.61740943081976,127.41552674276038,111.93906379903345,102.43605064548818,106.36324035352618,183.25051343124534,157.32900623471912,99.75061552993837,147.07343439423127,142.88968676173857,115.23456510550385,105.54792994055944
1999-04-05,100.40438696532323,129.49239982866737,113.730088819818,105.37596529901367,107.77787145022808,190.1407327362602,160.11372964507365,100.60847082349585,148.44121733409764,143.50411241481407,117.23964653833963,106.88838865080454
1999-04-06,99.32001958609774,130.83912078688547,112.20610562963242,105.23897654412495,106.7432038843059,191.69988674469752,160.77019593661845,99.44141256194328,148.2482437515633,142.97314719887925,116.31345333068674,106.10810341365367
1999-04-07,98.74396347249838,130.76061731441337,112.98032775847689,105.0390224886911,106.99938757362821,190.2429676054378,164.13029303169378,98.96409378164596,148.98948497032112,143.30198543743668,118.30241338264148,107.24346012017976
1999-04-08,100.13625335746059,131.64978951215136,113.17239431566631,106.96123660023416,107.84468273545988,191.57466837867585,166.49376925135016,100.56731210090861,152.6844241975851,146.36864792579786,119.54458872315921,108.4124138354897
1999-04-09,99.97603535208866,130.5307663012981,112.866828851014,108.24477143943696,107.7584069892715,191.93866024859534,167.20969245913096,100.32595055186644,153.9669733608448,148.0665242417371,120.01081261917952,109.75672776704977
1999-04-12,101.95556085206002,132.2146131865848,114.62755138108982,109.35969258526316,109.81659256276657,187.94633611542454,171.70763318628158,101.51982936343364,155.39886621310066,150.34674871505987,122.0749985962294,111.29332195578847
1999-04-13,102.19005864201975,134.89856983427248,114.91412025954253,109.61121987820928,109.82757422202285,185.22111424175088,170.1279229609678,100.88025443844401,154.26445448974505,149.56494562174157,122.44122359201808,110.92605399333438
1999-04-14,101.33166214942679,135.72145111026154,116.6837977115395,106.82709489330276,111.5408843798864,181.40555928837082,166.14692956368117,99.44775482541812,151.0249009454604,143.9562601609263,121.48618204800033,111.78018460908305
1999-04-15,101.34179531564173,135.96574972226003,118.90078986805874,111.44202539269344,112.5335982508674,181.69580818323223,164.05347825117877,100.08422045630078,149.33342205487122,138.88899980326167,120.29561746392991,111.64604838755217
1999-04-16,101.777565035499,139.14734826576094,119.38828310651779,115.34249628143769,114.15408206567987,178.02555285793093,163.7089659468513,101.19515530336574,148.70622168224077,137.9862213045405,120.09111491424123,112.00331574239235
1999-04-19,100.71907835912981,142.02769837486218,118.70776989281065,117.90309969888561,114.54220594470318,167.71787334745673,159.9436597300737,102.3993776514758,143.0553852583156,130.52116673196483,119.53869578563572,111.56650281099702
1999-04-20,101.64569388003382,139.10192778834002,118.7908653317356,115.50966677499824,113.9236780326018,171.84373303180416,162.23085406421376,104.31424601355839,146.6317698897735,135.19382450096919,120.87752917843484,111.6669126635269
1999-04-21,103.84124086784254,140.11737186119493,121.21419898450301,114.27371334050575,115.87177292695927,178.2019511539809,168.65519588515662,104.20993176754483,150.22424825207295,140.54749995120756,123.0654124565645,113.30841627968073
1999-04-22,103.94508210871038,139.36073805314447,120.7050993487681,115.4393052165789,112.82434529898025,185.6507927122173,170.61159615742446,103.70972409506061,152.22223075382553,143.45683320019756,124.08685537995399,114.22621445154616
1999-04-23,104.23612833861478,139.36073805314447,120.71716985870297,113.64999598572194,112.5535668702627,187.54443079788192,170.50922919973,103.39859492277543,153.15078636142385,142.20875875135584,123.91313378242205,114.78592290235872
1999-04-26,104.87196872148033,139.6673316768614,120.92238904746277,112.42257602907615,113.37520790841562,193.20827260797796,170.11705797257062,103.67777112906691,152.4769229014336,141.52615670934932,122.31465435662881,115.91082494680182
1999-04-27,106.05702196803306,139.12262908332164,121.09168039212923,114.22133724554138,114.21418444693789,189.4213904648616,170.25315161894866,104.20652776182516,153.89495828441696,141.7525985600843,124.33284615351316,115.01831159471145
1999-04-28,104.71009778903904,140.20778559017154,122.60532639703084,118.79019073536303,116.54415380965541,184.96998778893737,169.45296180633957,104.883870192277,151.30952298523874,137.61342268212982,123.67388206889956,114.85728595847885
1999-04-29,104.10277922186259,142.3669854882602,121.89421550392805,122.02128392336493,118.02426456303803,183.00930591837462,168.84293114383675,106.07954631246896,147.72348729048858,135.8932548986032,124.08200587972694,113.5938558129356
1999-04-30,103.91539421926323,139.90403663931332,120.71184161353995,120.00793273862942,118.05967184240693,184.49168129631343,167.357113349771,105.92042699300026,147.53144675701094,134.46637572216787,122.5557972074063,113.52569949944782
1999-05-03,105.6819559209907,144.8426491326811,122.83637002593825,123.29615009566788,119.85417885441151,184.56547796883197,168.82985594724894,107.40331297090226,150.00997506252872,136.69851755915585,124.0019556144537,114.45661023534328
1999-05-04,104.70968192651759,141.54023673245595,122.44329364185526,123.3947870157444,117.72077447080298,181.00336424403352,166.66883379112417,106.67297044270012,146.72475660865936,135.61859927043852,121.0755094619526,113.97589247235484
1999-05-05,106.1023206961403,140.74761140675417,124.30443170521148,121.71661791233026,117.93267186485043,183.51931100702558,171.1522254201054,106.96098746289539,147.34100058641573,137.23246060175674,121.93514557913248,114.32921773901916
1999-05-06,105.26411236264079,139.0164157864511,124.41630569374615,118.8927923767642,118.87613323976925,178.78451278304433,170.43338607334096,107.00377185788055,144.5267874752152,137.12267463327532,120.43534328850916,114.19202267773234
1999-05-07,105.3799028862397,141.65772768639366,125.79732668694675,119.74882048187692,118.78103233317742,181.62718653629472,172.54676006065037,107.26058091033946,145.89979195622976,136.75244341176546,122.2900475751522,114.29479549814229
1999-05-10,105.25344700277621,141.4594068676327,125.11802112283723,119.55722236910592,118.35342061677798,184.35159433433913,170.0275773637649,107.432197839796,145.84143203944726,135.05671311345958,122.2900475751522,114.46623769138952
1999-05-11,106.26388009400287,141.75647162205476,125.71858762422683,119.44962086897371,118.9215170357385,188.35202393139429,171.47281177135687,107.72226477396345,149.39996298120977,136.50181994377357,123.68415411750895,115.19882161261441
1999-05-12,106.8270786585011,143.32996845705958,124.73798264075786,116.67838966481352,118.14852717500621,192.04372360044962,173.39330726319608,107.82998703873741,149.19080303303608,138.50839669694705,124.43862745762576,115.72873619203243
1999-05-13,107.41462759112285,141.99699975040895,124.10181892929,117.09843186760685,118.42026878750873,190.8722568864869,175.14457966655436,109.67387981709979,149.29523659515917,139.68571806887107,125.54613124199861,115.36997710983714
1999-05-14,106.48012033108007,138.04948315734754,122.20306109967187,116.05625582398514,117.66237906726869,185.79505485330637,172.18463627018957,108.29198893140435,146.9662309042747,135.80245510655644,121.57887349475145,113.36253950812598
1999-05-17,106.82085671613955,134.03224319746874,121.73868946749312,116.09107270073234,117.0975996477458,188.89783226935657,173.78595338750236,109.47237161075665,145.99625378030646,136.23702296289744,120.4725057459492,113.0224518896016
1999-05-18,106.95972382987054,134.31371090818342,120.64304126228566,114.01304249938921,115.96175293116266,189.52119511584547,171.23129987270607,109.47237161075665,146.79923317609817,134.52043647356493,120.18337173215895,112.86422045695616
1999-05-19,107.78331370336053,133.9510638887313,122.50094409772487,115.15317292438311,116.8430622534395,190.63937016702897,173.1490904312804,111.08161547343475,146.6964737128749,136.06742149301095,121.31309542644124,113.43982798128664
1999-05-20,107.3845154426581,134.87532622956354,121.96193994369489,116.39682719196645,116.93653670324224,187.87509929960706,172.9066817046766,111.09272363498211,147.00453630767194,137.08792715420856,120.7550551874796,113.383108067296
1999-05-21,107.23417712103837,136.30500468759692,121.41311121394827,119.31838755448479,116.79621285919835,186.3345234853503,171.28135889665265,111.53709452952202,146.03430636804129,134.86710273431038,119.93392081220473,112.419351648724
1999-05-24,106.01170750185854,134.3558431205643,120.4175237019939,115.40474444269768,114.97419193859486,181.9742956357931,169.34587954112047,112.3067004817757,143.88760206443106,130.88852320364822,117.58321596428551,110.62064202234443
1999-05-25,105.76788057460426,134.75891064992595,118.67146960831498,114.8277207204842,114.33033646373872,176.49686933715574,167.61855156980104,112.48639120254656,142.07461827841925,128.38855241045852,115.1845183586141,108.72902904376234
1999-05-26,106.41306464610936,134.89366956057586,118.9800154292966,117.89362086372113,115.08491668439937,181.12108731378922,169.9316875814643,113.2400500236036,143.06914060636817,128.33719698949434,117.7185777625036,109.47925934416429
1999-05-27,104.77430345055927,132.66792401282638,116.46953710373845,114.81659735917799,113.17450706743834,179.72645494147304,166.2611631297047,111.83587340331091,140.30790619266526,128.43986674708594,115.9410272382898,107.7604349724609
1999-05-28,105.35056211953734,133.62313306571875,117.1916482337816,116.28624980537548,112.91420570118325,182.99747642140784,168.47243659932977,113.06606801074733,143.1421258977571,131.75361530916078,117.85405418772159,108.96735184415247
1999-06-01,105.88784998634699,135.1597990959745,118.9729612869351,114.19309730887872,115.82739220827378,178.38594001558837,168.16918621345098,111.7318884082205,143.64312333839925,130.3965530714764,116.08624337490576,109.19618328302518
1999-06-02,105.69725185637158,134.95705939733057,119.09193424822202,115.96309031716633,114.36796706644954,180.8119887998004,167.7992140037814,111.21792172154268,144.21769583175285,130.10968065471917,115.58707252839366,109.01054977144405
1999-06-03,105.76067020748539,135.19998210424575,119.61593875891418,116.0094755532932,114.82543893471532,178.75073212748268,167.61463486837724,111.47372294150222,146.85687966547394,131.51486520579013,115.95695116048455,108.781627616924
1999-06-04,106.87115724466398,134.71326216867047,121.21879233828365,116.85634472483224,117.70755745197667,185.72201068045447,169.65953341377144,112.38780746962253,149.42687505961973,136.43352116448668,117.05854219650915,110.91374751821573
1999-06-07,106.17649472257366,136.18163672630894,121.86125193767656,118.02490817208056,118.66098866733768,188.8421404598861,170.7283884742782,112.6912545497905,149.06825055947667,134.74174550204705,118.75589105835853,112.11161599141244
1999-06-08,105.30584746584857,134.46574810355744,120.76450067023747,116.59680678319839,116.40642988265826,184.08331852029698,171.36008351163304,112.29683515886623,146.65334490041312,133.1652670796731,117.853346286315,111.0689779626923
1999-06-09,105.62176500824609,132.40842215757303,120.35390136795867,117.12149241372278,114.9280682231485,187.3047765944022,172.26829195424472,112.19576800722326,146.2867115381621,132.4728076908588,116.9105195160245,111.01344347371096
1999-06-10,105.2732131837189,131.7331392045694,119.59567178934054,116.8989615781367,113.5374385976484,184.57012685612392,171.14854805654213,110.69234471592648,145.21881854393354,128.7900636370529,115.32053645060655,109.90330903897384
1999-06-11,104.30469962242867,130.42898112644414,119.08141040064638,116.64178386266482,112.41341795553168,182.09688715625188,168.83804265777883,110.6812754814549,144.72507456088414,127.90141219795723,114.90538251938437,109.16695686841271
1999-06-14,104.30469962242867,129.72466462836135,120.41512219713361,118.50805240446745,113.43638005892703,179.5839501134956,170.42512025876195,111.4117718996325,144.1461742626406,126.59681779353807,114.18147860951227,107.8897034730523
1999-06-15,104.78450124069185,128.53119771378041,120.61982790486876,119.9657014490424,114.08296742526292,181.7209991198462,170.69780045117597,112.72643080804816,143.46868724360618,127.83746660791473,114.60395008036745,108.21337258347144
1999-06-16,105.3503375473916,131.79589013571044,121.98283196019379,118.32217133919052,113.92325127086755,190.87973747548645,173.65087239898133,113.72969604223977,147.28495432428613,129.5121374204784,117.4575884373686,109.52275439173145
1999-06-17,105.60317835750534,131.96722479288687,122.81231521752309,118.98477549869,115.07387610870332,192.42586334903788,174.43230132477674,113.37713398450884,147.8888226370157,131.10513671075032,118.52645249214866,109.92798858298084
1999-06-18,105.11740373706083,131.29419194644314,122.54212812404455,118.74680594769262,114.87825051931853,194.13845353284432,175.70565712444764,112.9236254485708,148.83531110189261,129.92519048035356,118.78721068763139,110.47762852589575
1999-06-21,104.33953494940657,132.10821593651107,121.43924897092815,115.49314346472586,113.94773669011204,199.94319329347636,176.63689710720723,111.90731281953366,150.6511018973357,129.22359445175965,119.7493870942012,110.80906141147342
1999-06-22,104.40213867037622,131.8307886830444,121.0020676746328,113.85314082752676,113.05894434392916,195.44447144437316,174.53491803163146,112.28779768312008,149.82252083690037,129.8955571429088,118.74349224260992,109.76745623420557
1999-06-23,104.32905717330696,129.78741145845723,121.13516994907489,115.29907571603634,112.78760287750373,197.55527173597238,173.78441788409543,111.77127381377771,148.66888742645622,128.8044344629084,117.63917776475365,109.52596783049032
1999-06-24,103.27533369585655,130.3195398454369,119.94804528357396,113.29287179857732,110.94916495060043,193.40661102951694,170.70843368754694,111.12300042565779,146.86999388859613,130.02807659030603,115.69813133163522,108.86881202350737
1999-06-25,103.15140329542152,130.3846996153596,119.48024790696803,112.15994308059155,111.22653786297694,193.60001764054644,171.56197585598468,110.48959932323154,146.63500189837436,129.54697270692188,116.07993516502964,109.06477588514969
1999-06-28,103.7599965748645,130.8540845339749,120.3405056918982,111.17293558148234,111.7826705522918,196.98801794925603,173.72365675177005,110.77687228147195,150.21289594469468,130.3372092404341,117.94882212118661,110.66802809066138
1999-06-29,104.50706855020353,131.73080690035252,122.26595378296858,113.80773415476347,112.74400151904152,200.59289867772742,175.21768019983529,110.33376479234607,153.33732418034432,133.67384179698922,119.21087451788328,111.83004238561331
1999-06-30,105.61484347683567,134.8528270238909,124.08771649433481,114.58162674701585,113.92781353499144,204.36404517286869,178.3891202114523,107.9836556022691,154.74802756280351,137.61722013000042,121.2255382972355,113.06017285185506
1999-07-01,106.61818448986563,136.88910471195163,123.87676737629442,116.18576952147406,113.77970737739595,206.81641371494314,178.03234197102938,108.96630686824975,155.11942282895427,139.14477127344344,121.63770512744611,112.68707428144393
1999-07-02,106.84208267729434,137.21763856326032,124.4094374760125,117.10363710069372,114.04140070436397,209.8152517138098,178.0501452052265,109.42396535709639,156.344866269303,140.3553307835224,122.64729808000392,112.94625455229126
1999-07-06,105.9232407662696,138.61725847660557,124.69557918220733,118.73137765639336,114.18965452527965,209.2277690090111,177.26672456632352,109.31454139173931,156.87643881461864,139.28863026956762,123.12562254251593,112.27987165043274
1999-07-07,105.44658618282139,137.619214215574,126.316621711576,118.49391490108059,114.32668211071,211.17358726079493,179.53573864077242,109.13963812551253,156.70387473192255,139.40006117378326,122.86705873517664,109.89953837144357
1999-07-08,105.37277357249341,136.06411709493804,126.32925337374716,118.43466794363005,113.09195394391433,213.6654355904723,180.4154637601122,108.62668182632262,156.06138884552166,138.74488088626646,122.09299626514505,109.8335986484207
1999-07-09,105.85748833092687,135.42461574459185,126.87246916325428,118.31623327568641,115.3877206089758,216.0157553819675,180.09071592534397,109.2567165809153,157.70003342839965,138.91137474333,122.50811245244655,110.31686648247374
1999-07-12,105.58225886126647,136.10173882331478,126.32691754585228,119.28642638854703,114.53385147646938,215.58372387120355,181.04519671974833,108.79783837127546,156.59613319440084,139.0502861180733,121.73631134399614,109.89766238984033
1999-07-13,105.23383740702428,133.9921618715534,126.18795793655184,117.87884655716216,115.63337645064348,214.54892199662177,180.03134361811772,108.9066362096467,156.20464286141484,139.55086714809838,120.77459448437857,109.64489776634369
1999-07-14,105.25488417450568,134.04575873630202,126.88199170520289,118.1381800195879,116.48906343637826,218.2391634549637,179.9953373493941,109.14623080930794,156.75135911142982,139.4531815410947,120.32772848478636,110.0944418471857
1999-07-15,106.10744873631917,134.27363652615375,127.31339047700058,119.07147164174265,116.38422327928552,220.09419634433084,181.97528606023744,109.57190110946425,158.44427378983323,141.48919799159466,121.47084190539184,110.64491405642163
1999-07-16,106.6804289594953,135.0255688907002,128.44647965224587,118.84523584562334,115.46478791537918,221.76691223654777,184.03160679271812,109.21031383580302,159.07805088499256,141.29111311440644,122.22396112520526,110.9547198157796
1999-07-19,105.5816205412125,134.64749729780624,128.3694117644545,117.97766562395029,114.2870470786423,218.7730589213544,183.36909300826434,109.29768208687165,158.20312160512512,139.07284263851028,121.47839496234153,110.7106194321849
1999-07-20,104.89534000769463,132.81629133455607,126.72628329386949,115.74788774365763,114.6070508104625,208.6657435991878,180.98529479915692,108.99164857702841,153.9158170096262,136.36092220705933,119.77769743286875,109.22709713179361
1999-07-21,105.74499226175695,133.892103294366,126.97973586045721,116.17615492830917,114.52682587489518,210.96106677877881,182.30648745119075,109.49301016048274,153.1000631794752,136.70182451257696,118.87936470212223,109.45647403577038
1999-07-22,105.05764981205554,133.26281040888247,126.49721286418747,115.3977746902895,114.65280538335759,203.59852554819943,179.17081586703029,109.59155386962716,150.40550206751644,135.71757137608643,119.09334755858605,108.51514835906275
1999-07-23,104.28022320344634,132.5431912326745,126.2442184384591,116.37865577515694,113.26550643821895,204.14824156717955,179.11706462227016,109.50388062653144,150.3302993164827,134.9032659478299,117.67613672263889,108.35237563652416
1999-07-26,104.47835562753289,131.93349255300419,124.93127856669912,114.16746131542894,111.90632036096034,198.5137500999254,178.0065388216121,109.40532713396757,150.17996901716623,134.56600778296036,117.65260149529435,107.37720425579545
1999-07-27,104.93806039229403,133.41114766959785,126.16809822450945,114.01904361571889,113.62967769451913,203.9133241026434,180.16041794135361,109.08805168527907,150.6305089242177,135.05044541097902,118.71147490875198,108.18253328771392
1999-07-28,104.27695061182258,132.9308675379873,125.56249135303179,115.62671213070053,112.67518840188518,206.7273279752599,179.8901773144416,108.21534727179683,150.9167068911737,134.82085965378033,118.35534048402572,108.32317058098795
1999-07-29,103.48444578717273,130.6710427898415,123.56604774051858,115.04857857004703,112.83293366564781,201.5591447758784,176.7960662646332,107.06826459071577,148.2907561912673,132.0839962028086,116.41431290008771,106.1242102181939
1999-07-30,103.00841733655173,126.72477729758829,122.24389102969502,116.4406663707446,113.64533078804048,200.87384368364042,175.29329970138383,107.33593525219256,147.00062661240327,131.56886861761762,114.22572381756603,105.43440285177563
1999-08-02,102.0710407387891,127.20633145131912,121.97495446942969,114.95022584119906,113.94080864808937,199.64851323717022,176.08211955004006,107.8726149284535,146.32442372998622,132.5161644716645,113.89446921849509,105.00212180008334
1999-08-03,101.8771057613854,127.30809651648016,122.12132441479302,115.93879778343334,114.87512327900372,197.37252018626648,174.5149886860447,108.20702003473173,144.5685306452264,131.85358364930616,112.23160996790507,103.60559358014225
1999-08-04,100.73608217685788,126.11140040922525,121.62062698469236,117.56194095240143,114.23182258864128,194.60930490365877,170.57094994174008,107.7417298485824,140.9976879382893,128.78139515027732,110.41345788642501,101.83393792992182
1999-08-05,100.61519887824566,124.86289754517392,122.58142993787142,120.43045231164002,115.95672310972975,197.29491331132925,172.37900201112254,107.86024575141585,139.9261055099583,128.7170044527022,110.89927710112526,102.11907295612559
1999-08-06,99.81027728721969,123.55183712094959,121.55174592639331,119.38270737652874,115.5508745788457,196.58465162340846,172.0514819073014,107.66609730906329,138.73673361312365,126.32286816988194,108.30423401695893,101.00597506090381
1999-08-09,100.40913895094302,124.13253075541803,120.76165957787175,120.67204061619523,114.12959882152589,194.99231594525887,170.07288986536744,107.47229833390696,136.0036199609451,126.94185022391436,108.58582502540301,100.9049690858429
1999-08-10,99.68619315049622,121.35196206649668,120.04916578636231,120.47896535120933,114.09535994187942,192.106429669269,165.63398743988134,106.68775055606945,137.01004674865612,125.22813524589151,107.05476489254484,99.39139454955526
1999-08-11,99.86562829816712,123.69405493438008,121.609804941585,121.98495241809944,115.3389993652459,199.32963142483354,166.32965018712883,106.95446993245963,138.7226723330143,125.40345463523576,108.98175066061064,100.07719517194718
1999-08-12,99.69585673006023,123.13743168717536,121.0503998388537,121.88736445616495,114.20867717146648,196.89780992145057,166.36291611716626,105.82075255117556,139.5550083670124,127.89898338247696,108.97085248554458,100.61761202587569
1999-08-13,100.10460974265347,125.50167037556915,122.62405503675879,121.83860951038248,114.92819183764671,203.9073719546542,170.62180676976575,106.21228933561491,142.47170804188292,130.39301355843526,112.28356640110515,102.16712325107417
1999-08-16,100.17468296947331,124.91181252480396,123.39658658349038,121.6193000132638,114.77878518825777,205.11042544918666,170.05875480742554,105.65998543106971,143.9391666347143,131.1232144343625,112.16005447806394,102.38167420990143
1999-08-17,100.60543410624206,125.73623048746767,124.67991108395866,122.40982546335,115.53632517050025,205.91035610843852,173.0347830165555,105.88187140047496,144.67325638455137,131.93617836385553,114.81824776919407,103.48739629136836
1999-08-18,99.22713965898653,126.39005888600252,123.42064398201067,122.22621072515498,114.49649824396575,204.42780154445774,170.43926127130717,105.61716672197379,143.70394556677488,131.2369166185271,114.17526558168657,103.1872828421234
1999-08-19,98.91953552604366,126.23839081533932,122.87759314848982,122.09176189335732,114.83998773869763,201.9542251457698,167.09865175038956,106.66277667252133,142.58305479135402,131.59125629339712,112.7480747619155,103.01186446129178
1999-08-20,99.54272859985774,127.13468339012823,124.11865683928957,122.82431246471745,116.57407155355195,204.17572162237326,164.17442534475774,108.40137993228342,144.0231436447467,135.53899398219903,113.83045627962991,103.00156327484564
1999-08-23,99.75176832991744,128.35517635067347,126.53897064765573,123.68408265197046,117.46003449735896,209.5455431010417,165.701247500464,108.53146158820218,145.95305376958632,139.63227160046145,116.1412145421064,103.92857734431924
1999-08-24,98.9637293601111,127.8674266805409,126.32385439755471,122.17513684361643,118.03558866639601,212.29058971566536,165.46926575396336,108.84620282680795,145.1065260577227,139.70208773626166,116.38511109264482,103.40893445759764
1999-08-25,101.17062052484158,129.51691648471984,126.77862027338591,121.7353063509794,118.57855237426142,216.57885962792182,169.6225443243878,110.72924213571173,146.96388959126156,143.06890805070557,115.5704153149963,104.16381967913813
1999-08-26,100.74570391863725,129.41330295153207,126.48702944675713,119.17886491760883,116.59829054961126,213.87162388257278,169.23241247244172,109.96521036497533,144.14218291110933,140.39351947015737,113.81374500220835,103.36175826760876
1999-08-27,100.14122969512542,128.18387657349254,124.76680584628124,118.39228440915261,114.83765636231213,213.18723468614854,166.18622904793776,109.51435300247894,143.29174403193377,137.86643611969453,112.4707428111823,102.40049391571999
1999-08-30,98.89947844690587,126.35084713849159,122.97016384209478,116.68743551366083,113.52850707978178,209.62700786688987,163.01207207312214,108.30969511945167,140.4545675001015,137.82507618885865,108.61299633275874,100.57776512402017
1999-08-31,98.26652178484568,127.488004762738,121.8265413183633,118.63611568673895,112.5181033667717,211.91194225263894,160.79510789292766,107.95227312555748,138.2494307903499,136.55708548792114,108.3631864411934,100.33637848772253
1999-09-01,99.03300065476748,128.1764399884568,123.05698938567878,118.47002512477754,113.62078077976608,212.5264868851716,163.7698173889468,108.50282971849785,138.8853781719855,138.76931027282546,109.33845511916414,100.51698396900042
1999-09-02,98.0822838484817,126.20252281263458,122.4293987398118,117.28532487352976,113.41626337436249,212.10143391140127,161.73907165332386,107.89521387207427,137.35763901209367,137.15958627366066,107.6437090648171,99.87367527159881
1999-09-03,99.66140861844227,127.57813031129228,124.90247259435601,119.51374604612681,114.78860016119225,220.67033184142187,166.39715691693957,109.36258878073448,140.55807200107546,140.7394514754032,111.55117570386996,102.18075717037274
1999-09-07,97.89740168589583,126.51923182970857,125.88920212785142,120.79254312882036,114.76564244116001,221.11167250510474,166.74659094646515,108.12679152751218,139.23682612426535,139.66983164419014,109.7998222453192,102.87558631913127
1999-09-08,98.298781032808,125.19077989549663,126.22910297359662,121.79512123678956,114.43282207808065,218.52466593679497,165.17917299156838,107.57534489072187,139.38998663300205,138.9156145533115,108.77868389843775,102.34063327027178
1999-09-09,98.38724993573751,124.48971152808184,126.17861133240717,123.99961293117545,113.517359501456,221.7588309926595,165.7407821797397,108.1454942186427,140.05905856884047,138.47108458674094,107.65826345428384,102.5350804734853
1999-09-10,97.54111958629016,124.25318107617849,125.64866116481106,123.06961583419165,114.07359456301313,225.1739169899465,166.13856005697107,108.57807619551727,141.65573183652526,138.26337795986083,108.04583320271928,102.93496728733189
1999-09-13,97.69718537762823,124.34015830293181,125.33453951189904,120.87897667234304,114.26751967377027,220.80554300034154,167.28491612136415,107.87231870024641,142.39234164207522,137.93154585275718,107.48399487006515,102.92467379060315
1999-09-14,96.31965506380367,122.43775388089695,124.23159556419432,120.22623019831241,112.29069158341404,223.21232341904525,167.36855857942484,107.17114862869481,141.4240737189091,135.93153843789221,105.61377335932602,102.45122029116638
1999-09-15,96.1559116501952,120.41753094186217,123.49862915036557,117.97799969360396,110.64001841713787,218.30165230382624,164.7241353538699,107.17114862869481,140.00983298172,134.11005582282445,105.15963413388091,101.46768857637119
1999-09-16,96.25206756184538,120.39344743567379,123.15283298874455,118.26114689286862,110.19745834346932,217.9741998253705,166.17370774498397,106.62457577068847,138.9177562844626,134.2173438674827,104.70744770710523,99.94567324772562
1999-09-17,96.92583203477828,120.52588022785304,124.37204603533311,120.1651513578438,110.91374182270187,221.72335606236692,168.73278284425672,107.32829797077501,140.55698580861926,134.92869578998037,106.10005676160974,101.18499959599741
1999-09-20,96.8289062027435,120.12814482310112,124.6207901274038,118.29057499666145,110.50336097795785,223.47497057525962,168.29407760886167,106.72725950213866,139.61525400370152,135.19855318156033,105.82419661402955,100.86120759729023
1999-09-21,95.11503456295493,117.42526156458135,122.32776758905956,115.21502004674824,109.04471661304882,217.70931633441793,167.06553084231697,105.05164152795507,137.68856349845043,132.27826443283863,103.81353687836298,99.63070086460328
1999-09-22,94.28753376225723,117.82450745390094,121.91185317925677,114.76568146856592,107.76889342867615,219.90818042939554,168.4521747483082,104.63143496184327,139.16183112788383,132.68832705258043,103.70972334148463,99.51114402356576
1999-09-23,92.67521693492262,115.6094067137676,118.92501277636498,113.57211838129284,105.71050756418843,211.00189912200503,164.44301298929847,102.85270056749192,137.11615221030394,129.4507318724975,103.02523916743083,97.94881906239577
1999-09-24,92.832764803712,114.9619940361705,118.73473275592279,112.356896714613,105.00224716350837,211.71930557901985,164.14701556591774,102.16358747368972,137.1024405950829,127.36657508935028,103.35491993276662,97.3611261480214
1999-09-27,93.37119483957353,116.15759877414666,120.29015775502539,113.1096879226009,105.83176491610008,214.15407759317858,166.0182915433692,102.25553470241604,137.43148645251108,127.29015514429666,101.93895752968771,97.77977899045787
1999-09-28,92.6335624003409,115.37934286235986,118.88276290929159,111.24337807187798,105.7365163276756,214.6466319716429,167.9441037252723,101.21252824845139,137.6788631281256,126.09362768594028,101.92876363393475,97.54510752088078
1999-09-29,91.89249390113818,115.56394981093965,118.53800289685464,112.42255787943989,104.02358476316726,210.91178057533634,166.31504591913713,102.1133197498626,137.47234483343343,124.82008204631228,101.3681554339481,97.81823382193923
1999-09-30,91.47897767858306,116.83515325885998,119.93675133103751,113.9290201550244,104.03398712164358,211.94524830015547,168.26093195639103,103.31825692291099,140.01558321285194,126.92954143289495,102.30074246394042,99.06052539147787
1999-10-01,91.39664659867233,116.05235773202563,119.04921937118785,112.85808736556717,104.69980463922208,211.309412555255,167.23454027145706,104.39276679490925,140.19760347102869,130.80089244659823,101.13451399985152,98.00057776978905
1999-10-04,91.64341754448874,117.82795880532562,120.88257734950415,110.86049921919663,106.65769098597553,215.59899363012667,171.5659148644878,106.1674438304227,142.8753776973253,131.86037967541566,103.8651458778475,98.89238302749413
1999-10-05,91.47845939290866,117.8161760094451,120.93093038044394,108.55460083543733,106.12440253104565,217.19442618298962,169.18114864787142,105.02083543705412,142.93252784840422,131.1351475872009,104.37408509264894,97.99246234194395
1999-10-06,94.38747440160317,119.35956791516884,122.43047391716144,110.76911469248026,108.14076617913551,220.2134287069332,173.85054835055266,105.31489377627786,145.0193427549909,134.49220736543325,106.51375383704824,99.27616359862343
1999-10-07,94.24589319000076,118.3450115878899,121.91626592670937,109.63926972261694,109.15728938121939,218.03331576273456,174.47641032461468,103.77729632714421,144.67129633237894,134.84188710458335,105.58708417866592,99.63355778757847
1999-10-08,95.72555371308378,119.80065523042094,122.97693744027174,108.41130990172366,110.37985102228905,217.79347911539554,177.5471951463279,103.66314130118435,149.2284421668489,139.332121945166,107.20256656659953,99.61363107602097
1999-10-11,95.05547483709219,120.50747909628043,122.79247203411134,110.68794740965984,109.29812848227061,220.16742803775333,178.93206326846928,102.84420248490498,148.57183702131476,139.73618509880697,106.2163029541868,99.54390153426775
1999-10-12,93.89579804407967,119.37470879277541,120.56992829029394,110.76542897284658,107.29797273104506,215.1916441641001,174.5482277183918,102.40197241421988,146.35811664969717,137.12311843745925,104.58057188869232,98.39914666662366
1999-10-13,92.19628409948183,117.91833734550355,118.76137936593953,111.0312660023814,105.57047537007524,209.74729556674836,172.26164593528082,102.44293320318559,141.87955828021643,134.27095757396012,101.87193507677519,96.6673216852911
1999-10-14,92.97995251432742,118.27209235754003,119.48582378007177,111.71965985159615,106.55228079101695,210.1458154283252,170.95245742617269,103.66200410830348,141.87955828021643,132.6597060830726,101.59688085206788,96.54165416710022
1999-10-15,90.60896372521208,114.36911330974122,116.46283243843595,109.03838801515784,103.36636759536555,205.4175345811879,166.83250320220193,102.10707404667893,138.0488102066506,128.6135850475389,98.10194815075674,94.62047524917493
1999-10-18,91.79594115001237,115.70723193546519,116.81222093575126,109.34369550160028,105.5887444986659,201.82272772601712,167.68334896853318,103.04645912790839,138.17305413583657,130.49134338923295,99.51461620412763,93.6269602590586
1999-10-19,92.86077406735251,115.5568125339491,116.34497205200825,109.9669545659594,107.24648778729498,200.06686999480075,167.73365397322374,101.87172949385024,140.20419803163335,136.37650297608735,101.5049085282102,94.06700697227618
1999-10-20,92.19217649406758,116.227042046646,118.54389202379119,113.39792354841731,107.32156032874607,206.9491703226219,169.91419147487565,101.6883603807613,143.23260870911665,138.026658662098,103.01733166528051,95.52504558034646
1999-10-21,91.43620064681622,115.7040203574361,118.89952369986254,113.26184604015921,109.57531309564972,205.74886513475073,168.4529294281917,101.37312646358095,142.24430370902374,139.04805593619753,102.96582299944788,95.31489048006969
1999-10-22,92.98147243774741,117.12717980783256,120.42143760322077,115.48177822254632,109.89308150362709,206.30438707061452,170.05323225775953,101.74820703149618,143.56717573351767,139.54862893756786,107.13593883092551,97.13540488823901
1999-10-25,93.48357238891126,116.99833991004394,119.87954113400627,112.21364389884828,109.4205412531615,206.5106914576851,170.39333872227508,102.17554950102847,141.98793680044898,138.19500723687344,106.0110114732008,97.57251421023608
1999-10-26,92.57678173673882,116.57714588636776,119.72369773053207,109.57662326722534,108.37010405713114,207.15087460120398,169.67768669964153,101.99163351192662,137.48691920387475,134.5190200443726,105.36434430321428,96.53824555960757
1999-10-27,94.20613309530543,117.0317967553246,121.05263077534099,109.70811521514602,109.13953179593679,204.93436024297108,172.22285200013613,104.21505112248661,136.48326469368646,136.20050779492726,109.62106381306414,97.13678268207714
1999-10-28,97.01347586154554,119.98099803355878,123.5826307585456,110.88199204794809,111.62791312088413,210.07821268506964,180.8167723149429,105.56984678707893,141.81976034320957,139.85068140383132,116.09966868441622,100.11888191041692
1999-10-29,97.56645267395635,122.22464269678632,125.86890942757869,112.1349585580899,112.32000618223361,218.37630208612987,182.4983682974719,105.60151774111503,144.51433578973055,140.59189001527164,116.81948663025959,101.66071269183735
1999-11-01,96.3371153702645,121.50351730487527,123.09979342017196,112.7517008301594,112.73559020510788,219.00959336217963,182.58961748162065,105.58039743756682,143.4738325720445,140.35288380224566,115.55783617465278,101.0710805582247
1999-11-02,95.4989824665432,121.44276554622284,122.80435391596356,110.99277429720891,111.9126203966106,219.2286029555418,179.94206802813716,106.03439314654834,143.5025273385589,138.24759054521198,116.06629065382126,100.74765310043838
1999-11-03,96.2343246315356,121.05414869647493,123.82363005346606,110.08263354797178,112.6848174773472,222.8020291837171,180.53587685263003,105.52542805944492,143.2442227893495,141.2613880190976,115.31185976457144,101.38236331497114
1999-11-04,95.51256719679908,120.86046205856056,123.76171823843933,109.47717906345795,112.84257622181548,225.45337333100335,181.76352081522788,104.49127886446234,143.74557756911224,143.71933617062993,116.8339763134638,101.65609569592155
1999-11-05,95.89461746558628,120.83628996614885,124.8508213589376,106.80593589430958,112.8312919641933,228.4519031963057,182.81774923595623,104.6584649106455,146.18925238778712,143.6187326353105,118.79678711552997,100.98516546432847
1999-11-08,96.50834301736603,121.23504972303716,124.73845561971456,111.77241191339498,112.82000883499688,231.51315869913623,184.1888823552259,104.30262612994932,146.84710402353215,142.81446773255274,118.02460799927903,101.06595359669993
1999-11-09,94.8677011860708,121.04107364348029,124.26444948835965,113.79549256902743,113.06821285443387,230.54080343259983,182.08912909637633,103.38476302000576,145.14367761685918,141.20066424717487,116.24243641848993,100.41913149368105
1999-11-10,94.96256888725686,121.76732008534117,124.73665439641542,115.14965893059885,114.18758816169276,234.39083484992423,184.16494516807504,102.47497710542972,145.1146488813358,142.18906889690507,114.97539386152837,100.99152054319502
1999-11-11,94.3073271619348,121.23154387696566,125.21065368312179,115.3108684531017,113.04571228007583,237.50823295342823,184.90160494874735,102.55695708711406,146.72542148391864,143.25548691363187,114.14757102572537,101.86004761986649
1999-11-12,95.26926189898653,121.91044052267668,126.09964932427195,117.00593821936229,113.61094084147621,238.29201012217456,186.67666035625533,102.6800254356186,149.27844381773886,143.24116136494052,118.30254261106177,103.11292620559085
1999-11-15,95.24068112041682,123.65375982215095,126.7301475708933,117.70797384867846,114.39485633328236,236.79077045840486,187.0313460109322,102.51573739492162,149.4874336390837,142.7827896485727,118.50365693350058,103.82440539640942
1999-11-16,96.62167099666287,124.38331700510163,129.11267434522608,119.7443217962606,115.6303207816818,242.33167448713155,190.32309770072462,102.72076886971146,150.86271802856328,144.26773066091786,121.50179945391815,105.00800361792851
1999-11-17,96.74727916895853,122.28123894771541,130.1584870074224,122.07933607128768,115.83845535908883,240.2476220865422,189.56180530992174,102.14553256404109,150.10840443842045,143.70508651134028,118.70725806647802,104.54596840200962
1999-11-18,97.12459355771747,120.7282672130794,130.0413443691157,122.09154400489481,115.61836229390656,248.56018981073652,191.59011662673788,101.55308847516964,151.4443692379224,143.70508651134028,118.81409459873784,105.49733671446792
1999-11-19,96.3961591060346,120.23328131750579,128.72792679098765,120.38226238882628,115.80335167357683,250.9463676329196,191.09198232350835,100.74066376736828,150.38425865325692,144.10746075357204,118.11309144060529,105.00149923190993
1999-11-22,97.63002994259183,121.01479764606957,128.93389147385324,118.67283426290494,115.28223659104573,252.97903321074625,191.66525827047883,99.10866501433692,148.76010865980177,145.37560640820345,116.71935696160614,104.60249353482867
1999-11-23,96.4389435772922,120.16769406254708,127.2835376629879,116.0857664759736,115.201539025432,250.39864707199663,188.52194803484298,97.602213306119,147.82291997524501,143.31127279720698,114.73512789325883,103.98533882297318
1999-11-24,97.70229373815475,120.22777790957835,127.02897058766192,117.44396994374249,115.48954287299557,254.7555835310494,192.16042163191545,97.8559790607149,149.67070647493557,145.04533919805317,113.86314092127006,104.52606258485267
1999-11-26,96.69596011265178,119.67473013119428,126.49544891119373,116.23429705332194,115.18927006152578,256.2586414738826,195.4463648418212,97.49391193819025,150.7782697028501,144.46515784126098,113.70373252398028,104.03479009070384
1999-11-29,96.41554182832508,120.84754248647998,124.81305944067486,115.80423015422463,113.57662028066441,253.51667401011207,196.2281503011885,95.70002395852755,152.7986985168683,145.62087910399106,111.24773190146232,104.07640400674012
1999-11-30,96.50231581597056,119.53030427337734,123.914405412702,115.66526507803955,112.89516055898044,246.31680046822487,190.9103674280263,97.83413449280273,150.52199790896697,142.72302360982164,112.53820559151929,103.6080601887098
1999-12-01,96.78217253183686,119.57811639508668,125.98377598309412,119.19305566291976,114.50956135497385,250.602712796372,189.11580997420285,97.41344771448368,152.1024788870111,140.49654444150843,112.26811389809963,103.53553454657771
1999-12-02,97.31447448076197,119.78139919295833,127.01684294615549,117.41707913354225,115.36838306513617,258.84754204737266,190.45853222501972,97.81284285011307,150.96171029535853,141.35357336260165,112.30179433226905,104.64336476622609
1999-12-03,97.96648145978307,122.85978115221738,128.8966922217586,118.10983990043016,116.914319398209,264.33510993877695,195.1247662645327,98.39971990721375,152.32036568801675,141.46665622129171,114.73874326927931,106.30719426600908
1999-12-06,96.13450825648513,122.88435310844783,128.92247156020292,117.49566873294792,116.65710789553295,267.90363392295046,194.18816738646294,97.66172200790965,151.25412312820063,138.08560313760282,112.0194350537974,106.05205699977066
1999-12-07,94.64442337850961,119.43130278610043,127.99422976496948,115.89772763817983,114.58061137499244,269.43068463631124,195.41155284099764,96.7241694766337,148.87943339508786,134.45395177508388,111.30251066945308,106.35960796506998
1999-12-08,94.54031451279326,119.383530264986,129.68375359786708,116.87126855034053,114.39728239679245,269.13431088321136,195.54834092798635,95.6698760293384,148.07548445475442,133.3783201608832,109.96688054141966,107.61465133905781
1999-12-09,94.95629189664955,118.88211943787306,129.72265872394644,117.93479709414865,113.379146583461,268.8113497101515,197.44515983498783,94.95235195911836,151.48122059721373,132.60472590395008,110.62668182466817,107.88368796740544
1999-12-10,95.54502090640878,117.68141003155054,130.99394077944112,114.98642716679493,114.53561387861231,270.1554064587022,197.07001403130135,94.49658066971459,153.3747358546789,133.69208465636245,112.20864337476092,108.16418555612069
1999-12-13,93.98763706563432,117.14007554540542,130.94154320312933,114.87144073962814,114.58142812416374,272.4247118729553,198.2918481182954,93.40986999201287,156.76431751706733,131.13856583942592,111.10899866968826,108.32643183445487
1999-12-14,93.93124448339492,116.13267089571492,131.3998386043403,115.15861934147719,116.58660311633662,264.79681994051253,196.22961289786514,93.81153243297852,154.5852935035801,131.82048638179097,109.02014949469812,108.15310954351973
1999-12-15,92.95435954076763,116.95721285907452,131.15017891099205,116.96660966513839,117.51929594126732,270.48995156923354,194.44392342049457,94.73088545082172,154.81717144383546,134.47007815806495,108.34422456783099,107.86109614775224
1999-12-16,91.80172548246212,118.09169782380755,131.32067414357635,117.70349930602875,116.00329702362495,277.5226903100336,194.50225659752073,94.1056616068463,156.8607581068941,132.5068150169572,107.16327252004163,108.65926825924561
1999-12-17,92.06795048636126,118.19798035184897,132.922786368128,116.38522011380124,116.5717131790407,279.7428718325139,196.7001320970727,94.37856802550614,154.53921888691207,130.55896483620793,107.01324393851357,109.22429645419369
1999-12-20,92.29812036257715,118.77715045557302,133.21521649813786,114.1157083215821,113.90222094724065,282.2885319661898,196.56244200460475,93.96330232619391,152.12840707227625,129.07059263707515,106.46747639442715,109.09322729844865
1999-12-21,91.36590934691512,117.76754467670065,135.05358648581216,114.51511330070765,113.2643685099361,289.51511838452427,199.45190990207243,94.69621608433823,153.13245455895327,129.18675617044852,108.08578203562244,109.7586959849692
1999-12-22,91.88669503019254,118.78034556092028,135.17513471364936,114.51511330070765,115.39373863792291,290.23890618048557,198.2950888246404,94.45947554412739,153.80623735901264,132.3776690478586,108.01012198819751,109.83552707215867
1999-12-23,92.89744867552466,121.46478137059707,136.66206119549952,117.6757304278072,116.50151852884699,292.56081742992944,201.22985613924507,95.79135414929958,156.06718904819013,136.26957251786564,109.48986065943582,111.3073231349256
1999-12-27,93.40838464324004,120.28657299130228,137.63236182998756,115.72231330270559,116.76947202146333,292.7070978386444,195.3338213543652,95.4752426806069,157.7839281277202,137.52325258503,108.38401306677552,111.46315338731449
1999-12-28,93.64190560484813,121.51349603581356,138.34805011150354,116.24306371256776,117.78536642805004,291.53626944728984,198.59589617098308,95.81895355425709,159.29865383774631,136.47807586538377,108.56826588898905,111.70837232476659
1999-12-29,93.4733501747594,122.16966891440697,138.37571972152583,117.1497596095258,118.46852155333274,296.72561504345157,197.58305710051107,95.2632036236424,157.91275554935794,135.71379864053762,110.0556511316682,112.65789348952708
1999-12-30,93.9874536007206,122.6583475900646,137.4486023993916,115.63852771056291,118.10126913651742,296.5475796744255,197.543540489091,95.57757219560042,159.06551866486828,136.02594037741088,110.66095721289237,113.4352329546048
1999-12-31,93.95925736464038,122.8300692766907,138.86432300410533,116.78334913489749,119.04607928960955,297.585496203286,199.5584846020797,95.52022565228306,160.68798695524993,134.70648875574997,111.33598905189102,114.51286766767355
2000-01-03,92.4089296181238,121.15958033452769,135.267737038299,113.18642198154265,116.4389701531671,304.96561650912747,197.04404769609351,93.25639630432396,156.9921632552792,133.92519112096662,106.76007990185829,113.7227288807666
2000-01-04,90.73632799203577,118.00943124582997,131.3043923430768,110.96796811070442,114.19169802921098,288.68045258754006,188.37410959746538,93.69470136695426,151.84282030050605,128.04587523075617,102.59643678568582,110.29967474145552
2000-01-05,90.61837076564613,117.96222747333165,131.908392547855,113.47584419000634,115.20800414167095,285.5338356543359,188.39294700842512,96.95527697452427,151.26581758336414,131.01653953610972,102.1142335327931,110.21143500166235
2000-01-06,91.23457568685251,118.64640839267697,134.00573598936586,118.01487795760659,119.64351230112528,271.4570175565771,184.77580242586336,97.50792205327906,151.6288555455642,134.52778279567747,105.41252327590232,109.79263154865603
2000-01-07,93.15962523384509,124.35330063636474,137.89190233305746,119.38385054191482,124.53693195424131,280.9580131710573,186.49421738842392,98.60976157248112,158.10340767735977,144.76534706642852,107.53131499374796,111.96652565331944
2000-01-10,96.38294826693613,124.10459403509202,138.4986267033229,117.7244150193822,123.34137740748059,293.4887405584865,192.6485265622419,98.32379326392093,157.7239594989341,143.75198963696351,106.15491416182796,116.32202350123355
2000-01-11,96.4215014462429,121.4115243445305,137.169039886971,118.27771976997327,123.10702879040637,285.9754288001892,187.11951384990556,97.73385050433741,156.5725745945919,142.12759215406584,104.75366929489182,114.72841177926665
2000-01-12,95.51513933264822,123.4026733437808,137.29249202286925,117.01214816843455,123.0824073846483,281.3998219393862,188.7848775231697,98.47662776817037,155.8053689790784,141.8149114513269,105.66502621775737,112.27322376719036
2000-01-13,96.13598773831042,123.72352029447464,138.5418537002774,119.55131178368958,122.62700247732509,287.0278183781739,191.8620710267974,98.62434270982264,157.22319783678802,143.8995906496614,108.28551886795775,114.12573195934898
2000-01-14,95.2611502498918,124.97312784944883,138.11237395380653,118.63076668295518,122.82320568128881,294.9210833835737,193.53127104473052,98.3186072474222,156.59430504544088,145.69833553278215,110.48371490097728,113.82900505625469
2000-01-18,95.67077319596633,127.32262265301846,136.39978051677934,121.72702969338032,120.98085759606948,297.45740470067244,193.7635085699842,97.42390792147066,156.0618844082864,143.68769850242975,107.78791225739343,113.46475224007466
2000-01-19,96.62748092792599,126.62234822842686,137.02721950715653,122.40870105966326,119.56538156219547,298.52825135759485,195.13922948083112,98.45660134543823,156.17112772737218,145.49816350356036,107.22741511365498,114.66747861381945
2000-01-20,95.79648459194581,126.17917000962737,134.9855139364999,120.7561835953578,117.48494392301328,301.18515279467744,194.3391586399597,98.88981039135815,154.7031191267349,144.62517452253897,105.24370793405238,113.18826813970118
2000-01-21,96.41916174179346,124.75334538851858,134.24309360984915,123.66640762000594,113.07925852590029,303.14285628784285,197.00160511332717,101.18405399243768,152.50633483513525,144.72641214470474,104.04392966360419,113.09771752518942
2000-01-24,93.98939886590027,123.49333660009457,130.39031682324648,121.60117861275184,112.64955734350185,293.77574202854845,193.57377718435527,101.6495006408029,147.30586881725714,138.34397736912325,102.40003557491923,110.8810022616957
2000-01-25,93.3972656530451,121.45569654619301,129.80356039754187,120.85941142321406,109.07856637571285,299.6806344433223,191.65739679023014,99.95195398010148,147.52682762048303,139.03569725596884,103.30115588797852,111.59064067617055
2000-01-26,92.5847094418636,120.8119813544982,130.9717924411197,119.40909848613548,110.74746844126126,290.8700237906886,190.81410424435313,100.96146871530051,148.17594566201316,140.1479828340166,106.21424848401952,111.4232547151563
2000-01-27,91.08483714890541,123.36111416107809,130.8408206486786,116.41193011413347,112.22040977153004,288.83393362415376,189.28759141039833,100.54752669356779,146.73863898909164,139.81162767521496,107.05334104704328,111.3452584368557
2000-01-28,88.79860773646789,120.05503630156117,126.31372825423432,114.23502702099917,108.97723992913282,278.37814522695936,184.12004016489445,99.21024458854333,141.27996161869743,141.36353674240988,103.77750881100376,109.21856400071175
2000-01-31,89.53563618068057,121.17154813916571,126.73056355747332,118.29037048024465,109.08621716906195,281.88570985681906,191.889905859853,100.79760850196003,142.96119316195993,144.9965796366898,106.30968002599226,108.5960181859077
2000-02-01,89.4998219262083,123.09817575457845,127.88381168584635,118.3140285543407,109.99163277156516,289.69394401985295,192.3888196150886,100.6161728066565,147.39299014998068,145.2720731379995,106.76681165010402,109.47564593321356
2000-02-02,89.76832139198692,120.95626749644879,127.50016025078881,117.84077244012335,109.9366369551794,292.01149557201177,192.04251973978143,100.43506369560451,147.1424220667257,145.3301819672547,105.96606056272823,110.40618892364587
2000-02-03,90.10046418113727,121.16189315119274,129.39991263852556,116.1674334714736,109.4529157525766,302.640714010833,192.1577452516253,102.28306886760363,149.0552735535931,145.96963476791063,105.91307753244688,111.80834752297616
2000-02-04,89.83917283501196,119.85334470515987,129.81399235896885,114.92444193332882,107.14345923019724,305.6368570795402,193.77187031173895,100.37037547977945,147.77339820103222,146.08641047572496,104.67389452531724,112.0543258875267
2000-02-07,89.48880006095543,119.14620997139941,127.49032189574329,115.87831480137545,106.05059594604921,310.58817416422875,196.13588712954214,99.49715321310536,145.17258639269406,148.3507498380987,104.07725332652291,111.40441079737904
2000-02-08,89.78411310115658,119.56322170629932,127.52856899231202,114.03584959603357,106.66568940253632,315.68182022052207,198.352222654106,100.15383442431185,150.76173096881277,150.88754766033017,104.8474250011392,112.34020784807701
2000-02-09,89.26336524516987,117.67412280333977,125.32232474874503,110.31828089920288,104.90570552739446,310.9465929172143,194.0281442002465,99.55291141776598,147.26405881033634,147.02482644022572,102.16333092111003,110.89101916683681
2000-02-10,88.74563772674789,116.57975346126872,126.28730664931037,111.59797295763366,102.37747802418427,319.7152868374797,195.63857779710852,98.96554924040115,147.29351162209838,144.4665944601658,100.40612162926695,110.42527688633609
2000-02-11,87.32570752311992,114.02665686046693,124.0267638602877,108.97542059312926,101.24108801811582,311.40268937970524,193.52568115689974,98.37175594495875,145.0841089477669,140.3637431774971,99.9743753062611,109.67438500350902
2000-02-14,86.4437178771364,115.86248603592044,125.21742079334648,111.24210934146635,101.02848173327779,312.11891556527854,193.17733493081732,98.68654556398263,146.1577313539804,141.9779262240383,98.71469817740221,109.98147328151884
2000-02-15,86.96238018439921,114.53006744650736,128.10994321367278,115.11333474654937,104.79684410192907,313.2737555528701,191.0910197135645,98.93326192789257,145.54386888229368,143.44029886414592,100.61989185222609,109.91548439754992
2000-02-16,85.36227238900626,114.312460318359,127.4693934976044,115.34356141604248,103.30872891568168,312.4279164128773,190.17378281893937,98.68592877307285,140.01320186476653,144.97511006199227,99.66400287962995,109.3329323302429
2000-02-17,85.30251879833396,113.92379795327659,127.07423837776182,113.8325607614923,102.67854566929601,319.3638161572432,191.12465173303406,98.30105365085787,135.33676092248334,146.2218960085254,98.41820284363457,109.75933076633085
2000-02-18,84.09975328327745,110.95038682669608,122.95703305432232,110.21268532927684,100.55309977394158,310.0703291070674,183.74724017613894,96.60044542269802,133.26610848036933,142.87341458993018,95.53454950031607,107.62999974946403
2000-02-22,84.8146011861853,111.77141968921363,125.45306082532508,109.52936668023531,102.80548920887786,310.1323431728888,183.15924900757528,95.91458226019687,133.07953592849682,143.230598126405,95.88802733346725,106.54293675199445
2000-02-23,84.98423038855766,110.44133979491197,125.23979062192203,108.13834372339632,100.95499040311806,321.73129280755484,183.3240923316821,94.80197310597858,132.81337685663982,143.6316438011589,95.63871846240023,107.746871937292
2000-02-24,83.86243854742871,109.81182415808097,124.40068402475515,107.51114132980062,98.60273912672541,329.2598050592517,181.27086249756726,92.35608219984432,129.16100899308225,141.67825344546316,94.47192609715894,106.18454229420126
2000-02-25,82.55418450608883,111.2174155073044,121.1165059665016,105.83396752505574,95.94046517030382,326.3623187747302,179.1137392338462,91.37710772852597,129.6776530290546,139.79393267463848,93.6689147253331,103.97590381448187
2000-02-28,83.97411647959356,111.39536337211608,122.61835064048623,108.55390049044968,98.11831372966971,324.8610521083665,180.3675354084831,93.4148172308721,133.0752075384158,139.83587085444086,95.73899774076295,105.04685562377102
2000-02-29,83.94052683300173,110.49306092880195,124.76417177669474,111.66939743452558,97.98094809044818,332.49528683291317,184.84065028661345,93.60164686533385,137.25376905512206,141.41601619509606,96.95488301207064,106.7486146848761
2000-03-01,84.79672020669834,110.71404705065957,124.81407744540543,113.98095396142025,97.08932146282511,338.1477067090726,191.3655252417309,93.35828258348398,136.81455699414568,141.26045857728147,98.37042430404686,108.05094778403159
2000-03-02,83.0923061305437,110.03869136365054,125.52551768684424,115.69066827084154,95.61356377659017,337.36996698364175,196.43671166063677,93.91843227898488,135.44641142420423,141.71249204472878,97.43590527315843,107.61874399289546
2000-03-03,83.82351842449248,112.43753483537813,128.55068266309718,114.66102132323104,99.04609071616977,350.45992170260706,199.99221614169429,94.56646946170989,137.66773257156117,143.6397819365371,98.6538540890729,110.1477844767285
2000-03-06,82.31469509285162,111.74042211939879,127.02092953940631,113.4112161908078,96.90669515670051,351.09074956167177,196.69234457535634,92.0510013740284,135.10711274573015,140.83880618877464,97.52920015245748,108.88108495524614
2000-03-07,80.70955853854102,109.42739538152722,122.02900700850765,122.59752470226324,83.88243532763995,346.4914607424139,192.2077591190382,92.0602064741658,129.78389250354837,133.83911752119255,94.90566466835637,106.68168703915015
2000-03-08,80.88711956732581,111.34237480070395,122.02900700850765,120.6727435644377,83.28687003681372,349.8524279116153,194.61035610802617,92.02338239157613,132.43148391062076,138.4565670756737,94.02304198694065,106.9377230880441
2000-03-09,82.17322476844629,111.76547582494662,123.90825371643868,121.52952004374522,83.59503145594994,362.4471153164335,198.93070601362436,92.4190829358599,135.68929841482202,143.48254046052065,95.13251388238655,108.41346366665911
2000-03-10,80.75162797995216,111.36312011197683,123.56131060603263,119.01385897883969,81.48007716011439,361.57724223967404,198.8511337312189,93.02904888323657,134.00675111447825,142.70773474203384,95.38937166986898,107.53531461095918
2000-03-13,80.50937309601231,112.16493457678307,122.14035553406326,117.16914416466769,83.94077549034985,355.53890229427145,194.8343408298483,92.4150571606072,132.69348495355635,137.64161015869166,95.99986364855614,106.4061938075441
2000-03-14,80.15513185438986,109.65244004226314,119.83190281446947,117.82529137198982,82.97545657221083,343.9127801892488,192.16511036047933,91.73118573761872,131.95040143781642,131.94324749812182,95.21266476663797,104.67177284848113
2000-03-15,83.81822138013548,115.10216631236364,124.20576726719761,117.71924860975504,89.41435200221439,335.00543918234723,189.35949974921635,94.67575679979628,139.82784040365408,139.12096016201966,100.40175499641974,105.83362952709928
2000-03-16,87.99236880486625,120.13213098021393,130.304270440017,121.79233461165258,93.31281774951094,345.22310507740883,195.6083632409405,98.69000888810764,149.8534965605961,146.91173393109275,108.02224820064801,109.67539027893298
2000-03-17,87.5612061977224,119.01490216209795,130.53881812680902,118.80842241366709,90.48543937170075,353.853682704344,197.2123518195162,97.03201673878743,149.98836470750064,143.3417787965672,108.42193051899041,110.42118293282972
2000-03-20,87.61374292144103,118.0865859252336,130.9826501084402,115.82633101108404,91.33600250179474,347.661243257018,196.5221085881479,96.82824950363597,148.6234705886624,139.97324699484787,106.09085901283211,110.2334669218439
2000-03-21,88.91042631667835,119.69256349381678,135.13480011687776,119.18529461040546,91.71961371230228,356.80473395467754,197.22958817906525,96.62491017967835,151.80401285925979,142.39478416785875,109.82525725008378,111.39091832452326
2000-03-22,87.85239224350987,119.03425439460081,135.4996640771933,118.57744960789238,90.54560265678481,366.224378931081,197.0915274673399,94.94363674255194,151.02981239367753,145.24267985121594,110.84663214250958,112.93925208923415
2000-03-23,88.14230513791345,121.55778058776636,139.63240383154772,118.93318195671606,92.00338685955904,373.0727748170922,199.41720749145452,96.1589152928566,150.65223786269334,143.97906853651034,114.6819256146404,114.33969881514064
2000-03-24,87.95720629712383,121.01077057512141,140.00941132189288,120.44363336756633,92.03098787561692,374.30391497398864,199.8559253479357,96.41854436414731,152.00810800345755,140.12042949973187,115.17505789478338,113.83660414035401
2000-03-27,86.83135405652065,121.27699427038667,138.8193313256568,119.70892720402418,90.72414784778316,376.06314337436635,202.6738938953416,97.24774384567897,151.44567800384476,139.50389960993306,112.16898888372953,113.35849040296453
2000-03-28,86.72715643165283,120.34316141450469,137.1118535503512,118.70337221551037,91.55881000798277,366.5487458469949,200.20127238981843,95.75012859045552,150.20382344421324,139.68525467942598,112.44941135593885,112.13421870661251
2000-03-29,87.06539234173628,120.13857804010004,139.56615572890252,124.82846622183072,92.79485394309054,352.94978737607136,200.661735316315,97.6172560979694,155.83646682337124,140.87257934420109,111.83093959348118,111.4726268162435
2000-03-30,89.18978791487464,121.84454584826948,138.64501910109175,124.64122352249798,94.45588182867188,339.8200552856815,196.96955938649484,98.47628795163152,156.7870692709938,138.6327053326283,111.46189749282269,110.63658211512168
2000-03-31,90.18871353952125,122.55124421418944,138.547967587721,124.95282658130422,94.15362300682013,346.5824743858666,200.12107233667874,99.17546959608812,155.64252366531557,141.10036748754908,113.40133450919782,112.34038547969456
2000-04-03,91.0094308327309,123.92381814938838,139.53165815759382,126.32730767369856,98.2963824191202,325.2329939636972,199.74084229923903,99.41349072311873,160.18728535634276,145.23460825493427,116.8260548113756,111.19451354780168
2000-04-04,91.72840533630946,124.5062600946905,138.0665757469391,125.00087094312474,100.26231006750261,323.4116891975005,195.72605136902433,100.26844674333755,156.96752092068027,148.21191772416043,112.86565155326997,108.54808412536399
2000-04-05,90.23323232932763,124.58096385074731,137.55572941667543,121.85084899535798,98.83858526454408,326.2253708935187,194.39511421971497,100.68957421965956,155.20948468636865,148.98261969632608,112.31260986065894,109.56843611614242
2000-04-06,90.1700690666971,126.8483373928309,139.90793238970056,123.70298190008744,98.70021124517372,332.81512338556774,198.36077454979716,99.74309222199477,157.9101297199115,146.7925751867901,113.4132734372934,111.96798486708595
2000-04-07,90.1700690666971,125.04709100185269,141.64279075133283,121.9463995571062,98.2461902734459,346.9264846171158,199.66995566182578,99.58350327443956,158.74705340742702,146.33751820371103,111.46256513417194,112.35987281412075
2000-04-10,89.49379354869687,127.93567880399547,140.9062482394259,119.1904109271156,100.48620341168046,329.12915595625776,196.13579744661146,101.05733912290127,160.38214805752352,147.08383954654997,113.73640146290904,111.494701793452
2000-04-11,90.56771907128123,129.7651590108926,142.55485134382718,121.60997626893604,102.7370943681021,318.49828421887065,194.42941600882594,101.4211455437437,161.29632630145144,148.51055279015154,113.929753345396,111.84033536901173
2000-04-12,90.57677584318836,131.52996517344076,140.53057245474486,121.91400120960839,105.3466165650519,296.58560226461236,189.16037883498677,102.67876774848612,160.48984466994418,147.18880887031918,115.0234789775118,110.00615386895993
2000-04-13,89.60760434166625,131.6351891455795,136.96109591439435,121.30443120356034,103.45037746688097,290.5649145386407,186.68237787224845,104.7426109802307,155.32207167157196,146.57061587306384,112.95305635591657,108.02604309931864
2000-04-14,86.41757362710293,123.73707779684473,130.48283607764347,118.8298208070077,96.98472887520091,266.09934873448714,176.15349176025364,101.9250347448625,144.62038093340067,139.0955144635376,104.76395977011262,102.14942635471571
2000-04-17,88.21505915854667,129.94867910224633,135.27155616169298,115.8709582689132,100.16582798230749,289.1169424000203,174.30388009677097,102.68947250544898,143.2609493526267,140.63947467408286,105.48683109252639,101.78168841983873
2000-04-18,88.45323981827474,130.6633968373087,137.31415665973455,118.17679033846457,97.19090289123295,305.65443150530143,181.76408616491278,102.29925250992827,146.3267336687729,146.56039655786174,109.33710042740361,104.81478273474991
2000-04-19,89.2758549485847,130.0362125324896,136.62758587643586,119.89035379837232,97.19090289123295,297.37119641150775,182.70925941297034,102.5447707159521,147.7022049652594,146.76558111304277,107.34716519962487,106.29267117130989
2000-04-20,89.68652388134818,130.894451535204,138.67699966458238,121.28108190243346,99.62067546351378,294.72459276344534,179.60320200294984,103.64199976261277,150.28699355215142,145.8849876263645,109.22574059061832,107.2811930132031
2000-04-24,89.72239849090072,130.4886787354449,140.07763736119466,121.58428460718953,101.50350622977417,282.5229946230387,178.5615034313327,105.35209275869587,152.7517002464067,147.8398464605578,110.9515072919501,105.43595649337601
2000-04-25,91.66040229830418,132.85052382055645,144.08385778972482,122.88523645248645,97.6768240449117,301.3107737654708,186.13251117682123,107.73305005504241,155.04297575010278,150.0426601728201,114.42428947018814,108.82045069681338
2000-04-26,90.67963599371231,133.44835117774895,141.72088252197332,122.75006269238872,94.51209494585655,296.48980138522325,183.30329700693355,109.80152461609924,154.29876946650228,148.99236155161034,112.47907654919493,109.7998347530847
2000-04-27,89.1108782910211,133.50173051822003,142.3302823168178,124.81226374562084,94.87124090665081,306.4518587117668,183.3582879960356,108.04470022224166,151.84541903198487,148.6645783561968,110.791890400957,109.94257453826373
2000-04-28,88.40690235252202,133.18132636497631,141.00661069127142,122.25361233883562,94.33996195757356,310.129281016308,183.44996714003364,106.58609676924141,148.64148069041,148.60511252485435,109.21864555726341,111.9765121672216
2000-05-01,88.75168927169685,133.54091594616173,141.81034837221165,123.58617671332892,94.2644899880075,315.0603365844673,186.62365157155622,106.71400008536449,152.8480345939486,148.9469042836615,110.7040191368422,112.18926754033932
2000-05-02,88.17480329143082,132.2722772446732,141.69690009351388,124.8961901864902,95.4993548068504,302.36340502011325,175.91145397134892,105.17731848413526,152.43534490054492,149.55758659122452,109.81838698374746,111.05615593818187
2000-05-03,89.77076723100572,129.46810496708613,138.38119263132566,121.64888924164146,94.93590861348999,295.95330083368685,172.30526916493628,104.68298508725982,145.2099095522591,147.70307251749333,107.32550959921639,108.66844858551097
2000-05-04,89.95928584219082,128.87255168423755,138.2289733194312,124.76310080622748,95.87577410876354,294.91746428076897,173.20125656459396,106.51493732628687,143.01723991801998,148.91423771213675,106.47763807338258,109.41826088075099
2000-05-05,89.65342427032739,128.9627624704165,140.63415745518932,126.88407351993334,97.34267345262762,301.6415824663705,174.3270647322638,105.6734693214092,144.47601576518377,153.5603619287554,106.92484415329078,110.97200018525766
2000-05-08,90.27203289779264,128.88538481293423,139.66378176874852,128.22904469924464,97.46921892811605,290.2696948073883,172.63609220436084,107.74466932010883,145.11171023455057,156.04803979200125,108.60356420649744,110.70566738481304
2000-05-09,91.0303179741341,129.5555888139615,138.39284135465292,127.54943076233864,98.34644189846908,283.99986939954874,170.99604932841942,107.50763104760459,145.4019336550197,153.78534321501724,108.08226709830623,110.16320961462746
2000-05-10,91.95882721747026,126.5369435945962,135.76337736891452,127.99585377000685,97.9727254192549,267.2154771180354,167.62742715664956,108.29243675425211,148.17911058783054,151.12485677739744,105.92062175634011,108.23535344637149
2000-05-11,92.80484842787101,128.08069430645025,137.58260662565797,131.106153016618,100.14771992356235,278.2514763230102,169.0857857729124,110.67487036284567,149.82389871535545,150.2332201224108,108.22969131062834,109.94547203082416
2000-05-12,92.82340939755657,129.50239001325187,139.01346573456482,131.30281224614296,99.11619840834966,282.3974233202231,169.86358038746778,109.28036699627381,149.47930374831014,150.54870988466786,109.91807449507417,110.77006307105535
2000-05-15,95.02332420027867,129.23043499422405,142.01615659443144,133.5612206167766,100.90028997969995,288.18657049828767,172.9550975505197,110.77750802412277,152.1549832854049,153.81561688916517,114.06198590353847,111.37929841794616
2000-05-16,94.01607696375571,131.23350673663452,143.89076986147793,132.75985329307596,100.12335774685626,296.2846131292895,175.27269585769668,109.63649969147431,152.99183569347466,155.50758867494596,113.71979994582786,113.47322922820354
2000-05-17,92.68104867087038,128.84505691402777,142.50941847080773,132.16243395325714,99.79295066629163,291.7810870097243,172.10026006267236,107.58629714724373,150.17678591671472,154.68339845496874,112.3665343264725,112.47466481099534
2000-05-18,92.28252016158565,130.68754122789835,141.04157146055843,131.1315669684217,99.83286784655814,283.52368224734914,168.727094965444,108.8020223050076,150.74745770319825,155.07010695110617,113.60256620406368,110.9562568360469
2000-05-19,92.01490085311704,127.98230912448085,138.03738598844853,131.36760378896489,99.32372022054071,272.97660126774775,161.9611384573297,108.87818372062111,148.38072261725802,154.5428685874724,111.13739051743549,109.24753048077179
2000-05-22,92.24493810524983,122.40228044665349,135.0695821896969,131.6434757569217,99.00588431583498,271.611718261409,160.87599882966558,110.03229246805968,147.3420575589372,152.45653986154156,112.00426216347151,108.12228091681983
2000-05-23,91.92208082188145,121.79026904442023,132.62482275206338,131.16955924419676,98.53065607111895,257.1891360217282,155.93710566559486,108.94297277262588,145.9128396006155,152.22785505174926,112.07146472076958,107.30055158185199
2000-05-24,94.6153977899626,122.75241216987116,135.1844818311782,131.07774055272583,98.53065607111895,266.3450692641017,158.54125533021028,109.84719944663868,142.83407868504253,154.10025766888575,113.57322234802791,106.95718981679005
2000-05-25,93.79224382918991,119.51174848858656,133.8056001165002,129.54413098825893,96.78666345866014,261.4443199896423,157.84367380675735,109.15516209012486,141.4343047139291,154.11566769465264,111.13139806754533,106.29405523992597
2000-05-26,94.6269947992697,116.36858950333675,131.57104659455462,129.3239059655789,96.08012081541193,262.1240752216153,158.5855390736491,110.37769990553427,140.33111713716045,153.16015055494577,111.22030318599936,106.14524356259008
2000-05-30,95.60165284570216,118.09084462798613,136.08393349274786,131.66466866355586,96.36836117785815,281.91444290084723,164.81795075924347,109.94722687590269,140.5275807011525,154.38543175938534,113.55592955290534,109.77541089243066
2000-05-31,94.68387697838342,116.7209908303015,137.21343014073767,133.71863749470734,96.194898127738,276.501685597151,164.8344325543194,110.82680469090991,144.4201946865744,154.09209943904253,114.65742206956853,109.70954564589519
2000-06-01,94.78802924305964,117.43298887436633,138.47579369803248,132.9564412609875,96.40652690361902,291.0733244281208,168.01573710261778,111.35877335342627,145.6477663414103,154.3848744279767,117.54678910572164,111.45392742166493
2000-06-02,94.59845318457353,117.05720330996836,140.49754028602374,128.35614839335733,95.98233818524311,307.86825524762344,172.3505431198653,110.00019631851447,149.08505362706757,150.9575302156756,122.41322617469854,113.3597895805754
2000-06-05,93.94572385759997,119.10570436789281,138.6289230002196,127.49616219912183,95.30086358412788,308.85343366441583,172.97100507509683,107.03019101791458,147.0127713816513,151.41040280632262,119.79358313456,113.38246153849153
2000-06-06,94.25574474633007,117.28338709106406,138.1159959851188,131.60153862193354,94.92919021614978,303.07787445489123,173.04019347712688,109.30993408659617,143.24924443428105,153.46958428448863,117.81698901283974,112.81554923079906
2000-06-07,96.15971079020593,117.30684376848227,137.5359088019813,130.5092458513715,95.35637157212246,310.35174344180865,175.20319589559094,109.05852123819702,143.80791648757474,153.51562515977398,119.6902791381439,112.75914145618367
2000-06-08,96.11163093481083,116.40358107146494,136.32559280452386,130.20907458591336,92.78174953967515,309.9482861753343,174.18701735939652,109.08033294244466,142.34107573940148,152.8862110966189,117.7034205044507,112.26300123377646
2000-06-09,95.65990626941722,116.57818644307214,135.05776479144177,129.29761106381196,93.24565828737352,310.72315689077266,175.38890777917635,110.4656531708137,139.3376790413001,154.87373184087494,116.11442432764063,113.78977805055584
2000-06-12,95.4016245224898,116.89294754646842,135.26035143862896,131.71547639070525,93.59999178886554,302.5511378645453,173.9507187353871,111.24995930832648,136.82960081855668,153.13914604425713,116.43954471575802,112.27637400248345
2000-06-13,95.95495394472023,116.67085094613012,136.68058512873455,132.1369659151555,92.61719187508245,308.63241573562266,176.94267109763578,111.7060841414906,139.9629986773016,157.9017734862335,117.52243248161459,112.06304889187872
2000-06-14,96.52108817299408,114.97912360741125,136.58490871914444,132.9033603174634,94.24725445208391,303.2622117018228,176.64186855676977,110.19805200558051,140.80277666936541,160.06502778299492,118.94445391464212,112.62336413633811
2000-06-15,98.21020721602149,112.16213507902968,138.06002573331116,131.85342377095546,94.8127379787964,308.75125773362583,176.97748810702765,111.59756726605137,141.57719194104695,161.40957401637206,116.11357591147365,113.33289133039703
2000-06-16,96.85490635644038,109.82916266938585,136.7346494862714,134.82012580580195,93.87409187280633,308.9982587398127,175.22541097476807,111.2292952940734,139.25532599321377,162.18433997165062,111.86381903311371,113.15155870426838
2000-06-19,96.67088203436315,109.74129933925035,136.35179246770983,133.21576630871292,92.87902649895457,320.43119431318576,178.87009952304322,110.26160042501496,139.352804721409,164.74685254320272,113.95567244903293,113.37786182167693
2000-06-20,95.89751497808824,107.11848228504226,134.56558398638282,131.99018125867278,91.68088705711806,322.0013071653204,177.9042009856188,110.07415570429244,138.71178181969051,162.85226373895588,113.39728965403266,113.19645724276224
2000-06-21,95.48515566368246,107.35414294606936,133.3544937305054,134.7091789926014,91.17664217830391,325.31792062912314,178.2244285473929,110.37135592469403,137.71305699058877,165.62075222251812,111.88910570163404,112.92478574537961
2000-06-22,95.5042526948152,106.0122161592435,131.3008345270556,131.51657145047676,90.00046349420379,315.0704061293058,177.56499816176753,109.02482538241276,136.03295769530357,161.1986781381769,111.25133779913472,111.35513122351884
2000-06-23,95.40874844212038,107.08293954245185,132.16742003493417,132.3319741934697,90.27046488468639,307.7607727071059,173.8538897001866,109.36280234109826,136.61789941339336,161.35987681631505,111.37371427071379,109.15029962529314
2000-06-26,97.52682265753546,106.24769261402072,133.3304933312416,132.01437745540537,90.36976239605956,311.4539019795912,172.60214169434528,109.88774379233553,136.3856489843906,165.07115398309028,112.77702307052478,109.58690082379432
2000-06-27,97.2049841427656,107.03392553936449,133.1838297885772,130.77344230732456,91.92412230927178,305.56742323217685,171.9289933417373,106.73396554549551,140.12261576656294,164.95560417530214,112.94618860513057,110.06908318741901
2000-06-28,97.45771710153677,107.68683248515461,134.64885191625154,130.08034306309574,91.43692446103265,310.639842457831,171.31004896570704,109.2315403392601,139.16978197935032,166.34123125037465,113.00266169943313,110.90560821964341
2000-06-29,97.35051361272508,108.31141611356851,133.4908717897718,129.7681502397443,89.93735889987171,304.8308774038695,169.87104455439513,108.10645547376572,137.75025020316093,169.41854402850657,112.79925690837416,110.76143092895788
2000-06-30,96.74694042832618,106.231836924188,136.98833263066382,126.96515819456584,91.23245686802987,311.2932920048316,170.02392849449407,105.58757506122699,141.23533153330092,171.6887525184886,109.75367697184805,111.04941064937314
2000-07-03,97.71440983260945,109.32318337868188,139.084254119913,128.48874009290063,92.44584854437467,313.378957061264,174.13850756406083,107.77323786499437,141.37656686483422,171.29386838769608,112.26703617450337,110.6163179478406
2000-07-05,98.14435323587293,109.65115292881791,136.52510384410658,122.7067467887201,92.51980522321017,299.80964822051124,173.37229813077897,106.79250140042294,140.7403723139425,173.70911193196258,113.0753588349598,109.45484660938827
2000-07-06,98.3897141189626,111.70162948858679,136.67528145833512,124.51053596651427,91.36330765792005,305.5060315367009,173.2856119817136,107.54004891022588,142.99221827096557,172.70159908275718,114.03649938505696,110.29764892828055
2000-07-07,98.22245160496036,111.14312134114385,138.12403944179346,125.00857811038033,90.99785442728836,311.61615216743496,174.93182529553988,108.3035832574885,149.61275797691127,173.09881276064755,116.14617462368051,111.26826823884942
2000-07-10,97.23040484375026,113.23261202235734,137.90304097868656,124.34603264639532,91.84413447346215,308.4999906457606,172.74517747934564,110.04727094793407,151.6175689338019,175.53950602057267,116.33200850307841,112.12503390428856
2000-07-11,96.11225518804713,113.8214216048736,140.12327993844343,129.50639300122074,93.35037827882692,306.12454071778825,171.20774539977944,110.90563966132795,152.70921543012528,176.62785095790022,116.97183454984534,112.85384662466645
2000-07-12,95.92003067767104,115.1758965219716,141.09013057001866,127.07167281279779,92.32352411775983,317.3286989080593,173.7244992571562,110.59510387027625,152.03729488223274,174.10207268920223,118.35210219753351,114.26451970747478
2000-07-13,96.78331095377007,115.23348447023258,141.96488937955277,125.95344209204515,92.0650182502301,326.21390247748496,176.74730554423076,110.62828240143732,149.60469816411702,166.96388770894495,117.94970505006191,114.47019584294824
2000-07-14,96.92848592020073,114.93387741060997,142.8734646715819,125.34886557000333,92.02819224293002,332.9012874782734,178.0022114135948,110.62828240143732,150.9212195079612,164.4093402269981,119.95485003591295,115.26004019426456
2000-07-17,96.11428663847106,114.22128737066419,143.77356749901287,124.3962141916713,91.01588212825779,336.09713983806483,173.58775657053764,110.79422482503949,150.7250219226009,168.20719598624171,118.01158146533118,116.44721860826547
2000-07-18,96.90242378890652,115.2035904420519,141.861379051276,125.00575564121048,91.20701548072712,327.1233462043885,172.42471860151502,110.70558944517946,149.83574429325753,167.19795281032427,117.17369923692733,114.4443264482033
2000-07-19,98.69511862900129,115.33031439153818,140.64137119143504,125.13076139685168,90.98811864357339,318.48728986459264,171.85571703013002,112.21118546163389,148.8168612320634,164.20510945501948,116.79874339936917,114.36421541968956
2000-07-20,98.43851132056588,114.2231433733794,140.7960766997456,123.766836097626,90.55137567408423,327.97821110255757,172.2337996075963,111.87455190524899,149.0549682100347,162.57947887141478,119.82383085341284,116.28553423874033
2000-07-21,97.67069093226546,113.18371276868164,139.79642455517742,121.1182258051368,90.49704484867978,318.69642772835516,171.56208778912668,111.22567950419855,148.1159219103115,164.02643623337033,119.09290548520701,114.9598791484187
2000-07-24,96.37167074286633,112.7762514027144,138.34254173980358,118.78064404709767,89.96311228407257,310.601538464055,166.7411931222522,110.46934488356999,145.04992232676804,166.68366450035094,118.67608031600881,113.8102803569345
2000-07-25,96.89207776487781,113.00180390551982,139.71213290302765,117.62847179984081,91.96928968800738,314.45299754100927,169.0422215873393,111.35309964263855,145.49957708598103,162.0498586272412,119.93404676735848,114.11756811389822
2000-07-26,96.06849510387636,111.67968279982523,137.75616304238525,118.45187110243968,91.51864016853615,309.45319488010716,165.47543071184646,110.08367430671248,144.96122865076288,160.81827970167416,118.61477225291755,111.62980512901524
2000-07-27,96.96193210834242,111.3781476562657,136.17196716739784,123.77036011493922,91.68337372083951,298.80800497623153,160.56081041970464,110.95333533373552,146.2223913400245,163.08581744546774,119.96698065660081,111.54050128491203
2000-07-28,97.81519711089582,109.99705862532801,133.598316987934,123.8446223310082,91.50000697339783,287.1544927821585,155.59948137773574,110.46514065826709,143.06398768708,161.83005665113762,117.55564434540314,109.22045885818585
2000-07-31,97.4532808815855,111.27302450538181,134.66710352383748,123.55977969964688,90.40200688971706,295.1661031307807,158.05795318350397,109.65874513146174,139.50169439367167,160.55159920359364,119.21317893067331,110.64032482334225
2000-08-01,98.72017353304611,112.67506461414962,135.5559064070948,124.23935848799495,91.83939879926356,288.40679936908583,158.7217965868747,112.31248676364312,140.63165811826042,166.66861513325057,119.96422195793654,112.28886566321003
2000-08-02,99.20390238335803,112.2807018880001,136.07101885144178,127.60624510301959,92.08736517602156,286.4456331333761,158.64243568858126,114.00840531377412,141.78483771483016,168.1686326694498,119.78427562499965,111.61513246923079
2000-08-03,99.23366355407303,115.0540352246337,134.50620213465018,126.10049141080395,91.64534582317665,293.9791532847838,159.6101545462816,115.7299322340121,140.21102601619552,169.26172878180122,122.38359440606214,111.73790911494694
2000-08-04,99.32297385127168,115.73285403245903,135.5149986506601,126.66794362215256,90.86636038367966,295.5666407125217,160.10494602537509,116.34330087485236,140.75784901765869,168.68623890394312,126.49568317810585,113.24637088799874
2000-08-07,99.53155209635935,117.35311398891346,138.06268062529247,127.13661501355453,91.57511799467237,302.0986634722684,160.2010089929903,118.64689823217445,143.57300599801187,168.68623890394312,127.12816159399635,114.15234185510272
2000-08-08,99.61117733803643,118.83176322517377,140.2026521749845,127.16204233655723,92.24361635603348,303.00495946268524,155.76344104388448,119.44183245033,147.36333335635936,167.96088807665618,126.92475653544595,114.7915949694913
2000-08-09,98.63498780012367,118.08312311685518,139.81008474889455,128.95502713350268,91.83774444406694,304.03517632485836,153.78524534262715,118.40268850801212,143.70872268912166,160.92332686624425,126.84860168152467,115.67549025075638
2000-08-10,99.59174718178487,118.35471430002396,138.97122424040117,130.3219504211178,90.79079415740458,297.58963058677136,152.8932909196399,118.46188985226611,140.23097160004488,160.68194187594491,125.82112800790432,116.03408427053374
2000-08-11,101.6532963484478,119.85781917163425,140.4999077070456,129.8658235946439,92.67924267587858,299.13709666582264,153.3519707923988,119.7057396957149,142.1381128138055,162.59405698426866,127.84684816883158,116.59104787503229
2000-08-14,102.56817601558382,120.5649803047469,142.80410619344113,132.39820715473945,93.35580114741249,304.6711329541403,154.48677537626256,120.69929733518934,145.00930269264438,162.13879362471272,129.39379503167444,117.3605487910075
2000-08-15,101.94251014188876,118.99763556078517,141.84731868194507,130.86238795174447,94.56942656232886,305.5546792397073,155.18196586545574,121.04932529746138,141.1230533804815,160.98760818997724,127.67285755775319,116.93805081535986
2000-08-16,101.01483329959757,120.02101522660793,142.38633849293646,133.40111827800834,95.14630006435905,306.99078623213387,154.3905378395419,121.12195489263983,138.7521860836894,161.63155862273715,125.92373940921198,116.11948445965234
2000-08-17,100.64107841638905,119.36089964286158,143.65357690552358,135.73563784787348,95.54591452462937,313.49899090025514,154.26702540927027,121.65489149416744,139.8205779165338,162.6983269096472,127.69926413488186,116.57235044904499
2000-08-18,100.23851410272349,120.9842078780045,144.1707297823835,133.97107455585115,94.71466506826508,314.1573387811457,153.74251752287876,121.49674013522502,141.03701694440764,159.6558681964368,126.89475877083211,116.07108934211409
2000-08-21,100.44901498233921,120.8632236701265,144.18514685536172,134.8954749702865,94.66730773573096,315.69670974117327,153.2044187115487,120.5733649101973,139.79589119529686,162.30615560849765,128.1256379309092,116.50055237267993
2000-08-22,99.53492894599991,122.16854648576386,144.84839853089636,134.53125718786671,94.38330581252376,315.88612776701797,151.13615905894278,120.66982360212543,141.38956435492324,161.96531268171978,129.1378304705634,115.894749500342
2000-08-23,99.59464990336751,120.92242731160907,144.790459171484,137.70619485750038,94.29836083729249,320.08741326631934,151.3326360657194,121.9006558028671,141.24817479056833,163.16385599556455,127.9755899963283,117.30866544424616
2000-08-24,99.1564334437927,123.473890527884,145.97774093669017,135.04846529675063,94.05318509911554,323.06422620969613,151.9228333463757,120.450037998813,140.21706311459718,164.84444371231882,127.2717242513485,118.68117682994385
2000-08-25,97.9963031725003,121.95516167439102,146.75142296365465,135.30505738081447,94.09080637315517,321.1904536976799,153.98898387988643,120.0645978772168,140.74988795443267,166.6907014818968,126.49536673341527,119.2271102433616
2000-08-28,98.35888949423857,120.49169973429832,146.8834992443219,135.7109725529569,93.51685245427893,324.72354868835436,154.8051254944498,121.52938597131883,139.56758889561542,165.32383772974526,127.96271298752289,119.34633735360494
2000-08-29,97.6310337119812,119.35907775679593,146.58973224583326,135.670259261191,93.28306032314325,326.31469407692725,154.5574372936587,120.93389198005937,139.4698915833885,163.58793743358297,127.82195400323661,119.50148759216464
2000-08-30,96.16656820630148,119.06068006240393,146.67768608518077,134.09648425376116,92.78866010343059,326.1189052604811,154.7892734495992,121.50228127236564,138.17282159166297,164.66761782064458,128.70392548585895,117.93601810470729
2000-08-31,95.41646897429233,117.26286379346162,147.71909765638557,134.35126757384333,92.51957298913064,332.7391190372689,155.7180090902968,122.47429952254456,136.15549839642472,166.14962638103037,131.26513360302755,119.0210294712706
2000-09-01,95.96988449434323,118.16578784467129,148.6054122423239,135.77539101012604,92.63984843401651,334.36954072055147,158.05377922665122,123.46634134867718,138.66075956691893,166.9305296250212,130.42503674796816,118.65206427990967
2000-09-05,96.61288272045532,120.05644045018605,149.09581010272356,136.12840702675237,93.04746376712617,327.2474695032037,154.81367675250488,125.12079032274946,140.4078851374621,162.2898609014456,130.86848187291127,118.27237767421394
2000-09-06,95.83997965869168,120.51265492389676,148.5441556053435,139.10961914063827,94.3873472453728,317.52821965895856,152.25925108608857,127.62320612920443,141.20821008274564,157.71328682402483,131.54899797865042,118.33151386305106
2000-09-07,96.38626754274622,121.24778211893252,148.12823196964854,138.7479341308726,91.9804698906158,324.92662717701234,151.10208077783426,128.43999464843134,141.13760597770428,160.78869591709332,131.50953327925683,117.79902205066732
2000-09-08,96.74289673265439,120.16867685807402,144.7212826343466,137.40207916980313,91.03307105074245,314.2365411428886,151.46472577170107,131.1886105339078,143.81922049128065,161.68911261422906,133.36381769849436,118.35267745430545
2000-09-11,96.3462508560505,120.50514915327662,144.0845089907555,140.54858678279163,90.83279829443082,306.9462533883736,150.66196272511107,134.0091656603868,146.32167492782892,161.0261872525107,135.40428410928132,118.175148438124
2000-09-12,97.15555936324132,117.8419853569892,142.81656531163685,140.92806796710516,91.1870462077791,302.00441870882077,149.8031895375779,134.03596749351888,147.97510985451342,162.12116532582777,135.43136496610316,118.00970323031063
2000-09-13,96.74750601391571,118.12480612184598,142.81656531163685,139.75836500297817,90.97731600150121,304.48085494223307,151.51094589830632,133.84831713902796,147.6791596348044,163.6937406294883,134.8083806872591,118.38733428064765
2000-09-14,95.57686119114732,118.8689924004136,142.6023404636694,139.1434281969651,88.91213092826713,307.1602864657247,150.73824007422496,132.2019828382179,146.35004719809115,163.48093876666996,134.90274655374014,117.98481734409346
2000-09-15,95.03207308235778,117.39501689464846,140.52034629289983,144.11084858359675,87.7029259476427,301.63140130934164,148.52238794513383,134.1453519859397,145.750012004579,162.8270150116033,132.4879873904282,115.45994225292986
2000-09-18,95.4882270331531,115.65757064460766,137.52726291686105,143.67851603784595,86.72942346962387,294.4525739581793,145.52223570864214,133.0990182404494,144.14676187252863,161.00335244347332,128.68558215232292,115.3791202933528
2000-09-19,95.52642232396636,114.67448129412851,137.62353200090286,140.6468993494474,86.43454342982714,306.64291052004796,145.07111677794535,128.3074535837932,141.7683403016319,161.66346618849155,130.7059457921144,114.61761809941666
2000-09-20,93.38663046390951,112.80528724903422,137.55472023490242,138.64971337868525,85.95915344096309,309.61734675209243,139.8485565739393,126.21604209037739,140.52077890697754,162.48794986605287,129.56880406372298,113.17343611136401
2000-09-21,94.11504618152802,112.81656777775912,136.74314738551647,136.40358802195055,86.95627962087828,302.89865032757206,140.1002839757724,124.44901750111211,143.752756821838,166.61514379265063,128.07876281699018,114.18067969275513
2000-09-22,96.6937984469019,113.44834055731458,137.75504667616931,135.36692075298373,88.97366530808266,298.6277793579533,141.55732692912045,126.45264668288002,143.9252601300242,171.86352082211914,130.1920624034705,113.7810473138305
2000-09-25,96.63578216783375,112.48402966257743,137.4106590594789,134.6494760729929,88.09282602153264,292.7448121046015,142.33589222723063,126.78142356425548,142.0830168003599,171.31355755548836,131.6892711211104,114.52062412137039
2000-09-26,97.04165245293865,109.93064218923692,136.88849855505288,136.6961481093024,86.82428932682258,288.26581647940117,140.6563286989493,130.19184385813395,139.1276900509124,169.2577948648225,130.87279764015955,114.0625416248849
2000-09-27,98.14792729090216,110.88703877628328,135.32796967152527,140.2092391157115,87.27577563132206,285.12371907977564,140.67039433181918,131.23337860899903,140.22679880231462,169.30857220328195,130.92514675921558,114.80394814544664
2000-09-28,99.25699886928936,112.63905398894856,137.88566829831709,139.46613014839824,90.96754094052699,294.24767809032846,147.39443918088014,132.3488623271755,141.5168853512959,171.6788922141279,134.73506852990874,115.50425222913385
2000-09-29,98.98900497234227,112.34619244857728,136.1896745782478,140.41449983340732,91.80444231717983,283.4487883044134,148.8241652409347,133.27530436346572,139.76207597293987,172.33127200454157,134.5329659271139,114.3492097068425
2000-10-02,99.80071481311548,114.36842391265168,134.1604484270319,143.32107997995885,91.3270592171305,278.5167793879167,147.51451258681448,134.31485173750076,137.26033481302423,169.24654223566026,136.2011747046101,114.30347002295977
2000-10-03,99.6410336694145,113.61359231482817,134.72392231042542,142.47548560807707,93.17186581331653,268.21165855056375,146.36389938863732,131.65541767309824,137.26033481302423,168.97574776808318,135.7517108280849,114.97786049609525
2000-10-04,99.49157211891037,115.48821658802284,136.0442167490676,139.04182640492243,93.8706548069164,276.0434389802402,149.80345102427032,128.68000523368624,138.12507492234627,166.22144307946346,134.0005137584026,115.33429186363315
2000-10-05,100.86455581415134,113.2823916511916,134.90144532837542,138.56908419514568,95.222392236136,270.6605919201255,150.31278275775284,126.72406915413421,137.7797622350404,170.12764699183086,135.1663182281007,115.93403018132406
2000-10-06,100.26945493484784,110.93744614401193,132.78349263671993,138.0009509499456,95.02242521244013,263.5422183526262,146.8706200326003,127.8392409626906,134.707273537199,168.34130669841662,130.21923098095223,114.10227250445915
2000-10-09,100.54018246317193,112.37963294388406,133.2747915594758,140.47116797194963,94.78486914940902,263.41044724344994,145.21098202623193,128.91309058677717,134.7746271739676,166.54005471674355,128.72170982467128,112.83573727965965
2000-10-10,101.09315346671939,109.13186155180581,130.71591556153385,144.19365392320628,94.95548191387796,253.9803532321344,143.1199438850542,130.44715636475982,134.8015820994024,169.5710837125883,125.61951661789669,112.18129000343762
2000-10-11,100.75954606027922,106.8946583899938,130.4544837304108,145.49139680851513,94.49969560069135,245.9037779993525,137.86744194447272,130.77327425567174,132.14599093204416,169.89326877164223,124.43869316168848,109.15239517334481
2000-10-12,100.0743811470693,104.21160246440495,127.27139432738879,147.19364615117476,93.15779992316153,238.94470108197083,133.3729633370829,129.93632530043544,124.32294826886714,168.87390915901236,118.50296749787594,105.25565466565641
2000-10-13,98.96355551633683,107.26500241661203,130.40227062784254,142.02714917126852,91.48095952454463,259.90015136685963,138.6812072778988,131.10575222813935,126.92129788768645,168.46861177703073,124.10815786052547,108.65541231135711
2000-10-16,100.07194733811981,107.2435494161287,131.1977244786724,138.8457410298321,92.06643766550171,258.31476044352183,135.81050628724628,132.79701643188233,129.48510810501773,171.75374970668284,124.98932578133521,109.58984885723477
2000-10-17,99.97187539078169,105.30244117169678,128.18017681566292,139.22062453061267,91.85468485887107,251.10777862714758,132.7276077945258,132.3853456809435,126.06670125104526,173.7289178283097,122.00208089516128,104.85556738660222
2000-10-18,100.83163351914241,105.3972133687513,126.57792460546713,137.7309638481351,92.50685312136906,245.13141349582145,133.25851822570388,130.0553635969589,128.15940849181263,172.9992563734308,121.64827486056534,105.36935966679657
2000-10-19,100.84171668249434,108.30617645772884,130.50184026823658,137.70341765536546,90.97123935955433,266.43333332860834,138.2557126591678,130.08137466967827,131.3762096449571,170.73296611493888,125.881634825713,106.57057036699807
2000-10-20,99.11732332722369,107.79713742837751,133.51643277843283,140.48502669200386,90.27076081648576,272.8543766618278,140.45397849044858,129.50901662113168,129.8785208550046,172.2183429201388,126.13339809536441,104.8121559559426
2000-10-23,100.02920270183415,107.47374601609239,134.21071822888072,139.68426203985942,90.00897561011794,270.9171105875288,143.6563292000308,130.26016891753426,131.50200236569214,176.57546699601835,124.75854405612495,103.10371781386074
2000-10-24,100.83943924371901,109.45126294278849,134.34492894710957,136.27596604608684,94.05937951257324,264.68601704401567,144.633192238591,128.89243714390014,131.72555576971382,174.50953403216494,127.6279905694158,106.97010723188052
2000-10-25,102.11001617818987,108.02839652453224,130.51609847211694,134.40898531125544,95.03759705950401,248.14314097876468,140.74255936737288,126.79149041845459,128.34020898643217,177.6681565981471,127.20681820053674,105.42973768774144
2000-10-26,102.88605230114412,108.25525615723377,131.46886599096342,135.322966411372,94.9045444236207,252.48564594589305,137.92770818002543,125.34606742768422,127.81401412958779,177.20621939099192,124.8534920638268,104.70227249769601
2000-10-27,104.31616842813003,110.32293154983692,131.67921617654898,133.49610636481844,96.15728441001251,254.32879116129808,141.6655490717041,127.69003888858191,128.8365262426245,174.60128796594435,128.07471215907356,106.01105090391721
2000-10-30,106.71544030197701,113.4450705126973,135.20821917008047,136.0191827751135,98.22466602482778,247.48734667905916,144.75385804146725,130.4992197441307,132.52125089316357,175.17747221623196,132.55732708464112,108.38569844416494
2000-10-31,106.56603868555425,115.22615811974666,138.9805284849257,136.44084224171638,97.72372022810116,262.28709001046695,148.56088450795784,131.06036638903046,137.31852017549608,175.91321759954013,133.8298774246537,110.98695520682492
2000-11-01,106.57669528942282,114.13150961760907,137.36835435450055,140.6977965196579,96.87352386211668,259.82159136436854,143.86636055750637,133.0393779215048,138.33467722479475,177.1973840880168,132.9332172459085,110.98695520682492
2000-11-02,106.64064130659648,113.61791782432984,137.07988081035612,135.9281412176415,96.90258591927532,268.23981092457404,143.4203748397781,131.54933688878396,140.6586998021713,178.4200460382241,133.53141672351506,111.55298867837973
2000-11-03,105.55290676526919,111.20921796645405,136.29852548973707,135.47957835162327,96.55373660996592,270.9758569960047,143.50642706468196,129.77342084078538,138.40816060533655,177.63499783565592,133.62488871522152,111.03984493045917
2000-11-06,106.64010170495146,114.24522961693826,137.03453752738167,136.53631906276593,96.6696010938979,268.59126945443984,140.89461009210473,129.98105831413065,139.98601363623743,179.5001653129303,134.77406275817242,112.67213065093691
2000-11-07,106.3308454100071,111.00066509581721,136.3493648397448,137.04150344329818,97.19161693980494,268.80614247000335,141.47227799348235,129.40914165754847,140.2659856635099,178.65651453595953,134.3966953824495,113.67491261373024
2000-11-08,107.36225461048417,111.08946562789386,134.7268073981518,139.01490109288167,98.93134688302746,252.67777392180312,140.87809442590975,129.78442816835536,140.82704960616394,180.47881098422633,132.55546065570996,112.60636843516119
2000-11-09,108.08158171637442,111.0339208950799,134.75375275963145,138.09740274566863,98.45647641798892,249.4687661929962,136.4686100703788,130.36845809511294,136.26425319892422,179.0891241396478,133.16521577472622,110.9285335454773
2000-11-10,108.51390804323991,108.81324247717832,131.8026455741955,137.46215469303854,98.27925476043654,234.62537460451296,133.50724123185157,131.05941092301705,131.60401573952103,178.6772191541266,131.31421927545753,109.03165562184962
2000-11-13,106.94045637661293,109.44435928354595,131.56540081216195,136.82982878145054,97.77803056115832,231.3406193600498,134.66875423056865,131.19047033394006,133.15694312524738,171.01196645241455,129.23945461090528,106.24044523793029
2000-11-14,106.95115042225058,110.60446949195153,133.82832570613115,138.1707611035088,98.65803283620873,246.93297710491714,136.1231767762588,129.41939898443187,135.82008198775233,173.93627107875082,130.01489133857072,108.38650223173647
2000-11-15,107.67841824512188,112.0865693831437,135.13984329805123,140.36767620505458,99.67421057442168,248.93313421946695,135.89176737573914,131.30892220960456,137.9117112503637,176.5453151449321,129.0527811426653,108.93927339311833
2000-11-16,107.75379313789347,109.72154276915937,133.42356728816597,140.88703660701327,97.87010736302464,238.3036893882957,135.11718430169742,132.8977601683408,136.9187469293611,174.1972624535045,129.1173075332366,108.49262237220654
2000-11-17,107.94774996554166,109.12904643820592,132.86318830555567,139.8585612397821,99.95474064985707,239.11392193221593,130.19891879311564,135.3563687314551,137.26104379668448,173.15207887878344,127.50334118907116,107.52703803309389
2000-11-20,106.49045534100685,104.96031686426643,131.66741961080567,140.19422178675757,98.96518871742349,228.30597266087977,127.60796030913262,135.30222618396252,135.38056749666993,171.40324288210775,124.55801400760362,105.0109053431195
2000-11-21,107.33172993820081,105.52710257533349,133.90576574418935,142.57752355713242,98.42088017947766,226.31971069873012,126.10218637748486,135.19398440301532,134.14860433245022,174.16283509250968,124.5081908020006,104.98990316205088
2000-11-22,107.36392945718227,103.55374575717475,132.0310850237707,142.74861658540098,98.08624918686745,217.44797803933992,125.29513238466896,135.01823222329142,132.92785203302492,172.3863741745661,121.54489586091297,101.89270101877037
2000-11-24,106.71974588043918,104.87923370286659,134.7905347007675,143.61938314657195,97.47811444190887,228.950976077621,127.60056282054686,134.99122857684677,133.51273458197025,173.213828770604,122.82111726745255,103.828662338127
2000-11-27,107.28536053360551,105.62387626215694,133.98179149256288,142.67149521780456,97.19542791002733,226.02040358382743,127.80472372105973,134.4107662939663,137.98541119046627,178.32363671933683,123.59489030623749,104.34780564981763
2000-11-28,107.84324440838027,103.75433365231676,132.24002820315957,142.2720150311947,97.34122105189238,214.08652627460137,125.87487239287174,135.7011096503884,136.67454978415682,178.34146908300877,124.34881913710554,103.45041452122918
2000-11-29,109.3854028034201,105.26914692364058,133.72111651903495,135.85554715328783,99.50219615924439,211.19635816989427,124.8426984392502,135.68753953942337,138.24630710667464,180.64207403417956,127.1466675676904,103.4607595626813
2000-11-30,109.46197258538248,102.37424538324046,131.74204399455323,132.97540955363812,99.09423715499149,201.31236860754322,124.01873662955114,135.02267059568018,135.88229525515052,177.22793883493355,126.91780356606854,102.08473146049764
2000-12-01,108.61911539647504,104.85170212151489,132.61154148491727,135.06312348363022,98.84650156210401,204.91586000561824,123.16300734680723,135.17119553333546,135.13494263124718,175.33159988939974,126.90511178571194,104.07538372397735
2000-12-04,109.7053065504398,104.90412797257565,134.7731096111214,137.29166502111013,101.72293475756122,204.2806208396008,122.75656942256276,136.6040102059888,138.52682969129148,176.5589210886255,126.11830009264051,104.11701387746695
2000-12-05,109.69433601978476,106.73995021209572,139.50364575847175,134.71058171871323,101.15328632291887,226.85362944237673,126.52519610383544,135.81170694679406,140.49391067290782,178.13029548631428,131.78101176680005,108.38581144644309
2000-12-06,109.31040584371551,103.0253999447148,137.34133924921545,132.9458730981981,98.45249357809693,218.46004515300876,127.65127034915955,134.34494051176867,139.004675219775,174.2826811038099,130.4368454467787,107.78968948348766
2000-12-07,111.08123441838372,101.85091038534506,136.4760888119454,134.84699908350234,98.74785105883122,213.5446941370661,125.64714540467774,135.05696869648105,139.35218690782443,174.97981182822514,130.78902492948498,106.57166599232426
2000-12-08,110.55915261661731,101.67776383768997,140.4202477786106,136.14153027470394,99.03421982690182,226.18654002998036,126.14973398629645,135.09748578709,140.14649437319903,177.41203121263746,134.77809018983427,109.76881597209398
2000-12-11,108.4806405474249,100.73216063399946,142.09124872717607,135.4744367763579,97.26150729200027,233.83164508299373,128.00413507589502,134.39497886099713,137.37159378460967,178.67165663424723,136.65150564347297,110.71282778945397
2000-12-12,108.58912118797231,100.64150168942885,140.18722599423194,136.59887460160164,98.18549161127427,228.10276977846038,130.42341322882942,134.83848229123845,138.5942009692927,177.45668936913435,134.7520497150287,108.07786248806497
2000-12-13,110.34826495121746,100.00746022878543,137.83208059752883,137.3774881868308,98.35240694701345,217.79252458447397,133.08405085869754,135.7149324261315,137.12510243901818,179.78137199987003,133.8896365968525,107.98059241182571
2000-12-14,110.2710211657516,99.00738562649758,135.77838259662565,133.3935410294127,98.93268614800083,211.9556849256101,131.32734138736274,133.73349441270997,136.93312729560355,177.89366759387138,131.2653997195542,105.46464460863018
2000-12-15,107.93327551703766,97.41336671791096,133.89106307853257,132.87330621939796,97.0628583798036,203.8377821929592,128.95031650825146,134.13469489594806,135.13930332803113,176.4883076198798,130.07088458210626,102.74365677772752
2000-12-18,109.49830801203471,98.51413776182338,136.16721115086762,137.74975655764987,99.06235326242756,199.63872387978427,127.06764188723099,136.50887899560635,136.7474610376347,178.7120602958903,134.0380465618605,103.3190212556828
2000-12-19,111.23933110942605,97.56840203930986,135.62254230626414,139.2787788554398,99.53785255808721,191.67313879698085,120.68884626449199,136.768245865698,133.1646775584487,180.10601436619825,132.8048965334914,102.5337966941396
2000-12-20,110.76100198565553,94.63159313792664,131.63523956245996,135.65753060519836,99.18947007413391,176.109279926666,113.73716871965725,138.39578799149982,132.27247421880705,177.9807633966771,131.15811581647608,97.73521500885387
2000-12-21,112.13443841027765,98.65343584628852,132.46454157170348,135.79318813580355,100.85585317137935,175.66900672684935,112.99787712297949,137.92524231232872,135.6189678165429,175.23985964036828,134.08294179918352,98.70279363744152
2000-12-22,112.07837119107253,98.43639828742668,135.7099228402102,138.4411553044517,101.83415494714174,190.82924200737645,115.596828296808,139.44241997776433,137.3820143981579,177.1674980964123,135.7589785716733,101.19010403710504
2000-12-26,113.49055866808004,100.91699552426982,136.95845413034013,143.30043985563796,103.2292828699176,188.13854969507244,116.11701402414363,143.73724651307944,136.09062346281524,179.8604440674778,137.52384529310507,101.89843476536478
2000-12-27,114.86379442796381,101.8353401835407,139.49218553175143,143.4007501635369,105.8513066548135,192.03301767376044,117.44074798401887,144.2403268758752,140.7040955982047,181.8209229078133,138.88533136150681,101.29723400024912
2000-12-28,115.50703167676042,103.76002811300961,141.94724799711025,144.31851496458356,107.15327772666771,192.3018638985037,117.41725983442205,144.55765559500216,142.87093867041705,184.5300546591397,140.73250626861486,102.41150357425187
2000-12-29,115.53013308309576,102.4526517587857,140.4568018931406,142.96192092391647,106.7032339602157,185.1097741886997,118.74407487055103,143.92160191038414,143.57100626990206,183.40442132571894,139.53627996533163,101.50004119244103
2001-01-02,115.18354268384647,103.42595195049418,136.22905215615705,144.5916868224491,105.0173228636443,170.67121180198112,119.21905117003324,139.73348329479197,141.66151188651236,179.09441742456457,135.61531049830583,95.63333881151794
2001-01-03,111.8662566545517,108.22491612099712,140.90170864511325,138.6345093253642,102.76995215436231,198.1322097809199,129.26921718366705,134.28387744629507,149.12707356293157,174.45587201326833,141.70443793967976,102.75802255297603
2001-01-04,109.22621299750428,112.6188477155096,140.12674924756513,134.752743064254,101.5778207093717,196.78491075440965,133.10851293402195,125.35399959611644,146.2638337505233,166.0470989822288,139.76308713990613,104.38159930931306
2001-01-05,109.5757368790963,109.33037736221674,136.8758086650216,136.47757817547642,101.87239638942887,183.7971066446186,129.06201414082767,125.74259699486441,142.69499620701055,163.50657836780073,136.14322318298255,102.64886476077845
2001-01-08,111.02213660590039,107.40616272064172,138.7236320819994,136.79147660528002,103.23748650104723,183.63168924863845,127.57780097820816,127.84249836467865,142.0671382236997,162.0513698203273,135.63949325720552,100.33926530366095
2001-01-09,112.17676682660176,108.84540530109832,137.68320484138442,135.43724098688773,101.15208927372608,187.54304422963446,132.55333521635828,126.50015213184953,140.74591383821928,165.50306399750028,133.53708111171883,99.94794216897668
2001-01-10,112.22163753333238,108.14879470717129,139.2114884151238,135.3695223663943,100.99024593088811,194.06954216882573,136.56970127341395,126.3483519492913,141.43556881602655,164.725199596712,135.7003818257287,100.48766105668916
2001-01-11,109.97720478266572,109.94406469931033,140.25557457823723,136.5743111154552,99.19261955331828,203.73420536883327,139.60154864168373,121.67346292716752,142.01545464817224,162.27079412272101,135.9039323984673,103.3515593968048
2001-01-12,109.8562298574048,109.73517097638164,139.44209224568345,136.86111716879765,97.87335771325915,201.04491385796467,140.34143684948467,123.6202383340022,143.59182619476698,164.23427073160593,133.77024065981135,102.74178519636365
2001-01-16,111.49308768228012,112.56633838757229,140.85045737736485,137.0253505094002,99.47848077975661,199.21540514185722,140.3554709931696,122.58182833199658,145.64518930935216,166.71420821965316,135.91056451036835,104.99183029216401
2001-01-17,111.54883422612126,111.76711738502053,140.8222872858894,133.77784970232742,98.15541698538584,206.02857199770872,141.60463468500882,122.66763561182896,144.7567536545651,162.32962454347629,135.77465394585798,104.59286133705379
2001-01-18,111.33689144109162,113.13067621711777,141.56864540850464,130.995270428519,98.61674744521716,215.62950345280197,143.0631624222644,123.24417349920455,143.06309963680667,164.4236767000871,134.34902007942645,105.47144137228503
2001-01-19,110.1010519460955,111.19614165380504,139.75656674727577,131.07386759077613,96.96984776288203,218.00142799078276,141.2605665757439,124.13153154839884,138.52799937831992,162.05597575560586,133.43544674288637,104.01593548134748
2001-01-22,110.24418331362543,112.71952879446219,139.9662015973967,132.41082104020202,96.51408947839647,215.0366085701081,137.37590099491092,125.44732578281186,143.2379513571828,165.1836560876891,134.99664146977815,102.40368848138661
2001-01-23,111.01589259682079,112.234834820646,141.74377235768364,134.5691174231573,96.99665992578844,220.45553110607477,137.63691520680126,126.99032788994045,145.5011109886263,166.30690494908535,137.26458504647042,104.71801184106594
2001-01-24,111.1380100786773,112.76233854430302,141.70124922597634,134.74405727580742,97.16155424766228,222.32940312047643,137.18271338661881,128.46341569346376,146.14131587697625,165.74146147225846,138.252890058805,104.330555197254
2001-01-25,111.94931755225166,113.84485699432834,141.19112472876282,137.7757985645131,97.5599166200777,213.9253516825224,134.35674949085447,130.78860351751544,147.35428879875516,169.05629070170366,138.33584179284028,103.80890242126772
2001-01-26,111.46793548677698,113.63993625173853,139.22856809503298,135.9296028637486,96.63309741218697,216.17156787518888,133.1341030704877,129.59842722550604,146.72066535692053,169.2591582505457,138.9168523283702,102.1791026532538
2001-01-29,112.05871554485691,115.19680337838736,139.3260280926995,134.5838997953975,95.80205277444215,220.4085306055426,137.35445413782216,130.36305794613654,148.8040988049888,167.75275174211586,139.72257007187477,103.05784293607178
2001-01-30,113.10086159942409,117.02843255210371,141.93142481803295,135.80861328353564,99.05932256877318,220.67302084226927,138.71426323378662,130.5977114504396,148.58089265678132,167.90372921868374,140.54693323529884,105.26328077490372
2001-01-31,113.01038091014455,115.83474254007227,142.6410819421231,138.09019798669902,100.39662342345164,215.15619532121252,137.18840633821497,129.16113662448475,152.77087382970257,167.78619660823065,138.8884794231223,104.9580172606565
2001-02-01,113.49632554805818,116.5181675210587,142.74093069948256,137.1511846403895,101.75197783966826,215.97378886343313,139.01301214251322,128.38616980473785,152.69448839278772,168.99425722380994,139.93014301879575,105.5352863555901
2001-02-02,113.46227665039376,116.55312297131502,140.84247632117945,137.69978937895104,101.41619631279735,205.77982602907906,133.25787343981318,128.95106895187868,150.15975988546745,168.79146411514137,139.67826876136192,104.55380819248312
2001-02-05,114.63093809989282,117.97507107156507,141.36359348356783,140.15084562989637,102.30865884034996,203.557403907965,134.41721693873956,130.71769859651943,149.0185457103379,168.94337643284499,140.58617750831075,105.81890927161217
2001-02-06,114.8601999760926,119.39077192442385,141.2787753274777,141.34212781775048,101.89942420498856,205.5929779470447,135.03553613665775,131.39743062922133,148.8844290191986,169.53467825035995,138.46332622793526,105.49087065287017
2001-02-07,115.89394177587742,116.54927155262256,140.74191598123326,141.92163054180327,101.96056385951155,199.7541373733486,132.61840003981158,132.86908185226864,151.08791856868274,168.83958606953345,137.99255091876032,105.07945625732398
2001-02-08,116.50817966728957,116.70078560564096,139.798945144159,142.00678352012835,100.5942923037941,196.0586858319417,132.40621059974785,134.56980609997765,146.9178920161871,169.22791711749338,137.88215687802528,105.31063106109009
2001-02-09,116.42662394152245,114.07501792951405,138.14931759145793,144.2504906997464,100.58423287456372,187.5497388668354,129.188739682174,136.46724036598732,145.06672657678314,169.4986817848814,138.18549762315695,103.5730056485821
2001-02-12,117.38132225784295,115.86599571100741,139.42029131329934,144.13509030718657,100.70493395401321,187.83106347513566,131.60456911423063,136.34441984965792,148.95451484904092,172.53270818883078,140.3550099358405,105.59267925872946
2001-02-13,117.32263159671403,117.07100206640189,139.67124783766326,143.42882836468135,99.80866004182249,184.33740569449816,130.65701621660818,136.24897875576318,150.02698735595402,168.73698860867648,139.28831186032812,105.28646048887916
2001-02-14,115.09350159637646,117.12953756743507,139.64331358809574,142.86945593405912,99.14992288554646,190.3099376389999,127.1162110771381,136.01735549187836,149.00680384193353,167.3195979043636,137.95114406646897,104.30729640633258
2001-02-15,114.7367117414277,118.21884226681223,142.57582317344574,140.683553258268,100.33972196017302,196.95175446260097,127.44671322593865,135.03803053233685,148.55978343040775,165.99777308091913,137.74421735036927,106.3830116048186
2001-02-16,115.80376316062299,116.20912194827642,139.4248974813126,142.45616602932216,99.97849896111639,185.7255044582327,125.05071501729101,136.29388421628758,147.84669646994178,164.53699267780706,137.74421735036927,104.59577700985764
2001-02-20,116.77651477117223,116.41829836778332,138.56046311692847,142.37069232970455,99.80853551288249,175.1948683554509,123.58762165158869,137.05712996789882,149.47301013111112,164.61926117414595,133.73586062547355,104.87818560778426
2001-02-21,114.63950455085978,114.9747114680228,137.05015406895393,141.23172679106693,99.1298374713949,170.30693152833382,121.06643416989628,137.50941849679288,143.46419512384045,165.11311895766838,130.51282638439963,104.30135558694144
2001-02-22,113.29822234761471,113.62950734384694,137.06385908436084,141.07637189159675,98.99105569893494,168.85932261034299,122.07128557350642,137.75693545008713,142.54602427504787,163.37943120861286,130.69554434133778,103.43565433556982
2001-02-23,112.0632717240257,114.73171356508225,136.76231859437524,139.65150053549164,97.51608896902081,169.0619537974754,122.44970655878429,136.03497375696102,142.71707950417795,163.18337589116254,130.21197082727483,101.96686804400474
2001-02-26,112.66841339133545,117.31317712029659,139.07360177862017,141.0619806909001,98.09143389393803,171.2935715876021,126.3680971686654,136.91920108638126,146.77024456209662,166.88763852389192,132.99850700297853,104.64859667356208
2001-02-27,113.09655336222252,116.55064146901466,137.64114368030042,140.13097161834017,98.21895275800016,163.1228682228735,125.74889349253893,137.16565564833675,146.77024456209662,166.05320033127248,133.98269595480056,104.65906153322943
2001-02-28,113.1304823282312,114.382799537691,135.67287532567212,138.05703323838873,98.78862268399656,158.83273678861192,123.0578671717986,137.13822251720708,144.62739899149003,166.8668610128957,131.79877801073732,102.38795989795835
2001-03-01,113.22098671409377,114.8632072957493,135.52363516281386,138.99582106440974,97.91928280437739,163.10533740822558,120.04294942608955,137.56335100701045,141.8505529308534,165.2482524610706,131.7592383773341,101.36408029897876
2001-03-02,113.36817399682211,116.11521625527297,136.7297955157629,142.47071659101996,99.35869626160174,157.05412939038038,121.37542616471917,138.2649240971462,142.40377008728373,165.43002553877778,132.02275685408878,100.21866619160032
2001-03-05,112.21181862205452,117.39248363408097,139.90192677172863,144.33708297836236,100.72984627001185,159.6612279382607,121.55748930396626,138.48614797570164,141.7771934988997,164.9006494570537,131.91713864860552,101.11061232070556
2001-03-06,111.7517501657041,118.13205628097568,140.9092206444851,144.7556605189996,100.03481033074877,166.07960930137878,123.41731889031695,138.20917567975025,143.2942094693379,162.6580006244378,132.40523206160535,102.0913852602164
2001-03-07,112.534012416864,119.41969569443829,142.69876774667003,147.31783571018588,100.45495653413792,166.94322326974594,122.39295514352733,139.59126743654775,146.51832918239796,159.03072721051282,134.603158913828,103.13271738987059
2001-03-08,114.19951580063359,122.07081293885483,143.52642059960073,149.58653038012275,101.87137142126926,162.48583920844374,122.7111768269005,140.51256980162896,148.54028212511508,159.58733475574962,134.7377620727418,103.23585010726046
2001-03-09,114.42791483223485,121.43604471157279,140.9429450288079,149.22752270721048,100.55723072993487,151.5505422297155,120.9809492336412,139.7819044386605,146.7726527678262,159.6032934892252,131.77353130714147,100.41751139933226
2001-03-12,111.75030162516055,119.444493578303,136.20726207583996,145.6460621622374,98.2041915308544,142.0180131234664,116.91598933939088,137.6013067294174,141.1219056362649,153.42664603119218,126.14680152032653,93.88033140723574
2001-03-13,110.86747424232178,118.19032639573082,136.2617449806703,143.6070172919661,96.76058991535083,150.14144347412866,118.38913080506718,136.1564930087585,140.86788620611964,153.51870201881087,128.78326967210134,95.91753459877276
2001-03-14,109.06033441217193,114.59734047330059,133.1277248461149,141.98425799656687,94.61250481923005,146.95844487247714,114.1981555745678,133.41974749928247,138.19139636820336,150.54043919964596,123.68345219308614,93.71143130300098
2001-03-15,109.34389128164356,114.60880020734791,132.30233295206898,140.7631933777964,93.16493349549583,144.51893468759405,116.64199610386356,135.28762396427243,139.1172787238703,150.9770064733249,126.61475001006228,94.37678246525229
2001-03-16,109.23454739036191,112.52292004357417,128.84924206201998,138.83473762852057,91.89789039995708,139.7642617363722,114.93902296074717,134.1782654477654,136.40449178875483,146.44769627912515,124.58891400990129,92.75350180684995
2001-03-19,108.79760920080047,115.99987827292063,131.4519967516728,140.33415279490856,93.87369504355617,145.3268793534798,117.44469366129144,134.58080024410867,138.01406479186213,148.96659665512612,126.10889876082207,93.99639873106176
2001-03-20,106.69781534322502,113.47108092657095,129.95344398870373,141.03582355888312,93.34800235131226,137.98787194612908,113.04051764899302,134.04247704313224,137.50341275213225,146.12133465901323,123.22100497919925,92.55825383047652
2001-03-21,105.01198986080207,110.75912209242588,127.14644959854773,138.69462888780566,91.01430229252945,138.0430670949075,110.46319384659597,132.59481829106642,136.14212896588614,140.90480301168645,119.94332624675256,90.55899554773822
2001-03-22,104.17189394191566,108.98697613894709,126.11656335679949,134.97761283361248,88.72984330498696,144.9452204496529,109.36960822751468,128.07333498734104,132.8474894449117,140.15800755572454,117.48448805869414,88.14107036661362
2001-03-23,105.33861915406513,109.57550581009741,127.46601058471722,134.9371195497624,89.26222236481688,148.0325536452305,110.95546754681362,128.29105965681953,134.50808306297307,143.05927831212804,121.71392962880714,91.34940532795835
2001-03-26,106.17079424538225,112.68745017510417,129.58194636042353,136.25950332135005,90.77075392278228,146.06372068174895,113.6960675952199,132.90953780446503,137.25204795745773,146.0349113010203,123.47878160842482,92.53694759722181
2001-03-27,108.13495393892181,111.56057567335313,131.2276370792009,138.2216401691775,92.65878560437613,149.9198029077471,119.01704355867619,134.9829265942147,139.70885961589624,148.8679885802601,126.86210022449566,95.52589100461208
2001-03-28,107.21580683044098,109.79791857771414,128.39312011829017,135.4019187097263,92.26961870483777,138.8257374925738,114.28016522504088,135.02342147219295,138.28382924781408,150.1929136786244,125.30169639173437,94.30315959975304
2001-03-29,106.64756305423965,110.7421806774825,127.1733854771664,133.85833683643543,91.54068871706954,135.70215839899092,115.44582291033629,136.22512992329544,139.04439030867707,150.9438782470175,124.83808011508495,93.99195917307385
2001-03-30,107.74603295369833,110.56499318839852,127.73294837326594,137.9410161099467,92.38286305326659,136.77420545034295,115.66516997386593,138.6499372359301,140.47654752885646,152.52878896861117,127.40974456545568,94.91308037296999
2001-04-02,107.26117580540671,110.92985766592025,125.74031437864299,134.46490250397602,91.81932758864167,132.34272119375183,113.94175894125533,139.50956684679286,139.6477358984362,147.72413211609992,127.29507579534678,93.8785277969046
2001-04-03,104.78344264430181,107.42447416367717,122.57165845630118,131.33187027563338,90.08394229721634,123.0787307101892,108.82577396479296,138.99338144945975,136.12861295379562,144.2821598377948,123.71808416549754,90.2454287711644
2001-04-04,106.09323567735558,109.57296364695073,123.29483124119336,133.69584394059478,91.2370167586207,120.94946866890292,108.5972398394669,138.7153946865608,136.64590168302004,145.8981200279781,121.095260781189,90.01079065635938
2001-04-05,106.80406035639385,111.57814888168993,128.44855518707524,137.85378468714725,93.86464284126896,133.98782139141065,113.67959066395395,139.28412780477572,139.8024220118978,150.34801268883143,125.76953784734289,94.025271919633
2001-04-06,105.43696838383201,109.30195464450345,125.87958408333375,138.543053610583,92.60685662719597,128.09235725018857,111.23547946467893,135.10560397063244,138.65604215140021,149.7466206380761,122.78879980036086,92.59608778645459
2001-04-09,105.29990032493303,112.27496781083394,127.49084275960041,140.88443121660183,92.92171993972845,128.72000980071448,112.49244038262982,137.82122661044215,137.96276194064322,152.14256656828533,123.48869595922292,94.13318284370973
2001-04-10,105.78427986642774,113.99277481833971,131.443058885148,143.5189700803523,93.42349722740299,137.4987144691232,116.11469696295049,141.6940030781956,140.2115549602757,152.3403519048241,126.10665631355846,97.39960428838646
2001-04-11,103.92247654077862,111.66732221204558,130.53610177884048,140.36155273858452,92.43320815679252,141.63742577464382,115.33672849329872,140.8155002591108,138.51499514525636,149.0345662684894,126.67413626696946,96.68858717708123
2001-04-12,104.85777882964562,113.49866629632312,133.36873518744133,141.23179436556376,93.29283699265069,146.21231462716483,116.42089374113573,140.67468475885167,138.18255915690776,152.28351981314248,127.80153607974547,98.30328658293848
2001-04-16,105.5183828362724,113.87321189510101,132.92861836132278,145.14391506948988,93.40478839704188,142.1183698176042,116.75851433298502,142.05329666948842,137.62982892028012,152.92311059635767,127.02194670965903,98.29345625428019
2001-04-17,106.59467034120237,114.46535259695554,132.91532549948664,145.88414903634427,93.1899573837287,143.4542824938897,118.04285799064785,144.93697859187904,138.66205263718223,157.31200387047315,128.1905486193879,99.64990595058926
2001-04-18,106.88247595112361,120.92119848342384,137.31482277351964,145.11096304645164,93.97275302575201,157.627565604286,120.3683022930636,143.50210250381943,145.5674228585139,156.87153025963582,133.03615135720077,104.15408169955589
2001-04-19,107.08555265543073,120.59471124751859,138.4682672848172,143.1954983342385,93.70023204197733,168.25166352601485,121.36735920209603,140.97646549975224,145.8148874773734,154.94201043744232,133.7811538048011,105.3935152717806
2001-04-20,106.3573708973738,119.70231038428696,137.2497465327108,144.55585556841376,92.51023909504421,167.69643303637903,119.43761819078269,140.60992668945286,144.56087944506797,153.0517179101055,131.74768026696813,104.41335557975304
2001-04-23,107.03805807111699,118.90030490471224,135.4792248024388,148.5889639387725,91.8719184452884,158.47312921937817,116.85776563786179,142.80344154580834,144.57533553301246,152.47012138204713,130.07448472757764,102.73230055491902
2001-04-24,107.04876187692409,118.22257316675537,134.6392536086637,148.26206821810723,91.3941844693729,154.92333112486412,116.22673370341734,143.86018701324736,142.10309729539796,150.10683450062538,129.30704526768494,101.32486803731662
2001-04-25,109.46806389534258,118.06888382163861,136.41649175629806,150.79734958463683,92.11619852668096,157.64998175266174,119.15564739274345,144.32053961168975,144.02148910888585,153.76944126244064,130.58718501583502,103.75666487021222
2001-04-26,109.36954263783679,118.80091090133276,137.95799811314424,152.39580149023396,94.28092919205797,155.14334704279443,120.21613265453885,146.45648359794276,145.99458350967757,155.1226123455501,131.43600171843795,105.79029550166838
2001-04-27,109.87264253397082,120.15524128560796,139.6410856901246,152.4872389711281,95.68571503701962,158.78921569830013,121.00955913005879,146.01711414714893,149.39625730545308,157.72867223295532,134.0252909522912,106.56256465883058
2001-04-30,108.74095431587092,120.17927233386507,140.11586538147105,151.7857976718609,95.25512931935303,161.45687452203154,120.29560273119144,146.11932612705192,148.36542313004543,159.05359307971213,132.6984405718635,105.30512639585639
2001-05-01,110.81790654330403,119.24187400966093,140.8444678814547,151.2849045395438,96.95067062123752,165.96152132119624,123.07443115428197,146.14854999227734,151.42175084652436,159.48303778102735,133.87945669295306,106.22128099550032
2001-05-02,110.33030775451348,121.80557430086864,140.872636775031,145.18812288660015,97.06701142598303,170.0773670499619,123.43134700462937,142.90405218244877,150.52836251652985,158.90889884501564,134.30787095437054,106.98607421866792
2001-05-03,109.95518470814815,119.96631012892553,139.0131179696006,144.57833277047644,96.49431605856972,163.68245804888335,121.20958275854603,141.76081976498918,149.03813172761622,157.01788294875996,133.7572086834576,105.56315943155965
2001-05-04,111.20867381382105,121.20196312325346,140.34764390210876,147.3253210931155,97.65224785127256,167.34894510917832,122.00956600475243,143.80217556960503,150.0813986497095,159.71859053547865,135.32216802505408,107.44218366944142
2001-05-07,111.04186080310032,120.66867448551115,140.0108095567437,148.03248263436245,97.00774301545415,165.8260697086848,122.94903966298902,142.86746142840258,148.3854788449678,160.45329605194186,134.6049605345213,107.54962585311085
2001-05-08,110.71983940677133,119.92052870370098,139.96880631387668,148.63941581316334,97.15325462997734,167.89889558004336,120.90808560458342,142.03883015211784,148.20741627035383,160.11634413023276,133.8646332515814,106.85055328506563
2001-05-09,110.39875187249169,119.39287837740471,139.98280319450808,151.01764646617394,97.61959025220122,164.33943899374643,119.39673453452613,143.61546116680637,147.68869031340762,160.6927629691016,133.50319874180215,106.98945900433623
2001-05-10,111.16050326041187,120.52711072199007,141.10266562006416,149.8397088237378,98.12721212151267,162.18659234292835,119.26539812653816,144.06066909642348,150.61292638161308,158.86086547125387,133.5966509809214,108.10214937798133
2001-05-11,110.60470074410982,119.27362877048138,140.45359335821183,148.85076674550112,97.30294353969198,159.93219870936167,118.45439341927771,144.62250570589953,151.04970386811974,158.30485244210448,132.380921456995,107.1940913232063
2001-05-14,110.7816682653004,119.51217602802234,140.6221376702417,151.70870146701475,98.00352473317777,157.8210936863981,118.96374731098061,146.12657976524088,151.09501877928017,158.6531231174771,133.38701646006817,107.80509764374857
2001-05-15,110.48255776098408,120.14559056097085,141.18462622092267,153.21061761153817,97.71931451145154,157.77374735829218,119.02322918463608,145.13291902283726,149.6142875952432,158.5896618682301,134.21401596212058,108.2686595636167
2001-05-16,113.33300775121747,123.07714297065853,146.25315430225382,153.77749689670088,101.54991164030045,164.2740257494538,121.71315416420885,146.23592920741083,150.9159318973218,164.04514623649723,137.38146673882665,111.83069846325967
2001-05-17,112.99300872796381,122.99098897057905,147.627933952695,154.13118513956329,101.95611128686166,166.16317704557252,121.11675970880422,146.10431687112415,152.2289005048285,166.55503697391566,136.76325013850195,112.82599167958264
2001-05-18,113.038205931455,122.44982861910852,148.02652937436727,157.12133013127084,101.4769175638134,166.5619686704819,122.2431455740961,147.15626795259627,152.9291534471507,165.55570675207215,136.4760473132111,113.7624474105232
2001-05-21,112.78952187840578,122.67023831062292,149.9360716032966,156.36714774664074,101.21307757814748,175.28981582881516,122.9888287620981,148.30408684262653,155.72775695523356,167.0291525421656,138.20929311408887,115.13897302419052
2001-05-22,112.067668938384,121.9955519999145,148.9464935307148,154.97548013169563,99.97827803169407,175.48263462622685,122.38618350116381,148.0816307123626,155.7744752823201,165.39226684725236,139.60520697454118,114.33300021302118
2001-05-23,112.48231931345603,119.60443918071617,146.14629945233736,152.0309460091934,98.92850611236129,170.27080037782792,119.92622121279042,148.67395723521204,153.20419644016184,162.44828449737128,138.55816792223212,112.19497310903768
2001-05-24,112.99973798229792,120.40578892322695,145.50325573474709,151.75729030637686,98.04804240796128,172.2970229023241,120.59780805158205,148.40634411218866,154.30726665453102,162.98436383621262,139.12625641071327,112.35204607139033
2001-05-25,112.43473929238644,119.03316292950217,144.61568587476515,151.80281749346875,97.55780219592147,169.35074381069435,119.76568317602612,146.20993021932824,152.64074817466206,162.00645765319535,137.8462948517347,110.62182456189093
2001-05-29,113.2330259413624,119.48548894863428,144.29753136584068,151.4992118584818,98.43582241568475,162.05172675245342,119.10697191855797,144.8940408473543,151.60279108707437,163.7075254585539,137.70844855688298,109.83640960750152
2001-05-30,112.5762743909025,117.26305885418971,141.59916752929945,151.51436177966767,97.54005643170203,154.2246283503099,116.66527899422753,145.00995608003217,150.66285378233448,162.9381000888987,136.77203110669618,108.37558535972175
2001-05-31,112.41866760675524,118.27152116033572,142.7178009527809,151.9537534288287,97.92046265178567,156.19870359319384,118.35692553964383,146.82258053103254,150.76831777998208,163.50838343920984,137.565308887115,109.15588957431177
2001-06-01,112.6659886754901,119.7499151748399,144.04507650164177,152.0145349302002,97.9498387905812,158.8853212949968,118.4634467726295,145.54522408041254,150.90400926598406,165.61764158557563,137.4139870473392,109.12314280743949
2001-06-04,112.53078948907951,119.39066542931538,144.59244779234803,154.99401981483214,98.82159235581737,159.0759836805508,118.32129063650234,145.9236416630216,150.70783405393829,167.7872326903467,138.4995575450132,109.82153092140709
2001-06-05,113.01467188388254,120.19058288769178,146.77579375401245,155.64499469805443,99.35522895453879,166.02760416739088,119.65832122069482,143.69100994557738,152.06420456042372,170.08591777820445,139.6352539168823,109.87644168686779
2001-06-06,111.63589288689917,119.38530598234425,145.1612600227183,151.38032184332775,99.2856802942706,164.81560265696893,118.28225052665684,141.52127569539917,151.13661291260513,168.45309296753368,138.40646368241374,109.10730659505971
2001-06-07,110.96607752957777,119.69570777789833,145.7273889368069,149.9724848501848,99.90125151209509,169.21617924791,117.76180862433957,140.8985820823394,152.2550238481584,169.19428657659083,138.11581010868068,109.32552120824982
2001-06-08,110.36686071091806,119.10919880978663,143.93494205288417,150.51238579564549,99.44170575513944,165.01961800256183,117.49095646450358,141.64534456737582,152.041866814771,167.9591682845817,137.13518785690906,108.31972641313395
2001-06-11,110.02472344271422,119.6213683646687,142.22211624245483,150.90371799871414,98.9146647146372,161.65321779530956,117.53795284708939,143.3309241677276,150.27818115971962,165.49016851079836,136.3123767297676,107.03072166881765
2001-06-12,110.27778030663245,119.1907314385559,142.15100518433363,151.92986328110538,99.11249404406648,161.5077298992938,116.48011127146557,143.70358457056366,151.11973897421407,165.02679603896811,136.17606435303782,108.05821659683829
2001-06-13,109.77050251722193,119.25032680427516,141.48289545996727,150.89674021079387,98.80524531252988,156.92091037015385,115.6880465148196,140.8295128791524,150.40947620103526,164.82876388372134,135.46794881840202,106.9884402525296
2001-06-14,108.56302698953249,118.01012340551071,137.54967096618017,148.72382715175846,97.58994079518575,150.29884795253338,113.52468004499248,137.2242773494461,148.49927585328211,164.4991063559539,133.28691484242577,106.54978764749423
2001-06-15,107.6076723520246,117.38466975146152,137.16453188747485,148.97665765791643,96.73114931618812,148.88603878177955,112.06021167241207,139.1591396600733,146.50938555684814,164.54845608786067,133.28691484242577,106.08096858184526
2001-06-18,106.63920330085637,119.52107074093811,136.79418765137868,147.6358677389952,96.75049554605137,145.89342940226578,109.30353046527073,138.9504009505832,147.37379093163355,165.05855630173306,133.71343296992154,105.67786090123423
2001-06-19,106.72451466349703,119.15055542164122,134.98850437438048,147.25201448287376,97.34067356888228,145.98096545990714,109.64237140971306,140.2843247997088,148.08118512810537,166.01589592828313,134.8098831202749,105.26571724371942
2001-06-20,108.44277934957933,119.6867329210386,135.01550207525534,145.72059353225188,98.40168691078308,148.11228755562175,110.70590241238729,140.05986988002925,149.35468332020707,168.43972800883606,136.2927918345979,107.87630703136367
2001-06-21,109.57058425481496,123.39702164159078,134.79947727193493,144.07395082533745,98.46072792292955,149.97850237882258,111.64690258289258,136.19421747134047,151.2813587350377,168.84398335605724,139.95906793494856,108.51277724284871
2001-06-22,108.6063631133726,121.07715763472888,133.76152129694103,145.09687587619734,96.65889660193994,148.55370660622378,110.88770364532891,137.18843525888127,149.42059802259675,163.22147871030052,139.23128078168682,108.53447979829728
2001-06-25,108.83443647591066,120.68971073029775,132.63792451804673,144.57452712304303,95.85662776014384,150.67802461069277,110.07822340871802,135.81655090629246,146.74596931799226,161.37707600087415,137.82504484579178,106.75451432960521
2001-06-26,108.48616627918774,120.798331469955,133.2215313859261,145.094995420686,96.88229367717737,151.8382454001951,110.61760670342073,136.93024662372406,145.9682156806069,161.03818414127232,137.163484630532,105.23860022612482
2001-06-27,108.70313861174611,120.41177680925115,132.95508832315426,141.40958253700057,96.58195856677813,152.49114985541596,110.55123613939868,137.83398625144062,144.80046995516207,159.57273666558675,137.163484630532,105.30174338626048
2001-06-28,110.37716694636701,122.26611817211364,134.07191106506875,138.83592813482716,96.96828640104523,156.37967417672905,112.66276474966119,137.42048429268633,147.3199981323819,161.55143860024,138.67228296146783,106.62854535292736
2001-06-29,110.69726073051147,122.73072942116767,133.85739600736463,140.59914442213946,96.65798788456189,158.41260994102652,115.1864106800536,137.7777775518473,146.8633061381715,158.57889212999558,138.5197434502102,107.23632806143905
2001-07-02,111.31716539060234,123.97030978832146,134.29912541418895,140.00862801556647,97.48924658036911,158.61854633394987,116.23460701724208,138.17733310674765,147.8913492811387,159.94267060231354,139.5586415260868,108.49099309975789
2001-07-03,111.25037509136797,124.03229494321562,134.63487322772443,139.78461421074155,97.07004282007354,158.12682884031463,115.88590319619037,138.31551043985436,147.62514485243264,159.76673366465099,139.37721529210287,107.81834894253939
2001-07-05,110.1378713404543,123.13926241962447,134.21750512071847,140.5254726660585,96.9050237472794,153.16164641472875,114.70386698358924,140.23809603496835,146.00126825905588,157.70574280037698,138.56882744340868,106.6000015994887
2001-07-06,108.63999629022412,120.29474545773115,131.31840701011097,140.3006319097928,95.98442602168026,145.35040244757758,112.65066776458299,140.9533103247467,142.81844061100847,156.09714422381316,136.25472802510373,104.13754156254052
2001-07-09,108.95505227946576,121.46160448867116,131.27901148800794,138.51881388453845,96.71390765944503,146.86204663303238,113.48428270604091,141.37617025572092,143.4468417496969,158.87567339099704,136.63624126357402,104.43954043307187
2001-07-10,108.96594778469371,121.5587737722621,129.84807026278864,137.4106633734621,96.41409454570076,141.86873704750926,114.0063104064887,141.9840877878205,141.7398243328755,157.04860314700056,134.23144341733513,102.95649895892225
2001-07-11,109.79408898785738,123.34568774671435,129.05599703418562,135.500655152571,96.42373595515532,142.54970698533728,114.4053324929114,140.09569942024248,143.12887461133766,155.41529767427178,133.76163336537445,101.79309052068643
2001-07-12,110.3101212061003,125.8619397767473,132.48888655529495,135.41935475947943,96.73229191021183,152.41414670872263,115.64091008383484,139.03097210464864,148.06682078542883,153.2550250365994,136.47699452269154,105.22351767123357
2001-07-13,110.54177246063313,127.18349014440315,133.00559321286062,136.4214579846996,96.25830367985179,152.90187197819054,115.18991053450789,138.6416853827556,149.6511357678329,155.2320148595715,137.52786738051628,105.9179928878637
2001-07-16,110.66336841033984,127.23436354046092,130.67799533163554,134.26599894854135,96.21017452801188,148.59003918840557,115.21294851661479,138.7525987310618,150.3544961059417,153.64864830800389,136.23510542713944,104.39277379027847
2001-07-17,111.61507337866877,128.90113370284098,132.61202966254376,133.59466895379865,96.87402473225517,150.9080437997447,116.39964188633591,138.19758833613756,151.24158763296677,156.09166181610115,138.12877339257668,104.62243789261707
2001-07-18,111.59275036399303,127.35432009840689,132.99660454856513,132.21864386357453,97.2324586237645,144.55481515577543,114.88644654181354,137.24402497661822,151.80118150720875,160.15004502331976,138.28071504330853,104.38180628546405
2001-07-19,112.00564354033982,127.23970121031832,133.7413855340371,134.43991708048256,97.62138845825956,147.4025450143442,115.54129928710188,136.9558125241673,152.92451025036212,160.1660600278221,137.11915703694473,104.8410862331201
2001-07-20,111.82643451067527,127.88862368649094,133.60764414850306,136.7119516791427,97.17233007135157,146.00222083670795,114.5360899833041,134.0112625548977,153.19977436881277,161.1590895999946,136.33757784183413,104.61043584340723
2001-07-23,110.11549006266195,126.13654954198601,132.27156770701802,135.39951694302292,95.82163468335978,142.76097153413303,112.1995537476447,130.16513931957218,150.9630576630281,158.70947143807467,135.50591861699894,102.38223355994268
2001-07-24,109.16849684812304,124.26972860876462,129.34836606069294,131.1750520144006,94.47054963432441,140.84797451557566,109.54042432382552,125.36204567867995,148.83447854997942,155.82095905790172,134.23216298199915,99.77148660416414
2001-07-25,109.85625837826622,125.61184167773926,131.52141861051257,136.1465864857464,96.46387823160865,143.11562690527643,112.32275110165068,129.0727622307689,151.54326605958906,157.34800445666917,134.86305414801453,99.97102957737248
2001-07-26,109.79034462323926,126.10172786028244,133.178588485005,138.4474637973555,97.05230788882146,146.3214169479546,114.89494210187847,132.37702494387656,152.24036508346316,158.33929688474618,135.84755444329505,100.61084416666766
2001-07-27,108.8461476594794,125.95040578685011,133.35172065003553,139.3889065511775,96.13031096387765,146.48237050659736,115.58431175448976,132.1387462989776,151.78364398821276,158.87765049415432,136.63547025906618,101.596830439501
2001-07-30,108.87880150377724,126.10154627379433,133.52507788688058,138.97073983152396,96.38024977238373,145.92573749867228,114.91392274631372,133.15621464547974,152.6488107589456,159.40194674078504,136.55348897691073,100.53006371988624
2001-07-31,110.10913196076994,126.71944385053591,134.37963838535663,137.4698558413435,97.49826066974339,146.45107015366753,114.063559717991,132.46380232932324,153.54943874242338,162.17554061407472,137.61860619093065,100.63059378360613
2001-08-01,109.47049899539746,127.23899357032312,134.7827773005127,136.52131383603822,97.11801745313139,150.14163712153993,115.36388429877611,133.3910489456285,152.22891356923853,161.31601024882013,138.2791755006471,100.06706245841792
2001-08-02,109.86459279178091,127.59526275232001,135.36234324290487,137.19026827383482,97.83669078228456,152.42379000578734,114.89089237315113,135.3252191553401,153.61419668271864,160.04161376785447,138.26534758309703,99.50668690865078
2001-08-03,109.622890687639,127.04660312248504,135.40295194587776,135.58514213503094,97.26923797574732,150.7928554527254,113.68453800323306,135.3658167210867,152.7693186009637,159.8815721540866,137.97499035317253,99.7554536259224
2001-08-06,108.61436009331271,126.05563961812965,133.7104150465543,134.73095573958022,97.0844264235934,148.24445619557434,112.85464087580945,131.9545981397153,150.69165586799056,159.05018797888536,136.95397542455908,97.63066246369026
2001-08-07,109.12484758575127,125.87916172266426,133.32265484291926,135.63365314303542,96.65725494732959,147.5625316970747,112.95621005259765,132.20531187618076,151.49032164409093,159.7818188435882,137.4744005311724,99.03654400316739
2001-08-08,108.73199813444256,124.53225469223175,131.0028406486525,133.91110574811887,95.47803643697218,142.61918688522272,111.29575376482448,129.31001554609242,149.68758681652625,157.6087861073154,136.19588860623247,97.16475332150752
2001-08-09,108.97120853033833,124.7190530742701,131.09454263710654,133.9512790798433,95.6880881171335,142.37673426751783,110.67249754374147,130.66777070932636,149.22355529739502,158.06585158702663,135.99159477332313,97.26191807482903
2001-08-10,109.1237682222808,126.04107503685735,132.81188114565265,135.33097725436568,97.02772135077338,141.8214650038745,112.06697101279259,131.46484411065325,149.04448703103813,159.63070351773817,136.34517291973378,98.26371583099977
2001-08-13,109.22197961368086,124.18827123381556,132.8384435218818,135.49337442707093,97.48375164112201,143.12622248191016,112.10059110409642,130.47885777982336,148.0756978653364,161.13123213080493,136.57695971369733,97.86083459609267
2001-08-14,109.4076569790241,123.56732987764647,132.46649588002052,136.03534792477922,97.64947401891192,140.83620292219962,111.842759744557,131.00077321094267,149.33434129719177,161.3245896093619,136.44038275398364,97.53789384192557
2001-08-15,109.56082769879474,122.96184996124599,132.55922242713652,138.97371143995449,97.53229465008923,137.1040435447613,109.78485296525716,130.35886942220904,148.4980689859275,160.7760860046901,136.35851852433126,97.1087271090211
2001-08-16,109.8456858508116,124.38820742079646,133.57992843982547,138.33443236733066,98.07847550012973,138.17345508441045,110.02637964178072,131.54513513395116,148.4683693721303,160.59923231008491,136.07216563543017,97.2058358361301
2001-08-17,109.94454696807732,118.7907380868606,132.0304012699235,136.09341456297992,98.14713043297981,133.4064708839983,107.74883358319588,131.34781743125023,146.59766791804148,159.5553373000694,134.2487986159154,95.74774829858815
2001-08-20,111.81360426653461,115.59526723232405,132.49250767436826,135.685134319291,98.43175711123544,134.1535471209487,109.12801865306076,132.13590433583772,148.53275713455963,160.84773553219995,135.2422397256732,96.59990325844558
2001-08-21,111.67942794141477,114.75142178152808,131.63130637448486,134.96600310739873,98.21520724559073,130.38383244685005,108.02582566466485,131.73949662283022,145.60666181900882,160.18825981651793,134.24144715170323,95.09294476761383
2001-08-22,112.12614565318042,116.41531739736024,132.60537804165605,135.627336522625,98.94199977920812,132.53516568222307,106.95636999058466,132.79341259581287,146.29101312955814,161.99838715244462,134.91265438746174,95.73006749755683
2001-08-23,112.7989025270995,114.87863520771509,132.45951212581025,135.627336522625,99.53565177788336,131.26282809167373,106.02584957166657,133.1785134923407,145.16457232846054,162.41958295904095,134.50791642429937,95.9311006393017
2001-08-24,113.34033725922956,116.44098464654003,134.8040454904371,137.2955527618533,100.62059038226228,137.93097975873076,108.09335363831407,134.0841273840886,148.19851189012536,164.22244032988633,134.52136721594178,97.79216399170416
2001-08-27,113.24966498942217,116.13823808645903,134.77708468133903,135.90886767895856,100.46965949668889,138.1102900324171,106.88270807756494,134.98249103756197,147.1907620092725,163.63123954469873,133.20305781722556,97.76282634250666
2001-08-28,112.43426740149833,115.41818101032297,132.7419507026508,134.27796126681105,98.87219191069153,134.56085557858398,105.38635016447904,134.92849804114695,145.9543596083946,161.29131281920954,131.72450387545433,96.40392305634582
2001-08-29,112.02950403885295,114.95650828628168,131.30833763506217,134.18396669392428,98.1108760329792,132.03111149370662,104.52218209313031,134.53720539682763,144.42183883250647,160.00098231665586,130.78925989793862,95.62305127958942
2001-08-30,112.57844860864333,112.86429983547134,129.2205350666647,132.58717749026655,97.76748796686377,126.31416436602912,103.1633937259196,133.09765729908156,142.02443630788687,158.8169750475126,129.9522086345918,94.38951391808271
2001-08-31,112.35329171142602,113.99294283382606,129.93124800953134,132.6136949257646,98.05101368196767,127.91835425347769,103.84427212451067,133.19082565919092,142.91919025662656,157.16527850701848,130.38105092308595,95.42779857118161
2001-09-04,113.44311864102687,114.99608073076372,130.03519300793897,134.3641956987847,99.1982105420467,124.80993824511816,104.16618936809665,134.40286217268957,144.17687913088486,159.1298444883562,129.8595267193936,95.34191355246755
2001-09-05,114.41872946133971,114.283105030233,130.11321412374372,135.10319877512802,99.51564481578126,123.17492805410713,103.43702604251996,133.63676585830524,143.4992477989697,161.43722723343737,128.58690335754358,95.59933671905921
2001-09-06,112.8969603595039,112.20315251868276,128.27861780459895,135.10319877512802,98.90859938240499,118.38342335280234,101.04763074093775,133.69022056464857,139.07947096676142,158.4667822523421,126.34949123912232,93.41011190819273
2001-09-07,111.98249498059192,108.24238123477326,124.96902946524028,135.00862653598543,97.16780803327467,116.92730724556289,98.8346876277112,133.85064882932616,134.96271862614532,155.15482650326817,123.68351697397684,91.3550894462125
2001-09-10,112.40802846151816,108.49133871161322,123.78182368532052,135.46765586620776,96.79857036274822,118.37720585540785,100.73231363016326,132.77984363869155,133.97749078017443,156.7218902509512,124.05456752489876,90.5328936411966
2001-09-17,111.04789131713379,95.6242659404159,114.52294327365856,131.8913097513399,92.31679655495299,110.149990048457,96.77353370449785,130.5624202499254,125.40293137024328,154.60614473256337,118.08754282695114,81.72404308990816
2001-09-18,110.50375664967984,94.74452269376408,112.80509912455368,128.26429873317804,92.27063815667552,109.00443015195304,98.40900642410385,129.38735846767605,125.70389840553185,152.1788282602621,117.76870646131836,79.68911441696945
2001-09-19,109.54237396682763,91.82639139479613,109.57887328959144,123.56982539954373,91.21875288168941,107.35846325665857,98.58614263566724,127.1748346378788,124.32115552307098,149.6222239454897,115.81374593406049,77.16296948995152
2001-09-20,106.92431122902045,86.95959265087194,103.89172976586163,120.44350881693529,88.58253092340858,102.43070979317793,97.34395723845783,127.26385702212531,121.02664490170963,147.69209725659286,111.9918923182365,73.34340250019892
2001-09-21,104.5826688131049,86.42913913570163,102.43724554913956,118.99818671113206,84.93293064936415,99.50119149309303,94.47231049992332,125.30399362398458,118.92078128041987,143.79302588901882,110.35681069039025,73.80546593595017
2001-09-24,106.81027965882404,92.0556760934358,107.10838394618033,116.23742877943381,88.73792594245565,106.04836989333857,97.60879120852077,124.65241285713986,124.71222332877632,144.7708184650641,115.44425966321725,79.31135369477205
2001-09-25,106.8316417147558,91.3192306846883,108.10449191687981,115.8538452644617,89.84715001673635,105.74082962064789,99.72690197774567,123.86710265613989,126.14641389705726,147.04372031496564,117.03739044656965,79.60480570344271
2001-09-26,106.03040440189515,90.05902530123961,106.05050657045909,114.49835527486749,89.87410416174136,102.09277099873553,99.50750279339464,121.25350679009534,125.30123292394697,150.04341220939094,118.02050452632082,78.50625938473519
2001-09-27,107.86473039804794,90.81552111377003,106.58075910331138,120.58966777549043,91.3210772387454,100.85744846965083,99.0696697811037,120.6836153081819,126.42894402026248,155.05486217718462,120.05045720417355,79.26777010076712
2001-09-28,108.37169463091875,94.31191867665018,109.19198770134251,124.32794747653062,93.04704559855767,103.53017085409657,101.39780702095965,124.41273902120471,129.32416683832648,156.1867626710781,123.13575395432082,82.08970271635444
2001-10-01,107.68895295474397,93.52912975163397,107.5977846809029,122.8484449015599,92.40502098392763,102.00827734254135,100.41424829285633,124.57447558193229,129.20777508817199,158.18595323326787,122.82791456943502,81.65462729195777
2001-10-02,108.06586429008559,95.38100652071634,108.96427654635036,125.29312895510094,92.87628659094567,102.43671210738002,101.98071056622489,127.06596509357094,132.63178112800853,159.48307804978066,124.35098071009602,82.73246837221161
2001-10-03,108.29280260509475,97.45077436221588,111.98258700668428,125.41842208405602,93.38710616719588,109.85313006395432,102.65378325596197,130.24261422091018,137.31368300182723,158.4464380424571,126.65147385323279,84.26301903709752
2001-10-04,107.97875347753998,96.02799305652754,112.20655218069766,128.72946842707512,92.1637350764056,111.96231016118226,101.97626828647262,131.01104564481355,135.07546996889744,157.17886653811743,125.524275735939,83.7321620171638
2001-10-05,108.52944512027545,96.9690673884815,112.87979149378185,129.50184523763758,93.38029637941418,113.23868049701974,100.76275069386358,131.79711191868245,135.7913699597326,158.76637309015243,122.85060866276352,83.82426739538269
2001-10-08,108.18215089589056,95.78604476634204,112.49600020270299,130.26590612453964,92.44649341562004,113.88414097585277,100.9642761952513,131.0722278031297,133.5100749444091,157.6232552039033,120.13561021131645,82.48307911705656
2001-10-09,108.25787840151769,95.58489407233272,111.57353300104083,131.36013973598577,92.75156684389158,110.84343441179752,101.00466190572939,129.25032383666618,133.29645882449802,156.96123753204694,120.91649167769,82.219133263882
2001-10-10,109.61110188153664,100.4119312229855,114.45213015246769,135.55052819356374,94.82920194119475,114.66753289900453,102.03490945716783,130.63330230171852,137.58860479864688,159.84932430263657,122.99625533454628,84.94058657491648
2001-10-11,109.72071298341817,102.23942837124385,117.38210468437087,135.1167665033443,96.28957165108916,120.83664616897099,102.32060720364788,130.24140239481335,140.8494547323748,158.90621328925104,124.36151376875975,87.30193488169917
2001-10-12,108.22851128684367,101.1250186019973,116.39609500502215,134.96813806019063,95.34593384890849,121.42874573519893,101.58389883178162,129.95487130954476,139.0465817118004,159.71663497702622,122.54583566773587,86.69082133752727
2001-10-15,108.25015698910103,101.78233122291027,115.91887101550155,132.44423387846507,94.50688963103808,120.54231589133198,100.67980213217878,129.73394802831854,138.96315376277332,161.40963130778266,123.5997298544784,86.37873438071216
2001-10-16,108.81305780544437,101.41591483050777,116.34777083825891,133.83489833418892,94.91326925645154,122.57948102989546,100.15626716109145,132.01726551361693,139.92199952373642,161.70016864413668,125.18180639661571,86.38737225415024
2001-10-17,107.89902811987864,98.08947282406713,113.49725045272156,132.911437535683,93.9831192177383,117.18598386458005,98.38350123234014,131.1327498346757,137.13755173321408,160.0669969408309,123.95502469392888,83.6661700281445
2001-10-18,108.5464222885979,97.0104886230024,112.29417959792272,129.12346156591605,94.30266182307862,117.04536068394256,96.76017346200652,128.18226296339552,136.34215393316143,159.4107222533735,122.8766159790917,83.28967226301785
2001-10-19,110.26145576075774,96.5254361798874,113.08023885510816,130.22101098922633,94.84018699547018,118.74251841385973,96.95369380893054,130.54081660192202,137.69194125709973,160.6541258869498,121.8198770816715,83.3896198697335
2001-10-22,111.6838285400715,97.33624984379844,115.7263164443177,132.3305913672518,96.70853867928095,121.35485381896464,96.50770681740946,130.39722170365988,137.347711403957,164.07605876834185,124.54864232830094,84.16514333452201
2001-10-23,111.52747118011541,97.75479571812677,115.251838546896,131.6292392330054,95.96388293145047,121.4762086727836,94.8670758015135,128.2065483790384,136.57856422009482,161.5985102809399,124.4116388217398,84.1483103058551
2001-10-24,111.54977667435145,97.36377653525426,116.01250068130551,129.9838737425928,95.45527435191379,123.95432332970837,94.25043980880365,125.34754235018583,135.2264364343159,161.3561125155185,124.2747860190359,83.66866493711174
2001-10-25,111.91789093737681,98.16215950284335,118.35595319506788,133.12948348716355,95.70345806522876,127.33827635660941,94.25043980880365,127.9673059853047,136.67335930416306,162.3242491906116,125.91521319448718,85.1328665735112
2001-10-26,112.41032965750126,99.21249460952377,120.04844332575735,135.6190048283735,96.97631405749631,126.61244818137673,95.18351916291081,127.22509561058992,137.09704671800597,162.45410858996408,126.40628252594568,86.6141784518903
2001-10-29,110.937754338988,96.07737977986282,116.54302878064524,135.11721451050852,95.11436882759237,121.10480668548685,93.88902330229521,127.50499082093323,133.43655557063522,160.78083127148744,123.38517237357559,84.31024130507002
2001-10-30,109.78400169386254,94.93405896048246,114.38698274820331,130.84751053197644,95.52336061355102,118.47683238041178,91.56996442672852,126.29369340813437,129.30002234794554,158.85146129622962,122.12664361536511,82.27836448961783
2001-10-31,109.76204489352376,95.31379519632439,114.45561493785223,130.36337474300814,95.02663913836057,119.85116363602457,91.70731937336862,126.62205701099552,131.33003269880828,158.1684000126558,121.27175711005755,82.66507280271902
2001-11-01,111.18895147713957,97.3153848954472,116.8019550440782,132.696879150908,97.39280245290573,124.84895715964682,93.16546575140518,127.30581611885489,132.91912609446385,160.16132185281526,123.34550415663952,84.89702976839244
2001-11-02,112.35643546764953,97.62679412711263,117.92325381250134,129.87043562499366,98.01611638860432,124.9987759082384,93.23999812400629,125.44715120351961,134.7667019471769,159.44059590447762,124.19658813532033,84.99890620411452
2001-11-05,113.03057408045542,99.10095871843203,119.13786332677012,128.41588674599373,98.42778407743646,128.73623930789472,94.09780610674716,128.382614541682,137.11164256105778,160.01458204973375,126.08437627497722,86.54588629702941
2001-11-06,113.94612173050712,100.50819233223376,120.26967302837444,128.62135216478734,99.93372917382123,132.73993635037024,94.37068974445671,128.99885109148204,138.9763608998882,161.27869724792663,127.93781660621937,87.93927506641158
2001-11-07,113.39918034620067,99.67397433587622,119.84872917277514,129.1872861143124,100.03366290299505,132.75321034400528,93.6629095713733,128.00555993807762,137.73947128787918,160.32715293416388,128.25766114773492,87.85133579134518
2001-11-08,112.69610542805421,100.31188777162583,119.77681993527148,130.28537804628405,99.20338350090019,132.6071818126269,94.53397463038708,130.41206446491347,137.56040997520495,159.4774190236128,128.09092618824286,89.0285436909492
2001-11-09,112.76372309131104,99.66989168988742,119.63308775134915,133.21679905232543,99.38194959120182,132.96522120352097,94.9310173238347,130.7772182454152,138.2069439020884,158.823561605616,127.50170792777695,88.98402941910373
2001-11-12,112.71861760207452,98.9821694372272,119.02295900381728,132.56403673696903,98.72602872389987,134.05553601738984,94.13359677831448,130.6725964708189,138.69066820574568,158.88709103025823,127.32320553667806,87.78274502194583
2001-11-13,113.6090946811309,101.6447897950886,121.21298144948751,133.90293350801244,100.4833520351853,138.30509650914112,95.49853393160005,131.4435647899967,141.5199578371429,160.18996517670635,129.6404878774456,89.98609192199666
2001-11-14,114.56341107645238,102.72222456691654,122.2554130899531,127.74339856664385,101.04605880658235,139.1902491267996,96.45351927091606,128.97242577194476,144.18053304448117,159.53318631948184,130.31461841440833,91.03892919748402
2001-11-15,114.90710130968174,104.62258572140448,121.92532347461021,121.36900297816831,101.97568254760291,138.93970667837138,99.01918288352242,126.83148350413049,145.14654261587918,160.0755991529681,129.7933599407507,91.84007177442187
2001-11-16,114.40151006391915,104.9887647714294,122.65687541545786,122.74047271182162,102.23062175397193,138.56456947033976,99.20731933100112,127.64320499855693,143.05643240221053,160.73190910949526,128.6511783732721,91.3900554227272
2001-11-19,114.51591157398305,106.6265895018637,123.99383535748633,122.24951082097432,103.16092041193308,140.93402360828256,100.05058154531461,126.86458144806574,145.8174215475732,162.8535703097406,130.32364369212462,92.23998293815858
2001-11-20,113.74865496643736,105.49634765314393,122.90268960634046,126.1981700204918,103.27439742438622,136.56506887642578,98.43976718243505,128.80560954422117,144.66546391734735,163.50498459097957,129.94570512541745,91.5574070644162
2001-11-21,113.08891276763202,104.40973527231654,122.28817615830876,125.36526209835654,102.45852968473356,135.59545688740317,97.67193699841205,127.10537549823744,143.60940603075073,165.33624041839857,129.20501460620258,90.67845595659779
2001-11-23,113.54126841870256,106.92600989237937,124.06135471260423,127.2833506084614,103.43188571673853,137.69718646915794,98.27750300780221,128.1603501148728,145.51941113095972,166.1463879964487,131.0914078194531,91.95702218558583
2001-11-26,112.92814556924158,108.86137067143144,124.7312860280523,125.03043530269164,102.78026483672309,140.46489991718803,99.48631629479817,127.32730783912614,146.014177128805,167.39248590642205,132.06148423731707,92.43519870095088
2001-11-27,111.51654374962607,107.65300945697855,124.83107105687475,124.86789573679815,102.04024692989869,139.74852892761035,98.48150450022071,127.55649699323656,144.32041267411086,166.18726000789584,131.6520936361814,92.0284838266667
2001-11-28,110.9701126852529,106.3934692463319,123.15833470471263,123.58175641070915,101.07086458406465,135.6818467358169,97.08306713631757,124.4951410653989,142.89164058863716,164.57524358581924,129.01905176345775,89.57132330849471
2001-11-29,112.39053012762412,107.62763348958937,124.43918138564163,125.06473748763764,101.75814646323629,139.10102927355945,97.47139940486284,125.25456142589783,143.0202430651669,165.80955791271288,130.45116323803217,90.35059382127861
2001-11-30,112.5815940288411,109.64027023584468,124.57606448516584,124.85212743390865,102.31781626878409,138.9897484501406,97.05227238742192,124.77859409247942,144.23591513122082,166.12459607274704,129.45973439742312,89.61875401132625
2001-12-03,112.5815940288411,107.25011234470327,123.90335373694596,126.16307477196469,101.14116138169307,136.87710427369845,97.06197761466066,124.1172675437893,143.0964514016842,166.24088328999795,127.72497395649765,87.52167516746123
2001-12-04,113.0094040861507,108.4405885917295,126.54249517154292,128.16906766083892,101.83903539522674,141.5446135294316,97.9064168199082,125.89214446966548,145.01394385046677,165.69228837514095,129.2832186387669,88.7294742847722
2001-12-05,113.9134793188399,109.88284841999952,130.07303078682898,130.38639253137146,103.59066680402465,148.59353528319727,100.30512403199596,126.53419440646078,149.13233985582005,165.82484220584107,131.54567496494533,90.57504734989544
2001-12-06,112.70599643806018,112.22335309134553,130.15107460530106,126.14883477410189,102.65835080278842,148.56381657614065,101.24799219789674,125.15497168743038,147.64101645726186,165.5926874267529,132.41387641971397,91.1366126434648
2001-12-07,112.34533724945838,110.3941124359566,129.044790471156,127.05710638447543,101.62150145968025,145.81538596948204,99.20278275549921,126.9071412910544,146.81422676510115,165.41053547058345,132.13580727923255,90.50777001622488
2001-12-10,111.55891988871218,108.3739001783786,127.26397236265406,125.43077542275414,101.33696125559315,143.2636167150161,97.35761099624693,124.67357560433186,144.0834821472703,163.02862375980706,130.2198380736837,89.18635657398801
2001-12-11,111.22424312904604,107.81035589745103,127.5439531018519,123.54931379141283,101.8943145424989,144.2521356703497,97.70809839583343,121.45699735374009,142.67146402222704,160.58319440340995,130.66258552313423,89.17743793833061
2001-12-12,111.49118131255575,107.79957486186129,127.60772507840281,124.27825474278215,102.66871133302192,145.55040489138284,97.79603568438966,122.30719633521625,142.37185394778035,158.2868547234412,130.36206157643102,89.35579281420728
2001-12-13,111.44658484003074,106.18258123893337,125.61704456717973,121.95425137909213,101.84736164235773,139.8739391006189,96.80829572397734,123.0655009524946,141.26135348698767,157.62204993360274,128.65431856977978,89.03411196007613
2001-12-14,111.80321391151884,106.2781455620484,125.91852547414095,123.3811161202275,101.10387590236851,140.48938443266164,96.41138171150902,122.49939964811311,143.6910487669639,158.31558695331057,128.2940864777844,89.61283368781663
2001-12-17,112.61937737307292,105.6723601323447,127.08956776105047,124.26946015629316,101.81160303368509,142.35789324561605,98.67704918172949,121.22540589177275,145.37223403753737,160.08872152718766,129.46156266473224,90.74195539228312
2001-12-18,113.40771301468442,106.79248714974756,128.57651570385477,125.3008966755904,104.27544382710026,143.15509744779152,98.38101803418431,123.57717876607315,145.92464852688002,160.79311190190728,130.79501676017898,92.92883651723713
2001-12-19,114.64385708654447,106.95267588047219,128.26793206616554,127.91968541611023,103.75406660796476,141.49449831739713,98.36134183057747,127.3833558720682,146.69804916407247,161.6613947061776,132.59998799146945,93.8952964170164
2001-12-20,114.63239270083582,106.89919954253196,126.94677236588403,127.84293360486056,103.12116680165617,136.6695359247739,98.2629804887469,126.74643909270785,146.5220115050756,161.9362190771781,132.12262803470017,93.47276758313983
2001-12-21,115.56091508171261,107.01678866202874,127.65767429113299,128.96795142058332,102.27557323388258,138.1865677735389,98.2236752965514,126.34085048761119,148.91032029260833,163.0373853669029,131.8451705158273,94.37010615193797
2001-12-24,115.73425645433517,107.31643567028242,128.2448995928722,130.45108286192004,102.48012438035035,137.48181627789387,98.35136607443692,127.36421137656085,148.8805382285498,163.20042275226982,131.7792479305694,94.39841718378355
2001-12-26,116.05831237240729,108.37886838341821,129.10414042014443,132.6557061622865,102.72607667886318,138.40294444695573,98.66609044587513,128.63785349032645,150.13113474966963,163.51050355549913,132.17458567436108,94.24737971628949
2001-12-27,116.1163415285935,109.35427819886895,130.00786940308544,133.09346999262203,102.67471364052373,140.0360991914298,99.85995014027023,129.78273038639034,151.04693467164262,163.31429095123252,133.08659031551417,95.35949879694171
2001-12-28,115.33836204035191,109.737018172565,130.61890638927994,133.63915321959178,102.53096904142703,140.66626163779122,100.50903981618198,130.24994821578136,151.83237873193517,163.55926238765937,134.2843696283538,95.40717854634018
2001-12-31,114.75013639394611,108.7274376053774,129.48252190369317,132.26266994142998,102.13109826216547,138.02173591900075,99.5743057458915,129.859198371134,150.48107056122092,161.4493479028586,133.5592340323607,94.30999599305727
2002-01-02,115.39273715775222,109.26020204964372,129.27534986864725,131.892334465594,102.4579177766044,140.94779672048358,101.1276649155274,131.28764955321645,149.74371331547093,160.7551157068763,132.9715734026183,94.96073496540936
2002-01-03,114.86193056682656,110.58225049444441,131.18862504670324,131.25925126015915,102.99069894904275,146.9521728607762,102.05803943275026,130.51305242085246,149.98330325677568,159.3404706886558,133.6497284269717,95.14116036184363
2002-01-04,114.34505187927586,111.78759702483386,132.6054621972076,132.26994749486235,103.61894221263192,148.3335232856675,102.3642135510485,129.67776888535903,151.19816801315557,159.16519617089827,135.48072970642122,96.36848133051141
2002-01-07,113.71615409393985,111.06097764417244,131.98221652488073,132.0450885841211,102.55166710784182,146.8056879958251,102.28232218020766,130.23538329156605,150.74457350911612,158.24203803310706,134.55946074441755,94.59530127403
2002-01-08,114.20513355654379,110.1280654319614,131.41469299382376,131.63574880951032,102.07992943914574,147.68652212380007,101.93456228479496,128.94605299697955,151.43799854725805,158.13126860648387,133.01202694585677,94.06556758689544
2002-01-09,113.4513796750706,109.79768123566554,131.3752685859256,130.55633566927233,101.58994577783784,147.27299986185344,99.65122808961556,128.72684470688466,149.3027227677417,157.67268792752506,133.7302918913644,93.3788889435111
2002-01-10,113.95056574564092,107.85426227779425,130.06151590006635,130.13855539513065,99.84259871045903,146.55136216253035,100.2092749669174,129.1645159788881,149.94472447564297,159.59629472024088,134.22509397136247,93.3041858323563
2002-01-11,114.3949729520489,107.46598693359417,128.51378386085557,127.14536862104266,99.44322831561719,144.61688418198494,99.3474752022019,128.0020353350781,148.01043752990716,159.93144693915337,133.29894082296005,92.2031964395345
2002-01-14,114.49792842770574,106.54177944596526,126.66318537325924,126.63678714655848,98.2200766073351,142.47655429609156,98.62223863322583,128.59084469761945,147.0039665547038,159.46764574302983,132.1525699318826,91.23506287691939
2002-01-15,115.31086371954247,106.19019157379357,126.52385586934867,128.94157667262584,98.87815112060424,143.10345113499437,98.69127420026909,129.1437853298192,147.7977879740992,159.13276368696947,134.38594836373142,92.30251311257935
2002-01-16,114.1923483414629,105.76543080749839,122.87996882031142,126.38853345450785,97.31587633289868,138.99638208742002,96.48058965818306,128.70469645969783,146.21635164277635,158.5121459085903,132.92114152656674,90.53953511212909
2002-01-17,115.10588712819461,106.61155425395836,124.39139243680127,126.4011723078533,98.11386651882844,142.84658187124157,96.47094159921724,127.34042667722503,147.51767717239704,158.2743776897274,134.1573081427638,92.17830069765863
2002-01-18,115.29005654759972,105.35353791376166,124.25456190512078,125.47844375000598,98.19235761204351,138.3754838586717,95.12034841682821,126.95840539719335,147.25214535348675,156.77077110167502,133.6475103718213,91.63444872354243
2002-01-22,115.82039080771867,105.3324672061789,124.06818006226312,124.37423344500593,97.72103429550569,133.3247786978302,93.1798933091249,125.11750851893405,148.9897206686579,158.65202035489511,133.32675634692893,91.08464203120118
2002-01-23,115.42660147897243,106.41739161840253,125.45774367896047,127.32190277765258,98.24872788070144,135.5246375463444,94.39123192214353,125.7305843106768,151.68643461276062,160.11161894216016,133.48674845454528,91.02999124598246
2002-01-24,114.60707260847174,106.11942292187099,127.32706405977699,128.41687114154038,99.2803395234488,137.5304021820303,94.99533580644524,126.15806829733312,151.6409286823768,158.07820138159474,134.007346773518,91.48514120221236
2002-01-25,115.04257948438395,107.42469182381001,129.4788914423872,129.52125623335763,100.9383211934904,137.1590700961388,94.2828707878969,125.90575216073844,150.20033985989423,157.2720025545486,134.39596807916118,92.4548836989558
2002-01-28,115.3301859330949,109.71283775965716,130.4499831282051,128.40737342975075,100.43362958752296,137.99574042372524,94.66943055812727,125.32658570079904,151.71736329247915,156.18682573692223,133.6433506579179,92.52884760591496
2002-01-29,113.8885586089312,108.00131749060652,127.90620845720511,125.29991499275077,98.80660478820509,133.7040728965474,92.1512237052811,122.19342105827906,149.10782464384852,154.3906772409476,128.48471732252224,90.06758025959762
2002-01-30,114.64022309575014,109.94534120543744,129.7736391006803,126.72833402366814,100.19977791571878,135.6962635827059,91.24814171296933,122.48668526881892,152.61185852297896,155.90370587790892,129.84665532614096,90.80613441772633
2002-01-31,115.75223325977892,111.81441200592988,132.10956460449253,128.5025306999995,102.73483229698648,137.39246687748974,92.42524274106663,124.21374753110928,154.41267845355011,157.54069478962697,131.9891251390223,91.777760055996
2002-02-01,115.8101093764088,110.58445347386466,131.6603920848373,128.90088854516952,102.78619971313496,135.44149384782938,91.39008002236667,124.84723764351796,152.5288437764168,157.80851397076933,130.7352284502016,91.06189352755922
2002-02-04,115.09208669827508,108.71557621015633,129.474829576229,126.32287077426614,102.17976113482747,131.31052828547058,87.49686261341387,123.24919300168091,151.1408312980514,154.3367266634124,127.00927443937087,88.27539958561592
2002-02-05,115.8516944704837,107.97631029192726,128.788612979475,126.00706359733047,101.28057923684099,129.77419510453058,86.17565998795132,121.47440462245672,151.33731437873888,155.55598680405336,126.36152713973007,89.25525652101626
2002-02-06,115.41145803149584,106.37826089960673,129.0075536215401,127.38054059054136,101.17929865760415,128.64515960712114,84.11606171423928,120.34469265946785,149.9904122807681,153.40931418615742,125.28745415904238,89.22847994405996
2002-02-07,115.37683459408639,106.34634742133686,127.62717279778961,125.9538785359273,100.58234079552429,126.26522415438941,86.40401859286659,120.72979567597817,149.0304736421712,151.9365847699703,125.83871895734218,89.25524848804316
2002-02-08,115.82680424900333,107.53742651245584,129.37566506511934,126.44509866221742,101.43729069228624,128.62638384607646,88.90109473020044,121.38173657262845,150.17800828921594,154.4587320771518,128.90918369990132,89.99606705049392
2002-02-11,116.78816672427006,108.989181770374,132.4806810266822,127.81070572776936,102.78640665849366,131.63624122807468,89.07000681018782,122.52272489641116,152.95630144256643,155.8797524122616,129.8888934960206,91.1930147422655
2002-02-12,116.47283867411453,108.0845715616799,132.00375057498616,127.14609005798496,103.36201053578122,130.13558807807462,88.8206107911193,123.50290669558245,152.72686699040258,157.59442968879648,129.3173823646381,90.65497595528613
2002-02-13,117.3463849641704,110.86234505081507,134.2214135846459,127.92168120733866,103.62041556212067,131.87940495832083,89.45123712773625,124.40447791446023,154.1777722268114,158.17752907864502,131.0631670265607,91.47993623647925
2002-02-14,117.93311688899124,109.95327382139838,134.02008146426894,128.9194703207559,103.3820886063278,130.98262500460424,88.6551211172994,123.89441955501096,154.3627855534836,157.0702863750945,131.22044282699258,91.38845630024277
2002-02-15,118.3930560448583,109.7883439106663,134.42214170866174,128.93236226778797,104.99484918858653,127.01385146696474,87.30756327631644,122.98999029225936,152.81915769794875,157.3530128905697,129.16028187460878,90.2369617508597
2002-02-19,117.59982256935774,108.2073917583527,132.54023172474047,128.055622204367,103.89240327210638,122.8096929834082,85.20345100135722,122.01836936895052,150.84779056364522,154.8196293830315,126.24125950424265,88.85633623607156
2002-02-20,119.2579800675857,110.5663128986848,134.72714554819868,128.23490007545314,105.10794439039005,123.63251792639703,87.29093555089047,121.96956202120295,153.42728778228354,157.55993682311117,127.97076475945077,90.57126352542775
2002-02-21,118.18465824697743,110.57736952997466,133.9187826749095,129.35054370610956,104.19350527419364,118.21741364122084,85.8419060207457,121.49388072932025,152.0004140059083,156.18916537275013,126.28155066462602,90.30860686120401
2002-02-22,120.12288664222785,112.1033372294883,135.25797050165858,133.47682605033447,106.13150447229364,118.6666398130575,86.99218756142369,122.95180729807211,152.09161425431185,157.36058411304575,126.35731959502479,91.22072379050216
2002-02-25,121.2520417766648,115.26465133935989,137.7061397677386,135.1719817411737,107.17159321612213,122.26223899939315,89.6019531882664,122.68131332201635,154.17526936959592,156.76261389341616,128.8591945230063,93.07250448344936
2002-02-26,120.90041085551246,116.37119199221775,137.91269897739022,134.6042594178608,107.00011866697632,121.69983269999594,89.48547064912165,123.62595943459588,155.85577980572452,156.90370024592022,129.32308762328913,93.32380024555466
2002-02-27,120.6465199927159,116.2897321578232,138.505723582993,134.81962623292935,106.93591859577613,120.64104415550597,89.86130962584797,124.4171655749773,154.93623070487075,157.5313150469039,130.15075538407817,93.97706684727353
2002-02-28,120.67064929671443,115.45244608628687,138.15945927403553,135.65550791557354,106.67927239114627,119.2657362521332,89.8972541496983,123.79507974710242,154.22352404362834,156.85393039220222,130.48914734807676,93.62935169993862
2002-03-01,122.27556893236073,118.24639528157502,141.1022557565725,137.55468502639155,109.04755223822973,125.50333425811976,92.4323567167198,126.01101167457556,155.5961134076166,159.04988541769305,132.18550626360172,95.76410091869721
2002-03-04,121.48077773430039,123.04719893000696,145.02489846660524,139.72804904980856,110.20345629195496,130.360313293909,93.1903020417969,128.05239006370368,156.68528620146992,159.82922985623972,135.79417058459805,98.30184959304269
2002-03-05,121.1163354010975,120.96770126808983,142.67549511144622,139.36475612227906,107.6357157603524,131.1033670796843,92.92936919607988,129.9859811536656,152.7054799319526,157.30392802451115,135.80775000165653,98.01677422922288
2002-03-06,121.69769381102276,123.14511989091544,145.40059706807483,141.90119468370452,108.59367363061953,131.95553896570223,94.99240119223285,132.4557147955852,154.73646281504756,160.0567467649401,137.65473540167906,99.85948958473226
2002-03-07,121.12571465011095,124.59823230562823,144.71721426185488,142.1140464757301,107.84437728256826,131.256174609184,93.66250757554158,132.86632751145154,155.80414440847136,159.41651977788035,136.70491772740746,99.09057151492982
2002-03-08,121.58599236578138,124.54839301270599,145.31055484032848,141.4318990526466,107.6610418411879,135.2594879347641,93.98096010129844,132.21528250664545,157.11289922150252,158.539728919102,137.53881772554465,98.9716628291119
2002-03-11,121.09964839631826,125.18358981707081,145.8482038932377,143.32708649995206,107.9947910708956,135.30006578114453,94.23470869357193,132.77058669317336,156.97149761220314,158.90437029561593,138.22651181417237,99.70405313404734
2002-03-12,121.58404698990353,125.35884684281471,145.71694050973377,144.74602465630159,108.64275981732096,132.71583452472467,93.77295862097344,131.9474090556757,157.11277196005412,159.5082069027393,138.44767423307505,99.47473381183903
2002-03-13,121.17066123013787,124.25568899059793,144.0703390819738,143.03802156535724,108.18646022608822,129.663370330656,92.76958796372902,131.11614037862495,156.61001108978195,160.76832173727092,137.42316144375027,97.80355828380013
2002-03-14,121.66746094118143,124.14385887050639,144.41610789577052,142.7948569286961,108.58675012892476,128.32783761625024,92.40778657067047,131.18169844881427,157.20512913192312,160.8969363946607,137.76671934735964,98.15565109362181
2002-03-15,123.07880348809914,124.4169753600215,145.60031998051585,144.2942029264474,110.48701825618095,129.17480134451748,93.43351300160492,131.64083439338512,159.61036760764156,162.68289238864148,140.16386026400372,98.15565109362181
2002-03-18,122.70956707763486,124.70313440334955,146.0953610684496,145.40526828898106,111.01735594381061,129.66566558962666,94.19966780821808,132.87825823668297,159.3230689459478,162.19484371147556,139.7433686832117,98.22436004938734
2002-03-19,123.3353858697308,125.41394226944864,147.0741999876082,146.14683515725488,112.80473537450597,130.1454285523083,93.74750940273863,133.31675648886403,160.1196842906775,162.2110631958467,140.42811118975945,98.52885556554045
2002-03-20,122.96537971212163,123.20665688550636,145.47109120774326,144.91920174193396,112.4776016419199,126.20202206717335,93.09127683691946,133.1701080567263,159.9275406695287,158.39910321074427,138.47616044422176,96.76518905091727
2002-03-21,124.0597715915595,122.0238729794055,144.52552911489295,145.35395934715973,112.11767331666577,128.67558169968996,92.7002934742044,136.32623961767072,158.7760623767081,159.52373684354058,138.4207699800441,95.25565210172297
2002-03-22,124.56841665508489,122.06048014129931,143.13808403538997,143.6823888146674,111.47860257876079,127.2086800683135,91.45810954165007,135.98542401862653,158.34736700829097,159.23659411722218,138.4484541340401,95.88433940559435
2002-03-25,123.95803141347497,119.74133101861462,141.33454417654406,142.40361555421686,110.17430292858927,124.42280997481743,90.27829992856277,135.5638692041688,156.00382597656827,157.30983132840382,136.4132618582697,94.1008906926503
2002-03-26,125.43313198729533,120.95071846190262,143.11535943316852,144.19790111019998,111.18790651553229,125.0449240246915,89.52899003915572,134.81826792354587,157.1426539061972,157.35702427780234,137.7228291721091,95.02307942143827
2002-03-27,125.48330524009023,122.54726794559974,144.27459384457717,146.36086962685297,112.6111117189311,125.19497793352114,89.46631974612829,136.5304599261749,157.91265291033756,157.5458527069357,139.07251289799575,95.61222251385118
2002-03-28,125.23233862961006,123.36833464083526,144.9094020574933,146.08278397456195,112.03679504916455,126.99778561576385,90.2446767279196,136.5304599261749,157.43891495160656,157.68764397437195,138.7248316157508,95.96598773715243
2002-04-01,125.37009420210263,121.94959879246565,144.76449265543582,146.71093994565257,111.48781475342363,128.39476125753723,89.59491505547858,136.17548073036681,155.32923349125502,158.11340061310273,137.9895900081873,95.30382242176609
2002-04-02,124.63041064631022,121.16912136019388,144.2288640326107,148.41278684902215,111.68849281997981,124.09353675540974,88.64520895589051,137.04700380704116,153.4808156127091,156.7378140277687,138.45875461421514,94.37937534427495
2002-04-03,123.83277601817385,119.29099997911088,142.26735148176718,145.84524563653406,110.03550312624411,122.2941804724563,88.30835716185813,135.97803717734624,152.5906268821554,155.9384511762271,137.18493407176436,93.45445746590106
2002-04-04,125.04633722315195,120.078320578973,142.93600803373147,143.39504550984032,109.92546762311785,122.51430999730673,88.52912805476277,136.33158007400735,154.7726728465702,152.7884944624673,137.89829572893754,94.27685669160097
2002-04-05,125.15887892665279,120.71473567804159,143.85079848514732,141.83203951378306,110.70593844324202,120.5050753133509,88.61765718281751,135.6362890156299,155.5310589435184,151.0619844750414,138.6981058441654,94.16372446357106
2002-04-08,125.70957799393005,121.63216766919471,144.97283471333148,144.17226816576044,111.13769160317067,120.38457023803755,87.90871592535497,136.46367037862524,157.52185649799543,151.24325885641147,139.22515864637325,94.16372446357106
2002-04-09,126.12441960131005,122.52008249317984,144.8133645951468,142.05293582372377,111.4266496013389,117.12214838458672,85.87802458747927,135.31737554744478,158.4039788943842,150.66853447275713,140.00481953479294,93.96598064219755
2002-04-10,128.142410314931,125.25228033277776,147.6517065412117,143.72916046644372,113.77775190792714,118.19967214972493,86.10989525386546,137.18475532999952,160.384028630564,153.229899558794,140.64884170465297,95.61978190150023
2002-04-11,127.29667040685246,122.67208335792255,146.02753776925837,141.87505429642658,112.51481886174915,114.50002241143855,82.33828184174617,135.18185790218155,158.23488264691446,150.9927430252356,137.5545671871506,91.17346204308048
2002-04-12,127.46215607838138,123.82520094148704,146.21737356835843,137.74649021640056,113.212410738692,116.69842284173819,83.88624154037099,135.4387034321957,160.10205426214804,151.77790528896685,139.13644470980284,91.86638035460788
2002-04-15,126.42971261414651,122.98318957508492,145.32544758959142,139.77136362258162,111.81989808660609,116.66341331488567,83.08093362158343,134.21975510130594,158.4209826923955,152.051105518487,137.5502892401111,89.45948118931716
2002-04-16,127.64343785524233,126.24224409882467,148.44994471276763,141.86793407692033,113.35183069039259,121.32994984748112,87.6503849707705,136.1390975992546,159.92598202797328,153.81489834250146,140.20500982244525,91.67807632281222
2002-04-17,126.99245632218059,126.36848634292348,146.83184031539847,142.804262441828,112.6943900723883,121.28141786754212,87.46631916233189,137.5957859435666,158.43867039511312,151.5845823165352,140.7518093607528,92.0264530128389
2002-04-18,127.27183972608938,124.95315929588273,144.8936600232352,143.66108801647897,110.53065778299845,120.46883236782959,86.6004026026248,138.25624571609572,158.85061093814042,154.00993563359978,140.42808019922307,91.8055895256081
2002-04-19,128.76092025088462,126.65252226230675,145.0240643172561,144.149535715735,110.85119669056913,120.46883236782959,85.67377829477671,138.72631695153046,159.27950758767338,153.40929688462873,140.624679511502,91.83313120246578
2002-04-22,128.76092025088462,125.5633105708509,143.31278035831247,142.3620814728599,109.60966328763475,117.73418987307987,82.40103996391623,138.71244431983533,157.65485661027913,151.13883929073623,138.93718335736395,90.32706785074535
2002-04-23,128.86392898708533,127.24585893250031,143.84303764563825,142.1485383506506,108.91912240892265,115.23822504777057,82.3351191319451,139.40600654143446,158.09629020878788,149.35540098710553,138.4231157789417,90.46255845252146
2002-04-24,128.74795145099696,126.5078329506918,142.73544625576682,139.07812992227656,108.95179814564533,113.63641371960655,82.70562716803886,138.66715470676488,156.79990062907584,148.8923992440455,137.84173869267016,89.85645931088956
2002-04-25,128.51620513838515,126.57108686716715,143.26356740691315,140.28810965260035,108.73389454935405,114.06823209174107,82.73870941890607,136.72581454087015,156.86262058932746,148.81795304442346,136.91819904342927,89.65877510040562
2002-04-26,127.32100443059818,125.88760299808446,141.75929994914057,139.02551666572694,108.81000827553859,110.2127258470402,80.82744523132934,134.96205153329294,155.01164166637338,147.2851281280659,136.1377653088817,88.65459681928107
2002-04-29,127.25734392838288,124.07482151491205,140.5968736895576,138.48331715073058,107.73278919361076,109.99230039534613,77.5054372323217,134.78660086629966,154.15907763720833,145.0316656677065,135.38900759968286,87.37797062508342
2002-04-30,127.88090491363195,125.76223908751484,143.40881116334876,139.4527003707857,109.14408873204707,111.88416796214608,78.71452205314591,135.9727229539231,154.8682093943395,145.80033349574538,137.32507040835833,88.65368899620964
2002-05-01,130.24670165453415,127.15819994138629,144.14019610028186,141.0842969651239,110.01724144190344,111.24642820476186,81.81587422203988,135.82315295867377,155.59608997849287,147.6665777644909,138.2039508589718,89.04376522779295
2002-05-02,130.96305851363408,127.74312766111666,144.60144472780277,141.73328473116348,112.1075690292996,108.34289642861756,80.76863103199776,135.61941822923578,156.21847433840682,147.01684482232716,139.47542720687437,89.01705209822461
2002-05-03,129.8105835987141,127.07886339727885,144.4279229941294,141.83249803047525,111.41250210131794,105.41763822504488,79.18556586377062,135.6872279383504,155.03121393343494,145.47316795169272,138.7641025281193,88.86572310965762
2002-05-06,128.9927769220422,125.35059085507585,141.9726483032292,137.02437634724214,110.85543959081134,102.55027846532367,77.76022567822274,134.81882967954496,152.9227894239402,142.88374556215257,136.16921381084347,87.34611924448248
2002-05-07,128.5026043697384,125.4383362686744,142.5831306909331,136.57219590529624,111.43188787668356,102.33492288054649,77.59692920429848,133.12011242558268,154.4367250392372,140.41185676392735,135.6790046411244,86.87445020056228
2002-05-08,128.51545463017538,127.30736747907763,146.56120003721014,139.69969919152751,112.14505195909435,112.89588692181889,80.96463593176503,134.37144148238315,156.15097268717275,144.72250076657988,139.01670815529607,90.21911653328392
2002-05-09,128.63111853934254,126.56898474769898,145.31542983689386,138.27476225977392,112.41420008379617,109.22677059685977,79.54775480295915,133.4442785361547,154.5582327657636,142.62402450546446,137.73775444026734,87.98168244325848
2002-05-10,127.96223672293796,125.55643286971738,143.54258159288375,137.74931816318679,112.1781302636202,105.67690055246184,77.28859856655511,131.25579236816176,152.27077092083027,141.16925945550872,135.90584230621178,86.23964513088195
2002-05-13,129.1522855244613,126.68644076554483,145.48040644438768,140.84867782185847,113.008248427571,109.90397657456032,79.3212887088555,130.75702035716276,153.67166201330193,142.8774074949204,138.05315461464994,87.21415312086094
2002-05-14,129.22977689577598,129.01747127563087,148.36091849198655,142.03180671556208,114.10442843731845,115.35521381265852,81.21706750899716,131.42388116098428,157.98983571587573,145.44920082982898,140.1515625647926,89.16775015076823
2002-05-15,128.68701183281374,129.63675513775388,148.28673803274057,139.0491387745353,113.7278838234753,115.48210454785246,82.06172501109073,129.82050981082028,157.46846925801336,143.10746869646874,139.94133522094543,88.677327524939
2002-05-16,129.7293766286595,128.92375298449622,147.9160211876587,140.6621087843199,113.83023891891642,116.59073275151184,82.98902250371606,127.18515346166062,158.2243179104518,141.56190803454686,140.7809832322711,89.36014294688103
2002-05-17,129.70343075333378,129.01399961158538,148.0491456067276,139.86033476424927,114.20587870734884,117.5817539798997,82.75665324070565,126.02776856515952,159.23695354507868,145.10095573541054,141.4708100501092,91.10266573434521
2002-05-20,128.6658033073071,127.96898621473154,146.47982466329628,138.69949398570603,112.949614041568,114.6304519550042,82.3180429785299,128.0064045316325,158.4407687773533,143.62092598690936,139.16483584629245,89.59036148315509
2002-05-21,127.88094190713252,127.53389166160144,144.98573045173066,138.63014423871317,111.88788766957727,111.62713411378309,82.0710888495943,128.60803463293118,155.2085770942953,142.29961346782977,138.27418089687617,88.30026027779766
2002-05-22,128.82726087724532,128.45213568156498,145.3916904969955,140.66800735902225,112.50327105175995,112.47550033304785,82.0710888495943,131.48885460870883,155.16201452116704,143.23879091671745,138.08059704362054,87.93822921065869
2002-05-23,129.14932902943843,129.05586071926834,146.49666734477267,142.00435342893297,112.62702464991689,113.87019653717765,83.63864664662155,132.67225430018718,155.70508157199112,145.30142950591818,139.3785546558306,89.81131349284574
2002-05-24,128.32277332365004,128.24280879673694,144.50431266888376,140.14409639901393,111.42191548616279,111.34227817405231,82.35061148826358,132.43344424244685,154.63071650914438,143.02019706267527,138.45865619510212,89.08384185355368
2002-05-28,127.32185569172556,126.90908358525088,143.52168334273534,139.12104449530113,109.63916483838419,110.40700303739028,82.52354777238894,131.87722377662857,152.51227569296907,142.70555262913737,137.2402200205852,88.29099566105705
2002-05-29,127.67835688766237,126.27453816732464,142.10081867764225,139.5244955243375,108.57566493945185,108.33135138028733,81.46724636090235,128.39566506892558,151.90222659019722,142.86252873702944,137.14415186657078,87.40808570444648
2002-05-30,127.92094576574895,124.72136134786655,141.71714646721261,136.7061007147459,109.08597056466726,109.13300338050146,81.14137737545875,126.8420775215916,150.99081323065602,142.6625211967976,136.80129148690438,86.70882101881091
2002-05-31,129.54554177697395,125.22024679325803,142.18481305055442,138.42859758375167,110.32955062910447,107.97619354466815,81.04400772260819,126.5630249510441,152.63661309487014,142.44852741500242,137.12961458647294,87.09901071339556
2002-06-03,127.42099489183158,122.66575375867556,139.12783956996753,135.4662255954594,108.79596987535993,104.26181248673157,79.50417157587863,122.41175773264987,149.43124421987787,138.17507159255234,134.4281611791194,84.73862752306253
2002-06-04,127.67583688161525,119.99164032673644,138.47393872398868,135.56105195337622,108.63277592054689,105.85701821777857,79.5995765817697,123.77052824348229,148.8932917406863,137.09730603413044,133.5543781314551,84.25561734618108
2002-06-05,129.156876589442,121.02356843354636,140.2325577457833,135.71016911052496,110.45780655601207,106.90500269813458,79.20953865651902,122.32241306303355,151.4691456878002,138.24892340481713,134.6895903455725,84.80327885893125
2002-06-06,126.9999567503983,119.1719078365131,137.80653449678127,134.40735148706392,108.69048165111587,104.56378313904544,77.30850972876256,119.55792652780902,148.8941702111076,134.51620247288707,132.58843273618157,83.30226082312817
2002-06-07,127.26665665957412,119.99419400058504,138.24751540717097,135.71110279648843,109.57087455248991,102.47250747626452,77.78009163810802,119.61770549107291,149.69819873024755,135.0677189030259,132.89338613147478,84.45183202248732
2002-06-10,127.08848334025073,120.95414755258973,138.44106192874102,133.86543179845617,109.75714503922913,101.89866143439745,77.07229280420124,119.72536142601487,152.12330954967757,136.945160195778,133.43824901461383,84.44338683928508
2002-06-11,127.15202758192086,119.73251066230857,136.66901633605312,132.82128143042823,108.3961564407427,99.63651115055383,75.45377465531301,119.10278954659958,150.5564394613159,131.53582636804475,131.31658085528147,83.5567312774726
2002-06-12,127.39361643432652,118.96622259406979,138.33637833535298,134.5745223453099,110.94346611710016,101.42996835126381,75.15195955669176,120.06752214192704,150.82744105234627,130.91760798411494,131.77618888827496,83.95780358760445
2002-06-13,126.43816431106907,116.74155423156067,136.84234544933116,134.45340527519912,108.90210634054552,99.96937680700562,74.76868456295264,120.71588676149345,148.2332090662459,131.58528778483395,129.31197415606422,82.73201965522543
2002-06-14,126.02091836884254,115.0021050735104,135.95287020391052,134.372733232034,108.62985107469416,100.09933699685473,73.7368767159839,119.870875554163,147.37345645366167,132.2300556949796,130.2300891725723,82.46727719232871
2002-06-17,127.78521122600634,118.36016654165691,139.36528724602866,137.5976788296028,111.50854212817356,103.38259525035156,75.45494594346633,121.74086121280796,151.17569163016614,135.4829150650761,135.20487857896455,84.28980401827918
2002-06-18,127.75965418376114,119.44908007384016,139.93668492373737,137.14360648946513,111.22977077285314,102.58654926692385,75.86240265156104,122.739136274753,150.41981317201532,135.6725911461672,135.66457516613303,85.09055715645285
2002-06-19,127.26139153244446,118.37403835317559,138.46734973203814,135.38816832639998,110.8849584834573,98.50360460610028,73.00997631186236,121.51174491200547,149.60754618088643,134.3429997529348,134.00946734910622,83.8992893562625
2002-06-20,127.65590184619506,115.28447595215772,138.07964115278844,136.1328032521952,110.3083566993433,95.90310944449924,70.68825906514513,119.81058048323739,147.43823676126357,132.48906635634427,132.05292912580927,83.06029646269987
2002-06-21,125.9708439418253,114.88098028632517,136.49172527953138,134.90760802292542,109.05084143297081,93.30413517855331,70.4337813325106,120.51746290808849,145.034993502055,128.15667388649183,130.8512474707644,82.02204275691612
2002-06-24,124.27023754861067,115.36348040352773,136.68281369492271,136.4320639935845,108.60373298309563,95.04892250639224,70.3774343074446,118.70970096446716,144.88995850855292,128.68211624942646,130.49794910259337,82.46496178780347
2002-06-25,121.57357339380582,113.66763724159587,134.79659086593279,135.50432595842813,106.45337907003032,92.11191080094471,68.92062141728049,118.05679760916259,142.8904770811349,126.73901629406011,129.2973679708495,80.51054219343253
2002-06-26,121.4033703910545,113.4062016759402,134.31132313881542,135.20621644131958,107.66694759142868,92.34219057794708,66.86678689904552,117.17137162709388,143.24770327383771,128.8428839645415,127.26739929370716,81.2109839105154
2002-06-27,121.6583174688757,113.44022353644299,136.90353167539456,136.8286910386154,109.83105323801638,94.43835830406647,67.16100076140133,117.38228009602265,146.5137509084812,131.80627029572594,129.97819489866313,81.86067178179951
2002-06-28,121.70698079586325,114.99435459889227,136.9446027348972,138.4706353310788,108.76569202160762,94.79722406562193,69.37731378652757,119.18996720950142,144.82884277303367,128.88017109516082,130.6020902341767,81.76243897566135
2002-07-01,122.02341894593248,112.05049912116063,135.24648966098448,137.47364675669502,109.2986439125135,90.3701937017574,66.49121753300801,117.50938867184743,141.78743707479998,124.15026881596842,128.73448034382798,79.53850063552336
2002-07-02,121.19365969710012,110.51540728320073,132.3251654843072,135.2328263145609,107.05802171230697,87.45123644519063,65.04170899078844,114.94768399880115,137.60470768109337,120.66164626223971,126.52024728191414,77.51822271938109
2002-07-03,120.00596183206854,109.37709858818377,132.1928403188229,134.5296156177252,106.21226334077973,90.03979304396827,66.59620583566829,113.97062868481136,140.1091133608893,120.69784475611837,125.44482518001787,77.81279196571474
2002-07-05,121.93805781756484,113.04123139088793,137.1104139786831,136.8838838910354,108.97378218764,95.31612491634482,69.18013862209222,115.21290853747578,144.35441949572422,125.17573479657035,129.64722682354846,81.00311643630903
2002-07-08,122.51116668930739,112.24994277115172,135.14973505878794,135.92569670379814,108.84301364901484,91.73223861949025,68.41223908338699,114.14142848807727,142.78095632322083,123.43579208289803,129.2971793111249,80.1849849603023
2002-07-09,119.61990315543976,110.79069351512676,133.12248903290612,134.22662549500066,106.63350047193983,90.09940477206332,66.6608857628523,111.03678163320157,139.62549718847765,118.10336586491684,126.206976725589,78.4850632791439
2002-07-10,116.9404173247579,106.39230298257623,129.0356286195959,129.95821880425964,105.00200791471914,87.946028998011,64.55440177274616,105.59597933317468,136.4559984022992,112.0446631960466,122.7110434702902,76.12266287444166
2002-07-11,114.83548981291227,104.4134061471003,128.364643350774,126.29339703397953,103.3009753865007,90.3117771780575,66.35546958220579,108.42595157930374,135.2688312161992,114.39760112316357,123.54547856588817,76.17594873845376
2002-07-12,112.48136227174757,103.04559052657329,127.13234277460657,124.94205768571594,101.7101403655486,90.71818017535875,66.09004770387696,105.15148784160877,132.52287394251033,115.75893257652923,122.65595112021379,76.77773873348754
2002-07-15,112.40262531815735,102.75706287309889,125.51776202136907,122.48069914930733,99.95055493722461,92.08802469600667,65.83229651783185,106.55000262990217,132.20481904504834,113.94151733507772,121.93228100860453,75.8103392254456
2002-07-16,109.48015705988526,99.09891143481657,123.62244381484639,121.0354268993455,98.22141033681064,91.55391415276982,65.16739032300174,103.77970256152472,127.7627371251347,113.66805769347353,120.33496812739182,74.25622727132397
2002-07-17,111.16615147860749,98.22684101419019,124.01803563505392,122.31840242447856,98.10354464440645,92.84482434232388,65.57794488203666,103.0221107328256,126.76618777555866,116.31652343773146,119.88972874532047,75.25868633948684
2002-07-18,107.83116693424925,97.97145122755329,122.07095247558357,120.05551197962572,96.9066813997447,90.18017788369919,64.09588332770262,100.27142037625916,124.48439639559861,110.9310684025645,116.36497072020804,73.49763307914286
2002-07-19,102.79545143841982,94.49346470897515,116.94397247160906,113.30839220637074,91.8190806262581,87.4477184938231,61.22438775462156,95.34809363578482,120.96148797760318,106.57147741434372,114.37512972089247,71.12365953068654
2002-07-22,102.56930144525529,92.4146084853777,114.33612188549218,106.30593356801702,91.92926352300962,84.037257472564,57.171333285265604,93.46973619115985,117.18748955270195,104.30150494541819,110.32625012877288,69.03262394048436
2002-07-23,102.3744197725093,91.60135993070637,113.43286652259678,105.5299002529705,92.54518958861378,80.60013364193613,53.39802528843806,86.32864834615525,116.32030213001197,103.41494215338214,105.0195574975789,67.03758110860436
2002-07-24,106.72533261284094,96.73103608682592,119.43346516164215,113.434089781918,97.78324731932932,84.63820033739712,55.186859135600756,92.88099275562843,124.14865846336176,109.88871753218386,110.52258231045202,70.02075346793725
2002-07-25,109.01992726401704,96.56659332547831,119.06322141964105,112.76482865220467,100.96120285720751,79.6868656176594,55.10407884689735,96.40118238106675,122.12503533040898,113.09746808412362,110.33469392052424,69.57962272108925
2002-07-26,109.61953686396915,96.04513372152074,119.45613005032587,115.62905529997067,100.34533951977855,80.4120160947801,55.29143271497681,95.42753043901799,124.46983600875284,115.84573655856782,112.91652575826451,71.36086106274914
2002-07-29,113.50006846895366,101.63496050411325,125.10640500170626,120.87861441058936,104.50967110984936,85.71116795542612,58.74714725966286,97.0688839625691,130.50662305517736,120.82710323058623,119.9060587027011,76.6344286952863
2002-07-30,112.10401762678555,101.48250806335707,124.1055537616926,119.17422594740006,102.53443832587321,86.95397989077979,59.21124972301419,103.59191296485373,129.04494887695935,122.31327660032242,120.20582384945784,78.02151185467099
2002-07-31,113.63984266827252,101.28969129803671,123.1002987762229,122.05824221532716,103.2829397256521,85.62358399845085,61.307327963208905,104.67962805098469,128.2706791836976,125.4078024983106,121.44394383510726,78.01370970348552
2002-08-01,112.52617221012345,99.90202252725359,121.3892046232334,114.08783899866629,102.86980796674949,81.90752045291809,59.173832950089235,102.95241418814345,124.17884451773766,121.7333538851101,119.29438602922586,76.33641494486059
2002-08-02,111.82850994242068,95.39644131127446,117.73538956407405,113.30063290957548,101.15188217370476,79.56496536796463,58.27439068924788,100.94484211147466,119.8574207285204,121.1733804572386,116.16887311526014,72.6569997445183
2002-08-05,110.30764220720374,92.19112088321563,113.89721586428524,109.33511075774034,98.80515850727481,76.46193171861401,54.521519928860315,99.90511023772648,117.83183031820839,116.33856257699478,112.1261963308491,70.01228495381784
2002-08-06,111.09082646687492,95.60219235589462,117.18884540276309,112.95410292382154,101.01839405783777,80.13975063427934,55.81367995117431,103.00216865509597,121.70849753567742,118.77003853485395,115.51240746004075,72.61674195409985
2002-08-07,112.74607978123134,97.0744661181754,119.4037145808753,115.11152628966653,103.19028953008129,82.03906272431176,55.35600777557468,104.2175942452261,123.37590395191623,122.78446583733202,116.99096627552925,74.34502041260743
2002-08-08,115.18139510450595,98.1811150319226,122.59179376018467,120.0152773096063,105.72877065252129,84.95144945102484,57.304539249274896,105.36398778192357,123.77070684456237,126.97141612238505,121.85779047259129,76.67945405356332
2002-08-09,116.05677370730021,98.24002370094175,122.35886935204033,121.71949424740272,105.97194682502209,84.02547865200867,57.396226512073746,105.7432981379385,124.57521643905203,126.81905042303818,123.11292571445898,77.17787050491147
2002-08-12,115.89429422411,97.39515949711365,121.61248024899287,121.32999186581104,105.43148989621447,83.66416909380503,57.20107934193269,107.66782616404898,122.8560784521931,127.03464280875735,122.312691697315,76.70708549483152
2002-08-13,115.10621302338603,95.6420466261656,118.41407201844436,119.303781001652,104.4615201891693,81.43033577900044,56.079938186830816,104.83616233593449,121.99608590302775,122.86790652463013,119.78081897918058,74.55928710097623
2002-08-14,118.43278257976189,97.63140119598984,120.08371043390443,123.51520447101029,107.6684888589768,86.25101165711726,58.91758305908446,107.90786189237738,128.3520819785755,127.34029832212667,123.79347641498315,76.46800485076123
2002-08-15,118.24329012763425,100.03313366541119,120.7561792123343,126.18313288758414,106.58103712150113,87.30327399933408,60.33160505250248,107.85390796143119,132.45934860188993,127.83692548558297,124.9942731362085,77.98971814729137
2002-08-16,118.50342536591505,99.40292492331909,120.49051561806716,125.28723264408228,105.98418331362072,89.17156406291984,62.0510557964988,106.32238246837886,131.29370633419327,126.72474423385837,124.46929718903644,77.84153768281152
2002-08-19,119.32109900093985,102.63351998332695,122.88827687886669,125.93872625383152,106.99103305510012,92.05180558215214,64.4896622893012,107.66204448748043,134.47101402748075,128.43552828101548,127.30719716494644,80.07558981430822
2002-08-20,118.61710451683432,101.86376858345201,121.63481645470226,122.89100907848879,105.54665410885626,90.20156428995088,63.10313455008122,107.74817412307041,133.65074084191312,127.27960852648634,125.5248964046372,79.14671297246223
2002-08-21,118.8424770154163,103.13706569074515,123.05794380722229,124.24281017835217,106.38047267631623,92.35738167648071,65.09088328840879,110.76512299851638,135.0540736207532,129.3669941063207,126.3157032519864,80.17562024110423
2002-08-22,119.09204621714868,104.70474908924447,124.15315950710655,126.70281781988355,107.01875551237411,93.60420632911321,65.78735573959476,112.37121728199486,136.13450620971923,132.9504598430658,127.89464954263623,81.16178037006982
2002-08-23,117.57957723019088,102.62112458236852,121.22314494273884,124.61222132585547,105.75593419732809,90.4497445758221,63.41901093296934,110.48338083165734,133.27568157931512,130.07872991045556,125.47744066628039,79.34375648978025
2002-08-26,118.03813758138864,104.52987749960056,121.8535052964411,126.20725775882642,106.37989420909233,90.90199329870119,64.52884362429631,112.64885509595783,134.1153183732648,131.0152967658109,126.99571769834239,79.51831275405776
2002-08-27,117.15285154952824,103.29642494510527,121.29297917207747,126.25774066192994,106.5713780186687,87.93858831716354,63.20600232999824,111.10556578114321,131.8353579609193,127.45168069378082,125.7765588084383,78.81855160182205
2002-08-28,116.07504531527258,101.81928606839026,119.38867939907584,122.93716208252118,104.79163600575691,85.31801838531206,61.57528746988429,110.22783181147217,130.41153609494137,126.20265422298176,123.50000309400558,77.26582613526615
2002-08-29,115.47145507963317,102.42001985619376,118.92306354941947,121.90448992102803,104.35151113453274,86.46981163351377,62.27108821829399,109.05941679427056,130.42457724855086,126.39195820431624,124.12985310978502,76.85631725674925
2002-08-30,116.1873781011269,101.93864576286964,119.71984807520056,122.80658314644364,105.09240686358794,84.80094426898695,61.43665563616886,108.29600087671068,130.6462990298734,126.24028785447106,124.17950505102893,76.47203567046552
2002-09-03,113.6428745207122,97.89168152608372,115.78106507352646,117.34169019642691,102.13931023072111,81.05274253229773,57.75659996356235,104.9496544496203,126.94900876732798,120.90032367822694,118.80253248231938,73.40550704007984
2002-09-04,113.92698170701398,99.82993682030018,117.43673430407789,117.97533532348763,104.23316609045091,83.10337691836487,59.62791380238177,105.1700487239645,129.0182776102354,124.237172611746,120.8934570540082,74.77819002172933
2002-09-05,113.17506362774769,97.81337209653012,115.74564533009917,117.83376492109944,103.51395724442678,80.36927581775066,58.3041741159689,104.67574949496185,127.35394182906336,122.77117397492741,119.21303800095748,72.95360218519914
2002-09-06,113.45800128681707,98.98713256168847,117.84064151057396,119.83693892475813,104.81823310570655,83.24649589202615,60.65383233284245,104.85369826910329,131.0599415362891,122.96760785328729,120.90586314057109,74.49292319130684
2002-09-09,114.7400767013581,100.600622822444,118.84228696341384,119.08196620953215,105.56244256075709,83.92911715834074,60.938905344806805,104.5496225441229,132.2394810101157,124.29565801810278,122.6469075697953,75.32724393104948
2002-09-10,115.3711471232156,101.4859083032815,120.1257836626187,121.5112383202066,106.58639825359644,85.44823417890672,62.364875729875294,102.45863009324043,133.6412195088229,124.96685457140056,121.84970267059163,75.78674011902888
2002-09-11,115.35961000850328,101.86140616400365,119.9696201438573,120.89153100477354,106.92747472800797,85.14916535928054,63.68701109534866,102.76600598352015,133.4942141673632,125.04183468414338,121.43541368151163,75.76400409699318
2002-09-12,113.47924836536467,99.40654627545116,118.08609710759875,117.9780451075585,105.09901491015903,82.2796384866728,62.056623611307735,100.00160042256346,130.63743798418164,122.64103145820783,118.4602460463146,73.78656359006165
2002-09-13,114.47786575097987,98.36277753955893,116.14948511503414,119.15782555863407,105.38278225041644,82.59230111292214,61.932510364085125,101.69162746970477,132.57087206634753,123.3278212343738,119.25392969482489,73.1446204868281
2002-09-16,115.9546302191675,98.71688353870135,116.27724954866068,120.0634250328797,105.76216026651795,81.485564278009,61.56091530190061,100.96961691466986,133.45909690919206,123.90746199417535,118.94386947761835,73.73709191277142
2002-09-17,113.58915576269648,96.8511344398199,113.60287280904149,115.8732114992322,104.35552353497326,80.10030968528284,61.320827732223194,97.51645601618814,130.13596539615315,121.51604797768776,116.71961911838689,73.08083179474775
2002-09-18,113.45284877578126,95.78577196098188,112.96669672131085,116.19765649143004,104.24073245908478,79.02696553550005,60.842525275911854,99.89585754298314,129.9147342549797,121.86844451682303,115.76251824161612,72.50349322356924
2002-09-19,109.91311989397687,93.20913469523147,110.92199951065513,113.594828986022,102.1559178099031,75.85008152097295,58.36623449718225,97.97785707815785,127.29045662302909,118.456128070352,111.94235513964279,70.56039960517758
2002-09-20,110.19889400570119,93.79635224381143,112.0312195057617,114.29911692573533,102.94251837703936,75.79698646390827,58.96740671250322,96.31223350782918,127.50685039928824,118.81149645456304,111.62891654525178,71.06137844237435
2002-09-23,109.27322329605332,91.74221212967196,109.92503257905338,113.78477089956954,101.78956217121653,73.47001897946629,58.24210760993943,94.18373314730614,124.24267502906648,117.62338149001741,111.17123798741623,69.91729024945211
2002-09-24,108.1914183854224,88.98077154456882,107.51767436557209,111.31564137104886,98.69515948121155,72.6691957725901,57.135507565350586,91.97041541834446,121.8696399360113,117.6586685044644,109.28132694163016,68.50496098641318
2002-09-25,109.53299197340162,91.9349331598485,109.91531850392435,113.66440140397798,100.84671395790197,75.52509516645289,58.36392097800562,94.13172018067556,123.91704988693628,121.44727763030816,111.31395962274446,70.47790386282186
2002-09-26,111.13217365621328,94.79410958111978,112.45436236136499,118.34737474182187,102.76280152310208,74.60368900542215,59.385289595120724,97.46398307507148,127.36194387379311,123.47544716673428,114.20812257293582,71.12630057835983
2002-09-27,107.7537555770644,91.97872452656053,109.32813108771904,115.23483878611196,99.72102259801827,73.11161522531371,57.09301741674907,95.69988498141268,122.57313478413849,118.93155071099848,111.34149869635512,68.29547381534111
2002-09-30,107.19343604806366,90.8105947250732,108.0161935146664,113.04537684917584,99.332110609886,70.66968727678822,55.38593619598827,96.53247398075096,118.3321043206073,118.8126191602875,111.25242549739805,67.98814418317208
2002-10-01,110.45211650392478,92.7811846306073,111.82916514573411,118.05328704359432,103.52392567762318,73.82155532933298,57.77860863965496,98.5693091817448,121.1365751930057,122.37699773509611,115.43551669610022,70.59209010538757
2002-10-02,109.13773631752808,89.36683703620095,109.15644809875107,115.65680531660935,100.22151244850701,72.07198446802778,57.03904244906738,96.59792299810991,118.60482077147188,121.69168654777958,111.4991655767632,68.10724853367793
2002-10-03,109.22504650658209,88.71445912583668,108.33777473801045,116.81337336977545,100.03109157485484,70.71703116002885,58.16271158531401,95.64160356042862,117.52551690245147,121.36311899410057,107.60784469813416,67.76671229100954
2002-10-04,107.49929077177809,86.31916872943908,105.58599525966498,115.50506358803396,98.92074645837394,68.57430511587998,57.482207859765836,92.23676247367737,117.3257235237173,117.80717960757343,104.76699759810342,65.85569100440307
2002-10-07,106.78979545268434,83.92812775563362,103.53762695162749,114.76583118107055,98.57452384576963,67.73769859346625,55.44158948074415,91.68334189883531,113.27798606214907,117.54800381243678,101.55065077184165,63.41903043724015
2002-10-08,109.03238115719071,82.29992207717433,103.44444308737101,113.526360204315,99.65884360807308,67.86640022079384,55.291897189146134,88.64862328198384,117.44661594923616,120.47494910736644,105.02368302823864,64.21176831770565
2002-10-09,108.12741239358603,78.42359574733942,100.18594313011884,112.15269124584277,96.86839598704704,66.96377709785727,54.30217222946041,82.09749002144525,112.79572995764642,118.90877476897069,100.7807262338978,61.6497187618292
2002-10-10,108.39773092456998,81.70954440915294,103.52213503635181,115.27053606247722,99.62914527267787,70.45928626236542,56.97926932037281,87.47487561784992,114.71325736692638,120.58538849321316,105.69882567411202,63.75813914348376
2002-10-11,110.40308894667452,85.45184154309216,107.62161158379135,117.21860812193307,102.13979973354934,74.62343008047122,60.039056082876826,88.36711934915199,120.1850797433288,121.81535945584395,110.53983188998635,66.62087959102618
2002-10-14,112.21369960539998,84.26406094564317,106.9328332696551,119.37543051137665,102.66071271219046,75.05624597493795,59.88295453706135,87.80156978531743,121.2787639689931,124.6780204030563,111.23623283089326,66.61421750306708
2002-10-15,114.16621797853395,89.51371194255674,111.43470555030758,123.33869480435433,104.19035733160209,79.9424075879064,63.1465755593312,88.68836564014913,126.8090756059792,127.50821146620565,118.32198086222117,70.48450353999529
2002-10-16,110.70698157378436,86.41653750934428,108.51511626488953,121.13093216735638,102.49205450709698,75.11388616959685,61.71314829413438,85.51332215023179,124.97034400969251,126.88342123002126,116.49982235694296,68.8563115082214
2002-10-17,111.68120301163364,88.63744252333443,111.61864859006536,123.989622166506,104.37790831002755,78.33627188627256,63.99036346618794,87.18083193216131,125.10781138810319,128.9008676275786,119.56376768493055,71.10791289454023
2002-10-18,112.50764391391974,87.97266170440943,112.0093138601306,123.45646679119002,104.87892226991569,79.42514606549175,64.43829601045124,87.67776267417463,126.9468962155083,129.30046031722412,119.74311333645795,70.76659491264644
2002-10-21,115.73661329424922,92.52964558069785,115.29118675623245,123.57992325798119,106.73527919409321,81.40283220252249,65.86238235228222,91.89506305880244,128.4448695908513,129.24874013309721,120.97646740382346,72.42253323360237
2002-10-22,114.83386771055409,90.60502895261932,112.18985383248979,120.25562332234149,104.12026485383792,80.03526462152011,67.90411620520297,90.33284698680278,127.34024371236998,127.19368516498098,120.09333919177556,71.90109099432044
2002-10-23,114.43194917356716,91.27550616686871,113.80538772767763,121.42210286856823,104.21397309220637,82.38830140139281,67.89732579358245,92.41050246749924,129.30128346554048,126.26517126327661,120.44160987543168,72.1383645946017
2002-10-24,113.7796870632778,89.78771541634875,111.84793505876158,119.75862005926882,101.26471765369693,81.03713325840997,66.9807118953691,92.29960986453824,127.95655011749886,124.28280807444317,118.45432331248706,71.26549038300702
2002-10-25,114.41685331083218,90.31746293730521,112.98878399636094,119.56700626717401,102.73305605967553,83.47635096948811,67.82466886525074,93.49027483179077,130.33654194968435,127.25316718742236,120.63388286143682,72.0137780320286
2002-10-28,112.00265770597362,89.01689147100801,111.47473429080972,118.95721453521142,100.48320213196864,82.81688779682915,68.5978700903146,94.71499743208724,127.93834957781014,126.20969121648551,120.06690361198807,71.40886229655956
2002-10-29,112.88747870185081,87.7350482338255,111.35211208308984,114.68665053339733,102.16127160757252,81.57463447987672,66.72514823684902,94.3456089421021,128.66759817040366,124.78352170573923,119.03432824092496,70.77332342212019
2002-10-30,112.85361245824026,88.01580038817374,113.06693460916944,118.17312470961261,102.75380698289645,83.9566138066891,68.25315413147285,96.20421743826152,126.30011436406822,126.34331572706097,120.03421659814873,70.51146212545834
2002-10-31,112.62790523332377,88.34145884961,112.38853300151442,116.57778752603285,102.62022703381868,84.42677084400657,67.5501466439187,95.94446605117821,125.07500325473674,125.52208417483509,119.35002156353927,70.60312702622143
2002-11-01,114.19343311606698,89.62241000292934,114.23170494273924,119.30570775414202,103.45145087279262,86.68940830262594,69.68473127786653,96.6928328863774,126.6634557960719,126.67688734924359,121.06866187405423,72.3470242637691
2002-11-04,112.49195096263757,89.69410793093168,113.9918183623595,117.80245583643985,101.84795338426433,90.05295734476782,71.42684955981319,99.06180729209365,124.62417415775515,127.272268719785,121.9040356409852,73.42499492529926
2002-11-05,113.5718736918789,90.68971252896503,114.88095454558591,120.5472530574289,103.63029256848897,89.69274551538874,72.19111685010319,98.93302694261392,125.83302864708538,128.88862653252627,122.23317653721585,73.6305849110901
2002-11-06,113.29930119501842,93.04764505471812,117.83339507740746,120.37848690314851,104.43860885052318,91.4596926020419,72.09004928651305,100.19936968747938,126.36152736740314,131.5695099644028,122.39207966671427,74.69822839230089
2002-11-07,113.02738287215037,90.12594899999998,115.25284372521223,118.62096099436255,103.57176839706383,88.194581576149,70.05710989663338,96.66233193751135,124.47874060962883,130.50379693369115,118.89166618824625,72.83077268249338
2002-11-08,112.45094321950239,89.57618071109998,114.90708519403658,118.5023400333682,102.74319424988731,86.88930176882201,69.95202423178843,94.07178144158605,122.49952863393571,129.77297567086245,118.10698119140382,71.64363108776874
2002-11-11,111.87744340908294,87.27407286682471,111.55179830637071,116.52335095481095,100.64723308718962,83.73522011461377,67.72754986121755,93.2439497649001,120.0617880141204,127.57981238202487,116.58340113403469,69.78806104259552
2002-11-12,108.577058828515,88.34754396308665,113.21392010113563,116.53500328990643,100.93911006314245,86.15516797592609,68.96696402367783,91.47231471936699,121.7546592251195,128.51114501241366,117.59767672390078,69.76712462428274
2002-11-13,110.46629965213117,88.17084887516047,113.15731314108506,114.06446122016041,101.2015517493066,87.28380067641073,68.00832322374872,92.36874340361678,123.05743407882828,126.68628675323738,117.18608485536713,70.03223969785502
2002-11-14,111.93550143750453,90.45447386102714,115.25072343419514,117.5434272873753,103.07378045666877,90.7576959433319,69.11005805997344,93.86511704675537,126.13386993079898,128.90329677141906,120.27979749554882,71.49591350754018
2002-11-15,112.80859834871706,91.13288241498485,115.66562603855823,118.3897399638444,103.54791984676946,90.69416555617155,70.63739034309886,95.32941287268476,127.18078105122461,129.625155233339,121.36231567300875,71.10983557459947
2002-11-18,111.78204010374373,90.34002633797448,114.42800383994565,119.00536661165641,102.39853793647032,89.95047339861095,69.93808017870218,94.9862269863431,125.04414392956404,129.3270173763023,119.3355650012695,70.33473836683633
2002-11-19,112.31859389624168,89.73474816151004,114.59964584570557,118.99346607499525,103.08460814064466,88.41232030349471,69.16876129673646,94.81525177776767,122.7058184380812,129.39168088499048,119.47876767927103,70.10263373022579
2002-11-20,112.4196806307483,91.17050413209421,116.24988074588371,120.50468309414768,103.9711357706542,92.0725903640594,71.07781910852638,95.5358476912787,124.86544084259144,130.98319855987586,121.95197817023194,71.25231692340148
2002-11-21,111.62150089826999,96.00254085109519,119.62112728751433,120.2757241962688,104.33503474585149,96.44603840635222,73.70769841554186,96.30968805757807,125.8269047370794,131.92627758950698,124.24467535983229,74.4515459532622
2002-11-22,111.37593359629379,95.5993301795206,119.45365770931183,118.2190093125126,103.42731994356258,96.37852617946777,73.77403534411584,98.7463231654348,125.8269047370794,131.27983882931838,123.76012112592893,74.15373976944915
2002-11-25,110.7410907747949,97.13847939541088,119.90758160860722,119.36573370284395,103.53074726350613,97.84347977739569,75.13885499798198,99.24992941357853,126.01564509418503,131.17481495825493,122.99280837494817,74.82853880135114
2002-11-26,110.02127368475874,95.72025759623789,117.88114347942175,117.1932773494522,102.31943752052311,95.38760843498306,72.89971711904212,96.90763107941808,124.26402762737585,128.52508369609816,120.28696659069931,73.28707090204331
2002-11-27,112.13368213950612,98.75458976203863,121.6415519564153,119.90044205622452,104.52953737096642,98.66894216514648,75.68448631298953,97.63443831251372,128.14106528934997,130.7742726607799,123.65500165523888,75.83013226234422
2002-11-29,111.41602657381328,98.91259710565791,121.82401428434994,120.11626285192574,104.81176712186802,98.19533124275377,75.7601707993025,97.43916943588869,127.43628943025855,130.26425299740285,123.1974781491145,75.62539090523589
2002-12-02,111.00378727549018,98.87303206681565,121.93365589720584,120.04419309421456,103.34440238216187,98.65684929959471,75.54804232106446,96.47452165847339,127.98426547480865,129.40450892762,122.82788571466716,75.91276739067578
2002-12-03,111.04818879040037,94.2853233789154,119.73885009105614,121.14859967068135,103.83012107335803,95.62808402609716,72.93408005675563,97.6611582748726,125.8853235210218,128.3433919544135,121.53819291466317,73.84034884091034
2002-12-04,112.4473959691594,95.02074890127095,119.16410361061907,120.67612013196569,104.65037902983755,93.49557775231519,72.15368540014835,95.58097560361783,126.86722904448577,128.8310968438403,121.36803944458265,73.57452358508306
2002-12-05,111.41287992624314,94.35560365896205,117.35280923573765,121.08641894041439,103.53061997421828,91.91550248830106,71.51873296862703,95.46627843289347,124.8119799339651,128.5219022114151,119.5475188529139,72.72105911149609
2002-12-06,112.53815001349818,94.15745689127823,117.88089687729845,122.44258683254702,104.75228128991407,92.31073914900075,72.21246467842273,95.60947785054282,125.07408509182645,128.89461572782815,120.3963062367696,73.31737179621035
2002-12-09,111.34524562335511,92.18956604225052,114.80420546880097,120.48350544322628,103.80951075830484,88.07367622206161,69.28063861247877,96.2596222999265,122.07230704962262,128.37903726491686,118.13285567951833,71.5210961872032
2002-12-10,112.83727191470807,93.69225596873919,116.39998392481729,122.302806375419,105.20055820246614,90.0641413046802,69.66861018870864,97.24147044738575,123.98884227030169,128.69998485807915,120.28287365288554,72.58676052039252
2002-12-11,112.38592282704924,93.6173021639642,116.55130390391957,121.97258879820536,105.65292060273674,90.71260312207392,69.77311310399172,98.01940221096484,123.22011144822582,128.55841487473526,120.46329796336488,72.73919271748535
2002-12-12,111.823993212914,94.19772943738077,116.16668460103664,122.54585996555691,104.8288278220354,90.67631808082508,69.64054418909413,98.62712250467283,123.0352812810535,127.32425409193779,120.0416764204931,72.58644041277863
2002-12-13,111.20896125024298,92.643466901664,114.1686176258988,122.48458703557415,104.11599179284556,87.96509617020841,68.94413874720317,99.28792422545413,120.99289561178801,126.22926550674711,118.66119714165744,71.51216109466951
2002-12-16,112.19872100537015,94.39442842610543,116.94291503420816,124.84853956536072,106.08378403773034,90.63923509378274,71.191717670362,100.38009139193412,123.4490513927073,127.76926254592942,121.53279811248554,73.31426755425517
2002-12-17,110.85233635330569,93.60151522732616,115.66823726033529,123.737387563229,105.2351137654285,90.1135275302388,71.4480078539753,100.77157374836266,120.73317226206774,126.7087776667982,120.98590052097937,72.68376485328857
2002-12-18,110.46435317606912,92.43149628698458,114.68505724362244,122.93309454406803,104.2774742301631,87.59936011214513,70.21195731810154,100.47933618449241,119.28437419492293,125.66976568993044,119.29209791368567,71.7824861691078
2002-12-19,109.9562171514592,91.86766415963397,114.43275011768648,121.87586993098903,102.73416761155667,86.88104535922554,69.47473176626147,100.1477543750836,118.25852857684657,124.75237640039396,118.49284085766396,71.45946498134681
2002-12-20,111.02279245782836,93.35592031902004,116.00047879429877,123.56994452302976,104.4190079603862,87.6021580357071,70.74611935758406,101.14923191883443,119.58302409690727,125.78782112451722,120.45982201590118,72.52421100956887
2002-12-23,111.60011097860907,93.11319492619059,116.29047999128453,123.99008233440807,104.4190079603862,88.76726673758203,71.32623753631626,100.73452006796721,117.5859875944889,126.93249029675036,120.27913228287733,72.32839563984304
2002-12-24,111.44387082323901,92.89903457786035,115.76717283132373,123.17174779100097,104.1788442420773,88.14589587041895,70.35620070582235,100.69422625994002,117.0568506503137,127.09750253413614,119.47326209658205,71.74976847472429
2002-12-26,111.78934682279107,93.46571868878529,115.90609343872134,122.71601232417426,104.38720193056146,87.6699080327187,70.412485666387,101.34873873062962,117.64213490356525,125.05123274333656,119.50910407521103,71.78564335896165
2002-12-27,110.43669572623529,92.00765347724025,114.5152203174567,120.39667969124737,103.12411678720166,86.59156816391626,68.70850351326044,100.17309336135432,116.15984400378035,123.27550523838117,117.42964566430236,70.58682311486699
2002-12-30,111.24288360503682,92.15486572280383,114.98473272075826,120.9023457459506,103.20661608063142,85.56978765958205,68.35121929499148,101.0746512016065,118.1345613518446,124.60688069495569,118.15770946742103,70.48800156250617
2002-12-31,111.17613787487379,92.37603740053856,115.69763806362697,121.1441504374425,103.40270865118461,85.44998995685864,68.56994319673547,101.18583331792827,118.53621886044088,124.96824064897105,117.95684136132643,70.86863677094371
2003-01-02,113.1995435841965,96.4313454424222,119.13385791411667,123.45800371079764,105.58450580372461,89.15851952098632,71.9847263679329,103.22978715095044,122.12786629191224,128.36737679462308,121.47195523389396,73.2852572848329
2003-01-03,112.62222591191711,95.32238496983435,118.85985004091421,123.45800371079764,104.9298818677415,89.60431211859124,72.20068054703668,103.9111037461467,119.19679750090634,129.4841729727363,121.44766084284717,73.1533438217202
2003-01-06,113.12902592852072,97.247897146225,120.61897582151974,125.48271497165473,106.74516882405345,92.39100622547942,76.07785709241256,108.04676567524334,119.97157668466222,130.84375678895003,124.36240470307551,74.36768932916074
2003-01-07,112.74438724036375,96.8978047164986,119.08711482858645,121.25394747710997,105.62434455140088,93.74915401699396,75.35511745003464,105.42122926933493,119.8396079503091,129.1297035750148,123.33019674404,73.89917288638703
2003-01-08,112.27086081395423,94.93077928075367,117.02690774205192,120.45367142376105,103.9977296453093,91.471049574381,73.01910880908356,106.03267239909707,119.07263445942714,127.74801574676214,122.23255799301805,72.81285504495713
2003-01-09,113.88756120967516,96.86736717808104,119.02806786444098,122.54956530653449,105.04810671472693,94.33409342605914,74.06328206505346,106.21292794217554,122.19233748226412,129.6514611813889,124.33495799049797,73.93417301264948
2003-01-10,113.71672986786065,97.09984885930844,119.63511101054965,121.18926513163196,104.95356341868367,95.01329889872677,74.00403143940142,105.62875683849357,121.99682974229249,129.66442632750702,124.18575604090938,73.94156642995074
2003-01-13,114.27394184421316,97.4979582396316,119.04889896659793,120.71662699761858,104.60721665940203,94.50972841456353,74.30744796830297,103.59012183151066,121.67963798496253,129.78112431120175,124.39687182617894,73.8528365502348
2003-01-14,114.17109529655336,97.66370476863898,119.33461632411777,121.3805684461055,104.75366676272519,95.65329612837974,75.38490596384335,103.89053318482205,121.7526457677535,129.8330367609262,125.31740867769268,74.11870676181566
2003-01-15,112.86954481017266,96.57963764570708,117.91453438986078,121.04070285445641,103.58042569498267,93.82631817232769,73.77920746681349,103.65158495849695,120.34031507684757,128.262057016119,123.63815540141161,73.19963479796915
2003-01-16,114.14497066652763,96.42511022547396,118.28006944646935,121.9606121961503,104.68873624991897,92.22188813158087,72.78318816601151,103.38209083760486,120.36438313986292,128.3390142503287,122.85923502238272,73.20695476144896
2003-01-17,113.57424581319498,95.35479150197119,116.8015685783885,120.81418244150647,104.11294820054442,87.97045908871499,71.24746289570867,102.39996097464761,119.3292494448601,127.74865478477714,122.51522916432005,72.29186782693084
2003-01-21,112.47257562880696,93.48583758853256,114.58233877539912,118.36165453794389,102.86359282213789,87.35466587509399,69.45915157702638,100.76156159905325,116.66820718223971,126.84163933580524,120.6162431122731,70.41950845021333
2003-01-22,111.95520178091445,90.80279404974169,112.95526956478845,117.42659746709414,101.64980242683666,86.70824134761828,69.15353131008747,100.01592604322028,115.43152418610796,126.60064022106721,119.01204707887987,69.23646070824975
2003-01-23,110.92521392453003,92.68241188657133,114.67218966217325,117.41485480734744,102.33085610309645,89.22278034669921,67.41777767420427,101.04609008146544,116.45886475136432,127.11970284597358,120.33308080145544,70.32347314136928
2003-01-24,109.00620772363567,90.73608123695334,111.73658160682163,115.00785028379681,100.3763367515273,86.05537164439139,65.10534789997907,98.88370375372207,113.46587192725426,123.92899830453965,116.62682191277061,68.4809981450654
2003-01-27,107.60002764400076,89.10283177468817,109.79236508686294,111.66112184053831,98.188132610344,84.79035768121884,64.54544190803924,95.96663449298728,111.77523043553816,121.17777454217887,115.02903445256565,67.63868186788109
2003-01-28,107.52470762464996,90.16315547280696,111.05497728536187,113.9836731748215,99.80823679841467,86.31658411948077,64.75844186633577,98.1930604132246,113.08300063163396,123.46803448102604,116.14481608675553,68.16626358645055
2003-01-29,106.1914012501043,90.31643283711074,111.62135766951722,117.69954092032067,99.56869703009849,87.37827810415038,65.73629433851742,98.30107277967916,113.3770164332762,124.41873834652995,116.48163605340712,68.40484550900314
2003-01-30,104.08881150535225,87.78757271767164,109.45590333072859,115.88696799014772,97.98555474731991,84.59091103262799,63.882530838171235,97.01332872626536,111.97114142950358,122.16675918245777,114.28013313199772,66.59895758756547
2003-01-31,106.79512060449142,89.24484642478498,110.56140795436895,118.10040907875954,99.89627306489265,84.15949738636158,65.75428899172965,97.81853935469336,112.90050190336845,124.20694406080479,116.0400471822305,67.58462215986142
2003-02-03,106.93395426127725,89.50365647941685,110.70513778470963,119.47037382407315,99.99616933795754,84.52979917486157,66.10278672338583,98.77716104036935,113.49887456345631,124.34357169927168,116.4461873473683,67.92254527066073
2003-02-04,106.68800616647631,88.55491772073503,110.22910569223538,120.19914310439998,100.13616397503068,83.30411708682608,65.20378882394779,97.82890029438181,111.9552898693933,122.44111505227282,113.84943736952198,66.7474852374783
2003-02-05,106.42128615106013,88.89142640807383,109.83228091174333,118.92503218749333,99.57540145677052,83.0042222653135,64.97557556306397,96.54734170052541,111.5298597678896,121.75544480798008,113.21188052025263,66.37369932014842
2003-02-06,105.49542096154589,88.14473842624601,109.0305052610876,118.2233744975871,98.84850102613609,82.63900368734612,64.54673676434774,96.07425972619282,110.927598525143,121.68239154109528,111.72880488543733,66.17457822218798
2003-02-07,104.5881603412766,87.1046305128163,108.14735816847278,117.17118646455857,98.14667666885053,81.34983522982353,63.765721249499144,94.54667899654635,109.56318906328374,120.87928775692404,110.72324564146838,65.40033565698837
2003-02-10,105.35165391176793,87.94954542879061,108.96927809055319,118.40148392243644,99.00055275586952,82.46432797247212,63.842240114998546,95.07614039892701,110.00144181953688,121.73753069999822,111.42080208900964,65.40033565698837
2003-02-11,103.80298459926493,87.45702797438939,108.11931772144688,117.71475531568629,97.52544451980705,82.46432797247212,63.10805435367607,93.23166327518783,110.1664439822662,120.93406299737823,110.25088366707504,65.13873431436042
2003-02-12,103.4708150485473,85.5941932785349,107.22192738435888,115.43108906256198,97.14509528617981,81.37579884323549,61.98473098618064,90.65846936879265,109.5825618291602,119.09586523981808,108.91684797470344,64.32450013543092
2003-02-13,103.67775667864439,84.73825134574955,106.71798432565238,115.86972720099973,97.34909998628079,81.39207400300414,61.12934169857134,91.73730515428127,108.32236236812487,118.13118873137556,109.23270683383008,63.80347168433392
2003-02-14,105.1292452721454,86.05169424160867,108.52151826075588,116.9125547458087,98.00133895618886,84.07801244510327,62.999899554547625,92.9482375823178,111.04125366356479,119.1234907167191,111.23166536888918,64.69033994074617
2003-02-18,105.77053366830549,88.15996075052809,110.3338276157105,118.38565293560588,99.40275810326236,86.92825706699227,64.4929971739904,93.98925784323977,112.4625817104584,121.94671744670535,113.05586468093895,66.06177514748998
2003-02-19,104.7339824383561,87.0755932332966,109.67182465001626,118.39749150089945,98.25962638507484,86.31106644181664,63.12574563390181,93.5287104798079,111.24798582798545,121.16625845504645,112.66016915455567,66.03535043743099
2003-02-20,103.47717464909583,85.9610256399104,108.94799060732613,117.8410232908452,97.48337533663275,85.96582217604937,61.244598414011534,93.99635403220692,110.34687714277878,120.01517899972352,111.81521788589652,65.63253479976267
2003-02-21,104.5429895479815,86.29627363990605,110.33163008803916,120.03286632405492,98.83839425381194,86.9028496377683,62.071400492600695,94.84232121849678,112.44346780849158,121.5033672193201,113.1458189787387,66.66296559611894
2003-02-24,102.78666732357541,84.27694083673225,108.30152809441924,120.60902408241037,97.128490033221,85.2169343547956,60.935493863586096,94.2922357554295,110.08215498451324,119.44996031331358,110.88290259916391,65.15638257364665
2003-02-25,104.00982866472597,84.80788556400366,108.71307390117803,120.52459776555267,97.00222299617782,85.41293330381163,61.496100407131095,95.07486131219956,111.48019835281656,120.15471507916213,111.65908291735805,66.0881188444498
2003-02-26,102.77211170361574,83.94284513125082,107.85424061735873,120.28354857002157,96.89552055088203,83.12386669126947,60.65975344159411,93.45858866989218,110.36539636928839,119.45781773170299,110.44199891355883,65.38758478469863
2003-02-27,103.71761513128901,85.16001638565396,108.76021623854454,120.00689640831052,97.10869069609397,84.10472831822645,61.2299551239451,93.94457333097563,111.3917945555228,121.35719703363708,112.06549629758815,66.27685593777053
2003-02-28,103.70724336977588,84.97266434960552,108.56444784931516,120.40291916645796,96.75909940958802,85.15603742220428,61.511612917515244,93.93517887364253,111.53660388844497,121.80621866266155,112.25600764129406,66.90648606917935
2003-03-03,103.07462918522026,84.02097050888993,107.83706604872474,121.25777989253983,95.92697115466557,83.90424367209786,61.210206014219416,94.50818346477175,110.49931347228244,120.819588291494,111.75085560690825,66.6656227193303
2003-03-04,101.40482019241969,80.76935895019591,106.16559152496951,120.83337766291595,94.28661994792078,82.97290656733757,59.74728209047957,93.87497863555777,108.10147836993389,119.35767127316691,110.36514499738259,65.38564276311915
2003-03-05,100.64428404097656,81.03589783473156,106.27175711649448,122.47671159913163,95.10691354146769,83.57031149462242,60.39852746526579,94.71985344327778,108.53388428341361,121.02867867099125,111.54605204885458,65.94142072660567
2003-03-06,99.73848548460778,79.91760244461226,104.93273297682666,121.95006173925536,93.8705236654286,82.87667790921705,59.25699529617226,94.9377091061973,108.04548180413826,120.71400410644667,110.24096323988297,65.71721989613522
2003-03-07,99.97785784977083,79.98153652656794,105.49936973490152,122.29152191212526,94.90309942574832,82.91811624817166,59.63624006606777,95.01365927348226,109.43926851941164,122.31950036106241,111.27722829433789,66.51896997886806
2003-03-10,98.3782121241745,78.18995010837281,103.13618385283974,120.88516941013583,93.42261107470665,80.99441595121407,57.28060858345809,93.28441067470489,106.99877283142875,120.03212570431052,107.90552827701944,64.84934383239846
2003-03-11,98.89961664843263,76.28211532572853,102.17701734300833,120.71593017296165,93.69353664682329,80.56514554667264,56.44431169813961,92.89261614987113,106.53867810825362,118.73577874670396,106.42722253962427,64.16194078777504
2003-03-12,99.52268423331775,77.37294957488643,101.8193977823078,118.80861847622886,94.65858007428557,81.32245791481137,57.03133253980025,93.25489735285562,107.27379498720056,119.13948039444276,106.3314380393386,64.51483146210781
2003-03-13,101.7022310180274,80.57618968728674,105.51544192180558,119.68780225295296,97.63085948861814,85.30725835263712,59.97414929885395,94.2340737750606,111.56474678668857,120.89083075624106,110.34013325342167,67.14058510261559
2003-03-14,101.72257146423101,79.36754684197744,105.95860677787716,119.48433298912295,97.7480165200045,85.39256561098975,60.68784167551031,94.61101007016084,111.60937268540326,119.92370411019112,110.53874549327783,67.83213312917253
2003-03-17,104.28598026512961,82.6454265265511,109.97443797475871,121.07347461787829,100.64135780899663,89.38039842502296,63.22459345754665,96.38023595847284,116.84385226434866,123.60536182637398,113.99860822721743,69.8603139097348
2003-03-18,103.01369130589502,83.57105530364848,110.95321047273406,122.38106814375138,102.0402726825417,89.9434949351006,62.851568356147126,97.27657215288664,117.498177837029,124.81669437227245,114.23800530449459,70.16769929093762
2003-03-19,104.45588298417753,83.86355399721126,111.34154670938862,123.01744969809889,102.77496264585602,89.3948396159965,63.26010355046208,97.11120198022674,118.59091089091338,126.38938472136307,115.66598037080078,70.98866137264159
2003-03-20,104.37231827779019,84.08998559300372,111.50855902945271,123.60793345664976,102.94968008235396,89.74347949049888,63.71557629602541,97.89780271626657,119.06527453447704,126.26299533664171,116.03611150798736,71.23002282130858
2003-03-21,106.92944007559603,87.07518008155535,114.08440674303306,123.54612948992143,105.64696170051164,90.98193950746779,65.43589685601809,99.29774129510918,122.4229152763493,129.3690650219231,118.64692401691708,73.60198258125817
2003-03-24,103.66809215329036,83.84469090052964,110.33102976118727,121.5570368051337,102.7099761652374,87.39725109087355,62.5567173943533,97.30185669507748,117.59945241446115,125.526803790772,114.96886937239263,70.63582268323346
2003-03-25,104.26936708777946,84.850827191336,110.9378504248738,122.94278702471225,103.04891908658269,88.5334153550549,63.570136216141826,98.576511017783,119.76328233888722,128.25073543303176,115.70467013637595,71.60353345399376
2003-03-26,103.50820070803866,84.35020731090711,109.7951905654976,123.02884697562952,103.21379735712122,88.07304159520861,63.36671178025017,97.72875302303007,119.72735335418557,126.91692778452823,115.14928771972134,71.10230871981581
2003-03-27,103.6220597288175,84.01280648166349,109.663436336819,123.85314025036622,103.17251183817837,87.58863986643497,63.21463167197757,98.26626116465674,119.3083076174459,127.69112104401385,114.76929507024627,70.85345063929645
2003-03-28,102.26461074636998,83.37430915240283,109.08222012423387,124.62102971991848,103.31695335475182,86.5288173240511,62.595128281592196,98.35470079970491,118.4492878026003,127.97204151031067,114.51680262109174,70.35747648482138
2003-03-31,101.02720895633892,82.78235155742078,107.3259963802337,122.21584384632406,102.7487101113007,84.34829112748503,61.23055448505348,98.01045934690595,116.77915284458362,126.3723909914318,112.48985521469841,69.20361387047032
2003-04-01,100.55238107424414,82.84029920351095,108.38852374439803,124.34239952925013,103.52960030814657,84.64351014643123,62.73070306993729,98.70633360826899,117.1178123878329,128.20479066080756,114.72840333347092,70.03405723691596
2003-04-02,102.7645334578775,85.73142564571349,111.4017247044923,124.09371473019162,105.21713279316936,88.22393062562527,64.70672021664032,98.97284070901131,120.85387060300476,130.23042635324833,117.91785294614141,72.09305851968129
2003-04-03,102.00407591028922,85.66284050519691,110.6776134939131,122.03375906567044,104.1333963253997,88.44449045218933,63.43199782837251,98.28992810811913,120.98680986066807,129.65741247729403,117.0688444049292,72.28770977768443
2003-04-04,101.96327427992512,85.30305657507509,110.40091946017832,123.07104601772865,104.79985006188227,87.14435644254213,63.31782023228144,99.35145933168681,121.73692808180421,130.0852819384691,118.09905023569256,72.51180167799525
2003-04-07,102.48328697875273,86.35228417094851,111.30620699975178,121.74187872073719,104.69505021182037,87.64107927426463,63.685063589628676,99.05340495369175,122.36996010782961,128.77142059089059,118.28800871606968,73.32393385678881
2003-04-08,103.21091831630189,86.10186254685276,110.83872093035284,120.32967292757664,104.40190407122726,86.72961204981229,63.073686979168244,98.88501416527046,122.14969417963553,128.93882343765875,118.52458473350183,73.37526061048855
2003-04-09,102.4574786125929,85.7832856554294,109.83008856988663,120.24544215652733,103.32656445929362,84.82156058471642,62.21588483625155,98.73668664402257,120.10979428683561,127.39155755640684,117.0548798828064,72.36268201406382
2003-04-10,102.8058340398757,85.80044231256048,110.25842591530919,121.20740569377955,103.56421555755,85.3050434800493,62.26565754412054,99.25011741457149,122.0916058925684,127.26416599885042,117.80403111405637,72.6666052785229
2003-04-11,103.18621562582327,86.186544302967,109.79534052646488,120.33471237278432,103.58492840066151,84.92117078438909,62.097540268751416,98.94244205058632,120.94394479717828,126.43694891985791,117.9218351451704,72.5576053706051
2003-04-14,105.22930269521457,89.0393189193952,111.56304550894099,121.51399255403761,105.06619287679098,86.7554680733319,63.66860803755083,100.10006862257819,123.21769095936521,128.52315857703556,120.36281713267543,73.76931738029421
2003-04-15,105.76597213896018,89.05712678317907,111.77501529540797,121.65980934510246,106.02229523196978,87.14586767966189,63.46486849183067,101.2612294186001,124.75791209635727,127.82913352071957,121.96364260054003,74.72831850623803
2003-04-16,103.23816540483904,89.54694098048657,110.47842511798123,120.55270508006201,104.78183437775573,88.3049077198014,61.884593266384094,100.97769797622801,122.35008439289759,124.95297801650338,120.34152615395284,73.80168735676067
2003-04-17,105.09645238212613,90.2901805906246,112.06931443968016,122.16811132813486,105.48387266808668,90.31825961581286,62.88712367729951,101.73503071104975,124.478975861334,126.14003130766017,122.01427336749278,75.07107637929697
2003-04-21,104.5709701202155,91.33754668547586,112.32707386289142,122.25362900606453,105.66319525162243,90.22794135619705,62.39031540024885,102.03006230011178,123.94371626513028,126.64459143289079,121.80684910276804,74.7257494279522
2003-04-22,105.9722211198264,94.1690106327256,114.84320031742018,123.76957400573974,107.50173484900066,92.20393327189777,63.463428825133136,103.21361102279307,125.93921009699886,129.02550975182913,125.03473060399139,76.54158513905142
2003-04-23,106.23715167262597,95.75105001135539,114.83171599738844,123.39826528372251,107.82424005354765,92.92312395141857,67.05545889663568,103.2961819116113,125.42285933560117,130.7286464805533,126.07251886800452,77.66674644059547
2003-04-24,105.54661018675391,94.19988300117143,113.82119689661141,122.73191465119042,107.44685521336024,92.02176964908982,66.32455439466234,104.37046220349204,124.24388445784653,131.59145554732495,123.86624978781444,77.03764579442665
2003-04-25,103.66788052542968,92.17458551664626,112.2163180203692,121.54141507907387,105.96408861141586,90.08931248645892,65.39601063313708,103.7233653378304,123.63508942400307,129.69653858744348,122.50372104014848,76.40593709891236
2003-04-28,105.41986770630942,94.23007877366747,114.32598479915212,122.70821266383298,108.05158115706077,92.04425056741509,67.17478212235841,105.2584711448303,126.34269788238875,131.21398808891658,124.52503243731093,77.77360337298289
2003-04-29,106.0945548596298,94.99334241173418,114.49747377635087,120.68352715487973,108.4621771654576,92.96469307308925,67.57111333688033,104.89006649582339,127.74510182888328,131.88317942817008,124.50012743082345,77.87470905736778
2003-04-30,105.46859698595799,95.24032510200468,114.52037327110614,121.6248586666878,108.45133094774107,92.15590024335336,68.10492513224169,105.1208246421142,127.2852194622993,132.09419251525517,125.02302796603291,78.13169559725709
2003-05-01,105.35258152927342,94.04029700571942,113.76453880751683,122.3181203610879,107.97414509157102,92.7364824148865,68.01638872956978,103.84886266394462,126.49605110163304,132.75466347783143,125.0355302688295,77.60821323675546
2003-05-02,106.02683805106076,95.37566922320063,115.92606504485963,124.62993283591246,108.97830464092264,94.87869515867035,69.3087001154316,104.61734424765781,128.57058633969982,134.70615703095555,126.99858809405013,78.4541427610361
2003-05-05,105.5603199636361,95.18491788475423,115.84491679932822,124.26850603068831,108.82573501442536,95.16333124414635,68.22748439363086,105.0462753590732,128.26201693248456,134.43674471689363,126.8715895059561,78.23447116130518
2003-05-06,106.25701807539609,96.03206365392853,116.62107774188371,123.82113940897783,108.74955699991527,96.83820587404334,69.07350520011188,105.05677998660911,129.8652921441406,134.55773778713885,127.87387506305315,78.80558280078273
2003-05-07,107.30896255434253,95.55190333565889,116.27121450865805,124.65074104301796,108.43418328461551,95.55025773591856,68.50710245747096,104.92020617262652,128.8523428654163,133.844581776867,127.45189127534506,78.45883823645929
2003-05-08,106.579261608973,94.94992634464424,115.21314645662926,124.68813626533087,107.24140726848475,94.37498956576677,67.37673526692271,104.73134980151579,128.2338516196623,133.01474536985043,125.47638696057722,77.71347927321293
2003-05-09,108.31650357319927,95.38669600582959,117.07959942922666,125.78539186446575,108.19585579317426,96.76267680178069,68.771433686948,105.52730806000731,129.92653846104184,134.3714957726229,126.53038861104606,78.73929719961934
2003-05-12,109.4754901614325,96.76980309791412,118.7070058612929,126.3891617454152,108.71519590098148,98.22379322148755,70.00244234994437,105.93886456144135,132.2912014610328,136.11832521766698,128.0487532743786,79.49519445273569
2003-05-13,109.35506712225494,96.49884764923996,118.1728243349171,127.1854134644113,107.9759325688548,98.2336156008097,69.5894279400797,106.07658508537124,131.37839217095168,136.03665422253636,127.79265576782986,79.08181944158146
2003-05-14,109.30038958869382,96.01635341099376,117.97193053354773,126.75298305863232,108.06231331490987,97.87997458464677,69.57551005449169,106.59636035228954,129.59164603742676,136.4311605197817,127.56262898744777,78.91574762075415
2003-05-15,110.06549231581467,95.80511743348957,119.1516498388832,127.19661849933755,108.7431058887938,99.10347426695486,69.85381209470965,108.26992320982049,129.31950358074815,137.50896668788798,128.5703737564486,79.34189265790621
2003-05-16,109.08590943420391,94.78000267695123,118.52014609473713,127.4001330889365,108.56911691937174,98.3403775150993,70.24499344244003,109.98058799653568,128.27201560174407,136.8764254411237,128.77608635445893,78.6040130561877
2003-05-19,108.6495657964671,92.75171061966448,115.93640690987186,125.8203714386337,107.28800133972317,94.81979200005874,68.39755011490386,108.50684811738209,125.12935121950134,133.46820244763973,125.98164528056715,77.06337440028642
2003-05-20,109.3992478004627,92.24157621125633,115.65815953328817,126.24816070152505,107.32018774012508,94.68704429125867,68.43174888996131,109.13618783646291,125.70494623511107,131.50621987165943,125.98164528056715,77.15585044956677
2003-05-21,110.75579847318843,92.38916273319434,115.87791003640142,129.03824505302873,107.23433158993299,94.56395113368004,68.84918255819007,109.22349678673207,125.84322167596969,132.45306465473539,126.51076819074551,77.10184135425207
2003-05-22,112.69402494646926,93.25762086288637,117.12939146479455,129.18018712258709,107.71688608208767,95.58524180592377,70.21239637284224,110.88369393789041,127.4414305912545,134.17495449524694,126.7131854198507,77.93454124087799
2003-05-23,113.22368686371765,92.30639313008493,117.18795616052695,129.9294322078981,107.80305959095332,95.59480033010436,70.99877521221808,115.1527161544992,126.60031714935221,134.3225469451917,127.11866761319423,78.26965976821377
2003-05-27,114.10683162125463,95.40788793925579,119.71921601359435,132.57999262493922,109.34464334310397,98.6538339406677,71.92885916749815,116.74182363743128,128.73986250917625,136.80751406367776,129.3813798967091,79.8585338615085
2003-05-28,113.60476156212111,95.69411160307354,119.56358103277667,131.47957868615222,109.61800495146173,99.20629541073545,71.59798641532765,116.1464403368804,130.22037092803177,136.47917602992493,130.42936907387244,79.94637824875618
2003-05-29,114.01373870374476,95.3878904459437,119.04945763433572,129.9938594469987,108.8068317148209,100.06939018080882,71.61946581125224,114.27648264745662,129.76459962978367,135.33275095127354,129.67287873324398,80.0023407135303
2003-05-30,115.55292417624531,97.97290227702877,121.64473581076425,132.17775628570826,110.41717282420025,101.17015347279772,72.40011798859489,115.81921516319728,131.69809216426745,137.30860911516214,132.07182698980898,81.51438495301603
2003-06-02,116.3849052303143,99.72661722778759,122.37460422562883,133.05012947719393,110.36196423778814,100.70477076682285,73.41371964043523,116.62994966933967,132.42243167117093,136.69072037414392,132.9567082306407,82.23986297909786
2003-06-03,116.78061390809738,99.02853090719307,122.70501565703802,134.1145305130115,110.6930501305015,101.27878796019374,73.33296454883074,117.15478444285168,133.09778607269388,137.83892242528674,133.50183073438632,81.96847143126685
2003-06-04,117.8783516788335,100.30599895589584,124.87689443416761,135.36179564678253,111.54538661650636,103.45628190133792,74.7409574681683,118.59578829149875,134.86798662746074,139.9892096151212,135.57110911076933,83.24717958559461
2003-06-05,117.90192734916927,101.4193955443063,125.57620504299895,134.90156554158347,111.03227783807044,103.48731878590831,75.21182550021776,117.3979708297546,136.24364009106083,142.45301970434733,136.37097865452287,83.82990984269377
2003-06-06,117.57180195259158,101.48024718163289,125.58876266350325,134.6992131932711,110.48821967666389,102.45244559804922,74.54244025326582,116.47052686019954,135.7259142587148,142.59547272405166,136.2482447737338,83.98918667139488
2003-06-09,116.80758523989974,99.76523100426328,123.7551667286161,134.45675460952322,109.65955802908891,101.19228051719323,73.12613388845377,115.89982127858455,134.20578401901716,140.94136524045265,133.53690470273648,83.00651318733956
2003-06-10,117.37994240757523,101.64081734714343,124.68333047908074,135.23660378625846,110.02143457058492,102.63933012858908,73.6453294390618,116.37501054582675,135.85651516245107,142.01251961628012,134.8455663688233,83.92788548371904
2003-06-11,118.29550595835431,103.42969573245315,126.67826376674603,138.4552349563714,110.27448387009724,103.35780543948918,74.69845765004038,117.15472311648378,137.21508031407558,144.46933620564178,136.8547653077188,85.27912444000691
2003-06-12,118.52026741967518,103.92615827196892,127.13430551630631,137.70757668760703,111.07948760234896,103.74022931961528,75.37074376889073,118.32627034764862,136.8720426132904,144.59935860822682,136.62211220669568,85.67140841243094
2003-06-13,118.08174243022238,101.90999080149273,125.37985210018128,136.15148107103707,110.75735708830214,101.59280657269925,74.14220064545782,116.87085722237254,135.24326530619223,143.60162303383007,136.2942191373996,84.74615720157668
2003-06-16,120.03009118032104,103.90742662120198,127.87491115697489,136.53270521803594,112.56270200884147,104.05135249175856,75.49900291726969,119.04465516670865,138.48910367354085,147.8091505887213,139.27906253650866,86.50040265564931
2003-06-17,119.17787753294076,104.87376568877917,127.98999857701617,134.8123931322887,112.34883287502467,104.38431681973219,75.3857544128938,118.75894799430857,138.37831239060202,150.44015346920054,139.1258555677185,86.24090144768236
2003-06-18,119.29705541047369,103.64674263022044,127.84920957858144,134.1652936452537,111.61856546133701,105.77262823343463,75.55160307260216,119.1508525226898,138.07388010334273,149.40211641026306,138.08241165096064,85.86144148131257
2003-06-19,117.78198280676067,102.34079367307967,126.54514764087989,133.65546552940174,110.54702723290816,104.64086111133687,74.66764931665271,119.19851286369887,136.40318615409225,146.10032963759625,135.19648924745556,84.26441866976016
2003-06-20,117.39330226349836,103.03671107005661,126.46922055229537,133.32132686557824,110.71284777375755,103.98162368633545,75.55619434352089,119.16275330983976,136.3213442423998,147.03537174727686,135.42632327917624,84.23913934415923
2003-06-23,116.94720771489706,101.24387229743763,124.12953997207792,133.26799833483201,109.74964599812584,101.610842666287,74.26418342024668,117.9472932260794,134.4128454230062,144.16818199820497,133.4084710623165,83.18615010235725
2003-06-24,117.73075400658686,101.12237965068071,124.42745086801091,133.2146911354981,110.35326905111553,100.99101652602265,74.61322508232183,117.19243054943249,135.75697387723628,144.3411838166028,134.08885426473432,83.3358851725415
2003-06-25,116.50635416491836,100.51564537277665,123.76798537841044,133.09479791347616,109.20559505298392,100.3547731219087,73.78501828390806,117.11039584804787,135.29540016605367,143.74938496295476,133.32454779542536,82.40252325860902
2003-06-26,117.38015182115527,101.30971897122159,124.73337566436204,132.68220403994437,109.63149687369057,102.32172667509812,74.74422352159885,117.81305822313617,136.688942787764,146.1499996918361,134.36447926822967,83.4407950516675
2003-06-27,117.03974938087391,100.51950316324604,123.8228220220122,131.8728425953007,108.34880836026836,101.54408155236736,73.98183244167853,116.81164722823951,135.9371536024313,143.9285196965202,133.42392791335206,82.74823645273865
2003-06-30,117.4376845287689,100.33856805755221,123.85996886861881,130.8969835600955,108.2837990752522,101.50346391974642,73.90785060923686,117.03358935797317,136.2498090557169,142.9929843184928,132.91691698728133,82.85580916012722
2003-07-01,118.21277324665877,99.88704450129323,124.23154877522464,131.22422601899572,108.66279237201559,102.873760682663,74.41042399337967,116.67078523096346,136.83568323465647,143.75084713538084,134.53850337452616,83.1043765876076
2003-07-02,118.9929775500867,101.22553089761057,125.73475051540485,131.39481751282042,109.4016993601453,105.50732895613919,75.47449305648499,117.42914533496472,138.7376992316182,145.1308552678805,136.13951156468303,83.8440055392373
2003-07-03,118.23142249376617,101.03320238890512,124.81688683664241,130.8298197975153,108.70152848424037,104.24124100866553,74.89333945995006,116.4779692577515,137.6139238678421,144.44874024812145,135.3226744952949,83.40801671043326
2003-07-07,118.77528703723748,102.60932034617205,127.17592599785495,130.41116437416326,110.00594682605124,108.18155991879308,76.66831160515088,116.7575163839701,140.51757766145357,146.21101487914854,137.82614397345787,85.20128906970758
2003-07-08,118.88218479557098,103.91245871456843,127.93898155384207,129.74606743585502,109.67592898557311,109.49055679381048,76.6836452674719,116.09199854058146,142.7939624195691,146.26949928510018,138.69444868049067,85.34613126112609
2003-07-09,117.13461667907607,103.20585399530935,127.44001952578208,130.47264541349583,108.86432711107987,109.8847227982682,76.08551283438561,115.1052165529865,141.22322883295385,145.66979433803127,138.63897090101847,84.91940060482047
2003-07-10,117.24003783408723,102.67950413993327,125.88525128756754,128.81564281674443,108.04784465774677,107.43429347986681,74.64749664181572,112.99879109006685,139.34495988947558,144.48986900389323,136.82280038221512,83.94282749786503
2003-07-11,117.27520984543744,103.79871073505853,126.84197919735306,129.61429980220825,108.5016456053093,108.63755756684132,75.60298459883096,113.72198335304327,141.4072652958398,145.94921668083254,138.2731220662666,84.26181024235692
2003-07-14,117.04065942574657,104.8055582291886,127.08297895782803,128.3440796641466,108.68609840283834,109.96293576915679,75.89027594030652,113.5968891713549,142.22742743455566,146.62058307756436,140.69290170242627,84.63256220742328
2003-07-15,116.64272118369905,105.30862490868869,126.62548023357985,127.36866465869909,108.71870423235919,109.72101731046465,75.48805747782289,111.90429552270172,142.12786823535149,146.0634248618696,140.15826867595703,83.76931007290757
2003-07-16,116.09450039413566,104.44509418443744,126.71411806974334,126.4388734066906,108.40341999008534,109.30407744468486,74.37083422715111,110.36001624448843,141.50250561511595,144.9387364904332,139.05101835341696,83.33370966052844
2003-07-17,115.75782634299267,103.73486754398327,126.29596148011318,127.22279442181208,107.96980631012501,105.68611248126581,72.58593420569947,109.81925216489043,139.36581778032772,143.4603613782308,137.2294500129872,82.12537087045078
2003-07-18,116.57970691002795,104.64773437837032,128.06410494083477,129.79269486913267,109.98884168812432,106.41534665738652,73.43518963590616,111.4555590221473,140.57830039501656,144.67977444994574,138.75269690813138,83.29976367389823
2003-07-21,115.64706925474772,103.00476494862988,127.23168825871933,128.35199595608532,109.32890863799558,104.3721720015647,71.40837840195515,109.73914341320624,138.80701381003934,142.26362221663166,137.19866670276033,82.12523700609626
2003-07-22,116.27156342872338,103.65369496780626,129.25467210203297,128.80122794193161,110.36753327005655,106.3134944007938,72.50806742934527,111.44010013611094,139.87582781637667,142.3489803899616,138.21393683636077,82.96291442355844
2003-07-23,116.13203755260892,104.45182841905836,130.14652933953698,128.2473826617813,109.93709989030333,106.95137536719857,72.08026983151214,110.92747567548483,140.4493187104238,143.23154406837938,138.26922241109528,82.87165521769253
2003-07-24,115.67912260615374,103.61621379170589,129.24851828709419,127.00338304996201,110.34386715989746,105.42197069944763,71.96494139978171,111.0384031511603,139.24145456951416,142.0140759437982,137.7161455214509,82.81364505904014
2003-07-25,116.96316086708205,105.57456023236912,131.00629813579866,128.4004202635116,112.18660974146775,107.51986791636665,73.06600500319837,111.54917980565561,140.91235202434834,143.49102233361367,140.2088077553892,84.25460248306744
2003-07-28,116.26138190187956,105.40564093599734,131.20280758300237,128.25917980122173,111.7939566073726,107.44460400882518,73.73090564872749,110.99143390662734,141.44781896204086,143.40492772021352,139.9283901398784,84.43996260853018
2003-07-29,115.66844885417997,105.37401924371655,130.42871101826265,126.82267698744805,110.93314314149585,106.90738098878106,73.3180125770946,110.74725275203276,140.55669770258,142.83130800933264,139.1307983160811,83.80666288896622
2003-07-30,115.98075366608624,105.28972002832158,130.41566814716083,126.61976070426813,111.13282279915056,106.1055756313652,72.47485543245801,110.51468352125349,140.71131007005286,143.63116333418492,138.92210211860697,83.42115223967697
2003-07-31,115.45884027458885,107.01647143678605,131.23728685648794,127.48077507705713,111.52178767894758,107.16663138767886,72.6487950854959,110.70255848323963,140.73945233206686,143.70297891585201,138.75539559606466,84.22199530117787
2003-08-01,114.80072488502371,106.2887594310159,130.10864618952215,126.53741734148691,110.36196108708654,106.63079823074047,72.40178918220522,109.9497810855536,139.5431669872443,141.21691738060778,136.18842077753746,83.65770793265997
2003-08-04,115.04180640728225,106.3737904385607,130.30380915880644,126.28434250680394,110.69304697034778,106.66278747020968,72.85068027513489,109.8508262825766,140.0594767050971,141.4569861401548,136.24289614584845,83.55731868314078
2003-08-05,113.5922796465505,104.52288648492976,128.0886444031067,125.64029236001923,109.68574024291762,104.24154219463591,71.16782956077927,108.33488487987705,137.4823823337233,138.82588619794794,134.28099844134823,82.00315255563436
2003-08-06,113.67179424230306,104.72147996925112,127.66595187657647,127.16053989757548,110.16835749998646,102.99064368830027,71.3884498324177,109.20156395891607,137.75734709839077,138.47882148245307,135.1941092307494,81.92114940307873
2003-08-07,114.13784859869651,105.1717823331189,128.0872495177692,129.6147383175987,109.8488692632365,102.74346614344836,70.76737031887566,109.74757177871064,139.6446227536387,140.8191135655065,135.8971185987493,82.51098167878091
2003-08-08,114.58298620823145,105.39264307601846,128.61240724079207,130.30169643068197,110.57387180037385,102.24002315934545,70.97967242983229,110.23046109453696,141.41810946260992,140.69237636329757,136.68532188662206,82.98129427434996
2003-08-11,114.64027770133556,105.84583144124534,129.35835920278868,131.44835135927195,110.82819170551473,103.24197538630703,71.61848948170076,110.32966850952204,141.75751292532019,141.1003842547511,136.79467014413135,83.44598952228633
2003-08-12,115.31665533977345,106.99955100395488,130.97533869282353,132.39477948905872,111.62615468579445,104.95579217771973,72.61398648549641,111.488130028872,143.99728162954025,141.65067575334464,138.46356511988972,83.88825326675445
2003-08-13,114.70547706647265,107.91974714258889,131.53853264920266,132.12998993008063,111.13499960517694,104.98727891537305,71.8079712355074,111.07562394776518,143.83888461974774,139.62507109007183,137.43893473800256,83.38492374715393
2003-08-14,115.31341609492496,108.99894461401477,132.77499485610517,132.96240886664012,111.70178810316335,105.9846580650691,72.22445746867334,111.30888275805549,143.93957183898155,139.34582094789167,138.67588515064455,84.3021579083726
2003-08-15,115.42872951101988,109.09704366416739,133.10693234324543,132.7895577351135,111.60125649387052,106.15423351797321,72.09445344522973,111.46471519391676,144.54411804070529,139.77779299283014,138.35693061479807,84.66465718737861
2003-08-18,115.23250067085114,110.83168665842766,135.38306088631492,133.09497371790425,112.02534126854722,108.88239731938513,72.80097908899299,110.99656339010231,146.52437245786297,140.3928152819986,138.86885125807285,86.11242282528278
2003-08-19,114.80614041836898,111.9289203563461,136.47966367949408,132.52266533091725,112.10375900743519,110.43941560105235,73.28874564888925,111.02986235911933,146.83207364002448,140.0558725253218,139.146588960589,86.99076953810065
2003-08-20,114.73725673411796,112.20874265723695,136.30224011671075,133.03950372570782,111.9019722412218,109.86513063992689,73.36203439453813,112.206778900126,147.09637137257653,139.92982224004902,138.8543811237718,86.53841753650254
2003-08-21,114.74873045979137,113.6113519404524,137.81519498200626,133.90426049992493,112.13696638292836,110.91983589407019,73.73618076995028,112.58828194838644,148.1848845207336,139.71992750668895,138.67387042831086,87.71534001499897
2003-08-22,113.64714264737736,112.33890479871933,136.51973214917538,132.16350511342588,111.15016107875859,110.83110002535494,72.79235765609491,111.2372225650058,146.6141247448138,137.74987652884465,136.4966906625864,86.71538513882798
2003-08-25,114.37448436032058,111.74350860328613,135.80982954199968,132.52034657723212,111.12793104654284,110.54293916528901,72.17362261601811,111.87127473362632,147.02464429409926,138.30087603496003,136.51034033165263,86.31649436718936
2003-08-26,114.50029629311696,112.7156771281347,135.97280133745008,132.36132216133944,111.35018690863592,111.21725109419727,72.62109907623741,112.25163706772065,147.2157763316816,138.53598752421945,136.93352238668078,86.42007416043
2003-08-27,114.50029629311696,113.44832902946757,136.74784630507355,133.30108754868496,111.61742735721664,112.00689357696606,72.54121586725356,112.34143837737483,147.9665767909732,138.53598752421945,136.39948164937272,86.47192620492625
2003-08-28,115.24454821902222,114.19708800106206,137.85550386014464,135.0739920130825,112.30945540683139,112.99255424044337,72.91843018976328,112.46501395958994,149.5646158203157,139.00700988180182,137.20423859110403,87.09452407360173
2003-08-29,115.7861975956516,115.61313189227522,138.72399353446357,135.3846621947126,112.43299580777892,113.69310807673412,73.57469606147114,112.8361485056566,150.25261305308914,139.66034282824626,138.02746402265063,87.36451709822991
2003-09-02,117.07142438896337,118.08725291476992,139.76442348597203,136.23758556653925,113.73721855914916,116.00107817069183,74.20008097799365,114.65281049659768,152.0255938871156,141.99267055347798,139.87703204055418,88.81476808206052
2003-09-03,117.04801010408556,117.49681665019607,140.00202300589822,136.523684496229,114.32865209565675,117.25388981493529,74.70464152864399,115.37512320272624,152.05599900589303,141.4672976724301,140.53445409114477,89.76508610053857
2003-09-04,117.17676291520007,117.54381537685614,139.5680167345799,136.4554226539809,114.90029535613502,118.44987949104764,75.39939469486039,115.39819822736679,151.72147580808007,141.69364534870599,140.16906451050778,90.13312295355078
2003-09-05,116.3799609273767,116.52118418307748,138.5770838157644,135.69127228711858,114.16493346585577,117.79840515384687,74.96961814509969,115.00584435339374,149.61254729434773,141.55195170335728,139.41215156215102,89.4481112191038
2003-09-08,116.92694674373536,117.20865916975765,139.82427757010626,137.63165748082437,115.13533540031553,119.98945548970843,75.12705434320439,116.132901628057,149.67239231326548,144.68024983600148,140.5832136352731,90.03846875314987
2003-09-09,116.2955412313192,115.5442962095471,138.60780635524634,136.37920939774887,114.19122565003295,118.7655630437134,74.27811862912618,115.36642447731182,146.2448945292917,144.8972702107555,140.06305574482255,89.2821456156234
2003-09-10,116.49324365141244,113.12942041876755,135.586156176702,135.52002037854308,113.12924725148766,114.94131191370582,73.45363151234288,115.41257104710274,145.26505373594546,144.8972702107555,137.96210990865023,88.14826236630499
2003-09-11,117.08735919403466,113.6837545788195,136.44034896061518,135.43870836631592,113.57045131576847,116.30911352547892,73.3067242493182,115.32024099026505,146.74675728405208,145.56379765372495,138.6381242472026,89.00330051125815
2003-09-12,117.00539804259881,114.53638273816065,136.80873790280884,134.97821675787046,114.46765788116305,116.8906590931063,73.35070828386779,115.9890983880086,146.8641546898793,145.88403800856315,138.87380905842286,89.30591173299642
2003-09-15,116.61928022905825,114.2958563344105,136.60352479595463,134.16834745732322,113.86097929439288,116.10749167718248,72.55852063440202,115.42075180590734,147.62784829426673,145.5339163173426,138.48496239305928,89.01120222427754
2003-09-16,117.01578578183707,115.98743500815978,138.63891731541435,134.79893869037264,114.6238478556653,119.19595095579554,73.85006230169438,116.28640744445164,149.14841513169765,146.45077999014185,140.46529735528003,90.47098594075568
2003-09-17,118.25615311112455,115.58147898563122,137.86253937844805,132.41299747555303,113.61515799453545,118.77876512745027,73.84267729546421,115.69334676648495,148.67114020327622,146.36290952214776,140.28269246871815,90.19957298293342
2003-09-18,119.07212056759128,116.78352636708178,138.77243213834578,133.02209726394057,114.18323378450812,120.73861475205318,74.61802540706658,117.18579093977259,150.11325026324803,147.15326923356739,143.22862901056124,91.41726721820302
2003-09-19,118.8101619023426,116.12953861942611,138.4948872740691,133.44776797518517,114.04621390396672,120.87142722828045,73.77484171996673,117.51391115440396,149.69293316251094,145.99075840662218,143.08540038155067,91.14301541654841
2003-09-22,118.2279921090211,114.74759710985494,136.36206601004844,132.94066645687948,112.60923160877674,118.4781729691605,72.63870915747924,116.49154012736062,147.55232421828703,144.28266653326472,141.56869513750624,89.95815621613328
2003-09-23,118.97282845930795,115.67705264644476,136.59388152226552,133.73831045562073,113.12723407417711,119.99469358316574,71.91232206590445,117.00410290392101,149.24917594679735,145.10507773250433,142.3473229607625,90.67782146586234
2003-09-24,118.04484039732534,113.51389176195626,134.1078728785603,133.89879642816751,111.98464901002791,116.01086975620464,70.04260169219093,116.00956802923767,146.7716396260805,142.26101820894726,140.09823525798245,89.10002737235634
2003-09-25,117.85596865268961,112.5830778495082,132.41811368029045,133.36320124245483,111.36873344047275,114.58393605820334,69.76243128542217,115.85875559079967,146.0231042639875,140.7957297213951,139.15957708175398,88.05755705209977
2003-09-26,116.97204888779444,111.33340568537866,131.46470326179235,131.98956026965755,111.05690098683942,113.30059597435147,69.19735559201024,116.55390812434447,144.70889632561162,139.57080687281896,138.33853557697162,86.81594549766515
2003-09-29,117.48672590290074,111.76760596755165,132.89766852734587,132.7814976312755,112.43400655907622,115.4079870594744,69.63329893223991,117.85931189533714,144.9114887804675,140.6175879243651,139.76342249341442,87.71014973629111
2003-09-30,117.07552236224059,110.73934399265018,131.46237370725055,132.42298758767106,111.79313272168949,112.62665457134106,69.49403233437542,117.17572788634418,143.4189004460287,140.09730284904492,138.85496024720723,86.85936128384908
2003-10-01,119.24141952594202,113.03164841329803,134.43342335303439,134.89929745556051,113.40295383288182,115.19454229556763,70.98120462633106,118.46466089309395,147.11910807753623,142.38088888548438,142.3124487573627,88.98741563530338
2003-10-02,119.63491621037765,113.33683386401393,134.9173836771053,135.4793644346194,113.87924623897992,115.35581465478143,71.38579749270116,119.12806299409529,147.33978673965254,143.4202693743484,142.48322369587154,89.26327662377282
2003-10-03,120.17327333332435,115.27489372308854,136.99511138573274,136.34643236700097,115.06359039986532,118.75881118709748,72.28525854110919,119.43779595787993,149.24046998859404,142.48803762341515,143.3238747156772,89.7452983175412
2003-10-06,120.96641693732428,115.65530087237474,137.29650063078137,137.34176132328008,114.90250137330551,119.637626389882,72.77679829918873,119.7602780069662,150.40454565450509,142.24580795945533,144.14082080155654,90.25684651795119
2003-10-07,121.31721954644252,116.1410531360387,138.23011683507067,138.2344827718814,115.55744563113335,120.61865492627904,72.97329565459653,119.32914100614111,152.14923838409732,142.2742571210472,145.0056657263659,90.35612904912094
2003-10-08,120.83195066825677,116.1410531360387,138.2992318934882,137.26684139247823,115.48811116375465,120.06380911361813,71.8932908789085,118.8160256998147,151.22112802995434,141.42061157832094,144.68665326176787,89.6603868554427
2003-10-09,121.2186129103952,117.16309440363584,139.4609454413935,137.01976107797176,115.47656235263828,120.82021111103394,72.10897075154521,119.16059217434416,153.6104218528276,141.98629402463422,145.26539987481496,90.19834917657535
2003-10-10,120.97617568457441,117.11622916587439,139.34937668504037,138.1844290471345,115.49965766510881,121.30349195547807,72.44067201700233,118.91035493077804,152.6426761951548,141.40415021913321,145.1491875549151,89.51284172283339
2003-10-13,121.58105656299728,118.7675679971132,141.00763426759235,138.84771430656073,115.99630619306878,122.15261639916642,72.34649914338023,119.17195771162574,154.68808805616987,141.85664349983446,147.25385077446137,90.00516235230897
2003-10-14,121.95795783834258,119.58706421629329,141.62806785836975,139.05598587802058,116.37909400350593,122.48242846344415,72.36820309312324,119.55330797630295,155.58527896689566,142.63685503908357,148.16682464926302,90.49119022901144
2003-10-15,122.05552420461325,118.92933536310369,142.01046364158734,137.41512524465992,116.22780118130136,122.80088277744909,72.38991355405118,118.4295068813257,154.90070373944133,141.46723282776307,147.51489062080626,89.49578713649231
2003-10-16,122.2630185957611,118.81040602774058,142.1240720125006,138.6381198593374,116.77407184685347,122.88684339539331,72.9979888279052,118.78479540196966,155.3499157802857,142.1604222686191,148.0311927379791,90.06856017416585
2003-10-17,121.70060871022059,117.17082242455777,140.70283129237558,137.68151683230795,116.21355630198858,120.77318968899256,72.09281376643918,118.25026382266081,153.6255317151245,140.4544972013957,146.71371512261106,88.91568260393653
2003-10-20,122.34562193638476,117.59263738528618,141.44855629822516,137.46122640537627,116.34139121392077,122.01715354278917,72.5397892117911,118.58136456136425,154.08640831026986,140.72136074607835,146.87510020924594,89.41361042651857
2003-10-21,122.49243668270844,116.66365554994242,141.1656591856287,137.3375113016114,116.23668396182825,123.11530792467427,72.0247567083874,118.81852729048698,153.8706873386355,142.29743998643445,146.81635016916226,89.68185125779812
2003-10-22,121.54924492025158,114.84370252336333,139.40108844580837,135.20877987643644,114.98132777504048,120.70224788935067,71.96713690302067,118.68782691046744,151.7934330595639,138.04274653084005,144.95178252201387,88.27384619305069
2003-10-23,122.10837144688473,115.45237414673717,139.26168735736255,135.70905236197927,114.60188939338285,119.53143608482395,71.95994018933037,118.37923856050021,152.8408077476749,139.6440423905978,145.93745464316356,88.52984034701052
2003-10-24,122.02289558687191,115.1291074991263,138.816049957819,135.73619417245166,114.44144674823211,117.41572966612257,72.05348811157651,118.48577987520466,151.74035393189166,140.03504570929147,145.55801726109135,88.3793396184206
2003-10-27,121.80325437481554,116.26888566336766,139.7322358875406,135.46472178410676,115.02509812664812,118.44898808718445,72.62271066765797,118.60426565507984,153.0756690464923,139.89501066358216,145.7909100887091,88.80356044858901
2003-10-28,123.28925407818829,118.3035911624766,142.2613893571051,136.0201271434216,115.73825373503333,121.87216384290407,73.58859271953784,118.55682394881781,156.04533702599423,141.7276353032751,147.7153501018801,90.01128887068984
2003-10-29,123.58514828797593,119.29734132824139,143.72668166748326,135.9249130544212,116.45583090819053,122.22559311804848,73.82407621624037,118.79393759671547,156.31061409893843,140.96230607263743,148.2028107572163,90.71337692388121
2003-10-30,123.6716578917775,119.0468169114521,145.27892982949206,132.81223254547496,117.36418638927444,122.10336752493043,73.713340101916,119.09092244070725,156.16993454624938,140.03195485255802,148.08424850861053,91.00365973003764
2003-10-31,124.03030569966364,118.80872327762918,145.39515297335566,134.60519768483888,117.83364313483153,121.92021247364305,74.22196214861921,118.92419514929027,156.38857245461415,141.3062456417163,148.48407597958376,90.99455936406464
2003-11-03,124.81169662557153,119.6997887022114,147.27075044671193,134.497513526691,117.8572098634585,124.62684119055791,74.36298387670159,120.12532952029811,157.73351417772383,141.1084168978179,150.2213396685449,91.44953216088496
2003-11-04,124.43726153569482,119.86736840639452,148.09546664921353,133.67707869417816,117.71578121162234,123.94139356400986,73.42601027985516,119.00816395575933,156.99216666108853,139.810219462358,149.800719917473,91.12945879832188
2003-11-05,124.54925507107693,119.44783261697214,148.0658475558837,133.44982766039806,117.60983700853187,124.3751884414839,73.2571304562115,119.05576722134164,156.28570191111365,140.25761216463755,149.45617826166279,90.90163515132608
2003-11-06,125.43355478208159,119.57922523285083,149.17634141255286,133.67669236742074,118.08027635656599,125.64381536358704,73.33771329971334,118.98433376100883,157.50473038602033,141.0430547927595,150.1586222994926,91.31978267302217
2003-11-07,126.12343933338303,119.4476880850947,148.77356529073896,133.8772074059719,117.76145961040325,125.12867572059633,73.59439529626233,118.41320895895599,157.31572470955712,140.06985771468948,149.0924960811662,91.09148321633963
2003-11-10,125.77029370324956,117.83514429594592,146.765122159314,133.81026880226892,116.78403949563692,123.28928418750355,73.42512818708093,118.47241556343546,156.3246356438869,138.52908927982787,148.70485559135517,90.435624537182
2003-11-11,125.7954477619902,117.59947400735405,146.22209120732452,133.93069804419096,116.78403949563692,122.8084559791723,72.55871167447337,118.35394314787202,156.68418230586784,138.59835382446778,148.49666879352728,90.11909985130185
2003-11-12,127.43078858289607,120.22194227771803,148.57626687576243,134.50660004578097,117.94020148664373,125.69445469468286,72.99406394452022,118.78001734320436,157.84364525493126,141.13470369945554,149.56584480884067,91.76827937858067
2003-11-13,127.17592700573029,121.11158465057315,148.68027026257548,135.78441274621588,117.69252706352178,125.10369075761784,72.43930905854185,118.93443136575053,155.79167786661716,144.56427699935233,149.50601847091716,91.47462088456922
2003-11-14,126.76896403931195,119.86413532867223,146.89610701942456,135.4856870381742,117.23352620797405,122.55157546616245,72.38860154220087,118.72034938929217,154.52976527589757,145.72079121534716,147.86145226773706,90.59646452407735
2003-11-17,126.71825645369623,118.26994232880091,146.11755765222162,134.02244161816193,116.89354898197092,120.81134309454293,72.22934661880804,117.54501793033818,153.07718548230415,145.21076844609345,147.24043416821257,89.7267384646462
2003-11-18,125.91993143803795,117.47753371519794,144.4664292507515,133.05748003851116,115.98177929991155,119.16830882845714,71.13146055020215,115.85236967214132,151.68418309441515,144.6444464491537,145.91527026069866,89.85235589849671
2003-11-19,126.38583518435868,118.04142587703087,145.333227826256,133.54979271465365,116.53849184055112,120.58641170351578,71.42309953845798,117.2194276342726,152.60945661129108,145.71481535287742,146.81994493631498,91.01145128958731
2003-11-20,125.51377292158661,117.26235246624248,144.53389507321162,133.1090783986953,115.78099164358756,119.11525748073288,71.12312252039645,116.7505499237355,152.41106431769643,143.80595127175474,145.82156931074803,90.27425853414167
2003-11-21,125.95307112681218,117.5086034064216,145.0542170954752,132.6431966242999,115.89677263523113,119.80612597412114,71.89125224361673,116.98405102358298,152.95974414924015,142.09466045162085,146.66733441275036,90.15690199804727
2003-11-24,127.23779245230567,120.14079612272543,147.44761167755053,133.53190604168267,117.36866164769854,123.19663933918878,72.75394727054014,118.61012933281079,156.41663436701296,144.75183060206615,148.39800895882084,91.60842812021583
2003-11-25,127.69584850513398,121.49838711891223,148.65668209330642,134.50668895578696,118.40150587019829,122.76545110150164,73.48876213797259,119.30992909587437,157.0266592410443,144.10044736435688,149.11031940182315,92.2313654314333
2003-11-26,128.48756276586582,121.78998324799761,148.90939845286505,135.73069982528466,118.67382933369974,123.57570307877153,73.85620594866245,119.97806469881127,156.72830858848633,144.1148574090933,150.0646254459948,92.3789356161236
2003-11-28,128.44901649703607,122.43547015921202,149.31145382868777,135.4728114956166,118.78063578010006,124.1812240238575,73.76757850152406,120.06204934410043,157.2298391759695,143.85545066575693,149.94457374563802,92.50826612598617
2003-12-01,129.50229843231176,123.86796516007479,151.68550594456391,136.81399232942323,120.90680916056384,125.67139871214378,73.97412772132832,120.96251471418118,157.68580570957977,146.4160776876074,151.56397514209087,93.78488019852479
2003-12-02,129.15264222654451,123.17430455517837,151.13943812316347,137.3886110972068,120.62872349949455,125.06817599832549,73.6338467338102,120.93832221123834,155.30475004336512,146.50392733421995,151.39725476943457,94.15064123129903
2003-12-03,128.98474379165,124.62776134892948,151.29057756128663,137.29243906943873,120.91823243589334,124.10515104313838,73.34667473154835,120.69644556681587,154.1865558430529,146.45997615601968,151.00362190703405,93.61398257628063
2003-12-04,128.92025141975418,124.85209131935756,152.15293385338597,140.18930953380388,121.74047641645743,125.0111186457533,74.23416949580009,121.29992779464993,153.2768551635789,146.5478521417133,151.12442480455965,92.93996190173142
2003-12-05,128.55927471577886,123.80333375227495,150.98135626271488,140.38557456715122,120.97351141503374,122.87342851691092,73.77391764492613,121.26353781631154,152.20391717743382,145.80045809579053,149.91542940612317,92.40091012270138
2003-12-08,129.42062185637457,125.37563609092884,152.64215118160473,142.33693405363462,121.42111340726937,123.22976145960996,73.88457852139352,122.20939341127877,152.44744344491772,146.73358102760358,151.33962598548135,93.13087731267072
2003-12-09,128.57938781430815,126.26580310717443,151.68050562916062,142.66430900195797,121.615387188721,120.35850801760104,73.67770170153362,121.15839262794177,150.6333188679232,146.0732799129794,149.7959618004294,92.66522292610736
2003-12-10,128.37366079380524,125.67235383257072,150.67941429200815,142.69284186375836,121.04379486893401,120.69551184005032,74.11240014157266,121.20685598499294,149.71445562282886,145.0945889375624,149.07694118378737,92.1833637668916
2003-12-11,129.4648369105526,127.98472514309,152.96974138924668,143.4063060730771,121.29798683815878,123.19390893513935,75.03139390332817,121.9219764353044,151.57091487255192,146.9953280526445,150.68697214857224,93.95328435121593
2003-12-12,129.96974977450375,128.9190136366346,154.0405295789714,144.62525967469827,122.4503177131213,123.5018937074772,75.15894727296381,122.15362819053148,151.07073085347253,147.15702291350243,151.3047887343814,94.30091150331543
2003-12-15,130.3466620488498,128.7772027216343,153.11628640149755,143.1211569740814,122.40133758603604,121.71111624871878,75.0086293784179,122.03147456234096,148.32124355193932,146.64197333330517,150.30617712873448,94.02743885995581
2003-12-16,131.23301935078194,128.71281412027346,153.82062131894443,145.41109548566672,123.13574561155225,122.05190737421519,75.24115612949099,122.49519416567787,148.30641142758412,147.27253381863838,151.4334734572,94.49757605425559
2003-12-17,130.734333877249,129.88410072876798,154.66663473619863,146.95245309781478,122.95104199313494,121.62472569840543,75.48192782910536,123.0831710976731,149.96744323557309,147.72907867347618,151.13060651028562,94.68657120636409
2003-12-18,131.61025391422655,131.9362695202825,157.18770088239867,150.20010231127648,123.55350209890128,124.17884493807195,76.3650663847059,124.30169449154008,151.7220623214293,148.91091130286398,152.47566890822714,95.59556228994519
2003-12-19,131.62341493961796,132.67511262959607,157.53351382433993,150.30524238289436,122.40445452938151,123.62004013585062,76.57125206394461,124.74918059170963,151.17586289707214,148.88112912060342,152.7958678129344,95.60512184617419
2003-12-22,131.68922664708776,136.36348076069885,158.478714907286,150.07978451932001,123.46937328378714,124.07743428435327,76.9923939502963,125.62242485585158,151.65962565834278,148.74713610439485,153.43761045774872,96.04490540666657
2003-12-23,131.67605772442306,135.77711779342786,158.81152020859128,149.89968877789684,123.91386302760876,125.2065389363409,77.41585211702294,126.22541249515966,152.16010242301533,149.327249935202,153.82120448389307,96.27541317964257
2003-12-24,131.14935349352535,136.0758274525734,158.08098721563175,150.81407687944198,123.70320946046182,124.95612585846823,77.19134614588357,126.11180962391401,151.23192579823493,149.68563533504647,153.57509055671883,95.90956660955993
2003-12-26,131.39853726516307,136.13025778355444,158.60265447344335,151.55306585615125,123.97535652127485,125.26851617311439,77.3071331651024,126.16225434776358,151.88222307916732,149.79041527978097,153.74402315633125,95.95752139286469
2003-12-29,132.41030600210482,137.70936877384366,160.61690818525608,153.6293428583805,125.50025340648652,127.29786613511884,78.49766301584498,127.15893615711092,153.71999797842523,151.48304697244254,155.81956746894173,97.06103288888265
2003-12-30,132.66188558350882,137.29624066752214,160.21536591479293,153.96732741266896,125.17395274762964,127.10691933591617,78.88230156462261,127.5912765400451,153.84297397680797,151.72541984759843,156.17795247412027,96.769849790216
2003-12-31,132.92720935467582,137.02164818618712,160.15127976842703,153.89034374896264,125.39926586257538,126.86541618917792,79.3871482946362,127.10642968919292,153.889126869001,151.9681805193546,156.13109908837802,96.77952677519502
2004-01-02,132.38220779632167,136.5694767471727,159.03022081004804,153.15167009896763,124.5089310749511,127.2079528128887,79.76026789162098,127.11914033216185,151.71929018014808,152.84959596636688,155.58464024156874,96.88598425464775
2004-01-05,133.1765010430996,139.53303439258636,161.54289829884678,156.44443100609544,125.79137306502308,130.48991799546124,81.40332941018838,126.99202119182968,152.2199638377426,153.75140858256844,156.51814808301813,97.80640110506691
2004-01-06,133.0433245420565,139.53303439258636,161.31673824122842,155.7247866234674,125.06178310124594,131.272857503434,81.75336372665218,126.57294752189665,154.1074913893306,153.70528315999368,156.73727349033436,97.76727854462489
2004-01-07,132.00558661062846,141.43068366032554,161.54258167476613,154.47898833047967,124.66158539532195,132.51994964971664,82.12125386342211,127.33238520702803,154.36947412469246,155.01177806685362,157.11344294671116,97.96281310171415
2004-01-08,131.76797655472933,141.78426036947636,162.96415639350408,154.60257152114403,125.74614118826123,134.71978081390193,83.16419378748758,127.48518406927647,153.38150949029443,154.37622977677952,157.36482445542592,98.44283088591254
2004-01-09,130.7928935282243,139.84181600241453,161.69303597363472,154.1233035494285,124.4761051622598,133.49383080849543,81.78366817061529,126.98799185140628,152.23114816911723,153.35734666025274,156.8297840522775,97.65528823882524
2004-01-12,131.32914439169002,140.1354838160196,162.08109925997144,155.20216667427448,125.14827613013601,135.45619012138027,82.41340241552902,126.69591947014804,152.3833793172863,153.5567112109111,157.4100542532709,98.29981314120147
2004-01-13,130.77756198524492,139.99534833220358,161.2869018735976,155.03144429093277,124.6852275084545,133.92553517300868,82.0507834449007,126.60723232651894,152.77957610351126,152.98855137943073,156.6544859928552,97.64120439315542
2004-01-14,131.62761613814902,141.18530879302727,162.78687006102206,155.09345686864913,125.20890546399002,135.06390222197925,83.00257253286155,127.68339380129434,154.15459228844284,153.92178154284525,158.11137271258877,98.48091875093655
2004-01-15,131.49598852201086,140.93117523719982,163.1775585491685,152.68950828718505,124.87084141923724,135.64467700153378,82.53775812667752,127.07051351104812,154.7712106575966,154.0603111462338,159.23396345884817,98.31350118905996
2004-01-16,131.32504373693226,141.1989444701505,164.8093341346602,153.65145218939432,125.00819934479841,138.15410352606216,82.56251945411552,127.24841222996359,154.95693611038573,154.55330414190175,159.9345928980671,99.74887830642022
2004-01-20,131.49576629379027,141.07186542012738,163.45789759475596,156.46327376446024,124.55816982715713,138.58238124699295,83.18999460196682,128.2918492102493,154.13566434900068,154.58421480273014,160.14250786883463,99.75885319425088
2004-01-21,132.06119808885356,142.66597749937483,164.20980392369185,157.9027358830933,124.91938851965587,137.30742333952062,83.53939257929507,130.12642265395587,155.75408882466516,156.85660276033028,162.14428921719502,100.85620057938762
2004-01-22,131.95554913038248,143.40784058237156,163.25738706093443,157.12901247726614,123.89504953379469,135.7146572287822,83.39737561191026,130.0743720848943,155.9254183223723,156.84091710005424,162.2740046485688,100.48303263724388
2004-01-23,132.483371326904,141.65826492726663,162.0982596128018,157.4589834034684,122.65609903845673,135.5789425715534,83.2722795484924,129.73617871747356,156.76741558131314,156.58997163269416,161.88454703741223,100.27201826870566
2004-01-26,133.25177488060004,142.50821451683024,163.91376012046518,158.67141757567512,124.14023783682207,138.10071090338428,83.8302038214673,129.10047144175795,157.72369681635917,158.89184421569473,163.77859623774995,101.3449288641808
2004-01-27,132.87866991093435,141.80992426569776,162.17627426318825,157.6559205031908,123.71816102817688,135.65632832039435,82.49730358070596,128.59697960313508,156.66694804768954,157.35059332680248,162.45198960822418,100.9496836416105
2004-01-28,132.3737309652728,138.9311828031041,159.32197183615614,155.590627944599,123.43360925781208,133.60791776275641,80.88035643052413,129.17566601134916,153.4082755282976,155.7456172748691,160.04770016202247,98.80955034840837
2004-01-29,133.45919555918803,137.40293979226996,158.3501078079556,156.07295889122724,124.8160656814996,132.64594075486457,81.17961374931707,129.74403894179912,154.78895000805227,157.61456468216753,160.79992435278393,98.85895512358256
2004-01-30,133.01878021384272,135.97394921843036,158.77765309903705,154.23129797631077,125.00328978002184,132.56635319041163,80.69253606682116,129.5364484794922,154.5877243730418,156.68463875054272,161.41096406532452,98.36466034796464
2004-02-02,133.63066660282638,134.64140451608972,158.30132013973994,154.32383675509652,124.7532832004618,132.2084240367975,81.66084649962302,129.4587266104045,155.3452042224697,158.64319673492452,162.02432572877274,98.1876039593383
2004-02-03,133.7776603360895,133.73930710583193,157.90556683939062,153.61394710602306,124.7782338571019,132.40673667285273,80.89323454252657,130.0671826254734,155.6403601104924,159.57919159566057,162.15394518935574,97.59847833558229
2004-02-04,133.55023831351815,133.27121953096153,156.59495063462367,152.5232880815703,125.5393810836302,128.63314467767643,79.72837196511419,128.45434956091754,155.56253993043714,159.73877078725621,160.8891444168788,96.86648974806542
2004-02-05,134.63199524385766,135.003745384864,157.84771023970066,151.65390533950534,126.1921858652651,129.07049736958052,79.99147559259907,127.68362346355204,156.82259650387365,159.14773733534335,160.76043310134526,97.61236171912553
2004-02-06,135.76290400390604,136.9207985693291,160.38905837455982,152.7003172863479,127.10076960349504,131.96167651065912,81.01536648018434,128.82000771237765,159.47289838478912,160.54823742389436,162.99500312145398,98.67633646186398
2004-02-09,136.29237932952128,137.15356392689694,159.92393010527363,154.59380122069862,127.20245021917782,131.4998106428718,81.08017877336847,129.27087773937097,159.21774174737345,159.5688931756086,162.79940911770822,98.56779249175594
2004-02-10,137.12376284343136,137.61988604424843,160.80351172085264,156.448926835347,127.57133732481343,132.27565952566476,82.22340929407297,130.3955343757035,160.0138304561103,160.3986514201218,163.51572651782612,98.51850859551006
2004-02-11,137.61740838966773,139.50527848305464,163.05476088494459,158.78001584519367,129.02565057031632,133.3603199337752,83.03742104608429,130.9171165132063,161.2939410997592,161.82619941776088,165.64143096255785,99.88791586498765
2004-02-12,137.35593531372734,138.9333068412741,162.7286513631747,159.0181858689615,128.52245053309207,132.24009324633147,82.00775702511285,130.44581489375878,161.0842589763295,160.83905960131253,165.22732738515145,99.33853232773022
2004-02-13,136.75156919834694,137.68290707970263,161.4268221522693,158.636542222876,127.67420235957367,131.1689484910362,81.0974709221341,129.85880872673687,159.77947647862123,160.03486430330597,165.09514552324333,98.56369177557393
2004-02-17,137.76353081041472,139.01843127837574,163.20251719594424,160.09599841132643,128.91264212246153,132.66427450383404,82.7924080644067,131.1833685757496,161.8725876204912,160.75502119267082,166.38288765832462,99.49019047826432
2004-02-18,137.5844382203612,137.94798935753226,162.95771342015033,158.36696162848412,128.71927315927786,132.33261381757444,81.94792550214976,131.20960524946474,161.40315711639178,159.85479307399186,165.83382412905218,98.88330031634692
2004-02-19,137.4330953383188,137.9341945585965,162.5014318225739,158.36696162848412,128.83512050512118,130.4534907013649,80.85801809297116,130.4879524205927,161.4192974321034,158.75179500178132,165.43582295114246,98.47787878504988
2004-02-20,137.5980150527248,136.85830784103945,161.70517480664327,158.4936551977869,128.38419758335326,129.65772440808655,80.43755639888771,129.50929277743825,162.3232454977232,158.21203889877526,165.0222333937646,98.05442390627418
2004-02-23,137.84569147981972,135.20232231616288,160.4762154781128,159.8408512669681,128.75651175634496,127.25905650653698,79.78601219205672,129.67765485804895,161.8687404103296,157.27858786927249,164.87371338371022,98.00539669432105
2004-02-24,137.611353804304,134.51279047235045,159.72197726536567,159.61707407519432,127.86809182522619,127.19542697828372,80.01739162741369,129.36642848638965,161.8687404103296,157.6246007625849,164.39557961489746,97.79958536126297
2004-02-25,137.73520402272788,135.13154930852323,161.06364187439473,160.63862334927558,128.72480804045517,128.42922261997307,80.12141423652932,130.38842327143212,162.88851347491467,158.11323702494892,165.36551353462536,97.69200581736558
2004-02-26,138.05199499198017,135.56397026631052,161.06364187439473,160.89564514663442,128.6475731556309,129.09705457759694,80.44991203489909,130.8578215952093,163.5889340828568,158.4927087938088,165.5804887022204,98.09254304121679
2004-02-27,138.67322896944404,135.97066217710946,161.2408118804566,161.23352600144233,128.6475731556309,128.6323051811176,80.34532714925372,132.25800028627802,163.99790641806393,158.09647702182428,166.07723016832705,98.38682067034043
2004-03-01,139.82421676989043,138.05101330841921,163.36919059727862,164.08735941166788,130.29426209202296,130.3045251484721,81.28536747689999,133.40864488876863,166.12987920149877,159.09248482706178,167.14012444140434,99.3608501949768
2004-03-02,139.39076169790377,137.63686026849396,162.29095393933656,162.51212076131586,128.87405463521992,129.20996713722494,82.01693578419209,133.10180500552445,164.717775228286,158.02656517872043,166.30442381919732,98.63551598855348
2004-03-03,139.50227430726207,136.93491228112464,161.82031017291249,162.4958695492397,129.04159090624572,128.58975929496626,81.90211207409422,133.16835590802722,165.64019476956443,158.97472456979278,167.11931549591137,98.86237767532715
2004-03-04,139.08376748434029,136.81167086007162,162.11158673122375,161.92713400581738,129.01578258806447,129.73420815269142,82.62285066034624,133.5145936333881,166.33588358759658,159.96036786212548,167.60396151084947,99.6631629344973
2004-03-05,139.95999521949162,138.4670920774785,162.25748715928182,164.32365558910348,128.89966838373522,129.09851053274323,82.05275299078986,134.43584432945846,166.51885305954298,160.5842132967878,168.69338726067,99.86248926036629
2004-03-08,139.54011523383315,136.40393240552407,160.66736378512087,164.70159999695838,128.719208847998,126.07760538627706,81.58505229874235,134.03253679647008,165.40317674404403,160.24698644886453,167.93426701799697,98.60422189568568
2004-03-09,139.8471034873476,134.54883892480893,159.09282362002668,164.2404355169669,127.8053024651772,125.1446311064186,81.25055358431752,133.79127823023643,164.32805609520776,158.66054128302076,166.89307456248542,97.82524854270976
2004-03-10,139.4415468872343,131.1312984161188,155.92687642998814,161.89179728907428,127.76696087443766,123.30500502915424,79.56866712512213,132.35971155317287,161.4358823079321,155.61425889038676,164.6233287484356,96.17200184233796
2004-03-11,137.1268172089062,129.0463107713025,153.61915865882432,158.4273128270881,126.04210690263275,122.04729397785687,78.26374098427013,130.63903530298163,159.74080554369883,152.92213221158306,162.18690348295874,95.0179378202299
2004-03-12,137.04454111858087,131.66595087995995,156.3535796829514,161.05720622001775,127.00002691509277,124.78115336296088,79.48465534362474,131.68414758540547,161.60977296856012,154.00787935028532,164.29533322823718,96.29117818702099
2004-03-15,135.34518880871047,129.1642978132407,154.02391134567543,160.41297739513766,124.587026403706,122.03596798897574,77.9903438231646,131.4076108754761,159.13714344214117,151.75936431177118,162.0116280963647,94.58682433311071
2004-03-16,135.6564827429705,130.1846957659653,154.96345720488404,160.70172075444893,125.29717245420713,122.42648308654047,78.10732933889935,131.84125599136522,159.42359030033703,152.32087395972474,163.27531879551634,95.11651054937613
2004-03-17,137.25722923933756,133.06177754239312,157.62882866880807,162.46943968274786,126.86338710988471,124.38530681592512,78.95869922869335,134.00345258962358,161.1294227165506,152.77783658160388,165.18564002542388,96.54325820761677
2004-03-18,137.24350351641363,132.43638718794386,157.25051948000294,163.54173798465396,126.69846470664187,123.37778583071612,78.93501161892473,133.3870367077113,161.33889096608215,152.19728080259378,165.18564002542388,96.3598260170223
2004-03-19,136.4886642470734,130.55579048987508,155.91389006442293,160.54892417953482,126.21701054075662,121.55179460042152,78.69031308290607,132.89350467189277,160.33858984209243,150.31003452064164,163.48422793316203,95.5022235654708
2004-03-22,134.72796047828612,128.37550878869416,153.5439989354437,158.7186664438881,124.57618940372679,119.71636250195515,77.22667325956402,131.45825482143633,158.46262834093997,148.1455700235444,161.52241719796407,93.6781310953703
2004-03-23,134.7683788664296,128.093082669359,153.69754293437913,158.00443244489065,124.58864702266716,119.46495814070104,76.70925454872494,131.47140064691848,158.3992432896036,148.41223204958675,161.4578082310849,93.64065984293217
2004-03-24,134.53927262235666,127.61913826348238,153.3132990770432,154.87594468248182,124.36438745802636,120.40873131001257,76.31036642507158,131.14272214530118,158.4309231382615,147.72953578215865,160.23072888852863,93.7249364367908
2004-03-25,135.61558680333553,129.85247318309334,156.70152298664587,154.65911835992634,127.3988785120022,124.24976983880198,77.54659436115773,131.52303603952254,161.86887417036178,149.20683113998027,162.10542841652443,95.61818015281396
2004-03-26,135.43928654049117,130.30695683923418,157.07760664181382,156.34490275004953,126.81284367084697,123.83974559833395,77.631895614955,131.74662520078974,161.54513642202107,149.02778294261228,162.0405862451578,96.08670923556275
2004-03-29,137.36252440936616,132.6003592796047,158.88399911819465,157.58002748177492,128.76576146337803,125.89548537526629,78.22966121119016,132.68202623971536,163.70984125007615,151.4420330262826,164.17952198359393,97.27818443008373
2004-03-30,138.13175454605863,134.32416395023955,160.07562911158112,160.1800979352242,129.55123260830464,126.17245544309188,78.51911095767157,133.46485019452967,164.23371274207642,151.59347505930884,164.9183298325201,97.83267008133521
2004-03-31,138.5599629851514,134.10924528791915,160.29973499233736,161.26932260118372,129.09780329417558,125.41542071043332,78.73111255725728,133.78516583499652,164.46363993991534,151.9118213569334,164.86885433357034,97.86201988235959
2004-04-01,139.59916270754005,134.3506419294374,160.66842438281975,160.1081834784552,130.04021725822307,126.8200734223902,79.21924545511227,134.761797545592,163.39462628030589,153.47651311690979,166.468082220606,98.53726781954786
2004-04-02,140.07379986074568,135.77475873388943,163.27125285782142,161.11686503436945,131.37963149598275,129.939847228581,79.97182828693585,134.26317889467333,164.19525994907934,155.59448899792315,165.9520311657221,99.63103149234486
2004-04-05,140.60608030021652,138.73464847428824,164.65905850711292,162.34135320863066,131.57670094322674,131.3302035939268,80.93149022637908,134.49142629879427,165.80437349658033,157.10375554120301,166.93114814959986,100.2188545781497
2004-04-06,141.07008036520725,138.74852193913566,164.85664937732145,162.09784117881773,132.16879609747124,129.67544302864334,81.07716690878655,134.41073144301498,165.80437349658033,156.28681601238875,166.73083077182034,100.12865760902936
2004-04-07,140.84436823662293,137.01416541489647,163.66968150180475,162.19509988352502,131.21718076556945,128.85848773756288,80.20964122286254,133.52362061549107,164.44477763390836,155.81795556435162,166.13059978104175,99.72814297859324
2004-04-08,140.8866215470939,136.329094587822,163.22777336174988,163.9305874522787,130.9547464040383,129.2708348983231,80.14547350988424,133.1764592018908,162.4549958245381,155.1479383554249,165.8315647014359,99.50874106404032
2004-04-12,140.7316462633921,137.3242969783131,164.63153221266091,166.83215885018404,132.00238437527062,129.81377240489604,80.64237544564553,131.1388593761019,163.6896537928046,155.7995596965177,166.66072252494305,99.85702165776448
2004-04-13,139.71837841029568,135.19577037514924,162.14559607624975,165.33066942053242,130.47115671651744,127.98339821398702,79.57789608976302,128.79147379326966,161.03788140136115,154.19482423164357,163.2775098576867,98.17942369391403
2004-04-14,140.2493082482548,135.75007303368736,161.67537384762863,166.19038890151919,131.05827692174176,127.71463307773763,79.76888304037844,128.27630789809658,160.87684351995978,155.44380230791987,161.4488017472806,97.63943686359751
2004-04-15,140.13710880165618,135.11204769042902,161.75621153455242,168.23453068500785,131.77909744481136,125.91385675134153,79.49766883804115,129.23838020733228,161.68122773755957,158.6925777761554,160.20564597382656,97.75660418783383
2004-04-16,140.93589032182564,136.36858973395002,163.163490574903,169.3617020405974,132.20079055663476,124.80581481192972,79.49766883804115,129.8716482703482,163.1363587871976,159.5019099228138,161.88780525655173,98.56798400259285
2004-04-19,141.9506287321428,137.2004381313271,162.77189819752326,169.37863821080148,132.41231182152538,126.09131470449259,80.2051980906997,129.46904616071012,162.85902697725936,159.88471450662857,161.45070818235902,98.58769759939337
2004-04-20,140.81502370228566,136.98091743031696,160.2977653449209,165.56761885105846,130.58502191838832,123.26686925511197,79.62772066444667,128.4203468868084,161.71901378841852,157.39051296032517,158.98051234716894,97.15817598420216
2004-04-21,141.09665374969026,139.85751669635363,160.73056931135216,165.63384589859888,130.3369103767434,124.86933855542841,80.0975242163669,128.51024112962915,162.65698406839135,159.16902575677685,159.1394928595161,98.10061029124894
2004-04-22,142.43707196031232,143.39591186877138,164.49166463323783,167.96928312576912,132.53960416211032,127.20439518641491,80.52204109471364,130.1937252884273,164.99924463897617,160.09220610616617,161.59024104955267,99.6211697507633
2004-04-23,142.1521978163917,143.09478045384697,164.7384021301877,167.19662442339057,132.2745249537861,128.80717056576373,80.31268378786739,130.24580277854264,165.18074380807906,159.67596637029013,160.91156203714453,98.94374579645812
2004-04-26,141.48408248665464,142.32206863939618,163.93118395974977,167.99916822062283,132.51261909870294,127.32588810425747,80.37693393489768,131.02727759521392,163.87581593199522,160.64998976514892,160.4127361948294,98.42923831831654
2004-04-27,141.75290224337928,143.1190722237768,164.66887428756866,170.7711544962631,132.85715190835955,126.68925866373617,80.12776543969949,130.97486668417585,164.6460322668756,160.82670475389057,160.7816854880775,98.48829586130752
2004-04-28,140.30702264049683,139.98476454207608,161.7377683252499,168.65359218050943,130.55872318034494,124.0287842317977,79.63097329397335,130.71291695080748,162.63735067321971,158.97719764922084,158.41819471140275,96.8829366387682
2004-04-29,140.29299193823277,137.66101745067763,159.71604622118429,165.0612706670646,130.85900824365973,121.78386323720216,79.36819108210325,129.1443619473978,160.8646035508816,157.88025498544124,158.14888378039336,96.43727513022986
2004-04-30,140.5034314261401,137.42699372101146,158.869551176212,165.53994835199907,130.8720941444841,119.26293726819206,78.37608869357697,128.98938871306095,160.01202115206195,157.23294594000092,157.6744371290522,95.81043284188337
2004-05-03,141.51505613240835,138.63635126575636,159.9022032588574,169.82743301431586,131.76202438466657,120.06199894788894,78.67391783061257,129.62143671775493,160.6200668324398,159.16691117506295,158.76239074524264,97.0176442956911
2004-05-04,141.01975343594492,138.46998764423745,160.46186097026342,169.38588168847863,132.05190083831283,121.25061273747303,78.81553088270768,130.12696032095417,160.34701271882463,159.02366095500537,159.11166800488218,97.0467495889798
2004-05-05,141.42871072090915,137.87456669736724,160.22116817880803,170.6054600366357,131.9858748878937,121.66286482078046,78.95739883829654,129.56741439157406,160.76391495189358,160.0414123851174,159.50944717489438,97.19231971336328
2004-05-06,141.25899626804406,135.268737386787,158.89133248292393,169.54770618440858,131.80109466305063,120.83555733999916,78.08097171119145,129.6192413573307,157.91839365724505,159.44925915929247,157.834597979558,96.67720041888245
2004-05-07,139.88878400424403,131.4676858662183,156.11073416447277,166.34325453752325,129.32323408338527,120.54555200238318,76.94879762137917,126.22321723376864,154.7916094628316,157.9982709009429,154.70947293956274,94.59864060987648
2004-05-10,138.36399625859775,128.7200112316143,153.72223993175632,161.15334499595252,127.7196259807513,119.78611502476816,75.5329397451458,124.24151272319845,154.7142136581002,155.5650975290684,152.55901126570282,93.47291678661895
2004-05-11,138.30865066009432,130.8953794214286,155.24409010708072,164.39252723037117,128.86910261457805,121.88237203770163,76.6206140774759,124.16696781556453,155.24024198453773,156.14068838992597,153.8099951580816,94.42634053784246
2004-05-12,136.59362339190918,130.97391664908145,156.1289814206911,165.60903193187593,128.55981676830305,121.3217131263282,76.58230377043716,124.08005093809365,155.36443417812535,156.59349638625673,154.97895112128302,94.5207668783803
2004-05-13,135.81503973857528,130.607189682464,155.89478794856007,164.8306694817961,128.44411293321158,121.4309026681419,76.64356961345351,124.39025106543886,154.99155953609787,156.2020126452911,155.13393007240427,94.54912310844381
2004-05-14,136.67067448892828,131.15573987913035,155.75448263940638,167.03940045285216,128.6881567477847,119.52443749625206,76.30633790715432,125.52220235013436,154.7435730408401,156.28011365161373,155.2270104304477,94.42620924840284
2004-05-17,135.79598217219916,128.69001196940272,153.2779863654398,166.58839407162947,127.51709452137985,117.8391429275549,75.14648157096558,124.14145812428288,152.79380402052553,155.3268049583389,153.3487636042393,93.34975046297104
2004-05-18,136.33916610088795,130.44019613218657,154.71879943727495,164.4560626275126,128.09092144672604,119.17072524263628,75.80025596063297,125.1221756434647,155.00931417882313,155.4976644437931,154.75957222939832,94.43260756834152
2004-05-19,135.38479193818173,129.09666211202506,154.81163071693732,163.66667352690055,127.78350323525392,119.68315936117962,75.96701652374635,124.43400367742565,154.35827505927207,154.19148406246524,154.72862031495242,94.120979963366
2004-05-20,135.8721771891592,128.58027546357695,154.3626769878582,163.60120685748979,128.35852899981256,119.65922272930737,75.99740333035585,125.23038130096118,154.04955850915354,153.32801175171542,155.36300765824373,94.07391947338432
2004-05-21,135.7906538828457,129.55748555710014,155.50496079756834,163.1758437196603,129.2056952912113,120.413075832502,75.90620644635942,125.31804256787184,155.0354756836121,153.558003769343,156.07767749347167,95.1181399795389
2004-05-24,134.4599054747938,130.7882816698926,157.16886387810231,165.721386881687,129.3219804169734,120.97901728891476,76.01247513538434,126.98477253402456,155.70212822905162,152.55987674484228,156.32740177746123,95.66982519142022
2004-05-25,136.5036960380107,133.69178152296422,159.98218654152035,169.13524745144974,131.41699649972836,123.54377245543976,76.84101111436003,129.30859387139722,158.53590696282035,154.45161921647832,158.43782170145698,97.54495376517205
2004-05-26,136.8040041692943,134.57414728101577,160.04617941613694,167.74833842234787,131.82438918887755,124.14913694047141,76.16481021655366,129.45083332465578,158.63102850699804,155.4555547413854,159.45182376034631,97.78881614958499
2004-05-27,137.9257970034825,135.44887923834236,161.51860426676544,165.95343120122874,132.97126137482076,124.70780805670351,76.53040130559312,130.30520882459848,160.375969820575,156.979019177851,159.9461244140034,98.09196147964872
2004-05-28,137.82924894558008,135.16443659194186,161.85779333572563,166.4346961517123,132.4925648338714,125.0445191384566,76.07121889775955,130.6179413257775,160.52030819341348,156.58657162990636,160.15405437574162,97.83692237980162
2004-06-01,137.91194649494741,135.9754232114935,162.16532314306352,168.84799924591212,133.02253509320687,124.81943900400738,76.02557616642089,130.3828290313911,160.80924474816166,157.74531225996768,159.89780788874043,97.81735499532567
2004-06-02,138.93249489901004,136.3289593118434,162.9437166941502,168.7129208465154,133.4881139660331,124.48242651869657,76.48172962341941,130.56536499203506,161.66153374532692,158.5024897588155,160.55338890108425,98.3357869768009
2004-06-03,138.5851636617625,135.33375790886694,160.90692023547334,167.43070264808188,131.51248987933582,122.59029363561238,75.86987578643206,129.33805056110995,161.12805068396736,157.50392407333499,159.26896178987556,97.44093131531201
2004-06-04,139.12564580004337,135.86155956471154,161.8884524489097,166.59354913484145,132.2095060756963,124.01234104178549,76.19611625231371,129.59672666223216,161.4664195904037,158.118189377221,160.38384452240467,98.21071467270298
2004-06-07,140.25256353102372,138.4565153523975,165.06146611690835,169.5089362447012,134.2984162716923,126.98863722678834,77.40001488910028,130.8408552381896,163.8722692423007,159.17758124604836,162.77356380578848,99.93922325094255
2004-06-08,140.40684135090785,139.05187836841282,165.4741197822006,168.5427353081064,134.78189057027038,127.50929063941818,77.46967490250046,129.95113742256993,164.77356672313337,159.273087794796,162.5456808164604,99.95921109559272
2004-06-09,139.45207482972168,138.38442935224444,164.08413717603014,166.90787077561774,134.75493419215633,125.54564756357114,77.46192793501021,128.8985332094471,163.2246951959359,156.93177340421246,160.92022400829578,98.81967608910297
2004-06-10,139.3962939997898,139.40847412945106,165.0358251716511,169.26127175355396,134.7279832053179,126.21103949565808,77.88796853865277,129.9297214751227,163.82862656816087,156.69637574410615,161.35470861311816,99.08648921454353
2004-06-14,138.76901067679077,137.26158362785753,163.23693467728012,167.99181221540232,133.89266970944496,124.33049500717277,76.85984735394256,129.29306583989458,161.96098022528383,155.91289386538563,159.30550381373155,98.24425405621993
2004-06-15,139.19919460988882,139.5950305495311,165.04886465219795,170.09170986809482,134.49518672313744,125.9965236402689,77.15191477388754,130.06882423493394,163.2566680670861,156.16235449557024,159.84714252669824,99.1284523427259
2004-06-16,139.18527469042786,140.01381564117966,165.18090374391969,173.0342964488129,134.76417709658372,125.6311337217121,76.94360460399804,130.5760926494502,163.14238839943914,156.61522532360738,159.9750202407196,99.64392029490807
2004-06-17,138.89298561357793,140.881901298155,165.28001228616606,174.19362623501993,134.33293172987467,124.32456993100631,76.98207640630004,131.2159155034325,162.70190395076065,156.55257923347796,160.00701524476773,99.91295887970432
2004-06-18,138.86520701645523,141.6144871849054,166.32127636356887,174.8381426520895,135.03146297487004,124.47375941492353,77.41317603417532,131.7276575738959,162.47412128522961,156.599545007248,160.21502436458596,100.10279350157576
2004-06-21,138.89298005785852,140.63734722332956,165.78904827920547,174.40104729545928,135.2610164619273,123.70202210655101,76.60033768581648,132.35995033025057,162.01919374563096,155.53466810119872,159.47803525250885,99.79247484172087
2004-06-22,139.4346626800842,141.73431853167153,167.21483409440663,175.37769316031387,135.88321713765217,125.40911001162142,76.11009552462727,132.2805343600524,161.387318890023,155.03695716327488,160.0521561794179,100.2814579684453
2004-06-23,139.9924013308045,143.95954733261877,169.3886269376339,178.34157617472314,136.83439965761573,127.30278757279689,76.30798177299128,133.2858664211888,162.53316885414216,156.24624542914842,160.85241696031497,101.13385036117708
2004-06-24,139.47442944588053,142.95183050129043,168.98209423298357,177.20019008720493,135.75340790032055,126.7426553074766,75.80434909328953,133.55243815403117,162.2406091502047,156.18374693097675,160.80416123522687,101.21475744146602
2004-06-25,138.34468656736888,142.50867982673643,169.8439029135718,175.23326797723695,135.4819010845199,127.55380830144445,75.91805561692946,133.17849132719988,161.70521514000905,154.40325221596362,160.57903540949755,100.41516085767843
2004-06-28,139.4791129972213,141.1120947644344,168.75690193492497,173.65616856544182,135.5360938449537,126.45684555005201,76.1002589504101,133.3915769133234,161.43031627427104,154.21796831330448,160.48268798825185,100.34487024507806
2004-06-29,139.73017540061633,141.87410007616236,170.78198475814406,174.55918064198212,136.9592228303257,127.72141400555253,76.35138980494645,132.39114008647348,159.84829917478316,155.0970107326903,160.33825356906243,100.5154565244947
2004-06-30,140.1353929092781,142.41322165645178,171.87498946059617,175.53671205357725,137.05509428630694,128.36002107558028,76.67970078110773,133.29139983906148,160.58360135098715,155.7639278788409,161.0758095354801,101.12860080929411
2004-07-01,139.5328107197682,139.47950929032888,169.45155210920174,175.9580001625058,135.4789607020144,125.81849265828377,76.24262648665541,132.18508122039728,157.82156340775018,154.64242759811322,159.83552580205688,100.26900770241511
2004-07-02,139.3235115036886,138.5031527252966,168.1467751579609,176.36270356287957,135.1944548845402,124.56030773170095,76.14351107222276,133.22934336203843,156.90619833998522,154.58057062707397,160.1072461959204,99.91806617545666
2004-07-06,139.1423909387338,137.36742687294915,167.07063579694994,177.49142486568198,134.35624926425604,121.122443238306,75.43537641925109,133.25598923071084,156.2001204474553,153.11205520611676,158.93846329869018,99.47842668428466
2004-07-07,138.68322104863597,137.12016550457784,167.73891834013773,178.5386242723895,134.8668030114602,121.44947383504943,75.63905193558305,133.32261722532616,156.8874009774241,152.6374078349778,158.93846329869018,99.91613176169551
2004-07-08,138.3642496402241,135.46101150197245,166.14539861590646,177.87803136258168,134.4217425615224,119.4212676220041,74.79189455390453,132.94931389709527,154.83217602461986,151.75211086953493,157.6987432849604,98.65718850149815
2004-07-09,138.80701523907283,137.08654363999614,167.57424904400324,178.660694700577,134.97287170602462,120.54382753765094,75.06114537429859,132.64353047513194,155.00249141824696,151.38790580344806,157.49373491868994,99.22940019480684
2004-07-12,138.84865734364456,136.59303208289214,167.27261539572402,178.10684654700523,135.21582287509548,119.77234704140997,75.41393275755779,132.7894383586546,155.60700113477813,150.76721538965393,158.45444670169394,99.61639485556658
2004-07-13,138.55707516322292,136.5110762636424,167.45661527265935,177.50128326874542,135.14821496365795,119.30523488794849,75.16506677945785,132.7097646956394,157.13194974589894,151.55120490968014,158.67628292707633,99.9052824006477
2004-07-14,138.34923955047807,136.59298290940058,166.48536690407792,179.24079584477914,135.01306674869429,117.55144793509564,75.1575502727799,133.8112557426132,156.31486360722027,151.88461756048142,158.02571016707532,99.9352539853679
2004-07-15,137.0764265466137,136.715916594019,166.96817446809973,179.58135335688422,134.87805368194557,117.33985532881246,74.69908921611594,134.2394517609896,156.01786536636655,150.09237907326772,157.17237133217313,100.29502089971523
2004-07-16,136.8571042641391,135.69054721956385,166.7845094761848,181.52083197313857,134.75666343363184,115.41548170141994,74.2135451362112,135.20597581366874,154.7229170838257,148.57644604462774,156.84230935237557,99.61301475759716
2004-07-19,136.952904237124,135.63627100067603,165.5002687532182,181.35746322436276,134.2176367798973,115.63477111665263,73.99090450080256,135.7873615096675,154.13496999890717,147.4324074100841,157.32852051136794,99.49347913988805
2004-07-20,137.4048488211065,135.83972540717707,166.34432012385963,180.9766125515916,134.4994938171351,118.03997435587901,74.62722627950946,136.41198337261196,156.3853405608912,148.24328565083957,158.27249163443616,100.11033871055534
2004-07-21,135.7010286957248,134.57641596089033,163.5331011137664,177.80952183193875,132.11885277657177,115.47850691235641,73.91080490722615,134.05205606026578,154.5243550082166,145.87139308042615,156.53149422645737,98.71880500247863
2004-07-22,134.72398128911559,133.9842797306624,163.02614850031372,178.200702779969,131.44504662741127,116.92198824876085,74.62773971482626,132.9126135837535,154.10713924969443,146.52781434928806,156.35930958280827,98.56085491447466
2004-07-23,132.33936682029824,133.51533475160508,161.67303146776112,177.47007989857113,130.0122956191725,114.18601372373985,74.70983022851257,132.35438060670177,152.95133570532172,145.12114733153487,155.4211537253114,97.66395113475295
2004-07-26,131.82324328969906,133.24830408210187,160.76766249154164,176.05031925938258,130.03829807829632,113.96906029766474,75.1356762608151,131.65290238948626,151.46770774898008,143.68444797295268,155.48332218680153,96.99006987192314
2004-07-27,132.08688977627847,135.27367830414983,163.11487036391813,177.4939318773095,131.75480361292983,115.35948283329624,76.38292848674463,131.7977205821147,154.2547135715613,145.7391355789659,156.54060877767176,98.02786361955272
2004-07-28,131.8227159967259,135.8959372243489,163.71839538426465,178.86063515276481,131.58352236823302,115.04801222964633,75.99337555146222,132.90482143500446,153.62226924591792,145.05416164174474,156.54060877767176,98.01806083319076
2004-07-29,131.13723787354292,135.69209331851238,164.70070575657024,180.27363417047164,132.14933151441645,116.86577082287475,76.13016362745486,134.11425531006302,154.32893168444912,145.76492703378926,157.65204709999324,98.56696197385662
2004-07-30,131.76669661533592,135.78707778383531,165.0630473092347,181.33724861207742,131.17142646120976,117.40335336865996,75.88654710384701,134.7311808844893,154.1128711800909,146.522904654365,157.39980382463324,98.57681867005401
2004-08-02,132.87353686690471,136.91411052944116,165.75631210793347,181.13777763860415,132.60119500963694,117.73208275809222,77.05519992924626,135.63387979641536,154.45191949668708,146.3617294592452,158.0451430203142,98.566960988187
2004-08-03,131.98328416989648,134.86039887149954,164.52971539833476,183.32954474803125,132.37577297812055,115.25970902017228,76.87797296940899,135.7152601242932,152.53671569492818,145.90800809792154,157.2707218195147,97.7784253002815
2004-08-04,131.9568875130625,134.4693037147722,164.57907431295428,179.29629476357456,132.9847015338199,115.47870246731063,76.40132953699865,136.3666933728898,152.17062757726035,145.45569327281797,157.4279925413342,97.21131043353986
2004-08-05,130.7032970816884,131.47063824193276,161.40269817871425,176.55306145369187,130.81705089881862,113.55020813610652,75.67551690639716,134.94847976181174,148.6402690174679,142.75021737794359,155.05082985396004,95.69481399077665
2004-08-06,129.35705312174701,128.8938137323909,157.90025962823614,173.07496614305413,128.9594487760554,110.48435251643166,74.66146497985144,135.59623246466842,146.41066498220587,140.30918866078076,153.54683680437662,94.20197489252054
2004-08-09,129.0724676048792,129.04848630886977,158.40554045904648,175.4634006758283,129.47528657115964,110.42911034017344,74.43748058491188,135.1894437672744,146.82061484415604,139.76198282500368,153.56219148805707,94.0135709427355
2004-08-10,130.07923285219724,131.8875530076649,161.1617968630339,174.86682511353047,131.67636644286932,112.4389201483646,75.42749907669122,136.08169409613842,149.08165231275606,141.92829355879127,155.74277460718747,95.46137993525362
2004-08-11,131.08084294515916,130.84564133890436,160.83947326930786,174.30725127316717,132.16356899870794,109.51550822450713,75.19367382955348,136.50354734783645,147.82936643332891,144.25591757315544,156.05426015640185,95.25136489939607
2004-08-12,130.16327704454304,128.50350435893796,158.3142935389797,172.2504257081438,130.9212314501201,106.88713602711897,74.45677582602384,136.20323954367123,146.9128243614423,143.23170055838602,154.74340437108808,93.94642120027433
2004-08-13,130.08517907831632,127.93808893975864,158.3617878270414,174.2829807314999,130.7117574797999,107.59259112489794,74.6652547983367,135.8354907969033,147.38294539939892,142.01423110363976,154.71245569021386,94.1061301163148
2004-08-16,131.08683495721937,130.79110832311528,161.19646382914544,175.41582010625464,132.79007442372873,108.80838740460929,75.74790099291259,136.79992278156132,150.34534260192683,144.13024314708397,157.04861377113605,95.61182819817584
2004-08-17,131.2310304756723,131.24887720224618,161.42213887850627,171.71454630201268,132.43154122278463,109.67885450384618,75.96756990579202,136.4716029668856,152.37500472705284,144.40409060906345,157.8966762855002,95.84129658585145
2004-08-18,132.25463251338257,132.77136417779224,163.3430623311605,173.65492067522544,133.6499114020343,112.16856450108348,76.69685857688762,138.0273792407081,153.62447976581467,146.9600430128439,159.75985706566914,97.02014453385742
2004-08-19,131.69916305682636,131.4569276724321,162.28133242600796,174.45373331033144,132.72772701336024,111.46190254472666,76.5818132890223,137.10259579979532,153.4554928380723,146.3575068364912,159.18472158023272,96.68057402798892
2004-08-20,132.3444889558048,132.69262279255298,163.9690582832384,175.797027056821,134.01518596538983,112.38703633584788,77.23275870197898,137.5550343659347,154.06931480942458,147.7479031514379,160.58554713013876,97.38634221839327
2004-08-23,132.22537891574459,132.05569820314872,163.1984037093072,173.9511582727244,133.70695103766946,112.8927779993592,76.91610439130088,137.0735917456539,152.72891177058258,147.30465944198357,159.91108783219218,96.97731958107602
2004-08-24,132.04026338526253,132.1349316220706,163.59007987820954,173.15098294466986,134.37548579285777,112.38476049836208,76.75458057207915,137.196957978225,153.1870985058943,147.59926876086755,160.3588388781223,97.09369236457331
2004-08-25,132.30434391203306,132.88810073231642,165.11146762107688,174.1898888423379,135.81330349084135,113.86823933694048,77.03857252019584,137.93782155130742,154.1981333560332,149.1047813022284,161.6737813569229,97.88986064196281
2004-08-26,132.41018738716267,133.10072169348814,164.9463561534558,175.06083828654954,136.61460198143732,113.20780354878622,76.95383009042362,137.88264642268692,154.0593550360128,148.82148221775415,161.9001246508226,97.98775050260477
2004-08-27,132.675007761937,133.36692313687513,165.65562548491565,176.3737945736987,136.9288155659946,113.8530880290143,77.04617468653214,138.03431733375186,154.15179064903438,149.99717192727442,162.12678482533377,98.02694560280581
2004-08-30,131.9983652223511,132.20663090558432,164.1647248555514,175.50956298028754,135.90184944924965,112.270530105411,76.53766993360102,138.18615508281903,152.68734863786855,147.94221067187075,161.31615090120707,97.25253273254364
2004-08-31,132.80355525020747,132.77511941847834,165.10046378722808,178.86179563321102,136.79880165561468,112.11335136326342,76.76728294340182,139.67856555771345,152.22928659195495,148.93342348337225,162.30017942170446,97.82632267566565
2004-09-01,132.88323738335757,133.12033472896636,166.00851633805783,181.40163313120263,137.25023770107822,112.83087681198829,77.02061497711506,140.06966554127504,152.68597445173077,149.57383720435075,161.7321287937285,98.16871480503048
2004-09-02,134.3715296420512,136.00904599258493,168.18322790208643,183.0523879926966,138.60901505431892,114.07201645692015,77.57516340495029,140.72799296931905,155.49539638164262,151.03966080895339,163.46266257182137,99.00314888087323
2004-09-03,134.6940213131921,135.42420709481684,167.5945866044291,183.23544038068925,138.84465037991126,111.57383929651361,77.29589281669246,140.2776633918172,155.79083763476774,150.87351718206355,163.3809312405355,98.53783408113311
2004-09-07,135.34055261549543,137.6857913533003,169.05265950788763,183.41867582106994,139.5944114919628,112.18749541264444,77.97609667347935,141.10530160582894,156.39842190154337,151.56753536110102,165.2761500429257,99.6316040394337
2004-09-08,133.13450160786283,136.36400775630858,168.19049094439742,183.21691527766677,138.1426296124464,111.97433917136041,77.93710862514261,139.94823813266115,154.99083610442946,151.29471379745104,164.2349102976553,99.6814198414534
2004-09-09,133.4407109615609,135.96855213381528,168.67824336813615,185.85523885766517,137.838715827299,113.9226926729421,77.8747589382425,140.5500155566316,154.37087276001176,150.79544124191946,164.28418077074457,99.81100568724732
2004-09-10,133.3206143216955,135.5198559117737,168.8637894358411,184.75869294840496,137.71466098305442,116.14418518006448,78.39651982312871,140.70462057374388,155.97632983671588,150.75020260954688,165.02345958421293,100.20026860942757
2004-09-13,133.30728226026335,136.40073497520024,169.4210399409794,186.144383145518,137.68711805085783,116.98042331336096,78.60819042665116,140.0292383949899,156.58463752307907,151.6094787644213,165.03996193017133,100.33052895861982
2004-09-14,133.60055828123592,135.65053093283666,169.01442944512104,186.66558741832543,137.86611130432397,117.34306262563238,78.87545827410177,139.77718576587893,156.86648987062063,152.36752615824338,165.22150588829453,100.56128917522464
2004-09-15,132.1843923634548,134.33472078278814,167.79752555311617,186.1242572148123,137.49387280380228,115.77066558644893,77.99205314143184,139.73525261014916,156.1762773151899,151.74281930099457,164.61018631650782,99.96797756909082
2004-09-16,131.73496542941908,134.60339022435372,168.8378702115455,186.58956785784932,137.64511606388646,116.01378398418048,78.68618241439057,140.8950552068134,156.80098242445067,151.75799358292468,165.61430845303852,100.33785908609644
2004-09-17,132.20921130496498,135.41101056569985,169.69894334962441,189.51902407321757,138.03052238886536,116.51264325531245,78.90650372515086,141.2472928448304,156.40897996838953,152.25879496174835,165.58118559134795,101.16062953060244
2004-09-20,130.79457274400187,134.84228432132392,168.79953894987142,189.7274949996981,135.0904722619825,116.95539129968265,78.29103299609469,140.78117677844247,155.84590764050333,151.02549872255818,164.1406292767032,100.81668339019838
2004-09-21,130.45450685486745,136.05586488021578,169.35657742840598,194.88808286368993,135.53627082044707,117.68051472574068,78.47893147528531,141.30206713252272,156.92124440322277,151.78062621617096,165.37168399627848,101.57280851562487
2004-09-22,129.08473453289136,134.25992746379694,167.20574889506523,193.11460130963033,134.14024723099647,115.5387293577322,77.88249159607314,140.84990051769864,154.72434698157764,149.54945101079323,162.56036536834176,100.46566490280455
2004-09-23,129.0460091125315,133.1052920876083,166.3529995757004,190.62342295273612,133.4829600195646,115.78136068938343,77.99152708430765,139.93437616433363,155.3277719348058,148.69701914003173,161.21111433578452,100.07384880968362
2004-09-24,128.83953549795143,133.89061331092518,166.75224677468208,192.35809610160604,133.963498675635,114.86668793993731,78.26449742910272,140.03233022764866,155.99568135412548,148.81597675534374,161.95268546172912,100.29401127706493
2004-09-27,128.04073037786415,132.87304464976214,165.30150222774233,192.70434067458893,133.36066293159467,113.72950772933193,77.45054665584006,140.22837548996736,154.74771590329246,147.59568574594994,160.88379773768168,99.642100203764
2004-09-28,129.15468473215154,133.51083526408098,167.4338916064802,195.479283180303,134.9343187541875,113.97971264633647,77.24143017986928,141.3081339812401,155.27385813736367,148.8502490747905,161.96171918252415,100.1104180747217
2004-09-29,129.51631784940156,133.97812318750528,168.37152139947648,193.52449034849997,136.21619478235226,115.56403065212054,77.65080975982261,141.0113868998795,156.40735730176644,149.549845245442,162.46380051198997,100.49083766340566
2004-09-30,130.1120929115088,135.82702128749287,169.90370224421173,194.64693239252128,136.58397850826464,115.96850475940298,77.79058121739028,141.589533586169,156.25094994446468,146.85794803102402,162.44755413193877,101.0435372705544
2004-10-01,131.97269584014336,137.53844175571527,172.38429629697723,196.865907421796,137.69030873418157,119.2852039955219,79.12080015620765,142.86383938844452,157.45408225903708,148.4146422801529,164.73806464519913,102.12470311934932
2004-10-04,132.14426034473556,137.7309955741733,172.62563431179302,196.80684764956948,137.44246617846005,120.17984302548832,80.14937055823835,143.1209942993437,158.4932792019467,149.45354477611394,165.018119355096,102.16555300059704
2004-10-05,131.90640067611503,136.97347509851537,171.65893075964695,199.18821050612928,137.11260425963175,120.55240053886736,80.63026678158776,143.52173308338186,158.06534734810145,148.4820967350692,164.3085414418691,101.94078878399573
2004-10-06,132.4340262788195,137.00086979353506,173.46134953262325,202.71384183208778,138.08610374987515,121.64942738377107,81.42044339604733,144.5120330416572,158.83986755010713,148.0514986545375,165.50799379439474,102.6951506209973
2004-10-07,130.8977915739852,134.64445483308626,171.22369812365238,200.99077417651503,136.52573077750156,120.27478885433447,80.8667843809542,143.48599760706142,157.99801625209156,144.18735453965408,164.86251261859658,101.52442590391793
2004-10-08,130.30875151190224,133.4730480760384,169.35735981410457,201.15156679585624,135.70657639283655,118.07376021830017,80.24411014122086,144.01689579820754,156.62343351069836,142.70222478789566,164.10414506055105,101.0371086595791
2004-10-11,130.60846164037963,133.94020374430454,169.12025951036483,200.00500286511988,135.679435077558,118.53424788315155,80.46076923860215,143.93048566072864,157.1246284979326,143.5727083591018,164.61286791023878,101.299805142094
2004-10-12,129.9423584860137,133.4044429293273,168.27465821281302,197.94495133560915,135.04174173269348,117.96528349331241,80.74238193093726,144.62135199190013,156.63754214958902,143.42913565074272,164.6293291970298,101.28967516157978
2004-10-13,129.33162940112942,131.72354694841778,165.90198553201236,193.35262846462302,133.77234936040617,118.07145224845638,80.47593207056516,142.7412744160054,156.1832932773552,141.98050138067023,163.42753509389146,100.31729428002862
2004-10-14,128.94363451292605,128.39094121062283,164.8402128246075,194.91878475518646,133.55831360142952,117.07965204956936,79.7677438683442,142.7412744160054,154.88697194315316,140.9014495701771,159.7504155542789,99.92605683233651
2004-10-15,129.65282450274717,129.28967779909718,165.97761029309729,195.6789680157317,134.9873875569648,117.34893524928336,80.15062903891224,143.95457524854146,155.9711807467552,141.05644116470432,160.32551705027433,100.56558359606346
2004-10-18,130.22329693055923,129.26381986353735,164.94854910928007,193.7221783355744,135.3248560258572,118.80406204637445,80.39108092602898,143.20601145724902,157.85843203379093,142.79143539103018,160.9507865667704,101.16897709763985
2004-10-19,129.87169402884672,127.67387487921584,163.56298129676213,192.77293966173008,133.3220481566745,118.75654042155593,79.76403049480595,142.34677538850553,156.70606547994424,141.24928788880706,157.90881670065843,100.27869009918062
2004-10-20,129.87169402884672,127.62280532926415,163.922819855615,196.4549028092691,134.49528218045324,119.12468569686277,79.50878559722257,143.22932539591426,156.47100638172435,141.31991253275146,157.34034496053607,100.19846714710128
2004-10-21,130.45611665197652,127.61004304873123,165.18502556850322,197.29965889134894,135.06016236561115,120.88773104517631,79.50878559722257,143.32958592369138,156.83088969640232,140.30240916251566,157.35607899503214,100.73953886969562
2004-10-22,129.43855894209108,126.78057776891447,163.79747135372781,197.29965889134894,134.46589765120245,118.17984586976438,78.39566259886146,144.06056681190222,155.67034111264894,138.60475001164923,156.3332644815644,99.70192161933777
2004-10-25,129.1408502565243,126.61576301781487,163.92850933081078,197.77317807268818,133.91458747083252,118.17984586976438,78.23887127366373,146.0341965772253,155.2500311916448,137.52363296155835,156.55213105183861,100.03093796068158
2004-10-26,130.6647122895513,128.65427680240168,166.02679425024513,199.86957376025865,135.32069063927625,118.54620339196067,78.99778832501828,147.74279667717883,157.29933160337453,139.64149690916636,160.16848527913606,101.87150721915812
2004-10-27,132.71614827249724,131.38174747061262,167.30520056597203,196.49177796371026,135.25303029395664,121.53356771743806,79.74826731410596,147.27001972781187,160.58688763388506,143.383889026332,162.29872613334857,102.90040944207162
2004-10-28,133.44608708799598,132.09120890695394,166.92039860467028,193.38720787188365,134.19805665766378,121.82524827995991,80.21878209125919,146.84293667060123,161.26135256194735,143.2405051373057,163.288748362762,103.0238899334021
2004-10-29,133.83308074055117,131.72135352201445,167.60477223894947,195.88190285343092,134.25173588032683,121.92270847858386,80.40328529006908,147.5918356476213,161.03558666836065,143.2978013393606,163.43570823628846,103.1784257683022
2004-11-01,133.73939758403276,133.46007538850506,168.54335896348758,194.70661143631034,133.8221303255098,122.44697612504176,80.74097908828736,148.27075809160036,161.64752189770041,141.89348288623486,163.69720536946653,103.14747224057173
2004-11-02,134.03362425871762,133.6202274789713,168.18941790966426,192.2922494545001,133.60801491698896,123.02247691282946,80.95090563391692,146.04669672022635,162.27794723310146,140.78671371972223,164.4338427936291,103.04432476833117
2004-11-03,135.54820421284114,134.75599941254254,170.91408647980083,196.25346979326278,135.47852712582682,123.53917131586334,81.2585190753258,149.04065400299098,163.46257624790312,144.84137107485023,165.8479738416543,104.10568131344498
2004-11-04,138.9097996773196,137.4780706006759,173.9563572191413,199.43277600391366,138.51324613344534,124.77456302902196,82.37176078665776,151.96185082144962,167.58183316935026,144.91379176038762,168.61763500480993,105.82342505511681
2004-11-05,139.10427339686785,138.78411227138233,175.4697775269478,200.33022349593125,139.21966368872592,125.92248900888899,82.44589537136575,151.15645301209594,169.20737695109295,145.76878313177392,168.70194382231233,106.06681893274359
2004-11-08,138.82606485007412,138.6730849815652,175.43468357144243,197.36533618819146,138.63494110123327,126.17433398690676,82.31398193877156,152.13896995667457,168.98740736105654,145.44809180888402,168.39828032343215,106.21531247924945
2004-11-09,138.86771266952914,139.6715311934325,176.0487049639425,195.56931162887895,138.9538014657661,126.22480372050151,82.50330409723074,152.27589502963556,168.8015212129594,145.33173333543692,168.53299894769088,106.68265985415815
2004-11-10,139.200995179936,139.32235236544892,176.62966569032352,197.19253691539862,139.3567674900168,125.07615800664496,82.39604980190434,152.54999164068892,169.35856623296218,145.0701362154331,169.10601114411307,106.4586262684644
2004-11-11,139.77171926017374,141.3007297690383,178.3076475143816,197.09394064694092,141.09872708364202,126.93979276094396,83.01402017541862,153.96870656294735,171.0013443254219,145.70844481478102,170.69560764886774,107.44869149276113
2004-11-12,140.4705778564746,142.23331458551394,179.4666472232251,201.05552885394445,142.21340702760278,128.6534799632167,83.92717439734822,155.8009341710464,172.52325628991815,146.01443254889205,171.70271173399604,108.35126050130033
2004-11-15,140.18963670076164,142.23331458551394,179.01798060516705,196.95399606532396,141.71566010300617,129.5411889749629,83.78449820087272,154.7259077252662,173.79992838646356,146.40867151677406,172.18347932685123,108.30791999709982
2004-11-16,139.5027074809279,140.8394281025759,177.97967631765707,196.57978347279985,141.29051312269715,128.54372181985568,83.5415231560902,154.4938188636783,171.40148937473037,145.50093775337004,170.71991975257302,108.05881178110648
2004-11-17,140.91168482648527,141.85347198491448,179.54589746925245,199.39087437646089,142.1523852527456,130.31762518096969,83.85062679176772,153.65955224181445,171.53861056623015,145.7191891600001,171.38572743960805,108.6855528894369
2004-11-18,141.32032871248205,141.9527694153039,180.1563535206479,200.228316048842,142.63570336260497,130.76070510658496,83.8925521051636,153.93613943584973,171.10976403981456,145.0343089709481,171.0086788392409,109.14203221157254
2004-11-19,139.65274883367476,139.7383062124252,177.9224147369919,202.43082752537927,141.48035416536786,128.4462406261984,83.22980094353281,153.48972463148576,168.868226130893,143.23588353970834,168.88817122163434,107.96329826368756
2004-11-22,140.46273477691008,140.59070988032096,179.45254750373002,205.54826226927014,142.3292362903601,129.0884718293294,83.57936610749564,155.66927872125285,169.8307750198391,143.39344301160205,170.22238777428524,108.21161384969405
2004-11-23,140.2520406747447,140.54853266735688,179.29104021097666,206.82266149533964,142.04457781777936,128.67538871947554,83.77159864954288,156.55659360996398,170.76484428244822,142.9059053053626,170.68198822127582,108.24407733384895
2004-11-24,140.67279679676892,141.78535975482959,180.52814838843238,208.3324669242556,142.49912046679626,129.8077321402069,83.68782705089333,157.43331053417978,171.24298584643907,143.3060418402176,171.24523878240603,108.74200008958465
2004-11-26,141.10888246683893,141.99803779446185,181.21415535230844,209.56162847910872,142.49912046679626,129.40532817057223,83.88867783581547,158.07878710736992,171.43135313087018,144.02257204941867,171.38223497343193,108.63325808949507
2004-11-29,140.65733404294505,141.98383799068242,181.05106261249136,208.51382033671317,142.9693675643367,129.79354415508396,83.67056727344236,156.57703862984994,169.20274554016885,144.195399135878,171.1251616209718,108.39426492169817
2004-11-30,140.0243760397518,141.273918800729,180.63464516848262,208.78488830315095,142.254520726515,128.98882418132243,83.30241677743922,154.80771809333262,166.9354287499306,144.28191637535951,170.97114897551293,108.19915524483912
2004-12-01,141.77468074024867,142.8420592994171,183.23578405890876,205.46520857913083,144.41678944155805,131.85237607814778,84.78519979607763,153.6776217512513,169.90687938167937,146.64813980391543,174.33928061033055,109.88706206665861
2004-12-02,142.49773161202398,142.79920668162725,182.20966366817888,200.02038055178386,145.29773185715155,131.93148750379467,85.31086803481331,151.89496133893678,169.77095387817403,148.49590636544474,174.0952056174761,109.68926535493864
2004-12-03,142.56898047782997,142.97056572964524,182.59230396188207,201.3605171014808,144.89089820795152,133.03971199882653,84.91843804185318,152.8518995953721,169.0579158718857,147.61978051788861,173.79924376792638,109.7331410610806
2004-12-06,141.7278234930108,141.61234535521362,181.55152782929932,201.0182042224083,143.63034739354234,133.93107806921867,84.82502776000713,153.78429618290386,168.4493073747469,146.82263370309204,173.6775842972888,109.52464809306454
2004-12-07,140.6365192521146,140.38031795062324,178.57408277289883,197.62099657104957,142.4525785449153,131.65424974204194,84.4433151350871,152.18493950260165,167.05117812353652,145.29567831257987,171.8539696621673,108.50606886579905
2004-12-08,141.36782915222562,140.8014589044751,178.75265685567172,198.94505724807559,143.25031298476685,131.64108431706774,84.03798722243869,151.97188058729802,168.70498478695953,147.37340651244978,172.7132395104781,109.2330595271999
2004-12-09,142.39981430503687,141.37874488598345,179.68217067132124,199.9994660514904,145.38474264823986,131.3646380400019,84.71869491894043,152.35181028876625,169.61599170480912,148.0807988637095,173.5422630601284,110.00861424984303
2004-12-10,142.39981430503687,141.7604674971756,180.0415350126639,198.8594690949969,145.32658875118057,130.9179982706659,84.84577296131884,152.62604354728603,169.27675972139951,147.44405142859557,173.87199335994262,110.78967541101692
2004-12-13,143.3111731165891,142.6819105359072,181.82394620928926,202.02133465360737,146.32934221356368,132.20099465371842,85.46514710393647,154.96122201355954,169.6491685927866,148.38769335773856,175.29774370549416,112.05267771070253
2004-12-14,144.61530479195008,143.1527608406757,182.2239588909497,202.30416452212242,146.69516556909758,132.79589912966014,85.62753088343396,155.4261056796002,171.10815144268454,149.54511736592892,175.80610716224007,112.54570949262961
2004-12-15,144.97684305392994,144.19777599481267,182.8981875388462,203.35614617763747,147.12058154924796,133.10132969765834,85.5590288587272,156.71614235674087,171.1765947032616,150.0236617414999,176.54449281232147,113.02965604344793
2004-12-16,144.86086157948682,143.73634311162928,182.23975406370636,201.46493401818546,146.53209922305098,132.1829305227445,85.57614066449895,156.62211267132682,170.4405353460376,152.16900010440335,175.59115255113497,112.39668996960461
2004-12-17,143.9916964100099,143.10390320193812,182.44021779317646,201.18288311056003,145.59429378802344,131.17834025077164,85.67883203329635,156.96668131920373,168.88952647438865,149.8560313028164,174.7483150188895,111.86842552674747
2004-12-20,143.68931384754887,143.6190772534651,182.58616996741097,204.1805080689074,146.27858696882714,130.4568593793924,85.77307874853298,157.8770880708551,168.4841916108501,148.04277332405235,174.64346602987814,112.19284396077502
2004-12-21,144.70950797586647,145.1701632878025,183.8094973061926,205.9772965399137,147.62434996894035,131.90493051850368,86.40779953127213,159.2032556106503,170.27012404192513,149.18270267864756,176.54707980960382,113.13526385004553
2004-12-22,145.60670692531684,146.78155210029712,184.50797339595616,203.62915535935872,147.7424494489155,132.30064531005917,86.67566370981909,159.34653854069987,171.2406637489641,150.59993835409472,177.71229053634718,113.45204258882563
2004-12-23,145.47566088908405,146.57605792735671,184.9876941267856,205.38036609544918,147.66857822419107,132.44617601990024,86.53698264788336,159.17125734830512,170.7269417577172,151.38305803353603,177.74783299445446,113.36128095475458
2004-12-27,145.5774938517064,145.87249284930542,183.526291343184,201.53975324946427,147.12220448476154,131.88990208061665,86.67544182011999,157.8501359123142,170.57328751013526,151.15598344648572,176.9479677459794,112.703785525217
2004-12-28,146.98959554206797,148.2064527348943,185.4349647731531,202.95053152221053,147.78425440494297,132.7999424049729,87.08281639667453,158.74988168701438,172.5348803165018,152.89427725612032,178.22199311375047,113.74066035204902
2004-12-29,146.73971322964644,148.23609402544128,184.87865987883364,203.96528417982154,147.50346432157357,132.91946235313736,86.83898451076384,158.98800650954493,173.12149890957792,153.15419752745575,178.0437711206367,113.67241595583779
2004-12-30,146.7543872009694,148.45844816647943,184.5828540230275,203.25140568519217,147.84272228951318,133.03908986925518,87.03003027668753,159.38547652581877,173.25999610870556,153.01635874968102,178.22181489175733,113.8201900965804
2004-12-31,146.68101000736894,148.19122295977976,184.39827116900446,203.94246046452182,147.22178285589723,132.9459625063467,86.8385642100788,158.6841804291052,172.79219411921204,152.45019822230722,178.2396370732465,113.51287558331961
2005-01-03,145.3608809173026,146.2350988167107,181.8535750268722,197.39590748361067,146.48567394161773,131.49685151502752,86.40437138902841,156.35152297679733,172.39477207273788,150.77324604186182,177.25931906934366,112.60477257865307
2005-01-04,144.75036521744994,144.18780743327673,179.14395675897183,196.07335490347046,143.79033754109196,128.65651952230291,85.28975499810994,155.27269746825743,170.4122321939014,149.32582287985994,175.5753555381849,110.76931478562102
2005-01-05,144.01213835484094,141.95289641806096,177.47791796111338,194.97534411601103,142.8844584145831,127.85884910126464,85.18740729211221,153.7510250330685,170.00324283663605,148.68372184147654,175.11885961378562,110.07146810247161
2005-01-06,144.30016263155062,142.42134097624054,177.8151260052395,198.0754520874556,144.29901455288746,127.30905605012921,85.49408195836382,154.33527892819416,170.156245755189,149.73937626655103,175.97694202589315,110.73189691108645
2005-01-07,144.7907831844979,141.58105506448072,177.2105545768217,196.62950128721718,144.94836011837543,127.39817238936428,85.38293965181795,153.7951054519455,169.88399576198069,149.78429807943098,175.00906884475077,110.45506716880872
2005-01-10,145.87671405838165,142.04827254619352,178.13204946062118,198.06489664661387,146.0934521633106,127.70392800309875,85.51101406129568,154.88705070065433,170.3936477492666,151.02750775349026,175.534096051285,110.84165990389955
2005-01-11,145.10356747387223,141.3806456652264,177.1879495984799,197.9460577086259,145.08540734338376,126.24810322386344,85.01505017974016,154.1745702674313,169.89950617079373,149.48702717440466,174.67397898063368,109.89950579471642
2005-01-12,145.13258818736702,141.57857856915774,178.67632837510712,201.23196226658905,145.94141124670972,127.06871589481854,85.15107426002774,154.65251143526035,170.86793335596727,150.3092058238639,174.37703321636658,109.96544549819322
2005-01-13,144.4940047993426,140.20526635703692,177.8186819989066,202.15762929301536,144.642532686614,125.74720124951244,84.37619948426149,155.45670449472374,169.80855216916027,147.69382564252865,172.9471415439924,109.29465628065425
2005-01-14,145.38986762909852,140.66794373601513,179.7391237644948,204.0579110083697,145.92985122752484,126.56455805763427,84.75589238194067,156.57599276708575,171.25192486259812,148.55044983125535,173.65622482432278,110.14715459964334
2005-01-18,147.26539692151388,141.3009494828272,180.02670636251798,206.22092486505838,146.93676720099475,127.70363908015297,85.56107335956911,157.84425830849915,173.01581968868288,149.9171139697029,176.01794948193356,111.08340541374031
2005-01-19,146.9266865085944,140.0009807475852,178.51448202907284,204.96297722338156,147.26002808883695,125.17510702636594,84.4915599425745,157.4180788110662,171.40677256557814,148.95764444029683,174.27537178206242,110.20584651097177
2005-01-20,146.3830577685126,137.59296387872675,177.15777196565188,203.15930302381577,146.99496003827704,123.48524308151,83.95081395894202,156.945824574633,170.25834718938876,148.45118844919983,172.9857340308752,109.44542617004605
2005-01-21,145.76824892588485,135.90057042301842,175.95309911628544,203.11867116321102,145.58380842190957,122.64554342855574,83.9759992031297,156.56915459565388,168.6919703952464,146.92214120817306,172.22459680113934,109.1170898915359
2005-01-24,144.99567720657765,134.81336585963425,174.77421335220635,205.10923414061048,143.95326976758417,121.10020958135594,83.93401120352814,157.5555402696065,167.4605190113611,145.37945872548727,172.2073743414592,108.83338545781791
2005-01-25,144.86518109709175,135.68965273772187,175.92772316033088,205.80660553668858,144.84578004014318,121.729930671179,83.74096297776003,156.49991814980012,168.14710713930768,146.7024117998892,172.39680245323484,109.54080246329372
2005-01-26,144.83620806087234,137.07368719564664,177.14162445013716,207.80292961039447,144.8747491961512,123.11765188083046,83.94194128890665,158.75351697115724,169.30732217856888,147.89070133546832,173.13810870378376,109.73797590772764
2005-01-27,145.61832358440105,137.07368719564664,178.16904587194796,209.4445727543166,145.57014799229273,123.42544601053254,83.10252187601759,159.57903525940728,169.764451948451,147.59491993279735,172.67063581028353,109.65018552700145
2005-01-28,145.69113274619326,136.2786598099119,178.68573610497657,207.7899606295575,145.04609545952047,122.99345694949568,82.98617834539117,159.7066984876148,169.15329992143657,146.0304137815097,172.16989096643368,109.83659084239736
2005-01-31,147.04606028073286,137.8049807997829,180.66914777574183,210.0964291925456,145.52474757453692,124.49397712427952,83.17704655558556,161.47944284082735,170.96324023059591,146.22025331942567,174.5114014835772,110.86905479631591
2005-02-01,147.38426621937856,138.23217624026222,181.91576489539443,214.86561813521638,146.26692378716706,124.7554144762405,83.31012983007452,162.57750305214498,171.71547848761054,147.31690521932137,176.57063602108343,111.47883459769565
2005-02-02,148.12118755047544,139.08921573295186,182.9163016023191,217.52995180009304,147.84660656406845,124.99244976374536,83.7516735181739,163.3903905674057,172.7114282628387,147.99456298333024,176.2881230034497,111.69064438343128
2005-02-03,147.5583270377836,137.78177710506213,182.76996856103725,219.07441445787376,147.43263606568905,123.76752375606064,83.78517418758116,163.74984942665398,173.29864711893237,147.40258473139693,175.74162982213898,111.37791057915767
2005-02-04,149.94877193579572,138.8013622556396,184.4331752749427,220.67365768341625,147.94865029191897,125.87157165991366,84.80735331266965,165.63297269506052,174.63304670174816,149.00927290496915,177.63963942421807,112.50282747600716
2005-02-07,149.5888948831498,139.49536906691776,183.95364901922784,219.70269358960923,148.09659894221087,125.73311293108776,84.49356610541278,164.97044080428026,174.5981200924078,149.57550814200803,177.39094392902416,112.46907662776435
2005-02-08,149.9927848993343,139.04898388590362,184.68946361530476,221.6360772931978,147.45978356675937,126.18575213763967,84.39217382608628,165.49834621485397,174.02194629610287,149.72508365015003,176.94746656920162,112.77274313465931
2005-02-09,148.70284694920002,137.24134709538689,182.49165899828265,221.03765988450616,145.9704397527351,124.2803472803613,83.5313736530602,164.80325316075158,171.79446538351272,147.8235750877931,176.08042398301254,111.54352023449152
2005-02-10,149.26791776760697,137.65307113667305,183.8238481089701,225.85628086998838,147.25497962255915,124.33005941927344,83.33089835629286,165.21526129365347,171.9834392954346,147.92705159035455,176.73192155174968,111.67737245877292
2005-02-11,149.89484302223093,138.36886710658376,185.62532182043802,226.96297664625132,148.7128039208225,125.71012307882738,83.78088520741684,165.33091197655904,173.01533993120722,149.8205178507111,178.0043913869223,112.3697721680173
2005-02-14,149.71496921060427,138.3550302198731,185.62532182043802,228.6425026734336,149.47123922081872,126.12496648498752,83.53792064031533,166.81889018434802,172.94613379523474,149.67069733286039,178.02219182606098,112.16750657811487
2005-02-15,149.6999977136832,139.01913436492848,186.05226006062503,228.91687367664173,150.74174475419565,126.74297882076395,84.15610125305368,166.41852484790562,173.86274830434948,149.55096077499408,178.4138406480783,112.52644259916484
2005-02-16,149.80478771208274,139.04693819180144,187.00112658693425,235.18919601538175,151.1035249416057,126.32472699065545,84.2150105239308,167.6999474892345,173.75843065536688,149.0574426044366,177.64666113329156,112.5602005319446
2005-02-17,148.51646653775882,137.7538016666177,185.74821903880178,232.53155810040792,150.3933383743802,124.68250553977694,83.42338942500585,166.9956077097797,172.78538344369682,148.8487621847904,175.97678251863863,112.09870370976363
2005-02-18,148.39765336452862,138.00175850961762,185.9525420797445,237.90303709252734,150.93475439252794,124.3583310253735,83.15643457884583,165.22545426805604,172.76810490535243,151.0368389889068,174.3401984412153,111.90813591345703
2005-02-22,146.08264997204196,135.9179319561224,182.82853937280476,235.66674854385758,148.18774186258395,122.96551771788933,82.28329201576796,161.2435208201959,169.4509572911697,149.2697079727366,171.5856233058441,110.30784956989459
2005-02-23,146.56472271694972,136.6926641682723,184.1083391484144,239.2017497720154,150.60320205494406,122.76877288954068,82.89218837668464,162.17873324095302,169.9762552587723,149.92649468781661,172.83819835597677,110.7270193982602
2005-02-24,147.61998872051177,137.44447382119782,186.55698005908832,244.7990707166806,151.91344991282207,123.9719068638582,82.79271775063263,163.60590609347338,170.99611279032493,151.03595074850648,173.61597024857866,111.81214418836313
2005-02-25,148.4909466539628,138.87389634893827,189.0381878938742,251.6779246038193,153.47815844692414,124.80251863984604,82.90034828370845,166.45264885949985,172.24438441369432,152.39527430524302,175.2653219659402,112.62837284093821
2005-02-28,148.1345683819933,137.48515738544887,187.92286258530035,250.99839420738897,151.5596814663376,124.49051234324644,82.80086786576801,165.3041255823693,172.0721400292806,149.77407558719284,174.05599124437518,111.9188140920403
2005-03-01,149.4233391269166,138.51629606583978,188.43025431428063,245.87802696555823,152.55997536401543,125.63582505680432,83.76135793301093,165.78350754655816,173.91331192759392,151.04715522968397,175.57027836820123,112.45602439968208
2005-03-02,149.36356979126586,136.8679521426563,188.26066708539778,248.9023266972346,152.07178344285057,125.29660832915096,83.96238519205015,165.93271270335003,173.8437466028229,151.0773646607299,175.14890970011757,112.74841006312124
2005-03-03,149.51293336105712,137.1006276612988,188.76897088652836,252.0882764789592,152.2086480479491,124.59494732250769,83.72729051351241,166.38073102764906,174.86942470777956,150.57880935734948,174.81612677168735,112.61311197104548
2005-03-04,150.49971872124007,136.93610690810524,191.54387475856032,255.34021524553773,154.49177776866833,125.18054357492348,84.04545421746376,168.92635621237213,176.04104985332168,151.13595095197167,176.87895706759326,114.03203718188067
2005-03-07,150.21376925566972,137.49754494642846,191.4097940462293,253.6039017818681,154.0437516131392,126.58256566296262,84.40684967059885,170.19330388396494,176.18188269320433,151.69515397049398,177.16196339890143,114.53377814548094
2005-03-08,149.32750801706126,136.26006704191062,190.663295849449,253.45173944079895,153.5045984824932,125.45598082856225,83.6809507634317,169.3253180341567,175.3185914680076,150.76981353127397,176.71905849040417,113.92674912130988
2005-03-09,147.98356044490774,134.51593818377415,188.73759656136957,246.0762938230717,153.4124957234037,125.05452168991084,83.21233743915647,166.3959900321658,174.17902062346556,149.86519465008632,174.7574769411607,112.78748163009679
2005-03-10,148.36831770206447,134.70426049723145,188.77534408068183,241.696135793021,152.93691698666115,125.31713618545966,83.09584016674165,167.17805118531697,174.26611013377732,149.97010028634136,175.5438855873959,112.76492413377078
2005-03-11,147.89353908541787,135.05449157452426,188.71871147745765,243.75055294726167,151.9734144096452,123.80079883761559,82.78838555812472,166.05795824237535,173.84787146945624,148.59037536370704,174.01665378278554,112.39279988412933
2005-03-14,148.470323887851,135.82430217649903,189.49245819451522,245.09118098847162,152.88525489610305,124.14744107436091,83.27683703291765,168.831126145023,174.35203029671763,150.67064061879893,175.14776203237363,113.11211380338774
2005-03-15,147.87644259229958,134.62904831734585,189.13242252394562,241.68441357273184,151.69274990791342,123.14184680165859,82.92707431737941,167.85190561338186,173.53257575432306,148.907794123559,173.97427202675672,112.80671109611859
2005-03-16,146.7525816285981,130.38823329534947,187.1465320874442,242.1919508412346,149.58422068419344,121.86117159492133,82.69487850929073,166.32445327230008,172.30049446646737,147.80587644704465,172.512888141732,111.58839861628051
2005-03-17,147.0020610173667,129.30601095899806,187.78283029654153,246.96313227280692,150.2723080993407,121.76368265764539,82.87680724201117,167.3889297732428,172.8690860982067,147.74675409646585,171.96084689967844,111.91200497226772
2005-03-18,146.56105483431463,128.55603609543587,187.65138231533393,250.42061612462624,150.888424562548,120.9600423521049,82.74420435042396,167.00393523476436,171.97016685049604,147.80585279810444,171.20421917331984,112.24774098718451
2005-03-21,145.7110007162756,129.14739386147488,187.125958444851,248.4422932572417,149.60587295376635,121.22615444527953,82.56216710085302,166.66992736429484,171.14471004961365,147.6137051894669,169.81746499801596,112.03447027930886
2005-03-22,144.9095902123361,128.0367262742662,186.07805307755982,244.66597039973163,149.00744946195127,120.0866285934939,81.58793352906295,163.68653566447392,170.80242062951442,147.2889550380501,167.1513307975471,111.35106001060508
2005-03-23,144.9530630893998,126.34664148744588,184.83133012194017,240.3109161266164,149.5885785148529,120.53094911928983,81.84901491635596,162.49162395412327,170.5291367565072,148.99750691649146,167.03432486598882,110.6718185445404
2005-03-24,144.76462410738358,127.31951062689922,185.47823977736698,238.8690506298567,149.33427793137764,120.56710840402562,81.52980375818217,164.18153684324614,171.17714747618194,149.16140417409963,166.48311159393106,111.01490118202848
2005-03-28,145.5608295399742,126.23729478657057,184.92180505803486,238.55852086403792,149.22974393682566,120.61533524738724,81.95375873772471,164.34571838008938,172.20421036103903,148.84816522533401,167.43206533001646,111.17032204368333
2005-03-29,145.25515179794027,124.77294216704635,181.79662655255407,235.29026912820058,147.09575859852905,119.69865869950709,81.50301306466723,162.30783147217628,170.8265766781507,148.16346366529746,166.7121074490974,109.70287379270671
2005-03-30,146.98368810433576,126.44489959208478,184.45085730022134,238.72550705747227,149.75819182916243,121.64974683630905,82.49734982405616,164.5476795464923,172.73983433694602,150.1044050393129,168.74599515997636,111.21677345104605
2005-03-31,146.85140278504184,126.457544082044,184.89353935774187,242.35413476474585,150.1026356703695,121.29696257048374,82.78609054844037,166.30833971763977,172.4634506020069,149.0536742040377,168.4591269682044,111.18340841901076
2005-04-01,145.82344296554658,125.38265495734662,184.2464119699898,247.9040444508585,149.03690695710986,120.43575413623331,82.34732426853364,166.99020391048208,170.0489622935788,147.78671797330338,166.2523124049209,110.28282281081675
2005-04-04,145.80886062125003,124.9062008685087,184.06216555801979,246.61494341971402,150.0205505430268,120.80910497405564,82.82493874929114,167.2740872571299,171.29031971832194,148.17096344003394,167.34957766679338,110.59161471468704
2005-04-05,146.6108093546669,125.2934100912011,184.6511644878055,243.38428766091576,150.5456224699274,120.83326679505045,83.27219341853731,168.1606399195927,172.814803563815,150.86767497464257,167.76795161096035,111.23304608003221
2005-04-06,146.14165476473198,125.89481845963886,185.14972263192254,247.4974821223852,150.9520956505962,120.59160026146034,83.06401293499097,167.89158289572134,172.50373691740012,151.38062506955637,168.84166650127048,111.14405964316818
2005-04-07,146.7700638802203,126.88938752547001,186.6309204129779,246.77973942423029,152.50690223579733,121.8939895442841,83.6122354203619,168.81498660164783,172.60723915955055,152.84901713273106,169.41572816737482,111.79980959506288
2005-04-08,146.13895260553537,125.15100291637107,184.9325790372198,242.63383980190318,150.84457700142713,120.91883762792983,83.15236812554991,167.48134820749482,170.84664532012312,151.62622499566922,168.07734391485255,110.89423113734287
2005-04-11,145.87590249084542,123.2361925717506,184.72915320027886,243.89553576887312,151.20660398623053,120.24169213721343,83.00269386292392,168.8379471279755,170.60746001667496,151.5504118831714,168.02692071167812,110.98294652225273
2005-04-12,146.86785862778316,123.45801771837976,185.70821771224038,241.31024308972303,151.28220728822365,120.73468307497602,83.48410948732888,170.30683726798887,171.66522626877833,152.535489560412,169.9088222236489,111.88190838908298
2005-04-13,146.23632683568368,119.84069779923124,182.27261568456393,235.27748701247995,148.86169197161206,118.73048733593141,82.71605568004546,168.96141325357178,170.25757141337436,153.35918120403824,167.59806224140726,110.21486795408563
2005-04-14,146.0608432434809,116.01777953943575,178.93702681753643,234.14815507482004,146.19706768532018,117.16324490309711,82.21148774039719,167.05214928380641,168.2144805564139,153.31317344967704,165.45280704471725,108.60573088195599
2005-04-15,144.14744619699127,113.3145652761669,175.1614555516864,224.85247331834967,143.87253430912358,113.69521285396544,80.71523866352194,164.1287366713398,165.13615556223152,155.24491943514295,163.50046392158958,107.44364956151907
2005-04-18,143.23931728595022,114.22108179837625,175.7745206461173,228.8548473434163,144.66383324782376,113.83164710939022,80.5215220907295,165.12992196503498,165.99486357115515,154.31344991853211,164.4978167515113,107.81970233498438
2005-04-19,144.2706403704091,114.87214196462699,177.8310825376769,234.41602013386134,145.6041481639346,115.22039320412478,80.7550345047926,167.32614992716998,166.42645021644014,154.34431260851582,165.2709564902434,108.36958281689282
2005-04-20,142.29413259733448,113.2294703345328,175.5726277894484,229.4229589050101,143.07063598588215,114.26406394053055,79.94748415974469,165.75328411785458,163.74698436795546,152.61565630730044,162.8414734298368,106.5923216586958
2005-04-21,144.8981152238657,116.66032328566915,179.61079822860572,236.8333204776419,145.90343457840262,117.68055945235241,81.51445484927568,167.99095345344563,166.25231322878517,154.7064907987105,164.17677351196147,108.86273811002603
2005-04-22,143.7823997366419,115.28373147089826,177.49139080950815,237.5911871031704,144.63407469757053,116.05656773190994,80.9275507743609,168.6629172672594,163.50915006051022,154.16501808091502,163.10962448413372,107.69790681224873
2005-04-25,145.5221667734553,115.64111103845805,179.0888133267937,240.86994548519414,145.8490009250301,116.99662593053841,81.34028128331015,170.07968577230437,165.25869796615768,154.334599600804,165.1648057526338,108.9364327405896
2005-04-26,144.64903377281456,113.76772503963501,176.20548343223234,237.28098329746473,143.70502061143216,115.67456405752333,80.52687847047704,168.17479329165457,164.39935273673368,153.90246272192175,164.19033339869327,108.16298406813141
2005-04-27,145.38674384505592,113.40366831950818,175.99403685211368,232.08452976325026,142.97212500631383,116.02158774969588,81.39656875795819,169.0493022167712,165.04051021240693,154.4411213414485,166.30838869953638,108.2495144553859
2005-04-28,144.51442338198558,111.9747820986824,173.67091556566578,225.67899674178454,142.4431281437905,114.60612437914959,80.6314410116334,167.89976696169714,162.9609997837306,152.91215424016815,164.62867397367106,106.67989649578283
2005-04-29,145.4104128069539,112.4674711399166,175.49446017910526,228.72566319779867,144.3945989993604,115.8438705224444,81.1152296577032,169.83061428175668,163.35210618321156,154.91530346071437,166.9664011440972,107.78936741933896
2005-05-02,146.0211365407431,113.6708730811137,176.67027306230526,232.77410743639973,145.6363925507549,116.13348019875052,80.76643417017509,170.83261490601905,165.001962455662,155.34906631040437,167.63426674867358,108.3390931931776
2005-05-03,146.85345701902534,113.83001230342727,176.56427089846787,227.37374814387525,145.95679261436655,116.63285416360513,80.8229706740942,169.6709531246581,165.74447128671247,155.87725313585977,167.81866444209714,107.7865638178924
2005-05-04,148.263250206408,119.41906590752554,178.93023212850736,229.98854624752983,147.75206116352325,118.06743826981747,81.81709321338555,170.53627498559388,167.26932042255024,157.2957361393961,170.94009160072014,109.00455198903461
2005-05-05,148.24842388138737,117.3889417870976,178.26819026963187,232.33442941925463,146.82122317819304,117.77226967414293,81.30164552614121,169.8882371406486,167.70422065564887,157.04406296157305,170.25633123431726,108.6775383330675
2005-05-06,147.83332829451948,117.78806418917374,179.26649213514182,231.75359334570652,146.5569449764723,118.37290824948109,81.12278190598371,169.76931537465015,167.87192487630452,156.41588670972675,169.6263828087503,108.87315790206702
2005-05-09,148.3803116092092,118.6361382513358,180.05526470053644,234.4882857471859,146.83540317192757,118.79905071917922,81.44727303360764,171.09351603457242,169.41634658516654,157.21360773194638,170.9664312329394,109.52639684947943
2005-05-10,147.40100155258838,117.48536771029782,177.9846291564803,230.94751263240337,145.52856808369742,117.40910182576482,80.86899739506903,170.23804845439955,168.12878235111924,156.45898241483303,168.8122541994044,108.23398536665556
2005-05-11,147.71054365584882,117.10941453362487,178.9457461539253,232.33319770819782,146.38718663539126,118.10181552653685,80.61021660340482,170.95304825790802,168.46503991582148,157.11611014097534,169.60567179414159,108.80762548909884
2005-05-12,147.10493042685985,115.02486695492632,176.47629485700114,222.3428702067453,144.35240474115932,118.03095443722091,80.38450799691527,169.07256472707104,166.94885455657908,156.55049214446782,167.89265450902076,107.4475301704851
2005-05-13,146.45766873298166,114.9328470613624,174.72917953791682,218.25176139494116,142.49025871999837,119.63617541756713,80.11120066972578,166.3843109479106,165.89707677287265,155.8460149298177,166.39840988389048,106.79210023644514
2005-05-16,147.93689118718478,116.46145392727854,176.8608755282794,216.81129976973455,143.21695903947037,120.71290099632522,80.40761211220375,167.39925524469285,168.4684814628522,157.52915189105974,169.26046253389342,108.06292622925884
2005-05-17,147.9516848763035,116.7875459982749,178.52336775824526,220.73558429556672,144.97852763565584,121.35267937160575,80.76944636670866,169.52522578630044,170.35532845523613,157.49764606068152,170.3945076328705,108.7545289571261
2005-05-18,149.19447902926444,120.7349650530166,181.701083704342,220.55899582813026,147.80560892455114,123.13656375836834,81.24598610027225,170.050753986238,173.57504416304008,158.09613711571214,172.14957106148904,110.55985413781437
2005-05-19,149.89569308070196,121.83365323499906,181.6284032708603,224.7496167488647,147.74648668098135,124.13396992481114,81.98532457378474,170.64593162518983,174.5123494015205,158.34909093509728,172.30450567544437,111.05737348143454
2005-05-20,149.76078695692934,123.35657390043654,181.33779782562692,222.43469569635138,147.244148626266,124.3698244676683,82.0673098983585,170.5947378457023,173.70959259427352,158.00072293504007,172.2700447743093,111.01295053204197
2005-05-23,149.91054774388627,123.8500001960383,182.7885002082319,225.9046769492145,147.71532990187006,124.91705169532604,82.1986175941959,170.4241431078566,174.85607590539573,158.5221253207257,172.4939958325159,111.43479974406372
2005-05-24,150.06045829163014,122.53719019396027,182.73366365816946,227.5763715586387,146.96198171937053,125.36675308142921,82.17395800891764,170.52639759372127,174.3664788928606,158.75990850870681,172.23525483876713,111.5685215037566
2005-05-25,149.56525877926777,121.99802655710685,180.99769385341688,230.034196371472,145.71280487475588,124.73991931602207,82.00139269709891,170.44113439492443,173.5295197941749,157.77559707595285,171.28796093715394,110.80985555753105
2005-05-26,149.81951971919253,123.36440445454646,182.8800698694924,231.94348020135521,146.3976550576672,126.24927233974591,82.45240035693296,171.1569871593831,174.39716739314574,158.5013648225022,172.79529499340086,111.65201045976829
2005-05-27,149.72962800736101,123.41375021632828,183.24583000923138,235.42263240437552,146.2658971681153,126.211397558044,82.55958847739697,172.30373897335096,174.55412484379954,158.16851195637497,173.12360605388835,111.80832327441198
2005-05-31,148.80130431371538,122.37707471451111,182.54949585519628,233.56279360838093,145.11039658048716,125.40364461367253,82.336677588508,172.64834645129767,173.87336375690873,157.23531773583235,172.50036107209434,111.15983499942037
2005-06-01,149.53043070485253,122.36483700703967,184.06465667079442,238.04719924566186,147.28705252919445,126.63260033088652,82.37784592730225,174.72012660871326,175.6468720672292,158.17872964224736,174.07011435785043,112.20473744841493
2005-06-02,150.21827068609485,122.89100580616994,183.9910308081261,238.1662228452847,146.59480338230725,127.27842659257406,82.81444851071697,174.6327665454089,177.38577610069478,158.32109049892534,174.01789332354306,112.46280834454627
2005-06-03,149.21180827249802,121.49004833997961,183.05267655100468,238.64255529097528,145.39272599457232,125.67471841750763,82.66538250339768,174.77247275864522,175.4345325635871,156.9436970115847,173.04339312093123,111.95672570699583
2005-06-06,149.22672945332528,121.31996227230364,183.4920029747271,239.78803955637193,145.50904017536797,125.68728588934938,82.3595205881351,174.85985899502455,176.57485702525042,156.8338364236766,173.63174065754242,111.85596465385952
2005-06-07,149.64456429579457,122.50889790257222,183.6571457774043,238.13350208343297,146.36754351240265,125.14683056002518,82.51600367725256,175.13963476941657,176.9103492535984,156.80246965639185,173.61437748347666,112.09086217963262
2005-06-08,149.58470647007624,123.47671819600254,183.25310005669402,237.51435497801606,145.67961605789435,125.03419841252115,82.54075847835574,175.2797464772321,175.74274094852464,155.84597459148787,173.51020885698657,111.41831700655483
2005-06-09,149.85395894172237,123.32854613416735,183.65625687681876,244.18850835289828,145.24257720972068,126.09698909902758,82.57377478174708,176.01592141243648,176.7269002978364,156.6252044644453,174.2563027550716,111.7748556209758
2005-06-10,149.68911958688648,125.03048007081887,183.39913811719123,244.28618375623944,145.3732955292094,125.13865198187497,82.92058463583042,176.63197713738,176.69155491777684,156.46857925998086,173.6986825862554,111.40599859742659
2005-06-13,149.91365326626683,125.7806629512438,183.8943157901076,245.11675678101068,145.27153422233897,125.60166499420791,83.54248902059915,177.60345301163562,177.15095296056305,156.92233813983478,173.92449087361751,111.63995119448118
2005-06-14,149.71876551702067,127.69252902810271,184.29888328484586,246.24429386220334,145.7509302852727,125.19973966622644,83.5759060162074,178.08298233476702,180.00308330322812,157.9266411039297,174.46365679532576,111.91905107246738
2005-06-15,149.50915924529687,128.27991466163198,184.99921904132827,249.2484742473222,146.37765928549936,125.71305859885797,83.3753238417685,177.47750019482882,180.41709039482555,157.56340982939068,175.03938686275035,111.98620250311085
2005-06-16,149.8829321434101,128.8956582520078,186.05371458986386,253.01212620845678,146.9778076885699,126.2159108332534,83.1251978702432,177.61948219498467,180.81400799369416,158.80816076704286,175.68703259414252,112.42294869287296
2005-06-17,150.13773312805392,129.0632226077354,187.11422076302608,257.00971780255037,146.91901656549447,126.17804606000345,83.15844794939129,179.28910532761753,180.34389157291056,159.55455912264796,176.44248683429734,112.94009425686018
2005-06-20,150.19778822130513,128.76637719573762,186.32834103582138,257.34383043569375,146.184421482667,125.97616118630744,83.61581941311294,179.48632334347792,180.16354768133763,159.68220276994606,176.37190983956364,112.63515600236664
2005-06-21,149.8823728660404,129.4102090817163,185.95568435374975,251.88814123045705,145.7897235446638,126.42967536657814,83.5071188478759,179.23504249079704,179.87528600504749,158.9476646372043,176.636467704323,112.66894654916734
2005-06-22,149.77745520503416,127.98669678181741,185.88130208000823,252.5934280259023,146.0521450470442,126.65724878223799,83.52382027164548,180.5434583009799,180.43289939166317,158.50261117622014,176.91908605264993,112.20700386831577
2005-06-23,148.2347474164223,125.8237216062047,183.16743506964013,251.2799422001676,143.48162729421622,125.4920020934414,82.65517254082036,180.94065390924203,177.9429253800582,157.29799133128083,175.14989519212344,110.19849849907291
2005-06-24,146.53004782113345,124.32641931909086,180.6946746962,249.21944667412626,141.70245511576795,123.68491726329584,82.38241047143566,179.7283515280501,176.00334749341556,156.79463775902073,174.9747452969313,109.64750600657753
2005-06-27,146.4567827972229,123.35667324840193,180.29714641186837,253.48109921225378,141.6174336426985,122.79438585900012,82.1435014810685,180.55510194507914,176.0561484976636,156.24585652686417,174.9747452969313,109.6804002583795
2005-06-28,147.99457901659372,125.81147104604513,183.1278116105347,250.43932602170673,143.7275334039747,124.1328446648632,82.8499355938057,182.18009786258483,179.1371310963727,158.04268387692312,176.89946749519754,111.29270214217767
2005-06-29,147.21020774780578,126.11341857655563,182.48686426989784,249.1871293915982,143.82814267735745,124.28180407846105,82.85822058736507,181.9614817451497,178.7967705472896,157.44212167819083,177.64244525867736,111.19253871024972
2005-06-30,146.32694650131896,124.95317512565131,181.22770490643555,247.01920136589126,141.9152283797486,123.26269328501766,82.5019302388394,182.27081626411646,178.0994631421552,156.29279418994005,176.66541180975463,110.60321825508541
2005-07-01,146.86835620337385,125.64041758884241,181.55391477526712,252.4289218758043,141.97199447110052,123.38595597830266,82.64218352024544,184.2028869165161,178.4378521221253,156.07398427807414,177.05407571573608,110.86866597889762
2005-07-05,147.38239545008565,126.79630943065978,183.13343383381192,260.10276110082873,141.91520567331207,124.55812256009655,82.95622381762237,184.95811875287382,181.64973346032355,157.07285777745378,178.48821372903353,111.27888004301954
2005-07-06,145.83488029785977,126.22572603822182,181.503546272691,255.75904499044486,141.20562964494553,124.24672725369632,82.54973832091602,181.98029304095255,180.03305083252664,155.8948113441229,177.52437737489677,110.67797409078723
2005-07-07,145.5869610013534,125.84704886010715,182.2840115216636,258.6491221988369,141.13502683012305,124.71886481726038,82.31859905361746,183.5453235611047,180.48313345960796,156.2845483724832,177.87942612964656,110.7443808752417
2005-07-08,147.5232675826714,128.08712632981707,184.9818148921842,257.6403906222614,143.56254929160116,126.8889730650807,83.33111782197695,185.39913132907188,182.6308827477773,158.59755968839593,179.5337047926523,112.37232327410776
2005-07-11,148.31989322761785,130.0340506500303,186.83163304110604,259.3923452784928,145.71598753097516,128.2974406661031,83.69777474039365,186.7525449877741,183.83624657391263,159.23194992714951,180.3056997232607,113.09150614306205
2005-07-12,148.31989322761785,129.60493828288523,186.27113814198273,261.1821524609144,145.84713191975302,128.95175761350026,83.78147251513404,187.29412736823863,184.88411317938395,159.61410660697467,180.5040359929563,112.92186888384745
2005-07-13,148.70552495000965,129.60493828288523,186.42015505249628,260.03295099008636,146.18258032316845,129.46756464395426,83.88201028215221,187.46269208287003,184.36643766248167,158.752190431297,180.75674164334646,113.04608293961971
2005-07-14,149.5234053372347,131.23796050524956,186.8302793936118,253.89617334672033,146.67960109626722,130.20552976242482,84.12526811197044,185.4943338159999,184.60611403144293,160.1492097070924,181.13633080079748,113.38522118843855
2005-07-15,149.73273810470684,131.86790271567475,186.73686425391497,252.70286133199073,146.3862418940747,130.32271473921097,84.11685558515924,185.3273889155655,185.56606582440645,160.78980654592078,181.53483072855923,113.52128345386467
2005-07-18,148.7295287594053,132.21075926273548,186.30736946613098,251.48988759759717,146.0202762893395,129.56684299372355,83.27568702930765,184.9011359210597,185.91864134947284,159.6964358614085,179.9010172520022,112.96502916494073
2005-07-19,149.4285575445745,133.4006560961001,189.12061074506954,256.117301529393,146.4583371182075,131.75652264031746,83.31732487282231,185.82564160066497,187.07133692583955,160.17552516899272,180.15287867615498,113.76708087201182
2005-07-20,149.772243226927,133.58741701463467,191.90068372302204,256.8600417038282,147.8496913208305,131.61159046541312,83.40064219769512,186.56894416706763,188.02540074416135,162.72231601917971,180.7113526000511,114.85924484838314
2005-07-21,149.27799482427818,131.5969645011166,190.5765690053332,253.77772120338227,147.1252278333584,131.21675569401688,82.95861879404734,183.58384106039455,185.82550355545465,161.38799302782243,179.41023086133072,114.18157530377768
2005-07-22,150.38265198597784,131.74172116206785,192.17741218497798,261.4164306116041,147.7725788358252,130.84934877807362,83.50614567808805,185.76848876901326,187.01478677820955,160.8715514501334,180.59433838501548,114.99226448843451
2005-07-25,149.75104484763676,131.00396752356025,191.06278319430513,262.85422097996786,146.94505239434454,130.23435683881667,83.2806790847572,185.41552864035214,185.93010101489594,159.68110196940245,179.81778272995993,113.96883333448744
2005-07-26,149.97567141490822,131.60658577416862,191.61686526556858,261.750233251852,145.4315183546828,130.82041144459134,84.02187712861154,185.54531951040036,186.48789131794058,160.17611338550762,180.14145473887385,114.29934295115744
2005-07-27,150.09565195204013,131.7513530185202,191.98093730957316,262.8495842315098,146.69677256436853,131.51375962524767,84.88730246303624,186.3617189162461,187.3643844071349,162.0341563007795,180.12344059339995,114.69939065148651
2005-07-28,151.26639803726604,132.79218870736653,193.76636002655223,264.7683861963999,148.66250931673108,131.671576136798,85.60884453397203,187.79670415190122,189.3317104434098,162.84432708228337,181.18616889290104,115.85785449706651
2005-07-29,150.28316645002383,131.7696888543198,193.0881777664593,261.59116556204305,148.0529930285325,130.8025437342951,85.0866305823148,187.74036514065565,188.4986509174588,162.11152761041313,179.7366795417578,114.88464851929116
2005-08-01,149.78723200073873,132.15182095199734,193.04956013090603,264.1024407514387,147.49039165502407,131.28651314611201,85.01005261479072,185.99437974484755,188.46095118727533,163.0517744705535,179.97033722516213,115.02251009751431
2005-08-02,150.4313170983419,132.50863086856774,194.82561608411038,267.69423394565825,148.3310868874577,132.87507995517998,85.17157171475883,189.8258639675914,188.91325747012476,163.7528971007769,181.15814145084818,115.27555961972884
2005-08-03,150.85252478621726,132.07135238670145,194.20217411264122,266.0345296951952,148.3904193222127,133.23384267105897,85.52077515878933,190.54720225066825,188.08203913725623,163.76927239048698,181.50234191960476,114.96431560875557
2005-08-04,150.15860317220066,131.22609573142657,192.5320354152725,265.9813227892561,146.47618291295615,131.92815101288258,85.28131698834471,189.13715295401332,185.14795932671504,162.0333181031478,180.12292412101576,114.36650116759004
2005-08-05,148.76212816269918,129.06086515185805,191.33833679569784,264.0928553974524,146.19787816542154,131.4400168541349,84.7355165596193,185.9029076384997,183.55568687650526,160.73705155832263,178.06952278603617,113.5430623591834
2005-08-08,148.19683207568093,129.26736253610102,191.41487213041611,267.6316996597783,146.19787816542154,130.743384764808,84.36268028675698,182.5938358825344,183.1335087966893,159.78870295412852,177.42847250400644,112.96399274115157
2005-08-09,148.8044390871912,130.24979449137538,191.9699752595943,267.8725681894721,146.34407604358694,131.41017602710855,85.09663560525176,183.98154903524167,184.4520700600255,161.24278015101112,178.4043291027785,113.74344429106552
2005-08-10,149.04252618973072,130.0153448612909,192.23873322495774,272.5335508759689,145.9050438154562,129.9252410380022,84.84985536199655,184.4047065980227,184.3598440249955,161.0009159807846,178.26160563949625,113.45908568033785
2005-08-11,149.77283456806038,130.28837708549963,194.08422506391736,275.4769132254293,146.66375004329657,130.87369529757967,85.30804458095133,185.8061823681677,185.07884741669298,162.24062303383667,179.3668275944611,114.68444380568548
2005-08-12,148.99401582830646,129.54573333611228,192.8032691784955,275.33917476881663,145.76910116803245,129.56495834460387,84.91562757587894,185.41598938519454,184.37554779650955,161.18605898411673,178.52380350476716,114.09955314227649
2005-08-15,149.70918710428234,129.67527906944838,193.69016421671654,272.69591869103596,146.27929302212058,130.35530459050594,85.31473102548559,185.89807095759602,185.35273819983107,161.65349855517067,179.38071776159,114.23647260604723
2005-08-16,148.6312809571315,127.95059785782472,190.39743142503235,266.5329909286186,144.30452256632196,128.6997922222065,84.71752790830718,183.16536931451935,181.1266957688749,160.40876661629585,178.250619239692,113.02556599642313
2005-08-17,148.91368039095008,127.83544231975267,190.91150448987992,260.61595853000324,144.16021804375563,129.84522037298413,84.92932172807795,182.34112515260404,181.92365323025794,160.61729801289704,178.26844430161597,113.09338133602098
2005-08-18,150.0603157299604,127.89936004091255,190.05240271967548,260.1729114005022,144.5782826760825,129.00122644055975,84.4452245942279,182.99755320315342,181.63257538508952,160.6654832023009,178.26844430161597,112.91243192588334
2005-08-19,150.33042429827432,128.51327696910892,191.00266473327383,264.2576261094901,145.02647535237838,128.97542619527164,84.40300198193079,184.33343534153644,180.30665758477838,159.79788959300848,178.53584696806843,112.81081073715005
2005-08-22,150.34545734070414,128.7060468845626,191.65207379336698,265.31465661392804,145.3890415407593,129.2462745902817,84.54648708530009,185.6606360759955,180.39681091357076,159.82984917092708,179.0714545089726,112.87849722359233
2005-08-23,150.10490460895903,128.43576418610502,190.29134406943407,264.83709023202294,144.58940181228513,129.14287757060947,84.52112313917449,186.68176957441352,179.9999379295609,159.14258081949208,178.24772581823132,112.29152903802967
2005-08-24,149.384401066836,128.3201719983375,188.92124639213415,265.9758897200207,143.21580249506843,128.67796321135526,83.68436402009665,186.17772879656258,178.12793857509348,158.74472436744335,176.6969706036127,111.74130054574331
2005-08-25,149.71304674918304,128.3073399811377,189.75249987625952,266.4014511435727,143.04394353207437,128.96105473042024,83.54210060126249,187.57406176253681,178.76919915396383,158.98284145399452,177.17405242424243,111.8865642364528
2005-08-26,148.88962499206255,127.12691245331122,188.80373737687825,263.0447928591637,142.3144194200608,128.4194183005525,83.23299482903782,186.54240442284288,177.60719935946307,158.23562209916076,175.61492076290907,111.14811291249221
2005-08-29,149.82762962951256,126.94893477587658,190.33304764963094,265.1228467227511,143.39600900765328,129.36972199597662,83.54928020938817,187.73627581114906,178.51299607619634,159.9603903800416,176.66861028748653,111.53713130768593
2005-08-30,149.13842253321678,126.66964711936966,189.60978206856234,269.1262017082646,142.37789734369895,129.18860438518226,83.47408585719973,187.83014394905462,176.31728622445914,159.5284973260155,175.66159920884786,111.0463679299321
2005-08-31,150.3911852824958,128.01234537883497,192.34016293034963,276.82321107712096,143.07554904068306,130.2867075224563,83.98327778092863,190.08410567644327,177.95703698634665,161.60236779125367,177.13715664220217,112.51217998660721
2005-09-01,150.0001682007613,126.65541451781932,192.6479071910382,284.57426098728035,143.20431703481964,129.86979005838444,83.71453129202966,192.70726633477818,176.37321935716815,161.7478099222658,177.72170925912144,112.10713613865542
2005-09-02,149.8051679821003,126.26278273281409,192.01216909730778,279.16735002852204,143.04679228608134,129.584076520256,83.36293026060314,192.0906030825069,175.7030011236109,161.42431430242127,177.4906710370846,111.9838182889029
2005-09-06,151.21333656113205,127.42440033395599,194.20110782501712,280.5911035136675,144.31990873742745,131.24275269971525,84.32160395860008,194.22280877672276,179.25220174630786,163.87796387981808,179.49631561980368,113.56279012677642
2005-09-07,151.6367339035032,128.2271740560599,194.64777037301465,281.76958614842493,144.99821230849338,131.5314867556546,84.15296075068288,193.9897414061907,180.77584546115148,164.61541471727725,179.76556009323338,114.14196035642298
2005-09-08,151.1818237017927,126.84232057625444,193.57720763596308,281.9950018173437,144.34572035310515,131.49202730962793,83.71536535477934,192.6706111646286,179.31156111291614,164.12156847312542,178.8667322927672,113.5484221625696
2005-09-09,151.66560553763844,127.32432139444421,195.39683338774114,289.74986436732064,145.3850095396475,131.9391002024807,84.1088275719468,195.19459617088526,180.53087972848394,164.8929398449491,180.11879941881656,114.07074490451741
2005-09-12,152.16610203591264,128.1646619156475,195.6899286378228,285.171816510317,145.00700851484442,132.37449923314887,83.97425344783169,194.66757076122386,181.5599057429363,164.43123961338324,180.37096573800292,114.3102934688169
2005-09-13,150.76617389718226,127.0880787555561,194.69191000176988,282.4056498901669,143.1944209084089,132.25536218383905,83.60476673266123,193.59689912203712,178.92728710966372,162.68826847348137,179.0001463983941,113.46439729714766
2005-09-14,150.2234156711524,126.97369948467609,193.09543633975537,285.37090921401364,142.62164322477526,130.9724851706558,83.11149860893853,194.31320764878868,177.2990487969658,162.00497774589275,178.42734592991926,112.96515394904021
2005-09-15,150.8393316754041,125.99600199864409,192.96026953431752,285.399446304935,142.55033240316286,130.38310898738786,83.0117648106078,195.47908689468142,177.1394796530485,161.7943712748231,178.58793054125616,113.5186832033905
2005-09-16,151.38235326943555,126.36139040444014,193.75140663940823,289.22379888542116,143.3628692978609,131.16540764131216,83.61775069372524,197.31659031149144,177.4229028204934,162.81367581385447,181.0524439827255,113.87059112132101
2005-09-19,150.44378267916508,124.55442252165665,192.12389482363722,296.07840291900567,142.015258326461,130.3784151954643,82.84846738734298,197.35605362955374,175.48899317975003,161.57629187766918,179.62212967526193,112.78882050566845
2005-09-20,149.22518803946383,121.82668066843236,190.45241693867158,293.9170305776969,140.77972557902078,129.8177880101238,82.21053418846043,196.29033093995415,172.36528910115047,160.83304093503187,178.6880946009506,111.64965341856121
2005-09-21,146.79281747442056,120.93734589955281,188.7954809113051,297.85551878743803,138.1893786283668,128.22102921759927,81.30621831238736,193.8759598693927,169.5729714177118,159.65895973620613,176.00777318193633,110.90160074065685
2005-09-22,147.32127161732848,121.33643914102134,189.7583378639528,296.33645564162214,139.04615277586268,128.3748944526604,81.34687142154354,192.36372738241144,172.4726692289547,159.56316436036442,176.8702112705278,111.40065794398978
2005-09-23,147.8221639408274,121.97952226846877,190.80200872220453,291.23946860458625,139.88042969251785,128.86271905158054,81.6397201586611,192.80616395539096,172.83486183433547,159.2440380316437,177.66612722124518,111.90196090473773
2005-09-26,148.02911497034458,121.9307304595614,191.3553345474989,296.30703535830605,139.55870470422508,128.7467426044341,81.6397201586611,193.98228155551885,173.38793339220538,158.60706187951712,177.48846109402393,112.01386286564245
2005-09-27,149.2281508016044,121.18695300375808,192.00594268496042,296.36629676537774,140.17276300492364,128.33475302809993,81.37847305415339,194.60302485649652,173.4226109788838,157.65541950824002,177.54170763235214,112.37230722681252
2005-09-28,149.3326105071655,121.05364735545395,191.94834090215497,299.1225033252958,140.2708839390271,128.69409033657857,81.85046819786747,196.45175359263325,172.31270626861897,157.79730938579743,176.83154080182274,112.56334014909812
2005-09-29,150.3331389975635,121.35628147384256,193.0808361134777,301.5753078525632,141.22472594981247,130.44432996515604,82.18605511747873,198.76988428502634,173.7429017306485,158.302260775832,179.39559814344915,113.4413342022611
2005-09-30,150.9495048674535,122.4848948915493,194.50963430071744,296.90089058084845,143.48432156500945,131.21395151195048,82.72848308125408,198.3922215048848,174.75061056068625,158.49222348876302,179.180323425677,113.91778780591059
2005-10-03,150.9495048674535,122.9993314500938,194.29567370298665,296.12894826533824,143.11126232894043,131.45013662467198,82.40584199723719,200.67373205219096,174.80303574385445,158.66656493460067,179.10865129630673,113.6671686727376
2005-10-04,150.54194120431137,121.72013840301284,192.1778508596241,286.09017691914323,141.4654828121576,129.97789509447568,82.1009403818474,197.08167224845675,174.20870542232535,159.2218979118718,177.4608517043807,112.5418637028775
2005-10-05,149.30749728643602,117.83726598795671,188.27664048717375,275.6478854615945,138.77763863872661,127.97623551002076,81.05004834495975,190.87359957263035,172.0310966045463,156.38774812904046,176.1121492314274,110.8987524928155
2005-10-06,149.11339753996367,117.05954003243619,187.01518699590966,268.83938269069307,137.55639541870582,126.82444939043056,80.50701302104851,188.01049557904088,172.4783774557181,154.71439922405972,176.2882613806588,111.34234750278678
2005-10-07,148.75552538586777,116.91906858439727,188.34299482358063,274.7807330481574,138.40924507030178,127.20492273860185,80.29769478719379,190.15381522864197,172.8578298861207,154.420441865534,176.64083790342013,112.3778313345627
2005-10-10,147.65473449801235,112.96720406624463,186.76091366706257,270.32928517277725,137.9940173350909,126.18728335669303,80.11301008918325,186.788092699095,172.30468483048512,154.28146346785502,175.61632104358029,111.6586132140215
2005-10-11,147.2560667148677,112.47014836835316,186.032546103761,276.49279287471654,138.04921494202492,125.43015965655286,79.13563136609521,186.82545031763482,171.908384055375,153.2477776626204,174.38700679627524,111.17848117720122
2005-10-12,146.38725592125,112.30144314580063,185.12098662785257,271.90301251299627,137.84214111961188,124.33891726754085,78.38384286811731,183.48127475694915,170.30963608366002,153.09452988495778,173.23605255141982,110.27793547966589
2005-10-13,145.75779072078862,113.18862454665246,184.60264786529456,264.9966759951662,138.25566754297068,125.02278131251232,78.0467923437844,179.57312360462615,170.56510053778553,154.45707120093388,173.66914268279834,110.29999106676183
2005-10-14,147.0696108372757,113.9583071935697,187.07632334668952,268.57413112110095,138.5874811450738,125.71040660973114,78.41361226780019,181.548427964277,172.39014711353983,155.3220307996591,175.7705393092602,111.44711097385616
2005-10-17,148.81973920623926,115.40557769492803,187.9929973310883,271.9044503470026,138.42117616769974,125.99954054493352,78.06859237382187,183.69069941425548,173.11418573141668,154.98032233189986,176.08692628001685,111.40253212946662
2005-10-18,147.5994173447481,113.60525068288716,185.83107786178078,259.6143691913181,137.1892276998072,125.58374206113525,77.33474760550796,180.05362356585323,171.72927224556537,154.59287152607013,175.11844818547678,110.19938478246839
2005-10-19,148.52929367402,114.99123474121838,187.91238593383275,264.1056977783279,138.42393074910544,127.42982306943394,78.0539607582392,180.9178809589693,175.7477372161116,156.0305852312626,178.74340006291612,111.77523598485767
2005-10-20,147.20738296032124,114.12880048065924,185.07490890623188,252.3001730876367,137.77333827458463,126.16826782104653,77.32805892318757,176.34065857070738,174.37690486582594,152.72273682435983,176.97384040229326,110.4227556294409
2005-10-21,147.1926622220252,113.6380466385924,184.20505683437258,254.34380448964652,138.03510761730635,127.05144569579386,77.95441620046539,178.3862102101276,174.88259788993682,151.6231331192244,178.00028867662658,110.6988125185145
2005-10-24,148.64986957802327,116.62672726518738,187.6865324085422,262.8643219400497,140.1746517853746,128.76664021268707,79.29523215911341,183.09560615967496,177.45337207891887,153.29098758353587,181.11529372846755,112.70246102509962
2005-10-25,148.35256983886723,116.26518441066531,187.23608473076172,267.99017621788073,139.93635487733945,127.71075376294303,79.54104737880667,183.5167260538422,175.37716762559552,153.22967118850246,179.91993278985964,112.27419167320424
2005-10-26,147.90751212935064,115.78849715458159,186.4122459579464,265.1226813323494,139.9503485128272,127.46810333079344,79.29447013193236,181.27782199598533,173.74615996667748,152.4175539312034,180.00989275625457,111.34231588231667
2005-10-27,146.2065757398631,112.76641737884701,183.28052022585288,258.9983473935721,139.1386364914528,125.70904350482847,78.61253768879773,178.9755936566363,170.21911291935393,150.344675197739,179.43386109943455,109.98393962855239
2005-10-28,148.38505371838707,114.13089102913105,186.28632075755687,264.9035097141455,142.08837558507162,126.9409921311758,79.58733315613883,182.80567136088834,173.74264855678456,152.10370789755257,182.50218012423488,111.5567099652407
2005-10-31,148.7115008365675,116.11676853303794,187.83249721984458,266.7313439311731,142.6283114122949,128.89588340999592,80.23199055470356,184.8165337458581,177.47811550075545,153.33574793152275,183.7066945130548,112.39338528998002
2005-11-01,148.35459323455976,115.87292331911856,187.66344797234672,268.14502005400834,141.8581185306685,128.50919575976593,80.4646633273122,181.19412968443928,176.5729771117016,152.6457370658309,183.3392811240287,112.24727388910306
2005-11-02,149.39307538720166,116.88101775199489,190.1218391407845,272.40852587286713,143.07809835003223,130.25692082209878,81.45437868623813,182.40813035332502,178.9390550049984,153.31737830892052,185.3376792882806,114.1667022726067
2005-11-03,149.54246846258886,116.6823200218165,190.9013386812617,277.55704701186426,142.8777890123422,131.6115927986486,80.54208964495227,182.71822417492567,180.2095222955339,154.78922514068617,184.8743350900599,114.69186910306068
2005-11-04,149.10879530404736,116.78733410983611,190.32863466521792,270.9511892929819,143.1206812536632,132.26965076264182,80.63874015252621,182.1883413248184,181.07452800255246,155.5167344988474,185.5029078293661,114.46248536485457
2005-11-07,149.60085432855072,118.20046085256513,191.5467379270753,266.42630443178905,142.96324850428417,132.89131812122622,80.48552654623641,181.31383728645923,182.17908262336803,155.7189062536959,186.74577731182285,115.14926027704371
2005-11-08,149.04733116753508,116.53383435454397,190.78055097536702,268.9573543238911,142.6201367078739,132.5325115622989,80.54186641481877,180.96934099561497,180.15689480624866,155.54761545681686,185.86807215845727,114.11291693455033
2005-11-09,149.18147376558585,115.53164337909487,190.99040958143993,266.8056954893,142.7199708035694,132.50600505998645,80.75932945413878,182.3628049212812,180.4631615274193,156.12314163400708,186.57437083265938,114.52372343551471
2005-11-10,150.8075518296307,116.22483323936945,191.94536162934713,259.3351360155996,144.40406645905153,133.53955189945435,81.55884681573475,181.1227378478165,183.33252579570524,157.57508685120337,189.78345001098117,115.8292938826796
2005-11-11,150.89803636072847,117.17787687193228,192.88589390133092,261.02081439970095,145.06832516476317,133.87340077920297,81.54253504637161,179.80054186152742,183.68085759471708,157.8429644988504,190.65645388103164,116.26944519943379
2005-11-14,150.46043205528235,116.74431872750613,193.85032337083754,261.5950601913803,144.2994630413899,134.04743620021594,81.41206699029742,179.04537958570901,184.01148313838758,156.5960050793095,190.56112565409114,116.0020254754751
2005-11-15,149.75326802462254,115.34338690277606,193.5789329181184,261.7520172274951,143.88099459856988,133.56486542989515,80.83404131466631,179.09909319958473,181.453723522764,157.22238909962672,188.9604121985968,115.34081393026487
2005-11-16,149.24410691333884,114.61672356528858,194.37260654308267,267.196459185827,143.66517310667203,133.92549056655588,80.6885400402999,180.4960661265415,181.87106708686633,156.672110737778,188.261258673462,115.45615474419513
2005-11-17,148.73667694983348,116.65690124475073,196.3357698691678,267.27661812358275,145.3891551839521,135.89419527788425,81.85045501688022,183.00496144570042,184.27176517241298,157.90982041260648,190.46391539994153,117.1533602189348
2005-11-18,149.0638976391231,118.93171081902337,196.5910063699977,268.0784479779535,146.26149011505584,136.26110960513452,82.29244747397138,183.1879664071461,184.71401740882678,158.58883264038067,191.32100301924123,118.5474852055401
2005-11-21,149.3918382139292,119.65719425501939,198.63555283624567,274.2710601262442,146.87578837353905,136.61538849010785,82.41588614518234,183.99399345933753,185.6745302993527,159.04874025503776,192.41153273645094,119.43659134458167
2005-11-22,150.4823986328909,119.77685144927439,199.64859415571055,277.8091568018727,146.9492262677258,137.51705005414257,82.79499922145017,184.6747712351371,187.029954370538,158.3012111758391,193.6429665459642,119.78295745948093
2005-11-23,151.09937646728574,120.81891005688308,200.04789134402196,276.8923865844265,146.59654812468327,138.19088359940787,82.96886871981522,185.81975481679493,187.89029216064245,158.39619190254456,195.03719590509516,119.8787838254485
2005-11-25,151.4015752202203,119.82819499441663,200.4079775484412,277.9722668921058,147.16827466236956,138.46726536660668,83.26755664720655,186.91609137021402,188.04060439437094,158.53874847525685,195.2907442597718,120.17848078501213
2005-11-28,150.59914687155313,119.5885386044278,198.64438734601492,268.99376267149074,146.57960156372008,137.55338141518706,83.20926935755351,185.47683746666337,185.85933338339623,156.794822242029,193.61124385913774,118.9406424329265
2005-11-29,151.27684303247514,119.94730422024107,199.87598254756023,269.2896558104294,147.82552817701168,137.11321059465845,83.01788803803115,185.94052956033002,185.43185691661444,156.1676429530609,193.9791052224701,118.92874836868322
2005-11-30,150.2179051312478,118.72384171719462,200.2157717178911,269.45122960391564,146.4803158706009,137.305169089491,82.33714135611928,184.43441127089136,184.4490680749564,155.77722384567824,191.90352879658968,118.7860338706408
2005-12-01,151.4947573248634,120.38597550123534,204.34021661527964,277.1575347705876,148.25272769263515,139.5707043794676,83.29225219585027,186.33408570698154,185.88777080594105,157.05459708121282,193.7266123201573,120.06892303644369
2005-12-02,151.50990680059587,119.91647019678051,204.1154423770028,277.1575347705876,147.98587278278842,139.68236094297114,83.33389832194818,186.27818548126945,186.3339014558753,157.77704822778637,193.86222094878138,119.91283343649633
2005-12-05,150.7523572665929,119.24493796367854,203.3193921517325,279.76281559743114,148.1634558301278,138.57887029152167,83.17556391513648,186.16641856998066,184.88049702451946,158.01371380012807,193.43572406269408,119.34924311934478
2005-12-06,150.42070208060642,119.12569302571487,203.97001420661803,281.4413924910157,148.60794619761813,138.96689112833792,83.40013793770736,186.22226849555165,185.80489950964204,157.1762411169874,193.39703691788154,119.76696547026249
2005-12-07,149.83406134249205,119.1971684415303,202.84817912848166,279.52759102207676,147.52310819037552,138.45271363116305,83.27503773080079,185.0863126577288,185.89780195939684,156.73614764185984,191.7918415114631,119.14417724981712
2005-12-08,149.60931025047833,118.68462061723173,202.99017285387157,283.32916625997706,147.64112667692783,137.6496878921023,82.71709497800443,186.9186671530403,185.67472459704558,157.14366162572867,191.61922885410277,118.85823122441757
2005-12-09,149.78884142277892,119.94267759577437,203.47734926872087,279.16422751595536,147.80353191627245,138.50311595703332,83.03969164841864,188.30186528997282,186.45455844035317,156.86080303480233,193.05637307050856,119.13160515623373
2005-12-12,150.04348245319764,120.51840244823408,203.8436084974046,282.23503401863087,147.80353191627245,138.8632240585216,82.84039638846245,187.5486578288129,187.06985848320633,157.03334991814063,192.51581522591113,119.22691044035871
2005-12-13,150.88372595493556,120.2171064421135,204.74052037479316,282.0656929982197,150.07970630778306,138.69658818965138,82.96465698304515,189.59293819914694,187.79943093129086,158.74501343224836,194.01743858467324,119.32229196871099
2005-12-14,151.12513991646347,120.92638737012197,205.70280082055467,284.9709696361013,150.89013672184507,138.5995005779186,82.79043120338075,191.8490941637168,188.94500745997175,158.8402604403077,194.73530310743655,119.96663234534203
2005-12-15,152.00166572797895,120.51523765306358,205.10626269817504,282.6912018790125,149.78863872377562,138.36388142693613,82.65796651345534,192.0409432578805,187.92470441968788,159.2214770653644,193.9563618950068,120.00262233504564
2005-12-16,152.4424705585901,120.1536919401044,205.0652414456354,275.7087291926009,148.12598483394171,137.89344423008455,82.61663753019862,191.7144736543421,187.51127006996458,159.2533213607775,194.0339444397648,119.99062207281213
2005-12-19,151.7259909469647,118.89207817473331,202.6044585482878,274.661036021669,148.0963596369749,136.0180933885554,82.18703101504158,189.2413569442011,185.42989497218795,160.57512392807195,192.50107627869068,118.94670366077867
2005-12-20,151.17977737955565,117.76260343207335,203.17175103222297,276.66606158462724,147.45954529053594,135.88207529516686,81.71856493825584,189.8847775578114,185.4484379616852,160.18974363064459,193.04007929227097,118.62554756089456
2005-12-21,151.57284480074247,118.10411498202636,204.55331893924208,276.9703942523704,148.81617310720887,136.3984271812885,81.3590032525275,188.1758145597911,186.07896265075493,161.27903388733296,193.8508476252985,119.1474999701625
2005-12-22,151.9063050593041,118.2694607430012,206.02610283560466,276.1671801090385,149.76859661509502,137.24409742981248,81.73325466748913,189.0602408882221,185.96731527316444,162.47249873809923,194.9170272872377,119.88621446997749
2005-12-23,151.83035190677444,118.60061523308158,206.27333415900742,275.3386785687114,150.24785612426334,137.53231003441508,81.85585454949037,189.11695896048855,186.28345970912886,162.53748773759446,195.1899111254398,119.99411206300046
2005-12-27,151.01046800647788,118.14993289519586,203.7980541490993,267.9596019830699,149.34636898751774,136.1707401650744,81.51205996038252,187.6796700723888,184.38336842009576,160.97712785531354,193.64791082754886,118.96216269925866
2005-12-28,151.23698370848763,118.56345766032905,205.12274150106845,271.41628084865147,149.80934273137908,136.34776212728897,81.18601172054099,187.6233661713671,185.17621690430215,160.97712785531354,193.58981645430057,119.1643983758474
2005-12-29,151.07062302640827,118.70573380952145,204.7945451146667,269.9234913039839,149.35991470318493,135.47513644967435,81.20224892288509,187.17307009255583,184.7132763620414,160.36541476946334,193.2800727479737,119.35506141324876
2005-12-30,150.10377103903926,117.93414653975958,203.2790654808182,270.62529238137427,148.2098433599704,134.63519060368637,80.9099208267627,186.70513741732447,183.3279267893261,159.53151461266216,192.4682964424322,118.8060281307478
2006-01-03,151.1094663050008,118.68892507761404,206.18595611719388,282.4245551292022,150.240318214002,137.23364978233752,81.74329301127837,190.49525170689614,184.20790083791485,161.6373306055493,195.14360576298202,120.01784961768142
2006-01-04,151.74412606348181,119.82833875835914,207.93853674419003,283.3847986166415,150.315438373109,138.729496564965,82.14383514703361,190.5714498075789,184.00527214699315,163.2537039116048,195.16312012355831,120.52192458607568
2006-01-05,151.39511457353584,120.96670797656357,207.2523395729342,280.21088887213506,150.52587998683137,139.95031613473668,82.49705363816587,189.37084967379116,183.2140494767611,163.30268002277825,195.72909317191662,120.34114169919658
2006-01-06,152.4851593984653,122.05540834835263,209.84299381759587,285.983233182901,151.62471891073525,142.14753609805203,83.64376268373637,191.0373131509205,184.31333377362165,164.24983556691038,196.80560318436218,120.94284740769257
2006-01-09,153.06460300417947,123.25155135016648,211.18598897802846,285.95463485958277,152.00378070801207,142.67348198161486,83.90305834805596,190.76986091250924,185.64038977679175,165.90875890613617,197.4550616748706,121.72897591584255
2006-01-10,152.52887689366486,123.58433053881193,211.41829356590432,288.3566537924032,151.48696785360485,142.84469015999278,83.55066550299412,191.13232364824302,186.1973109461221,165.24512387051163,197.5735347118755,121.89939648212473
2006-01-11,152.5593826690436,123.68319800324296,211.6297118594702,289.42357341143514,150.8507225886197,143.98744768127273,83.85980296535521,190.7309457685817,187.33311454289344,164.73286398651302,198.2452847298959,122.28947455086754
2006-01-12,152.19324015063788,121.49400539858557,210.21179279001174,287.74491668564883,149.070684062074,142.9651368027357,83.70885532001758,190.63558029569742,186.1529159212732,163.9256729529791,197.07563754998952,120.96874822571817
2006-01-13,152.4063106868488,121.00802937699122,210.14872925217475,291.88844348592215,149.54771025107266,142.979433316416,83.8595312595936,192.1225378220039,185.63168775669362,164.26991686618035,197.0362224224795,121.19858884734704
2006-01-17,151.64427913341456,119.31391696571335,209.66538717489476,297.9013454217321,149.3981625408216,141.62112869991003,83.11318143138323,194.06297545400614,184.3322659423968,163.89209605738816,195.44022902085743,120.55623632645612
2006-01-18,151.5836214217612,119.63606454152075,208.93155831978265,293.34345483677964,149.23382456202668,139.90751304264114,83.27109647610284,194.1211943466423,184.97742887319518,164.0723773630513,194.99071649410945,120.56829195008876
2006-01-19,151.55330469747685,121.75362288390568,211.1880191496363,298.9463148241621,150.09938074448647,141.40452343219738,83.85399415143556,195.8876972151968,185.68034310291333,165.18806952912,194.69823041936831,121.38815633534934
2006-01-20,149.58311173640965,119.57423303428376,207.3655160030279,297.5113725130061,148.13307885673368,137.36035406203655,82.61295503799431,194.53607210441191,182.69088957895642,162.37987234712497,190.70691669577127,119.25172478384721
2006-01-23,149.86731964870884,121.54720787934943,208.67191875384697,300.18897486562315,148.79967771158897,137.36035406203655,82.49729690094114,194.59443292604323,182.69088957895642,162.10382656413483,191.24089606251943,119.31135064623912
2006-01-24,150.4068419994442,123.39472543911556,211.11338020326698,299.378464633486,149.87103539111243,138.11583600937774,83.05827851986753,195.8009184101847,184.60914391953546,161.3419385792834,192.0823560051945,120.0988055605043
2006-01-25,149.95562147344586,123.77724908797683,210.81782147098244,294.0495279630099,150.65036477514624,138.00534334057025,83.18286593764734,193.13802591980618,185.12604952251016,161.03538889598278,192.27443836119966,119.6904696215986
2006-01-26,150.45047502430825,124.56942348213987,213.95900701090005,293.2555942375098,151.59946207322966,139.0127823469564,83.98142145064875,191.8246873435515,186.5515201038335,162.16263661825462,195.31237448730664,120.70783861338217
2006-01-27,151.7443491095173,125.6656344087827,215.82045037189488,298.2409393395474,152.60001852291296,140.16658844043616,84.50210626364277,193.03318287381586,187.01789890409307,163.9788581483791,195.76159294862742,121.20274075169704
2006-01-30,151.18289501781206,125.81643317007325,216.48949376804777,305.3092496018947,152.05065845623048,140.64315484113362,84.57815815928005,192.20314018745844,186.98049532431224,163.14256597182236,195.23303664766613,121.5784692480273
2006-01-31,150.2757976477052,124.74699348812763,215.96991898300445,304.5765074028502,152.52201549744478,140.01026064434853,84.02840013124472,192.3569026996084,187.03658947290953,163.04468043223926,194.99875700368895,121.51768001340331
2006-02-01,150.99712147641415,125.42062725296353,217.50330540778378,299.33779147552116,153.49815639662842,140.50029655660376,84.54937621205845,192.568495292578,187.130107767646,163.92512170657335,195.07675650649043,121.89438482144487
2006-02-02,150.03073989896512,124.46743048584099,215.2630213620836,296.7036189105366,152.28552096109507,138.40684213791036,83.72079232518027,189.89179320801117,187.42951594007422,162.51536565989682,193.5746654813904,120.90704030439116
2006-02-03,149.37060464340968,123.68328567378019,214.40196927663524,293.91460489277756,151.4022649395207,137.17502124288296,83.82962935520301,188.8094099867255,186.43613950559183,161.80029805099326,192.85843921910924,120.7014983358737
2006-02-06,148.8627445876221,123.57197071667379,217.1891948772315,298.0588008217657,151.67478901641184,136.79093118340288,83.87154416988062,189.8667426826512,185.91411831497618,160.9265764415179,193.03201181440645,121.00325208171337
2006-02-07,148.38638380494172,122.8428960894454,214.12682722946252,287.59693691292176,150.15804112624772,136.32584201737933,83.97219002288449,188.42375543826302,184.50117101578235,160.3311481086843,191.79660693879424,119.30920655256938
2006-02-08,149.1728316391079,123.28513051536743,215.133223317441,287.2518205886263,150.7436574866401,138.4388925686487,85.20658121622088,188.1222774295618,185.7188787444865,162.23908877117765,193.0241052232025,120.28754204630046
2006-02-09,149.7396883993365,123.26047348926434,215.0256567057823,281.5642345409715,151.09036789885937,137.78822977357603,84.92539949820736,188.36683639022021,185.6445911929887,162.06062577352935,193.44875825469353,120.34768581732361
2006-02-10,149.79958427469623,123.45769024684716,215.69223624157024,279.3398770880978,151.86092877514358,138.2567097548062,85.45193697509625,188.0842861356349,186.07157375273258,161.50961964589936,194.31927766683964,120.73279841193904
2006-02-13,149.12548614546012,122.92682217878573,214.59220583673826,278.138715616619,150.9345771096152,136.99857369603745,85.08449364610333,187.89620184949928,185.8668950216046,161.08969463482,193.63916019500573,120.26194049813247
2006-02-14,150.7509539444456,124.46340745602053,217.63941515961994,276.9427191394675,152.8514462389073,138.43705871984585,86.34374415206565,187.50161982561534,188.76641858394163,162.5556108559969,196.1371053615213,121.38037654476513
2006-02-15,151.41425814180116,124.98615376733582,218.27056946358277,276.38883370118856,153.55456289160625,138.88005730774935,86.82726911931724,188.00787419914448,190.35205650004673,164.03486691478648,196.96088120403968,121.70810356143598
2006-02-16,152.15618800669597,125.59858592079576,219.40557642479342,281.7507770749916,154.98262032649822,140.53272998971158,87.34823273403313,189.75634742919652,190.92311266954687,165.47837374363658,198.04416605066191,122.03671544105184
2006-02-17,151.8975224870846,125.67394507234823,219.66886311650322,284.25835899095904,155.37007687731446,139.43657469579182,87.48798990640759,191.55903272977392,189.87303554986437,165.46182590626222,197.2915982196694,122.00010442641953
2006-02-21,151.51777868086688,124.80679485134903,219.99836641117798,288.2379760168325,154.9039666466825,137.87488505919896,87.15553554476324,192.11455392469026,188.7148100330102,164.23740839455587,196.48270266696875,121.53650402959913
2006-02-22,152.92689402259896,125.68044241530845,221.29635677300394,284.11617295979175,155.30671695996386,139.14333400174363,87.1729666518722,193.11354960509865,189.94145629822475,165.37064651247832,199.88185342310732,122.6060252650596
2006-02-23,153.12569898482835,124.97663193778273,220.78737515242602,283.00811988524856,154.763143450604,138.5589319989363,87.13809746521144,192.30247269675723,189.9034680069651,164.77531218503336,199.282207862838,122.2014253816849
2006-02-24,152.987885855742,124.62669736835691,221.62636717800527,286.7438270677339,154.5309987354281,138.73905861053493,86.89411079230885,193.11014308208362,189.3527479497449,165.31907071524398,199.78041338249508,122.38472751975745
2006-02-27,153.49274587906598,125.68602429598795,221.11662653349583,282.5860415752518,154.88642003251957,140.19581872594554,87.52843780109272,194.40398104073358,191.34095180321722,166.98879332946794,200.14001812658358,122.83755101158056
2006-02-28,152.03456479321486,124.27834082387288,218.92757193081422,279.7319225553417,153.0122943501261,138.62562555621494,86.83696314246409,192.80986839619956,189.65715142734888,164.75114349885308,198.07857593987978,121.27751411373349
2006-03-01,152.74912724774296,124.99915520065134,221.7955231231079,284.2076333162272,154.2669951637971,141.41200062989486,87.70533277388873,192.80986839619956,191.1744086387677,165.09712090020065,199.2076238227371,121.96879594418178
2006-03-02,152.41307916779795,123.32416652096263,222.03949819854336,287.39075880936895,153.9121810749204,141.3695770297059,87.67025064077917,192.59777754096373,190.04647962779896,164.78343637049028,198.0721403669475,121.9200084258041
2006-03-03,152.62645747863286,122.49789460527218,222.17272189746245,287.8793230993449,154.18922300085524,140.87478351010193,87.24066641263934,192.07776354160313,189.7234006124317,164.48682618502338,197.57696001603017,122.1638484426557
2006-03-06,152.19910339769268,122.36314692120638,219.46221469031343,279.962641714113,153.21783089594987,139.86048506882923,87.70304194462634,187.7944294146254,188.66094956900207,163.54925127576874,196.66810599995642,121.80957328217201
2006-03-07,152.29042285973128,122.15512957144033,218.14544140217157,276.6870788060578,153.34040516066662,138.92341981886807,86.96633639229148,186.7803394957864,188.11383281525195,163.1567330727069,197.06144221195632,121.13962062912007
2006-03-08,153.29553965060552,121.99632790299746,217.53463416624547,276.4933978508936,153.32507112015057,138.84006576697675,87.01851619412685,187.17257820872754,188.86628814651297,164.16830481775767,197.35703437527425,121.32133006006376
2006-03-09,153.74009671559224,122.15492312927137,217.2300856784127,273.4519704745337,153.72371630506294,137.71546123426424,87.02721804574625,186.14312902857955,187.9219567057804,163.18329498885115,196.07421365183498,120.98163033589557
2006-03-10,155.13913159570416,123.42533432981577,219.57617060373954,274.2449811889099,155.46079429931018,138.30763771757157,87.60159768484817,187.1855305511396,189.50050114210896,163.85234649830542,197.68202220378,122.1309558240866
2006-03-13,155.41838203257643,123.21551126145509,219.70791630610177,278.8797213710024,155.5385246964598,138.6534068118655,87.63663832392211,188.30864373444643,189.6331514929084,164.2128216606017,197.74132681044114,122.35079154456996
2006-03-14,156.59956173602404,123.94248277789768,222.89368109254025,283.84378041140627,154.77638592544716,140.46976644110094,88.17998548153044,190.11640671429714,191.73807947447972,164.96820064024044,200.09444859948536,123.39077327269881
2006-03-15,156.31768252489917,125.02078237806538,225.2340647440119,285.206230557381,155.55026785507437,141.5232896894092,88.59443141329362,190.8008257784686,192.4091627526404,165.38062114184103,200.5746752761241,124.6616982374076
2006-03-16,156.4114731344141,125.14580316044344,225.79714990587192,289.1135559160171,155.44138266757582,140.49016967467654,88.50583698188032,192.13643155891788,193.89071330583576,165.29793083127012,201.07611196431444,124.6616982374076
2006-03-17,156.34890854516036,124.92054071475462,226.83581679543892,286.366977134815,155.14604404050743,141.05213035337525,88.41733114489844,191.42552676214987,194.70505430172028,166.52113551942153,201.55869463302878,125.01075099247234
2006-03-20,156.31763876345133,125.05795330954086,226.58629739696394,281.7851055006579,154.8978103700426,141.5881284487181,88.16976261769273,189.26241830973757,195.13340542118405,166.88748201756428,201.80056506658843,124.87323916638063
2006-03-21,155.50478704188137,125.295563420829,224.5470207203913,280.9397501841559,154.30919869063644,140.6819644266463,87.91407030610142,187.38872036847116,194.39189848058354,165.5023159168185,199.9036397549625,124.0116138161326
2006-03-22,156.4067148067243,126.09745502672229,227.17422086281988,282.9906103605003,155.46651768081622,140.8507827839583,88.26572658732583,188.70044141105043,195.1111485049617,167.09113814961995,201.38292668914923,124.96650324251681
2006-03-23,155.54647787528734,125.58045546111273,227.40139508368267,286.16010519653787,154.23833219113777,140.5127409052768,88.29220630530202,188.5494810579216,195.40381522771915,166.38935536939155,200.45656522637913,124.72906688635604
2006-03-24,155.91978942218802,126.82370197017777,228.67484289615132,288.3063059855119,154.130365358604,141.2293558838937,88.79547188124225,188.66261074655634,195.11070950487758,166.1564102718744,200.6570217916055,124.84132304655373
2006-03-27,155.21815036978816,127.4324557396346,228.74344534902016,289.9208212990308,153.71421337213576,141.42707698213118,88.75995369248976,187.3985712545544,194.83755451157077,164.97669975894408,200.717218898143,124.9911326342096
2006-03-28,154.41101598786526,126.75706372421453,227.57685377774015,290.81957584505784,152.653585299868,140.45123015095447,88.01437008147285,186.87385525504166,194.07768804897563,163.42591878121002,198.83047704050045,124.55366366998987
2006-03-29,155.33748208379245,128.91193380752617,230.0574414839175,293.87318139143093,153.52371073607728,142.82485594050559,88.8417051602387,188.443595639184,195.33919302129397,163.78545580252867,200.0035768550394,125.68710200938679
2006-03-30,154.49865968054,127.97087669073125,229.41328064776255,293.75563211887436,153.6158249625189,143.03909322441635,88.55741170372595,186.95489123363444,194.61643800711516,163.55615616440517,199.24356326299025,126.22755654802715
2006-03-31,153.94246450569003,127.5613698853209,228.4726861971067,290.7593246712619,153.15497748763136,142.65288767271042,88.4068641038296,185.7957709079859,194.26612841870235,163.08184331152836,199.26348761931655,126.50525717243282
2006-04-03,154.43508039210826,126.68119643311218,229.38657694189516,292.4457287543552,153.85949038407446,143.08084633572855,88.84889842434875,186.59469272289024,193.08110503534826,162.57628959726264,199.32326666560232,126.64441295532252
2006-04-04,154.43508039210826,126.95989506526502,231.0840376112652,295.6918763435286,154.32106885522666,143.55301312863645,89.17763934851884,188.01281238758423,193.91135378700025,162.673835371021,201.2766346789252,127.3789505504634
2006-04-05,154.6512895046572,126.94719907575849,232.65540906702176,299.328886422554,154.4445257103108,144.80192434285559,89.35599462721588,189.66732513659494,194.8227371497991,162.13701171429665,201.69931561175093,128.0158453032157
2006-04-06,154.20280076509368,126.26168420074939,233.42317191694298,299.5982824203343,154.30552563717154,144.94672626719841,89.39173702506676,187.6758182226607,194.939630792089,160.9696252299537,201.0942176649157,128.18226590210992
2006-04-07,152.87665667851388,125.81976830604677,231.25233641811542,294.98446887106115,153.13280364232904,143.3957962961394,88.9268999925364,184.9169836947876,193.18517411496018,159.08628061476324,199.28436970593145,126.96453437603988
2006-04-10,153.13654699486736,126.02107993533647,231.66859062366805,299.409235904127,152.91841771722977,142.86523184984367,88.90022192253866,185.26832596380768,192.33515934885435,158.911285706087,199.36408345381383,126.71060530728779
2006-04-11,152.01865020180483,124.48362276012537,230.23224536180132,298.63077189077626,151.40452538182922,141.72230999504492,87.94009952577524,183.3415353737841,190.75801104219374,157.49697526330283,197.4501882526572,125.87431531225968
2006-04-12,152.12506325694608,124.60810638288548,231.63666205850828,296.7792611050535,151.79817714782195,141.86403230503996,87.9576875456804,183.6165476768448,191.19675446759078,158.06396437425073,198.08202885506574,126.3652251419775
2006-04-13,151.65347556084953,125.00685232331072,232.49371770812476,297.4618534055951,152.17767259069151,142.36055641810762,88.21276483956287,182.69846493846055,191.44531024839867,158.1588027528753,198.6366585358599,126.07458512415096
2006-04-17,151.03169631105004,124.74433793343178,232.84245828468696,302.07251213338185,151.4928730640334,141.07931141034464,87.7628797388811,183.04559202184362,190.2009157317841,157.57361518268965,198.37843087976327,125.4568196570426
2006-04-18,152.48160059563614,126.88994054588683,238.84979370843186,310.22846996098315,153.4016832646402,143.92911350083358,88.97400747927766,186.8895494543023,193.01588928461447,159.49601328791846,201.43345871531167,127.82795354856069
2006-04-19,152.81706011694652,127.56245723078004,242.59973546965426,314.44757715245254,154.39879420586036,144.36090084133608,88.2800102209393,187.6184186971741,192.9000797510437,159.33651727463055,201.67517886577008,128.19865461385152
2006-04-20,153.3060747093208,130.06268139250332,242.11453599871496,311.02009856149084,155.06270902094553,144.4908256520933,87.76798616165784,188.61279631626914,193.24729989459559,160.13319986100367,201.85668652674923,128.1345552865446
2006-04-21,153.8273153633325,128.25481012114753,243.20405141070918,317.8625407298436,155.77599748244188,143.1470609735288,87.61878058518303,189.44269262006074,191.62402257548098,159.76489350132337,201.45297315369572,127.87828617597152
2006-04-24,154.27341457788614,127.74179088066293,242.86356573873417,313.5713964299907,155.79157508219012,142.61741684792673,87.50487617042229,190.01102069792088,190.9916633009819,159.237669352769,201.1507936939652,127.545802631914
2006-04-25,153.84144901706807,128.2910805814498,241.0178026391198,309.8085396728309,156.02526244481342,142.63167858961154,88.06490737791299,187.88289726610415,190.72427497236055,158.202624501976,199.84331353495443,126.99735568059678
2006-04-26,154.67219284176025,130.42071251910184,241.6685507062454,304.57277535236005,157.19545191314955,143.07383679323934,88.79584610914966,186.4737755366084,191.42995478975828,158.1868042395258,201.18226373563863,127.20055144968573
2006-04-27,154.9660700081596,129.3643047476971,238.69602753255862,301.13110299087833,157.43124509101926,143.91797243031948,89.71932290868482,188.6182239552794,191.44909778523726,159.08846902369112,202.93254943013866,127.2514316702656
2006-04-28,155.53944446718978,127.94129739547245,239.3405068068965,304.3532057928808,157.10063947632813,141.01082938722703,89.71035097639395,189.2029404495408,191.20021395811645,160.04299983783326,204.96187492444005,127.58228539260827
2006-05-01,155.27502741159554,127.54467937354647,240.48934123956957,308.0663149035539,157.0377992205376,140.20706765971983,89.43224888836713,188.02988221875364,191.42965421486622,158.81066873908193,202.25637817543745,127.33987905036233
2006-05-02,156.42406261444137,128.11863043072742,243.15877292732884,314.68974067398034,158.4668431934445,140.5575853288691,89.57534048658852,191.16998125180683,191.7550846270315,158.11190179663,203.51036772012515,127.70916469960835
2006-05-03,156.53355945827147,128.42611514376117,243.7423539823544,310.47289814894896,157.13572171061958,140.29052591674426,89.43201994180997,190.23324834367295,192.10024377936017,157.6849996617791,202.63527313892862,127.40266270432929
2006-05-04,156.5961728820548,130.0699694176013,245.96040940359387,308.4858716007957,157.4185660096987,141.21644338779475,89.78080481958303,190.5566448658572,192.67654451069822,158.22112866062915,203.1621248490898,128.51106586985694
2006-05-05,157.754984561382,130.83738223716514,248.78895411173522,311.78667042692416,158.12694955674235,142.06374204812153,90.49007317765773,194.40588909214753,195.60522798726086,159.91409473729786,205.96576217200723,129.74477210220758
2006-05-08,158.46488199190821,131.11214073986318,248.78895411173522,310.63305974634454,159.20221281372818,142.12056754494077,90.96967056549933,193.49218141341441,196.094241057229,159.8821119183504,205.2654785806224,129.66692523894625
2006-05-09,158.89273717328635,132.68548642874157,249.48556318324808,312.3415415749495,159.37733524782328,141.40996470721606,91.47000375360957,192.2731806705099,195.95697508848892,159.1946188371015,205.2654785806224,130.068892707187
2006-05-10,158.3683911406145,132.8712461097418,249.7599973027497,314.5279323659741,158.43700896986113,139.99586506014393,91.40597475098204,193.48450170873411,195.34950846571462,158.47824305233456,205.5528502506353,129.89980314666767
2006-05-11,156.61050199895368,131.31665253025784,246.3882373391626,311.82299214762674,156.91601368375046,136.63596429870046,90.47363380852202,191.4722628909633,192.6927551505809,157.67000401276766,202.3873363567755,128.86060472149433
2006-05-12,155.57687268576058,130.12167099223248,241.48511141611326,302.84248997377506,154.71918949217795,135.36524983072255,89.74984473805385,189.11715405740446,189.76382527229205,156.61361498588212,200.64680526410723,127.26273322294779
2006-05-15,157.07041066354387,130.44697516971306,238.8529237016776,297.3307566562524,155.0286278711623,135.12159238102726,89.97421934989899,189.4575649347078,190.73162078118077,158.4929783657127,201.5296512072693,127.17364930969173
2006-05-16,157.21177403314107,129.85996378144938,238.80515311693728,298.1335496992242,155.8812853244537,133.94603452731232,90.56804919760832,188.5671143795147,189.64445054272804,158.63562204624182,201.67072196311437,127.2626708642085
2006-05-17,155.74970453463285,127.5614424225177,232.78726325839045,290.143570567285,153.7145354584438,132.40565513024822,88.74763140873638,185.32376001218702,187.33078824610675,156.4623140242083,198.10115018436724,125.23919439746759
2006-05-18,154.64388163243697,126.46441401768405,229.62135647807634,286.89396257693136,152.59241934959718,131.74362685459698,88.03765035746649,185.13843625217484,187.98644600496812,155.38272405744124,196.41729040780012,124.4376635533238
2006-05-19,155.24699277080347,127.52671509543259,230.63169044657985,288.1562960122699,152.22619754315815,132.41551935155542,88.82998921068368,186.54548836769135,188.98277416879446,155.69348950555613,197.2422430275129,124.5621012168771
2006-05-22,155.5574867563451,126.2004372584401,228.48681572542668,286.6290676434049,151.03883320232148,131.356195196743,88.19041328836676,187.4782158095298,187.75438613669732,154.7904672664239,196.65051629843035,124.06385281200957
2006-05-23,155.3397062748862,126.09947690863335,228.2354802281287,286.5144160163475,150.91800213575962,130.41043059132642,88.05812766843421,184.9660077176821,186.64663525849082,154.01651493009177,195.6672637169382,123.62962932716755
2006-05-24,156.31834642441797,126.99478319468464,227.4138324993074,283.27680311536284,151.0085529370411,131.3233036054657,88.11096254503526,185.7798581516399,186.44132395970647,154.81740080772826,195.62813026419482,123.40709599437865
2006-05-25,157.47510218795867,129.16639398731374,230.3019881720486,291.71845184820063,152.5186384664115,132.88605091837073,89.34451602066576,188.0835283927202,188.56675505284716,156.5668374368556,197.46703468867827,124.80159617911512
2006-05-26,157.88453745364737,130.7680572727564,232.4668268608659,293.61462178521396,153.2964835225902,133.43088372713606,90.22902672927036,189.75747179541543,189.0947419669951,157.8506855038378,198.9282907453745,125.37568352153905
2006-05-30,156.08465372667578,127.27655014357384,228.35216402542855,287.8304137360452,151.13500310492168,130.7222367874752,88.82145391229375,188.9225389195156,185.63430818899909,155.29350439867565,195.9642592132684,123.58281124718104
2006-05-31,157.20846323350787,128.7529581252393,231.11522521013623,293.81728634175494,152.19294812665612,131.24512573462508,89.63861128828687,192.03976081168761,187.63915871744027,156.53585243386505,197.5711661388172,124.83099764077757
2006-06-01,158.23031824452568,130.5812501306177,234.18905770543108,295.69771697434214,153.42571100648203,133.5156664098341,91.79890182033458,194.30582998926553,190.05970386489523,158.3516683220979,200.37667669798842,126.2665541136465
2006-06-02,158.07208792628114,129.797762629834,234.47008457467763,299.45307797991626,153.27228529547557,133.1151194106046,91.63366379705798,196.40433295314958,189.48952475330051,158.87422882756084,201.11807040177098,126.50646056646244
2006-06-05,156.00134357444685,126.87731297066274,227.76424015584186,290.3796497171248,150.43674801750927,130.47944004627462,90.7448172582265,194.1456831241884,186.2682028324944,156.09392982307853,197.49794513453912,124.09018716964302
2006-06-06,156.3289463959532,125.69735396003558,224.89441072987825,290.3506117521531,150.04561247266375,130.1010496701404,90.94445585619461,193.79622089456484,185.7093982239969,156.07832043009623,196.96470068267584,123.75514366428497
2006-06-07,155.85995955676535,124.76719354073134,221.97078339038984,281.00132205373376,148.50014266419532,128.63090780886782,90.90807807385212,192.57530470292906,185.61654352488495,156.64020238364458,197.69347007520176,123.01261280229927
2006-06-08,155.45472366191774,124.05602053754916,222.08176878208502,283.3898332911905,149.24264337751626,127.7690807265484,90.4353560678681,193.46115110456253,186.3218863902795,157.0161388693653,198.38539722046497,122.5328636123703
2006-06-09,155.64126933031207,124.13045414987167,221.10460899944385,280.3292230916456,148.30241472423793,127.15578913906096,89.82943918221338,194.35107239964353,185.5765988447184,156.01123558060138,197.7902410288036,121.93245258066969
2006-06-12,154.58290869886594,122.851910472128,216.01920299245668,275.5636262990876,146.83422081846797,124.43465525148505,89.00300834173702,193.86519471864443,182.64448858297183,154.51352771902762,195.10029375081183,120.17662526350806
2006-06-13,153.19166252057613,122.02880267196474,213.7510013610359,267.3518302353748,145.54207967526546,123.82492544075276,88.7716005200485,190.9766033173366,181.87738173092336,153.72550872766058,191.78358875704805,118.90275303571487
2006-06-14,153.57464167687758,122.5535265234542,216.871765980907,273.7415389780002,146.64819948079747,124.98887973989585,88.94914372108859,190.6710407520289,183.36877626111695,154.23280290646187,190.61370886563006,119.55671817741131
2006-06-15,155.26396273532322,125.32323622288426,224.1369701412674,283.3772411500258,148.84792247300942,128.5260650365349,90.6658621949056,193.89338134073816,187.3478787059832,156.71595103325592,194.8643945733336,122.5217247882111
2006-06-16,155.46580588687914,125.12271904492765,223.08352638160343,281.90367949604564,148.6097657970526,127.96055035037415,90.8471939192954,193.83521332633592,186.14885228226493,156.3398327507761,193.50034381132025,121.92136833674887
2006-06-19,154.70402343803343,124.42203181827605,219.44726490158328,272.8545713842226,147.03450227960383,127.34633970869235,90.12041636794105,191.08275329710196,184.75273589014793,154.7920684065434,192.01039116397308,121.12887944256
2006-06-20,155.19907631303516,123.53863539236629,219.16198345721125,271.5994403558551,147.56382648781042,127.05344312736237,90.02128390993632,191.2356194997396,184.86358753168201,154.31221299448313,192.37521090718462,121.01986345106171
2006-06-21,155.94403187933773,125.79939242004659,223.15073155613248,276.97710927490107,149.37886155361048,129.26417303777848,90.25533924810215,191.56072005288917,186.87860063577733,155.03748039555717,194.10658780534928,122.50840777150975
2006-06-22,155.83487105702218,125.49747387823848,222.28044370306355,278.0573200010732,149.24442057821224,127.72592937862892,89.74990934831276,190.5071360925983,185.62651401151763,154.20027800142117,193.38839343046948,121.73660480254924
2006-06-23,155.0401132146314,125.5100236256263,223.0806533003946,283.06235176109254,149.58768274554214,127.38106936930662,89.93838415794421,192.29790317186874,185.29238628629687,154.18485797362104,192.61483985674758,121.93138337023332
2006-06-26,155.73779372409723,126.41369579573083,224.32990495887685,286.544018687754,150.29074485444616,127.89059364678386,90.05530405734955,193.14401394582495,186.4411990812719,154.10776554463425,194.15575857560157,122.33375693535511
2006-06-27,154.99025231422155,124.69446953290888,221.3687502134197,288.6071356223058,148.87801185281438,125.99781286081144,89.40690586813663,192.60321070677665,184.2971252918373,151.96566760356382,192.17536983813045,120.9880856090662
2006-06-28,155.47072209639566,125.01867515369443,222.16567771418804,294.4947211890008,148.66958263622044,126.52700367482686,90.05957628097404,193.75882997101732,184.4814224171291,152.34558177257273,192.90563624351535,121.68981650559878
2006-06-29,157.66285927795482,128.48169245545176,228.9417308844708,302.06323552355815,152.62419353434387,129.99384357551713,91.74369035742825,196.14206357966083,188.66915070599794,155.2858515007834,197.32317531349182,124.40349941367363
2006-06-30,157.64709299202704,131.1412634892796,229.720132769478,301.85179125869166,151.93738466343936,129.39587189506975,92.29415249957282,196.7108755640418,188.17861091416233,156.3417952909887,196.73120578755135,124.4905818632632
2006-07-03,158.6245049685776,130.2626170239014,230.98359349971017,305.5947534702994,153.2744336484776,130.71570978839944,92.65409969432116,198.46160235656177,188.2727002196194,157.02969919026907,198.69851784542686,125.34956687811972
2006-07-05,157.73620774075357,129.05117468557913,228.28108545576353,306.6948945827925,152.06356562265464,128.45432800906013,91.93139771670545,197.27083274242239,186.2770095972914,156.62142197237435,197.00958044374076,124.14621103608977
2006-07-06,160.0864772360908,129.0898900379848,229.0344130377676,307.7989962032905,152.45893089327353,128.49286430746284,91.98655655533547,196.52120357800118,186.57505281264707,157.38886694003895,197.52180535289446,124.08413793057171
2006-07-07,159.65424374755332,128.1088068736961,225.02631080960666,303.95150875074944,151.54417730791388,126.74536135288135,91.51742511690327,197.42520111445998,184.8212473162082,157.2314780730989,196.53419632612997,122.9301554478174
2006-07-10,160.26092987379403,128.6212421011909,225.27383975149723,304.589806919126,152.63529538453088,125.28778969732322,91.25202458406424,198.5900098010353,185.39419318288847,157.24720122090622,197.5168673077606,123.12684369653391
2006-07-11,161.38275638291057,128.69841484645158,226.31009941435408,308.3971795056151,153.413735390992,126.12721788829526,91.32502620373148,200.05957587356295,185.63520563402625,157.24720122090622,198.06991453622234,123.06528027468563
2006-07-12,159.97872640237924,126.80654814820875,223.9112123605619,307.1944305055432,151.710842928152,123.5416099215852,90.63095600458311,198.7992005455595,182.20095432979676,155.816251689796,195.8119175105094,121.83462747193879
2006-07-13,158.55491573739806,123.37009069339229,218.55973438514445,304.8904722767516,149.93582606589263,121.52788167986337,88.75489521528824,197.88472422304991,179.8323419235094,154.273670798067,193.14887543236648,119.6050537892023
2006-07-14,157.92069607444847,121.75394250530884,216.02444146627678,308.0308441412022,148.52642930087322,121.00531178863996,88.35549818681945,197.90451269547222,177.6383873520426,152.94691722920362,192.26039060537758,118.10999061683727
2006-07-17,158.1102009097378,121.32780370654027,213.60496772185448,300.3608761220862,148.34819758571217,121.15051816278634,89.0181644232206,197.86493179293313,178.22459403030436,153.0998641464328,192.29884268349866,117.932825630912
2006-07-18,159.185350275924,121.83738048210773,214.41666659919753,301.9227526779211,148.45204132402216,121.52608476909099,89.3831388973558,198.597032040567,176.79879727806193,153.03862420077422,192.79881967447574,118.10972486935837
2006-07-19,160.45883307813142,124.42033294832842,220.57042493059447,304.30794242407666,151.71798623315064,123.48265473387336,90.84008406138271,201.25823226991062,181.0596482924632,156.37486620835114,198.023667687654,120.35380964187618
2006-07-20,160.20209894520642,122.55402795410349,214.48268120251007,298.8303994604433,150.23114996806578,121.6921562402322,90.09519537207937,201.76137785058538,179.15852198539235,156.23412882876363,197.01374698244697,117.7060258297549
2006-07-21,159.881694747316,121.74517136960638,211.32978578883316,294.70653994788915,148.75888469837872,119.97629683724493,89.31136717234229,201.92278695286583,177.47443187872966,156.23412882876363,195.6937548776646,116.21115930171702
2006-07-24,161.17673647476926,124.75227710243566,215.6197804403465,303.3119709143675,151.1092750766131,122.20785595841768,90.90110950800998,204.0429762158709,180.89968841398917,159.65565625011357,198.2377736910742,118.34944463286861
2006-07-25,162.64344477668965,125.87504759635758,218.12096989345454,308.2862872373631,151.38127177175102,122.95332387976403,92.11009426446653,205.41006415651722,182.49160567203225,161.17238498448964,198.91178212162387,118.42045429964831
2006-07-26,162.49706567639063,126.55477285337791,216.4414384252749,313.4963254916745,151.033094846676,122.95332387976403,92.74565391489134,206.47819649013113,179.4622450178765,162.0749503404028,198.43439384453197,117.29545998380166
2006-07-27,161.6358312283058,125.63092301154826,215.85704654152664,311.4899490085278,148.8884248998532,122.1910132717095,93.58963936551686,205.23932731119032,177.90092348622096,161.68597045958583,196.90644901192906,116.5095804019102
2006-07-28,163.54313403679978,127.4274452106134,218.68477385122068,312.2686738810491,150.52619757375157,124.61039533448934,95.02156084780927,206.55285900598193,179.9823642910098,163.36750455236552,199.95849897161398,118.3387808142202
2006-07-31,163.23240208212985,127.18533306471322,219.25335426323383,317.1088383262054,149.48756681049267,124.44840182055452,94.555955199655,206.22237443157238,180.10835194601347,162.8120550368875,199.4186110243906,117.912761203289
2006-08-01,162.74270487588348,126.09153920035669,217.4116260874227,318.25043014417975,148.067434925793,122.4447825512436,93.78059636701784,208.2227314635586,178.0911384042181,162.61668057084324,198.84029705241986,116.98125038978301
2006-08-02,163.19838444953595,127.11288066787958,219.17266025873082,318.85510596145366,151.44337244210107,123.55903007245995,95.44051292271405,207.9936864589487,179.3555854868881,163.25088562506954,199.45670197328238,118.13936476864187
2006-08-03,163.23102412642584,128.48569977909267,221.0575451369559,317.0376318574734,153.00323917825472,124.44865508898167,94.64835666545552,206.97451739529984,181.1132702246596,162.4999315511942,200.17474610038622,118.90727063963804
2006-08-04,162.93720828299826,128.53709405900432,220.17331495640806,315.7694813300435,152.88083658691212,124.05041939269692,94.61996215845589,207.11939955747653,181.69283268937852,162.19118168124695,200.73523538946728,118.24138992405607
2006-08-07,162.08993479992668,128.4599718025689,220.1292802934168,318.3272141288168,152.81968425227737,123.43016729573344,93.83461647254072,204.53040706300806,181.25676989092403,161.2018154729913,200.03266206560414,117.80389678133704
2006-08-08,162.8679664869663,127.31667805352602,217.5977935700425,317.8815560290365,152.80440228385214,123.05987679384624,93.43112762170878,205.7166834239735,179.679835992873,160.75045038966695,199.19252488492862,116.82612443805196
2006-08-09,162.20020782436976,126.08170627640682,214.74726247427495,319.6616927427991,152.39183039768574,123.69978815317427,92.89857019426503,206.0252584491095,177.39790207576348,160.71830029958903,196.84205309128646,115.69291103100285
2006-08-10,163.15718905053353,126.88862919657582,215.52035261918238,318.2551812947308,153.6719217730263,124.5285767338005,93.51170075754717,205.96345087157476,180.50236536208936,160.70222846955906,197.72784233019723,116.49119211711675
2006-08-11,163.04297901819814,126.33031922811088,213.70998165718126,318.1278792222129,152.91892935633845,123.47008383156322,93.62391479845624,205.63390935018023,179.9428080294669,159.78622576728256,197.05556766627458,115.45442050727442
2006-08-14,163.41797786994002,126.86090656886894,213.49627167552407,312.8787692150464,152.65896717643267,124.71713167826199,93.44602936033918,206.35362803290587,180.95048775443192,160.16971270912404,197.07527322304122,115.8238746528977
2006-08-15,164.46385292830763,129.43618297221698,217.3392045656835,313.0664964765754,154.90305399392622,128.0470790940716,94.42721266862274,207.96318633156253,183.53807972932032,161.85149469256984,200.38613781318827,117.67705664734407
2006-08-16,164.72699509299292,131.79192150231134,221.5555851342578,310.9376443005347,156.01835598268252,130.58241126013422,94.4838689962239,206.56983298314105,185.3000452947218,163.32434329427224,201.6686090951927,119.90115301797886
2006-08-17,164.21634140820464,132.1214013060671,221.09031840547587,309.8493625454829,155.72192110631542,131.28755628093896,94.80511415081108,205.908809517595,186.26360553025435,163.7326541525079,202.41478294884493,120.2009059005238
2006-08-18,166.07198606611738,131.60612784097344,221.04610034179478,314.03232893984693,155.8153542589792,131.99650908485603,94.9947243791127,207.86494320801214,185.68618835311057,163.97825313373667,202.63743921008864,120.34514698760444
2006-08-21,166.00555727169092,129.44778734438148,219.56509146950475,316.1991520095318,155.65953890472022,130.7293425976414,94.91872859960941,207.90651619665374,183.7364833754029,163.289544470575,201.68504324580124,119.63511062037757
2006-08-22,166.3375683862343,129.65490380413252,219.60900448779864,317.9382473455843,156.03312179809154,130.8339260717195,95.12754980252855,209.42423376488932,183.2220212219518,163.5181498328338,201.5236952112046,119.67100115356368
2006-08-23,166.15459706100947,128.5658026121778,217.93997605369134,313.5506995322152,155.5962290570569,129.98350555225332,94.88021817304197,207.2043368869815,181.79288945642057,163.4527425729007,201.1408001903033,118.74953444468123
2006-08-24,166.55336809395587,128.01296966094543,216.82848217581753,317.6582136960873,155.31615584475418,130.38645441946534,95.02253850030154,208.0124338008407,180.5566978081169,164.2209704629933,201.66376627079808,118.67828472401443
2006-08-25,166.55336809395587,127.47531518836948,216.54660514898896,318.80178326539317,155.06764999540258,130.63418868286232,95.3551173850526,208.22044623464154,180.14141740315824,164.40161353050263,200.6151146861899,118.76135952332123
2006-08-28,167.36947959761622,128.46962264683876,217.86753944039782,315.32684382780036,155.5018394153897,131.91440373195437,96.098887300656,209.76127753677792,182.19502956155424,165.63462563198138,201.83886688577564,119.55706063212747
2006-08-29,168.2900117354031,129.44599177895475,218.82615661393555,313.05649055224023,156.66810321100513,132.9829104021832,96.57938173715927,210.13884783634413,183.3610777507482,166.5621795355205,201.59666024551274,120.20266875954097
2006-08-30,168.660249761221,129.96377574607055,218.56356522599881,308.39194884301185,157.70211269219777,134.19305488684307,96.72425080976501,208.7729453254079,183.74613601402476,166.71208549710246,202.1812905602247,120.37095249580435
2006-08-31,168.1880010618896,130.2237032975627,219.94051568692262,306.69579312437526,158.23829987535126,133.73679850022782,96.71457838468403,210.9650612513247,184.15037751325562,166.62872945435393,202.40368997984098,120.58762021029679
2006-09-01,169.04575986730524,131.31758240526221,221.81001007026146,310.03877726943097,159.04531520471556,134.09788785617843,97.63336687933855,210.90177173294933,185.95505121288554,167.57851321224376,202.7680166218047,121.082029453159
2006-09-05,168.2005310679687,132.0660926249722,223.8728431639149,312.9221378980367,158.7431291058266,134.78178708424494,97.62360354265061,209.48872986233854,187.07078152016285,167.1260512265707,203.2749366633592,121.0699212502137
2006-09-06,167.52772894369684,130.90391100987247,220.6714615066709,304.03514918173244,157.58430426335406,132.274845844478,96.88166415572647,208.00135988031596,185.44326572093743,165.7221923962675,202.29921696737506,119.76236610071138
2006-09-07,166.3885403868797,130.56356084124678,218.99435839922018,304.39999136075056,156.84365803331627,131.4150593464889,96.62008366250599,207.73095811247154,185.27636678178857,164.64499814569177,200.8628925269067,119.36715029257903
2006-09-08,167.2038442347754,131.85614009357514,219.1257550142597,298.1293515387191,157.00050169134957,132.61093638654197,96.77467579636601,207.7517312082828,187.55526609320458,165.68226163400962,201.947552146552,119.55813773304715
2006-09-11,167.00319962169365,131.77702640951898,216.69345913360144,288.8277157707111,157.0162017415187,133.68508497127294,97.23919424018855,206.83762359096636,189.7871737597137,165.83137566948022,202.4322262717037,119.61791680191367
2006-09-12,167.72131338006693,135.59856017539502,219.3804580268581,287.2391633339722,158.11531515370933,136.13152202624724,98.36716889337474,205.90685428480703,193.60189595228397,167.58918825157673,205.22579099425323,121.55572705410466
2006-09-13,167.90580682478503,136.3850318244123,222.03496156898308,291.92116169631595,157.10337713672558,136.47185083131285,98.52455636360415,206.42162142051905,194.2988627777122,167.35456338802453,206.51871347751705,122.29721698913471
2006-09-14,168.0737126316098,135.67582965892538,220.4363098456864,286.81254136663046,157.95173537326392,136.82667764347426,98.66249074251321,205.05923871914362,194.5125915267677,167.28762156266933,206.68392844829904,121.89363617307059
2006-09-15,168.34263057182037,133.69496254590507,221.27396782309998,286.2389162838972,158.50456644707037,137.16874433758292,98.44543326287967,205.55138089206957,194.9016167098212,167.63892556795093,207.65534291200603,122.24712771797248
2006-09-18,168.12378515207703,132.75909780808374,222.04842671048084,292.90828303331205,158.3302114239786,137.2098949608842,97.90398337993385,204.89361647321496,194.25844137467882,167.65568946050772,207.17773562330842,122.30825128183147
2006-09-19,168.00609850247056,132.3740964244403,220.738340992889,288.046005534959,158.47270861426014,136.27686767515019,98.02146815998978,205.09851008968815,194.95777176362768,167.65568946050772,207.30204226468237,121.66001755003776
2006-09-20,168.47651557827749,133.5257510633329,221.44470368406627,281.56497041042246,160.15251932557132,138.57994673886023,99.38396656741364,204.56525396345495,196.84886214973488,168.72868587305496,208.96045860279986,122.17098962374793
2006-09-21,168.0553242893318,132.20384612780592,219.71743499533054,285.42241050504526,159.46386349247135,137.1248572981022,99.30445939415971,204.21749303171705,193.6992803553391,168.08751686673736,207.70669585118307,121.18140460779556
2006-09-22,167.7024081083242,131.8072345894225,218.33321515485994,283.709876042015,159.38413156072514,136.00043346825777,99.5527205426451,203.80905804565361,193.5249510030193,167.11260926891026,207.22897045072534,120.70879712982516
2006-09-25,166.6626531780526,133.32301778720085,220.62571391398595,283.8801019676402,160.65920461321093,138.1084401870158,100.98627971845919,206.07133858996042,195.13120809634438,167.89803853247415,209.25981436114247,121.9400268605494
2006-09-26,167.0293110150443,135.60284139136198,223.80272419434735,290.0970762007315,161.88021456827133,139.00614504823136,101.28923855761455,206.44226699942232,195.97027229115864,168.18346519797936,210.2014835257676,123.70815725002736
2006-09-27,167.83105170791652,135.42655769755322,224.4293718220915,294.15843526754173,162.2201630188647,138.61692784209632,100.02312307564438,208.83699729661564,195.97027229115864,169.19256598916724,209.633939520248,123.75764051292735
2006-09-28,167.69678686655016,136.32037297835703,225.30464637219768,294.3937620157558,162.1066089047515,139.31001248130679,99.61302827103424,208.33578850310377,196.51898905357388,169.040292679777,210.2628413388087,123.80714356913252
2006-09-29,167.1266177912039,135.69329926265658,224.31330592816,295.04142829219046,160.90701999885636,138.585600416404,100.25055165196886,206.52326714312673,194.6717105564703,169.17552491392078,209.63205281479227,123.4976257102097
2006-10-02,166.44139865825997,136.01896318088694,223.9319733080821,291.8549808666348,160.64956876685815,137.82337961411378,99.4886474594139,207.7211020925569,193.73728634579922,168.19430686942002,208.79352460353311,123.54702476049377
2006-10-03,165.99200688188267,136.14138024774974,223.46171616413514,282.3988794865558,160.6013738962281,137.9749853316893,100.42384074553239,207.80419053339392,196.1590024251217,168.51387605247191,210.56826956266312,123.76940940506267
2006-10-04,167.6519269507015,138.04735957121824,226.52314167558382,287.00198122218666,162.5767707951517,140.5551175573919,101.30757054409307,208.9678940003809,199.21908286295363,169.91254122370742,213.05297514350255,125.4031656092095
2006-10-05,168.5069517781501,138.9032532005598,230.1022073140581,291.10610955366394,163.35713929496842,140.8783943277739,100.84155571959023,208.9052036321808,198.9202542386592,170.30334006852195,213.60691287887565,126.79514074747173
2006-10-06,168.03513231317126,138.05594335603638,229.59598245796715,291.746542994682,163.22645358353245,140.52619834195445,101.11382792003312,207.7562250122038,196.9907277725442,170.2181883984877,212.8165673012238,126.23724212818286
2006-10-09,168.0519358264026,138.76002866715217,230.6062047807822,288.5956803303394,163.6345197174913,141.07425051548807,101.56884014567326,207.71467376720136,198.0741767752932,170.52458113760497,213.39117203293708,126.57808268192893
2006-10-10,167.32931250234907,139.4399528076212,231.59781146133955,293.1554920795588,163.84724459312403,141.13068021569427,101.90401731815399,208.9817332771813,198.58916963490898,170.26879426589858,213.2204590953107,127.42615583589784
2006-10-11,167.12851732734623,139.09135292560217,230.90301802695552,289.7842039206439,163.07716254353636,141.06011487558644,101.80211330083584,209.33700222375248,198.7083231366899,169.86014915966044,212.47418748847716,126.80176767230196
2006-10-12,167.51291291719912,140.82999483717217,234.71291782440028,295.5798879990568,163.7620866262192,143.2606526676456,103.29860436635812,210.40462093509365,201.5895938221719,171.08314223361,213.81277486965456,128.09514570255945
2006-10-13,167.88144132561695,140.57650084646528,235.39358528609102,299.59977447584396,163.3854338269789,144.3494336279197,103.50520157509082,210.42566139718716,201.22673255329198,170.79230089181289,214.09073147698513,128.06952667341892
2006-10-16,168.28435678479843,141.60270930264446,238.31246574363854,306.13104955941736,164.1533453659657,144.76804698544066,102.74961360359268,211.64613023329082,201.4078366125899,171.37299471484505,213.6197318677358,128.7611021174554
2006-10-17,167.40927812951747,140.880535485201,236.23914729166887,303.59016184807416,163.5952239917214,143.46513456257168,102.5441143763855,212.53504398027064,200.018122539963,171.81856450110365,213.19249240400035,128.20742937835035
2006-10-18,168.01195153078373,140.6128624677791,234.75084066373137,302.1329290712034,164.47863820127674,142.9199670512339,102.69793054795007,214.19281732331675,200.61817690758286,173.58829571546502,213.7254736350103,127.96383526253148
2006-10-19,169.1208304108869,141.1331300589099,235.33771776539066,307.29940215832096,164.57732538419748,142.9914270347595,103.40654626873092,215.4565549455243,199.95613692378785,173.206401464891,212.52861098265424,128.46289422005535
2006-10-20,169.4252479056265,140.28633127855645,232.23125989088751,304.8410069410544,164.75836044212014,143.33460645964294,104.14073274723891,216.4045637872846,200.47602287978967,173.86458579045757,212.42234667716295,128.41150906236734
2006-10-23,170.89924756240544,141.7312804907256,233.99621746605828,305.1153638473013,165.59862808037497,144.25194794098465,104.63019419115093,217.20526067329752,203.74378205273024,174.12538266914328,213.61191181855506,128.719696684117
2006-10-24,170.69416846533056,143.0068620151421,235.54059250133426,309.3259558683941,165.7642267084553,143.34316066895644,104.69297230766563,217.42246593397078,203.82527956555128,173.53335636806818,213.4410222891002,128.97713607748526
2006-10-25,172.28162423205816,142.73514897731332,235.32860596808308,314.27517116228836,166.36097792460575,144.21755394903707,104.74531879381945,219.29229914100296,202.54118030428833,173.39452968297374,213.71849561807602,129.77679432116565
2006-10-26,172.62618748052228,143.81993610954092,236.12872322837455,314.1494610938235,167.55877696566293,144.96748522957208,106.74595438278138,218.85371454272095,205.21472388430496,174.10544725467392,215.5992183795151,130.50354436936416
2006-10-27,172.07378368058463,142.23791681233595,234.00356471931917,312.3273942194793,166.98907712397968,142.8219664481744,106.46841490138614,217.49682151255607,202.71110425291644,173.28715165257697,213.68038533593742,129.19850892567052
2006-10-30,172.02216154548046,142.3517071457858,234.8225771958368,307.8298797427188,168.09120503299792,143.93597778647015,105.64860810664547,217.43157246610232,203.17733979269815,172.54201690047088,214.23595433781085,129.63778385601782
2006-10-31,171.83293716778041,142.42288299935868,234.5173078454822,310.2925187806606,167.58693141789894,144.26703053537904,105.47957033367483,217.60551772407518,202.26304176363098,172.0416450514595,213.91460040630417,129.4822185153906
2006-11-01,171.17997200654284,141.22653078216408,232.50045899801103,307.7791493785372,166.88306630594377,142.78108012086463,104.6462817280388,218.47593979497145,199.37068026641106,170.87176186510956,211.839628782363,128.30393032690054
2006-11-02,170.90608405133236,140.9864456798344,231.87270775871642,308.61015308185927,167.73416994410408,142.7239676888163,105.05440222677815,217.29616972007864,198.45357513718557,171.2476797412128,212.07265237402365,127.97034010805059
2006-11-03,170.11991606469624,140.09823107205145,232.15095500802693,314.4120239597982,167.49934210618233,142.43851975343867,104.8442934223246,216.75292929577842,196.40950331327258,170.85381007780802,211.6909215997504,127.9959341760722
2006-11-06,171.05557560305206,142.66202870066996,234.79747589511842,317.3360557826244,168.90633657987425,144.27597665825803,106.395988964975,216.08099521496152,198.82534020402582,172.9894827037806,214.54874904134704,129.91587318871328
2006-11-07,170.73057000940625,142.74762591789036,236.53497721674233,314.6069657028938,169.61574319350973,144.80979777189359,106.74709572855943,215.88652231926804,199.60075903082154,174.0274196000033,215.1494855386628,130.22767128436618
2006-11-08,171.97690317047494,144.26075075262,237.62303811193934,320.2384303889756,170.24332144332573,145.12837932699173,107.09936114446367,218.06697619469264,199.84027994165854,172.49597830752325,215.49372471552465,130.82671857227425
2006-11-09,170.92784406113503,143.51059484870638,236.50620983281323,323.8251008093322,169.86878613615042,145.34607189598222,105.95339798021793,218.3286565661263,197.82189311424779,168.56307000211171,213.72667617285734,130.3295770416996
2006-11-10,171.1329574740084,144.93134973770856,236.83731852657917,321.2668825129384,169.91974677199127,146.02919843389336,104.97862671879992,219.61679563986647,199.3451216912275,168.88333983511575,215.22276290606732,130.78573056134556
2006-11-13,170.9789378122818,146.2647181552955,238.37676109700192,321.39538926594355,170.14064244279487,147.18282910152112,105.10460107086249,219.61679563986647,199.10590754519802,168.95089317104978,215.8038643659137,131.34810920275933
2006-11-14,172.0732030142804,147.66885944958634,240.18842448133915,322.23101727803504,170.4639096634362,148.8754316361886,105.33583119321837,220.3195693859141,202.43097620120284,170.11665433393003,217.0771071656726,132.04425418153397
2006-11-15,172.64104458422753,149.3965851051465,242.18198840453428,324.90553472144273,170.8559766556621,149.23273267211545,104.71434978917837,220.07721785958955,203.3216724964881,171.00126093646645,217.4895536692874,133.02138166247735
2006-11-16,173.86679600077557,150.32284393279843,241.8671518196084,316.13308528396374,171.74442773427154,149.91920324240718,104.99707853360916,220.23127191209127,203.76898017598037,171.90756761942973,218.6204993483677,133.6199778799585
2006-11-17,174.30146299077748,150.1875533732589,241.89133853479038,319.10473628563307,171.62420663485756,149.6043729155981,105.72155837549104,220.53959569276822,202.3833511107837,173.04215756571796,218.13953424980133,133.67342587111045
2006-11-20,173.970290211095,149.09118423363412,243.05241695975735,317.6368544987191,171.52123211087664,149.85870034955465,105.82727993386652,220.0764625418134,202.0190610787843,172.5403353087774,218.31404587720112,133.39271167678112
2006-11-21,173.9180991240317,148.31591007561923,245.14266774561128,323.06844471064716,170.95521204491075,149.94861556976434,105.60504264600539,220.47260017438867,201.9180515482449,172.41955707406126,218.03023761756077,133.75287199830842
2006-11-22,174.47463704122862,148.06377302849066,245.9026100156227,321.22695457579647,171.98094331718022,151.16319935587944,105.25654600527356,220.84740359468515,202.8064909750572,172.78163814391678,218.3790859977489,134.5687645174981
2006-11-24,173.89887073899254,147.60477533210232,245.9026100156227,319.8778013665781,171.63698143054583,150.7248260777474,105.18286642306987,221.22284418079613,201.7924585201819,171.84861729793963,217.72394873975563,134.07086008878335
2006-11-27,172.02076293501142,144.18034454439754,241.20587016432432,318.7902168419318,169.06242670908765,147.06221280405813,104.08896461226995,219.07698259224242,198.42252446289484,170.40508891263696,214.08795879580168,132.28771764960254
2006-11-28,172.60563352899047,144.05058223430757,241.54355838255438,324.8153519402443,169.53580150387307,147.59163677015275,104.50532047071903,220.7419676599435,198.50189347268,170.7629395993535,214.62317869279119,131.9040832684187
2006-11-29,174.2108659208101,145.2750121832992,244.8043964207189,334.1375525409293,170.58692347319712,148.5067049181277,105.73848325227353,223.96480038777864,200.38766146067047,172.18027199802813,215.93238008281725,132.7614598096634
2006-11-30,174.3676557001388,144.9844621589326,245.36744653248653,336.97772173752713,169.66575408644184,148.7146143050131,106.1508633369574,224.3007475883603,199.78649847628844,172.1458359436285,215.82441389277585,133.25267721095918
2006-12-01,173.89686302974843,144.62200100353527,243.87070510863836,338.86479697925733,169.24158970122576,147.376182776268,106.21455385495958,225.1530904291961,199.22709628055483,172.4384838647327,214.8963689130369,132.95952132109505
2006-12-04,175.75755946416672,146.25622961487522,247.40683033271358,338.93256993865316,171.0863230289691,149.49839980824623,107.09613465195574,227.134437624973,202.2354254343912,171.86943686797906,217.49661497688467,134.5816274812124
2006-12-05,176.8296805768981,146.81200328741176,248.44593902011098,340.8983788442974,171.6851251595705,149.64789820805447,107.83509798105422,227.72498716279793,203.4083909019107,172.5053537843906,218.6058477132668,135.1468703166335
2006-12-06,176.8296805768981,144.99153444664785,248.470783614013,338.13710197565854,171.891147309762,148.98944745593903,108.13703625540117,226.88240471029556,203.77452600553414,172.7641118150672,219.086780578236,134.93063532412688
2006-12-07,176.8296805768981,143.9765937055213,247.65083002808677,336.44641646578026,171.87395819503104,147.73793609730913,107.9640169973925,225.81605740815718,202.65376611250372,172.15943742371448,218.4514289145591,134.67426711701103
2006-12-08,176.91809541718655,144.48051178349064,248.02230627312892,335.9417468410816,171.99426996576756,148.24024508004,108.49304068067973,225.2740988703776,202.75509299555995,172.64148384850085,218.9538672010626,134.66079969029934
2006-12-11,176.82963636947798,143.81590142928658,247.12942597054567,335.7065876182928,172.0286688197607,148.59602166823208,109.52372456714619,226.13014044608502,202.9172970699564,172.64148384850085,220.15811347066844,134.87625696980382
2006-12-12,177.23634453312778,142.76604534885277,245.17710350537834,336.00872354714926,171.39216274512756,147.88276076422457,109.91800997558792,227.05727402191397,201.4968759904667,172.43431406788267,220.1360976593214,134.78184358992496
2006-12-13,176.95276638187477,142.35202381734112,245.25065663642997,339.10000380378307,171.22077058238244,148.04543180106523,109.90701817459036,228.03362030020818,202.4036119324238,172.02047171411974,220.31220653744884,134.76836540556596
2006-12-14,177.57210106421132,143.59048642455195,246.4278597882848,345.1698938718708,172.0597523582361,149.5851042917963,110.11584150912208,228.58090098892868,205.01461852635202,172.82896793117607,221.87642320386476,136.25081742502718
2006-12-15,177.92724526633975,141.96791392795453,246.10750357056003,341.02785514540835,172.9372570952631,149.70477237522974,110.44618903364945,228.05516491665415,204.1125542048361,173.2437574542109,222.7861165390006,137.2726985557149
2006-12-18,177.5358053267538,141.4284358550283,244.43397254628022,331.71779469993874,172.29738924401065,148.567016105178,110.12589508545186,226.04827946538757,203.54103905306255,172.81064806057537,223.4099176653098,137.30015309542603
2006-12-19,177.92638409847268,141.66886419598185,245.77835939528478,337.0252794151378,172.81428141174266,148.18074186330452,109.91665588478949,227.38196431423336,203.09324876714578,173.22539361592075,223.63332758297508,137.38253318728326
2006-12-20,178.0153472905219,142.9438839737457,246.29449395001487,332.87986847833156,173.24631711527198,148.24001416004984,109.67483924184296,226.47243645697642,202.6667529447348,173.01752314358166,224.05823090538271,136.9566473344027
2006-12-21,177.92633961687665,142.61511304060608,245.1369098284498,331.1156051753964,171.7910480515037,147.2764540680095,109.97096130779593,225.6344884420856,201.99795266001718,172.5849793357227,223.5653027973909,136.25816843299722
2006-12-22,177.46373113387278,142.28709828061267,243.71511575144478,328.4997918945108,171.138242068908,146.1571530170926,109.34412682834149,225.4088539536435,202.11915143161315,171.73931293697765,222.6933981164811,135.57687759083223
2006-12-26,178.08485419284133,143.11236345064026,245.25052098067889,329.2881913950576,172.3533235875973,146.99024878929006,109.9564539385802,226.55843910880708,202.42233015876056,171.91105224991463,224.20771322367315,136.20053122775005
2006-12-27,178.92185300754767,145.23042642970972,247.60492598209342,332.97621913868227,173.23232553789404,148.1220737049676,110.77013169772569,227.50998455306407,203.75831753780838,172.89094524773915,226.09105801475198,137.18117505258988
2006-12-28,179.08288267525444,144.3880899564174,246.86211120414714,333.67546919887354,173.1457093751251,147.75176852070518,110.91413286893274,226.6454466117624,203.24892174396388,172.97739072036302,225.4353939465092,136.78334964493735
2006-12-29,177.93675222613282,143.81053759659173,245.43031095916308,330.4721846945643,172.22803711543696,147.29373803829097,110.90304145564585,225.92018118260478,202.63917497873197,172.3546721137697,223.99260742525152,136.0310412218902
2007-01-03,178.48835615803387,143.3934870375616,244.35041759094278,318.11252498698764,173.08917730101413,147.7061605047982,111.05830571368375,226.62053374427086,203.95632961609368,172.76832332684276,224.57498820455717,136.67038711563308
2007-01-04,178.77393752788672,143.66593466293298,243.83728171400182,312.1956320222297,171.8602441421769,149.95129414447115,111.1471523582547,226.09930651665903,204.58859423790358,174.92792736842827,224.3504132163526,136.4790485736712
2007-01-05,177.68341650896662,142.63153993335987,242.05726955748958,314.8180753312164,170.2963159204831,148.87164482663096,109.86896010613478,222.27822823652747,202.8086734680338,174.00080935337562,222.46586974533525,135.2370892316508
2007-01-08,178.3586134917007,143.24485555507331,243.558024628746,315.29030244421324,170.38146407844334,149.2884854321455,110.374357322623,222.2337725908802,202.7275499986466,174.1574100817936,223.33348663734208,135.61575308149943
2007-01-09,178.64398727328742,144.47676131284695,243.70415944352322,311.79058008708245,170.46665481048257,149.90056822241732,109.53551220697106,222.70046351332104,203.84255152363914,174.4186461969163,222.79748626941247,135.92766931358688
2007-01-10,179.60866480456318,144.86684856839162,244.67897608129735,306.8019308056891,171.3530814154971,150.74001140446285,110.13795752410942,222.90089393048302,204.71907449519077,174.52329738463445,223.33220023645904,136.7432353294684
2007-01-11,180.90184719115604,147.12677140605854,246.68534368516396,304.6543172900493,173.20369469478442,152.20218951508616,110.84284045226372,223.0792146456274,207.42136627852733,176.4430536558654,224.67219343787784,138.11066768276308
2007-01-12,180.23251035654877,147.47987565743307,248.11611867853793,312.9409147203387,174.9010909027933,152.9784206816131,111.5522346311582,221.9861264938638,208.52069951980354,177.11353725975772,225.2563411408163,138.71835462056723
2007-01-16,180.98948690004627,147.77483540874795,247.84319094799153,309.02915328633446,175.05850188460582,152.5500811037046,111.52992418423197,222.40790013420212,209.02114919865107,177.64487787153698,225.4815974819571,139.4674337355183
2007-01-17,180.66370582362617,147.87827779353407,248.5619362017407,312.61389146445595,175.84626514308653,150.99407027644682,111.19533441167928,222.58582645430945,209.06295342849077,178.40875084638458,224.82770084925946,139.1466586379266
2007-01-18,180.19398018848477,147.05015943789027,246.5237283248864,310.4568556133512,175.6000803718862,148.36677345363665,112.29616822235491,222.00710330552823,209.43926674466206,179.14022672485476,223.59114849458854,138.88227998651453
2007-01-19,180.13992199442822,148.56477608010053,248.22474205032813,317.8767744625103,177.07512104701004,148.6041602911625,111.93682048404337,223.33914592536138,209.7324817181046,179.60599131433938,223.97125344702937,138.79895061852264
2007-01-22,179.76162815823992,147.80709572209201,245.59355978459462,315.810575428504,175.97725529651856,147.29644368060025,111.7913026174141,223.24981026699126,208.1175416088752,178.47447356905906,223.5681051908247,138.0216764950589
2007-01-23,180.3548415311621,148.1322713326806,249.47393802919123,323.35844818124525,176.27641663052268,147.3111733249683,112.3837965212864,224.50000920448642,208.49215318377117,177.61779609592756,223.5904620013438,138.71178487753417
2007-01-24,180.95001250821494,149.55434113747435,250.52172856891383,325.10458380142404,177.1930539970014,149.78600103682774,113.68744856093333,226.00415926615648,210.1809396245597,179.16307092196212,225.5356990207555,139.30824555250757
2007-01-25,179.6471724181558,147.99897598964463,247.9914591103678,318.6350025837757,175.6691937326272,148.22822662604474,112.3686741576265,224.44473056722,207.76385881887728,177.69393374040203,222.46841351407323,137.76192402687474
2007-01-26,179.6471724181558,148.13217506803528,248.33864715312234,319.9095425941108,175.31785534516195,148.49503743397165,112.20012114639006,224.9385089744679,207.07823808477497,176.78769467832598,222.77986929299294,137.08689059914303
2007-01-29,180.09629034920118,148.2358675905829,248.53731807084478,318.88583205780964,175.7035546269213,148.7474789976094,112.5030614734853,224.89352127267298,207.4095632657106,176.8053734477938,222.08925169818468,137.6352381615396
2007-01-30,180.13230960727103,147.9542194421608,250.62503154263987,325.5505459478178,175.26429574035402,149.41684265309863,113.32433382224174,226.28786110456355,207.7829004795889,177.61867816565365,223.399578283204,137.85545454259807
2007-01-31,180.6546933051321,148.02819655188188,253.50721940538028,326.10398187592915,177.24478228222003,150.22369360342537,113.99294739179298,226.98935347398773,210.0061775147205,178.3646766139494,224.8293355842165,139.3167223607496
2007-02-01,181.7928178729544,149.81933773015962,256.5746567601854,329.9846192602527,178.83998532276,150.02840280174092,113.29759041270304,228.98685978455885,211.53922261057798,179.63106581790845,226.4481068004229,140.34766610621915
2007-02-02,181.50194936435767,150.79316342540565,256.5746567601854,330.5455931129951,178.57172534477587,150.58350789210738,113.75078077435386,229.92570590967554,211.72960791092748,179.41550853892696,226.92364782470378,140.60029190521033
2007-02-05,180.93929332132817,150.64237026198023,256.2667671720732,329.88450192676913,177.71458106312096,150.4780994365829,113.55740444703746,231.94905212168067,211.51787830301654,179.2899176829497,226.6740318120966,140.40345149654303
2007-02-06,180.75835402800683,151.86257346110227,258.03500786556043,328.56496391906205,178.3543535549482,150.20723885759705,113.38706834036691,233.10879738228905,212.32164624056801,179.00305381465697,227.53539313298256,140.43153218684233
2007-02-07,180.75835402800683,152.39409246821614,258.4220603773588,326.65928712833147,178.3543535549482,151.36383459680056,113.7839230795582,233.3185952999331,212.80998602692134,179.02095412003845,228.3772740875746,140.61409317868524
2007-02-08,179.8545622578668,152.02834664629245,258.18948052301914,329.86054814218915,178.31868268423722,151.53033481485704,113.46532809493543,234.41519269784274,212.70358103390788,179.05675831086245,227.37241408158928,140.24849653642067
2007-02-09,179.67470769560893,152.0587523156217,256.09814573078273,328.6070780592488,178.6218244448004,149.83319506493063,112.03566496093926,234.41519269784274,211.29973739908405,178.21519154680138,225.1441644235897,139.04235946620744
2007-02-12,179.9262522863828,151.3288703045067,256.07253591620963,324.49948958350825,178.31816734324423,149.18891232615147,111.0721582422752,234.1573359858751,210.81374800306617,177.5914383763876,224.82896259339665,138.63913662375543
2007-02-13,181.13175817670154,151.9493186727552,259.35026437593706,328.4259334074687,180.17267628361398,149.66631684559516,112.42723857283094,235.74960587057902,212.39485111308917,177.98213954081567,226.69504298292185,139.81756928505735
2007-02-14,181.63892709959632,153.33205747267726,262.33279241626036,329.34552602100956,180.78526338297826,151.50721254279597,113.13553017583978,236.57472949112605,213.28690948776418,178.97883952224421,228.44059481389033,141.22972673483642
2007-02-15,182.4018105934146,153.9760521140625,263.56575654061675,326.90836912845407,181.12875538340595,152.15869355673,113.19209794092768,235.29722595187397,214.58795963563952,179.10412470990977,228.7604116466298,140.84840647265236
2007-02-16,183.11317765472893,154.19161858702222,263.35490393538424,327.137204986844,181.74459315170952,151.79351269219384,113.65618554248549,235.36781511965953,214.45920685985814,178.638453985664,229.0806762229351,140.76389742876876
2007-02-20,183.4610926922729,155.20928326969656,264.88236237820945,324.94538571343213,182.43522260568602,152.70427376834698,113.88349791357047,236.49758063223385,216.98982550080447,178.94213935743963,230.13444733356062,141.62255720308426
2007-02-21,183.03913217908067,155.3955344096202,266.23326242633834,326.9925416434267,182.38049203890435,152.55156949457864,113.82655616461368,235.85903716452682,216.75113669275362,178.22637080000987,229.4900708810266,141.59423269164364
2007-02-22,182.32527956358226,154.9448873598323,265.59430259651515,329.77197824739585,181.77863641517595,153.13126545865805,113.70134695283261,236.30716933513943,216.07920816900608,177.58475586512984,229.2146827959694,141.39600076587536
2007-02-23,182.12472175606234,154.54203065269672,265.64742145703445,330.761294182138,182.4148616426291,152.68718478882795,113.32613250788826,238.12673453902002,215.60383391103426,177.140793975467,227.0829862459669,140.8869751631182
2007-02-26,182.01544692300868,153.58387006265002,264.74422022408055,332.315872264794,182.4513446149576,152.0153611757571,113.46212386689774,242.96070725016216,214.91390164251897,177.67221635739338,225.47069704362053,140.28116116991677
2007-02-27,176.66419278347223,147.3637233251127,255.2663771400584,319.1561637231082,175.1350456958978,146.11716516213775,108.9463313369952,236.37647208368273,207.69279454733032,172.92836818065098,217.91742869265926,136.0306419864683
2007-02-28,177.97150781006994,147.42266881444272,255.85348980748054,319.18807933948045,177.63947684934914,146.67241038975388,110.83110286912523,236.42374737809945,208.5651042844291,173.32610342746648,219.18134977907667,136.71079519640062
2007-03-01,177.82913060382188,146.81823587230352,255.46970957276932,318.03900225385837,177.5684210586094,146.26172764066257,110.91976775142052,237.39308474234969,207.3971397004363,171.90482937936127,218.98408656427551,136.64243979880243
2007-03-02,175.64183229739487,144.33700768606158,251.53547604534867,312.8867704173458,175.43760000590606,143.98004468946823,109.89930588810746,233.9034063966371,205.28168887549185,170.11701915381593,217.01322978519704,135.11204447305585
2007-03-05,174.4474678377726,142.82146910535795,249.19619611812695,310.38367625400707,174.08673048586058,143.0729704079246,108.44863505038444,230.65214904772384,202.73619593343577,169.07930533697763,213.671226046505,133.23398705488037
2007-03-06,177.22118257639318,144.9495089950278,253.05873715795792,315.877467323703,176.10613655949658,145.734127657512,110.05367484913013,233.71982263005856,205.51368181772384,170.8715459735496,217.8591820770165,135.03264588012124
2007-03-07,176.97307292078622,144.97849889682678,253.79260749571597,320.11022538584064,174.75011930798846,144.94716336816143,109.28329912518622,234.02365839947765,205.78084960408688,170.51271572700512,216.68274249380062,134.74907732377298
2007-03-08,178.67201442082578,146.51527098513316,256.2543957884244,320.84647890422804,176.13064525052155,145.5849308869813,110.6165553745135,234.67892464299615,207.61229916556326,171.29707421934935,218.26452651400538,135.7731703114337
2007-03-09,179.52964009004572,146.64713472901977,257.2537879319993,319.98019341118663,176.623811057223,145.6431648593361,110.76035689650037,234.96053935256776,207.57077670573017,171.8109654420074,218.43913813521655,135.7188610433091
2007-03-12,180.1759467943699,146.2658521787243,258.8230360383845,318.89226075358863,177.61290439914345,146.82287449469672,111.35846282374146,237.16916842248193,208.02743241448275,171.98277640744936,218.50466987665712,135.88172367656108
2007-03-13,176.89674456271237,143.04800343079236,253.5171637995976,314.71477213771664,174.20273663467992,143.93046386715122,109.87739526818572,233.99110156562068,203.72126456350296,169.40303476133764,212.1461839832464,133.29997092670644
2007-03-14,177.5512625175944,143.54867144280016,255.49459767723448,319.1837219020722,174.6382434762666,145.57127115523673,110.283941630678,235.53544283595377,203.8231251957847,169.70796022390803,213.46149032394254,133.67321084530118
2007-03-15,178.6165700927,144.0223820585614,256.66987282654975,318.1942523641758,176.4719450327674,145.6731710450454,110.16262929488425,238.07922561858206,205.2702693846748,169.74190181595282,215.51072063105238,134.5153520736266
2007-03-16,177.9021038123292,143.359879101092,255.72019429709147,314.88503213958836,175.39546616806751,145.51293055689584,109.78807635528165,236.745981955118,205.0855261422286,169.28359868104974,214.15300309107676,134.0714514117836
2007-03-19,179.28974022206538,145.55328525133874,258.94226874523486,320.521474214887,176.9389462703465,146.66248270829533,111.21532134790031,239.27916396203776,207.34146692979309,170.97643466786025,216.61576262662416,135.53283023217207
2007-03-20,180.61648429970867,146.33927299169596,259.9780378202158,323.7266889570359,178.19521278886597,147.41046137010764,111.97158553306603,242.50943267552526,209.1038693986963,172.07068384973454,218.17539611753588,136.33247393054188
2007-03-21,182.29621760369596,148.3880228135797,263.69572376104486,328.97106131813985,180.28009677849573,150.2260011822767,114.05425702398107,245.44379681089913,212.07314434415778,174.11832498754637,223.19343022823918,138.36382779210695
2007-03-22,182.5149730648204,148.358345209017,263.1683323135228,334.85964331573456,181.30769333013313,149.61007457742937,114.36220351794582,245.76287374675329,211.9671077719857,174.3098551450327,222.12210176314363,138.28080949543167
2007-03-23,182.423715578288,148.65506189943503,264.3525898089336,337.10320292595,181.3802164074652,149.41558148047872,113.75608383930071,246.4510097932442,212.963353178514,173.42087488379303,222.5441337564936,138.59885535727113
2007-03-26,182.07711051868924,148.55100335610544,263.77101411135396,339.7326079087724,182.16015133801727,150.02818536454868,113.55132288838996,247.6093295392724,212.94205684319616,173.75037454607224,222.03228224885368,138.5295559295925
2007-03-27,180.9846478555771,146.70897091448973,262.18838802668586,339.8005544303541,180.21103771870048,149.17302470797074,113.267444581169,247.26267647791747,211.4727566509781,172.62099711152277,220.3226336755375,137.49058426012058
2007-03-28,181.16563250343268,145.5646409413567,259.95978672845905,339.1889134323795,179.1838348037039,147.93488860289457,112.07813641306672,247.33685528086085,209.50606001412405,171.740630026254,217.96518149520924,136.4044086444656
2007-03-29,182.05334410269947,145.78298790276875,261.15560174740995,341.83458695715206,179.45261055590944,147.74257324771082,112.87389118159949,248.12833321775963,209.69461546813673,172.66802942839578,218.68446659414343,136.6635770208901
2007-03-30,182.74514681028973,145.78298790276875,260.946677266012,337.97185612453626,179.18343164007558,147.94941285025766,113.3818236919167,246.58993755180956,210.23982146835385,172.89249786665272,218.37830834091164,136.62257794778384
2007-04-02,183.95126477923762,146.67226412897566,261.468570620544,341.28398031455674,179.2551050127316,148.51162061908863,113.54055824508538,250.88060246521104,211.12282871852096,173.56677860833264,217.43928161504576,136.86849858808984
2007-04-03,185.71719692111833,147.9923145061364,263.7956408990668,342.649116235815,180.3844121743118,150.10069495971285,114.5170070459931,251.1314830676762,213.5718535316558,175.40658646158096,220.20076049155682,138.20980987425312
2007-04-04,186.72006978449238,148.16990528354378,264.27047305268513,344.73927584485347,180.36637373309438,150.89622864299935,114.28797303190112,250.42831491508673,213.2514957513583,176.19591610065805,219.84843927477033,137.9748531974669
2007-04-05,187.11218193103983,149.3700815163405,264.53474352573784,345.8769154551415,180.4385202825876,151.52999280329993,115.03084485660848,251.17959985983194,214.16847718308912,177.44690710497275,220.24416646546493,138.2783978745013
2007-04-09,186.68182391259845,149.5343886060085,264.95799911537904,345.6693893058684,181.90007229687657,151.3633098112163,114.90431092726621,253.01321093880875,214.70389837604685,177.5533752492357,220.02392229899948,138.61026602940012
2007-04-10,187.22320120194496,149.84841082208112,265.6733857129905,350.0593905500529,180.4994417401906,151.60549110691426,115.18008127349164,254.15177038803338,214.5536056471836,177.9262373372591,220.4419677513676,138.873625534856
2007-04-11,186.24964055569484,148.30497219061368,263.5214312887153,347.8190104505326,179.56084464314162,150.36232607983757,114.54659082648743,252.9318418901708,212.85863216257087,177.801688971123,218.83274138678263,138.17925740718172
2007-04-12,187.47888818336241,149.04649705156672,265.4714898802518,352.5493489926598,181.57192610314482,151.59529715369223,115.25677968961165,252.3753918380124,213.77392428086992,179.54414552304002,219.11722395058547,139.3261452436613
2007-04-13,187.55387973863574,149.31478074625954,266.05552715798837,352.7608786020554,181.42666856226228,152.01976398572256,115.7754351982149,252.35015429882858,213.90218863543842,181.8423105857349,220.08133973596804,139.77198890844105
2007-04-16,188.54791530125055,151.2409414178863,268.66287132413663,354.94799604938817,183.0776512461789,153.34233593239836,116.55113061404292,254.01566531720084,216.34067358588243,183.44252291888935,224.65903160247618,140.8063016263635
2007-04-17,189.81118633376892,150.4393644283715,268.8509353340635,353.5282040651906,182.8945735949327,153.6643548378564,116.5045101617973,255.18413737765994,217.09786594343302,184.10291600139738,224.81629292459792,140.69365658506243
2007-04-18,189.88711080830242,150.01813420797205,268.98536080173045,351.8666215060842,182.29102150206944,153.2340946443104,116.18994798436044,255.5924319974642,216.4248625590084,183.42173521219217,226.79467630233435,140.83435024164748
2007-04-19,189.2225059204734,150.318170476388,268.71637544092874,348.06646199381845,181.79883574401384,153.00424350234394,116.1086150207714,254.28891059427713,216.46814753152017,184.5956343175502,226.06893333816686,140.20059566556006
2007-04-20,190.84981947138942,151.88147944934244,272.12907340902854,355.4802776342868,182.88962875847795,154.19767660166224,117.14198169445625,256.5266530075067,218.9358844133795,185.64782943316024,227.71923655153552,141.02777917998688
2007-04-23,190.46811983244666,151.98779648495696,272.99988644393744,355.0892493288891,182.57871638958852,153.82760217781825,116.46255820062838,258.1684235867547,218.25718317169805,185.38792247195383,226.69449998705363,140.54828473077492
2007-04-24,190.77286882417857,154.3740048897708,273.0271864325818,353.27829415731173,183.03516318056248,154.6582712295785,116.10152427020644,259.4592657046885,217.7770173687203,184.96153025026837,226.01441648709243,140.02825607727104
2007-04-25,191.65042402076978,155.47006032448814,275.8666691714807,359.91992608746915,184.66417613286947,156.08112732489064,116.87940448281682,261.534939830326,219.58456661288065,186.21926865597015,228.4101693018556,141.2465019051433
2007-04-26,190.82632719748048,157.87984625951773,277.052895848918,360.31583800616545,183.59312391129882,156.3932895795404,116.4469506862304,259.93957669736096,219.56260815621937,186.6289510470133,228.13607709869336,141.3877484070484
2007-04-27,190.482839808525,157.18517493597588,278.4935709073324,359.48711157875124,183.29937491304074,156.84683011932108,115.81813715252476,258.6658727715439,218.24523250728208,185.88243524282524,227.8623138061749,141.69880145354392
2007-04-30,189.320894485693,154.82739731193624,275.0402506280815,355.3530097955956,183.31770485053204,155.1528843540324,115.33170097648416,256.2861467420457,215.08067663592647,184.6370229266983,226.35842253505416,140.2676435588631
2007-05-01,189.5670116485244,155.22994854494726,275.7828593047773,356.8454924367371,181.7228408183324,155.68040416083613,115.74689509999949,258.6183506773983,215.5968702598527,185.6155991482098,226.87904690688478,140.12737591530427
2007-05-02,190.47693330443732,158.17931756730127,279.230145046087,359.5932027285,182.35887076119658,156.8635752324585,117.44837445796948,260.2217844515982,217.17072741274964,186.50655402412121,228.51257604461438,141.55667514964037
2007-05-03,190.9150302510375,156.89806509500613,279.9282204087022,362.9014601936022,182.65064495441453,157.78907032632998,118.38796145363324,259.7794074180305,217.01870790356068,186.7863138551574,229.9750565312999,141.91056683751447
2007-05-04,191.1059452812885,157.60410638793365,280.51606967156044,362.5748488794279,183.16206676028685,158.2782164443416,118.49451061894149,260.2989662328666,217.06211164514139,187.6455308988911,230.8949567574251,142.336298538027
2007-05-07,191.3543830101542,156.87912749854917,282.17111448262267,363.0099386980833,183.5100746871314,158.30987208763048,118.83814469973642,262.1731187897432,217.3442923902801,188.1521738323181,231.3798361666157,142.63520476495682
2007-05-08,190.55069460151157,157.25563740454567,282.2275487055192,363.8085605632191,182.62922632863317,158.92728058877225,118.60046841033693,260.86225319579455,216.36624307452385,187.53127165867144,230.98649044513243,142.4783060397154
2007-05-09,190.87463078233415,158.4193291213393,284.7393738889983,363.8449414192754,183.37800615658054,159.19745696577314,118.73092892558832,261.3839777021861,218.0755363948126,187.75630918466186,232.16452154640263,142.96273228025044
2007-05-10,188.7177474544938,156.1222488490799,280.4113354058855,356.9682720264511,181.3791858894738,157.30300722788044,117.24679231401846,258.378061958611,215.7421281553881,183.81342669178395,229.0767334098355,141.01843912123903
2007-05-11,189.7556950654935,157.98010361038394,283.8603948313779,364.821574011033,182.34049557468802,159.19064331461502,119.00549419872873,260.419248648084,216.0225929219901,185.00821396528053,231.06970099050105,142.16068847812105
2007-05-14,189.6987683569739,158.50143795229823,283.7468506734454,366.0984495200717,182.21285722778575,158.29917571205317,119.18400244002683,261.35675794321713,215.39612740251633,184.95271150109096,229.66017581445897,141.33615648494794
2007-05-15,190.3627140462233,158.13688464500794,283.3779797675699,365.40286246598356,182.81415965663746,157.15942164692638,119.4938808463709,261.5658433495717,214.16836947632197,184.1944053839365,229.15492342766717,141.01108332503256
2007-05-16,192.0759784726393,158.34246259504647,284.1147625149656,366.9740947745873,185.19074373217373,158.71529992123095,120.74856659525778,262.7428896446447,215.53904704097042,185.667960627008,231.7443740623998,142.13917199163282
2007-05-17,191.48054293937412,157.89910369978034,284.2568198962231,371.3043890929274,185.4500107733988,158.30264014143575,120.32594661217439,261.9546609757108,215.7114782786032,184.70248723174757,231.30405975168125,141.86910756484872
2007-05-18,192.74431452277398,159.43072500566822,285.50754990376646,377.65369414641646,186.2474458197244,159.36326783038334,121.26448899574936,263.5525844076626,217.95487765270067,185.73682116024534,232.22927599068797,142.67776147796835
2007-05-21,192.82141224858307,160.57862622570903,286.84943538831413,380.7882198078317,186.07982311848664,160.23976580345047,121.96782303192471,264.68586052061556,217.736922775048,186.27545794161006,232.41505941148048,143.3483469569148
2007-05-22,193.28418363797965,160.7873784398025,286.24705157399865,377.97038698125374,185.81931136612076,160.65638919453943,121.79706807968003,263.9182715251058,217.4103173908854,186.61075376590495,232.92637254218573,144.40912472439598
2007-05-23,192.8976152707037,161.07679572099414,285.98942922758204,378.34835736823493,185.5591643302082,159.40326935882203,122.22335781795893,260.85681957541453,217.17116604175547,186.83468667042405,232.62356825788092,144.7412657112621
2007-05-24,191.7209398175524,158.6445361056071,283.2439307069972,372.7488016791851,183.38812210754475,156.69341377972205,121.24557095541526,254.12671363036884,216.28076426098426,185.91919670573895,230.76257971181784,143.26490480100722
2007-05-25,192.6220282346949,159.24738534280843,285.9630724417844,378.48913322504455,184.63516133787604,158.22900923476334,122.03366716662545,253.9234122594645,217.08100308874992,186.10511590244468,231.10872358138556,143.96690283453216
2007-05-29,193.45030295610408,159.08813795746562,286.96394319533067,375.61261581253416,185.1706033057559,159.22585199294232,122.11909073364207,255.70087614528072,217.68882989739836,186.2539999951666,231.84827149684602,144.31242340133502
2007-05-30,194.74641998590997,159.78812576447845,290.4362069079942,382.97462308245986,186.57789989087962,160.51558139408516,123.85318182205978,258.84599692186765,218.82081181286486,186.06774599517144,233.1466218172284,145.32261036514436
2007-05-31,194.76589462790855,159.74018932674912,291.97551880460657,380.7533702685816,186.4659531509451,161.1736952778009,123.77886991296654,259.33780431601923,220.1556187649233,186.73758988075406,232.68032857359393,145.74404593520327
2007-06-01,196.0708261219155,160.4270721408541,293.4937915023906,385.43663672288517,187.54745567922058,161.52827740741208,123.17235345039299,258.637592244366,222.81950175197886,187.11106506051559,233.7739261178898,146.3998941419117
2007-06-04,195.8747552957936,161.0206523077753,293.87533343134373,389.67643972683686,187.67873889819603,161.99670941189353,123.55418774608921,258.35309089289717,224.15641876249074,186.92395399545507,233.49339740654833,146.8390938243374
2007-06-05,194.1510574491906,160.55369241608275,292.84676976433406,388.54637805162906,187.77257826764512,161.6403166511874,122.65224217554275,254.83948885675375,222.16142663550457,186.08279620247555,232.06908768236838,145.95805926139138
2007-06-06,193.1220568447099,158.80365716874743,289.59617061994993,383.68954832598365,185.707079906701,160.1855538013267,121.81820692874908,251.45012365495893,220.65072893438312,184.33361791817228,230.32856952475066,144.57145769840818
2007-06-07,190.32178702046164,155.69110548824,283.9780049099229,376.1692331787944,182.82862016814715,157.4784179420843,119.73511559026745,243.1271245619798,217.1865124901133,181.1077796046043,226.6893781262596,142.2438572294638
2007-06-08,191.7872647805192,157.87078096507537,287.9536969786618,378.8776516576818,185.113977920249,159.82484636942132,120.98036079240624,245.46114495777482,219.5104081737575,182.39364483979702,229.20563022346113,143.73741773037315
2007-06-11,191.92151586586556,158.29703207368107,287.1186312574237,380.84781544630175,185.18802351141707,159.53716164595636,120.98036079240624,247.67029526239477,218.720170704332,182.52132039118484,230.0307704922656,143.8667814063305
2007-06-12,190.44372019369837,156.8406993786032,284.30486867110096,376.9631677287495,183.15095525279148,158.11728090730733,119.359223957788,244.2276781582475,216.2923768095139,180.84212424358594,227.56944124799836,142.19792674201705
2007-06-13,192.72904483602275,159.42857091835018,290.01939653139004,383.2207563130467,185.4952874800272,160.17280555910233,120.89895794684344,248.91684957888586,218.73648066746142,182.57820863632438,230.8464412019695,144.03227999698908
2007-06-14,193.0374113077604,160.91125662789082,292.9485924363571,390.15705200231287,185.71788182500325,161.35808432023967,121.99913846415973,250.13654214182236,219.13020633266288,182.97988069532428,230.6386794048877,144.9108769049707
2007-06-15,193.82886469412222,162.63300707380927,294.9992325834116,395.22909367834285,187.03647878596078,162.79417127068982,122.3651358795522,253.71349469445042,219.8533360135607,184.48031571702592,231.6534895942692,145.8672886925435
2007-06-18,193.92577912646928,162.0800548497583,294.6747334275698,396.4938267781136,186.21351827930258,163.08720077897704,122.13264212138104,251.50618729060866,219.43561467513493,183.5579141384408,231.7229856411475,145.34216645325034
2007-06-19,193.2082537437013,162.27455091557803,295.5882251011953,394.8682020883233,186.53008126037741,163.11981821913284,122.92650429517,251.85829595281555,218.755364269642,183.75982784399307,232.44132689663508,146.67931438462026
2007-06-20,191.04432130177187,161.5929978017326,292.01160757747084,382.9036955650471,185.76530792720985,161.53755598240724,121.42680094276892,245.71295353156682,217.88034281256344,181.18719025417718,228.93146286049588,145.63789125248945
2007-06-21,192.458049279405,162.62719298766368,293.93888418748213,390.2937368894526,186.58267528208955,163.18523905342778,121.70608258493729,247.7277997505257,218.16358725821976,181.69451438688887,229.38932578621686,145.95829461324493
2007-06-22,190.66818942110652,161.87910789992043,291.58737311398227,384.79059519931127,184.86611466949435,161.22701618478666,120.34297445998598,243.16960823511602,215.9165023094601,178.8055716081373,225.7649744387946,144.48411583765116
2007-06-25,190.3059198612064,160.81070578778093,289.66289645142996,382.55880974715524,184.1821100452172,160.75945783785076,120.11432280851201,243.8261661773508,215.37671105368648,178.41219935059942,224.52326707938127,144.07956031330573
2007-06-26,190.83877643681777,160.19962510578736,287.43249214875397,376.3231011482766,183.997927935172,160.50224270531018,119.9461627565801,242.89962674587687,214.4505911961556,179.35778400715762,224.20893450547013,143.1574511273006
2007-06-27,192.51815766946174,162.266200269652,289.7606953351589,381.8926830452711,184.77071923249972,162.42826961777394,120.66583973311957,246.42167133369207,216.59509710811716,180.79264627921486,225.98018508806334,143.94481710850076
2007-06-28,192.71067582713118,163.27225071132384,289.7317192656254,381.5489796305303,184.86310459211595,162.5744550604299,121.12436992410542,246.05203882669153,216.29186397216577,180.97343892549407,225.86719499551933,144.304679151272
2007-06-29,192.71067582713118,162.76610673411872,290.1663168445238,384.0672028960918,184.84461828165672,162.02170191322443,121.57253009282462,246.7163793315236,215.79439268502983,180.41242126482504,224.10543087455426,144.27581821544175
2007-07-02,194.27163230133092,165.38664105253804,295.07012759919627,388.8296362120033,187.08123816286476,163.39888637948684,123.29886002014274,251.37931890088936,217.30495343382498,182.00005057195548,226.77228550196148,145.28574894294982
2007-07-03,194.03850634256935,165.48587303716954,295.4832257778352,391.66809255635104,187.53023313445564,164.55901847278122,123.55778762618503,251.40445683277943,217.34841442451173,182.3458506680422,228.08756475787283,145.95406338808738
2007-07-05,194.31016025144896,164.22818040208705,296.45832042290203,391.47225851007283,188.24284802036658,165.52991668177063,123.28596049340743,250.72566479933093,217.5005583146089,182.50996193364344,226.96993569055928,146.9611464254652
2007-07-06,194.87365971617814,164.77013339741396,298.23707034543946,395.5827172244286,188.43109086838695,166.10927139015686,123.6928041630357,249.77290727309347,219.6103137302606,182.30920097551643,227.80972445261435,147.7841288454478
2007-07-09,194.9516091800646,166.76385201152266,299.7879031112358,400.8044090917911,189.05291346825263,166.22554788012997,123.44541855470963,250.622135157822,218.97344382044284,182.2180463750287,226.98960944458494,148.2422596448687
2007-07-10,192.39774309980575,164.59592193537287,296.01057553203424,398.078939109967,186.38726738835027,164.79600816836083,121.22340102072486,247.31392297373876,214.76915369909034,180.28653508345337,222.35902141191542,145.92968039440876
2007-07-11,192.95569655479517,164.33256846027626,298.64506965426926,400.5072206385377,187.84108807397942,165.6199882092026,122.10833184817615,248.55049258860743,215.6497072292566,181.6026267895626,223.35963700826903,146.9511881571696
2007-07-12,195.44482504035201,166.51819162079795,305.15553217273236,408.7977201057554,191.44763696499984,169.03175996631217,123.41489099895162,252.4278802729897,219.898006461673,184.05426225122173,227.93850956693854,149.06728526663284
2007-07-13,196.2852377880255,166.91783528068785,306.43718540785784,412.4768995867072,191.88796653001933,168.96414726232564,123.62469631364985,255.2803153200745,220.60168008235036,183.99904597254638,228.05247882172196,150.12566299202595
2007-07-16,195.77489616977664,166.51723247601421,306.34525425223546,406.3722414728239,191.83040014006033,169.0486293359568,123.97084546332806,251.52769468486937,219.3663106738892,183.79664702197658,227.20868465008158,150.33583892021477
2007-07-17,194.8547541577787,166.1675462878146,307.6931733709453,402.8774401961575,193.2307620610828,170.21506487837487,123.88406587150374,251.251014220716,218.42303553799147,182.8592841221645,227.39045159780161,151.07248453092382
2007-07-18,193.9779077640687,166.5829651535341,306.86240180284375,411.1364277201788,193.38534667073165,169.05760243720192,123.77257021221939,253.11027172594933,218.0080317704693,181.9815595583781,225.16202517214316,150.9214120463929
2007-07-19,194.52104590580808,166.46635707792663,309.37867349762706,413.8088145003599,194.62301288942433,171.10319942669204,124.25528323604705,257.69156764418904,219.01086871661346,181.94516324646642,224.35144188152344,151.6609269654202
2007-07-20,192.20624545952896,163.46996265052397,304.02642244611815,409.9190116440566,192.61839585666328,169.32372615265444,122.95060276206856,253.877732443055,216.44844155262905,180.4896019404947,220.53746736953755,150.144317695766
2007-07-23,193.30182105864827,164.5161704114873,304.66487793325496,411.35372818481085,194.77572189025793,169.8316973311124,124.33994457327992,254.99479446580443,216.1887034227659,182.0237635569889,220.66978984995927,150.72988053477948
2007-07-24,190.18966173960405,161.39036317366907,299.60744095956295,397.9847320188045,191.3671467571784,167.09740700408148,122.88516722177253,246.2739724950739,212.57835207560572,179.54824037261386,214.6896385450254,148.0619616493139
2007-07-25,190.87434452186665,158.66286603603405,299.7272839359468,403.55651826706776,191.11836946639409,167.28121415178597,123.08178348932739,246.81577523456303,212.5358364051906,180.35620745429063,216.2354039425496,147.86948109916978
2007-07-26,187.05685763142932,154.1727069272143,292.44391093630327,388.38279318022603,187.3915612617994,164.7050834538485,119.61087719492835,239.781525640378,207.15867974413925,177.07372447862252,211.0457542479284,144.3058266046798
2007-07-27,184.26971045272103,151.8138645112279,288.5251625297568,379.25579754049073,185.0866450582793,162.00392008520538,117.93632491419936,235.60932709423543,204.36203756759338,173.88639743800732,208.6820418003516,142.57415668542365
2007-07-30,185.4674635706637,154.88050457435472,293.11271261397997,383.46553689319023,187.30768479897864,163.15414791781035,119.04492636839285,238.01254223059664,206.2830407207288,174.79060670468496,210.78973042253514,143.92861117393517
2007-07-31,184.68850022366692,153.31621147815372,290.0350291315332,379.82261429270494,184.9476079705115,160.34789657362404,117.79495464152474,237.53651714613545,204.2202103135215,173.11261688032,207.24846295143652,142.86353945124804
2007-08-01,186.38763442572468,154.3894249585008,290.73111320144886,380.4683127370025,187.51837972130164,161.88723638073083,118.19545748730593,243.28490086107192,205.2413113650891,174.34171646017026,207.5178859532734,142.7778213275773
2007-08-02,187.03999114621473,154.85259323337627,292.7080847712187,377.99526870421204,187.59338707319014,163.4899200209001,118.96372796097342,245.20685157787437,207.33477274101298,175.54467430374544,208.2649503427052,143.9628772445962
2007-08-03,184.47754326751158,149.55663454479483,285.6245491197552,364.5386371383421,184.51685552518984,159.64790690040894,116.13239123550223,236.600091087491,201.46719867244235,173.06949439606262,200.53832068499085,140.55095705389925
2007-08-06,189.1079296035261,151.14193487096964,288.82354406989646,367.96530032744255,188.13338589348356,161.67543531804412,117.0266106480156,243.84005387476822,205.91962376310332,176.73856767725917,208.92082248962348,142.65922140970773
2007-08-07,190.3749527318697,151.89764454532445,289.2567793860013,375.50858898415515,188.73541272834274,161.67543531804412,117.15533991972845,248.5217829091638,207.07277365617668,177.4278480912005,210.55040490504254,144.2427387673555
2007-08-08,191.76468988681236,155.1330643741399,290.38488082560673,382.83100646934616,190.8492493509002,164.6664308714279,117.31935739561608,251.13126162971002,210.07532887419123,180.12475138218676,214.67719284118138,146.92565370842829
2007-08-09,187.5266902403138,151.33230429697346,281.3829495200129,370.35071565844555,187.50938748725946,160.86263631829794,114.05787926001794,244.80275383664133,203.7100464093032,176.63033120537233,206.97028161818295,143.66390419610119
2007-08-10,187.02036817666496,151.6803685968565,283.493321641413,375.23934510513703,188.65319475093173,160.81437752740243,113.98944453246192,243.67666116899275,204.19895052068554,175.34092978757312,207.73607166017024,142.270364325399
2007-08-13,187.0016661398473,151.86238503917272,285.0525349104408,372.27495427880643,187.23829579029976,161.37722784874836,115.10654108888005,243.82286716569413,204.32146989099795,175.34092978757312,206.32346637288111,142.36995358042677
2007-08-14,184.5519443134153,148.44548137579133,279.06643167732153,369.7062570942827,184.3173783759711,158.76291675759865,112.71232503423134,239.33652640984536,198.31441867620262,173.72779323352745,201.7843501126777,139.40865854595387
2007-08-15,182.7802456480065,145.0609244004233,272.452557246569,362.20122007526874,181.47889074898114,155.95281313098914,111.35977713382057,235.65074390313373,195.6371740240739,172.92864538465324,200.02882626669737,136.5647219116164
2007-08-16,182.8350797217009,143.2766750302981,269.7552769298279,359.194949948644,181.67851752880503,154.86114343907224,110.75843433729796,235.3915280848403,196.86968822042553,172.46173804211463,206.46975447248502,136.6056913281899
2007-08-17,185.5044718856377,145.91296585085556,276.8768162407754,371.8026926918414,185.00323439958217,157.86544962179022,112.90714796344155,241.11154221730195,200.1967859513507,174.25534011775264,213.75813680536373,140.14377873359
2007-08-20,185.2633160721864,147.57637366155532,280.0332119459202,372.2488559230717,186.2797567169393,158.02331507141201,112.44422865679144,240.77398605819772,200.89747470218046,174.30761671978797,211.9198168288376,140.81646887151123
2007-08-21,185.00394742968535,148.06337569463847,279.7251754127797,366.8512475121871,185.79542934947523,158.60800133717623,113.07391633726948,241.64077240800722,202.44438525738727,174.32504748145993,212.9582239312989,141.35157145322296
2007-08-22,187.03899085141188,150.6692911068641,285.34765143857663,370.40970461305534,188.52662216091252,160.4637149528212,114.8830989986658,244.34714905897695,204.792740126373,175.98113543253382,214.87484794668057,143.57079112503857
2007-08-23,186.75843236513475,148.30378323648634,283.0363354619241,371.7802205201237,188.43235884983207,160.41557583833534,115.31965477486072,244.88471278690668,203.23631530141256,176.24510713568262,213.73601125256317,143.08265043521345
2007-08-24,188.49528578613052,150.20207166191335,288.13098950023874,379.62478317309825,190.93850922253486,162.86993414866188,116.72655456311402,247.11316367326754,206.30518366246386,177.4611983749188,215.18941612908057,144.8139505054795
2007-08-27,188.11829521455826,148.7901721882914,286.9784655422378,376.8155597776173,189.3155318941433,161.84385356352533,116.62150066400723,239.99630455947744,204.79915582172788,176.3786850648318,212.52106736907996,143.3658110004247
2007-08-28,184.600483094046,144.4157411259556,278.7134857346214,367.1313998913326,185.73746834134403,158.26710439977143,113.62432809694225,236.54035777382094,200.78509236762204,173.97993494795008,206.14543534800757,140.1830899962153
2007-08-29,187.07412956750625,148.9792785455358,285.7649369237073,377.6680710682138,188.61639910063485,162.4928360872453,116.57856062746275,242.57213689705338,206.02558327841697,176.11988814780986,209.81482409720212,142.69236730714755
2007-08-30,186.66256648245775,148.51744278204464,285.13625406247513,377.4037034184661,188.25802794234366,163.0128131627245,115.68090571063128,240.58304537449757,204.35677605386184,175.83809632677335,207.65373140900093,141.87902081349682
2007-08-31,188.04386947442794,150.53728000388045,289.4988387496311,380.6871156382067,189.9335243910305,165.00156948330977,116.76830622431123,241.93031042859477,207.36082066185358,177.17446585885682,210.58164902186783,143.51062955285204
2007-09-04,189.4353941085387,152.67490937993554,291.7279798080032,388.3389266625346,190.86419866054652,167.29509129912776,118.07611125402353,246.40602117152378,206.73873819986804,178.82218839134424,212.91910532601062,144.88833159655942
2007-09-05,187.65470140391844,150.50692566674047,288.5189720301152,388.1059233065371,189.89079124737773,165.9400010596048,116.52931419659582,243.72019554075416,203.65833100069,178.21419295081367,209.17172907227285,143.4249594474342
2007-09-06,188.64927132135924,150.52197635930713,290.3654934511079,391.32720246998133,191.35295033998256,166.43782106278363,116.78567868782834,246.3280016330402,203.8619893316907,179.67554933301034,208.81613713284997,144.80183905812956
2007-09-07,186.70618382674922,145.56980333708592,283.71612365107757,384.9877017899677,187.87032664379487,163.25885868048445,114.47332224980933,242.6577144087079,199.92745293758907,177.3217996367479,205.93447444041666,142.35468797804717
2007-09-10,186.53814826130517,144.07043436271394,281.92871207207577,381.8693014054689,187.79517851313736,163.2425327946164,114.08411295415999,242.85184058023486,198.88783018231362,177.26860309685688,205.6667596236441,141.88491750771962
2007-09-11,188.944490373876,146.0586063569194,285.31185661694064,388.9338834814701,190.66844474438838,165.69117078653562,115.4417138983145,245.57178119473352,202.3484784274859,179.1121965690642,208.2787274708644,143.64429048481531
2007-09-12,189.64358498825936,146.4383587334474,284.6841705323834,393.0176892580255,191.08791532282603,164.9124222838389,114.9684028713314,246.45583960703456,201.45814512240497,179.63162193911447,207.79968639768143,143.87412134959104
2007-09-13,189.94701472424057,148.53242726333568,286.22146505325827,396.3190378477929,191.54652631960082,165.1268084328079,116.09509321947047,246.89946011832723,204.31885078314315,180.15255364273787,210.52186228949105,145.0538891446577
2007-09-14,190.1369617389648,149.5573010114527,287.9960381365885,397.5872587689059,192.08285659329567,164.84609285847213,115.73519843049012,247.8376780667769,205.21785372658897,180.0084315998237,210.60607103440682,145.2279538116313
2007-09-17,189.18627693026997,149.25818640942978,286.3544607192099,397.7462936724134,192.00602345065835,163.92295473846468,115.08708131927936,246.35065199837624,203.63767625289424,178.35235402910533,209.00546489454533,144.3565860887615
2007-09-18,192.83757207502418,153.76578363899455,296.090512383663,409.28093618891336,196.6909704228544,167.51286744723706,117.63050581643543,251.52401569034214,210.70390361886967,181.6697078140467,217.78369442011623,148.93268986777522
2007-09-19,194.5152589520769,155.1342991133816,298.4000183802556,411.57290943157136,198.3235054773641,168.31692921098377,118.34805190191568,254.91958990216176,211.06210025502173,183.39557003828014,218.89439126165885,149.42416774433892
2007-09-20,193.309264346574,153.31922781375502,297.77337834165706,411.6140667225145,198.0061878686003,168.35059259682598,117.88649449949821,252.65080555203255,208.4027177918085,182.55195041610403,215.54530707535545,148.39314098690298
2007-09-21,193.65722102239783,152.59862744303035,300.15556536839034,414.2072353428663,199.55063613397542,169.54588180426344,118.78243185769442,253.61087861313027,208.02759289978323,183.61075172851744,216.08417034304384,148.82348109576498
2007-09-24,192.82449497200153,151.07264116860006,298.11450752388527,411.4734675896034,199.09166967086728,169.647609333346,117.91532010513326,253.2811844709332,207.09146873173424,183.0599194733319,213.27507612858426,148.12401073461487
2007-09-25,192.70880027501832,149.39573485162862,299.33677700473316,407.64676434102006,199.3504888414394,171.3780149485461,118.44593904560637,252.67330962820296,204.4614070788412,182.8951655458059,212.7845434534885,148.24250994320255
2007-09-26,194.36609595738346,153.08580950246383,301.8811396092734,408.9919986633455,201.98191529414643,171.8750111918969,119.33428358844841,254.51782478848887,205.99486763193252,184.13885267151736,214.06125071420945,148.7761829789981
2007-09-27,195.55172914272353,153.20827815006578,304.537693637835,412.1821362529196,202.62825742308772,172.27032371763826,119.4894181571134,253.4488499243772,206.32445942014363,184.45188872105894,215.77374071992313,149.6390848402763
2007-09-28,195.55172914272353,153.0857115275457,303.9590720199231,410.5746259215332,202.14194960527232,171.92578307020298,119.1787456699049,250.30608418531494,206.0356051769554,183.4374033330931,214.56540777189153,149.22009540272353
2007-10-01,197.27258435917946,154.46348293129358,308.36647856421195,415.78892367073666,204.34529685596976,174.34993661149286,120.10833988613017,254.18582849018736,206.92155827921633,185.87712079742326,218.68506360111186,151.90605711997253
2007-10-02,197.25285710074357,156.17802759183098,307.59556236780145,411.09050883325733,203.22139772326193,174.55915653542667,119.96420987826681,253.82996833030109,208.70108368041755,185.46819113166896,220.2814645654,152.7111592227084
2007-10-03,196.3849445295003,156.45914804149626,304.5503663003602,406.97960374492476,201.046928767623,173.12777145183617,119.35239240788766,253.70305334613596,209.47327769003513,186.19151707708247,220.14929568666076,150.8328119642691
2007-10-04,196.4242215184062,155.27005851638089,305.1290119963309,408.7296160410279,202.5547807333802,173.1970225604169,120.09237724081656,255.6565668569012,208.57254259596795,186.86180653855996,220.61160920760275,150.9534782138405
2007-10-05,197.60276684751662,158.35993268085687,309.2177407570818,411.14112077567,203.66883202741383,175.3966247469342,120.82494074198553,257.318334541471,212.30599110843576,188.3753871715223,223.19276503533172,153.36873386526196
2007-10-08,197.10875993039784,157.50478904438026,308.351931082962,408.30424704231785,202.7319554000877,176.57178213273866,120.01541363901423,256.39198853712173,211.62661193688876,187.5088603905333,221.78665061560912,153.21536513139668
2007-10-09,197.62124270621686,158.2450615528888,311.55879116622475,416.26617985964305,205.12419247380876,177.6841843601749,120.65149533130102,259.8789195812266,211.7112625816635,188.2026431739783,223.64965848078023,154.56366034455294
2007-10-10,197.6607669547581,156.52019038196232,309.7517501774607,419.18004311866054,205.49341602026163,178.14616323951134,120.18095449950894,258.2936581717812,212.2193696118595,187.9579797378521,221.81573128123784,154.8264185671387
2007-10-11,196.0399486657291,156.83323076272623,307.11886030095224,417.7548309720571,205.63726141147578,175.8302631173977,119.68821258606096,259.24934470701675,211.17949470076138,187.0369856371366,221.0393762217535,154.22259553472685
2007-10-12,197.13777237825718,159.01321267032813,309.4222517532094,420.59556382266703,207.4263055857556,177.78197903800083,120.50209243164616,260.26041715137416,211.622971639633,187.71031878543033,221.19410378510872,154.50019620668937
2007-10-15,195.87609063503635,156.03966559339298,307.3491226664629,424.96975768642267,205.58021146604239,176.51972698683102,119.39347318127503,257.6578129798604,208.93535989980964,186.15232313951125,217.38956520000485,153.00154430348448
2007-10-16,196.03279150754435,154.47926893745907,305.44355810593083,426.2021699837133,204.40840426068593,175.9019079423771,119.13080754027622,256.78177641572887,207.2429834846212,184.49556746356959,213.71568154812473,152.09883519209393
2007-10-17,196.75811283612228,153.66052881209055,305.2297476152567,424.6678421717719,204.04046913301664,178.10068179165683,119.40480839761887,256.3966037511053,206.99429190443962,184.31107189610603,213.56608057104106,153.0570578538041
2007-10-18,196.79746445868952,154.64395619648792,306.7253733785714,426.4939138931105,205.0606714786817,178.5637435643151,118.91524868318864,256.5248020529809,206.18701416601232,184.8455740046047,211.2809235089309,152.8580836785942
2007-10-19,193.4912670557835,148.92212981721786,295.9593127729836,411.6092762982409,202.04627960794505,173.9210862316429,116.86990640583778,250.54777416514642,201.89832427135923,182.5165197721467,205.4706981124353,149.35763356235438
2007-10-22,194.6715637848238,149.2050818638706,297.7350686496215,406.95809147607076,202.26853051551382,175.60812076808986,117.23220311569588,251.90073214563822,203.95768717892707,182.1879900365568,207.4637638841259,150.05961444009742
2007-10-23,195.52811866547702,150.7717352234412,301.01015440476726,409.4812316432224,204.06872043710186,178.0315128346895,117.87698023283222,252.1022527313547,204.01887448508074,184.35602711799183,208.75003922020747,152.04040135070673
2007-10-24,195.54767147734356,152.21914388158623,301.58207369813636,412.67518525003953,205.1910983995059,176.14437879864178,117.44083540597074,253.4131844455578,203.1619952122434,183.82139463934965,207.18441392605592,151.41703570516884
2007-10-25,196.46674553328705,150.36207032623088,300.37574540334384,416.22419184318983,205.25265572902575,175.33411465616803,115.12725094847312,257.8225738549105,203.9136945945287,183.6191911052464,206.0656180908552,151.00820970876487
2007-10-26,198.17600621942663,151.51985826774285,301.7574738321992,421.9264632714416,206.99730330272246,179.12133153274127,116.45121433438057,261.6383479479632,206.21791934344688,184.5740108989937,210.86694699237216,152.26157784934762
2007-10-29,199.02816304617016,152.77747309136512,303.53784292780915,425.30187497761307,208.1564882012177,179.99902605725165,116.87043870598434,263.3128333748302,207.16652177242673,185.09081812951084,210.76151351887597,153.0381118963793
2007-10-30,198.07282786354853,152.28858517747275,300.92741747863,413.73366397822207,203.9100958419129,180.50302333021196,115.50305457312433,262.9705266914429,207.08365516371776,184.73914557506475,209.5812490431703,152.13518703619067
2007-10-31,199.85548331432045,154.52722737958157,305.32095777381795,422.0497106241843,206.52014506868937,183.62572563382463,116.5656826751971,267.0991639604985,208.38828219124917,186.0138456795327,211.48843840946316,154.28029317340096
2007-11-01,195.23882164975964,149.62871427164885,296.771970956151,409.8102690160829,202.26583008027438,180.35718771754256,113.69816688138725,261.75718068128856,202.7201209156472,182.72140061100498,202.54247746474286,150.62385022519135
2007-11-02,195.2778694140896,151.0651499286567,299.47259589185205,412.6379598722938,203.98508963595668,181.6016523127936,113.88008394839748,263.82506240867076,202.45658475845687,182.75794489112715,199.86891676220827,150.69916215030392
2007-11-05,194.75061916667156,149.2976876744914,298.03512743157114,410.90488044083014,203.71990901943,181.0750075210865,113.08292336075868,265.8301328829766,200.06759705830706,182.22794685094289,197.41052908603308,149.64426801525178
2007-11-06,196.46442461533823,150.5667180197246,302.9229035214489,422.3280361170852,206.59235973660395,182.99440260081,113.80665407026753,266.22887808230115,201.64813107506768,183.01152702240194,200.5690975514096,151.0658885613967
2007-11-07,193.3209938214928,144.90540942218294,295.1074926105955,410.16498867691314,202.72908260952946,178.3463447747494,111.02977171095301,260.0789909986,197.8168165846414,179.29639302384717,191.52343125184103,147.19860181422496
2007-11-08,195.5828494492043,145.44155943704504,295.7567290943388,416.4815295025376,205.1415586925829,172.71060027986735,110.97425682509754,264.37029435007685,198.33114030776147,180.01357859594256,192.8449429274787,147.6843572002119
2007-11-09,194.2724443578946,141.703711359513,290.5809863351879,407.86036184183513,202.61831752066414,167.52928227147132,109.06549960770586,261.46222111222596,193.86868965083684,179.04150527152447,193.4813312391394,145.2327968706884
2007-11-12,192.2714381810083,140.3008446170538,284.53690181941596,393.17738881552907,199.70061374836655,165.03309596562642,107.21138611437486,257.27882557443036,194.9931280508117,179.36377998101324,193.77155323599814,143.62071282542374
2007-11-13,195.94382265026556,143.9486665770972,290.96743580053476,401.94524458611534,202.8758535069656,171.10631389716144,110.10609353946296,259.3627840615833,201.36940333807325,181.76725463275883,202.25874726773486,147.22559271734187
2007-11-14,195.51274624043498,142.1349133782258,290.2982106981935,400.57863075452264,203.13959211652465,168.88193181649837,108.56460822991048,258.8959310502724,199.23488766268966,181.58548737812606,201.14632415776234,146.63669034647248
2007-11-15,194.16370829137597,139.63333890276903,286.4953041380472,391.60566942562133,200.96599848087783,167.64909371423792,108.46690008250354,259.1289373882176,198.07932531424606,181.02257236725384,195.55445634617652,144.6864223648644
2007-11-16,195.5616869910739,138.01359217149692,285.5498696343916,397.5580756008908,202.81488566690192,169.45970392635166,109.32378859315533,260.24319181898693,198.27740463956027,181.78286717119633,194.38112960809946,145.3085739810333
2007-11-19,193.78207563945514,134.1216088722607,280.12442211133816,392.1115299651586,199.06281028206422,166.83307851549324,106.68908528806027,260.24319181898693,194.19289010398535,179.910503639333,189.13283910868077,142.1844396404411
2007-11-20,195.09979375380343,133.77289268919282,281.7771562017951,403.79645355812033,201.1330635089977,167.25016121178194,106.59306511130102,263.3400858016329,194.3676637050789,180.25233359624775,187.4495568406135,142.26975030422534
2007-11-21,192.71957627000702,133.05051906867118,278.79031834605604,397.01267313834387,198.07584094366095,164.95883400318056,104.98350982812038,260.52234688355543,192.19074587158204,177.35027102534815,183.7193106594853,139.6377599235972
2007-11-23,194.85876356660413,135.15271726995618,283.8921811717889,403.32517464124356,200.61121170773978,167.00432354481998,106.16982348917814,261.30391392420603,195.72705559561916,179.90411492811316,188.80833556475304,141.52286968256576
2007-11-26,192.32559964023827,133.50385411926274,279.6621876723292,392.3950624084659,198.38442725778387,163.33022842683394,103.62174772543786,259.4486561353442,191.89080530594504,177.7632559604686,182.36997132199497,139.11698089796215
2007-11-27,195.7297627538705,134.66533765010033,282.7105055179576,390.78624265259117,200.42778685853904,165.66585069333766,104.51289475587662,260.9794032065427,194.0783604864328,181.56738963802263,186.50976967100425,140.6472676878397
2007-11-28,199.6052120563971,139.44595713667889,291.9551390483948,397.4296087776852,205.9395509971489,170.70209255441512,107.1675222826759,264.47652720951044,199.92011913707444,184.98085656321746,194.99596419103497,144.82449153816853
2007-11-29,199.88465935327608,139.0136746695552,292.1303121318238,401.0859611784399,206.57796360524006,171.12884778580116,108.03557921316558,264.1062600714171,198.90052652947537,185.57279530421977,193.66999163453593,144.39001806355404
2007-11-30,201.52371355997298,140.65403603065593,292.8898509433665,403.6930199260998,207.34230207057945,169.75981700351474,109.33200616372356,265.1626851117028,200.57129095232295,186.12951369013243,198.37617243125516,145.7617232351578
2007-12-03,200.83853293386906,137.883151520852,292.0111813905364,404.21782085200374,206.92761746643828,168.26593061388382,109.41947176865452,266.96579137046234,199.94951995037076,184.43573511555223,196.49159879315826,144.100039590277
2007-12-04,200.61761054764182,136.50432000564348,290.3175165384713,400.8628129389321,205.7688228086262,167.74430622898078,108.59882573038962,269.074821122289,200.609353366207,183.71643574860158,193.30843489270907,143.00487928939089
2007-12-05,202.18242790991346,139.6302689337727,294.75937454150994,408.799896635123,208.21747180004886,171.73662071723052,108.37076819635581,273.11094343912333,202.05374071044372,185.3515120267641,196.86531009473492,145.04984906322915
2007-12-06,203.82010557598375,143.28858197983755,300.3598026577986,418.8972540820105,210.65361622010946,174.14093340727175,109.29191972602483,273.57523204296984,204.09448349161923,186.5192265525327,201.74756978508435,147.87832111996212
2007-12-07,203.61628547040777,143.4175417036194,300.96052226311417,418.64591572956124,211.4540999617459,174.10610522059028,109.43399922166867,273.76673470539987,205.0129086673315,186.2394477127039,200.05289019888966,148.57334922922593
2007-12-10,204.9194296974184,144.66527431644087,303.3381103889928,421.2833849986574,213.31489604140924,175.1681524624359,108.996263224782,274.1226314605169,205.93546675633445,186.6305505529006,203.71385808952934,149.2865013055262
2007-12-11,201.0464524761372,139.28372611186927,293.57062323446723,412.941973975684,209.30457599583073,171.61223896744843,108.35318527175579,268.366056199846,200.84886072745297,183.84975534966236,194.8115624910169,145.71855392432414
2007-12-12,202.6347194506987,139.92443125198386,296.0659735319602,422.93516974589556,211.4394826709882,173.31120013322618,110.02182432494084,269.27850079092553,200.24631414527062,184.07037505608196,193.25306999108875,145.6602665027544
2007-12-13,203.26288708099588,139.29477131134993,297.54630339961994,425.59966131529467,213.1521424806232,173.5365046933994,110.05483087223831,271.9712857988348,199.2250579431297,183.59179208093616,192.6733107811155,145.42721007635
2007-12-14,201.18960563276974,136.56459379364748,293.8269746071247,419.4710261923545,210.42379505687126,171.55818853989464,109.07534287747538,267.6197452260534,195.77846444071358,181.57228236804585,189.43639915999276,143.2167164831895
2007-12-17,198.55402179898044,134.89850574936497,287.24525037592514,412.256124541846,207.47786192607504,167.83537584857893,107.27559971999705,264.461832232386,194.1926588787438,179.3026288384453,187.69358428772082,140.2091654370425
2007-12-18,198.8717082338588,136.26098065743355,288.6240275777296,418.8109969220614,207.62309642942327,168.90952225400983,108.08016671789704,267.9791746010767,196.44529372173722,180.4680959258952,188.25666504058395,140.96629493040254
2007-12-19,199.74674375008777,136.16559797097335,288.2488163418785,420.82128970728724,207.29089947513617,169.33179605964486,107.17229331746671,267.2288329121937,194.85408684259116,179.89059801893234,188.33196770660018,140.37423649169486
2007-12-20,200.76545214321325,138.3442475385089,291.56367772981014,425.1557489912723,210.21370115773558,172.17657023344688,108.02967166400646,268.16413382738637,194.6982035731171,180.66412759041373,187.76697180348037,140.83747147211744
2007-12-21,203.27502029500343,141.48466195763305,297.3949512844063,433.99898857029075,213.00954338313346,174.98304832825207,109.97420575395857,270.81895875227747,197.3850387824261,182.6333665811492,191.87906848597663,142.86553106131595
2007-12-24,204.43368791068494,141.82422514633137,300.48785877776413,436.3859830074274,213.77637773931278,176.43540762937656,110.57906388560535,270.98145012752883,199.65496672842403,182.96210664099527,194.5269996310831,144.394192243672
2007-12-26,204.02482053486358,142.4482517369752,301.23907842470857,440.8371200341032,214.09704230592178,176.98235739302763,111.24253826891896,269.97881876205696,198.2773474579979,182.74255211302608,194.07958753193162,144.72629888583245
2007-12-27,201.22968049353594,139.30014537358807,296.5397488012831,436.16424656174166,212.55554360131913,174.04445026030336,109.89650355586504,267.8999818575891,195.81870834951874,180.45827021161327,189.92628435874826,142.65671281176503
2007-12-28,201.1290656532892,139.03547509737822,297.1031743240055,440.35142332873437,213.17195467776293,174.14887693045955,110.12728621333237,269.5341717469204,196.1516001537129,180.4402243845921,189.18557184974915,143.15601130660622
2007-12-31,199.4596944083669,137.6312167988947,294.9343211514403,434.93510082179097,210.65652561256533,172.28548394730362,109.05905153706303,267.4857120416438,195.17084215294435,178.7982183426923,190.1504182661829,142.35433764328923
2008-01-02,197.00634016714397,134.69967188107825,289.743477099175,437.1532698359821,208.27610687314336,168.94314555872594,107.39044804854596,264.54336920918576,191.65776699419135,177.68966938896762,185.81498872971395,140.01972650593927
2008-01-03,198.18837820814684,133.47390486696045,290.98937405070143,438.72702160739163,208.83845236170083,168.63904789672023,107.25084046608286,265.04600161068316,188.24625874169473,178.25827633101233,184.97882128043022,139.62767127172265
2008-01-04,196.00830604785725,128.62880212028978,282.37608857880065,428.10982768449276,205.664107885803,161.58993569463732,105.1165487408078,264.46290040713967,183.50245302140402,176.17265449793948,179.9843931058586,135.55054327058832
2008-01-07,199.86966967700005,128.84747108389428,278.50753616527106,423.78591842487936,205.91090481526595,160.1033082862467,105.73673637837857,269.1967863244275,185.42922877812876,179.39661407525176,181.10029634311493,134.95412088019773
2008-01-08,199.64981304035533,125.45878259438786,271.7676537900715,417.30199387297876,203.76943140518716,155.92461193997565,102.93471286435154,268.8199108235733,181.83190173983306,181.0470629247441,175.2145367119637,132.3225155230339
2008-01-09,201.74613607727906,125.81006718565213,273.0177849975058,423.01903118903857,204.6863938465105,158.6377001877312,102.79060426634146,272.3145696642797,183.25019057340376,183.96192063783246,177.5799329575752,133.1826118739336
2008-01-10,203.15835902982,127.44559805906559,275.80256640448033,421.41155887052025,205.85310629143558,159.351569838576,104.21939366564361,271.5248574122533,185.81569324143143,184.51380639974593,181.23807957650126,135.32685192510394
2008-01-11,199.5421402390892,124.11926794972396,270.39683610295253,416.1439143846388,202.3536034844812,156.06892749990135,102.2600690647295,269.5698784388851,180.70576167729206,184.8828340125454,180.1687749069999,132.9450993312221
2008-01-14,199.9212703055435,124.81433585024241,275.2098997855851,422.34445870896985,206.137615869641,159.68972661789908,103.26221774156386,270.567286989109,181.44665530016897,184.0878378262915,181.7002094937094,134.0086601258719
2008-01-15,196.52260871034923,120.70794420076945,267.5040225915887,409.63189050182984,201.1490855655957,156.00089393302562,101.35186671334493,266.7793449712614,177.99916884946578,181.27129390754922,175.74044262231575,131.10067220114047
2008-01-16,194.65564392760092,120.97350167801113,265.2569888018194,396.76944914007237,197.56863184252808,153.17727775283785,101.68632787349898,263.2578576176408,180.82935563417226,182.25015889464999,177.91962411083244,130.74670038619738
2008-01-17,190.10070185969508,117.56204893069122,255.44248021615203,381.61285618292163,191.3254630763042,150.42008675328677,99.25602463732235,253.85955210069105,179.0933938200842,179.02433108221467,170.2868722364777,127.54340622673554
2008-01-18,188.44682575351572,117.97351610194863,255.80009968845468,384.4367913186753,190.21577539046163,150.66075889209205,96.09968305385549,250.30551837128138,179.41576192896036,176.03462475314169,167.63039702958866,128.61477083904012
2008-01-22,185.2620743982813,118.84652012110305,255.05827939935816,374.4414347443897,186.9440640537457,146.5025219466703,94.65818780804766,242.44592509442313,183.7576233676412,171.5985522093625,169.84311827037925,128.65335527029183
2008-01-23,187.31848342410225,125.33554011971529,259.21572935356767,375.3026500443018,190.98205583730663,146.61972396422763,96.00233407492193,249.35563395961418,189.49086121671158,171.52991278847878,179.3033799580394,132.30711055996812
2008-01-24,189.041813471604,124.77153018917657,263.00027900212973,387.6125769657549,192.7581889565936,150.57845651126175,96.40554387803661,243.89474557589864,187.99388341309958,171.392688858248,180.5943642937373,133.48464384395183
2008-01-25,186.3763239016544,123.98546954898477,263.1317791416308,382.8061810113796,192.25701766530645,148.4703581201041,95.20047457956115,240.2851033413753,184.2904039098615,168.47901314765775,176.58516940641633,132.21653972743428
2008-01-28,190.047937482517,126.92392517729571,267.15769536249775,389.7349728876855,194.5448761755236,149.06423955258452,97.41864563726493,243.6010377674863,187.03633092811842,170.83771933172497,182.5007725815313,134.2658960932095
2008-01-29,189.51580325756595,127.52046762562898,269.8025565465865,392.96977316265327,193.64996974511618,149.31764875982392,99.33779295631906,244.67288233366324,188.96280513667804,171.14522722652208,185.03753332041458,135.56827528531366
2008-01-30,187.90491892987666,126.97212961483879,268.96616862129207,393.087664094602,192.29441995690038,149.0936722866842,98.36428258534713,244.1835365689959,187.79123574483066,169.1941716361397,183.22416549387452,135.08022949428653
2008-01-31,189.10751041102787,130.55274366997725,272.8392814494387,395.1710287143035,195.23652458224097,150.89770572135308,100.5676425152589,248.89627882477754,194.25125425445282,170.54772500922883,188.02463862981404,137.21449712029624
2008-02-01,191.79283705886445,132.81130613546785,278.3779188628623,398.529982458375,198.78982932963777,152.4972214019994,101.8146812824481,252.60483337926672,196.62111955635714,173.2935433818774,191.40908212515072,139.75296531702173
2008-02-04,190.3160322135112,129.8097706168063,276.95819147666174,398.37057046539167,198.7103133979059,150.4232591909322,101.3157893441641,256.41916636329364,192.76734561305256,174.19466980746319,187.06409596090978,137.36318961010065
2008-02-05,185.4439417888453,125.98038238361052,268.7879248281002,383.1926517306602,194.5175257852101,146.030900022557,97.49618408588911,247.93169195666863,187.7939480962358,170.72819587829466,179.48800007449296,134.58845317997663
2008-02-06,184.88760996347878,124.05288253314129,266.1000455798192,377.06156930296964,194.47862228005306,144.0594828722525,97.2329443888572,247.60938075712494,185.3338473761751,170.60868614117985,177.9085056738374,133.80784015153276
2008-02-07,187.64243535193458,125.76481231209864,267.2176657712544,382.30272511628095,195.9372119471535,143.95864123424192,97.63159946085153,246.91607449100502,189.76332632846572,170.96696438207633,180.11457114419298,134.87830287274502
2008-02-08,187.06074380234358,124.01668142096047,267.1642222381002,387.6167329953973,195.54533752325918,145.52779042369514,97.13367830360117,246.5457003792685,188.43498304416644,169.20600464894093,176.6743828353389,134.64900975786136
2008-02-11,188.55722975276234,126.42260504052712,270.63735712719546,396.49315618099183,198.2829722485848,147.04127944410158,97.81361405172638,248.59202969241645,191.31803828474222,169.30752825173028,173.600248574004,135.7531316378758
2008-02-12,190.2542448205372,127.42134362034727,272.12586259139505,396.9689479684091,200.9597923739407,146.9530546764351,99.34928779233849,250.65534353886352,191.66241075365477,171.1868418153245,175.50985130831802,136.06536384064293
2008-02-13,190.74890585707058,129.2689531028423,279.0106469149574,405.3052958757457,201.70334360572429,150.59749043241067,101.93236927493929,251.48250617254178,193.4832036558145,173.01854102274848,176.63311435669124,138.1743769801729
2008-02-14,189.35643884431397,126.36040165802835,275.18820105222244,405.67007064203375,200.4326125410082,147.70601861610837,101.14749003152225,249.1688671157544,189.0911349328275,170.82120555175956,173.40072836396382,136.2675705778465
2008-02-15,190.68193391622415,125.77914381040142,273.53707184590917,404.2502253947867,199.65092535209828,146.923176717443,102.0274731947965,249.7668723968322,188.391497733576,171.0091088778665,174.458472806984,136.09042273609532
2008-02-19,190.739138496399,125.64078675221,275.0962331554308,414.4373310747353,201.64743460561928,145.6302527623295,99.23192042925908,250.34133620334492,187.92051898924205,171.48793438272452,173.3070468864579,136.25373124337864
2008-02-20,191.3113559118882,126.36950331537282,277.6546281237763,421.27554703746847,202.857319213253,147.77101747793571,97.83275035120653,250.94215541023294,190.26952547660758,171.05921454676772,175.75067624755692,137.28925960082833
2008-02-21,190.18261891200805,124.37286516298994,273.6008705531692,412.4708881043854,200.52446004230063,146.29330730315635,96.88377267279982,246.87689249258716,187.7008868826734,169.1604572652986,173.53621772683775,135.5594149298579
2008-02-22,191.03844069711207,125.59171924158723,275.92647795287115,415.68816103159963,201.2463480984529,146.46885927192014,98.63736895817749,249.246910660516,189.44650513068225,169.21120540247816,175.5145306089237,135.5594149298579
2008-02-25,193.2735904532683,127.95284356332905,281.3070442729521,426.7454661150402,205.33164896485147,147.81637277722183,99.78156243809237,251.04148841727175,191.87142039635498,172.73079847484968,177.44519044562185,137.4436907973829
2008-02-26,194.2786131236253,129.37312012688201,283.107409356299,432.50652990759323,206.48150619905468,149.27975486771635,100.25053578155139,253.15023691997683,194.5192459978247,173.47354090829154,178.01301505504784,138.17214235860905
2008-02-27,193.98719520393985,129.36018281486935,282.28639786916574,429.17622962730474,205.8414135298376,150.22021732338294,99.65905762044022,249.1504631766412,193.8384286368323,171.9816684564802,179.34811266796072,138.1859595728449
2008-02-28,192.59048739847148,127.39390803608333,281.10079499811525,435.05594397319885,204.54461262459964,148.95836749786656,99.64909171467818,248.2535215092053,190.25241770705094,170.91538211205005,174.32636551325783,136.67973261350087
2008-02-29,188.87349099168097,122.73129100196267,272.33045019417403,422.61334397556533,200.3309936045329,145.48763753516627,96.70944350909518,241.32724825909847,185.21072863781407,168.94985521776147,167.6845309872027,133.50876281686766
2008-03-03,189.78008374844103,123.6640488135776,273.2019076347954,426.79721608092336,201.3727147712765,144.73110181998342,96.88352050741156,243.81291891616718,185.78488189659132,169.32154489924054,165.75615888084988,133.1749909098255
2008-03-04,189.2486995139454,122.9591637353402,271.3168144721153,420.4806172829257,199.39926216651799,144.9192522523494,96.19564751180893,246.25104810532883,186.02640224305688,169.49086644413975,164.7284706957886,133.09508591527958
2008-03-05,190.97086267952233,122.30748016754289,274.65401129012236,426.998066850811,201.9116928698161,146.06411434514297,96.93635399764987,247.03905145926592,186.0636075235055,169.1688337978959,163.92130118937922,134.58575087753073
2008-03-06,188.02991139425768,119.60448485584018,270.14968550496434,416.1523159528005,199.99353178755285,143.28889617258525,95.2981296150896,241.92534309405912,181.44923005692254,165.78545712193798,158.28240842846458,131.31531713120674
2008-03-07,186.45046013854594,117.97786386180076,265.1519163231225,407.7044239389586,195.21368637783036,143.08829171794363,94.78351971516811,241.0060267903017,180.26981006155256,164.19391673356736,158.42486259605016,129.5294288182223
2008-03-10,185.0707267335207,115.25257520659315,258.7882703313676,403.5050683723874,191.71936139166718,141.34261455898474,92.95419778466535,239.3671858081276,177.80011366370928,161.55039467415693,154.3850285998509,126.783404927276
2008-03-11,188.9016907769046,120.40436531832785,267.74234448483287,421.78384796965645,199.13890067752467,146.2048004998138,95.31523440839587,246.18915060365921,183.1341170736206,164.55523201509624,162.3667345784632,131.6011743145125
2008-03-12,188.14608401379695,119.33276646699473,267.3675052025541,415.4992686349086,199.25838401793118,145.63460177786453,94.24770378302183,243.28411862653604,182.20013307654511,164.37422125987962,159.23305660109887,131.2721713787262
2008-03-13,188.05201097179008,119.8816971927429,270.7363357681063,421.8148575181592,201.390448726923,146.217140184976,94.20057993113032,244.1842698654542,183.29333387500438,165.09746783342308,160.3476879973065,132.2304582297909
2008-03-14,184.85512678526962,117.26827619394112,266.6482170980079,414.9392753406133,198.79251193834568,143.11733681305452,92.47670931839063,241.5470797509073,180.45228719994182,162.01014518493807,154.38275400380672,129.99576348570744
2008-03-17,183.28385820759485,114.28966197861502,262.7818179500868,404.2338420368254,196.7847075677684,142.0582685206379,92.59692904050455,240.14610668835203,178.75603570026237,161.44310967679078,151.8508768381443,128.4618134765761
2008-03-18,188.39747785158676,119.68413402400562,272.1631288509049,418.7862603501511,203.5737799788564,147.78321674201962,95.68040677755336,245.0931164861321,185.40576022831212,165.46304310774286,162.99673119806405,133.5874398342915
2008-03-19,186.08018887401226,117.23060927651349,263.10009666016975,395.9624091610679,197.14084853152454,143.82262653333348,93.9772955369129,239.06382582057324,183.60732435409747,164.55299637065028,160.1116890558583,130.58172243801994
2008-03-20,188.10846293273897,120.30205123955815,264.5471471918007,398.0214136887055,198.46169221668575,146.2100821337868,95.69708004523841,240.06789388901964,190.0703021713617,166.19852633435679,169.9745691016992,134.1335452883341
2008-03-24,190.8924681841435,123.610357648646,270.8169145802464,403.71311990445395,201.83554098436937,150.08464931033217,98.40530741051866,239.87583957390842,194.51794724217157,167.7275527766329,171.4363503959738,136.58818916711058
2008-03-25,193.22135629599003,123.95646665006221,273.90422740646125,406.13539862388063,203.18783910896462,150.8350725568838,98.59227749459865,240.28362850118407,193.73987545320287,168.07978063746384,171.21348314045903,137.12088310486232
2008-03-26,192.1199945651029,121.92358059700119,272.5894871149102,414.5830149152573,203.39102694807357,149.37197235308201,96.99508259918615,241.53310336939023,191.60873682321764,167.7100051200614,165.99147190467505,136.06505230495486
2008-03-27,191.8126025737987,119.19249239162836,268.47338585947506,411.556558906376,202.47576732680724,146.19034934196137,96.54890521922988,242.5233890932047,189.13698411819811,167.4248981113573,162.73803905534342,135.09899043358968
2008-03-28,191.69751501225443,116.4868228143384,267.74850771765443,409.7045543912973,201.88858760155952,145.57634987472514,95.38066346607721,240.75296835282433,186.6214622294261,166.4370912125003,159.64601631329188,134.26137669290142
2008-03-31,191.10325271571645,117.65169104248179,269.970820331711,410.4010521337625,202.9182193983275,146.4934808789359,96.66830242286926,243.30494981736425,188.6369740215039,165.98771106622655,161.08283046011152,135.1475017790746
2008-04-01,194.02713248226692,122.31069800776409,278.52889533622624,418.2397122295173,206.87512467659488,151.48890857690762,99.61668564676677,248.94962465312713,195.57881466549523,169.39045914308417,171.923704950077,139.26950058333634
2008-04-02,192.7077479813875,123.19133503341999,279.2530704641004,423.676828488501,206.87512467659488,151.0344418511769,99.39752893834388,250.766956913095,195.26588856203043,168.22166497499688,170.9609322023566,139.19986583304467
2008-04-03,193.01608037815774,123.80729170858709,279.8115766050286,424.14287299983835,208.28187552439573,151.2156831813983,99.87463707724793,249.71373569406,194.62151112977574,168.28895364098688,171.1489892277792,139.61746543054377
2008-04-04,193.26700128264935,123.9558604586374,282.6656546863999,429.10534461393644,211.07285265642264,151.68445179926067,99.00572773467586,250.98727574609975,194.07657089861235,169.92135649130446,168.9753970645864,139.65935067017296
2008-04-07,193.61488188495812,123.3112899842525,281.9307239842152,430.4355711822397,211.1783890827508,151.19906155350304,99.82747527487366,251.76533630091268,193.2032263295686,170.71998686681357,170.29340516169017,139.51969131950278
2008-04-08,192.45319259364837,123.17564756526981,281.113124884661,434.8690575654167,211.91751344454045,150.01970887338572,99.7176650520713,253.04933951604735,192.8361401995424,170.08832291540637,168.11364957562054,138.96161255422476
2008-04-09,190.66337790252746,119.837587516251,279.22966694793377,436.56504688992186,210.58243310983985,149.3896260961175,98.03243651269129,253.07464444999894,189.86646364046948,168.88069582270697,165.13803797813205,136.61316130205836
2008-04-10,192.43654731702097,120.54462928259689,281.2121975832641,436.4777338805439,211.57217054545606,151.4213250110247,98.10105921825016,252.23949812331395,191.7841149232382,171.0592567988199,164.60959625660203,137.36453368921968
2008-04-11,190.43520722492397,117.67566710567108,274.65995337957406,430.67258001993264,209.83727874698332,147.22695430821932,96.20770877533793,251.709795177255,189.06078049132825,168.40783831843817,161.51493584697792,131.47159519395214
2008-04-14,191.17790453310118,116.51067800132493,274.68741937491205,438.29548468628553,210.86548141284354,146.60860110012482,95.74591177321632,252.81731827603488,188.72047108644387,167.58263991067784,158.0100617390985,130.41982243240054
2008-04-15,191.88526277987364,116.88351217092918,276.0333877298491,443.42354185711514,211.32938547195178,146.66724454056487,95.6501658614431,255.19380106782964,190.3245950906786,166.87879282305298,160.06419254170675,130.64153613053563
2008-04-16,193.88086951278433,120.6588496140502,284.72843944333937,455.4846621956287,215.68277081267397,150.9352613566953,96.87448798446957,260.73150655100153,193.06526925998438,168.33063832061353,164.6260220291454,133.67241976876406
2008-04-17,193.62882438241772,120.11588479078699,283.0200688066793,455.07472599965257,212.90046306919047,150.9352613566953,97.16511144842298,260.6532870990363,193.25833452924434,166.36116985226235,166.5686090890893,132.83028352422085
2008-04-18,194.88741174090342,123.71936133451061,290.548402636937,461.44577216364775,214.92301746834778,155.52369330193883,98.19506162977625,262.0086841919513,195.9832770461067,167.75860367902135,169.41693230451273,135.00870017401806
2008-04-21,194.88741174090342,124.7338600974536,290.22879939403634,464.6297479915769,216.5564324011072,156.581254416392,98.40127125919878,260.67243990257236,195.6109088197191,166.7017244758435,166.77402816056232,134.17164623293914
2008-04-22,192.66569524705716,121.84003454319267,285.8753674031258,465.7913223615558,214.1310003582148,154.5926724853038,97.92894515715463,259.42121219103996,193.1657724594726,165.15139843821817,164.77273982263557,133.07143873382904
2008-04-23,193.41709145852067,121.76693052246677,286.7329935053351,461.5992004603018,211.62566765402372,156.726051365601,99.08450671000905,261.3928134036919,194.6145157529187,166.5386701850992,164.06421704139825,132.6855315615009
2008-04-24,192.54671454695733,124.29968267733406,287.1917662949437,451.5363378902672,209.6363863780759,158.41869272034944,99.77809825697909,259.6676208352275,196.6774296198996,167.12155553074703,169.49474262546852,134.02565543027208
2008-04-25,191.83429170313357,123.36743505725407,290.2934373709291,457.1353884801065,212.78093217374706,156.91371513950614,100.04749912227294,261.2515933223224,199.23423620495828,168.241269952803,172.29140587878874,135.3123017224027
2008-04-28,191.70000769894136,124.94653822598691,290.4385840896145,456.4496853973863,210.20628289444468,156.49004810862948,100.24759412051748,260.8074656136744,199.25415962857878,169.06565217557176,172.256947597613,135.4205515637806
2008-04-29,189.16956759731536,124.60918257277676,287.50515439030943,450.19632470744216,207.34747744708022,157.116008301064,101.32024337760699,258.53844066283546,200.6688641619417,167.2566496972931,171.55069411246276,135.2445048467477
2008-04-30,188.86689628915965,125.34437674995613,286.9876451124068,454.06801309992613,208.3634800865709,156.03190784378666,101.12773491518954,258.8486867916309,198.08023581425266,166.72142841826178,169.98958279603937,135.58261610886458
2008-05-01,190.37783145947293,128.16462522683014,289.9149190925534,444.0331100104178,209.0094068748393,160.38519807262833,104.65709286372964,261.20420984143476,201.92299238904917,169.5390205585304,176.3811911091705,137.2367240253927
2008-05-02,190.92992717070538,127.98519475151258,291.1615532446514,449.0506841535355,210.15895861265093,160.1446202755194,104.87687275874347,264.1035765706747,201.01433892329848,169.16603471330166,176.66340101494515,137.60726318026127
2008-05-05,191.101764105159,126.7181413234726,291.10332093400245,454.43929236337794,210.13794271678967,159.24781040197647,104.25809920946688,261.8322858121669,199.3459199102351,168.59087019527644,174.52577386266432,136.7265766959076
2008-05-06,191.9426118672217,127.03493667678127,294.0434644754359,464.4824007246086,211.37775657881872,160.80843894391583,104.72726065590948,262.46068329811607,199.16650858231588,168.40542023806162,175.81726458924805,137.66999007510933
2008-05-07,189.6968833083752,124.34179601923351,289.95626031922734,458.49057775526114,208.18595245447855,158.63752501817297,103.89991529672777,259.2061708252195,197.27442675078387,166.01406327068116,170.13836694301534,135.02672626566724
2008-05-08,190.56948897159373,124.97593917893161,293.4357354430581,466.147370403774,210.0388074313234,159.65280517828927,104.32590494944436,260.70956661600576,196.54451137180598,166.41249702253077,168.4880247836681,135.8098812780081
2008-05-09,189.10210390651244,124.32606429520116,292.11527463356435,463.53694512951284,208.40050473335907,159.26963844586137,103.54346066232354,260.81385044265215,196.4462391161201,165.78012953384516,167.22436459779058,134.3702965364612
2008-05-12,191.5982516780784,126.47690520750817,296.8475420826281,463.62965251853876,210.0885488216993,161.34014374565754,104.7135017678078,262.8481984761048,200.3555192745309,167.08979255716255,169.86650955843567,135.28401455290916
2008-05-13,192.44128398546195,127.28635740083621,299.1332681566643,469.6104750360279,210.6137701937535,161.75962811939627,105.1009417243487,262.69048955701913,199.79452382056223,166.30447053214388,167.7261915379994,136.06866183731603
2008-05-14,193.30726976339653,128.41920598170364,298.62474160079796,466.18231856826486,211.45622527452855,162.43901855749772,106.39368330755818,263.9776729558485,201.87238686829608,167.20251467301748,168.83318440215018,136.59932961848156
2008-05-15,194.96971228336173,130.08865565946576,301.5512640684858,473.59461743350033,213.61307877232872,165.5578477138017,107.14907845904187,263.8984796539618,203.6690511114239,167.30283618182128,170.43709965397062,137.66480438950572
2008-05-16,195.0671971395034,129.36015918777275,302.60669349272547,485.33976394585113,214.68114416619036,165.50818035948757,106.91335048643198,266.06244718712423,202.56923823542223,167.53706015247582,168.46002929798456,137.6923373503836
2008-05-19,194.79410306350812,129.7223676334985,303.30268888775873,490.58143339646625,213.02809935611066,164.68063945769012,107.21270786779398,268.53682794596455,201.33356588218615,167.93914909684176,167.68511316321383,137.91264509014425
2008-05-20,193.85909136880326,128.26947711600332,301.1189095277669,496.17406173718604,212.3038038182999,162.53979114474012,105.20783023066622,269.66468262333757,198.9175630915999,167.55288905391902,164.75062368285757,136.4369797876797
2008-05-21,191.959272273389,126.20433853443566,295.6686572653143,490.5176774333821,208.35495306727955,159.6140749041348,104.26095975859022,269.04445385330393,195.03867061131373,166.1622000747715,161.4720862715687,133.74917128586242
2008-05-22,194.22439168621497,125.30828773084117,294.4268489048,485.75965596227826,209.56341179506975,160.44406809363633,105.06376914873137,270.0399183325612,196.52096450795972,167.14255705521265,163.40975130682753,133.92304520853403
2008-05-23,193.35038192362703,123.02767689413987,291.04094014239485,476.9188302237648,206.90195646527235,159.54558131231195,103.45629348075578,265.07118383524204,194.3002776090198,165.4377029732495,160.55008065895805,132.007945662052
2008-05-27,194.52981925336115,123.5936042078529,293.0782267233916,472.2450256875719,205.92951726988557,162.19403796209633,104.22187005251338,266.6351038198699,196.69017102361073,166.31452279900773,162.0271414010205,133.56563942086424
2008-05-28,193.8489648859744,124.79246216866909,296.8589358481233,478.6675580369229,209.1626106910228,162.87525292153714,104.74297940277593,267.06171998598177,198.69641076805155,166.18147118076854,161.10358669503466,134.78108673959412
2008-05-29,195.63237536292536,126.4022849306449,296.5323910186903,469.0942068761844,209.74826600095767,163.8687919643585,105.94752366590785,268.0498483499299,201.1602462615754,169.03979248507775,163.6973544408247,135.69759812942334
2008-05-30,195.24111061219952,126.99637566981892,299.0232631032473,473.45678300013293,211.5101514353657,164.91755223293038,105.95811841827445,268.1570682892699,200.45618539965992,169.42858400779343,162.79701899140017,136.4439349191352
2008-06-02,193.73775406048557,125.05333112207069,295.9134211669736,476.10814098493364,209.35274789072497,162.5757229912228,105.07866603540276,266.19952169075816,198.29125859734359,168.157869627735,160.2411057932352,134.79296330661364
2008-06-03,193.17591457371014,124.87825645849979,292.68796487625355,468.49041072917476,209.77145338650644,162.03922310535174,104.34311537315494,264.9483839388116,199.12408188345242,168.42692221913939,159.2956832690551,134.5233773800004
2008-06-04,193.98725341491973,124.69093907381206,292.424545707865,460.94771511643506,211.2818078508893,163.46516826867884,104.72918490003562,267.54487810141194,200.02014025192793,168.93220298579678,158.467345716056,134.3888540026204
2008-06-05,196.31510045589877,125.91291027673542,296.8986412571953,481.5059832106281,215.06375221142022,166.35850174703447,106.77140400558633,271.39752434607226,204.28056923929404,170.43569959237036,161.47822528466105,136.6197089790639
2008-06-06,191.44648596459248,120.71270708230624,287.3088151445879,475.48715842049523,209.81619665746157,161.7004636981175,103.53623046421707,265.67103658237016,197.47802628362555,166.44750422190887,154.22785296937974,132.42548391340662
2008-06-09,191.17846088424207,120.94206122576261,289.03266803545546,487.18414251763943,212.14515644035941,161.1506821215439,102.70794062050332,269.73580344208045,197.77424332305097,165.64855620164371,151.22040983647685,132.43872646179798
2008-06-10,192.84171349393495,120.14384362167256,286.51808382354693,476.2224993109926,212.56944675324013,160.6511150069671,102.03006821240798,269.2772525762289,198.13023696103247,164.96939712121699,152.49066127910325,132.1076296456435
2008-06-11,190.72045464550166,116.08298170726003,281.2174992728114,481.17521330382687,211.5703703534999,157.08466025381242,99.94865482087488,267.6077336102563,193.632680582017,162.6928194409442,147.90069237460224,129.14841874158108
2008-06-12,191.33076010036729,116.59374682677198,282.5673432693209,472.9471171563314,211.99351109420692,158.26279520571603,99.6987831838227,266.6175849958983,195.58837065589537,163.40866784648432,150.2966835910708,128.77388832723048
2008-06-13,191.36902625238736,119.56688737085466,288.19043340038036,478.5751878504917,214.85542349397875,161.45970366887147,101.4335420112212,269.68368722335117,199.3436673724886,165.48395792813469,152.94190522227368,130.71837404097167
2008-06-16,188.82381820323062,120.26037531760562,288.4786238337807,480.5852036394637,214.382741562292,162.2670021872158,100.3380597575,269.62975048590647,199.86196090765705,165.15299001227842,154.33367655979637,130.80987690280034
2008-06-17,189.1448186941761,118.64888628834971,286.43042560456087,489.2357373049741,215.4332169959472,161.21226667299894,99.48518624956127,270.4925656874614,197.44363118067437,164.72359223824648,150.35186770455363,129.80264085064877
2008-06-18,187.51817325340622,115.75385346291398,284.25355436996614,488.69757799393864,213.4296880778849,159.27771947292294,98.05259956756758,269.46469393784906,194.02785636124872,163.455220578012,148.65289159949216,128.66037761116306
2008-06-19,187.93071323456368,117.68694281574463,287.0960899136658,476.7733570908866,211.7435935420696,161.28461873828175,98.35656262622706,270.21919508087507,196.22037113813087,165.35130113671693,149.0542544068108,129.62533044324678
2008-06-20,186.74674974118594,113.67381806572774,282.0431987311853,473.3405889198322,208.1651268112086,157.39765942668916,95.8189633104704,266.81443322285605,191.74654667618148,163.18519909182595,145.70053368265755,127.13652409873643
2008-06-23,186.57867766641886,111.25256574092775,284.29954432103483,489.9548435909183,207.95696168439744,156.43753370418634,95.330286597587,269.85611776159664,189.21549226005587,163.46261393028206,142.2474310343786,126.34827764932427
2008-06-24,185.58981067478686,110.03991277435163,279.8644714296267,481.42962931243625,203.81861814687792,155.5771272688133,94.95849847985642,268.2909522785793,189.23441380928188,163.85492420371472,143.65568060161894,125.28695211706997
2008-06-25,187.1116471223201,110.20497264351317,277.73750144676154,478.68548042535537,205.836422466532,157.7707647633036,96.13598386100662,269.6324070399722,192.31893475437317,165.2313055670259,144.27340002820588,126.45212077175873
2008-06-26,183.59394815642048,104.54043704963658,267.7944988949675,473.46780868871895,200.5258427668955,152.34345045544595,93.49224430482894,263.3499719559408,186.7224537530209,161.9927719779122,138.71887412711996,122.59533108822009
2008-06-27,180.85839832888985,103.55775694136999,266.4019675007137,477.96575287126177,199.26252995746404,151.65790492839645,92.78170324811224,261.5591921466404,186.12494190101123,162.65694234302165,137.12360707465808,122.06817116454076
2008-06-30,180.80414080939119,102.22186187682631,266.5618086812141,486.85591587466723,199.04334117451083,150.27781799354804,94.37754854397977,267.07809110093444,184.22646749362093,164.33230884915477,134.21658660467534,122.31230750686983
2008-07-01,180.4425325277724,102.27297280776473,266.08199742558793,489.4849378203904,200.07836654861833,150.65351253853188,93.45264856824876,268.65385183842994,185.49763011932689,165.844166090567,135.39769256679648,121.65182104633274
2008-07-02,179.59445262489186,97.26159714018425,255.59836672701977,473.5766773412277,195.41654060803552,147.83629185406136,92.07889463429551,266.2091017867002,182.1957723032029,165.09786734315946,133.40734648606457,117.9779360507335
2008-07-03,180.42058710696637,97.19351402218612,256.0584437871284,470.54578660624384,197.62474751690635,147.85107548324677,91.6092922716606,263.0678343856172,182.39618765273642,165.84080774620367,132.28672477558163,117.89535149549799
2008-07-07,180.43862916567704,96.64923034366187,255.85359703209872,459.48796062099717,195.60897509223392,148.56076064556635,91.11460209339364,259.9373271564283,182.7062611717461,164.66333801120564,128.6620685167307,117.69492939795565
2008-07-08,182.71215589316458,100.15759740513678,258.25862084420044,452.503743619558,197.7019911257208,150.3286336972486,92.60888156772529,260.61316420703497,187.71241272785196,169.767901489553,135.44255952756242,120.4136822670484
2008-07-09,181.57934052662696,97.56351563234375,253.76492084151135,442.9106642548234,197.32635734258193,146.02923477350728,90.60852972586243,262.15078187585647,183.8455370256582,169.17371383433957,129.4695426523969,118.12582230397449
2008-07-10,181.0709183731524,96.2171391166174,256.8608528757778,456.37514844817,200.7795685960771,147.70857097340263,91.33339796366933,264.19555797448817,181.51069870543233,170.25642560287932,128.43378631117773,118.5983255931904
2008-07-11,180.74499072008072,96.2171391166174,254.49773302932067,454.68656039891175,199.87606053739478,146.57121497690744,90.70319751772,262.58396507084376,178.84249143446246,168.97950241085772,125.72383342001187,118.0527732954617
2008-07-14,181.19685319688094,94.40825690122499,255.49027418813503,456.5053066405074,200.67556477954435,145.09084570564067,90.40387696591154,260.0894174026708,178.0734687212943,168.23599260024997,120.09140568279535,116.90766139449573
2008-07-15,181.50488784731562,94.21944038742254,250.84035119791096,437.6059869455904,199.63205184269071,145.2939728896286,90.58468471984335,257.774621587787,177.64609239636317,171.11282807371424,116.87295601049644,115.48138792548288
2008-07-16,183.59219405755977,99.88202875470662,256.23341874866605,427.80361283800926,201.508593130012,148.70838125253488,91.94345499064099,253.57289525590608,183.5261780546828,172.78973378883663,129.35498771241745,118.8765407304921
2008-07-17,182.2152526021281,103.48776999275154,259.07760969677634,416.7662796267886,202.47583437703605,150.38878596068852,92.31122881060357,248.95786856224856,186.55435999258506,174.1893306325262,137.23270646410367,120.32683452740409
2008-07-18,181.44994854119915,102.68056538680807,258.61126999932213,421.10064893490716,201.76716895671643,148.68939267933274,92.90202067499142,250.52630313419075,184.96864793264808,173.24870824711059,138.3580146571093,120.56748819645891
2008-07-21,180.90559869557555,102.50600842565049,261.714605239314,433.607338208274,204.16819826730136,148.03515935154368,92.1216437013215,254.2340924205768,183.32242696604752,172.86756108896694,136.98827031200392,120.91713391222862
2008-07-22,184.90361242674774,106.05271631717801,264.776666120614,422.37690814867966,204.9440374207171,148.27201560650616,92.05715855073056,253.1408858231683,187.81382642671568,173.6454651138673,145.70072430384738,123.49266886455909
2008-07-23,186.4198220486471,107.80258613641145,264.45893412126924,405.312881059473,203.12003548767274,149.97714378598099,94.7084047169916,247.31864544923542,188.58386311506524,174.42686970687967,148.60016871749394,124.71524628631823
2008-07-24,184.70475968579953,101.25896915793126,255.94335644256438,403.6510982471292,200.29666699439406,147.21756434031894,92.55852392991588,245.36482815018644,184.4161597402223,174.28732821111416,140.11509908372503,120.98626042235732
2008-07-25,184.90793492145394,101.59312375615247,259.04027105551944,408.65637186539357,200.97767566217502,149.30805375395147,92.20680153898219,244.43244180321574,183.95511934087173,175.59448317269752,139.6106847270236,121.1798384390331
2008-07-28,183.41018064859017,98.31166585882873,255.90588377574767,407.7164622101032,199.18897434878164,146.456269927251,89.69877653712189,243.7235877219864,180.7359047524065,173.94389503087416,134.05417947488806,118.73200570256463
2008-07-29,185.90455910541098,102.57839215710192,261.84290027934503,404.0062424039912,203.39186170754093,149.4586234607596,90.86486063210447,244.69848207287436,186.39293857115683,175.0223471800656,142.79451197665074,121.94964305710411
2008-07-30,187.4475669459859,102.40400889043484,267.55107550543477,426.26698636045114,209.29022569705958,150.16107899102516,91.80985518267835,249.20093414301525,187.34354255786974,174.86482706760353,145.37909264342812,124.02278698907487
2008-07-31,184.87953527882587,101.54381521575519,261.07633947820324,410.58036126238653,205.62764674736104,149.35020916447365,91.46097773298416,248.05460984595737,186.33188742805723,175.42439451421987,143.92530171699386,122.55931810260378
2008-08-01,185.54510160582967,99.96988607991099,259.77095778081224,408.77380767283205,203.53024475053795,148.58852309773485,90.66526722670719,241.80363367783926,185.06483059354645,174.1613388737175,144.8320311178109,121.70140287588555
2008-08-04,186.3800545630559,99.25010290013564,254.36772185897132,387.92634348151756,200.1109366387289,147.75642736838753,90.4114044784724,237.8380540855227,185.4534667377929,175.65912638803144,143.5285428377506,120.08277421763628
2008-08-05,189.39941144697738,103.49800730426144,259.9129381954969,390.5254499828437,205.17374333568875,151.74585090733396,93.29552828133568,240.45427268046345,192.89015075397836,179.48849534329054,149.82944586832787,123.19291806987307
2008-08-06,190.78202715054033,103.63255471375699,262.71999792800824,399.6637455124423,206.03547305769862,153.79441989458297,92.24128881175659,240.86304494402023,192.62010454292283,180.6372217134876,148.60084441220758,123.41466532239885
2008-08-07,187.6913583107016,101.17646316704094,258.93682995784496,393.9085875770631,203.58365092831198,153.51758993877274,90.9130142528673,239.34560776087292,187.7082918770783,178.14442805384147,142.21100810248265,121.73622587401421
2008-08-08,191.85810646519917,105.42587462005666,265.02184546185435,392.5299075205434,207.67568231197106,156.83356988145022,93.80404810610848,241.95447488546642,194.91629028515808,181.93890437138828,147.08884568039778,124.74311065310235
2008-08-11,193.10518415722296,107.49222176260977,266.2144437664327,390.76352293670095,206.90728228741676,157.75888794375078,95.4456189479654,244.20465150190128,199.0290240101749,182.57569053668817,149.97178705573359,125.49156931702097
2008-08-12,193.240357786133,107.04075443120682,264.98985732510704,389.1223161403668,207.610767047194,157.6326808333958,94.54843012985452,239.7357063794165,197.91446147571793,182.00970589602443,143.7179635355095,123.8601789158997
2008-08-13,193.4335981439191,105.40303088840936,265.7848268970823,402.62486051043754,209.0225202631149,157.56962776106243,93.99059439208838,243.02008555681454,195.1238675689103,181.51827969010517,140.2974760033644,123.37712421812768
2008-08-14,193.64637510187745,107.21596301969001,266.44928896432504,397.43099980985284,209.0016180110886,158.60958730428544,94.70492290946825,240.63848871835773,197.62145307379234,182.37141560464863,143.4120799706391,124.91933827085427
2008-08-15,194.24667886469328,107.89142358671404,266.9288976844608,391.19133311283815,209.8794248067352,158.81577976778104,95.70879509230862,241.79355346420581,199.99291051067786,183.19208697486954,145.11868372228972,125.71882203578772
2008-08-18,192.1488147329546,105.49623398308898,263.3253575657206,386.45791798217283,209.16583476239228,156.67176674091598,94.56986043071014,242.05952637301644,197.55299700244757,181.5616774007932,140.66354013201544,123.61931770779006
2008-08-19,190.65005397803753,102.99597323768977,260.5077762397674,397.08551072668257,208.266421672914,154.5880322432618,92.90543088712965,242.9793525732339,193.97728775670328,180.45415116864837,136.92188996450383,121.48070351144531
2008-08-20,191.31732916696066,102.54279095544393,261.65401045522236,408.48186488453837,208.72460780059438,155.06725514321593,92.69174839608925,244.99608119959174,193.60873090996554,179.71428914885692,138.44172294310982,121.66292456671248
2008-08-21,190.64771851487632,101.40456597583851,261.8633336635865,418.2445814552788,208.45326581045362,154.57103992675763,92.90493941740026,246.98054945730843,194.24763972196843,179.67834629102714,137.23727995350475,122.10091109515267
2008-08-22,191.94412300077747,103.19942679361085,264.61289866705414,411.3853703194123,211.01724097992215,156.8277771096883,94.56793783297172,246.9558514023627,197.72467247299167,181.5649689270829,140.7780017763052,123.92021467047043
2008-08-25,189.29529410336673,101.032238830945,259.1883342443795,405.0088970794614,207.32443926277355,154.08329101026877,92.3361345001136,244.56037964375977,193.53290941656425,179.1138418465673,136.70951752496995,121.3798502697258
2008-08-26,188.74633775046695,101.032238830945,259.8363050799905,412.46106078572353,207.4281014824049,153.51318283353078,92.70547903811406,247.47064816152053,194.36510092705547,179.18548738330594,137.63914224413975,121.4648161649146
2008-08-27,189.6145709041191,101.64853548781376,262.66852080536233,418.27676174280225,208.67267009129935,154.83339620589913,93.79013314286,249.84636638387116,195.2008708610418,179.0063018959226,139.7312572062507,122.69161080818023
2008-08-28,190.33510627355474,104.36255138533839,268.70989678388565,415.4324797629512,210.9472021952945,156.36624682833752,95.95668521846005,250.9706750325986,198.4412053173351,180.52785546203796,145.1668031115738,125.32948044055613
2008-08-29,188.03205148764474,103.23543583037673,264.94795822891126,410.44729000579576,208.33145688807284,152.91055277343128,95.12186205705945,246.98024129958026,196.3575726615031,178.54204905195553,144.4990358172606,123.93832320766593
2008-09-02,189.34827584805822,104.07164286060278,261.5301295677583,390.3353727955117,207.60229678896457,151.02975297431806,95.79722727766458,242.33701276314812,199.5974726104179,178.7205911010075,146.6231716437743,124.02508003391128
2008-09-03,188.5340782619116,104.42548644632883,258.88867525912394,389.008232528007,207.83065931543248,148.80961560559558,95.79722727766458,239.08969679212194,200.67529896251415,178.7920793374479,148.58792214380088,123.4421621577519
2008-09-04,185.80033412711387,101.54334302041015,249.07679446680314,380.1777456496212,202.90507268965672,144.06258886777707,92.58802016386282,236.2923473396541,196.3607800348201,174.84077438409028,142.15406511497432,119.73889729301933
2008-09-05,188.2900586044172,101.5839603576183,249.5749480557367,379.6454968057118,205.1776095037809,143.7168386544944,92.0602684489288,232.22811896541208,197.30331177898722,174.1938635188691,146.0064402795901,119.71494951356074
2008-09-08,191.47216059483185,104.78385510888329,251.54659014537705,376.34258098350205,207.0242079893149,144.55039631869047,94.83128252924156,236.59400760196178,203.49863576884744,176.78935208530024,152.094908839249,122.32473541295636
2008-09-09,189.76805836553785,101.5355556005079,241.4344172215329,350.71365121852557,201.51736405679915,141.26910232225617,93.39933016305001,228.73908654957665,199.2862140084323,174.13751180402073,143.39508005364397,117.59076815247495
2008-09-10,190.12861767643236,103.29212071239671,243.4141794427495,364.391483616048,203.63329637939552,142.37100132036977,92.27853820109341,231.00360350641745,200.52178853528457,174.4683730764484,143.0652713695206,118.55501245132525
2008-09-11,192.71436687683186,104.8518317351539,246.94368504466934,368.7641814194406,206.95251911037963,143.8943710344977,92.45386742367549,233.49844242428674,203.56971972102093,176.35263150567403,145.2398634943373,120.16736062066329
2008-09-12,193.73575302127907,105.79549822077026,250.00578673922323,380.41712955229497,209.49803509543733,144.05265484263566,92.72198363920413,237.18771781459048,201.0861691404245,175.89411466375927,144.09246857273203,119.97509284367023
2008-09-15,190.09352086447902,101.42614414425243,239.38054080280625,353.10317965044015,203.3178430601219,138.75151714442669,88.69784954926267,228.41177225545061,196.7829251208194,172.32346413608494,131.91665497833617,114.86415388852988
2008-09-16,191.7283251439135,102.65340048839788,242.80368253628635,365.60303221006575,205.08670829474497,139.63952685415103,88.20114159178681,227.90926635648864,198.4162233993222,173.25401084241983,138.12992942781582,117.17292338168934
2008-09-17,184.51934011850238,98.10585484676186,231.44047019358817,357.88880823043337,198.56495097097206,133.0485411866351,84.19680976351968,216.8328760115633,189.3486019899732,167.51930308353573,127.25910398184669,112.39226810771643
2008-09-18,189.11387168745307,103.06020051652331,239.2863021331508,370.5222831609676,201.1462953335947,138.4769216670498,86.92478639985772,224.70390941078304,196.2408911024082,171.55651828784895,140.303162139986,117.27009254359133
2008-09-19,191.76146589107742,107.1516904770293,247.94846627037086,394.5691793381144,206.21518197600125,142.6173816248946,90.10623358209251,232.20901998510323,196.6137487955028,173.13483825609717,154.12302361077462,124.64638136458322
2008-09-22,186.89072465744405,101.6012329103192,240.01411534971896,390.46565987299806,199.7400252619548,137.62577326802327,86.22265491470432,226.9378752314414,189.18174909103277,169.11811000855573,141.77776941955156,118.77553680231134
2008-09-23,184.8909939036094,98.91896036148677,234.22977516979074,380.19641301833815,194.76649863293213,136.27704068999665,84.98967094942405,224.03307042847894,186.74130452775844,168.49237300152407,139.8637695323876,115.99618924113726
2008-09-24,184.28085362372747,97.41539216399218,231.2316340476174,379.47403983360334,195.7013778263702,136.87665966903262,84.98967094942405,223.80903735805043,185.90096865738354,169.13264401892988,138.08749965932628,115.4278079138557
2008-09-25,186.93449791590916,97.46409986007417,233.52082722468884,388.2398901537596,195.79922851528335,139.38150254097593,87.49686624243208,229.4042632920017,188.9311544464989,171.7203734724195,140.86305840247874,117.06688278623245
2008-09-26,187.15881931340826,96.61616219129152,232.68015224667994,381.4068680870534,193.23425862173315,139.50694589326278,87.73310778128663,227.04139938009408,190.6693210674067,171.97795403262813,144.00430460485404,116.54008181369441
2008-09-29,178.0441848128453,89.97863184874979,215.29894487385292,340.55819251493,182.14261217684563,127.49539785185287,80.4073932815492,213.8048857962346,180.41131159398023,163.00070483212494,123.65649636418816,109.29128872488263
2008-09-30,182.4774850146851,93.97368310283429,223.07123678379904,360.71923751181384,189.10045996200117,133.75542188637883,83.12516317446557,217.73889569488531,185.06592343310493,167.90702604757192,137.40709875988588,113.29134989221332
2008-10-01,185.12340854739804,90.97592261185386,217.36061312213377,354.6952262453665,189.97032207782635,131.18731778616035,82.9007252338945,217.60825235746836,183.75195537672988,167.45367707724347,140.0590557659517,111.96584109847443
2008-10-02,179.58821863183084,84.15272841596483,203.51474206625383,333.4844517158936,181.0417169401685,125.45443199890516,80.33080275164377,210.7971140586796,177.96376878236288,164.87489045025393,134.49871125204342,104.93438627749023
2008-10-03,177.95396584228118,81.3251967411884,200.299209141607,331.6502872314562,179.75632074989332,124.08697869011709,79.51946164385217,209.17397628042775,175.0273665974539,163.72076621710215,130.19475249197802,103.31839672881688
2008-10-06,170.90698879492686,78.18604414697855,192.3072706968569,319.9430320921858,173.14128814629726,119.2103604275955,76.14783647015284,198.06683813993703,169.0939388698002,156.22235512435887,124.98696239229889,99.95021699545747
2008-10-07,165.6772349378021,73.00230942003387,181.57652499197226,302.31417102390634,165.92129643059667,112.08158087402529,72.4318220504094,189.64899751898972,160.47014798744038,151.0045284632053,112.46326876059054,94.42296999560867
2008-10-08,162.66190926193408,71.45466046032915,180.17838574953407,304.33967596976646,165.07509781880063,110.91593243293542,70.62102649914915,185.55257917257956,158.6086942707861,149.73609042411437,108.98815375588828,93.81866298763677
2008-10-09,151.5195684774916,64.8022315714725,168.26859445148986,268.6406319785129,154.1966488725417,106.41274557615826,65.50806418061075,173.139111625934,149.20319870052845,139.70377236569874,97.01035565811617,88.03943334759835
2008-10-10,149.20131907978597,65.8455474997732,165.89600726972387,247.09565329383616,150.6192866186987,105.67849763168276,62.881190806968256,165.27859595811657,148.50194366663595,135.06560712315755,102.219811756957,90.12596791793644
2008-10-13,164.47953415355607,72.1733046145014,184.75838329629147,294.48859959559394,165.19923356338873,118.23310315032667,71.99896347397865,189.17788093366025,159.9811439120669,150.057889513828,113.71954057961466,95.8399542839336
2008-10-14,157.78521711350635,69.83488954499157,180.69369886377305,292.81001457789904,163.4811615343295,113.91759488533975,71.73256730912493,187.79688240284455,155.6136586832675,149.69775057899483,119.54198105729093,94.3927709742462
2008-10-15,148.52322486894354,63.31231086148935,161.73892985296325,248.03936334893825,149.38908541007027,104.81557905400109,64.79602805033254,171.0454004925108,142.83777730537122,140.85061351977623,109.34505007310402,86.46377821240952
2008-10-16,153.14229716236767,65.31931111579857,170.78013603174392,270.3629060503427,155.6186102716702,110.05635800670115,67.16756267697471,178.36614363359024,150.7224226126277,146.06208622000793,111.71783765969039,88.9279958914632
2008-10-17,154.3214928505179,64.71837345353323,167.43284536552176,270.30883346913265,154.79383163723037,109.68216638947837,67.34219833993484,180.1319684555628,150.16474964896096,145.63850616996993,109.65105766298613,89.47045666640112
2008-10-20,159.50669501029532,65.93507887445965,174.69943085438538,299.90765073400263,162.6728376675654,113.5210422131101,71.46354087833885,195.6233177427412,154.00896723997437,151.27471635874775,112.80900812368013,93.24610993772325
2008-10-21,156.5239198136028,63.027341896095976,169.16145889630138,287.0416125175139,157.01182291673413,107.87904641511854,68.94802423942133,188.46350431335688,150.8979861017269,149.30814504608404,110.58667066364363,91.30659085101861
2008-10-22,151.18645414795893,58.16163110171737,157.18482760644326,257.7633680407275,146.90026152089644,103.47758132138172,63.63902637298588,176.94838419981076,144.72625847016624,142.61914014801945,103.63076907890046,86.321250990553
2008-10-23,150.50611510429312,56.870442891259245,156.7761470546665,273.95090755368517,148.39864418840958,102.61871739641425,64.54270054748228,183.8139815067634,143.69870203502805,144.21647451767728,102.39756292686153,84.3703907181665
2008-10-24,144.72668028428828,55.07333689589545,150.50510117247984,264.6365766968599,143.041453133208,99.75565518105431,61.8964498250355,178.2260364689578,138.7842064254301,140.4668461802177,99.36659506422643,81.3752418476716
2008-10-27,142.45447140382495,52.57851473451139,144.8461093683946,249.71107377115698,137.67739864071268,96.97247240150288,61.51269183612028,171.59602791231256,134.60680181202466,136.50568111793552,95.01433820041333,78.52710838300308
2008-10-28,154.74829228597505,57.66811496081209,159.33072030523408,279.7263448384501,151.23862240682288,106.8636645864562,69.64466969685539,189.04734395099473,149.40008933116619,145.41950209493672,105.20937668931766,84.00044783729841
2008-10-29,152.99963658314354,58.59080480018508,160.47790149143177,286.0761328662829,151.16300309561947,105.784341574133,67.83390828473715,186.07930065096411,149.5345494115642,143.83442952210189,102.83164477613909,85.72245701796302
2008-10-30,156.80932753406378,60.65906020963161,166.57606174810618,297.7194314739406,156.6048712070618,109.03192086045888,69.78752484333756,195.4576974037727,152.94393713814787,147.48782403196327,104.52836691494538,88.66273729367916
2008-10-31,157.81290723028178,62.38177751958515,170.25739271273935,300.1607308120269,159.6430057084788,109.62069323310537,70.17833498246027,193.50312042973496,157.14989540944694,149.4051657443788,109.67116256716068,91.47334606588879
2008-11-03,158.19165820763445,62.21958489803422,170.44467584472338,294.2175483419487,158.92461218279067,109.32471736137599,72.30473853242881,193.23221606113336,154.85550693646903,150.5555855206105,110.34015665882035,91.27210470454385
2008-11-04,162.098992165363,64.97591250901714,178.13173072532038,312.57672335848633,164.51875853162488,112.94336550603752,75.64521745262702,197.67655703053939,158.01455927797298,152.81391930341965,115.10685142648138,95.00513378695969
2008-11-05,157.07392340823677,61.8375759348316,168.54824361229814,298.07316339465257,156.86863625990432,106.91218978801511,70.59211692679153,190.5404333217369,151.17252886123674,147.46543212779997,106.69254058720561,90.60639609262346
2008-11-06,151.29360302681366,57.193573982125756,157.4914788313314,279.38397604980787,152.1468903084812,101.52381542269914,67.13310319737874,182.42341086223092,146.56176673096903,143.2331742257321,100.4083499466192,85.22437616472162
2008-11-07,154.75822653612767,57.66256128877919,161.16103028810141,292.9899756834335,156.2548563468102,103.94008222975938,69.14038298298037,190.81488776189354,149.08262911874172,147.17208651693977,102.33619026559431,86.80102712376896
2008-11-10,153.75229806364285,55.01008346949534,159.19486571858658,295.0116065156492,155.87984469157786,102.08994876606967,68.45589319144887,186.61696023113188,147.63652761628992,146.68641863143387,98.73395636824539,85.74205459285898
2008-11-11,150.84637963024002,53.18924970665504,153.78224028415462,285.9842513562703,151.3905051644604,99.9460598419822,66.31322373455652,186.00112426236913,144.80190628605718,144.66214605432006,96.61117630632812,83.50418696798535
2008-11-12,145.55167170521858,50.09895429869838,145.57026865298076,264.96440888158446,144.487098128961,94.78884315413593,62.56652659355407,179.6212857001699,137.64869211552596,140.0618898097927,90.746877904534,78.6525937051454
2008-11-13,151.839503922884,54.32229614607866,157.59437284371697,293.8985223314535,154.02324660547245,100.58044147085363,67.4467156678513,193.68563237049318,146.05902720378458,148.38156606449436,97.0174871677373,82.66387598410782
2008-11-14,146.79843239264426,51.27481533228365,149.1315550220094,283.1712262663554,148.29358183174887,95.48101308828136,65.50425025661718,186.61610678897017,138.858317162638,143.1733730956306,92.48677051700398,78.99359989041342
2008-11-17,145.13961010660736,50.085239616574675,145.01552410340193,278.8103893818535,146.33610655156977,92.96986244405956,63.47361849866204,186.4294906821812,135.84509168020875,140.52466569336144,87.9641674387225,77.19254581291199
2008-11-18,145.92336400118307,49.21876497120793,145.81310948597064,287.31410625800004,148.56041537115362,94.44808325692011,63.03565053102127,187.3429951865239,136.55148615694586,141.50833835321495,87.58592151873599,76.96868743005454
2008-11-19,139.61947467633195,44.503607286966215,135.72284230954145,271.85660734131966,141.32552314257845,88.9134255780646,58.9950653319828,180.2988985675106,129.76487729494565,135.04140729047302,78.80981218255864,70.29550222986882
2008-11-20,133.7135708975231,41.93129878577957,127.76948375020234,242.1426801589134,131.3196761040839,84.6366898077597,55.72673871259095,169.13839674618168,124.71702356817227,126.60131933481847,71.6381192739458,65.44511257600789
2008-11-21,141.44221529539996,44.27525838790465,137.10943301234212,270.9576590978241,139.18572470271855,89.44405378884044,59.14278779567277,184.2255417359411,130.0923272839605,131.20960735860587,74.24574681551744,70.35349601920848
2008-11-24,146.46341393838668,48.17590865187905,144.96580352394932,287.6215551323403,144.16857364707587,94.77491939465533,63.330097171606404,188.81275772516602,136.5058790190597,134.9884440505337,85.16729617208004,74.6520946259821
2008-11-25,145.74574321008856,49.63563868403099,146.11103337178852,289.63490601826663,143.47656449356992,93.70396280549573,64.48903794984679,189.85122789265444,139.4817071816752,135.08293596136906,87.3390622244681,77.533665478545
2008-11-26,148.89385126342648,54.132627548804194,153.82569593381896,305.8834242458914,145.9587090593087,97.7238628098515,67.84246792323884,192.92681778451544,145.33993888330556,136.7444560736939,91.41779643035075,80.9296400265053
2008-11-28,151.29104226876765,55.70788701047439,156.71761901737474,300.5916410064375,148.07511034066866,97.79226951381837,69.07041659264947,195.97506150551078,145.0783269933156,138.45376177461506,93.9317858321854,82.83148656712817
2008-12-01,142.12280510728036,49.78613862126095,141.29660530606506,271.7047843057189,136.7325568885734,90.15469326478916,63.57241143187456,181.61008949715685,134.51662478820225,129.661947901927,79.93594974318977,75.52574945190746
2008-12-02,144.283071744911,52.474590106809046,146.326764454961,282.4642937642254,140.54739522576463,93.24699924377143,66.73196028003873,185.87792660034003,137.77192710807674,134.2779132472356,85.17974804634301,79.98176866956999
2008-12-03,147.97671838158075,54.505356743942556,148.68262536268588,284.1873259561871,142.81020828889945,95.71804472373137,68.62714795199184,189.98582877820755,142.07041123384874,138.23911168802908,89.38762759983237,81.37345144442051
2008-12-04,144.51406317145177,52.10167051153469,143.58281131274575,266.62454921209473,139.09714287338804,91.70745864980702,67.08303712307203,180.6195274194419,143.56215055180414,134.9766686521916,87.63563009887565,79.46117533547663
2008-12-05,149.21077022452394,54.50355752211644,147.76107112194663,269.8507062575611,143.1031405881416,95.3299032664744,68.65948849546423,185.2614492741216,150.33828405784928,139.34991271652262,94.28717442338032,81.72581883253771
2008-12-08,151.31464208468972,59.51243445839894,155.22300521360492,285.5290322911254,145.89365182961035,100.02966749751158,72.01693748289243,187.2807990712095,152.14234346654348,141.25900652073898,99.11467775385738,85.82028235604785
2008-12-09,148.57584706295683,57.83418380667209,153.45346295416985,283.5303290650875,141.95452323021087,99.17941532378275,70.11569033334408,184.56522748467697,147.91278631817354,138.3773227877159,94.85274661044151,82.88522869947101
2008-12-10,150.04674794888012,58.46457641016482,156.66064032991198,297.5367273209029,142.47975496616266,100.0224403540349,69.631892070044,188.73640162583064,150.5160513573734,139.23526218899974,94.43539452535556,83.84669735238488
2008-12-11,146.65569144523542,54.40128834965836,150.7858663175403,296.52510244801186,138.84652121452552,96.65168411410392,68.44118671564625,186.41494388583294,146.82840809911778,138.66439761402484,88.48596467025817,80.02328795311612
2008-12-12,146.69968815266898,54.92898084665004,153.48493332462428,294.56803677185496,140.74871855516454,98.75869082779138,68.54384849571973,187.887621942531,147.82684127419176,139.81531211422126,90.09640922725687,80.2153438442036
2008-12-15,146.14222933768883,54.05561005118831,151.58172015139894,292.7417149438695,140.17164880908837,96.8625239638978,67.17297152580534,184.54322227195394,146.00857112651923,138.61290043003893,87.27639161844372,78.8356399300833
2008-12-16,150.3803539884818,56.28810674630238,159.8126075556199,304.275738512658,146.80176779775823,101.65721890011075,70.4980336163327,190.79923750697318,151.64450197200284,144.03266483685343,95.45418951309189,83.69191534977644
2008-12-17,150.65103862566107,57.12679953682228,160.78746446170916,299.58989213956306,145.48055188757843,100.5288237703195,70.42048577935475,185.80029748429047,152.32690223087687,143.34130804563654,94.3373754957887,83.62496181749661
2008-12-18,150.6811688333862,54.8074514756273,156.9446440610743,283.202325039529,143.18195916775466,98.31718964737249,69.0613704038132,185.7445573950452,151.56526771972247,143.98634393184187,92.71477263726115,80.89878806224623
2008-12-19,149.6264006515525,56.46811725533881,157.76075621019191,281.1915885317483,142.66650411475075,99.36918357659937,69.5447999966399,186.33893997870936,151.4440155055467,144.99424833936476,93.28960422761216,81.20620345688276
2008-12-22,148.39946416620978,53.84234980296556,154.43200425415685,274.24615629501415,141.46810548018684,97.32217839492142,68.45990111669231,185.40724527881582,148.94518924970518,144.15328169899644,90.18306040683268,79.45214946221411
2008-12-23,147.33098802421307,52.32399553852193,152.05375138864287,273.6702393667946,139.9119563199048,96.4852076607251,67.83007002641874,182.718840222273,147.17274149763367,143.63432988488006,88.7671863584454,79.42831381737544
2008-12-24,148.67170001523343,52.559453518445274,153.52867277711272,274.02601067797144,140.84936642724816,96.68782659681261,68.08104128551649,183.96132833578446,148.085212494919,143.79232764775344,89.98329681155612,79.28534285250416
2008-12-26,149.75700342534464,53.763065004017676,155.46313405410433,279.0954918755139,141.93390654873795,96.99722764192242,68.85035705204284,185.24905763413494,148.11482953741796,144.02239537198983,90.32523333944002,79.64212689534043
2008-12-29,149.3077324150686,52.467375137420845,154.09505847442819,283.9238438849603,139.46425657478994,96.26004871184381,68.32709433844731,185.00823385921058,146.72255013976624,142.97103188577432,89.6026314727245,78.75013507411262
2008-12-30,151.81610231964174,54.55032993037646,159.53461403857548,288.9209035373356,142.97875584047463,98.60879390041279,70.23342027049,188.35688289206226,149.52495084743578,146.10209748407277,93.08817383701347,80.27001268104299
2008-12-31,152.59036444147193,55.79407745278904,162.51791132109685,293.28360918074935,144.83747966640078,99.80196030660778,71.44143509914244,191.97333504358988,152.20144746760488,147.79688181488802,95.31298119171811,82.75035607288721
2009-01-02,155.6879488396338,59.02455453730553,169.70120300148935,305.63084912725895,148.6756728775604,103.78405852284145,74.40625465575685,196.5614977511317,156.5391887204316,150.4720053757375,97.1048652381224,85.93624478169336
2009-01-05,155.62567366009796,60.039776875347194,169.887874324791,309.970807184866,148.31885126265428,103.95011301647801,72.27079514713664,198.13398973314077,157.04011412433704,149.0274741241304,95.44437204255051,86.12530452021309
2009-01-06,154.33398056871917,62.2012088428597,173.79529543426116,310.9317166871391,149.7278803496495,106.61123590969986,73.16695300696112,197.06406618858182,157.4484184210603,147.11992245534154,97.0573819300696,87.20187082671575
2009-01-07,153.73207804450115,59.682059884723884,166.82610408734732,298.71210022133454,146.04457449304812,103.007776135952,71.21339536167527,193.0636656449536,154.69307109869175,145.75170717650684,92.55391940851437,83.51323169074567
2009-01-08,153.04028369330092,60.547449753052376,168.61114340108193,302.5057438941455,146.02997003559884,103.80093601219885,72.06795610601537,193.95175850692038,152.45002156776073,146.58249190741296,92.83158116673991,84.41517459300572
2009-01-09,151.02015194854934,58.27692038731291,164.2441147869939,293.82382904438356,143.8979324730791,101.37199410951338,70.3094979770286,191.4691759980318,148.6997510371938,145.58573096244254,89.72172319765413,82.47362557736658
2009-01-12,149.26831818594616,56.324643554337925,159.08684958268228,284.71529034400766,142.01286955768177,99.8716885966926,68.20724398751544,190.79903388203869,146.55847462225825,144.1589907990106,85.63938479216087,80.2715797744509
2009-01-13,150.5221720587081,55.87404640590322,158.03687637543658,290.637368383163,141.34540907076064,99.78180407695557,67.87302849197661,188.24232682801937,147.02746174104948,145.6149966060806,86.6156737787915,79.26015786929283
2009-01-14,146.57849115076996,52.97418339743684,151.9682603226198,278.2562164900403,137.02023955319538,96.42913545996986,65.78253921442374,185.06103150462584,143.39588343604555,143.50357915529247,82.02504306851554,75.8123410019786
2009-01-15,147.91235542024197,53.784688403417626,153.59432070807182,281.67876795286776,138.19861361335285,97.66342839385746,65.75622619873796,186.28243431255638,146.063046867956,144.39330134605527,79.31821664725453,76.4491646663952
2009-01-16,150.4416566979281,53.7040113708125,155.60640630934756,285.2279204290739,139.13836418592365,98.77679147754745,66.1507635559304,189.80317232106367,147.94726017255263,145.4618117760161,78.25535254418132,76.80847574032727
2009-01-20,147.16202858191326,50.036027394186,147.35926677495215,272.6208463461088,134.76941955048565,93.54162152923743,63.44519732649283,185.0960536475013,141.76306469733993,141.59252758277407,67.96477368462148,72.34590329981425
2009-01-21,148.78081089631428,51.807302763940186,152.6789363055279,288.76000044979844,137.94997785187712,98.18128595708761,66.2748531272544,188.77946511508657,143.42169255429883,144.89163347545272,75.33215515203445,74.43669990517888
2009-01-22,148.30471230144607,49.8075408772521,149.77803651572287,281.8875124390932,136.0600631553064,95.79548070833039,65.12167068284018,187.91107957555715,143.33563953876623,144.2106427981181,71.96480781673851,74.54835495503666
2009-01-23,147.50386685501826,49.46386884519906,149.29874679887257,286.82054390677735,135.42058085847646,96.95460602490118,65.70125355191745,188.79426164956226,142.64762846898014,144.5567483408336,73.86467874310041,72.52809453575516
2009-01-26,148.89040320345543,49.61226045173465,149.8511521620284,291.2662623373324,135.00077705781518,98.07927945479004,66.88387611585196,192.9099765535227,144.04557522797614,143.76168622495902,72.7567085619539,72.94875748406254
2009-01-27,149.53063193723028,50.3316382282848,152.14387479010745,291.49927534720223,135.71628117622163,99.16795945673822,65.9608786254532,193.72019845504752,144.43449828109166,146.16250638491582,75.15767994449837,74.23995049153045
2009-01-28,150.93621987744027,52.59656194855762,157.84927009473648,297.5041604193546,139.869199380214,102.33141736340818,68.10460718078043,195.81237659836202,147.68427449241622,147.46335269174156,82.6133217949926,76.73441282804588
2009-01-29,148.9287681530703,49.95621453874002,151.23538567776703,286.704759396132,137.7851483094488,99.21030913382424,65.58473671509155,194.22629634791528,143.60818851642557,146.16567518805422,76.81386660498411,73.83385202314572
2009-01-30,144.75876264478433,48.707309175271526,147.13690672589954,283.0062679999219,132.05328613977574,96.65068315817157,64.06972929697294,190.3223477913222,140.6498598329872,144.49938649091044,75.14700569965595,72.19474050823189
2009-02-02,144.49819687202373,48.67321405884883,144.4148739514704,280.4875122147226,129.45183640282215,97.791161219438,64.8385660485366,191.04557271292921,140.35449512733794,145.71318133743407,75.77072584696309,71.52332942150534
2009-02-03,147.77830594101866,49.524995304878686,147.3609373800804,285.92896995168826,131.8855309271952,99.39493626343678,65.99917638080541,192.68856463826037,143.83528660649588,148.86058605432265,74.7175127576903,72.68915969107587
2009-02-04,144.58629453269268,49.37642031896405,147.58197878615053,286.1291202306544,130.9491436576121,99.90185043838031,64.24359828907599,194.26861086829413,140.92981381704467,147.8185619519424,74.17207491455918,72.38386522037334
2009-02-05,146.1189092547392,50.4232004297261,150.5041019661163,293.2251224123746,133.69907567442195,101.96981874245479,64.7575470753886,195.7839060330668,144.96040649221214,148.8385100294108,75.75935731773075,72.34043490124111
2009-02-06,148.5737069302188,52.76283692966539,154.52256148861161,298.3565620545912,137.06829238141736,105.18186803284213,66.46067056347133,198.094156124257,148.80185726425577,150.38643053371666,80.3276465639899,74.72043520949194
2009-02-09,146.68682085220502,52.86836260352472,154.95522466077972,298.8936038662895,135.68390262836505,105.39223176890782,66.09513687537223,196.35092755036354,148.19176964947232,149.70969159631494,80.88994008993782,75.97573852101141
2009-02-10,141.831487081997,50.26195232717095,146.7271022312923,284.8754938449605,131.26060740268036,101.00791492732127,62.98866544222974,190.63711555864796,142.59012075672226,145.44296538581997,73.82824832008626,72.31370792429865
2009-02-11,143.2356188041088,50.54844545543583,147.26999250954808,281.0866497768226,130.81432133751125,101.5230552934506,63.026458641495076,189.66486626929884,143.17474025182483,147.1301037842955,76.67801870524158,73.01515089116435
2009-02-12,145.77088925694153,50.265374160885386,146.23910256198124,282.0142357210861,131.57304440126882,102.21341206944605,63.36680151815916,188.28031274553297,143.84766153100838,148.51312675986787,76.34063542293852,72.57705998581736
2009-02-13,144.53183669825754,49.67726928320303,146.23910256198124,281.92963145036975,130.61256117713958,102.223633410653,63.13234435254197,188.2238286517093,141.30155792190953,147.250765182409,74.01988010608119,71.91660873994643
2009-02-17,140.5283048217158,47.10398673433311,138.44455839542763,264.53457318988194,125.81908018193855,97.78712772063065,60.04517271370267,178.8502819848542,139.0124726835746,144.64442663868036,68.38696723000841,68.70193632927082
2009-02-18,140.30345953400106,46.45395171739931,137.47544648665965,263.2119003239326,126.63690420312115,97.90447227389542,59.05442736392658,176.1496427268829,140.0550662287014,144.6733555240081,68.22967720537939,67.78133038245859
2009-02-19,141.56619066980704,45.22292199688824,135.61952795908977,264.0804995950015,126.44694884681647,95.23168018081807,59.20796887507278,176.32579236960976,140.9934351724337,144.13806410856924,65.58918869753121,65.99190326036168
2009-02-20,139.78245666736748,44.45865461514082,133.35468184217297,257.7953837046405,124.48702113969081,95.04121682045643,59.68755342296087,171.58262855486723,139.93598440864045,142.72551108030527,64.59223302932874,65.02182228243436
2009-02-23,136.1760692853494,42.80479266345758,126.70028321824853,247.2515525111207,118.89755389051868,91.00196510558703,58.05808321451404,167.01853063530777,135.82186646702644,139.9709087164554,62.137728174214246,62.66153013358199
2009-02-24,139.15832520269856,45.29603159647082,131.69227437704754,258.45204783987447,122.42881124106711,94.12333250870867,60.693920192452985,172.3464217625741,139.99159776756414,142.5883647094531,67.78604766525032,65.27451594015237
2009-02-25,137.57192029538777,44.19986763183623,127.96538301217709,256.82379993848326,121.27798041540107,93.47388151439857,60.7364059365877,171.08829288370734,138.25570195524634,140.29269203763087,66.93194346466817,64.21706878192191
2009-02-26,134.5728524329483,43.42194996151591,126.36581572452488,255.82218711872318,119.87115584258241,92.12785762059124,59.95897994059938,168.2482272218378,135.0896463804712,134.63889654851437,67.15281887810157,63.50425931844257
2009-02-27,133.65775703640426,42.79667388207008,123.82586282846194,247.55913047478845,119.1878902542797,91.74092061858475,59.611217856943895,166.21242367245355,136.35948905644764,128.84942399692824,63.58028891378657,62.570746706461456
2009-03-02,129.52773234397935,39.70675402778462,115.33140863842944,231.24498377649988,113.94362308309138,88.52081430487243,57.298302604094474,159.28136560531223,131.69599453071712,123.6825620946514,59.606520856674905,58.653817962636964
2009-03-03,128.7246604034467,39.47248417902069,114.8700830038757,232.03121672134,113.90943999616645,88.6004830377468,56.67948093597025,154.056936813458,130.0893033974424,123.57124778876623,58.54552478542608,57.77987607499367
2009-03-04,130.87436223218424,40.392193060391875,119.79800956474197,241.08043417347224,116.74578505207099,90.98383603146219,58.45354868926612,157.3845666486287,133.23746453966046,126.54931486047549,58.73287046473945,58.88347170802605
2009-03-05,126.6471203320847,37.61321017783691,113.1013008300729,229.74965376731907,111.48055014622258,87.72661470153584,56.4719733887,151.52986076929972,130.42615403787363,123.00593404438219,53.581997724981804,56.55757457555902
2009-03-06,128.39485059266747,36.206476117185815,112.43400315517546,233.05804878156846,112.75142841788951,87.10375573715493,56.22349670578972,152.16628618453078,129.18710557451382,125.23234145058551,53.22299834022443,56.715935784370586
2009-03-09,127.34201281780759,35.83717006079052,111.65820853340476,234.1068100010855,110.96995584888687,85.01326559946321,54.165716726357815,148.77297800261573,127.30097383312594,124.31814535799623,53.55830322976784,56.28489467240937
2009-03-10,130.7165761574795,38.66830649559297,120.01024253170343,246.09307867314106,115.97470085767165,90.98119684454554,58.01689918560186,152.62619813288347,134.07338564104822,128.10984879141512,60.23702364251988,61.975297523789955
2009-03-11,131.25251411972516,39.69688344837574,121.24634802977997,243.43527342347113,116.80971870384691,92.78262454206754,58.504241138760904,151.6799157044596,133.12146460299678,126.26506696881874,61.11648418770067,61.91951975601854
2009-03-12,135.26884105178874,42.1858780405889,125.02923408830908,250.71398809883294,119.08750821857193,95.42692934151647,60.990671387158244,154.15229833044228,137.88721303578407,132.60357333065343,66.50695809305587,65.00930379184386
2009-03-13,136.8920671444102,42.93678666971138,125.01673116490026,249.1094185750004,121.25490086814995,95.31241702630665,61.16144526704228,156.18710866840414,139.6521693626421,136.35625445591094,67.032363061991,64.95729634881039
2009-03-16,138.37050146956983,42.62764180568946,125.81683824435561,250.1556781330154,122.40682242639738,93.79694959558837,60.76389587280651,159.7794121677774,137.8227259439915,134.81542878055913,66.00676790714255,64.47011662619431
2009-03-17,140.77814819514035,43.983200815110386,128.27026659012054,259.4864849273769,124.26740612727862,97.2299179507869,63.34636144740078,163.24662541181817,142.7567795327864,137.02640181256032,69.80215706180324,66.30106793837824
2009-03-18,140.21503560235976,46.68376934515816,131.2846178549884,261.64022275227416,125.31125233874776,98.76615065440934,64.80332776069099,167.65428429793724,145.61191512344215,137.08121237328535,75.32350768539189,67.60719897676428
2009-03-19,138.981143289059,46.83315740706267,131.96729786783433,265.27702184853075,123.4566458041343,99.21059833235418,63.70815152153531,170.1690985624063,144.65087648362743,134.2573393983957,70.52540024583243,67.70860977522943
2009-03-20,139.52316974788633,45.99484388947624,128.0214756615861,255.78010446635332,121.0862782046949,97.35536014353916,62.637854575973506,168.63757667534463,142.2930671969443,134.4587254074933,67.92301297676121,65.84662300641064
2009-03-23,145.04828726990263,50.38275199653227,138.25039156694683,275.11708036400967,127.62493722774843,103.53742551265388,67.12898874907081,175.9901750183897,149.83459975838232,139.2051184143778,77.43902709480544,70.64025716127732
2009-03-24,144.85972449645175,49.113106646219656,136.4669615157332,269.7522972969115,126.68051269226311,101.71516682363118,65.99450883921152,171.71361376544283,148.03658456128176,137.39545187499087,73.40445378316608,69.72899784389685
2009-03-25,145.8013127056787,49.35867217945075,137.5859906001622,270.9122321752882,128.68206479280087,102.08134142419625,65.95491213390798,172.10855507710335,149.93145284366614,138.23356413142832,75.83414120338887,69.98002223613487
2009-03-26,148.00291252753442,52.33993597908958,143.88742896964965,273.973540398869,131.84764358670375,106.25646828844586,67.30698783265309,174.8967136693524,154.6093141723885,140.237950811334,77.10057136148546,73.47902334794162
2009-03-27,146.15287612094022,51.14658543876634,140.39096444568716,266.8502283484984,129.84355940418587,103.44067187880204,67.36083342291921,171.88849019423955,152.2592525969682,138.9337378687886,74.50999216373955,71.67878727591706
2009-03-30,142.61597651881348,47.9141212390363,133.4977680914039,258.33770606418125,125.92228391017946,100.54433306619556,63.723348418081585,168.4163426923159,148.95522681561397,137.96120170370708,69.27193971462864,68.56076002941467
2009-03-31,142.24517497986454,48.014740893638276,134.59244978975343,257.3560227811373,126.31264299030103,102.34407662808047,64.2968585538443,170.8583796613545,149.9830178806417,138.38888142898858,72.95720690744689,69.2600797817147
2009-04-01,144.44997519205248,49.29673447549842,137.43235048031724,262.68329245270684,129.30625262917118,104.5444742755842,66.57939703250578,171.302611448474,151.97779201845424,138.0844258898448,74.53308257664774,70.10505275505162
2009-04-02,146.64561481497168,53.42780082454519,145.36219710303155,271.66706105458945,133.5733589659338,107.7853529781273,69.37573170787103,173.9749321870702,157.23622362229278,138.0844258898448,76.68708866311286,73.67339994028374
2009-04-03,147.01222885200912,55.682454019341,147.22283322595035,275.49756661545916,135.45674332735348,108.91709918439763,70.0903017444621,175.1927567123797,157.92806300623084,136.24790302550986,78.72696522155167,74.9332150792626
2009-04-06,146.4682836052567,56.00541225265317,146.58977504307876,271.14470506293486,134.5491831470602,108.12200436035153,69.55060642102973,173.16052073451607,156.33298956986792,136.38415092853535,76.91624502145596,74.41617589521569
2009-04-07,144.50560860494625,53.24434542859737,141.75231246665717,263.5255388506664,130.84908061051604,105.26758344523826,67.74229065408295,171.65402420412576,152.674797613933,134.66571062683582,75.15486301046462,71.72231032780888
2009-04-08,146.38418151681051,54.958813351398206,143.1131346663371,266.4243197780237,132.38001485365908,107.13081967221898,68.05390519109173,174.21166916476722,156.24738787809906,136.12010030160562,75.69597802413998,72.34629442766082
2009-04-09,148.05296118610215,60.15791709444047,151.88596982138353,273.11157020445205,135.5174212056908,110.73041521320555,69.95941453644228,174.7343041722615,159.2785872029342,137.0184929635962,84.52969865955711,75.7610395246464
2009-04-13,147.5347758219508,59.38789575563164,150.53418468997322,269.5338086347737,133.94541911970478,110.08817880496895,69.46270269323355,172.46275821802212,159.64492795350094,136.8540707720399,88.11375788272234,76.76108524637174
2009-04-14,145.2479867967106,58.77026163977307,148.21595824574763,267.6740253551938,131.8022924137895,108.98729701691924,67.7817052880573,170.1517572579006,156.9948221494728,136.32033989602894,82.55377976032257,75.2258635414443
2009-04-15,147.96412414980907,58.74675353511716,150.40955442778468,267.8346297704069,134.59650101296182,108.45325926153635,68.81876537896457,172.44880598088227,156.8221278451084,136.94741345955066,86.12010304596849,76.33168373550353
2009-04-16,149.11824431817757,61.0261275722797,154.96696392694656,268.1828147891084,138.2171468902105,111.95629953568398,70.65622641458292,173.55247833915993,160.19380359377823,137.78279268165392,86.3956873757156,78.03388028280526
2009-04-17,149.7296291198821,62.24054751096807,155.88126901411553,269.60418370749073,139.9310395116491,111.79956071633403,70.51491396175376,174.36817498735394,161.2190439367784,139.2984034011521,87.15596942462189,78.47087001238897
2009-04-20,146.76498246330843,57.634746995156426,147.66632613707168,257.52591627739514,135.07543244059488,108.17725494912483,67.80714126562242,171.07261648009296,156.54369166261185,136.3731369297279,79.05046426813205,74.54732651176951
2009-04-21,146.85304145278639,59.62314576648933,152.24398224732087,262.9082079275927,137.5743279407459,110.24344051865309,68.64116910318957,172.21880301050956,159.67456549586407,135.85491900939493,84.37056051337733,76.03081830935373
2009-04-22,146.13346154966774,62.049807799185444,155.2888618922673,258.8331307047151,136.47373331721994,110.54109780805345,68.70294615538243,170.27273053649083,159.94601225720703,133.98012112706527,81.82256958587332,75.81032893625661
2009-04-23,146.14807489582267,62.031192856845685,155.83237290889025,264.26862644951404,136.20078585058548,110.76218000366957,68.27698788921907,170.73246690893933,159.56214182778973,134.34186745410835,84.03996122165049,76.16663748225702
2009-04-24,147.31725949498926,65.70343947397095,160.80342560468387,270.4789391710776,139.30616376797883,113.55338693976205,68.84368688869958,170.61295418210307,160.96628867587427,135.00014260463345,85.61150849649535,77.94132013559361
2009-04-27,146.53647801966582,65.00698301554685,158.32705285037173,266.09718035650616,138.0942001431974,112.69038119901984,68.1759031258792,171.73899967970493,160.19365049023008,136.22864390233565,83.48834308578226,76.77220033355971
2009-04-28,147.62084795701136,64.62344181575513,156.64878609015778,267.6671537206095,137.6108704426962,112.21708159798396,68.62586408651,172.58052077813548,160.69025080674982,136.11966098721376,82.80373867247884,76.06589609049097
2009-04-29,149.3037256237213,67.86753859490602,161.86519066696007,274.894166871066,140.2392380681517,114.61852714418082,70.21798413331705,174.68600313162875,163.13274261901242,137.65781315636931,86.2732153228557,78.62931678874052
2009-04-30,149.33358636884603,69.28597015153956,162.75544921562837,269.06641053339933,140.519716544288,115.01969198918545,70.5199214650903,174.38903692630495,164.30729836586931,137.07965034111257,85.44499245575629,79.46278754670116
2009-05-01,149.84132056250013,68.5723246589787,165.75014948119593,277.3267493367747,141.30662695693604,115.79032392551298,71.7610720828759,178.48717929407314,162.87782487008627,136.66841139008923,84.31711855534031,79.12904383900502
2009-05-04,152.4935119364564,71.40436166739451,171.6342797877784,285.61881914194424,146.6904094439953,117.94402395052752,73.81343874444615,181.68209980343707,166.60772705961122,139.21044384194488,90.97817092121218,82.42081206270764
2009-05-05,152.9357431210721,70.66889674222035,171.06788666447875,281.42022250055766,144.19667248344737,117.66095829304626,73.70271858632948,180.7736893044199,166.55774474149334,140.00394337184397,90.30493245639522,82.9400631787027
2009-05-06,153.92982545135908,72.00453889064832,173.77075927377751,291.74834466632814,144.7157805043878,117.69625658053417,75.12518105504566,181.0810045762374,165.07538081329406,139.09391773992698,95.54261853886614,83.91046191789351
2009-05-07,153.83746755608826,69.54918411447721,168.83566971040224,288.6849870473317,143.87642897746233,114.22421701140841,73.25456404677502,181.73289619271185,163.5731948478931,141.7367021769856,93.38335535988777,82.47559301909753
2009-05-08,155.49891220569398,71.94167604801522,175.38649369516583,301.1850469864811,145.83314841155584,114.54404481904035,73.86990238476793,184.9859150345614,164.4728474195565,143.01233249657847,99.92019023507993,84.88388033525518
2009-05-11,154.05277232218106,69.4884648947779,170.31782402737554,292.0290215580921,143.26648499951247,114.4180463697394,73.15336433163567,183.7095122208229,163.38732662658742,142.15425850159897,94.15479525851582,82.5665504021027
2009-05-12,156.28653752085268,65.75693432992833,169.17669460639212,294.9785146758288,144.6131899585079,113.73153809152097,72.65592145418054,184.35249551359578,162.68476112209308,143.845894177768,92.68598045248298,81.16291904526697
2009-05-13,154.1141546493128,62.166605715514244,161.5806610185651,285.77518501794293,141.85107803030039,110.86550333161465,70.96303848429815,179.48558963203686,158.29227257179656,143.22735683280362,88.65414030279997,77.53493656394353
2009-05-14,155.96352450510457,63.31668792125126,163.8104741406213,286.68966561000036,143.48236542764886,112.38436072725777,71.18302390359948,179.1086698938096,158.3555894808253,143.48516607510265,91.39355323815649,78.55839772658759
2009-05-15,155.93233180020357,63.63960302964965,162.5163713949104,280.6405136656294,143.2527936429646,112.32816854689416,70.27899950002376,175.20410089012455,156.64534911443238,141.90682924827652,89.58396088404099,78.03205646181945
2009-05-18,157.97504534678623,66.25519071416825,169.08203279926477,289.59294605156293,148.72505036012586,115.19253684483996,72.09922558707437,176.2728459055543,162.17492993817183,143.66647393095516,94.79774740749218,80.85681690573732
2009-05-19,158.36998296015318,66.75210464452451,169.85981015014139,291.04091078182074,149.88510575293486,116.07951937854524,71.7531493042564,178.88168402495648,161.94788503625838,143.06307474044516,92.53208124445311,81.26918667195659
2009-05-20,159.09848488176988,65.9377289678613,169.24831483360086,290.6334535067262,151.02423255665718,115.40625816614967,71.08584501572682,176.89609733227945,160.99239251454446,143.47795765719243,90.71845245206184,81.32607510262694
2009-05-21,157.23703260865315,64.52666156794908,164.30626404045972,283.0769837155513,147.47516309157572,113.43281115150852,69.3726761508478,174.49031040856048,158.64190358383212,141.95709130602617,90.58237477338375,79.06521021477391
2009-05-22,157.78736222278346,63.694267633722525,164.28983341405566,283.6431376829824,148.4632466842893,113.05848287470855,69.39348795369305,175.45000711580755,158.89573062956626,142.0422655608098,89.69466750060458,78.66197764267856
2009-05-26,159.01810364812115,66.61146509134703,169.9249747001578,289.40109337794695,151.13558512460648,116.65374263012428,71.71123045134641,180.55560232287755,163.88505657133464,144.18710377077798,93.2286374001284,81.17129472948002
2009-05-27,156.0285632995365,65.21262432442873,166.917302647965,285.7835797107226,146.5864040123558,115.81383568318739,70.33437482668056,177.34171260153033,161.03345658699345,142.5577894981682,89.99360368234396,79.38552624543146
2009-05-28,157.4328203692323,65.7082402692944,168.72000951656298,293.87125501653605,148.05226805247938,117.15727617711238,71.23465482446207,180.99495188112184,161.00124989567604,143.12802065616086,92.50442522508135,79.94122492914947
2009-05-29,160.0619484693985,67.06183001884185,171.08208964979488,297.3095487002296,149.17746528967822,118.50458485314918,71.24890175542696,182.49720998173515,162.7561635195389,145.60413541351244,93.99374647120517,81.99571440982861
2009-06-01,162.79900778822517,71.22636966301194,180.2178732370939,309.05327587388865,154.04065065812173,122.40338569481779,72.28913572105618,188.88461233109587,169.20130759491266,146.11374988745976,94.8772876880345,84.75077041399885
2009-06-02,165.38751201205798,72.30188784492341,181.24511511454534,309.3005184945877,155.2729758633867,122.18305960056712,73.03371381898306,186.99576620778492,169.6750712561784,148.05706276096296,94.3554626057503,85.09824857269625
2009-06-03,163.7501756431386,70.57387272542974,177.3120961165597,298.84616096947065,153.06809960612662,121.52327107872406,71.82865754096984,183.29325003687077,169.0133384782793,147.9978399358586,93.01561503674866,83.04738078209427
2009-06-04,164.78180174969035,72.47936728901632,181.3725431176289,304.88285342105394,153.58853114478745,123.34612014490492,72.00822918482226,185.18117051225053,168.20207445358358,146.57706067247435,95.72236943431804,84.11869199418327
2009-06-05,164.05676182199173,72.74029301125678,182.95048424275225,303.35843915394867,152.29838748317124,123.98751996965842,71.90741766396351,185.47746038507015,168.0675127940207,146.13732949045692,94.61198994887994,83.94204274099548
2009-06-08,164.1716015552671,72.3765915462005,181.79789619202293,303.11575240262545,151.1866092545441,123.61555740974946,72.15909362578739,184.6242640672988,167.71457101715325,144.9390033886352,95.08504989862433,83.72379342986889
2009-06-09,163.8596755123121,72.83256407294157,182.2342111428838,305.41943212088546,152.01813560544412,124.826989872365,72.51267318455373,184.05192884869018,168.38542930122188,144.8230521859243,95.43686458324925,84.6112656402255
2009-06-10,162.72904375127712,72.83984732934886,181.79684903614086,307.64899397536794,151.41006306302233,124.76457637742881,72.46191431332454,186.6654662383416,166.78576772286027,144.0410077041203,94.32025326762523,83.92591438853967
2009-06-11,163.52641606565837,72.5557719247644,182.36041926815292,312.10990438801076,152.10654935311223,125.4258286322292,73.2155182221831,190.97743850844725,164.78433851018593,145.99996540889634,94.6786702300422,84.33715136904351
2009-06-12,163.59182663208463,72.26554883706534,181.79510196842165,309.73786911466186,152.27386655740068,125.28786022073375,73.26676908493863,192.8299196619792,165.77304454124706,146.64236525669548,94.74494529920324,84.05883876952566
2009-06-15,160.56537783939106,69.69289529846581,175.9231201748416,302.52097676429025,148.16247216035086,123.09532266687091,71.68420687270395,188.74192536514525,162.37469712815152,142.53637902950803,92.4047451503129,81.57069714194772
2009-06-16,158.205066785152,68.26419094484727,172.9324271318693,296.6218177173866,144.65102157015053,121.6797264562019,70.58027008686432,187.51510285027183,159.76046450438827,142.32257446096378,91.249685835934,80.493963939674
2009-06-17,158.42655387865122,68.26419094484727,171.92941905450448,292.35046354225625,143.81204564504367,122.51931656874969,70.89082327524652,187.23383019599643,161.4699014745852,145.15479369273697,89.75319098822469,79.69707369667123
2009-06-18,161.59508495622424,68.00478701925685,172.23889200880257,291.678057476109,145.69598344299374,122.1640105507003,71.12476299205484,190.94106003387716,161.7928412775344,147.82564189668332,91.82648970005268,79.52174013453856
2009-06-19,160.67399297197377,68.83444542089178,171.80829477878058,289.37380082204777,144.9529339274345,123.58111307308843,70.89716375048026,188.61157910146386,162.40765407438903,148.60911779873575,93.15797380070343,79.91139666119778
2009-06-22,158.52096146614934,65.74377882149375,165.02186713501877,275.45492100250726,141.48855880656882,119.97254457135425,69.9896800544741,187.3667426793942,159.74416854756905,145.87471003123903,88.43486452900777,76.75489649308047
2009-06-23,158.01369438945767,65.710906932083,164.3452774797652,277.300468973224,142.05451304179508,119.69660771884014,70.87854899116593,185.58675862393997,158.13075244523858,145.69966037920153,89.38996106592106,76.93143275501455
2009-06-24,157.96629028114083,66.91998761963333,164.72327161796863,277.6054994890946,142.77899105830824,121.44417819153522,71.30382028511292,186.7559552032708,158.92140620746477,146.6029982735526,90.14083673887478,78.09309738961527
2009-06-25,160.39897115147042,68.86066726060268,169.18727227881558,283.65729937795686,145.7345161732152,123.78805083063185,72.58015866821644,190.21094037453128,162.71962781582317,150.72254252503942,91.89858305528284,80.16256447044007
2009-06-26,160.71976909377335,68.74360412625965,169.35645955109436,281.1043836835553,146.15714627011752,123.80042963571492,72.47128843021412,189.62128645937025,162.37791659740998,151.129493389857,92.44078469530902,80.08240190596962
2009-06-29,161.68408770833597,70.36595318363939,171.2024449602013,285.01173461675666,147.73564344983478,124.60513242834705,73.39892092212085,191.97259041146643,163.22228176371652,151.7793502114334,93.29123991450588,80.4107397537841
2009-06-30,161.1181934013568,70.01412341772118,169.0795346426948,283.0736548213627,145.19459038249764,123.82012009404848,72.43005516594886,190.99353020036796,162.25927030131058,150.8686741101648,92.30235277141212,80.2579593482519
2009-07-01,164.46945182410502,70.69326041487308,170.7026981752647,283.8096463238982,146.83528925381987,124.6744789226974,72.6690743479965,193.38094932787254,162.87585552845556,150.74797917087665,92.12697830114642,80.80371347182002
2009-07-02,161.34453223944703,68.240204278477,165.12071994493354,273.6208800208703,143.82516582411654,121.48281226227635,70.45266758038261,186.92202562032162,158.29904398810595,147.31092524578065,88.718280104004,78.40384318170696
2009-07-06,163.40974225211193,67.0118806014644,163.88231454534653,269.762825612576,145.50792026425873,120.82680507606007,70.58652764878534,188.17440319197775,158.86892054646313,148.1064042421079,89.20623064457602,77.74525089898063
2009-07-07,161.39980242241097,65.17575507298427,159.29360973807684,263.6931620362931,142.53955869086786,117.86654835169661,68.77245388821156,183.88402679920065,156.6606425508673,146.95117428901943,87.97518466168087,75.81716867668591
2009-07-08,160.4798235486032,64.230706624426,159.18210421126017,262.69112802055514,143.46606582235847,117.84297504202628,68.19476527555058,183.40592832952274,158.7912272895591,148.0533080961871,86.70834200255267,75.18788617666942
2009-07-09,159.7897603073442,65.50247461558965,159.78699620726294,265.71207599279154,143.8390775934966,118.34969983470698,68.48800276623544,184.41466093533512,158.5371613258958,146.51355369198677,87.81820878018533,75.65405107096477
2009-07-10,159.3103910264222,66.25575307366893,160.29831459512621,262.52353108087806,142.91850749689823,118.81126366406234,68.3030851587666,183.65856082550025,157.66520693860338,145.97145354332642,86.83464484184726,75.5783970198938
2009-07-13,161.89121936105025,67.36884972530657,164.33783212292337,266.9076740499287,146.13417391557843,121.28253794827484,69.26615865950522,186.6521953669559,160.42434806002893,148.2923996546653,91.60186684366467,77.63412941883493
2009-07-14,162.83018843334435,68.79706933948307,165.93190909451573,270.32409227776776,147.44938148081863,121.64638556211965,69.48781036721564,188.2760694666484,161.8842096273752,148.95971545311127,91.23545937629001,78.74429746952427
2009-07-15,166.75439597458794,71.44575650905317,172.1543556855601,279.7854355074896,151.25357552302376,126.53657026171685,71.55159833512195,192.06041846292806,164.8628790845189,150.56848038000487,94.5381830057117,81.35073371576553
2009-07-16,167.10458020613456,72.99612942529963,175.20148778119454,282.7791396674197,153.8702623795721,128.49788710077348,72.06676984313482,192.80945409493347,165.75313863157533,151.78808507108292,94.54763682401229,82.50591413452939
2009-07-17,166.80379196176352,73.21511781357552,174.41308108617918,283.79714457022243,154.76270990137363,129.44877146531923,72.09559655107208,191.78756398823032,166.21724741974373,151.02914464572748,93.904712893609,81.87886918710696
2009-07-20,167.6378109215723,75.09674634138442,178.77340811333363,288.5649365990021,155.67580988979174,130.75620405711894,73.62402319795481,193.41775828213025,168.34482818671643,152.13165740164132,94.52448399870681,83.23805841561294
2009-07-21,167.85574007577034,75.47973974772549,178.89854949901294,291.73915090159113,156.17397248143908,131.4492119386217,73.79335845131011,195.390619416608,168.14281439289238,154.29192693674463,93.853360162316,82.97169662868298
2009-07-22,167.53681416962638,76.0835776657073,178.71965094951392,289.4635855245587,156.56440741264265,132.05387831353934,73.95570383990298,194.4722835053499,169.57202831523196,153.3507461824305,93.89090150638091,83.51930982643228
2009-07-23,171.32314616985994,79.91058162229237,183.68805724591041,298.118546731743,160.5411433609238,134.54969661366522,76.1595838143321,199.52856287648902,171.0133905559114,156.78580289691692,96.58557037961404,85.749275398798
2009-07-24,171.9741741253054,79.55897506315428,184.110539777576,301.45747445513854,162.17866302320522,133.8769481305969,76.0681923137549,202.2621041878969,171.47512671041235,159.34141148413667,96.46000913812054,86.31522061643007
2009-07-27,172.14614829943068,81.36496379708788,184.6628713969087,302.6633043529591,162.27597022101915,133.4753172862051,76.5626355637943,202.14074692538415,170.8235212289128,159.54855531906605,97.74292725965755,86.97121629311494
2009-07-28,171.92235830664146,79.92480393787942,184.40434337695305,298.48655075288826,161.49704556395824,133.9157858332496,76.44779161044862,199.31077646842877,171.23349767986218,159.32518734161937,97.85044447964319,86.65811991445972
2009-07-29,172.0942806649481,79.1415408592882,182.46809777149505,292.66606301320695,160.8833567908152,133.5943879472498,76.01968397743009,198.33415366373345,171.6958281235978,159.8668929785809,97.53732305730833,85.60955666349476
2009-07-30,172.93754264020632,81.3654181574342,185.80726396071339,295.8853897063522,163.39313715675192,134.36923539734386,77.12196939510282,201.11083181502573,173.37844723920907,160.2026134538359,99.69289789687483,87.73267366874941
2009-07-31,172.86836762315022,83.83892686942019,187.12649553483448,298.22288428503236,163.29510127445786,133.88550614991343,76.48956924606298,199.40138974459802,173.27442017086554,159.17731672773135,100.2711167046767,88.20643010656067
2009-08-03,173.33511221573272,86.35409467550281,191.80465792320533,304.7837877393031,165.79351632395708,135.7599032360122,77.53747634473405,201.65462544871198,175.28440344484758,160.32339340817106,102.69767772892988,90.41159085922467
2009-08-04,174.0804531982604,87.01902120450417,193.43499751555257,304.4790039515638,165.74377826905987,135.69202328439422,77.8166112595751,199.73890650694923,174.6884364731351,160.6280078556466,104.18679405599936,91.05351315432519
2009-08-05,172.87929807119238,86.33157093698858,191.6360520386579,301.98227611916104,164.02004297506167,134.52507188414842,76.61823544617764,197.64164798862626,173.84993197806406,158.89322537080562,106.46848484582574,91.60893958456656
2009-08-06,172.68913084331408,84.92436633071567,191.482743197027,299.44562499976007,160.887260154238,133.56994387377097,75.81374397399277,197.34518551664334,173.90208695765747,156.9547280212818,105.68061805796663,91.55397422081582
2009-08-07,173.81161019379562,86.90310406622136,195.06347049481138,299.59534781225994,162.06173715336396,134.86557232934655,77.08741487275584,199.2594338161548,177.7453230794217,158.2417567910563,108.22752095316362,94.02593152477783
2009-08-10,173.6377985836018,85.59955750522803,193.0738230957643,300.3443361817906,161.21901612016646,134.36656971172795,76.93324004301033,199.8970640043665,177.05211631941197,159.15955898044442,107.92448389449476,92.54972439983881
2009-08-11,172.71751825110871,84.52100308066217,190.98862580633005,295.74906783820916,160.8643342847021,132.98259404369716,75.76385479435658,199.09747574834904,176.27308700760656,158.55475265631873,104.81625875833332,90.84680947088177
2009-08-12,171.95756117080384,85.6113240204027,195.0184858108436,299.416356279403,162.15124895897972,135.21670162363125,76.68059743736829,200.4911580785875,177.9653086428796,159.3475264196003,106.67150653835581,92.08232607968577
2009-08-13,171.83719087798428,86.57017084943122,196.77365218314117,301.6619789514985,163.65925557429824,136.33900024710738,76.60391683993092,200.3708633837403,179.37123458115835,159.02883136676112,108.47425499885401,93.0399822709145
2009-08-14,171.21857699082352,84.82145339827271,192.68076021773183,297.95153661039507,161.9244674652107,134.98924414466103,75.99874589689546,199.80982496626584,177.25465401310066,158.58355063893418,107.70408778836216,91.58855854748825
2009-08-17,169.2838070708272,81.14868446612749,186.64985242291684,288.7150389754728,158.78313279638562,131.46602487248538,74.12157687324213,197.07243036422796,173.443678951819,157.8223495958673,104.00983757722133,88.5020241244379
2009-08-18,170.5026504817372,83.80224644816985,190.02821475177163,291.40008883794474,160.259815931392,133.39857543811092,74.39582670767312,197.50598971102926,175.14342700554684,157.9170430056248,105.59078710839512,89.97115772490356
2009-08-19,171.66206850501297,84.25477857898998,190.56029375307656,296.9949705436333,161.76625820114708,134.02554874267003,75.25137871481138,199.2045412225441,176.36943099458563,160.22263183350694,105.6963778955035,90.17809138767083
2009-08-20,172.9495340188006,85.33323974480105,192.69456904311104,299.341230810928,162.59126611797296,135.2585837911026,75.95874167473062,200.55913210285738,177.26891509265806,161.00772272949112,107.81030545341356,91.29629972087795
2009-08-21,175.30164768145627,87.14230442739084,197.31923870014572,306.7948274581201,165.3390585153667,137.35509183986468,77.64502573990964,204.40986743923227,179.67977233791822,163.02031926360974,109.98807362357252,93.40524424443022
2009-08-24,175.16140636331113,85.56502871725506,197.674413329806,310.7831602150756,164.19821901161066,137.3276208214967,77.80808029396344,204.79824618736683,178.52982179495552,163.4604741256215,109.08617141985924,93.0970069384236
2009-08-25,174.79356740994817,86.97685169108978,198.68255283778802,306.6808225002366,163.8041432859828,137.4786812044004,77.95591564652197,203.79473478104876,180.76144456739246,164.04893183247373,110.25339345405172,93.50663376895267
2009-08-26,175.40534489588302,86.27233919239194,197.64940356303154,308.0915542837377,163.52567624239663,137.49242907252082,78.30671726693133,203.50942215235528,181.6110233568592,164.11455140520673,110.06596268517983,92.88948998607756
2009-08-27,175.61583130975808,87.09192641471968,199.56660277759295,306.8591880666027,163.16591975466335,137.94615408846013,78.22841054966439,202.87854294368296,181.62918445919487,164.39354614259557,110.75937825009645,92.97309052706503
2009-08-28,174.33383574119685,87.05708964415379,198.8481630075936,305.99998234001623,163.329085674418,138.24963562745472,78.04848520540017,202.59451298356183,181.2840890087224,163.0455190642263,110.5932391827213,93.04746899948667
2009-08-31,174.15950190545567,85.92534747877978,195.98474946028426,300.61438265083194,163.0514262287715,136.97773897968216,77.04165974625052,199.92026541217882,179.68878902544563,162.70312347419141,110.30569676084623,91.70758544589407
2009-09-01,172.1044197829713,83.10699608147581,191.98666057129446,295.7143682136234,159.87192341731046,134.41625526076209,75.39296822768075,198.24093518271653,177.55049243604282,160.55544224433208,105.48533781239726,89.38738353411296
2009-09-02,173.06820453375593,82.13464422732254,190.94993260420947,294.56108217759027,159.47224360876717,134.3624887586578,75.38542893085798,196.69465588829132,176.9645758110039,160.1219425502724,104.81023165039794,89.17285381363108
2009-09-03,173.48356822463694,84.2865719060784,193.3749967482829,295.8866070473894,160.22176315372835,135.19553618896148,75.65681647500908,197.18639252801205,179.81370548156107,160.0098571904872,106.89595526024085,90.6174540454119
2009-09-04,175.09696540912608,85.51715585590713,196.46899669625543,300.53202677803347,161.45547073001208,137.52089941141165,77.41962029887681,198.31035496542174,181.07240141993196,162.26599617687307,107.67629573364061,92.13982727337482
2009-09-08,176.76038658051277,86.07301736897053,199.1999157503334,308.3759126769401,164.20021373242227,138.67607496646747,78.1241388435966,199.5200481307108,182.01397790731565,162.2335429776377,108.06393039828173,93.1441513906546
2009-09-09,177.32601981757043,87.9235872424034,202.0086345624131,309.64025391891556,164.54503418126035,139.9796300711523,78.96006712922306,199.4601921162716,182.90584639906146,163.85587840741408,109.56601903081784,94.42022626470657
2009-09-10,176.8827047680265,88.89074670206983,204.69534940209323,314.87317421014524,168.14857042982996,141.88335304011997,81.12357296856378,199.9987346349855,183.52772627681827,164.69154338729192,110.62880941541677,95.5343849346301
2009-09-11,178.15626024235632,88.40184759520845,205.24802684547888,314.2119405443039,168.1990150009589,141.72728135177584,81.33449425828204,199.91873514113155,182.46326546441273,164.41156776353353,110.00928808269043,95.8974155973817
2009-09-14,178.81543840525308,89.17094366928676,206.86948625755815,316.191475769733,169.20820909096466,141.96821773007386,81.44836255024364,202.57765431850862,183.06539424044533,165.74330146241815,111.25239303802485,97.04818458455028
2009-09-15,178.6902675983694,89.24228042422219,209.39329398990037,318.94234160892967,170.66339968914696,142.70645246227028,81.95334239805516,204.56291533083,182.8457157673568,164.96430794554476,111.29689399524005,98.52331699023546
2009-09-16,179.97683752507768,89.81343101893721,212.55513272914786,325.95907312432615,172.6942941454478,144.13351698689297,82.28115576764738,207.75409680999098,185.64325521859737,165.6076687465324,114.85839460308773,100.58245431533138
2009-09-17,180.2827981488703,88.78955790532133,212.7464323486041,323.44918826126883,172.98787444549507,143.96055676650872,81.30201001401237,206.86075419370803,185.1234541039853,165.7070333477803,114.30707430899292,99.97895958943938
2009-09-18,181.7971736533208,88.82507372848345,213.32084771594532,322.6082203717895,175.75568043662298,144.20528971301178,82.40771735020294,207.1089870987405,186.2527071740196,165.7070333477803,114.23849006440751,99.68902060663001
2009-09-21,180.9972660892462,87.37722502670917,211.0383146453847,319.83378967659206,174.34963499313,144.4360181765526,82.1440126546823,206.11486396066655,186.75558948338943,166.80069976787567,113.37027753991802,99.56939378190205
2009-09-22,180.6895707368945,88.79273607214185,213.5285667582002,324.53534638483796,175.465472657086,144.89821343471758,82.27544307492978,206.259144365439,186.83029171918278,166.4504182983631,115.21821306381868,100.6347862953684
2009-09-23,180.34626055249439,88.72170188328414,210.90216538707435,318.2718141996106,174.11438851762645,144.39106968769607,82.0203892013975,204.9390858415002,184.8125245686156,164.83584924086898,113.2249379778146,99.4070419025649
2009-09-24,179.01169822440593,87.21343295126832,207.04265576049093,313.91149034507595,173.5223995966665,143.30813666503838,81.37242812670647,204.13982340671834,183.4818743917216,164.3083745232982,111.34540400738288,97.56801162736744
2009-09-25,178.7789830167142,86.38490533823126,205.57265290459145,313.2208850663168,172.5333219189655,142.43395703138165,81.01438944294897,203.34367809543213,181.79384114731775,164.32480536075053,110.0426627804965,96.35816828318809
2009-09-28,180.44162755876965,88.24218080300325,209.0673880039695,318.79621682049725,174.91428176144723,144.84109090521198,82.67518442652941,205.45845234762461,183.92082908874139,166.90470480491433,113.32193413135529,98.06370786180054
2009-09-29,181.28970320829586,88.91282137710607,209.46461604117707,317.2978746014409,174.45950462886745,144.07343312341436,82.61731179743083,206.03373601419796,184.52776782473427,166.83794292299237,112.73266007387225,98.2304161651656
2009-09-30,181.52537982246665,87.7658459813414,208.64770403861647,315.96522352811485,173.8837882635922,144.1166551533514,82.06377580838804,204.40606949968577,183.99263729804252,166.2706939170542,111.8195255272739,97.35616546129562
2009-10-01,179.18370242275682,84.25521214208774,202.22135475422704,307.14979379168045,168.66727461568445,139.9805071504502,80.43891304738196,200.358829323592,181.2879455297613,163.12817780202187,108.00647970679387,94.48415858018741
2009-10-02,179.9900290836592,82.94083083267118,199.75425422622547,305.0918901732762,168.41427370376095,139.43458317256346,79.79540174300291,198.67581515727383,180.1277026783708,162.83454708197823,107.57445378796669,93.49207491509544
2009-10-05,181.32195529887832,85.17193918207002,204.00901984124408,312.32256797038286,169.93000216709478,140.8010420876546,80.79284426479045,201.53674689553856,182.0190435564937,163.7789874550537,110.28533002342343,95.24037671600773
2009-10-06,183.18957143845677,86.66244811775626,207.25276325671987,319.1311999521372,172.12209919505028,143.40586136627618,81.82699267137976,203.29011659352975,184.62191587935155,165.12197515218514,111.54258278569044,96.50707372633065
2009-10-07,183.3361230956075,87.06109537909794,207.0040599408118,320.34389851195533,172.1565236148893,143.92212246719478,81.30329991828292,203.04616845361753,185.1757816269896,165.20453613976122,112.72493416321876,96.69043716641067
2009-10-08,184.23447009877597,88.8110233962178,210.3989265238411,327.58367061832547,175.1348314734269,144.61294865503731,81.4659065181195,204.34566393172068,187.08309217774757,165.6340679337246,112.79256912371669,98.08277946160699
2009-10-09,184.7871735090723,89.16626748980268,211.87171900950798,327.87849592188195,175.43256068693174,146.26153626970475,81.17262925465425,205.5513033489178,187.98109102020072,167.075084324748,113.88665704421675,98.14162912928394
2009-10-12,185.45240733370494,90.86042657210892,211.7869703219042,331.8130378729445,175.9588583689925,146.52480703499023,80.78300063423191,206.72294577800665,187.81190803828252,167.5094795439923,114.74080697204838,98.3379123875425
2009-10-13,184.82186914877033,90.46064069519164,211.19396680500287,332.0784883032428,175.55415299474384,146.56876447710073,81.00919303600776,205.647986459961,188.58193686123948,166.11915086377718,113.55897666023628,98.51492062984009
2009-10-14,186.4483015972795,92.3331759575821,215.9669504547959,337.65740690673726,177.78369073777708,148.75263906780953,81.5033491135274,206.6762263922608,190.90149468463272,168.3617594004382,116.94303416471135,100.92853618527116
2009-10-15,187.54834657670347,93.09030800043428,216.917205036797,343.39758282415175,177.9081393212935,148.6038864287417,81.90271552418368,209.1356734863287,192.3332558947675,169.69181729970165,116.34662469047132,101.0900218431676
2009-10-16,187.62336591533415,91.7684256268281,215.33370944002837,343.19154427445727,177.51674141478665,147.13270795309714,81.43587004569582,209.2193277557232,192.2563225924096,168.96214248531294,113.82190293468808,99.66465253517893
2009-10-19,188.67405676446003,93.76897730549297,218.64984856540482,347.13824703361354,179.41617054792488,148.67760138660466,82.60854657435384,212.1065544787522,194.06353202477825,170.4659055534322,114.37963025906804,100.18290872836187
2009-10-20,187.73068648063773,93.69396212364856,216.5289450343204,344.8818484278951,178.68056424867837,148.32077514327682,82.28637324271385,209.79459303493377,192.14230305773293,168.06233628512882,113.60184877330637,99.45157349464483
2009-10-21,186.58552929310582,94.15306253805443,214.92663084106644,344.46799020978165,177.0009669447408,147.81648450778968,81.69391135536631,209.4799011453814,188.8566696754457,165.92794461430768,111.59109605001885,98.43716744499945
2009-10-22,186.54821218724723,94.9627788758817,218.3009789452712,346.77592574418713,179.585181062134,148.70338341483642,82.48634229551337,210.00360089824483,191.25514938032384,167.15581140445357,114.55941920494934,98.97857186594695
2009-10-23,184.40290774709388,94.12710642177393,214.89548367372495,340.221860747622,176.3706063211218,148.04908852781116,80.86960998652131,206.62254292378307,191.02564320106745,165.06636376189792,112.81811603303412,97.09797900049396
2009-10-26,182.68796070504592,92.93169217021739,211.5001350316801,335.05048846425814,174.04251431768301,147.48650199140548,79.89917466668305,203.87446310289675,190.22333549962298,163.43220676065513,110.24586298748093,95.92309345458798
2009-10-27,182.81584227753945,90.60839986596196,208.7083332492619,338.5685185931328,174.07732282054653,145.967391020894,79.68344689508301,203.50748906931156,187.86456613942767,163.7754143948525,109.80487953553101,94.61853938360558
2009-10-28,181.22534444972484,86.6759953117792,202.02966658528553,328.3776061834795,171.3965320491101,142.98965624406776,79.16550449026496,200.84154096250356,184.59572268860163,161.17138530597435,106.9499526676072,91.83675432572758
2009-10-29,183.79874434091096,89.98701833268917,207.66629428301496,336.0944799287913,176.64126592981287,145.44907833146573,80.70923182782515,203.33197607043857,188.25071799783595,162.47687352695274,110.85362593997488,93.847979245461
2009-10-30,180.39846757060408,87.21541816804235,200.87560645996038,323.8270314113904,171.60698985081322,141.92921063584427,78.7883521103229,198.87900579449598,184.03390191468444,159.99097736199036,106.26428582605992,91.34223819960721
2009-11-02,181.6251771500842,88.89867573868557,202.4223486297021,325.25187034960055,173.7177558259782,142.32661242562463,78.79623094553394,198.46135988232754,185.92945110440567,160.90292593295374,106.9762565410945,91.70760715240563
2009-11-03,181.00765154777392,89.9654598475498,204.95262798757335,328.8296409234461,173.8219864794738,142.184285813199,78.8356290610067,198.6796673781981,186.2269382261727,160.90292593295374,107.45764969552943,93.71600374904332
2009-11-04,180.51893088859492,89.14677416293709,204.64519904559197,328.632343138892,174.06533726054508,142.98051781375293,79.02483457075311,199.7724055487782,186.748373653206,162.3671425589436,106.458293553361,93.57542974341976
2009-11-05,183.58775271370104,92.1064470651466,211.37802609419194,334.18622973793924,178.50400336068898,146.16898336099965,80.92933308390826,203.14855920255255,187.92488840722118,165.41964483905176,108.82166767024562,95.5685863969546
2009-11-06,183.73462291587197,92.72356026048307,210.93413223939416,333.2170896716992,179.5750273808531,146.38823683604113,81.21258574970194,202.3969095335031,189.65379738056762,165.8497359156333,108.76725683641048,96.94477404107074
2009-11-09,186.582509571068,95.86688895331345,216.88247476854508,339.31496241269133,183.43589046954148,149.40383451486358,82.96677760189552,206.24245081463965,192.97273883472755,168.45357676950874,112.22605560380833,99.03878116035789
2009-11-10,187.459447366052,96.30787664249868,216.03663311694774,339.4846198938976,183.32582893525975,149.31419221415467,83.07463441277798,207.0261721277353,192.89554973919368,169.24530858032543,111.73226095915159,98.52377949832403
2009-11-11,188.05931759762336,96.80867760103968,217.1600236091559,339.28092912196126,184.64577490359363,150.18021452899677,83.43185534075292,206.48790408020315,193.37778861354164,169.8038180986405,113.18478035162055,99.44005064765845
2009-11-12,186.9497676237974,95.06612140422097,213.77232724085306,332.32567007496107,183.03935666193237,149.3692413705402,82.71434138482245,203.49382947104021,191.94679297780144,168.85291671728814,111.26063908564299,98.19705001456272
2009-11-13,188.2397210204016,96.34000743103755,215.93142774598567,334.4525543634408,184.13759280190396,150.8330599359715,83.54975623280914,205.04038257502012,193.6167300767083,169.10619609236406,111.14937844655735,98.76659290464718
2009-11-16,190.14094220270763,98.51729159897899,221.30812029686066,342.9476492442722,187.1022080460146,152.65813996119675,84.70274286882191,208.03397216061543,195.5335357044677,171.7104315121865,112.51651580144998,100.73204810344967
2009-11-17,190.2169985795887,99.12809880689265,221.2638586728013,343.29059689351647,187.86932709900327,153.329835777026,84.99920246886279,207.6179042162942,194.5558680259454,171.91648403000113,112.73029718147274,100.86299976598416
2009-11-18,189.8555862822875,98.84062732035265,220.0026546783663,342.2950541625253,188.2074918877815,152.54785361456317,84.75270478170309,206.62133827605595,194.8671574147869,172.19155040444915,113.26012957822564,100.57049706666281
2009-11-19,188.62152497145263,96.70566977023304,215.9766060977522,335.31223505760977,185.76079449324033,149.96979488847705,84.10858422536214,203.72863954019115,193.4836005971419,171.0378670167393,111.31205534948016,99.0820537100762
2009-11-20,188.97990586889838,96.0190595148644,214.96151604909275,332.5291435066316,185.46357722205113,149.08497309863503,83.57870014474236,204.07497822740947,193.36751043678362,171.8759525651213,110.74436386719782,98.60645985226783
2009-11-23,190.68072502171847,97.23850157070316,217.94948112217517,337.58358648793245,187.46658385604925,151.41069867897377,85.07475887733324,206.85039793130224,194.9724607734089,173.33689816192484,112.40552932520578,99.79959801648027
2009-11-24,190.60445273170978,96.98568146661934,217.29563267880866,338.73137068199145,187.14789066349397,150.74449160478628,85.37252053340391,207.88464992095874,194.8749745430222,174.70625965740405,112.07955329016268,99.40039962441435
2009-11-25,190.9284803013537,97.61608839615235,219.3382116259895,342.72840085603895,188.38306674187302,151.04598058799584,85.68839885937751,210.0466502801367,196.18063687246044,175.68461471148552,111.93384987088548,100.00674206212328
2009-11-27,188.58005999364704,95.81995236966316,214.8417782876567,334.46864639540837,185.50080582072238,148.5386173102351,84.65156923317905,206.53887122045842,193.84608729367815,173.73451548818804,109.10192346915208,98.27662542444855
2009-11-30,187.37314760968772,96.2319781648527,215.3359143777183,334.2010714782921,185.90890759352797,148.83569454485558,84.19445075931988,207.9846433190016,193.24516442306776,173.36967300566283,111.21850078445364,98.46335101275501
2009-12-01,190.50227917476948,97.91603778273763,219.34116238514386,339.3811880862056,188.5674049721154,150.94916140739255,85.5163036362412,211.41638993376515,195.62207994547148,175.51945695093306,111.6300092373561,99.60552588450297
2009-12-02,191.09283624021128,98.13145306585966,219.95531763982225,336.90370541317634,190.69821664830033,151.0095410719555,85.85836885078618,213.72082858404315,195.9937618973679,176.41460618138282,111.52954222904248,100.05375075098321
2009-12-03,189.71696781928176,96.96368877437592,217.6677823363681,332.3555053900984,188.4670475135152,150.6924210357044,86.12452979422362,213.78494483261835,193.9162280212558,175.7618721385117,109.12050411689516,99.03320249332319
2009-12-04,191.86076955563968,98.27269857283001,220.23626216793724,329.99578130182874,187.44932545694223,152.214414488165,86.95993773322759,213.20772548157026,194.5173683281217,176.06066732114718,110.96464063647066,100.07305111950309
2009-12-07,192.34042147952874,97.78133507996586,220.58864018740593,329.26979058296473,187.35560079421379,151.69688547890524,88.47304064978574,214.8707457403265,195.17872738043732,175.47966711898738,109.85499423010596,99.56267855879362
2009-12-08,190.74399598124867,96.93063746477016,217.91951764113833,323.7051311221126,184.93871354396842,150.45297101797823,87.88911858149716,213.86085323534695,193.03176137925254,173.9178980816284,109.10798026934123,98.45753282679101
2009-12-09,190.4578799872768,97.27958775964332,218.59506814582588,324.223059331908,185.99286421116906,151.5362324093077,88.06489681866016,214.30996102714116,192.68430420876987,174.87444652107737,109.63169857463406,98.52645309976977
2009-12-10,191.2768488712221,97.49360285271455,219.46944841840917,326.7195768887637,185.97426492474793,152.05145559949935,89.05122366302916,216.90311155556955,194.80383155506632,176.0810802020728,109.81807246221094,98.60527426224957
2009-12-11,191.8698071027229,97.94207342583702,221.94945318553724,327.04629646565246,186.47639544004474,151.77776297942026,89.62115149447254,220.0915872954364,196.5570660390619,176.30998560633552,110.4220718607531,99.38425592892133
2009-12-14,193.13614782960087,98.7354042205863,224.83479607694917,328.09284461434254,188.5276357898852,153.29554060921447,89.64803783992087,221.87432915252944,197.36295000982207,177.91440647535316,111.29440622845306,100.69612810718311
2009-12-15,192.65330746002687,99.14021937789072,224.49754388283378,328.42093745895687,186.68006495914432,152.55972201429023,89.20876245450526,221.25308103090237,196.2182448997651,177.48741189981232,110.10355608180859,100.35376127161871
2009-12-16,192.38359282958285,99.45746807989997,224.60979265477522,329.8331474900304,187.6508012969319,153.13944895794452,89.31581296945068,220.98757733366529,195.41375009567605,176.99044714649284,110.81922919634036,100.72507018832368
2009-12-17,189.92108284136418,98.82094028418861,221.8470922051215,327.72221534609423,184.25432179345745,151.34771740513656,88.29761270159895,219.75004690059671,193.73319184485322,175.09664936202535,109.31208767927012,99.30484669866833
2009-12-18,189.44628013426077,100.18466926011041,222.2020475526497,328.96755976440943,183.591006235001,153.63306793795414,88.63314362986503,220.95867215855,194.25627146283432,175.90209394909067,110.62383273142136,99.61269172343421
2009-12-21,190.98079500334828,100.8258511433751,225.11289437558943,332.29013211802993,184.6741931717875,155.3076683784778,89.68787803906042,222.28442419150133,196.9564336361677,177.64352467918667,112.03981779038355,100.03106502867263
2009-12-22,192.2030720913697,101.7937793143515,226.37352658409276,333.85189573898464,185.3020854285716,156.28610668926223,89.82240985611901,221.37305805231614,197.80334630080324,178.54950665505055,112.48797706154508,100.34116133026151
2009-12-23,193.02954530136262,102.59795017093487,227.66385568562208,335.4209996489579,186.67332086074302,157.36448082541813,89.79546313316217,221.97076530905738,198.69346135915686,178.8530408163641,112.1842595234789,101.02348122730729
2009-12-24,193.8788753006886,103.20327807694338,228.9843060485987,337.1987309470974,187.17733882706702,158.81223404901198,90.10076770781494,223.45796943662805,199.05110958960333,179.03189385718048,112.83492822871509,101.27603993037555
2009-12-28,194.26663305128997,103.03815283202027,228.7095248813404,338.0754476475598,187.58912897248655,159.11397729370512,90.19987855229353,223.5473526244027,199.7676935841259,179.81963419015204,112.49642344402892,100.90131858263317
2009-12-29,194.32491304120535,102.7393421888074,228.297847736554,335.8441496930859,188.001825056226,158.9548633164114,90.5606780665027,223.5026431538778,199.96746127771002,179.58586866570488,112.27143059714086,101.02240016493234
2009-12-30,194.40264300642184,102.50304170177316,228.22935838223302,335.6090587883008,187.55062067609109,159.5271008243505,90.31616423572315,223.5249934181932,199.44754587838796,179.63974442630456,112.32756631243943,100.79004864455298
2009-12-31,192.3225347262531,101.66251675981862,225.3536684666169,332.4207727298119,185.3187682900456,157.72444458503534,89.5846033054138,220.2168235156039,197.03423057325946,177.68167121205784,111.8108595074022,99.8426221872942
2010-01-04,194.2072955665704,104.05158590367436,230.807227243509,342.3933959117063,188.85835676438546,160.2322632539374,90.90149697400336,221.67025455080687,198.61050441784553,180.00930110493582,114.20361190086061,101.5399467644782
2010-01-05,194.80933818282676,106.72571166139879,231.77661759793176,345.0640643998176,189.5571326844137,160.2322632539374,91.00148862067479,219.80822441258007,198.35231076210235,178.9292452983062,115.39132946462955,102.2405723971531
2010-01-06,195.23791872682898,108.03843791483399,233.37587625935745,348.30766660517594,190.1068483691985,159.12666063748523,90.06417328788184,220.99518882440802,198.2928050688737,179.87757029838724,115.65672952239821,102.45527759918711
2010-01-07,195.31601389431972,109.59419142080759,234.6594435787839,347.1582513053788,189.85970946631855,158.5538046591903,89.91106419329245,220.0007104746982,199.5420497408076,180.11141113977516,118.07395516941632,103.51056695845872
2010-01-08,194.37849702762696,110.19695947362204,237.26416340250847,348.720463436253,189.89768140821178,159.75881357460014,89.77619759700252,219.8907101194609,199.52209553583353,180.5616896676246,117.82599986356055,104.63883213830592
2010-01-11,194.94219466900705,111.76175629814749,238.5216634685418,348.999439807002,189.7077837268036,159.1677059643741,89.66846615988612,221.69381394244047,199.88123530779805,181.44644194699592,117.66104346375157,105.08877911650063
2010-01-12,195.02017154687465,109.7947493873001,235.0869515145948,344.0436477617426,189.04380648375977,157.32136057518736,88.38620709379975,220.40798982157432,198.98176974891297,180.53920973726093,116.06085327264455,104.02738244742397
2010-01-13,196.44381879916685,110.27784628460422,236.70905148004547,345.07577870502774,190.5939656969266,158.86310990882419,88.85465399139689,222.5018657248793,200.45423484505497,182.95843514774026,117.37234091462545,104.69315769508749
2010-01-14,196.6009738542062,110.70792988511417,236.7563932903415,345.80043784030835,189.8506492307086,159.87983381224066,88.09938943247002,221.9233608739946,199.75264502309727,184.16596081971534,118.33479411012537,104.53611795854488
2010-01-15,195.30340742676842,108.8812490420098,233.58385762025097,342.79197403109765,188.67357520547822,157.81738395606274,86.90123773618842,220.34770501178923,198.35437650793563,183.0425484587151,116.42960392495236,103.0621586953294
2010-01-19,196.27992446390223,110.16604778070551,236.73723969812434,345.36291383633085,191.50367883356037,160.16886297700808,88.20475630223123,223.65292058696605,200.2585785224118,186.53866113427654,117.85004509283678,104.13400514576081
2010-01-20,194.08158930990652,108.42542422577036,233.2098548266223,339.69896204941506,189.1290332160242,157.87844823643687,87.26096540979735,221.5282178413899,198.71658746778922,185.51269849803802,117.6850550297068,103.44672071179879
2010-01-21,190.72397781484517,105.94248201100021,226.7732628334075,332.5992537425822,185.9138396513518,156.23651237477793,85.9520509286504,218.49328125696283,196.43134671190964,181.72823944867804,114.95476175301762,102.09156867047422
2010-01-22,188.93117242338562,102.7112363096647,221.28534987283905,326.0803083692276,184.68680830965286,150.67449253423584,84.42210442212041,214.1015663036979,194.19202935939387,179.5475005752939,111.70154199540723,100.46831272861367
2010-01-25,189.17678294753603,103.89241552722585,222.1704912723304,328.1672223427907,186.0165533294824,151.6086743879481,85.08903904705517,215.51463664130227,194.38622138875326,179.31408882454602,112.09249739239115,100.5386405475237
2010-01-26,189.17678294753603,103.67424145461868,221.30402635636833,326.1325855642654,185.5887152568246,151.50254831587654,84.24665756048933,215.75170274160774,194.8721869422251,178.86580360248468,110.35506368280909,99.96557029640282
2010-01-27,190.0469961490947,104.41032856894648,221.4146783695465,324.2084033094362,185.44024428461913,152.2903615671191,84.20453423170909,214.43561735488396,195.00859747308465,179.92111184373934,112.74976856472605,100.90524665718901
2010-01-28,189.09676116834922,103.44975354611216,218.0934581940033,321.1608443183275,184.51304306319602,148.22420891327704,83.54773886470174,212.46280967521903,193.5070312725419,178.3557981706988,112.03944502276828,100.06773310993434
2010-01-29,187.71635481182028,101.2773087216438,215.32367127493944,316.2470834002571,183.14764654452838,145.2597247350115,83.5059649952694,210.4869055452395,193.39092705377837,177.66021055783307,111.08710974007477,99.56739444438466
2010-02-01,189.51843181801377,103.9510296718952,219.3717562949083,325.86099473562496,186.4443041823299,147.38051671614267,84.29092106622494,212.40233638570118,195.05408902644083,178.3886174211202,112.55345958864376,101.04099188216153
2010-02-02,192.07693064755696,106.11321108907062,223.05720180066274,330.6511513582386,188.12230291997082,148.66272721157307,85.35298667165935,214.2502367122568,197.04364073451052,181.61745139644248,113.53267468706494,102.37473297500608
2010-02-03,191.07813060818967,106.51644129120908,222.2765015943604,327.6091607657428,187.6896216232549,149.3019769385828,85.3188454769907,212.55765984222995,196.23576180749905,180.12818829499165,112.09080971853922,101.46359785152852
2010-02-04,186.2629617168633,102.04275075697828,214.40791343792006,314.668598915496,182.4718501421284,145.0170102004455,82.92138591908727,206.77609149452127,191.29062060995005,175.33677848634488,108.02191332575623,98.0036891647914
2010-02-05,186.2629617168633,100.87946339834875,214.15062394179455,314.51126461603826,181.8879402216736,146.39467179734976,82.763835285841,206.25915126578496,191.7879762235359,175.03870596291807,108.96170397169031,98.34670207686817
2010-02-08,185.03362616953197,100.65752857887237,211.9020423904057,312.1209790049563,180.63291343414406,145.5748616352846,82.07689545296853,204.25843749850685,191.30850628297708,174.28603952727755,107.08756266337724,97.72711785378391
2010-02-09,188.2717146274988,103.05317775904955,216.66983834418986,317.957641312349,184.04687549804936,147.1761851132727,83.39012578021602,206.3214477172418,193.43203070271815,175.471184596063,108.22269082760904,99.00734309766848
2010-02-10,187.91399836970655,102.26997360808076,215.71649105547542,316.33605734165604,183.75240049725247,146.71993893942158,82.9148020632688,205.59932265023147,193.0451666413127,174.80439409459797,109.0127164706506,98.83903061440245
2010-02-11,190.20654914981696,104.20287610927348,219.98767757837382,321.49233507632505,185.14891874103162,148.5832821639522,83.52008011833065,207.4702764863486,194.84048669107693,176.01054441385065,109.41606352159201,100.75650780832186
2010-02-12,190.2826317694769,104.46338329954665,219.54770222321707,320.5921565381113,185.0748591735352,148.8655904000637,83.4783200782715,206.59890132510594,194.7430664477314,176.25695917603005,109.12064015008372,100.46431393567772
2010-02-16,192.18545808717164,106.35417053726846,224.1801587401269,329.2481447646403,188.6653114415018,151.24743984646474,84.73049487944556,210.73087935160805,197.4889436846444,177.98427737595517,111.41217359323545,102.34299660627488
2010-02-17,193.78059738929517,107.39644140853369,225.5476577084417,328.3591747737758,189.6463710609976,151.97342755772775,85.40833883848113,210.54122156019162,199.2465952834377,179.23016731758682,111.82439863553041,102.68072849507558
2010-02-18,195.40835440736524,107.54679642650564,228.20912006940134,330.2636579874637,191.2204359408039,153.44756980503774,85.80121719713813,211.59392766799257,199.68493779306127,179.94708798685716,112.3276084293903,103.1017194819054
2010-02-19,195.62330359721335,107.28868411508203,229.25888202172055,331.3205016930236,191.66024294346772,153.27877747825218,86.1530021876464,214.21769237107569,200.3438980877784,179.98307740445455,112.69828953720729,103.94715358165702
2010-02-22,194.91905970426336,106.89171598385623,228.84621603408144,327.2121274720301,191.96689933217726,152.98754780104352,85.9806961832711,212.76101206295235,200.30382930816083,179.42512986450072,113.94924055107029,104.30057390383467
2010-02-23,193.301231508718,106.913094327053,225.13890733432933,321.7149637305,190.27759061805412,150.98341092484984,85.09509501258343,210.7610585495606,199.02188480058862,177.46939594897765,112.1488425503634,102.97595661525595
2010-02-24,194.1710870505072,108.29227324387199,227.16515750033827,324.19216895122486,191.7046725476895,152.58383508065322,85.75883675368158,211.43549393691922,201.3106364757954,178.6584409018358,113.92079426265913,103.62470514193207
2010-02-25,193.5109053545355,108.67129620022553,227.09700795308817,323.965234432959,190.9761947920083,152.26340902698385,85.54443966179738,211.01262294904538,202.07561689440342,178.05100220276958,113.69295267413382,103.7386923175882
2010-02-26,192.69815955204646,108.76910036680572,227.9372668825146,324.48357880805173,190.55604716346588,152.29386170878925,85.80107298078275,209.55663585069698,201.69167322230405,178.31807870607375,114.31826391384156,104.24701190994439
2010-03-01,194.5095222518357,112.14094247817667,231.81220041951732,328.1502432485828,192.652163682264,154.70010472378812,86.7706251054656,212.5113844161918,204.09180413364948,180.52922288202907,114.7984006222797,105.58137366239167
2010-03-02,195.98779462094967,112.23065523215921,233.01762386169887,330.5129249999726,194.0392592607763,154.68463471331575,86.96152048069763,213.5951924767144,203.70402970579553,181.52213360788022,115.42979182570225,105.46523415136303
2010-03-03,196.90893725566812,114.3967068781399,233.83318554521483,330.81038663247256,194.3109142237414,154.73104010372973,86.9093435684092,213.5311139189714,203.39847366123686,180.70528400664477,115.302819054694,106.36168864164964
2010-03-04,198.18884534782995,114.636939962584,234.51130178329595,329.6194692405956,194.6218116864994,155.45827599221724,87.6741457918112,213.42434836201195,204.88328251896394,180.72335453504544,116.16759019760421,106.49995883688379
2010-03-05,199.83381276421693,116.70040488191052,238.5917984343253,335.5855816338504,196.1009374553168,157.58805437331063,88.70870071215458,216.0921527165371,206.95260367240547,182.89203478946598,118.4909420015563,108.16135819473918
2010-03-08,199.39417837613564,116.54869435556404,237.80444549949203,334.9144104705827,195.49302454920533,157.96626570380656,89.18772769600022,216.15698036235207,207.42859466085199,182.45309390597126,118.71607479135926,107.96666774998864
2010-03-09,199.25460245127232,116.72351739709738,238.87456550423974,335.31630776314745,195.2975315246561,158.56653751348105,89.74961038048501,215.87597628788103,206.9722517525981,182.41660328719007,118.76356122127581,108.50650108873859
2010-03-10,199.3940806729882,117.05034324580924,239.87783867935755,337.66352191748945,194.86787695530188,159.7399298910808,89.8932097570938,216.56677941200226,207.55177405750538,183.09154471935267,120.06996039470982,108.88627384254916
2010-03-11,199.85268705853608,117.15568855473046,240.18967986964074,337.86612003063993,195.45248058616775,160.36291561765603,90.24379327514647,217.04322632670866,208.69330881482168,183.7872925892862,121.06654106598592,109.21293266407679
2010-03-12,199.57289329665414,119.03017957160615,240.54996438944522,337.5958271346154,196.89882894250542,160.36291561765603,89.99111065397607,215.9797145177078,209.5072127191995,183.23593071151836,120.61859486404177,109.93373801965969
2010-03-15,200.73041607777472,118.66118601493419,239.70803951408217,334.08483053241537,197.03665812276515,159.97804462017368,90.01810798717224,216.39007597529147,210.99471392950582,184.37199348192976,120.51003812866412,109.98870488866952
2010-03-16,201.57348382530137,120.04952189130891,241.52982061438922,336.6238752444617,197.92332308431756,161.14588434590092,90.36017679752351,218.4025036818617,212.2817816844758,184.74073746889363,121.67898549851218,111.88051061275466
2010-03-17,202.621665941193,121.9463043371916,243.41375321518143,340.15842593452857,199.09107069051504,161.91938459076124,90.69450945167435,219.21059294548462,213.15213698938214,184.94395228010941,122.90794325204715,112.02595527655123
2010-03-18,202.80402544054002,120.82439833728944,243.41375321518143,336.0425089807208,198.09561533706247,162.19464754456553,90.93938462719386,218.04877680287356,213.15213698938214,185.60975050831783,122.71129054284387,112.12677863630012
2010-03-19,203.1285118812449,118.6858064867194,241.61249144138912,332.850105145404,196.80799383737155,160.81599304043675,90.63928465792411,217.37282559478467,211.7666480989512,185.16428710709786,122.24498763878104,111.20733905148245
2010-03-22,204.02227733352234,122.55496377818645,243.40042387805542,332.48397002974406,198.3627769886868,162.02211298824002,91.40971857751646,216.37291059704862,214.11725789284958,186.7566999762189,122.67284509551679,112.21932583685097
2010-03-23,205.75646669085725,123.21676058258866,247.1487904057775,334.51212224692546,199.96951548229515,163.49651421643304,92.11357341056335,217.3249514036756,215.273491085471,187.83988883608097,123.51928772667584,113.1058585109621
2010-03-24,204.23386883734494,122.26799152610272,244.94916617116607,332.63885436234267,198.7896953409496,162.38473791976128,91.85565540501376,215.2603643653407,213.18533822194192,186.28081775874153,123.4204722964945,112.39329160234304
2010-03-25,203.49862690953046,121.71778556423527,243.6509355904589,327.31663269254517,197.00058808288105,162.7095073956008,91.70868635636573,213.5598074868545,214.16599077776283,185.12587668863733,123.77839166615432,111.75264984020967
2010-03-26,203.66142581105805,122.07076714237155,244.4306185843484,327.5130226721607,198.0840913173369,162.49798503598655,91.91044546634973,213.94421514033084,214.87273854732948,183.99660884083664,123.7536359878211,112.08790778973028
2010-03-29,204.67973294011333,122.08297421908578,247.0460262032009,333.34275447572514,198.85661927347454,162.64423322251892,92.4527170946012,216.91803973078146,215.4099203936978,185.5053810333315,124.19914907737726,113.04065500594298
2010-03-30,204.90488064634746,121.31385148150555,247.56482285822761,333.3760887511727,199.31398949780353,163.45745438863148,92.4064907360539,216.8095807109161,215.99152717876078,185.3384261904015,123.64025290652907,112.97283061293942
2010-03-31,204.02378965956817,118.97249414791249,245.83186909822,334.77626832392764,198.35728234821406,162.444018171422,92.35104684161227,216.1157900526412,214.28519411404858,184.80094475444932,123.82571328588887,112.35148004456825
2010-04-01,205.34994429235533,120.28119158353951,248.4376869106611,340.601375392764,199.587097498773,162.5414845823248,93.20067647255512,218.86046058630973,215.3351915652074,185.98367080087777,124.85346670616175,113.28399732893817
2010-04-05,205.47315425893075,122.80709660679383,251.44378292228012,346.4597190495196,201.1638355690133,164.50823654577096,93.94628188433555,220.63323031705883,217.4454764425464,185.87208059839725,126.08951602655276,114.4961361003578
2010-04-06,205.12384989669056,122.70885092950839,251.61979357032567,346.11325933047004,200.74139151431837,164.6069414876984,93.7959678333206,222.31004286746852,217.9021119430758,185.48174922914063,127.27475747720236,114.67932991811838
2010-04-07,203.99566872225878,121.89897251337362,249.9591029327615,342.85979469276367,199.63731386098962,164.34357038131807,92.87676734855405,220.19809746022756,217.6406294087441,184.94385215637612,126.70202106855496,113.72749147979799
2010-04-08,203.95486958851433,122.65474614295655,250.184066125401,344.8483815019817,199.8169874434645,164.31070166724183,93.6197814873425,219.0750871631804,219.12058568872354,184.4999869112008,127.62694582235541,114.38711093038083
2010-04-09,205.6069040321813,124.33511616511505,251.81026255521607,349.1245014326063,200.51634689951663,165.69091156124665,94.8274766685292,220.49907522974107,219.93133185577184,185.36713684968345,127.88219971400012,114.92473035175361
2010-04-12,206.14148198266494,124.99409228079017,252.38942615909306,350.1020500366175,200.77701815048604,166.23769156939878,94.63782171519213,221.44722125322892,219.77737992347278,185.25591656757362,128.4960342726273,115.1201023933516
2010-04-13,206.22393857545796,125.0940875546148,252.06131990508624,348.94671327149666,200.2349202014797,166.75302841326393,94.70406819039276,220.56143236821603,220.48066753922794,185.68200517567905,128.187643790373,115.82233501795105
2010-04-14,206.20331618160043,127.78361043703903,255.46414772380493,352.12212836226735,201.55647067480947,169.57115459344809,95.44275992227783,220.8261060870579,222.64137808111238,185.9048235818899,131.18723465506775,117.30486090618082
2010-04-15,205.9971128654188,129.3297921233272,256.5370971442449,352.29818942644846,201.99989491029405,170.40205325095596,95.37594999033223,220.60527998097083,222.64137808111238,185.66314731123344,131.04292869694717,117.58639257235566
2010-04-16,204.84352903337248,127.26051544935397,252.84296294536776,346.97848676610914,200.4040957405027,168.11866573739314,94.23143859044825,218.11244031718587,220.79345464303915,184.28924002113033,126.9543893216024,115.52863070233943
2010-04-19,205.62193444369927,127.62957094415708,252.18557124170982,347.39486095022846,200.76482311283561,168.2699725365568,94.8533660851452,218.2869302694396,220.99216875221788,185.17382837323174,127.99541531403955,115.35533775628592
2010-04-20,206.0126161191423,129.26322945224229,255.56485789634874,353.3700525585724,201.72849426377718,169.34690036079076,95.68807570669446,220.7535725814843,222.36232019848163,185.76638462402607,129.40336488249397,116.48582006629753
2010-04-21,206.23922999687338,130.36196690258635,258.4527407905775,352.5573014376877,201.8293585109091,169.95654920208963,95.42014909471573,220.863949367775,223.34071440735494,182.75696919311684,128.76928839456977,116.39263141024449
2010-04-22,205.66176015288215,131.99149148886866,261.65755477638066,352.23999986639376,202.4953953939951,170.50041015953633,95.75411961654723,221.81366435005643,226.40048219473567,180.39940429052567,129.593411840295,117.2539368826803
2010-04-23,205.66176015288215,133.60178768503286,263.72464945911406,358.862111863882,204.21660625484407,171.1312616771266,95.91690161989537,224.3645214900821,227.53248460570933,182.18535839300188,130.2932162642326,118.19196837774174
2010-04-26,204.81854693625533,134.51027984129107,264.1993538281405,357.9290703730358,204.8496777342341,170.94301728928176,96.17587725426908,223.44462695197277,227.14567938187963,180.54569016746484,127.89582108497073,118.52290588919942
2010-04-27,200.64024857875575,128.9281032278775,256.45831276097596,348.5513287292623,200.6502593406823,167.59253415041184,94.18503659510571,219.40027920414207,222.1939035713546,178.32497817840502,124.26357976615756,115.13315078076833
2010-04-28,201.68357787136526,128.5799973491622,257.81754181860913,352.35053821241127,202.69689198595725,167.97799697895778,94.51468422318858,221.4407018007406,221.23846978599778,179.35926305183978,125.69261093346837,115.93908283623371
2010-04-29,203.8819288701631,131.524479288458,262.25200353788927,352.1391278894838,203.06174639153198,169.90974394421582,96.44278378134162,221.9500154148823,223.87120757645116,182.2469471869744,128.39500206853796,117.95642287758419
2010-04-30,201.9654387387836,127.60504980566196,256.08908145474885,348.4768809594331,200.94990422906008,166.15473860304863,95.48800022190635,222.28294043800463,219.72959023628684,180.8071963041973,125.19796651703136,115.58549877774476
2010-05-03,203.78312768743262,130.53996595119216,260.74990273722534,352.27527896189093,202.53740847246965,168.61382873437373,97.19723542587847,225.28376013391772,222.739885622524,182.28981531389172,126.9256984549664,117.56201080684419
2010-05-04,200.72638077212113,125.89274316332974,251.88440604415962,343.32748687625894,197.06889844371295,163.52169110659565,94.81590315794445,221.00336869137328,218.81966363556757,180.19348243778197,123.63832286498275,113.7765140588638
2010-05-05,200.3650732867313,122.60694256676683,248.5343434437723,338.2805728191779,195.61058859522947,162.5732652981774,93.39366461057527,219.0585390468892,218.79778166920403,179.8330954729064,123.11904190894982,112.49083944999865
2010-05-06,195.21569090326233,118.75708457017036,240.40727041316097,326.17012831225134,190.28998058543925,157.20834754333754,90.264976846121,212.61821799891064,211.84001221212333,174.76180218057044,118.34202308288258,109.01487251099368
2010-05-07,194.02487518875242,115.1587449076942,234.9259846477409,321.73421456720473,187.37854388248203,153.51395137606912,89.11861164017526,210.47077399712163,208.00570799108388,172.1403751478619,116.56689273663933,106.61654531575182
2010-05-10,200.29187865734914,122.88589669100047,248.7161399465633,333.9922881422152,195.22970487115802,160.9900808080837,92.00605465731694,217.90039231921997,216.36753745232545,176.85702142691332,122.53511764475526,112.71501170781282
2010-05-11,200.4320829724093,123.43888322610997,247.72127538677705,331.82133826929083,194.44878605167338,160.55540758990185,92.18086616116584,218.46693333924995,216.73536226599444,177.01619274619753,122.16751229182098,112.6135681972758
2010-05-12,202.01549642789135,127.21611305282892,253.44363684821158,336.93138687863797,197.773860293157,164.26423750522855,93.1026748227775,221.06668984598704,219.81300441017154,178.4146206688925,123.85342396144812,115.05728262715668
2010-05-13,200.23776005932586,125.35875780225763,250.68110120656607,334.202242644921,196.1521146387531,162.22736096016374,92.56267930880539,220.13820974863387,216.44986544269594,176.7375232346049,122.09470534119555,113.48099785516463
2010-05-14,197.89497826663177,122.18718122986051,244.5644823371259,327.752139361874,192.85675911282203,159.2099320463047,91.19275165503507,218.00286911407213,213.31134239377687,173.83902785355738,118.82256723805152,111.10924499999169
2010-05-17,199.18129562536487,121.47849557872732,243.80633244188078,324.76959489368096,194.16818507478922,159.60795687642045,92.23234902390247,217.9374682533379,214.61254158237892,174.0302507841963,118.977036575461,111.13146684899169
2010-05-18,197.38866396473657,118.57515953439572,240.19799872174096,322.36629989146775,192.86725823478812,157.24575911464942,91.30080229876106,215.73629982397918,212.35910989576396,172.4291724769817,115.96691755010183,109.5311737263662
2010-05-19,197.40840283113306,116.29851647133533,236.619048540787,319.1104002625639,191.47861397549767,155.92489473808638,90.76212756519836,213.53578956577456,210.91506794847277,171.86015620780768,115.97851424185683,108.86303356663538
2010-05-20,190.6372946140252,109.75090999399914,225.68724849820262,305.54820825140496,185.14067185290867,150.2180435906724,87.37670020701646,205.84850114140667,203.70177262463497,165.96535284987988,110.81747035809421,103.55051752858357
2010-05-21,191.60954481655673,112.96661165682333,230.11071856876742,310.8036374333292,187.25127551203184,151.58502778734754,88.46017128958346,206.89832849722785,206.22767460518045,166.18110780858473,114.19740320401608,105.1866157055352
2010-05-24,190.51737041110238,111.38507909362781,226.65905779023592,304.7740468671226,184.91063456813146,150.6906761234022,87.56672355955867,204.9327943765042,204.84594918532574,165.96507236843357,111.35388786423607,103.44051788482331
2010-05-25,188.61219670699134,110.961815793072,227.1123759058164,304.22545358276176,185.15101839307005,150.4646401092171,88.0746105562041,203.53925137474397,205.23515648877785,165.06886097764405,111.91065730355724,103.59567866165055
2010-05-26,187.1787440120182,112.18239576679578,227.81642427112448,303.6474252209545,184.2252633011047,149.24587652433243,88.04818817303726,203.7224367009812,203.34699304908114,163.96289960909382,111.4182504114216,103.86502742617085
2010-05-27,191.67103386830664,117.93735266963239,236.92908124196944,317.4026535834637,189.27303551555497,154.708275605123,90.9801928391994,208.42842498877383,209.32539464472413,167.30774276111933,115.8638386028373,107.87421748482105
2010-05-28,190.386837941389,116.0385612916513,232.35634997399944,312.8320553718618,187.32352324974474,153.23854698687433,89.89752854441294,208.30336793378055,207.8391843427466,166.20351165889593,113.8014622757068,106.13744258331543
2010-06-01,188.84470455406372,112.8126892877434,225.47860201476902,300.7254548289708,184.13902335449907,151.4303321324292,88.79178894331665,203.38740845054332,205.44903372280504,164.24231022132096,111.33197054432395,103.63259893834919
2010-06-02,192.98040358379774,116.5919143788828,232.19786435480918,312.72440047664674,187.93228723560176,154.91322977147507,91.12701299252588,208.41107743927174,209.22929594330463,168.31551951480972,114.61626367538152,106.55503822841064
2010-06-03,193.6751330366994,118.10760926580828,233.3820734630187,316.4145484022712,187.46245651751278,156.7412058827785,91.54619725229149,211.12042144598226,209.9406755495119,168.97195004091748,114.37556952166321,106.97060287750145
2010-06-04,187.9617166121168,111.84790597472043,222.7165127057588,304.549002837186,182.04479152415664,151.31796015923436,88.7540382360966,204.5334642968676,202.42479936483937,163.5986420296163,110.097923221553,102.37086695376887
2010-06-07,186.60839225250953,108.3023273553218,216.7031668627033,302.386704917042,180.55202423365856,148.26133736401783,87.79549462314677,205.02434461118008,199.4491548141762,162.68248963425043,108.20423894214231,100.13918205417671
2010-06-08,189.03430135179212,109.0496134140735,218.71850631452645,307.8599042760405,184.1811199207551,148.24651123028144,88.48029948120731,207.83317813235325,200.54612516565422,162.64995313632357,109.70827786343808,101.87158990371398
2010-06-09,189.20443222300872,108.66793976712425,219.0684559246297,303.88851151087954,183.77592145692944,147.13466239605432,88.53338766089604,206.60696238137234,200.80683512836956,161.82043837532834,108.47954515136757,101.61691092895471
2010-06-10,193.53721372091562,113.55799705664484,227.52449832332042,318.01932729613543,188.0027676504388,150.91602321963293,91.18938929072293,212.47460011300333,205.46555370334775,165.23484962504776,111.8532590055751,104.98043068070311
2010-06-11,193.16949301484587,114.12578704192806,230.09552515437392,319.704829730805,187.83356515955342,152.7722903052344,91.56326578681488,212.60208487307116,205.7121123677918,167.05243297092326,112.25593073799519,105.58931717865119
2010-06-14,194.0001218348097,114.8561920789964,230.55571620468268,318.7457152416126,187.10101425543118,152.60424078589864,91.41676456155598,213.47375342105073,206.57610323973654,167.38653783686513,111.38033447823881,105.56819931521547
2010-06-15,196.42512335774484,118.26742098374261,238.00266583809395,326.84185640874955,190.9365850476675,156.93820122421818,93.81188379306874,218.21287074699805,209.4475110747689,170.3994955179287,114.03118643882088,108.41854069672627
2010-06-16,196.07155813570088,117.35676184216778,237.16965650766065,326.41696199541815,189.73368456186722,157.22068998642177,93.54921051844815,219.26029252658364,207.64626247952583,170.74029450896455,114.01978332017701,108.3209640100992
2010-06-17,196.8950586798708,117.03989858519392,236.5530154007407,325.86205316002594,190.34083235246518,157.88101688436475,93.55856543949999,220.8170406035224,207.12714682332702,170.77444256786634,113.8145477102007,108.77591205894161
2010-06-18,196.619405597719,117.33249833165691,237.21536384386278,328.17567373746215,190.1314574368775,158.07047410462602,93.23111046046174,221.25867468472947,206.73360524436268,170.50120345975773,114.22428008195742,109.03697424788308
2010-06-21,196.00988544036608,117.63756282731921,237.4525792077066,327.5193223899872,189.82724710497848,156.61622574286343,92.88615535175802,219.62136049206248,204.21145526038146,169.78509840522676,113.98440909378532,108.87341878651127
2010-06-22,193.69696879216974,113.95550711082412,231.46877421167238,318.70905261769656,187.53033741500823,155.00307861771196,91.7065011787907,214.1527886158101,200.65817593885083,168.44379612782546,112.35443204374418,106.45642888945073
2010-06-23,194.12310212351252,113.248982966737,231.79283049556875,315.2988657546872,187.69911471868173,154.3365653796558,91.99996198256284,212.0969218450983,200.93909738516524,168.0395310171187,111.88254342916046,106.04124881678187
2010-06-24,192.5701173065244,110.4970326806453,226.97153962126092,308.6775895738387,184.67715897171095,151.58937451589793,90.15996274291157,210.9728081593193,196.71937634007676,166.94727406550746,109.75677510400641,104.40821358500342
2010-06-25,190.24001888711547,111.56885389764757,229.71789525067817,308.49238302009445,183.6244991655722,151.3771493915757,89.70916292919703,211.96438035766812,196.48331308846866,167.74862098102184,112.10557009123217,105.67155296938198
2010-06-28,192.06632306843179,109.95110551613168,227.78826493057247,304.5436805174372,184.21209756290204,151.60421511566307,90.22947607418638,213.1937737637426,196.34577476930673,167.84927015361046,111.09661996041108,104.96355356448713
2010-06-29,188.35944303321105,104.44255512977347,218.49450372140512,295.0723720533449,180.3804859335937,145.85841536277943,87.76621137736109,208.33295572192924,190.6321127235199,164.62656416666115,106.81940009193525,101.31082190044299
2010-06-30,186.75838776742876,103.65923596630017,217.20538614944883,292.97735821176616,178.9554800947183,143.78722586462797,86.43216496442521,206.85379173630355,188.97361334282527,163.44125290466118,105.58029505086878,100.50033532523943
2010-07-01,187.3746904470613,104.17753214613165,216.20624137316136,291.48317368488614,178.490195846472,143.15456207082363,86.63960216033982,205.90226429431655,190.0318655775451,161.8885610020669,104.70397860194657,99.65613250850743
2010-07-02,186.99994106616717,102.42734960607665,215.10358954215826,290.7253174333054,177.74053702391683,142.73941384081823,86.33636355277864,205.71695225645166,188.37858834702047,162.24471583627144,104.00246194531353,98.11146245462557
2010-07-06,187.69184084811198,100.7577838074976,214.9960377473872,293.28370022671845,177.68721486280967,143.6957679135517,86.88028264316114,208.0415538169496,187.56856041712828,162.4069605521077,104.57447548601276,98.12127360087104
2010-07-07,191.76475379451603,105.32211141397723,222.58539787986993,302.90340559415483,183.85296121854915,148.7969676744828,88.99147351138996,214.38682120836657,191.4324727617211,165.89871020397803,108.75745450545327,101.76157285146334
2010-07-08,194.77546042908992,106.53331569523796,225.79062760934002,306.62911748296295,187.78741458862612,149.7492682675995,89.91698483590842,216.4449346919669,192.67678383467228,167.55769730601781,109.69276861420016,102.57566543427505
2010-07-09,195.3597868103772,108.62136868286463,228.1162710737162,308.1929259821261,189.02681152491104,150.55791431624453,90.53741203127618,217.57044835236513,194.1989304269662,167.92632424009105,111.51366857319589,103.80657341948636
2010-07-12,195.22303495960992,108.5561958616549,225.78948510876432,307.26834720417975,188.2518015976589,151.31070388782575,90.70037937293247,218.0926174284108,194.41254925043586,167.2546189431307,111.39100353776537,103.16297266428553
2010-07-13,197.0386091847343,113.4303690558432,231.32132749392906,311.6622845691995,191.13205416210312,153.83759264275244,92.21507570846043,219.2921268242671,198.10638768619413,168.86026328498477,114.29830873010106,105.19528322577196
2010-07-14,197.33416709851141,114.2243816392341,231.25193109568087,310.78963017240574,191.17028057293552,155.06829338389446,91.88310143590998,219.24826839890224,197.69036427205313,168.75894712701376,113.30391344414916,105.13216605583648
2010-07-15,197.64990176586906,113.8817084943164,230.7431768472704,310.85178809844024,191.1893976009928,155.16133435992478,91.87391312576638,220.34450974089674,198.48112572914133,169.0964650212678,113.05464483457203,104.86933564069689
2010-07-16,194.23055846531952,109.1670057626517,223.19787496436464,302.3655342833528,187.53768010681384,150.69268793035894,89.61381486287253,216.00372289900105,193.1022872218816,165.13960773977013,108.24982242910272,101.18842195970844
2010-07-19,194.48305819132446,110.2040923173969,225.09505690156172,304.08901782876796,187.72521778692064,152.25989188483467,90.71606478568586,218.70376943523854,193.1215974506038,165.84970805305113,108.22817246461692,101.67412638511502
2010-07-20,198.02264985040657,112.73878644069701,229.59695803959295,310.01875367642896,190.2219631834867,153.4475190415364,91.11521547074287,220.978288637365,196.6750348436949,165.56776354936093,109.35374545824892,103.71777632545583
2010-07-21,196.59688677148364,111.53248142578155,228.70152990323854,306.1435192554736,188.81432065592892,151.29925377495488,90.0036098419998,217.97298391189685,193.66590681058636,163.00146321434585,107.3635072909088,102.40056056612252
2010-07-22,199.36890287496155,116.19453914937922,235.97423855416153,313.1848201983495,191.72206119403023,155.47511317914365,92.2446997270656,221.91829492070218,197.01632699840954,164.89228018763228,110.51999440526153,105.38041687859668
2010-07-23,200.98379098824876,119.33179170641246,240.57573620596767,315.3144769756982,194.34865343238846,156.7500091072126,93.8128596224257,222.49528248749598,199.34111965699077,165.5518493083828,111.40415436050361,107.34049263253857
2010-07-26,202.6318580743524,121.86162569058843,243.29424202509514,319.5396909671726,196.17553077465294,158.08238418462392,95.06057065540398,224.43099144513718,201.31459674159498,168.33312037676362,113.29802498463218,108.90766382497364
2010-07-27,202.95606904727143,120.47240315771572,241.12892327107178,317.78222266685316,196.99946800390646,157.73460293941775,94.74687077224114,227.2139357390569,199.2209249354824,168.88861967400695,113.43398261461375,108.00373021522635
2010-07-28,201.25123806727436,119.02673431982313,239.46513370050138,316.5746502207191,196.2311700786912,156.20457729090538,94.78476952055004,225.4643884338661,197.74669009095985,166.54106786053825,112.0954616197613,107.32330671487043
2010-07-29,199.80222915318998,119.6575760117182,238.98620343310037,316.28973303552044,194.5239588990066,154.92369975711995,94.26345328818701,222.1951548015751,196.75795664050503,166.24129393838928,112.51021482775441,107.28037739218448
2010-07-30,200.48155673231088,119.6216787389147,239.72706066374303,315.4990087029317,194.5823160866763,154.28851258811576,94.7159178639703,220.9286424192061,197.66304324105135,166.92288324353666,112.49896380627162,107.5807624488826
2010-08-02,203.26825037088997,123.04285875084764,245.09694682261087,326.3837245031828,198.2988383239318,157.38971169113688,96.74283850625928,225.28093667486448,200.41055954210196,170.02764887186643,114.95144121724834,109.8829907652887
2010-08-03,202.33321641918388,120.6435230052061,242.67048704906702,328.0482814981491,193.79745469397852,156.71293593086503,96.14303290752048,224.65015005217487,198.16596127523042,171.3878700628414,113.83641223744104,109.03689173639597
2010-08-04,204.2149153318823,121.82582953065713,244.4177145558203,330.47583878123544,194.59202425822383,158.02932459268428,96.71027680167484,225.54875065238357,199.9494549267075,173.35883056856406,114.20068875660085,110.0291274511972
2010-08-05,203.1938407552229,121.87455986246938,244.39327278436474,330.3766960296011,194.98120830674026,157.33399556447648,97.0487627704807,225.9096286534274,199.56955096234674,172.7867464276878,113.81240641482842,109.64402550511801
2010-08-06,203.90501919786618,121.33831179907453,243.3668210386704,326.94077839089323,194.59124589012677,156.87772697733948,96.23355316320867,225.99999250488878,199.27019663590323,173.14959859518595,113.09538825441501,109.01905455973883
2010-08-09,204.8225917842566,122.41822277408627,244.8513586470063,328.8043408277213,196.0117619851247,157.6307400668307,96.9360581013001,226.85879247640736,201.02377436629916,173.96340170858332,113.89836551102137,109.9130108071287
2010-08-10,204.67921597000762,120.00658378543676,242.20696397361863,326.0095039306857,195.89415492793364,155.55001429794854,96.81973483157854,227.15370890662666,199.37537941649552,174.0503834094376,112.70243267315566,108.59405467744314
2010-08-11,200.48329204262245,114.95430660806987,232.95465794982638,316.8160359198404,191.76078825895422,151.27238890475493,94.41860540775538,222.2017580524622,194.65018292432455,169.594693594156,108.53244266424889,104.81498157466814
2010-08-12,200.3028570797841,113.98869043256208,231.53363453633244,315.3586821546091,191.799140416606,148.73101277115506,94.68297750289709,221.44627207508384,194.45553274140025,170.25611289917322,108.03319342799334,104.41668464468438
2010-08-13,200.28282679407613,113.17937073049089,230.8853403596307,314.25492676706796,191.0703036830229,147.83862669452813,94.17168942438146,222.1770447729316,192.6859873934535,169.268627444358,107.60106065428137,103.7797428683518
2010-08-16,200.68339244766426,113.28123216414832,231.1624027680623,314.34920324509807,191.2422669563376,148.48911665198403,94.11518641072682,222.08817395502246,192.76306178841088,168.96394391495815,107.48269948756166,104.05994817409636
2010-08-17,202.7504313898752,115.72810677889393,235.97058074563796,319.3473555766952,194.58900662807352,150.43432408012504,95.06574979347516,224.55335268592322,195.51957357198515,171.0928896082866,108.2350783839746,105.63125339152522
2010-08-18,203.13565720951595,116.16787358465372,236.2773425006073,316.4412946409472,195.48411605856265,151.06614824126157,95.63614429223601,223.29585391088202,196.96641841641787,170.83625027387419,108.48401906425774,106.42348779196166
2010-08-19,200.35269870574558,112.71768773918951,231.33914604234457,311.8212517391894,192.41501543644318,149.01164862518038,93.91469369497575,219.96874568760987,194.07101206569652,168.03453576938264,105.92379621434125,104.1247404556553
2010-08-20,200.5530514044513,112.03010984398045,229.90484333688204,308.2353073441887,191.5491478669792,149.23516609811819,93.17276761478544,220.07873006045364,194.2068617741425,167.46321834776677,105.61661720531966,103.78112881215165
2010-08-23,200.31238774276594,110.70815454782148,226.91608037350255,308.8517779588771,191.30013397475213,147.84727905340569,92.59509645557378,220.9810528537015,193.68250324735232,167.76465214079275,104.91954753176454,102.74331752403012
2010-08-24,199.29079456527782,107.75224682139466,222.4458335901445,304.3116568228816,188.8514922598753,145.40779894902448,91.78025960676473,220.87056232727468,191.55199571163143,164.30870030669243,103.1988669522436,100.88366347684516
2010-08-25,199.54987259821272,108.80821884024432,222.55705650693955,303.52044651514205,188.8892625583273,146.26570496282375,92.39518734613003,221.04725877713648,193.6399124648882,165.72175512932995,103.58070275996691,101.4990538240539
2010-08-26,197.97342860468683,107.63309007676969,221.19945846224724,301.0315788537179,188.4925951069548,144.80304791319548,91.96092996560323,219.9862319350062,191.9165172439507,164.34626456175653,102.57596994319522,101.15395704105212
2010-08-27,200.19073100505932,111.05582234121097,226.86216459888078,309.0089156933414,192.01740663545485,146.9606133271021,93.23918689212512,224.27596345773884,193.58619094397304,166.49920062751556,104.85315647593416,103.67269057137432
2010-08-30,197.94859481780267,108.60148866747019,222.6652145538015,304.8372953314813,189.54038208985747,145.05012535384975,92.04572529990591,221.02396198760164,190.4307360315863,164.65105950055013,102.32619540486414,102.1176002128037
2010-08-31,198.18613313158403,108.17794286166706,222.15308456032776,304.6543929542824,190.73448649702357,144.19432961426205,92.83731853748509,221.70913626976323,189.76422845547575,164.12417611014837,102.9606178163743,102.4341647734634
2010-09-01,202.48677222053942,112.95940793615276,231.01699263428483,315.89614005429536,193.93882587017356,148.37596517307563,95.16753523277596,227.03015554023756,195.5710138462133,167.91544457829278,106.84223310805162,105.85546587689707
2010-09-02,203.78268756275085,114.89101381186096,234.59775602011626,318.36012994671887,195.06367106022054,149.78553684221987,95.93839226816144,226.89393744691338,199.16952050098365,169.14122732371433,107.78244475940247,107.08338928106909
2010-09-03,205.53521867579053,117.55648533229615,238.116722360418,321.4163871942074,196.72171226423242,152.31691241485336,96.87858851238943,228.32336925282894,201.26080046624395,170.54509951050113,110.14288029963338,108.52901503636352
2010-09-07,204.34311440747095,114.68810709018813,234.80689991960818,316.1451584442224,194.7348229703637,150.99175527684415,95.69666973253828,226.61094398343272,199.2280663815349,169.24895675422133,107.53249403653204,107.49798939351807
2010-09-08,205.4056986023898,114.79132638656928,236.70883580895702,318.64270519593174,196.02007280196807,151.8826066329775,96.29955875185327,226.04441662347418,200.10466987361366,170.28137539042206,108.5110397322645,108.5622194885139
2010-09-09,206.37110538582104,114.38955674421629,236.54313962389074,319.2799906063236,195.62803265636413,152.18637184624347,97.09884508949365,227.55891421485143,200.12468034060103,171.9501328692482,109.780618897132,108.87704992503058
2010-09-10,207.7744289024446,114.56114107933261,238.29355885710757,322.18543852084116,196.2540423608645,152.24724639498197,97.80766665864697,227.05828460357878,201.50554063495116,173.4976840650714,109.96724594925713,109.39965976467072
2010-09-13,208.48086196071293,116.56596104822094,242.13008515470702,324.11855115196624,198.09883035905665,155.62713526495057,98.51188185858923,228.32981099735883,203.52059604130068,173.93142827523405,112.3425384617611,110.84373527356439
2010-09-14,208.12644449537973,116.32117253001968,241.0889257885418,323.7620207456991,198.3167390724516,156.2496438060104,98.1572390838983,227.8046524320649,204.98594433279806,174.5227951313699,111.41009539252849,110.59987905596256
2010-09-15,209.50007902904923,116.53055064057372,240.9201635404898,323.5353873311771,199.16950105046317,156.93714223875682,98.56949948805068,226.68840963514776,206.09286843219522,176.0935002875522,111.7888897168631,111.0422785721864
2010-09-16,209.24867893421438,117.91726419319654,240.70333539330332,322.59713470791667,200.54377060771134,157.73752166417452,98.15550759020087,225.2149349725193,206.15469629272485,175.63565718680456,111.31937638005228,110.64252636932652
2010-09-17,208.80925670845252,118.51864224058187,242.79745441122506,321.24222674214343,200.88469501774443,158.6366255376603,98.74444063574208,224.89963406355778,206.15469629272485,175.82885640971006,110.91862662508407,110.88593992733904
2010-09-20,211.02263482956212,120.92457067806568,246.58509470004017,326.8960899328052,203.49619605297508,161.07962957094028,100.45271945874043,227.91328916000947,209.39132502452065,178.1849630856002,113.31446896018589,112.53814043225638
2010-09-21,210.34736239810755,120.51342713776026,246.28919258640013,326.176918534953,202.98745556284268,160.69303845997004,100.3522667392817,226.6369747407134,208.82596844695445,177.98895962620603,112.35129597402431,112.42560229182412
2010-09-22,209.90563293707152,119.29624152366887,244.49128148051943,324.4807985585712,203.35283298285577,159.68067231767222,99.58958951206316,227.79282331189106,208.90949883433322,177.8821662504303,110.68849679360875,112.03211268380275
2010-09-23,208.31035012674977,118.05556061182271,241.75297912793764,322.14453680894957,201.97003371857235,159.45711937642747,99.05180572869801,225.67435005509049,208.32455223759706,176.99275541917814,108.95068739394908,110.34042778227733
2010-09-24,211.66414676379043,121.73889410291156,249.1747955871653,328.58742754512855,205.2419482648132,162.94923029077125,100.76540196780451,229.53338144103253,213.0743520286143,179.6653460260077,111.78340526619178,113.28651720406413
2010-09-27,210.9021558354408,121.36150353119255,247.45548949761385,327.8645352045293,204.79041597863065,162.60703690716062,100.76540196780451,229.76291482247353,211.6893687404283,178.49752127683865,110.59850117037013,112.86735709040909
2010-09-28,211.93557639903443,122.7086162203888,249.63309780519282,330.2251598580019,204.95424831141352,163.09485801788207,101.07777471390472,230.4522035669409,214.14496541781728,180.06829946407484,111.02983532493458,113.56713470436964
2010-09-29,211.29976966983733,122.59817846579044,250.33207047904736,332.3386008810931,203.3761005994156,163.1600959610892,100.45109251067849,230.24479658373065,213.22414206652067,179.54610139562902,110.4857891318424,113.31728700802002
2010-09-30,210.37005068329003,122.35298210885885,249.5560410605623,332.73740720215045,202.2982072662387,162.27903144289934,100.14973923314645,229.78430699056318,212.8190161965943,178.9356446508839,110.41949765836327,113.28329182191762
2010-10-01,211.14841987081823,122.59768807307658,250.67904324533484,337.1960884586593,203.10740009530366,162.1816640240336,100.79069756423857,231.48471086229335,212.90414380307288,179.0430060376744,111.39118923775686,113.73642498920529
2010-10-04,210.2404816653737,123.34553397032235,247.3450119701719,333.756688356381,201.6044053345984,160.36522938696442,100.44800919252017,230.21154495255075,211.83962308405754,177.57485338816548,110.23272086968419,112.48532431432403
2010-10-05,213.09975221602278,127.0705690962261,254.49328281610985,341.46646785741336,205.5356912386231,163.95741052523243,102.28620776074328,232.99710464647663,215.35616082725286,180.89550314652416,112.83421308220873,115.10623237084778
2010-10-06,213.6325015965628,127.04515498240684,255.07861736658688,344.26649289384414,205.57679837687078,162.71133420524063,101.52928982331379,232.41461188486045,215.0546622020947,180.7326971936923,112.56341097081145,115.681763532702
2010-10-07,212.60706558889933,127.1213820753963,254.00728717364723,343.1304134672945,205.49456765752004,163.06929914049218,101.23485488282617,232.55406065199136,215.31272779673722,180.60618430565668,112.11315732692819,115.25374100763102
2010-10-08,213.244886785666,130.2358559362435,257.1823782633178,347.41954363563565,209.52226118360744,164.30862581395994,101.66004127333403,233.6238093309905,216.08785361680546,181.4369727534627,112.38222890451281,116.48695603641266
2010-10-11,213.33018474038025,130.5744691616777,257.1566600254915,348.25335054036117,209.77368789702777,164.3414875391227,101.91419137651737,233.6238093309905,216.39037661186902,181.32811056981063,112.3147995671701,116.45200994960175
2010-10-12,214.63149886729656,130.92702022841425,257.2080913574966,348.28817587541516,210.5498505422468,165.55761454691225,101.94476563393032,232.78276361739893,216.41201564953022,181.69076679095025,113.55026236240894,116.66162356751101
2010-10-13,216.6704981065359,131.83041666799028,260.62895897255135,351.03965246483097,212.59218409250659,167.19663493092668,102.51565632148032,234.41224296272068,216.8231984792643,182.78091139169595,113.89091314949616,118.21322316095892
2010-10-14,217.2121743518022,132.21272487632746,259.4821915530721,351.07475643007746,211.59300082727182,167.24679392140595,102.50540475584818,233.99030092538777,216.0643172845869,182.5067400246084,112.05726944778927,117.3975519211483
2010-10-15,217.95069574459833,132.14661851388928,259.5859844296933,351.6715835160086,212.0585054290918,170.02309070050129,102.70016502488429,234.6922718281639,217.7496189594067,183.0542602446822,110.41002758690676,116.18835713636048
2010-10-18,218.1686464403429,132.64877566424207,260.3647423829824,354.7311262925978,213.01276870352274,170.82219922679363,102.91583537143654,236.61674845715487,217.79316888319858,184.73835943893332,112.90529421037085,116.42073385063321
2010-10-19,215.89969251736335,128.8682855578112,255.6000675973738,345.6500094595074,210.17969887976585,167.62782410125257,101.72201168112787,234.77113781918905,214.19958159662582,181.6347550003592,111.29074850316256,114.29023442116662
2010-10-20,217.49735024199185,131.25234884063067,259.74078869245125,350.41997959004857,213.68969985105792,168.9185583468322,103.2580140575129,236.69626114930642,215.7632385422812,182.52476529986097,112.51494673669733,115.95887184371566
2010-10-21,217.82359626735487,132.19736575228325,260.83170000495954,349.5789716390325,214.41624483055156,169.22261175185653,102.99986902236911,235.41810133910016,217.20885224051446,183.1818544549405,112.16615040181357,116.08642660274376
2010-10-22,218.43350233690347,132.42210127406213,261.4316129149709,350.7675401426052,213.73011284709378,170.50870360117065,102.84536921883556,234.26455264253855,218.62070978007776,183.1452180840495,112.42413254773773,116.43468588255197
2010-10-25,219.4164530974195,133.4020248234902,262.92177310858625,351.1884611907763,215.97427903198826,171.20778928593546,103.58585587721119,233.65546480566795,219.23284776746198,183.8228553909605,112.10934497660405,116.98192890619995
2010-10-26,219.7675194223754,133.84225150540772,261.3442424699347,351.25869888301446,214.93760249263468,171.49884252772154,103.74123466102701,233.16478832957603,219.75900660210388,183.25300453924854,112.36719647005025,117.15740179955927
2010-10-27,218.38298405001444,132.86520306941824,260.95222610622983,348.7998879908333,213.88440824042075,172.37348662461295,103.80347940182362,232.67514227408395,217.891055045986,182.44669131927586,112.54698398440233,115.90381760030397
2010-10-28,219.1691627925945,132.54632658205165,259.88232197919433,348.1022882148517,213.26414345652353,172.5803348085625,104.71695002055965,233.48950527204323,218.02178967901358,183.2859460993445,112.37816350842573,116.10085409022449
2010-10-29,219.5636672856212,132.78490996989936,260.9218512671111,347.9978575283872,215.35413206239747,172.77017317685193,104.73789341056377,234.04988008469613,217.9563831421099,182.42450215267758,112.28826097761899,116.19373477349666
2010-11-01,219.3880163517927,133.1168722448241,260.9218512671111,349.2158500297366,214.7942113190352,173.06388247125258,104.88452646133857,232.6221758161795,217.760222397282,182.36977480203177,111.98508267297942,116.36802537565691
2010-11-02,220.06811920248327,135.80583306416955,263.4006088541487,352.9873812100577,216.42664732505992,174.7252957429766,105.72360267302928,235.50669079630012,220.87419357756315,183.20867576612113,112.73538272688836,117.67134725986428
2010-11-03,220.31019413360605,138.29107980924385,263.6376694021174,353.62275849623586,216.38336199559492,175.59892222169148,106.03020112078106,234.94147473838902,221.69142809380014,183.4102053094639,113.84018947761187,118.09496410999981
2010-11-04,223.21828869616965,143.50465351805235,270.91406907761586,363.5949202858297,219.45600573593237,178.30314562390555,107.11170917221303,238.01920805746195,225.5266897998229,184.3272563360112,117.51722759773872,120.63400583836481
2010-11-05,222.95042674973425,144.82489633041843,272.4040964575428,365.5946923474018,219.4998969370795,178.46361845496702,106.61899531002084,238.11441574068493,226.13561186228236,183.27659097489592,119.77355836761532,121.52669748156872
2010-11-08,222.7274763229845,144.94075624748277,271.47792252958715,368.0807362553641,219.4120969783047,178.7313138826495,106.32046212315278,237.2333924024444,225.88686268923385,182.58013992919132,119.00700759406257,121.41732345383531
2010-11-09,221.4579297079435,142.50575154252505,268.81743888879714,367.6390393718577,217.85427108975873,178.05213488989543,105.82075595117395,237.25711574168463,224.17012253279566,181.70375525753118,116.96008706344469,119.69319746079086
2010-11-10,220.92643067664443,145.213360821833,269.4357189982414,373.11686105849833,217.8978419439767,178.5862912945651,106.05356161426653,236.3792644134404,225.40305820672603,181.83094788621145,118.49226420397582,120.45923392453992
2010-11-11,221.10317182118573,145.01006211668243,268.4657504098477,377.0345880996125,218.35542741205902,175.85392103775825,105.4066348884195,236.7338333100606,225.5157597358294,182.0309619288863,117.60357222244602,120.38695838418518
2010-11-12,219.59967025280167,142.09535986813714,264.2239915533721,371.71840040740796,215.7133267403731,173.53264928005984,104.96392702188815,234.62690219360104,222.83212219497304,179.86479348193257,115.6983943524424,118.5811540084224
2010-11-15,219.40203054957416,144.24099980214598,264.9902411288769,369.6739492051673,215.17404342352216,172.87322521279563,104.8274739167597,235.5888724925948,222.00764334285162,180.13459067215547,116.06862921437022,118.33213358500471
2010-11-16,216.65950516770448,140.7936399068747,260.85639336726643,361.8738288769382,212.11857200690818,169.84794377157172,103.3494065345334,232.4084227139448,220.1205783744374,177.8468813706191,114.00260761435443,116.30865410070112
2010-11-17,217.15782202959022,142.13117948599,261.6389625473682,362.66995130046746,212.45796172211925,169.86492856594884,103.56644028825592,232.6175902943873,221.44130184468403,177.93580481130437,113.45539509780554,116.13419111955008
2010-11-18,220.67577874646958,142.57178614239655,267.1333807608629,370.4310882582975,216.19722184842857,172.92249728013593,104.97494387617621,234.29243694450693,223.47856182165518,180.26676385433248,115.04377062917482,118.28267365526175
2010-11-19,221.31573850483431,143.59830300262183,268.25534096005856,373.2093214202348,217.10525018019194,173.4066802725203,104.86996893230003,233.84728131431234,225.17699889149978,180.19465714879078,114.98624874386023,119.01602623192437
2010-11-22,221.66984368644208,143.71318164502392,268.76502610788265,372.16433532025815,216.4973554796874,174.62052703442794,104.55535902550312,234.3383606050724,226.50554318495963,180.01446249164198,113.59491513405953,118.8375021925765
2010-11-23,219.45314524957763,140.88203196661695,265.6204753024204,364.83269791444906,213.66124012290348,172.1583776032425,103.01839524782824,231.7840724744771,224.80675161107246,177.8362874954931,111.77739649191459,116.86479965617973
2010-11-24,222.15241893614746,144.19275971783244,271.4641257590737,370.8524374300374,216.33200562443977,175.3605234266628,104.13099391650478,233.40656098179844,228.69590841394404,179.6680012566967,113.46523517894246,119.15534972944086
2010-11-26,221.24159401850926,144.17834044186066,269.4009984033047,367.21808354322303,214.70951558225647,174.5889371235855,103.80818783536361,232.02946227200582,227.5295592810329,178.6438936495335,112.17173149790254,118.14252925674063
2010-11-29,220.091137729613,143.29885256516533,268.45809490889314,368.8705649191675,214.45186416355776,173.61123907569342,103.01924560781484,231.3333738851898,227.23377085396757,177.82213173874564,112.83354471374017,118.56784236206491
2010-11-30,219.40885520265118,142.52503876131343,268.2970200519478,367.2106473770313,212.75769443666567,171.51054308287755,102.74109364467374,230.8475738000309,227.07470721436977,176.34620804531406,111.93087635603025,118.10542777685285
2010-12-01,223.22656928317733,147.1856075288084,275.43372078532957,377.3456612446374,216.94902101706802,175.35237924793398,104.62125565837125,233.77933798729126,230.68519505907824,179.29118971967077,114.55005886276138,120.58564176016675
2010-12-02,223.91857164795522,150.01157119336153,279.1796193880101,383.08131529555595,218.1639355347636,177.56181922645794,105.46868782920407,234.92485674342896,232.8536358926336,180.24143302518505,117.42526534021667,122.12913797469686
2010-12-03,224.20966579109756,151.88671583327852,280.46384563719494,384.4987161621495,219.0802240640096,178.360847412977,105.77454702390874,235.48867639961318,233.03991880134765,180.63796417784047,117.85973882197547,122.72757075077287
2010-12-06,223.78366742609447,152.20567793652842,280.856495021087,386.1136107700305,218.59824757106878,178.50353609090737,105.8168568427183,234.64091716457455,232.7136629150258,179.77090194978683,117.6947351876247,122.8134800502984
2010-12-07,224.5892886288284,152.03825169079823,280.9126663200912,386.4225016586465,219.0354440662109,178.68203962699823,105.95441875661382,233.5146407621846,233.64451756668592,179.89674158115164,117.62411834651212,122.97313757436379
2010-12-08,225.17322077926335,152.98088885128118,279.95756325460286,384.6836004011827,219.1230582438374,179.98641851627534,105.9332278728625,232.6506365913645,233.13049962803922,180.22055571599773,119.83545177142653,122.72719129921505
2010-12-09,226.3216042052376,153.62340858445657,280.5454741374375,385.7222461222658,219.56130436032507,180.0224157999786,106.6217938540361,233.37185356479773,232.89736912841116,180.7251732720025,121.44124682516366,123.37764541310091
2010-12-10,226.63845445112497,154.09964115106837,282.53734700381335,387.45799622981593,220.5273740995105,181.22856598583843,107.38947076978516,234.28200379370043,233.61935097270927,182.64086010868573,122.58279454532021,124.57440857360797
2010-12-13,226.4798075330092,152.66651448836345,283.4414665142256,389.70525260794886,220.17453030095123,180.59426600488803,107.22838656363048,235.3831292115308,232.1942729317757,182.7504446247509,122.48472830968396,124.40000440160492
2010-12-14,226.9101191673219,153.1245140318285,284.4618557936768,388.76996000168987,221.01119351609486,180.4678500186846,108.34356178389221,235.7832805311904,232.31037006824158,184.99827509363536,121.59058979302327,124.1885243941222
2010-12-15,227.06895625073903,153.1245140318285,282.8973155868116,386.3984632456795,221.1216991128529,179.6737914786024,107.49848200197785,233.73196599056905,231.89221140211873,185.1647735412196,120.43547918998956,123.08324652701452
2010-12-16,229.04445617012047,155.16107006845186,285.66970927956237,388.98733294942554,222.97912138540084,181.03931229383977,107.6812294213812,235.67194130829074,234.30389040070074,186.7757070710282,120.32708725871856,124.42485391415896
2010-12-17,230.16677400535403,155.19210228246553,286.21248172719356,388.2871557501166,223.6703566616956,181.54622236826253,107.508939454307,236.26112116156145,234.13987767742026,187.14925848517026,120.51961059833252,124.41241142876756
2010-12-20,230.05169061835136,155.93702437342137,286.7276641943025,391.3157955649675,224.20716551768365,181.4009853903679,108.05723504552398,237.08803508562696,234.3506035673299,187.3176928178069,120.90527335224719,124.93494355676837
2010-12-21,229.7526234205475,157.4652072122809,289.65228636908444,395.3072166797301,225.19367704596144,182.59823189394433,108.5759097737425,237.20657910316976,234.74899959339436,187.28022927924331,122.68258087052521,126.109332026202
2010-12-22,229.93642551928392,157.2447559221837,289.5074602258999,396.80938410311313,225.59902566464422,182.54345242437614,109.2925107782492,238.32145002495463,234.86637409319107,187.355141370955,124.15477184097152,126.28588509103868
2010-12-23,229.6834954512127,156.09686920395177,288.7836915753351,398.15853600906377,226.2307029365052,182.23312855525472,109.28158152717138,238.5121071849746,234.98380728023767,187.355141370955,123.26085748371653,125.95754178980198
2010-12-27,228.92553991622373,155.94077233474783,288.5237862529174,396.6057177186284,225.4615185465211,182.5064782480876,109.19415626194964,238.41670234210062,234.58433480786124,186.961695574076,124.33322694382487,126.23464838173955
2010-12-28,228.74239948429076,155.03631585520628,288.23526246666444,398.4301040201341,225.66443391321295,182.30572112201472,109.13955918381868,239.03658576819006,234.3262920395726,186.9429994045186,124.34566026651925,126.27251877625407
2010-12-29,229.1541358033625,155.64095748704162,288.52349772913107,401.4183298002851,226.18346211121337,182.52448798736114,109.32509643443117,238.96487479245963,235.45105824136252,186.96169370445907,124.04723068187961,126.55031831756183
2010-12-30,229.06247414904115,155.2674191890727,288.3792359802665,402.1408827939256,226.07037038015778,182.23244880658137,109.33602894407461,238.48694504287468,235.56878377048318,186.456897131457,123.65027954369761,126.28456264909495
2010-12-31,228.94794291196666,155.2363657052349,287.9466671262961,401.7387419111317,226.18340556534787,181.70397470504227,109.51096659038512,238.2723067923361,234.43805360838485,185.97210919891523,123.78629485119568,126.63815942451242
2011-01-03,229.0853116777138,158.27899847305753,291.17166979811066,406.479259065683,227.54050599873997,184.08429677367835,110.98936463935533,239.70194063309012,236.66521511766453,187.60866375986566,126.59624374431782,127.65126469990852
2011-01-04,226.9090012167755,157.6775382788599,289.424639779322,404.4468627703545,226.56208182294537,184.10270520335573,112.01046679403741,240.37310606686276,234.29856296648785,187.90883762188147,126.36837050557803,127.10236426169892
2011-01-05,227.68049182091255,160.64187599850246,291.19013008197584,405.4984246135574,226.9245811538621,185.48347549238088,112.8841484350309,239.33950171077524,234.50943167315765,188.52893678603368,127.91006462574607,127.85226821084295
2011-01-06,227.15682668972445,161.33263606529601,290.0544885746561,403.4303826480283,226.81111886328517,186.9487949487707,111.74401853583709,239.1958980097488,232.53955244710315,188.60434836074808,127.52633443186885,127.25136255025198
2011-01-07,225.5440132202274,160.70343878464138,290.4315594098032,405.40719152300363,225.76778771651408,186.48142296139878,111.14060083574357,240.36795790999653,232.30701289465605,188.39688357755128,126.37859742198204,127.34043850403714
2011-01-10,225.9274380427018,162.0694180143108,290.89624990485885,404.5558364208053,225.58717348634082,187.00357094569068,110.62935407189916,239.3584124867745,232.67870411528753,187.7940135501031,126.15111594662245,127.35317254788754
2011-01-11,225.72410334846333,162.1828666069208,293.01979252916436,410.8264518853278,225.4969386169463,187.3214770162984,109.81069685176709,240.07648772423482,233.02772217146045,188.60152780836853,126.97109820027548,127.82437928631474
2011-01-12,227.52989617525103,164.32368044613216,295.7448765996856,414.852551113804,228.65389575758357,189.04483460484835,109.99737503641511,241.54095429935265,233.9598330601463,189.73313697521877,128.7740877947194,128.79584456889071
2011-01-13,227.89394400913145,163.30487362736613,295.389982747766,413.8569049911308,229.20266510740177,188.93140770408542,110.08537293644423,241.68587887193223,234.03002101006436,188.49987158487983,128.2589914435405,128.4738549574685
2011-01-14,227.80278643152778,163.74579678616,297.16232264425264,417.33330299305635,230.27991763340654,190.4617521064885,110.27251807043619,242.79763391474313,235.29378312351872,188.3679216747704,130.51634969294682,129.42456148415377
2011-01-18,227.5522033664531,164.07328837973233,299.6287699221999,420.58850275640214,231.20103730394015,191.14741441407185,109.93067326441783,243.40462799952996,236.1878994993881,188.9330254397947,129.68104505491198,129.5151586771927
2011-01-19,226.07311404457118,159.44642164742388,295.88341029817246,415.66761727415224,227.77926195184182,189.369743460021,109.39201296542218,242.69875457833132,234.0622084038936,187.42156123627635,126.65947670513253,127.42996462248988
2011-01-20,225.84704093052662,157.35767352384264,293.42757799269765,412.4254098594139,225.86591615144633,187.70328971757283,109.6326753939461,243.4511207175242,235.53680031683814,187.7776622026253,127.07745297825947,126.7290998170662
2011-01-21,225.71153270596827,157.9713684505856,293.2221786881027,415.31238772842977,226.27247480051892,186.57706997926738,110.48781026201888,243.57284627788295,234.78308255582428,187.49599570932136,127.91616416791598,127.56551187585883
2011-01-24,226.74980575641572,159.06137089289464,296.7115226144911,415.89382507124964,228.7840992708047,189.07720271698958,111.43800543027224,245.1560697786892,235.55786672825852,187.81473890202722,127.64754022316336,129.14732422311948
2011-01-25,226.56840591181057,159.93620843280559,297.1269187461515,414.47978606600736,229.19591064949216,189.51208028323865,111.71660044384792,244.59221081819825,236.61787712853567,187.62692416312518,127.48159842087325,128.70822332076088
2011-01-26,226.84028799890478,162.68711121784983,301.5541098354691,422.4792459370813,230.2502118384798,190.64915276493807,112.09643688535702,244.6900477025255,236.85449500566418,187.58939877829258,127.443353941347,130.09827213262508
2011-01-27,225.7741386453099,165.33891113070078,302.54923839792616,420.70483310414556,227.44115925405035,191.69772310514526,111.74893793101242,245.79115291718688,238.44142012220212,187.64567559792604,128.53936678524258,130.42351781295665
2011-01-28,222.5681458765465,154.74068692722284,297.0428422590839,418.55923845531447,226.00827995074985,187.44203365221102,109.41338512825425,242.54670969868002,232.69498189725707,184.28681800472316,125.96857944953771,127.8541745120414
2011-01-31,223.54744571840328,154.87995354545734,300.6667649346447,429.60920235053476,226.347292370676,188.8291047012374,109.54468119040817,243.44413252456513,232.43901741717008,184.61853427713166,126.91334379540926,128.49344538460159
2011-02-01,225.6487917081563,154.29140972198462,305.1166330556774,438.673956520131,229.24453771302063,192.30356022774018,111.58221226054977,246.29242887510253,235.29801733140124,187.57243082556576,129.79427669956505,131.73148020829353
2011-02-02,225.24262388308162,150.68099073449017,305.4522613520387,438.8055587070871,228.48803073856766,192.74585841626396,112.12896510062644,245.13485445938957,233.18033517541866,187.40361563782275,128.83379905198825,130.66445521860635
2011-02-03,226.43640978966198,152.17273254276162,305.8188040656612,438.3228725925092,229.08209961848792,192.7651330021056,113.27268054465283,246.09088039178118,235.4421844266202,187.47857708407787,128.91109933141945,131.20017948500262
2011-02-04,227.86295917133685,152.67490256015276,307.37847996639607,436.4380842403615,230.73149073574103,194.21087149962142,113.46524410157875,245.05729869413568,236.97255862539325,188.11600424616375,129.06579265061714,130.8590590183416
2011-02-07,228.2958987937624,154.98029358881104,310.29857552607683,439.3622194047719,233.01573249402486,195.6091897744187,113.6694815409616,246.50313675643108,237.32801746333135,188.1724390474376,130.84690058919568,131.90593149048834
2011-02-08,229.52869664724872,156.34412017239256,311.35359068286556,438.30775007820046,234.22741430299382,196.4503092904487,114.19236115605,246.45383612907978,240.0572896641597,188.71813912067515,131.7366595132022,132.9479883492632
2011-02-09,230.24023560685524,155.17153927109965,310.7620188605681,433.048057077262,233.61842302580604,196.03776364093875,115.20867317033886,245.71447462069256,240.60942143038724,188.0576256337528,130.78815556470713,132.41619639586614
2011-02-10,229.31927466442778,155.9008455056738,312.09829554166856,436.4691367281724,234.55289671790928,195.46925412638,115.62342439375209,245.98476054277535,240.3928729510999,188.24568325938654,130.80123438026362,133.01206927964756
2011-02-11,230.4888029652164,159.36184427589976,314.43903275823106,436.73101821020924,236.92188097476014,196.38795962077398,116.62934818597772,245.96016206672107,242.12370163634782,188.4715780792978,132.61937153814927,133.96975617846104
2011-02-14,230.28136304254767,158.77220545207894,315.47668156633324,446.8631778326861,236.89818878666267,196.83965192790177,115.99954970577345,244.9763214184542,241.22784394029333,189.26315870723087,132.7519909096874,134.67979588620688
2011-02-15,229.77474404385404,157.6925544550048,313.5838214769352,441.5901923342604,234.17385961561607,195.81608573787668,116.13874916542038,245.4662740612911,241.2760895090814,189.43349555006736,132.47321172877707,134.2218845801938
2011-02-16,231.1533925081172,158.2287091401518,316.4374342523754,446.75679758457125,235.8833287908101,197.2455431637632,116.99817590924448,245.39263417907273,242.60310800138134,190.30488962959765,133.347534926187,134.83930524926268
2011-02-17,233.41869575469673,157.59579430359122,317.8297589630858,450.5095546842816,237.1570987662805,197.69920791303983,117.33747061938129,246.88952924756506,243.54926012258673,190.9519262543383,133.30753066570912,135.33821067868496
2011-02-18,233.32532827639488,156.99693028523757,318.6878993122861,452.762102457703,237.20453018603376,197.6398981506659,117.74815176654914,247.0376629651136,244.49910223706485,191.23835414371982,133.53415346784084,134.95926368878463
2011-02-22,231.9953739052194,151.78463219976769,309.3184750725049,450.0908060532025,232.57904184740613,192.4419688293034,115.21656650356833,245.95069724806712,238.9978724367309,188.3889026669784,129.5147754484588,130.82951021990783
2011-02-23,231.39218593306583,148.4301918281528,304.8024253364463,459.72274930274114,231.16030969213693,189.53609509998094,114.1565740917355,245.26203529577253,235.1739064777432,186.731080323509,128.7765412284026,128.97173117478513
2011-02-24,231.48474280743903,148.37081975142155,305.4729906721865,454.52788223562015,229.17233102878453,190.63540445156082,114.6702786751483,244.47719678282604,235.19742386839098,187.08586937612367,128.6477646871742,129.57789831130663
2011-02-25,233.73014481267123,151.545955294102,310.11618013040373,459.70950009310627,231.73906113630696,193.30430011388268,116.33299771593795,246.84862559161948,236.74972686592236,188.95672806988492,130.3330504045762,131.48269341648282
2011-02-28,234.12748605885278,151.53080069857256,311.29462161489926,462.4217861436556,233.61614753151105,193.40095226393962,117.63592729035646,249.3171118475357,237.69672577338605,190.75181698654882,130.37215031969757,132.6923341959145
2011-03-01,232.3247044161996,148.21227616327383,304.72630509882487,455.6704280659583,230.29879823656358,189.9197351231887,115.5420077845881,246.67435046195178,235.0345224447241,189.34025354084835,128.038488828975,129.70675667650642
2011-03-02,232.6267265319407,149.04226490978814,306.5851355599277,458.176615420321,230.27576835673992,191.0402615604155,115.91174220949878,247.53771068856864,235.2930604194133,189.8136041747005,127.64156951360516,130.2126130275448
2011-03-03,236.1626527752262,151.65050454570945,314.6789831387098,464.9576293285417,233.82201518943373,194.51719432081507,117.5229154262108,249.9883340243855,238.35187020486566,193.2302490498451,130.4113915720504,132.59550384594885
2011-03-04,235.17076963357027,149.92168879388836,312.0986154769723,462.9118157594961,231.92805686639932,193.48625319091474,116.66499814359948,248.6633958540563,237.46996828510763,193.0949878755102,128.80733145571418,131.22977015633558
2011-03-07,234.30063778592603,147.41799659103043,308.19738278351025,459.62514186760365,229.49281226930216,190.6226566436892,115.84834315659427,248.93692558949576,235.28524457688462,191.68539446401897,127.73823060463177,129.82561161566278
2011-03-08,236.45620365355654,150.2336803259191,311.9882105917474,456.08602827522316,231.67299398586056,192.12857563117436,116.96048725089759,251.1275705346833,237.02635538675358,193.39139447474872,130.3951858012081,131.68211786176676
2011-03-09,237.33109160707474,149.57265213248508,310.3970707177295,453.3039035027443,230.584130914127,190.89895274713484,117.14762403049903,253.0361400707469,238.8514583232316,193.52676845088104,130.3299882083075,131.23439866103675
2011-03-10,235.52737531086098,146.56624182462213,302.5750645356427,436.84897180559466,226.91784323259236,186.98552421581857,115.5895606308934,248.83574014557252,237.53777530245387,190.4690455093571,127.51486046300806,128.66220444728043
2011-03-11,236.09264101160701,148.22244035724037,305.81261772617404,443.66381576576197,227.75743925255298,188.12613591353505,115.78606288396594,249.98038455024215,238.2503886283612,191.34520311870014,128.27994962578612,129.93596027130852
2011-03-14,233.96780724250252,146.99219410227528,304.6811110405872,446.9025616208521,227.32470011797315,187.2983809155155,114.43136594822352,247.68056501237993,235.9870099363918,190.56068778591347,127.06129010434115,128.4157095361342
2011-03-15,231.46435170500772,147.16858473519804,301.969449152326,443.10388984707487,225.09691805681703,184.69493342078985,113.08107583003448,243.66813985917938,234.4294956708116,188.31207167003967,125.70173430022469,127.2856512922162
2011-03-16,228.2701436514786,144.3282310498087,296.9265593514821,435.7040548866287,221.8330127449932,180.20684653866465,111.21523807883892,240.57355448296784,231.35846927752394,185.31790973048604,123.51452412340078,124.79085252688877
2011-03-17,229.20605124044963,144.97770808953283,301.61799898923556,448.1651908563863,224.5171921992076,181.52235651839692,112.80561598336631,241.77642225538264,231.5204202060182,187.41200211044054,124.91023824599523,126.47552903600179
2011-03-18,230.902176019629,146.68844504498932,302.76414738539466,446.99996136015966,225.57242300254384,181.9761624096929,113.3583635016848,242.86441615553187,232.21498146663623,188.91129812732405,126.25926881905197,127.15849689279621
2011-03-21,234.22716735431166,149.73956470192508,309.5460642868275,459.1583603091561,229.45226867818764,185.5974880416458,114.29923791874879,246.67738748917373,234.7693462627692,190.02587478627527,127.14308370078531,129.8288253275449
2011-03-22,234.55508538860772,147.089174406701,307.7197425075352,458.653286112816,228.21322642732542,185.0221358287167,114.34495761391628,246.7760584441694,233.5720225968291,189.94986443636074,126.54551120739161,128.9459893153176
2011-03-23,236.0093269180171,147.2362635811077,309.65837688533264,459.66232334226424,228.94350875189286,186.11376643010612,114.93955139350864,246.57863759741403,234.48295348495677,189.83589451769893,126.33038383833903,129.65519225655186
2011-03-24,237.4253828795252,150.59325039075694,312.19757557579237,460.99534407995674,230.68347941840725,189.0357525630588,116.23836832425529,247.63892573908288,237.6953699477007,191.7532370523277,127.08836614136906,130.92581314066604
2011-03-25,238.4225694876192,151.57210651829683,313.6961239385561,466.6655868121402,231.88303351138296,189.6217633960043,116.9241746973684,248.3075508385784,237.83798716966928,192.2326201449585,127.34254287365181,131.39714606797247
2011-03-28,238.51793851541424,150.20795755963218,313.13147091546676,464.0522595259922,231.07144289409317,188.61676805000548,117.06448370700527,246.86736704371467,236.5536620389531,191.98271773877008,127.0878577879045,130.7664397668462
2011-03-29,239.87749076495209,151.67999554371656,316.3254119188045,467.9502985060105,233.26662160158708,190.12570219440553,118.32878013104092,248.8916794534731,238.63533426489587,193.44178639358475,127.45641257548941,131.49873182954053
2011-03-30,241.48466995307723,153.575995488013,317.527448484096,473.2381368791285,235.80922777704436,190.73410444142763,119.80788988267892,252.02771461458684,240.83077934013292,195.02800904201212,128.6035202886688,132.66907054282342
2011-03-31,241.19488834913355,154.3745906645507,318.73405278833553,472.2443367916823,235.31402839871257,190.60059056831864,119.6281780478549,251.649673042665,240.32503470351867,195.06701464382053,128.294871839976,132.27106333119494
2011-04-01,242.71441614573308,155.84114927586396,320.8376975367385,474.133314138849,236.93769519466366,190.54341039114814,120.01098821760804,253.51188062318073,241.91117993256185,196.00333631411084,129.52650260963975,133.09114392384836
2011-04-04,243.2241164196391,157.0255420103605,320.93394884599957,474.4177941273323,238.45409644390952,189.7050193854271,120.3590200834391,253.38512468286916,242.2256644664742,197.2185569992583,129.6948870630323,133.47710824122748
2011-04-05,243.97811118054,157.59083396159784,321.1265092153071,476.3154653038416,238.62101431142025,189.68604888348858,119.97387121917211,252.6503078212888,244.09080208286605,196.8832854523596,129.59113115338187,133.19680631392092
2011-04-06,243.83172431383167,156.5822526242436,320.06679173489664,471.8380999299855,238.5255659056957,190.61551052301763,119.90188689644062,253.66090905257397,244.79866540890632,197.51331196580713,131.10734738787644,133.5564376909685
2011-04-07,243.27091134790984,155.14169590010056,318.5624778137426,472.82895993983846,238.31089289638055,190.52020276775613,119.43426953754451,252.5701671436479,245.1413835404788,197.39480397862766,130.4780321204146,132.99550065266644
2011-04-08,242.22484642911385,153.14036802298926,316.01397799123265,474.9094073635737,237.52446694982248,189.35802953087284,119.35066554886822,251.83771365893134,243.5479645474657,197.43428293942338,129.38201665060313,132.0512325980325
2011-04-11,243.7750854462602,150.73606424502833,313.95988713428966,465.8386376829294,236.47935929524326,188.86569865409254,119.3626006154231,248.6897422381947,243.66973852973945,198.0858160731235,129.2655728356176,131.36456618852276
2011-04-12,243.8725954804387,149.40958687967208,309.2504888272753,451.72372696113666,235.29696249876704,187.05258794701325,118.71804257209982,246.7499622487368,243.57227063432757,197.72926160419186,128.7872902161258,130.40560485534652
2011-04-13,244.48227696913975,150.27616248357418,309.5288142672198,453.62096661437346,235.17931401751767,188.38066132143706,118.76552978912865,247.58891212038253,243.8889145861522,197.92699086579603,127.89865791363452,129.9752663593239
2011-04-14,245.9247224032577,149.53980928740467,309.8692959629138,455.97979564076826,235.76726230256142,187.89087160200134,118.52799872955038,249.17348115795295,244.15719239219698,199.05517471373108,126.82430918716001,129.92327625278017
2011-04-15,247.08056859855296,150.30246231477045,311.20173393555433,460.40279965848373,238.07778147312652,187.62782438175853,119.55919231849745,251.93930679880629,245.28031547720107,201.02582094339704,126.9004037726723,130.45596168541658
2011-04-18,244.78271931058643,148.46877227453027,306.3158667127661,452.9903145839821,236.07792810875225,185.86412283257002,117.8853636260385,249.31913800809872,243.44071311112208,198.81453691301968,125.03496783721401,129.34708601109054
2011-04-19,245.61498055624247,149.86437873391085,309.6547096599352,457.6108157927387,238.08459049767663,186.57040649933379,118.15649996237838,249.56845714610677,244.17103525045542,200.14659431033692,125.34755525680706,130.05849498415157
2011-04-20,247.800953883193,154.25540503081444,316.28132044665784,467.5409704954411,239.72737417211056,191.01078217401795,119.57437796192691,253.36189769472762,247.7847665721621,201.9479136591299,125.79880645573157,131.3850916329899
2011-04-21,248.346115981736,156.84689583533213,318.6850584820524,470.5799868036615,241.0698474674744,192.74898029180153,120.4353134832528,253.8939576798865,247.90865895544817,201.64499178864125,126.84293654931413,131.87121647203196
2011-04-25,247.52657379899628,156.14108480407313,316.80481663700834,468.6506088577665,240.5153868182992,193.1537531504143,120.2907911070729,253.99551526295846,247.38805077164173,201.8063077820721,126.56388208890566,131.69978389061833
2011-04-26,248.64044338109173,158.17091890652608,322.47562285481075,473.3371149463442,242.55976760625475,194.71829855093264,121.51775717636504,256.40847265795657,248.45181938995978,204.328886629348,127.31060899323019,132.7797221185214
2011-04-27,250.08255795270205,158.8352367659335,322.73360335309457,472.76911040840855,243.65128656048287,195.90608017209334,122.70863119669342,258.61358552281496,251.60715749621227,206.96472926686658,128.17632113438415,133.96146164537623
2011-04-28,252.10822667211895,158.0887111531336,323.37907055980077,471.96540292071427,245.235019923126,196.0432144282138,123.60440420442929,260.52732605568383,251.60715749621227,207.66840934637395,129.24018459979953,134.3097614456542
2011-04-29,252.3099132534566,158.6578305132849,325.1253175408237,479.752832068906,246.90261805860322,196.49411382139868,123.5796833235884,261.72575175553993,251.17942532846865,207.39844041422367,129.14971647057968,134.56494999240095
2011-05-02,252.3099132534566,157.86454136071848,323.4346658896114,473.8998475176653,246.43350308429186,195.5705914864381,123.78976878523851,261.41168085343327,251.40548681126424,209.01614824945463,128.85267212269733,133.75756029244656
2011-05-03,251.78006243562433,156.20696367643095,320.5237538966049,462.0523513297237,244.6098951614681,194.59273852900589,124.27254888350095,261.62081019811603,251.12894077577184,208.13828042680692,129.27788594070225,133.18240278318905
2011-05-04,251.3268583232402,154.72299752150485,316.67746884984564,453.8740247111876,243.4113066751769,193.69761193177246,123.57662260975333,260.4173544712047,250.7271344705306,207.5971208976972,128.23073506458255,131.2512579428328
2011-05-05,249.16544734166033,154.53732992447902,314.55572980855163,443.5710843502436,241.63440413644813,192.9034517228522,122.46443300626555,258.2819321645408,250.45133462261302,205.9778633546952,126.94842771393672,130.26687350826157
2011-05-06,250.43619112310282,155.74272109788998,316.4745197603838,445.7889397719948,242.62510519340753,193.6557751845713,123.06450872799624,259.8574519507445,250.62665055684886,207.3785128255071,127.48161111033527,130.86610112639957
2011-05-09,251.03723798179826,156.3033948938424,319.38608534217934,453.3673517481187,244.39626846131947,194.4303982853096,123.27371839283383,261.3386394268638,252.33091178063538,208.58130819989506,127.41787030478011,131.63821112304532
2011-05-10,252.41794279069816,158.28844800899418,322.03698985051943,455.09014768476163,246.64471413116362,196.19971490970593,125.11049679688703,264.68377401152765,255.10655181022233,209.85365417991443,128.5264057764317,132.80979120204043
2011-05-11,251.43351281381445,156.87968082171412,317.27084240073174,442.16558749051444,243.43833284745847,194.4731574185005,123.37146089141031,262.59277219683656,254.6218493617829,209.35000540988264,126.94553098538157,131.1496688120149
2011-05-12,254.2495681573292,157.52288751308316,318.2861090964141,440.97174040429,244.75289984483476,195.77612757320443,123.76624956626283,264.5884772655325,257.5754628143796,211.56911546722742,127.04708741016985,131.53000285156972
2011-05-13,253.89361876190895,155.06553046787909,314.657647452715,438.94327039843023,243.06410483590543,193.52470210611258,122.7637429447761,263.26553487920484,256.3391005928706,210.59589753607816,125.3573611476146,129.92533681678057
2011-05-16,253.0303804581185,153.7629800119489,312.5494412147818,435.34393558116307,242.26199328994693,190.4283068724148,121.33968352661668,262.66002414898264,254.0833165076533,210.17470574100602,125.0690392169751,128.92491172329136
2011-05-17,253.63765337121797,151.87169535780194,308.29876881426077,435.34393558116307,241.5109811107481,189.95223610523374,121.70370257719651,264.0783882793872,253.52433321133648,210.36386297617292,125.86948106796373,128.21582470881327
2011-05-18,255.43848071015364,153.70934287163135,312.55329182389755,444.5732270154838,243.95024201996668,191.9467345843387,123.07895441631884,264.44809802297834,254.9694219106411,211.83641001700607,126.54917626573075,130.08777574956193
2011-05-19,257.3542693154798,154.20121276882057,313.86601564955794,445.3290015014101,244.19419226198661,192.38821207388267,123.62050181575064,265.0827734582335,255.37737298569812,211.1161662229483,126.67572544199646,130.6081268525602
2011-05-20,255.78440827265538,152.27369760921033,310.69596889149744,444.26021189780676,242.48483291615273,191.17616633781722,123.29908851102968,265.2683313996542,252.87467473043827,209.7227995258768,124.83892742308751,129.680809151907
2011-05-23,253.94276053309227,149.39572472439625,305.32092862967454,437.5074566769601,240.42371183636547,188.04087720987704,122.01677799051498,262.0320577565784,251.48386401942088,207.70946065042838,123.12863411739121,127.81340550011954
2011-05-24,254.22209756967868,148.2154984990735,304.74081886527813,442.845047648419,240.03903389742726,187.08186873610666,121.99237463491687,262.1630737854567,250.25159308572574,207.33558362125763,122.66074530774512,127.42996528361918
2011-05-25,252.90014266231634,149.78658278316368,308.4586568554345,449.0448783154968,241.1432134533554,188.14823538790247,121.77278836057404,262.6873999330276,250.3767188822686,207.93685681375928,122.77113997852207,128.4621480024165
2011-05-26,254.31638346122534,150.1760278983999,310.03179600539727,451.5595296340636,241.31201370277276,189.35238409438506,122.90527529232737,262.5297874930678,251.75379083612106,208.35273052738677,123.36044145041896,129.45130654203513
2011-05-27,255.28278571837802,150.92690803789188,311.8609836018291,453.4560796585266,242.95293539595158,190.29914601485694,123.6672879991398,263.00234111055534,251.75379083612106,208.99862399202166,124.49535751176282,129.93027637624067
2011-05-31,257.42716111841236,152.9795139872072,315.3850127165298,458.0813316710436,245.84407532716344,193.09654346127533,124.53295901513377,265.1852605417729,253.41536585563946,211.54840720472433,125.69051294387575,131.0346837254387
2011-06-01,254.54397691388615,147.45695353226904,304.7565377879828,447.6370773089438,241.0992846733492,188.73256157905053,122.10456631433865,261.65829657656735,248.32171700194112,208.2905617337716,121.56786411931661,127.6277819485773
2011-06-02,251.59126678168505,147.13254823449807,305.9450882853559,445.8017652919772,240.40009674779648,188.9401673967875,122.0435140311815,261.0303166647836,246.3103110942254,207.70734816091704,121.96903807091037,128.3297347492945
2011-06-03,249.1508314939027,145.13154557850888,302.2125582082746,445.0439022909808,237.0344953933273,186.21942898627378,120.06640910387635,259.3858256697955,243.52700457886064,205.71335761857222,120.79813530542962,126.62294927712887
2011-06-06,247.23237009139964,143.7963353591866,299.9459640217125,435.78698912332834,235.61228842096736,184.7296735543836,118.74567860373372,257.492309142406,241.55443584177186,204.0882220933855,118.58752942934025,124.30574930535741
2011-06-07,246.76262858822597,143.53750195554005,300.3658883713429,435.22046603746804,235.49448227675688,184.28632233785308,118.62693292513,258.0072937606908,242.254943705713,204.65966911524697,118.35035437048158,124.06956838167721
2011-06-08,246.41716090820248,141.09736442229587,297.57248560948943,436.8743038084104,233.8460209008196,182.59088817234485,118.37781636598723,258.78131564197287,241.09211997592558,204.47547541304326,117.19052089765086,123.21348835984365
2011-06-09,248.43778162764974,142.62121595805664,300.5779677141453,441.8109834414455,236.5820193453592,183.08388357041014,118.83948984981458,258.91070629979384,242.51456348378358,205.5387478851911,118.84290724230773,124.1252681737065
2011-06-10,245.38199691362962,139.15552041027587,295.34791107591917,434.21183452625263,234.4764393731855,180.44747564699622,117.14008514496224,257.20189563821515,238.75558774978492,202.0445891711429,117.93970114726618,122.31303925837041
2011-06-13,247.22236189048186,138.09793845515773,294.343728178261,428.0026052925273,234.28885822168698,180.15875968596103,117.11665712793324,257.227615827779,239.0420944550847,203.05481211699856,118.94218860701793,122.38642708192542
2011-06-14,250.8318083740829,141.93706114421113,300.87815894381845,436.3058558352023,237.10032452034721,182.6809823215645,118.20584203922304,258.9253180922423,243.0580016419301,204.63863965151114,119.82236080270987,124.34460991523623
2011-06-15,246.86866580177238,139.08412621521248,295.4322642669353,426.92527993474545,232.64283841936467,179.21004365745478,116.69280726112099,255.50750389342468,239.77671861976404,202.12158438379757,117.38996687841485,122.3302272346094
2011-06-16,248.07832226420103,138.18007939481362,295.57998039906875,428.0779781905692,232.01470275563238,178.61865051338518,116.34272883933762,257.3471579214574,240.97560221286284,202.4854032356884,117.91822172936773,122.61158675724899
2011-06-17,249.318713875522,139.4513361252459,296.08246636574717,427.0077832450928,232.3163218692147,178.2614132123584,117.13385939544511,259.0199144479468,242.20457778414848,202.62714301795336,118.76723292581919,122.97942151752072
2011-06-20,251.2633998437511,140.94346542178602,299.01368278276806,428.5023104864507,234.91826467414992,179.06358957181402,117.70781530648277,260.3927199945209,244.48130081531949,204.36973644790774,118.83849326557467,123.65580833586709
2011-06-21,252.49459050298543,144.94625983976474,304.515534545971,436.9866562340825,238.01918576784874,182.89555038865083,119.52051566220263,261.51240869049735,247.78179837632632,205.6981397348191,120.53788371927239,125.89397846674628
2011-06-22,250.80287674661542,144.32299092245376,302.779795999059,435.0202162810291,236.82908983900947,181.57870242585255,118.89900898075918,259.89103175661626,245.67565309012758,204.66964903614505,119.63384959137787,125.15120399379246
2011-06-23,248.49549028054656,145.67962703712482,302.779795999059,430.0174837937972,235.64494438981444,182.95870056428905,118.38774324214192,257.88987081209035,247.0760043127413,204.83338475537397,118.73659571944253,125.13868887339311
2011-06-24,247.62575606456468,144.7035735359761,299.540052181869,422.27716908550883,234.1368167457196,179.9032902648654,117.64190045971642,258.19933865706486,243.9134314575382,202.58021752306485,117.7629556345431,123.68708008246175
2011-06-27,249.16103575216496,146.0782574845679,301.81655657845124,425.1908815521988,234.88605455930593,182.34997501246758,119.30065125619845,259.9550941599329,245.6208254777409,203.53234454542323,119.09367703321345,124.67657672312144
2011-06-28,250.9549952095806,147.61207918815583,308.0037959883095,435.82065359100375,237.11747207761937,185.0122846476496,120.69646887589597,261.9567483849644,249.08407911697705,206.34109090015005,119.80823909541274,126.59659600465754
2011-06-29,252.7618711750896,148.6896473662294,310.0674214214311,441.137665564814,238.89585311820153,185.6598276439164,121.50513521736448,263.34511915140473,249.4826136435642,206.6918707546803,122.53986694678814,127.17894034627895
2011-06-30,254.65758520890276,151.3511920540849,315.40058106987976,447.57827548206023,241.23703247875991,188.38902711028197,122.817390677712,264.3984996280103,251.17909541634043,207.6013149860009,122.80945465407108,128.6669339483304
2011-07-01,256.8731062002202,153.77281112695024,320.6362307156398,452.0093004093326,243.77002131978688,191.30905703049135,124.65965153787768,267.9414395230257,255.07237139529371,209.98873010833995,125.14283429249842,130.8028050518727
2011-07-05,257.4639143444807,154.15724315476763,319.77051289270753,454.35974877146117,243.8431523261828,191.76819876736454,124.89650487579964,266.9500561967905,255.19990758099138,209.6947458861883,124.06660591758292,130.3842360757067
2011-07-06,259.0086978305476,153.95683873866645,320.92168673912124,452.9966695251468,245.37936418583777,192.7078629413246,124.43438780775918,267.323786275466,256.0931072575249,210.51255539514443,123.63237279687138,130.64500454785812
2011-07-07,260.3555430592665,156.35856542298964,324.58019396794725,459.38392256545137,247.7595440184404,195.17452358697355,124.95701223655176,268.39308142056785,260.03694110929075,210.91252925039524,125.32613630418852,132.6830666188047
2011-07-08,259.4963697671709,153.9037359458487,321.6589722222357,456.39792706877597,246.8428337055722,194.19865096903868,124.24475726680339,267.13163393789114,258.39870838030225,210.4063391801943,123.75955960038615,131.6879436191637
2011-07-11,256.9273557064759,149.27123349387864,315.0649632916799,446.4940920513835,243.5598240172881,190.50887660062693,121.95865373309422,263.6322095333048,254.80696633381604,207.6079348690977,120.34379575541551,128.7117960933706
2011-07-12,255.84826081250873,148.37560609291538,312.071846140409,445.8243509133065,242.00104114357742,188.47043162100024,121.39764392592198,264.44946938285807,254.271871704515,207.67021724955842,120.04293626602698,128.29991834587182
2011-07-13,256.0273545950775,149.32520997191003,313.88186284802333,449.4801105907956,242.920645099923,189.05468995902535,121.93179355919604,264.29079970122837,255.31438637850354,208.64626727063134,120.5111037174645,129.42895762731547
2011-07-14,254.7472178221021,146.86134400737353,309.8955631898534,446.87312594936895,241.29307677775353,186.95618290048017,120.8466005965192,263.12792018254294,253.39952848066477,208.208110109363,119.5229126669813,128.17349673833053
2011-07-15,255.18028809239968,146.64105199136245,312.03384257586333,459.2515115381665,243.5129730841089,189.3492220416063,120.59282273526651,265.3908202961128,253.6529280091454,207.4585609129693,119.12848705518027,128.3144875847427
2011-07-18,253.3429900181344,144.17748231790756,307.7277755483164,457.27673003855233,241.17524854250144,188.13738702054005,118.84422680560513,262.86960750329973,251.64906987787313,205.52919629647866,117.47260108511325,127.13399429896306
2011-07-19,258.4098498184971,146.88801898548422,312.65141995708944,465.27907281422705,243.82817627646892,193.19828273139254,120.73385001181427,265.39315573533145,255.9019391588092,207.8927820538882,118.84703051780909,129.18085160717635
2011-07-20,257.4278923891868,146.82926377789002,312.24497311114527,464.39504257588,244.48651235241536,192.11637234809672,120.46823554178827,266.4281890426992,254.8527412082581,206.7285824743864,120.05927022909076,129.15501543685494
2011-07-21,260.38831315166243,148.53248323771356,316.8661987131902,472.6148348294731,247.07806938335096,192.96168438642835,122.14274401581913,270.45125469724394,256.50928402611174,209.49874547954317,122.84464529840567,131.02776316068932
2011-07-22,259.9716918506198,148.8741079491603,315.060061380525,473.84363340002966,245.6944321948042,195.12285525155636,122.10610119261437,269.3424045529852,257.35576466339796,208.8492993685566,122.57438707874917,130.8181187396322
2011-07-25,257.8919183158148,147.43002910205342,313.6737971104507,471.1901090529895,243.67973785080684,194.43992525817592,120.94609323128455,269.04612790797694,255.16824066375906,205.92540917739677,121.64282173695067,130.02012821532045
2011-07-26,256.86035064255157,143.9949094239756,308.68638373639453,468.50432543138743,242.3151313188423,194.7121411535374,121.00656627790019,267.94303878355424,254.5048032380333,204.27800590397757,121.39953609347675,128.7329289459888
2011-07-27,253.85508454003372,139.41587130429315,299.2405803940609,459.0405380576734,237.80806987631186,188.69553599189308,119.51818551268201,267.1660039710819,250.35637494525335,200.80527980360995,118.35240773753048,126.1711436599636
2011-07-28,255.07358894582586,138.59331766359784,297.29551662149953,454.54194078470823,237.16598808764581,188.75214465269065,117.7134609114405,266.01719015400624,249.95580474534097,200.58439399582596,118.41158394139923,125.38888256927183
2011-07-29,253.5686547710455,137.6093051081863,296.49281872662146,449.86015879462576,235.67184236269364,187.41200442565653,116.71289649369328,263.4900268475432,249.58087103822297,199.9826408138385,117.99714339760435,124.51116039128694
2011-08-01,252.6304507483926,137.55426138614303,295.4550938610783,449.6352287152285,235.5775736257486,186.6623564079539,116.94632228668067,264.1751009173468,248.08338581199365,196.72292376857294,117.5015553953344,124.13762691011307
2011-08-02,248.6894157167177,131.48811845901415,285.11416557594055,437.67493163140347,229.8765963440055,182.12646114724063,113.36776482470825,259.2878615503759,240.81454260770224,191.92288442861977,114.36426386627898,120.12798156091642
2011-08-03,251.64881976374662,131.9220292499289,286.16908798857156,435.04888204161506,229.76165804583349,184.02057634317194,114.41074826109559,259.05450247498055,242.0667782292623,192.306730197477,115.5193429313284,121.20913339496467
2011-08-04,241.48220744529127,123.82201665398324,268.1976692628893,405.33504339817273,217.90595649066847,175.27959896687128,109.1592949159113,248.9772823287038,232.26307371097715,183.55677397349183,109.74337578476197,114.71232384499457
2011-08-05,244.9595512325035,122.90573373074378,266.8030413827223,403.6731697202402,219.1262298470162,173.894890135033,108.87548074912992,249.22625961103248,232.58824201417255,184.58469190774338,107.91066140915643,114.15023345815409
2011-08-08,233.22598872846655,111.93025170858837,245.69892080934898,370.08756199951625,206.72368523767508,163.26991234778245,101.68969901968734,234.14807090456503,218.6562063175236,174.58020160634368,97.31383445877727,106.09122697600841
2011-08-09,239.61638081962656,119.04901571725459,259.5317700509153,386.5194497522948,215.50944186027627,170.92727123689343,106.4182700241028,244.7549785165418,229.23916670329177,181.1793332270635,104.48586405838915,111.89441709159607
2011-08-10,231.42150059559535,113.31085315968292,247.04829191146626,374.2281312501718,208.5053849998173,164.00471675179926,102.22539018515316,239.81092795050768,219.95498045180844,173.85968816469014,97.20319933351944,107.0381993898208
2011-08-11,239.05841011524998,120.0301867520521,259.49952582380416,393.98737658018086,218.63874671080842,171.43413042065575,106.4575213388185,250.69834407946075,228.75317966988078,181.57905831920237,103.05483193339731,112.03688330132542
2011-08-12,241.97492271865602,121.134464470171,264.55976657736835,396.469497052636,221.2624116713381,172.5655956814321,106.8088311592366,249.06880484294427,230.58320510723985,183.28590146740288,101.91092329893661,112.84354886109497
2011-08-15,245.91911395897012,124.1870529748193,269.6657700723116,410.1873416506572,224.16094926423264,175.75805920153857,109.15862544473983,257.5371442076044,233.25797028648384,187.0615910376314,105.17207284450258,115.38252871046961
2011-08-16,244.44359927521631,121.86475508419016,264.86571936502446,402.63989456428504,221.4486017781354,173.59623507335965,108.76565439313875,256.1979510577248,234.0976989795152,186.6126432191411,103.27897553330155,113.87101758436246
2011-08-17,246.42359242934555,119.78086777225052,263.4619310523898,404.73362201601935,221.33787747724637,172.17274594575812,109.73366871723766,257.91447732981163,233.1378984136992,186.59398195481918,103.70241933298807,114.07598541601432
2011-08-18,239.6223012782956,111.85137432572753,248.049408085825,381.7852256477111,212.6392988923906,162.6515930949577,105.38821543603505,251.95665290349294,225.00138575906107,180.02587379000954,98.47581739860547,107.96151259771595
2011-08-19,237.2500404956405,107.48917072702415,243.53490885866302,375.52394794708863,210.25773874479583,158.48771231172677,103.67038752442768,249.33630371329662,223.87637883026574,179.80984274146152,96.71310026717043,106.18014763985364
2011-08-22,237.84316559687957,106.96247379046173,244.14374613080963,372.93283270625375,210.80440886553225,159.37524350067244,103.78442495070456,248.4885602806714,224.79427198346983,179.84580471000982,95.77498319457887,106.21200168414559
2011-08-23,245.3114409966216,111.1233140209107,254.49544096675595,389.56563704495267,217.44474774479653,165.9574410572502,106.68001040682924,254.42743687137948,232.50471551250286,185.72676252402712,99.21330509126425,109.58954333770143
2011-08-24,246.70971621030233,113.5013529409582,259.8398452270578,391.007029902019,219.66268417179347,167.33488781802538,108.28021056293167,259.2870009156228,234.92276455383285,187.60260282551982,101.94167098127403,111.45256557444235
2011-08-25,241.89887674420146,111.3221269644918,254.12336863206258,382.9522850860374,217.400158524824,164.45672774755536,106.36365083596777,255.31990980161376,230.64717023895312,184.22575597466047,101.19749678311072,109.3572573416428
2011-08-26,244.92261270350397,113.86027145928219,260.6797515427698,389.80713098907745,220.66116090269637,168.65037430511802,107.5230146300798,256.2645934678797,235.0294664734932,186.63911337792854,102.38150749547313,111.42410950539985
2011-08-29,250.4333714893328,119.71268941228928,270.58558210139506,401.423383492552,226.5086816666178,173.97972613315977,110.17883309144277,261.8767880648263,240.90520313533048,191.7530250844838,106.54843485053887,115.37966539284155
2011-08-30,251.18467160380078,119.54509164711207,272.4526226178947,403.0692193648714,228.1848459109508,174.57125720201253,111.02721010624688,262.11247717408463,241.50746614316878,192.53921248733016,106.00503783280111,116.32577864906284
2011-08-31,251.83775174997064,120.80031510940674,273.9783573045549,405.40702083718764,228.20766439554188,174.74582845921452,110.82736112805563,263.97347576202066,242.44934526112715,193.73295560475162,107.00148518842944,116.65149082928022
2011-09-01,250.55337921604578,117.85278742073722,268.389198815542,401.9610611600716,225.76584238650958,172.40423435786104,109.63042562787263,262.574416340482,239.97636193946366,191.85374593538552,104.54045102909558,114.86672301959221
2011-09-02,246.19375041768657,113.24474343258639,259.77390553356304,391.63066188825775,221.45371479692724,167.90448384112088,107.25144539174778,258.68831497864284,234.9848536111228,187.65214889940057,100.36928703303465,111.44369467360838
2011-09-06,244.66734916509694,111.16104015342681,258.00744297593485,386.7744416808434,220.28001010850352,167.01459007676294,105.97515319158597,256.95510326828594,235.1728414940117,188.459053139668,98.83363694142922,110.17323655432925
2011-09-07,249.34049553415028,116.14105475230032,266.9861019914973,401.9359997947324,224.773722314717,171.9081175660121,108.13704631669432,260.73234328632975,241.2167835204078,193.26475899472953,103.59741824200613,113.58860688751345
2011-09-08,248.5675399979944,113.8066195517791,262.31384520664614,396.63044459744197,222.86314567504192,170.7219515548066,106.90428398868401,260.3412447714002,238.70812897179556,191.25480550118434,101.21467762243998,111.93021322695576
2011-09-09,242.1544974660461,109.98271713483932,254.89036338729804,384.2952377704615,217.58128912254344,166.67584130295768,104.71274616691599,254.535635012998,233.2655836312386,185.84229450550083,98.01629380957088,108.89690444850527
2011-09-12,242.95360730768408,110.25767392767641,255.32367700505648,385.6787006264352,216.29755951672044,168.8759624081567,105.22583862313385,256.3937451485929,235.9014847262716,186.25114755341292,99.26110074095243,109.18003640007137
2011-09-13,244.82435008395328,112.04384824530476,259.74077661724397,386.9900082085651,218.91475998687272,171.25711347811173,106.70952294772005,258.2397801136628,237.85946704949964,187.79703207810624,100.4026033994734,110.97058899703254
2011-09-14,248.42326803018736,114.31833836468444,264.00052535376676,391.8273833111721,221.8920007226942,174.32261580936992,108.04339198456654,260.7963539367881,241.45114500194705,189.71256180530293,101.78815932638614,112.67953606758685
2011-09-15,252.12477472383713,117.13056948845566,268.88453507281145,399.97739288404455,224.5768939314388,177.1466421854817,109.59921682914428,264.0563083609979,244.63830011597278,191.81837124134182,104.18018107055622,114.21197775810603
2011-09-16,252.60381179581245,116.9080214064276,269.2340849684061,400.33737253764014,227.78834351465838,178.49295666609137,110.662329232387,265.931108150361,246.74218949697013,192.5280992149348,104.20101710677032,114.62314087803523
2011-09-19,250.3556378708297,116.3351721015361,266.6763611612063,394.49244689859063,225.32822940470004,177.9396285004265,109.78809683145114,265.34605971243025,246.86556059171863,190.81459913192188,101.59599167910108,112.9152560789525
2011-09-20,249.67967764857843,114.25277252091861,263.0495626494139,391.96769523843966,224.58464624766458,176.65846317522343,109.76613921208485,267.6280358259571,245.03875544333994,192.36019738489043,101.20992691072048,111.96676792788931
2011-09-21,244.835891902196,108.54013389487267,252.9484594436764,376.563364815569,216.94876827524396,173.99092038127753,106.80245345335855,262.67691716317694,239.45187181923177,188.0320929437304,96.54414928013625,107.46570385718816
2011-09-22,240.5267802047174,103.59070378926647,241.36342000115602,356.1912867790467,207.77183537720117,168.2666191007335,103.57701935906711,256.5040096098423,233.41768464938713,183.726158015319,93.69609687637225,103.6076850887151
2011-09-23,240.83946501898353,105.86969927263033,243.8011905431677,353.0568034553911,207.87572129488976,170.23533854421208,104.84065899524772,258.3251880780722,235.65849442202125,184.33245433676956,94.87666769701454,104.57123656004015
2011-09-26,245.05415565681577,107.87063658888303,249.9937407829642,365.80215406013076,213.15576461577996,172.65268035153989,106.57052986866931,261.5800854478559,241.14933734205434,186.76564273401493,98.30171540087676,107.71883078049736
2011-09-27,247.651729706778,109.98490106602515,255.41860495795453,372.16711154077706,216.9712528024024,174.93169573218023,108.23303013462055,263.149565960543,241.60752108300426,189.60448050357198,98.96033689406264,109.06531616525356
2011-09-28,242.55010407481842,106.23441593967368,247.1685840178126,360.7787979276293,210.9828462250561,171.6954593611349,106.58788807657433,259.36021221071115,238.22501578784218,186.4949670233134,95.80350214714203,106.08783303394213
2011-09-29,244.15093476171222,107.77481497079894,248.9481978227409,366.1183241369582,212.480824433254,171.24905116679594,106.6198644429973,263.0171912028822,237.36740573100596,188.17342172652317,98.18900935060586,107.36088703034945
2011-09-30,239.53648209471586,104.09969378029471,241.05653995176,355.5008927369864,207.4450288941859,166.43695282900896,104.45548119480446,259.7294763128462,232.97610872498237,186.02824471884082,94.94877204203587,103.96828300019041
2011-10-03,234.05109665474683,99.92529605970489,232.61956105344842,341.8852085451598,203.00570527585032,161.89322401677703,101.52028217323046,253.23623940502503,227.3846821155828,179.98232676547852,90.38173610681393,100.62050428758427
2011-10-04,237.21078645958596,106.65026848452301,240.8310315586351,353.2357974688591,207.95904448458106,166.16720513081992,103.48977564739114,253.89465362747808,232.77369908172213,182.6820616669607,93.93373833581171,104.20259424022227
2011-10-05,238.80009872886515,110.57499836475347,246.4664776971072,365.1045202638128,212.18061308761804,170.1552180539596,105.42503445199736,255.3926320838802,234.7289981540086,185.62324285979875,95.42728477535111,106.7034565019876
2011-10-06,243.24178056522206,113.98070831438787,253.07177929938965,369.85087902724234,215.4269764678586,173.40518271879023,106.82718741020894,259.58107125005586,238.17951442687252,187.68366085554254,98.44278697425221,109.04026219938115
2011-10-07,244.263396043596,111.83787099807738,250.66759739604544,365.22774303940184,214.3498415855193,171.94857918395238,106.3998786605681,259.50319692868084,238.70350935861165,187.3645986320881,95.13510933191735,107.39375424017048
2011-10-10,248.95325324763306,116.59098051549567,260.19296609709517,382.1743103164301,220.18015727664545,177.81202573412517,109.9004346685008,265.5496214171191,245.33946691878108,191.6552479407629,99.81575671104767,111.5713712801131
2011-10-11,248.60471869308637,117.50039016351654,261.85820108011654,382.05965802333515,220.22419330810075,178.95002269882357,109.40588271249254,263.42522444578213,245.952815586078,190.88862694899984,100.15513028386522,111.52674273160106
2011-10-12,250.7675797457162,119.75639765465607,265.7860740963183,385.45998897974283,222.64665943448983,180.09530284409604,111.07979271799368,263.39888192333757,247.28096079024283,191.34675965367742,102.59891546279154,113.19964387257507
2011-10-13,250.6171191978688,119.14564002661731,264.5900367628849,384.5734310050894,221.6670141329781,181.66213197883965,111.34638422051685,264.11005890453055,246.81112696474136,191.9782039605346,100.5058975873506,112.33932657914349
2011-10-14,253.12329038984748,122.5412907673759,269.53787045035085,398.3796171781721,225.12501955345257,185.36803947120796,112.6936754695851,266.9624475406995,250.1924394041583,193.68680997578332,101.74212012767501,114.49624164946306
2011-10-17,249.42769035015573,119.13464288404285,260.7509358736694,391.52748776270755,220.44241914674078,181.6792154857309,110.91311539716567,268.297259778403,246.6897452525001,190.026129267241,98.38463016346172,111.56513786323681
2011-10-18,250.84942818515162,121.86282620608742,268.3909382947679,403.2733123955888,224.69695783627287,183.9138698362054,112.41044245502741,271.08755128009835,251.25350553967132,192.32544543137462,102.77258466875212,114.41004887874935
2011-10-19,248.2907640176631,119.58399135603356,264.17720056354005,400.04712589642406,221.6186095139159,179.92293886075973,111.33130220745913,270.8164637288183,248.71584513372062,191.1907253033295,100.92267814471458,112.5108420673621
2011-10-20,249.9543121365814,119.81120093961005,265.2074916457379,402.3673992266233,222.85967372719387,179.1852548114306,111.45376663988735,272.468444157564,249.810194852309,191.4010351011632,102.44661058469977,113.34342229866058
2011-10-21,253.80360854348476,125.33449730292607,272.10288642852703,410.6964043906144,228.3197357335101,181.72968542975292,113.60482433603718,276.99142033057956,254.9313038467813,194.78883342245376,104.76190398391398,115.08891100205997
2011-10-24,254.53963900826082,129.1947998198562,278.9054585892402,415.0497862771549,229.14168678215074,185.90946819463724,114.13876701041654,277.3792083190424,257.58258940678786,197.36004602363016,107.37047539311344,117.50577813310323
2011-10-25,250.36518892852536,126.74009862327893,272.29539922067516,406.0017009363129,224.60468138386415,182.60027966077269,111.7760945333009,273.71780276923107,253.53854275310127,193.11680503412214,103.9238831329945,114.70914061353537
2011-10-26,252.79373126113205,126.46127040630772,275.6718621710116,415.62394124850357,227.90637020020696,183.25764066755147,113.16211810551384,275.57908382806187,253.33571191889877,195.49214173604184,106.03353796059429,116.48713229304516
2011-10-27,258.1276789907419,131.86116665265706,288.43546938952943,431.2098390453225,233.9003077364724,189.3784458658477,115.33483077313973,281.6142657638964,260.45444542381983,199.46063221328347,112.27891334647329,121.86883780498385
2011-10-28,258.77299818821876,131.39965256937276,288.69506131197994,433.4090092244537,233.73657752105683,189.8708298250989,114.35448471156803,280.1498715819241,259.0479914185312,200.1986365524726,111.89716504109528,121.74696896717887
2011-10-31,254.63263021720724,128.12780122039538,280.6115995952445,413.2121493945942,227.8931630830304,186.0164519796494,112.44476481688486,277.15226795599756,255.732177128374,196.33480286700987,107.72340078506242,118.26500565471756
2011-11-01,249.82007350610203,121.33702775571442,271.77233420799433,400.0306818289066,221.9451515265633,180.62197487223958,109.88102417905988,271.1103485145568,251.66603551203286,192.6240750928234,102.76812434894956,114.71705548507603
2011-11-02,252.46816628526668,122.7445372776807,277.8872117276742,412.2316176246882,225.34091234491976,182.78943857070644,110.96884631843255,275.7734465090072,255.08869359499653,193.87613158092674,105.76895357993888,116.89667953929246
2011-11-03,255.598771547204,125.99726751553924,285.66805365604904,421.96028380063086,229.55478740576973,187.6150797489731,112.76654162879116,279.7445841387369,257.8436514858225,196.45468413095307,107.79971748867372,119.29306146984796
2011-11-04,253.57954125198106,125.11528664293046,285.0110171326401,422.5510281979518,228.61361277740605,186.8646194299772,111.81930267910931,278.5416824269403,258.2046325979027,194.6865919737745,106.56002073755397,118.20749461047232
2011-11-07,254.72064918761498,125.0277059422804,284.78300831893404,425.7624160122562,229.71095811873758,187.78025606518406,112.56849200705933,279.54443248367727,259.6505785404509,196.43877130153845,107.1993808619793,118.36116435346595
2011-11-08,257.1150232899785,127.32821573161837,288.3427959229207,432.14885225244,231.8932122208656,190.20262136842493,113.33395775270733,281.33351685157277,262.3769096151256,198.20672024325228,109.2361690983569,119.61579269561268
2011-11-09,249.94151414018813,119.7139884308676,276.31890133293496,413.4368069499094,223.9856536841341,182.74667861078265,109.54860356376692,274.581512447135,254.89916769109456,192.69657342048984,103.68697170816037,114.74742993290126
2011-11-10,251.59112813351334,120.54001495104059,279.0820903462643,420.87866947500777,226.20311165560702,183.03907329655993,111.30138122078719,276.88799715169097,256.2501332798574,195.00893230153574,104.51646748182566,115.58508617141146
2011-11-11,254.88697191206236,122.68562721716911,286.44985753140566,428.03360685608294,229.91284268675892,186.88289383578766,113.53853898332503,280.70905151238435,261.91326122534224,198.26558147097137,106.84718470667036,118.10484104994823
2011-11-14,253.3321613833988,121.9617820165878,284.5879334574515,423.2396304592948,227.75166196550342,185.7989730515401,112.25555349281345,277.5370392302944,260.47273828860284,196.85789584252748,104.91325066347963,116.90017167123877
2011-11-15,255.434818322881,122.18131322421766,286.5515901983079,422.520123087514,228.18439012323788,188.28867929043074,113.04134236726313,278.5361725715235,260.36854919328744,197.3500405821338,105.39585161653162,117.68340282143606
2011-11-16,253.00818754881362,119.18787105022433,282.31062666337294,417.4921336227725,225.30926680768508,185.53966457279046,110.8370361911015,275.0544704143794,255.94228385700157,194.25164494499427,102.62394071901684,115.68278497347164
2011-11-17,251.08532532344265,115.48112826056234,276.18448606477773,408.5578019632452,220.98332888497754,181.3464681534454,110.05009323414467,273.54167082710035,252.99894759264606,192.21200267307182,100.71513542164313,113.76245074291202
2011-11-18,251.91390689701004,114.63811602426024,276.7092365883008,406.269878272251,221.77886886896349,179.98636964229456,110.10511828076174,274.96408751540133,252.7459486450534,191.78913626719108,101.10792444978753,114.1719955655865
2011-11-21,248.462686372521,112.04729460211196,270.1512276811581,399.0382744390049,217.4541809260187,176.26065179069906,108.71779379042417,271.55453283021035,249.03058319997112,189.0081937913168,98.72177743277256,111.8543040556051
2011-11-22,248.18937741751122,111.35260137557887,268.04404810524505,395.28731465927825,217.1279996546297,175.73186983532696,108.25030727712534,268.89329840847427,248.93097096669115,189.57521837269073,97.91225885782382,111.29503253532708
2011-11-23,244.44171781850682,108.66900368242742,260.83366321121395,383.19152283070434,212.98085486122625,171.30342671547672,105.72807511756832,264.45655898473444,245.3463649847708,186.56097240056496,95.14134193214741,108.62395175447924
2011-11-25,244.44171781850682,107.97352205885988,260.3380792511127,379.12969268869887,212.40580655310092,170.17282409915455,105.65406546498602,265.6995048119627,244.26684097883782,185.7774163164826,95.30308221343205,108.24376792333857
2011-11-28,249.28166383131324,111.82817679636119,271.0379743083334,393.65035991867603,218.82046191100457,176.2650112019043,108.1158051903202,269.44586782981133,250.544498791994,191.29500558108214,98.36231115248323,111.81581226480873
2011-11-29,251.69969597047702,110.74344348143647,270.73983253659424,399.4763852454724,219.41127715816427,175.06640912573135,108.53745683056246,272.67921824376907,252.19809248402112,191.88802009838352,97.93935321452756,111.91644649584704
2011-11-30,258.2942280049035,117.01152238248578,285.7929672256289,422.1266962888906,228.9337265868286,182.33166510444923,112.78127139263745,280.04155713635083,258.52826460537,198.89193283197451,104.3347929794362,117.82563487082776
2011-12-01,257.6743218576917,116.67218896757656,284.8212711370618,419.00295873635287,226.9648965381819,183.04275859835656,112.43164945132027,279.7055072677872,258.7092343905938,198.91182202525772,103.53141507349453,117.29541951390902
2011-12-02,257.03013605304756,118.36393570760642,284.8782353912892,418.96105844047923,227.05568249679717,182.76819446045906,113.16245517275385,277.74756871691267,258.91620177810626,196.4055330677395,104.87732346944993,117.4596331012285
2011-12-05,258.4695048149446,120.39979540177725,287.89794468643686,423.40204565994827,228.62236670602508,185.36350282179757,113.56984001137577,279.74735121167447,261.32412245464263,197.26971741323754,106.83852941832863,118.96311640492424
2011-12-06,259.1415255274635,119.90615624062997,287.6676263306877,424.24884975126815,228.98816249275473,185.17813931897578,113.92190651541105,279.83127541703794,260.87987144646974,198.0785232546318,106.71032318302665,119.12966476789113
2011-12-07,258.9601264595943,120.2179122468556,286.8333902143287,421.61850688281027,229.83541869397794,185.0855502493163,114.20671128169957,278.9078322081617,261.89730294511094,198.96987660927763,107.85212364108503,119.2964462985662
2011-12-08,256.0079810179549,116.1425250216872,279.4044054077776,410.3612927490392,225.28467740383715,181.8650616749782,111.31728148627258,274.4174161096103,258.0997920524068,195.5078007562762,103.92630634054953,116.02772366998548
2011-12-09,259.873701531326,118.80218884468383,286.38951554297194,419.79960248226706,226.45615772633712,185.02951374812284,112.96477725226941,278.176934710312,261.35184943226716,198.51862088792288,106.472500845893,118.42949754995418
2011-12-12,257.1450276652471,116.68750988324845,280.6330862805582,409.6404521021962,223.0819609762147,182.21706513915137,112.85181247501714,275.4229830566799,259.88827907544646,196.3547679202445,104.00233882626829,116.71226983547984
2011-12-13,255.06215294115856,112.75514080018299,275.86232381378875,407.4693577060546,221.944242975236,180.1762340095929,112.36654968137458,276.24925200584994,255.47017833116388,196.06023576836415,102.4943049132874,114.75150370224378
2011-12-14,253.32773030115868,109.87988470977832,270.48300849941984,396.3454442406793,219.9689392127564,177.00513229102407,111.40019735411475,273.62488411179436,253.24758777968276,195.9229936033263,101.94083566675565,113.64988926670223
2011-12-15,255.78500928507992,111.27535924559248,271.4567473300178,396.0680024297108,222.03664724135632,176.5980204867547,111.46703747252722,276.6347578370241,254.69109903002695,198.21529262848523,102.13452325452248,114.36588356908246
2011-12-16,255.83616628693693,111.44227228446088,272.8411767414009,400.1475028547368,223.52429277787337,177.1984537564097,111.70111825121953,277.0773734495633,255.68439431624404,198.39368639185085,102.7064765847478,115.41804969791802
2011-12-19,254.99190693819003,108.50019629615113,269.0214002670213,392.984862553637,221.31140227937243,175.0011929298302,110.28251404942904,274.77763124993197,252.7951606604705,197.73898722675773,100.43666345222488,113.47902646299299
2011-12-20,259.6072604537713,112.60150371614566,279.2711156171948,409.3330328358683,227.39746584205517,180.5662308649988,113.23808542595373,280.6853503218056,260.05038177142603,201.931053755965,104.27334399609987,117.24653014156434
2011-12-21,262.9561941136249,114.45942852746205,279.35489695188,414.98182868900335,228.3297954520076,177.00907611695834,113.78162823599828,284.5307396212143,260.3624422295518,203.6474677128907,104.9302660632753,118.10242981159777
2011-12-22,261.98325619540446,116.63415766948381,281.0310263335912,420.542585193436,229.90527104062642,178.99157776946828,114.64636861059188,284.98598880460827,260.54469593911244,204.46205758374222,106.77703874598893,119.44879751144998
2011-12-23,264.2101138730654,117.39227969433546,283.36358385216005,423.57049180682884,232.38824796786517,180.69199775827823,115.93040793903052,287.15188231952334,262.8114347937827,205.79106095803655,107.54583342496007,120.4641122902973
2011-12-27,264.6856920780369,116.12444307363663,283.3919202105452,424.71413213470726,232.96921858778484,181.05338175379478,116.09271051014515,289.3629518133837,262.86399708074146,206.26438039824,106.91131300775281,120.21113765448767
2011-12-28,262.4888008337892,113.83679154508599,278.1775088786712,416.51714938450743,230.12699412101387,178.80831982004776,115.0014390313498,287.27953856032735,260.60336670584707,204.0160986518992,105.10451181792178,118.14350608683048
2011-12-29,264.7199556408764,115.74924964304343,281.988540750309,421.8069171816906,232.4512767616361,180.45335636239219,116.32395558021034,289.60650282266596,262.5057712827998,206.0562596384182,106.85975716528107,119.44308465378562
2011-12-30,263.2110518937234,115.81869919282926,280.7195923169326,420.66803850530005,231.8236583143797,179.7134976013064,116.31232318465233,288.2163916091172,260.8257343465899,205.72656962299672,106.1544827679902,119.03697816596275
