date,SMALL LoVAR,ME1 VAR2,ME1 VAR3,ME1 VAR4,SMALL HiVAR,ME2 VAR1,ME2 VAR2,ME2 VAR3,ME2 VAR4,ME2 VAR5,ME3 VAR1,ME3 VAR2,ME3 VAR3,ME3 VAR4,ME3 VAR5,ME4 VAR1,ME4 VAR2,ME4 VAR3,ME4 VAR4,ME4 VAR5,BIG LoVAR,ME5 VAR2,ME5 VAR3,ME5 VAR4,BIG HiVAR
1963-07-31,99.33999999999999,100.6519,99.6828,100.5938,98.7408,100.18549999999999,99.33380000000001,97.2778,99.2908,97.65350000000001,98.6256,98.9405,99.386,97.6572,97.1371,99.4992,98.22330000000001,98.9038,98.71520000000001,97.8966,100.43629999999999,100.22370000000001,100.8279,98.2153,100.63340000000001
1963-08-31,101.95383407999998,103.7675795645,103.68456600600003,104.83030788699999,100.8404243712,102.852237639,104.089405675,101.84956476660001,106.8673830756,102.79827699399999,102.03301585439999,104.2341135715,104.922197744,103.37092745759999,103.11812265830001,103.5725977488,103.1661911259,104.2354071466,104.3270604048,105.474286323,104.63955915499999,106.89529103790001,107.5821593652,104.543311779,107.7606599216
1963-09-30,102.35369701726174,103.88722358373788,103.40015924144556,102.22223465707931,99.47928032303754,102.61166625516238,102.7200054539397,99.66519715105075,103.92169052850416,99.84837763738015,101.61712928177747,103.96102019394269,101.89414311710816,100.01002849317105,99.92558558079904,102.70911300136827,100.87332252812686,102.27400949032244,101.26151406186537,102.29550228179743,104.35221892556035,105.21564532982148,105.3998552624769,102.5351393030372,105.7392854627906
1963-10-31,103.28327329357252,105.90814174411231,105.99446923681344,102.13309686845835,98.7618357533478,104.01436773287045,104.88431596885421,101.03898222858083,107.62327722343895,103.4487104382288,102.73949047469469,103.59653285714272,104.52596693967995,102.5016783430499,102.5970961113017,102.27835098144054,101.76917850549916,103.0248029939909,102.9810358321499,104.40698374439599,109.14250753533821,105.83820630323804,107.68639972254108,105.4962515909696,108.86589039463985
1963-11-30,102.58105031844953,105.36695113979991,105.44340399125124,99.57210946448176,95.31040587927555,103.6730965923389,104.74555401882742,100.7171730701828,106.8264344788766,99.23038237268915,101.2047679659837,102.02600941902844,103.07608725225965,101.30476624503811,100.6980238622815,102.27252111543459,101.18247919141497,101.58255877687803,102.96497079056009,104.50074121579847,110.86859629200958,103.04873453790988,106.88822812779762,103.93279714239144,108.75865749260115
1963-12-31,103.40970004292195,105.97860629116644,105.29715398991537,98.09017775932189,90.99189138888558,103.54785949165534,106.80380415529737,102.00343208746212,109.17629555810846,97.8102963705536,102.9544971993476,103.15339682310871,104.36340450595311,102.23960662794731,99.30476600412298,105.6625483728479,102.36833784753834,102.30877248957393,104.3564394058237,105.92863934377112,112.57807917823608,107.84884764142026,108.3901146212213,105.79225881606598,110.52631195282841
1964-01-31,107.1894279891908,109.20130972987452,109.95371003081138,100.82728607951799,95.23975684648431,107.15132500196493,110.33559235110476,105.27213206870485,112.36271492026742,97.3107791869892,105.36455902428712,105.52891639854809,106.72055636012456,102.56299050371152,96.8943414189049,106.77422404427863,103.21912110338923,103.48112871353197,107.63437952400004,106.53476301809619,117.03887298759452,111.39049594911687,109.47098084422413,108.33973640835686,111.5303329706079
1964-02-29,110.63053019592779,110.6403645894948,112.41667313550154,103.2240514969142,97.96856635964978,110.33575522969834,112.49728727644764,108.17448474983907,118.98649696481718,99.26020602644215,107.19200193600436,108.95733983450413,109.5437419580753,106.80007276740085,96.91178240036031,107.46398553160465,105.52235257169025,106.23652072778718,111.57508942713272,111.32360715052263,118.44521208541346,113.20872301449431,110.68468560884406,110.94184019741277,114.22178296585462
1964-03-31,113.20158371768115,114.10163775531257,116.90434672707075,106.12619570474995,99.46052965674087,112.93206588600837,119.23722475175416,113.03800958419184,123.92657834580245,99.76305823017209,109.18705947603729,113.06350614350727,113.19943571470019,110.74099545251792,99.28408592173874,111.48346098244329,109.03097079469894,108.1463346609106,114.61071288517672,114.86481109398075,119.30405831824477,114.58839772187194,113.92022033856178,113.4921712198709,115.32516538930477
1964-04-30,114.05931211751002,115.35869549846285,115.8007696939672,104.58927613855376,98.10508155857882,113.86002867139369,119.89076398061853,114.45030647593673,123.08276227384589,97.37572824672408,110.64088517296071,112.31016400207308,113.34353859636501,108.62462428842485,96.02200799469408,112.19227282736968,110.03318347824383,106.95066878489956,112.30371384551101,115.08190558694835,121.11712209250713,116.29060837003036,112.96910041895512,114.08040114330349,113.60532119785407
1964-05-31,114.34719782129461,115.8141316282908,117.36639610022964,104.45979461469423,97.36507492838247,115.60607221106952,121.83922867683154,117.60169566475165,124.63495898888135,98.63762030907337,111.72439136145951,113.31612614103965,115.51112042848189,110.0459774972389,98.76958173145425,114.42422590299736,111.16245404028102,109.78988818913228,112.6471386024506,118.11247248867507,123.32024254336984,117.51282266399939,115.093597321434,115.51211017765195,115.87833646438072
1964-06-30,116.19836460682356,118.8127911244105,120.08014191085914,106.57761249071254,96.24333190013257,117.61819589790316,123.93851858693337,120.14765477419786,125.78484112051275,98.75973368301601,112.81638556262641,116.62914972102523,119.89338131529763,111.0899836857552,99.01146843711457,116.96307062733308,113.37336408868816,111.98480763380942,114.47123371784006,119.48104170740135,125.55270889413246,118.87761658641907,117.22536093102161,117.18045158494776,116.71080643354084
1964-07-31,119.9318180616408,122.79896026663447,123.57147203691736,109.99449074716479,99.30502477453958,120.93044191258402,126.69230853141644,125.36434579683878,129.68681267691218,99.84006640977454,116.46012918352811,120.09840040862684,123.42903713028576,113.18014172880268,100.23158676266515,119.66725682023703,117.22023570558144,114.32853767277741,117.27337504801906,119.4302622646757,127.6489369218289,121.92409326667924,119.97992246217875,121.2655964881022,116.4437721084209
1964-08-31,121.37819578746418,122.18152709441381,121.28885980545141,108.91621475437032,98.64474566481366,121.20459122439986,125.11688967482829,125.35644784305357,127.43091057039729,96.37960970801174,116.10632331106854,119.81052454284738,123.26623423031093,112.17442298940054,96.81128409597596,120.3157336849459,117.9161722449655,115.01279397074897,116.0929012547857,117.60966734671298,125.84666158142961,120.25800053219007,118.18574270167932,120.0680987227822,115.5477372820466
1964-09-30,124.42102577766012,128.2093527336167,126.4486091904351,112.56937351344666,104.6165999226158,124.7683698201709,127.71681864227122,129.51627620827747,133.55664187242684,99.40101409274821,118.78756663529104,122.44180328285739,127.2762080960572,114.92460331783167,100.76234622250094,123.45453054531879,122.06693942416051,118.13240099441155,121.0720096967022,124.19522066979218,128.90737823775154,124.18706992557777,119.74496720514259,123.54370997651057,122.26602937083663
1964-10-31,125.25041633549401,131.974861423403,130.27684083367552,114.90552572197123,108.49693423034554,127.75969148660951,128.85630809819756,131.55706417249132,134.96740068052532,97.81835114636347,121.73801221537839,124.28822567636288,131.4562133223479,117.90770124615264,101.60159580418815,124.47315387684822,124.09154168144964,120.5815219318277,124.42655186936871,125.47219592871896,129.60399370974835,125.15759187704616,121.81619590288992,124.58716015097218,121.83773146995058
1964-11-30,126.24202388162212,132.83903281600345,132.8952750575916,114.41660271002425,107.35988635961151,129.88318531880844,128.87756938903377,132.42310432593882,132.34943800952516,95.06378637808189,124.94422624309482,124.60714926344845,131.78537968050708,118.6829443818461,100.89068943834624,125.87982498881047,124.49074417103887,120.7587767690675,124.12046255177005,123.33979595891039,130.0034332183618,126.8672445820866,121.15851026121021,124.28204619576245,123.20804043579312
1964-12-31,124.51427554277824,132.0308401403509,131.65762136098022,112.96946151894787,104.54931189460324,128.40745256721615,130.46443890092095,132.8926766538786,130.5897198817505,93.26555979495407,124.88362829336693,124.11868923833573,132.06002041176126,116.89973314250888,100.1480330733906,125.87378275721099,122.83912546812171,119.91153319125571,124.80486278228051,123.57192145490505,131.54826401529562,126.93194687682347,121.33855180745839,124.00713430957741,123.54821783543635
1965-01-31,129.62048146851203,139.69179760865464,142.26567088689848,122.11705069598315,113.59031819000094,134.4727785892286,138.50117880165658,141.91901303756336,142.0912788706158,99.43451698203151,131.83577499683037,129.89542127286637,139.11730790256578,123.67348817945154,106.15310943253724,132.06261903403478,129.18450333330298,126.01982669201828,132.70675786447782,129.5072044143056,133.97111994192932,134.14396623447084,127.51820291246044,129.34588945587336,127.73847919154302
1965-02-28,133.6424753879985,144.43503259645652,144.7378214499001,126.24240890259486,117.33266481308871,136.66212989743983,144.38526288186614,145.54873371501208,145.71318556902781,105.46313231213512,134.82633771685846,135.32699831339127,143.83755815969982,130.34146796813485,110.36940478608818,134.52334181449595,134.23897621072177,128.92899439120353,136.33456250421904,132.66653266599258,132.74327462766152,133.6187926066629,128.4388843374884,131.53843162803986,131.96879440692936
1965-03-31,136.69754237536816,147.09104841087276,149.97660689727923,128.89021718691788,120.77532253136955,138.6170816656227,144.93060601977095,147.33214234922215,146.8908395347967,104.92126273831536,136.70676064899547,136.01256488684692,144.62938391736898,131.24160614592282,110.9714698891963,134.85830493561406,134.91312434925206,128.69266754448446,135.6898363581366,132.01553799020056,130.4987185969824,132.98944809348552,127.68045272547552,128.65852920597555,129.8897580198426
1965-04-30,142.76527288632602,155.37242152745327,155.72101089465883,135.08287656188054,125.07347470961594,144.6879553742503,149.48331114667,157.23079966509695,154.23846621916678,109.97490027936907,140.34083646732773,140.64664898510668,151.35653045151759,138.4312838138088,115.4469492698276,136.98987530342637,139.66570898070313,134.19247738466555,141.40170001963236,136.99305183458307,135.72597526910315,136.8499987821913,129.68248222421096,132.12407534866773,136.00756562257718
1965-05-31,142.07086259900692,153.43492743100592,156.5260885209842,133.0284010922509,123.28592460906611,143.72404421554705,148.89883140008652,153.920462408948,152.71690374991468,108.4992570674205,140.5561193104686,140.31345707366097,150.7595802954168,136.45310076810946,114.12392723119535,135.34654475928647,138.68707135787534,134.52943469537843,140.33765222698463,136.64988423973745,135.36575853073893,135.73261854213473,129.36955839460396,132.29636514292238,134.83178021777
1965-06-30,134.8211285514422,141.93313840092287,144.29232249436112,119.46695377130246,107.98651122285483,136.68357818560426,137.37361515322564,139.39806678066375,137.2288135223096,96.14390416886799,132.0960464891715,131.13639572721524,137.33278131472667,125.25507705357455,102.33058883897807,127.32090069469506,130.82268228945566,125.89802616532295,128.22707419040478,122.45114136792327,130.02828667187188,130.84570134414372,123.04843240188521,126.39105229203776,126.351939896314
1965-07-31,137.86498517074813,146.70862077556032,147.39475172031237,124.35386898227136,111.03162285282812,139.82155977358937,141.96354238272522,144.58005051516815,142.4399404870058,99.86178894307811,135.50531335301054,134.72953297014095,140.43004753171772,128.7757467593964,108.96232730986573,130.0920400983151,135.1708357807103,129.33252431911296,133.65582383040396,127.42963742251894,131.97233958590303,133.02271212310757,123.77601778267757,127.8474563875989,128.79040598437294
1965-08-31,141.21758588013037,152.56346841347138,155.78490317248773,131.95126860774323,114.39721340474304,144.71839043998003,147.85772669891358,150.6856660484237,149.16994279513582,106.56920572101785,139.80733604134187,141.09388664858446,148.31645857105147,136.74258710841326,119.50454143942255,134.39639542904806,140.83679170413032,134.54565970936775,138.83645721789424,135.69000880915888,134.14302062741197,135.66454318587247,128.48123932266827,132.21395841306094,136.91759576361082
1965-09-30,144.00479737264652,157.16783389018997,158.33790616567848,139.81147372743789,115.70729029265416,147.95154400079963,152.310166422998,154.2190942315932,153.1451726006834,110.38779350041337,142.31911464066062,145.68465843846948,153.43233817654277,143.43107727164707,125.7871341919759,135.77852795964037,143.71817162560515,139.3416742953679,144.6419036764605,141.65344900631263,138.70924904956908,138.06472028391696,132.0358012897692,136.74995489829624,142.98728970140743
1965-10-31,149.68074646108937,165.6724997176559,170.65707027908675,150.5805923027675,127.34455101383786,153.4088846528131,161.1403483213713,161.38164584408528,163.06836720451727,116.69380659191799,145.43718412332285,151.03449046564694,160.95067617953154,154.47383591079117,134.74544231486004,139.36498199716632,149.54206309438956,144.0859796217766,151.47840325372837,148.86063483830478,140.62343668645315,140.4964542022776,135.0518950986314,142.4197447783345,151.96060005390896
1965-11-30,152.75578771638598,174.7798483721349,176.5672659369921,157.21050520126607,137.49862347802824,155.67703501240496,167.14395427878065,166.95738170799845,167.54459388428126,125.25493101872746,147.21486282486225,154.2485044227559,167.2942251797954,160.0027634457102,146.9757471320106,142.20997873965646,153.07963013895042,147.02590994997934,160.38972623874196,157.3439046964701,137.00013321678998,140.99971250123014,133.29595035855903,144.4114849090595,158.28854336135382
1965-12-31,155.74170509887816,184.75173784115867,183.0506393749325,170.8140874268368,144.45261636042952,158.53277454267248,176.8528451509722,173.23881927999847,173.6581285705248,129.71262875875297,148.51344512984036,158.82536604598792,174.12585215923755,167.99474147706,154.67727628172796,141.96978608556518,155.4770102265565,149.99201065731023,164.73885405543166,162.74929719841265,135.79138104141825,143.4631184783391,136.52144576533541,145.8586323993332,163.5120652922785
1966-01-31,164.2656043606449,198.24415725569847,193.54255287198555,183.8702621993071,158.235996108309,163.9947042239912,184.88514767203904,180.01713456196694,181.307942792185,139.31564380364975,152.733751700095,165.80589970907513,180.93277997184646,174.95140372162504,161.15763544882722,144.57919075381787,159.71671281842447,153.07179661213678,171.24752144030774,170.49730299013748,133.88826483612274,142.9876817037019,138.17349178054175,148.14307029997158,174.19201934890893
1966-02-28,166.00829815730697,203.74305368965705,199.6074023087821,189.15432579439076,171.79333978287667,165.1525068358126,186.7151408636969,180.4461153936281,187.82106802110866,150.20706220493147,151.20122123553625,164.84472290846162,182.59048610194847,176.53226460565364,166.97268640872727,143.13629043009476,157.55111390931947,153.02296670901748,174.76152058026287,176.48533876845408,130.12185405801776,140.92322555526385,134.70588983081726,147.82145169435032,179.97937499975706
1966-03-31,162.4510723443922,202.19093910664924,195.77673665107426,186.36259709999135,172.50748469635408,160.46960750448312,180.03073882077655,176.91406313091323,181.61283043873894,145.35973010051612,147.77651357455136,158.88558617532073,177.97678969912445,173.10718560777474,162.82608671445294,140.93013078569572,155.55793476725265,147.44742189400773,171.6109198872419,172.89103835909577,125.6560720267466,138.56868030268652,133.20957680657654,145.08586790929468,182.35348293537885
1966-04-30,164.90587049858834,213.99949652329488,205.04265382003294,199.61446865457754,183.04027418945935,163.35613480427375,183.6376546730508,184.74251042445613,193.33666509488128,159.73711564502807,148.6217952321978,162.70122352732105,187.7274260995807,182.2707875851079,172.47369517837097,144.98680460036198,157.78832443594553,153.08640109692215,176.3115145938733,183.20675505382957,127.4028170839904,140.35926478955784,136.22850544574402,150.06202300684765,189.29586238421166
1966-05-31,157.53095015815046,201.98834678193188,188.12725000784167,180.0694175707332,156.9449544593649,156.26549841695945,169.34972695121408,168.25128548890663,174.72975110948482,138.74893654619655,144.3294491640967,154.73439541608224,173.68428826277545,165.66391385744114,149.380329762463,138.7117756972583,149.24124647789924,145.9919180108875,163.12817371314563,162.6132165452488,122.10005703132055,134.39371531747207,131.69618306956409,142.30996896033693,175.7697265375478
1966-06-30,157.03976865555737,202.96435447358218,186.3569725852679,178.45509524221157,156.34872057737377,154.7511294718007,170.77107920951565,171.1061733010824,174.77186097950218,138.19033332766156,142.2470638715571,153.43648330733214,173.02463533595343,164.46169083457772,151.1368930601398,137.98201304531503,147.53258344697375,144.9380023547669,160.66608018729312,167.88546225207887,118.99908188289609,132.660170783592,131.9423232357211,140.79322931115763,178.86977720449053
1966-07-31,156.17589288818314,200.6101709260431,183.48316171103048,176.22458500677917,151.99065634000007,152.54530687230965,169.06746692332152,166.75699658811547,170.84403817584885,135.57466669843558,141.5467815761174,150.84785639745414,170.3450028085055,164.2010190546049,150.1555612135003,136.35492914748468,146.31204638411694,143.3760055033896,157.9847239750474,162.14629772499154,118.57258917342779,131.6884350326022,128.51208671623883,137.845019089382,174.55132417344254
1966-08-31,145.68836932895587,182.00237391162705,165.60125973699687,155.3618850615816,130.84374035144683,140.62663695576236,153.3839233541796,149.49331175933423,151.91554381019387,119.49686697466811,130.58101086063402,137.902998448563,155.27100316497803,147.75283877488607,135.5406201294679,125.59161646029884,135.22525106936047,130.15989206809815,144.29898129126096,146.49772067785034,111.91284112991305,122.34171666772822,117.03094540109677,126.84236751068663,160.67833403078566
1966-09-30,143.1158041033452,182.14105972054767,164.66296299932705,151.3914567269478,126.5363644190772,140.68063758435335,151.04451175518165,148.4375899916898,147.13491356203087,116.6273887080054,129.6111856929721,136.05702891133055,153.33430794250125,146.570816064687,130.18175063140913,126.33675152075779,134.28313674516025,129.89540716741575,140.50132070163755,141.7695067429727,112.44431521243898,119.9959365923412,118.97272284719176,126.52843265109767,154.0019885734725
1966-10-31,141.81302093859244,179.62915236594162,160.50489385766804,145.65841365215502,115.66866222458034,142.1431534926803,150.5744612345995,152.33481891692162,143.25496589140013,108.82968149898815,134.24063802355366,142.01918397525398,157.16107226582224,151.69126752390682,125.13356270542435,131.25491492070935,139.79774232187373,135.43206900251968,146.40743421865156,133.9669384003597,119.72238595887931,126.72554870831287,124.59632551073283,134.84502000082165,153.88202102437376
1966-11-30,143.68126567643748,182.7658366245557,166.11036677075325,154.43739190138405,124.15376827938888,142.12254273542388,154.11853232867824,155.68420458044798,154.77753581790898,121.61521014085228,133.57158268364427,143.1860135907947,161.46948590091753,162.0121896749659,143.68649037994408,131.66613656915592,141.09800112320949,140.23584449003909,151.63666854663916,150.07204183403576,118.1298387808543,126.60731377136803,127.0569783432443,137.76077386829942,170.1133427200037
1966-12-31,145.71967179258905,188.39246567087926,169.73423053222402,158.74912944587876,125.12750628400413,143.38217483168796,158.21484879944217,157.55817535098285,159.47874869084214,124.85966071698994,135.55618925915783,145.8282250995856,165.7883102403094,164.155448932176,149.94331860353873,134.7986056242727,144.436803123788,145.50941342208702,154.94143810094462,152.8330672596983,118.17839014459321,125.80816840684315,127.08912375876515,139.75747852474655,169.21157189024495
1967-01-31,163.21215263391505,217.67072715325625,202.48275297111132,192.75763794881047,157.80943452281687,162.4132908970979,180.7006595405165,187.87236828851192,191.3965064963299,151.27010101150836,150.14555968436397,164.36036760169114,191.1317060735045,189.92325806195754,177.27483677527317,147.05436004902595,158.8580957316826,159.3527424868241,169.2076710140891,177.7034394618018,126.9296181131905,132.88613596141215,134.08525293256142,150.1504036577608,186.08095033827104
1967-02-28,167.87593989542918,228.4010233190032,209.32262036647543,201.9330942728118,172.25673044394628,166.55889014724633,183.5754263331466,193.15890885978234,198.01231813988204,156.15249479175583,150.67031841546083,165.9508828789727,193.9136280554044,193.575482314489,188.18610297879124,147.43523084155294,157.17356448454385,159.87589754040832,170.76285871837956,182.0824076170195,128.79586428830874,131.76377965708207,134.690513764299,153.21662505085592,188.53051996852403
1967-03-31,177.00369049942347,241.4004675612043,225.8620378921121,216.36242545716985,184.51228004484173,172.7034141636684,194.12403748110182,205.56994823074996,214.88257162076377,164.37970128484903,154.30991062710467,176.94363531175873,208.96927605125404,205.01095393221743,198.55892097498221,153.70801017293763,165.93803396089547,169.31640941427187,183.62352189703688,188.02630573126947,132.57653808862779,137.81371360003698,142.65058843725532,157.7097025804723,198.54940886069136
1967-04-30,183.06040278093275,250.9816521187085,235.89324858101452,225.77743640093857,193.16978073682574,180.82841898641234,201.37127017238382,214.44584188550903,223.16414593102803,169.24336788646514,159.3842377281664,182.5032043332542,219.6532482279265,214.63785830696654,205.20349670648903,159.29237589053068,173.57665947821738,175.10195112395758,194.3041676716999,193.727639373653,137.24906559702336,144.66884334193003,146.51813119096616,163.6796456619535,215.18149574213376
1967-05-31,185.40522348015372,252.02749266308717,236.4560898721288,225.40196852420382,192.55627351320558,179.6910082309878,201.11875059958763,209.28756160479497,219.1951715956447,165.36583308481835,157.61826037413832,182.926429264103,219.20405733530038,208.91368126377805,200.6949706803508,157.8013992521953,170.10703563190728,171.12748703734596,191.85438072569514,188.9063396125609,131.51315264759256,136.10444781608774,140.47704212383144,154.053645700574,204.0650044905994
1967-06-30,189.7018041290828,268.7875729526751,260.1296006779466,253.1119849266953,222.2116726407009,185.22315530139522,212.27963454536112,227.17432305734877,240.84705145069088,186.16918561855465,160.14094063142642,190.39513244452706,230.13598287866915,224.43889257321445,216.62232424851408,160.09520039172523,175.28815572318393,180.24207925192908,201.66849971733734,203.04371225648575,133.3776146126775,138.59338985330055,141.18364164571432,157.15566991040075,210.16675218987277
1967-07-31,202.35225863923483,297.748358788034,288.1283901173167,278.9314322850977,244.99703534160574,198.2043349175382,230.31788421121865,248.21838929944323,256.19719742784923,202.42864378292236,169.0242788901329,200.2743550768087,245.7341395262196,240.29258262790862,231.46073683721306,167.63008099816176,183.25307423108967,190.48253298462743,213.23822154612094,217.93453202595185,136.52412591900514,147.73875186955027,149.17138853910393,164.89715821018711,222.79062832690965
1967-08-31,206.57170793638016,298.5114878316077,290.70137664106437,278.80200810051736,244.39630261094808,202.23838774611488,234.87103846419024,247.6090131537131,253.10950880444884,199.92500631661517,173.17788151957905,200.78745797451546,250.78889077627392,236.97606440247822,225.77675552270162,168.90423724382876,185.76693990339174,190.25414442757886,213.45188624411014,211.3949705234491,134.80542369781082,146.80681582275716,149.39514562191258,163.4336959310717,221.17985208410607
1967-09-30,216.24153615659006,324.2960146160385,305.94255911697877,302.8500753092275,267.8803433288341,214.3973640941868,248.0231120050695,253.93517583077733,269.2052486883413,215.08431992057254,175.1437968305893,207.65097565045835,258.84523310357093,249.78011813820854,235.42419628618663,170.5113610612038,191.50249417290897,198.91945968967738,221.37991620298888,216.36317512069118,141.01604437299264,150.617039920621,153.57537119155933,169.34149717158812,224.6895339769767
1967-10-31,213.2749185220578,316.8401249440012,297.45999572290145,297.8024731040486,264.05822659021834,208.6804583806153,243.53339763155373,249.85926232351753,263.4189510730341,210.59981185022858,170.64225096444952,199.9633212299271,248.18417448773417,242.0112071237558,225.86479679598602,163.11918202511742,181.9354125690188,191.12301038660019,211.07268868449393,211.38098028718701,141.7765439002962,145.5005790745175,145.8525265004494,159.29582087637516,222.24603529497705
1967-11-30,211.1573118560523,323.6642275550451,300.19186832362055,301.7295943168717,258.9795947182086,206.32028239633055,244.22795488159892,251.79092428054065,269.2705396521705,213.1211127976995,171.74238155641734,201.64641250471936,248.86717733592442,248.15877580711344,228.85660189434566,161.55405347358644,185.72476334200633,194.54143655037493,211.1254568566651,217.08847813592138,142.72460364935748,147.53613217577,145.71367489522098,159.2131463453403,224.52227918846825
1967-12-31,220.6004779995668,345.9769920742348,333.87249537392586,334.3200112582257,294.4792226642071,215.07651518123083,258.11182566070806,266.3313465758933,302.1665136698572,241.98069516608717,178.1035476268855,210.11314207296746,262.6034011889808,260.0636967589081,251.3497730115314,166.0627039979273,190.93044273371945,200.97608910571518,220.88620897806243,228.9543172623527,145.73523643873702,153.40438183306125,148.69133384170482,161.74463537223122,231.63447142632134
1968-01-31,234.8684757156228,360.59624987433153,344.083651772442,347.30934665564155,308.6972684928803,223.78582358697957,264.0791129581579,267.2009184224636,295.7071001071366,235.86463309576433,181.30905527707418,204.4760165842918,260.2499495075251,257.9792862293854,241.41140298665547,168.69762092226242,188.868584882638,196.6938915751397,213.63429385110365,208.1613730315376,142.8138278890861,147.3699136648941,136.79498629503155,153.06719742914638,207.50418199995573
1968-02-29,232.57122715464828,350.80750407524295,329.4508063135154,323.5915913725278,278.00133820575377,216.2590111964551,257.2513474926248,255.20439878805027,277.433584148916,214.416282685201,179.12718210586988,196.85764915839428,249.03786118284197,247.18233714211323,221.0476269105221,166.3279254411674,181.40752030543428,186.97859018856883,198.38336888166106,192.78220263059458,140.37128299069906,143.8857941660287,132.4739062679441,147.70785564555968,196.2553802937381
1968-03-31,231.579776013288,352.59136023346554,325.40844492004857,319.0418935978301,268.97797077027144,216.09941204619213,253.0722993526071,254.9790533039204,279.6364068070584,208.46837500351353,175.8167326533713,195.4432269491912,247.62058671485045,254.18723739438354,218.1351033783491,163.98419864377593,180.88833198232012,185.58036429113872,201.1889064843855,195.47479165473612,142.2328869457217,143.63917391482812,131.56579764047734,150.93881727995065,201.41140164481524
1968-04-30,253.8892453153041,401.3268906362954,376.8395750481071,377.6913648979192,320.11391074934926,235.18639261517205,284.15438608679494,294.96129873629496,320.69681860057284,248.20953520393334,187.38934163008153,218.62005746018804,274.39481027398034,287.8767054641604,266.03430005368386,179.18700971584173,200.89241083958092,203.90623968452437,225.6243051214466,224.2344113265225,151.46778382933354,156.5537720415103,144.57383961898896,164.86186660230516,222.68991199438503
1968-05-31,276.13273598662323,440.74280987324846,423.7790893556744,421.23502466563536,365.24485034243554,246.600223435179,303.48654558982395,316.00944205281826,348.9883712406968,272.82050345754413,192.53355383651052,233.73195031206606,292.7680123751158,299.50836374843976,284.52022546151426,184.21965607072087,208.52451441978747,209.58890267829236,236.7879701145507,237.33104635445935,152.65589712569084,157.56949291451562,148.0411540145712,169.5050362132925,229.5852824293792
1968-06-30,284.82953650652195,454.71171248937117,436.58399831964545,421.0016604619706,364.36716696706264,258.4427059652066,309.2731235545851,316.1876713781361,349.1708921588557,267.34663287617195,203.7118594387045,239.02177181152874,298.18714828417916,302.01674629483296,277.291704613439,191.86827197112112,222.4057828201983,212.6579129802106,235.65683398131347,232.672712576614,154.32931106998265,162.25277338292088,147.8655772059099,170.16593634948813,228.76749965336575
1968-07-31,282.8531043527032,446.4241368175399,421.9069174641356,405.7601373482659,352.37037799467214,258.5303180425288,307.53624569270255,300.0273194939995,327.57886252953637,255.64460340854902,202.44701250344957,236.19653446871646,285.5326820852952,281.1715504655636,263.68610983487594,188.0163245430289,218.15027057171665,203.51532398536537,226.33495659951467,220.6002562118638,155.45730400459314,158.03111847227063,143.70375266987233,165.9213172331865,216.9113952163304
1968-08-31,294.63365329588896,470.1663116859071,444.6586698953065,420.28148114368565,368.66187005087784,261.461017727859,317.6714102057513,315.4871272128863,343.212236164896,263.24287231105797,203.37118311552777,246.4977739265006,300.1570949963399,290.4305296223946,267.8278275620523,189.7889424508206,221.9028915260913,210.6057978730155,233.0833596654858,223.50931179052967,157.5979510807364,159.8557457661515,146.3115446695725,169.29250655673042,218.16145558696212
1968-09-30,311.600426854586,500.97536975806116,472.77043566475766,447.0189484110846,398.58062411485685,273.2978809224346,339.7613270572286,342.59756702854406,364.1989779819071,284.6379367581392,210.9522507085253,262.7040165710723,312.69615763981193,315.9497889687255,288.30942501920515,198.49057567324826,236.27398848999553,221.9172246709773,249.70150395955594,246.22389261986578,162.8568371103495,163.1203198061878,152.6771210435116,175.25143349502073,233.5326754247083
1968-10-31,326.13128956009587,518.2535092856469,473.8133672458341,442.71773208947315,389.76162922569154,280.304418695643,350.41726155772443,353.0450798350795,362.76512660559234,277.7525450679598,218.06619345916891,273.050614263724,320.1020534373533,317.7699757029743,288.85951940214176,201.2815516577898,240.05366348387,227.02753452070058,249.15141154633304,238.90931944180744,164.79239061940598,164.56165095199532,153.94495185665693,178.9238272839089,230.09927803061424
1968-11-30,347.77336193530385,550.9604882566641,505.5953464805829,472.8234233070214,421.9321643403508,297.71440644524813,376.1214189447682,386.6041329438828,395.30878611338,307.2273673980266,233.2767465853329,293.7836204553828,342.7995297404357,340.14034645251223,316.3410363590227,216.60270080687744,256.69058263161963,240.94750077230285,269.8900275892152,256.533898846349,171.7133414406398,170.77204309727264,162.797556313174,191.77109485437543,248.95591386522304
1968-12-31,352.49229868340393,555.1406254810674,506.3158198493177,479.3843211288297,439.8385434627909,296.94094441730334,369.77662672858884,384.68657644448115,386.8460156202647,306.2254989529417,231.29646028357,288.65856519653863,333.2628468230568,329.53068876596546,312.48926790031527,210.89608605141942,253.0671383671917,234.23012539827184,261.8197759842425,244.02658860809527,163.45581856410087,162.01143728638257,158.58679751913374,184.65293535557075,241.630137143825
1969-01-31,351.12603853370706,549.2089478978022,504.4930828978601,470.0612548515162,440.79827116462667,295.09129927452796,374.68873943805147,378.1357487342081,383.9640128038938,303.0857689121772,230.56394439385195,283.9496780224875,328.8961037411343,323.034650298322,305.8741825881335,212.20870329100347,250.6326324960993,232.30592491812504,261.18774304501653,240.051639506258,161.83253882994075,161.5210286657167,159.70324857366842,185.93498068574445,234.58420234471106
1969-02-28,335.00513985254753,507.91886998589763,461.32360979429023,422.6207927668818,382.1302252639707,283.54791782950696,350.86640407331953,344.4971706625617,346.4902770462721,267.4362146011891,219.69377667145943,266.2011194480139,310.20987160708177,294.68448331884065,274.0470562672905,200.8602062564072,236.3042155289298,216.5611585508742,242.92706317776722,215.58701671761722,158.20587163476176,153.89352112903555,150.93921340169123,174.40329318361458,213.1765172071374
1969-03-31,339.76891294125073,511.3097363619234,470.31803621444953,436.0787292917504,393.0174975119665,281.85145063713304,363.4393507968829,348.2604577548795,355.9234748388569,273.5733408538572,218.2890546634221,274.55823739196484,315.48002711581444,294.62967200494336,282.5367600233949,200.8748690514639,240.22332094347712,225.72342804684462,247.84099181172706,224.49765929258976,163.90349789581606,158.97647023840648,158.80707083946777,180.29236918454572,217.7184560827527
1969-04-30,338.8287723591423,520.7219259888736,471.6490362569365,430.08787970874033,388.6817284794145,284.19899136948976,365.96125645206246,344.58805122785424,361.0861448413945,281.0383366057364,219.9028656445488,272.8705279067164,325.2589615163233,298.64429591568273,283.92938371355024,201.25492430370926,240.52384031797737,229.7929957311012,254.0157022817245,233.03418278719045,168.72045779547622,162.60176966572308,162.623363558811,182.10358632537367,221.39898658283164
1969-05-31,338.61463257501134,523.9665443097103,474.09264991378376,436.1125507277004,392.6909805086797,286.70107928950677,362.567331759726,342.74829562234873,353.3260425026081,276.50575031295904,221.96423510710082,280.1048713425793,324.5944574579455,296.16405503810296,278.3450605946721,205.83810269487765,240.90026012807502,227.78161763946687,255.05564256686588,232.53805301203653,169.33493770276732,164.35120210555658,162.95332636347183,182.16659416624225,223.69422987673585
1969-06-30,310.8648248208566,462.0640888318726,418.9400296713636,375.08862984202545,330.8983058887754,265.0330718200437,326.2518626760084,303.7164624651713,304.52040959963784,236.13093366376143,206.82383266621036,256.1609467304729,292.68292715633993,262.53433042447136,243.3331488027107,192.73177318198668,225.73655235405323,208.66413425260407,233.1285089753924,203.1719849874115,163.77753438230022,157.72308247584158,151.79167532087948,169.9259098712416,199.1607889092347
1969-07-31,289.31785121804853,418.23453762163643,377.71297923146403,329.6417661844761,282.3065514656205,248.61904361608472,303.9541791214166,272.2860606305006,276.10987346563,209.88332747049873,197.06960707000653,238.6177642936365,269.3517076180723,236.46440887899095,214.93714367002957,182.17508303771655,209.45327188654596,196.17767245892824,217.907781752898,184.43038523224772,155.0704655443996,151.87344879297757,141.59400698947215,158.36636000043063,182.68800089776298
1969-08-31,298.2540116886204,439.6381083189613,402.2121984903753,349.85770677927144,294.8996821133989,256.9893009575074,317.29685572230943,289.0662336889764,292.6742569945801,223.40653002607792,200.9603523223897,252.30583372457667,290.5647707032412,259.83371347968387,235.57368870807647,186.08547119512113,219.701192120139,209.4104449993003,231.25267221522722,201.6585808079477,161.04238424297995,157.94033745191064,149.8744245182165,167.55968556481565,196.55438554190496
1969-09-30,294.02924361305105,429.8935296480716,389.8224539280777,341.2575046312234,279.78813770286195,256.36790082779214,309.87147470469597,289.8256106848774,297.1785138097267,220.074645037269,198.8171101648714,254.33815721522814,290.47702014248887,258.62574654571677,227.66147522543832,181.88496385383368,216.03789444272783,205.0427713479499,227.12388700549658,197.93616506481376,156.74384092276634,154.5294579242992,147.97071957798613,163.50909772597177,186.44913147242454
1969-10-31,312.34109087602826,465.5983367529922,433.54494036065097,382.50598173100866,313.269824565488,270.81371930363656,338.803554554924,313.1545435657352,323.8517713167187,242.6355972732646,213.45164000988729,273.2909280145925,308.68266737991934,290.0844651040447,243.61553608628662,195.49978093814855,232.39801211308674,220.7498678042883,246.5840887680145,209.12391298660714,162.91860779207778,164.9622052171424,153.90582514025917,170.10750736470334,198.59964847221949
1969-11-30,302.12535081674605,445.07336527391004,406.30617884767196,352.9654272679046,284.54329492265737,258.3473513629323,326.9339108246468,299.297768167495,308.78845387746424,226.59884010708544,206.7684691611777,264.0222661909776,298.24703244380635,275.6771300601872,227.77005077262626,189.33176284955,225.01286808415708,212.26711263417292,238.8608285237115,198.50125470253948,158.85313685323428,159.78189708670848,148.8563289232324,166.22174157397146,191.1197899118103
1969-12-31,285.703025247751,414.8457625979672,381.69905773812036,321.64715787185065,250.8240608444377,247.72565835899667,316.44783256885705,282.6517241953234,293.3928791440416,209.23615718156023,199.62461855165904,259.0475586514072,288.19342322715806,269.9656512796002,216.01984939336805,185.490978708384,218.65062923907752,205.77492299425674,237.09970763500618,192.27030031742675,158.13512067465766,158.11121757076987,144.0969455185699,164.16424885676884,185.7942369659177
1970-01-31,282.86028014653584,413.898669721956,365.3615746688133,310.8279124225152,242.98455482274477,242.07255883524437,303.6396065456325,269.6613336030305,274.2528078873218,183.6911424597351,195.50356792627858,252.5480554048434,269.78074541717496,248.00610527321498,195.15838049775172,178.2249260904192,205.4675268503658,189.85658650126703,214.48632301931747,168.97483073096734,147.80019986296543,147.54496112295047,133.0960083099002,147.78804421206186,160.51693102670458
1970-02-28,291.89568607525666,426.542860183292,377.57268921739444,319.27621508215924,250.8351428045128,249.54606494416484,323.36646450368914,284.794457983499,293.42609593953233,184.06679084606526,203.2376890734422,266.3361690377263,284.172738842945,262.92243247487244,197.0529780556239,190.02252507297447,216.4844901725556,200.58424306493464,230.7452442494738,177.47629241470378,155.84008733491115,155.26657911835898,143.2650757288098,157.19756119899964,172.93917580193022
1970-03-31,291.2418397384481,418.00688446530404,367.0380336155399,301.72113167208175,236.0290968301908,250.96323704698275,323.1973438427537,281.7562707057311,279.50596194816086,173.9252628708196,207.12582930310623,267.74988142297855,280.26792123850413,258.5237401795678,187.637195605192,193.0556646181893,220.91246393454503,199.06963144555132,223.97702474514824,170.72047986764565,158.1011711620534,151.78208654978476,144.20818972233255,156.95720612792636,168.09099894749892
1970-04-30,263.3108735820117,358.3422538042644,306.7784633326078,240.0562719443367,180.5476252710925,220.4847557605749,280.14487206414816,240.26596930668794,228.71581557871278,132.32164429106808,187.84034333669402,231.95921927340612,242.87793840191773,216.72019286879154,149.84762732189313,177.71353095098178,200.57901801661774,175.07278272294732,188.84085296527786,138.19720412997995,144.851976816331,140.2469515361742,132.50237833800168,139.69866261371797,147.21258405922902
1970-05-31,237.28496352629213,317.46973633535,277.518240278407,216.6238991273061,165.14348243058814,198.97734977515387,252.98678773163346,221.47693024093562,203.66800303561004,114.85915689397581,171.77417093076323,214.1338491499027,220.38768418383853,196.46465676250278,127.84954608815727,163.68269225533987,186.6435901608952,160.90816909118183,169.56076840008188,121.96138199717753,136.70072152494558,134.32179832767392,125.7323018191998,132.3777541994461,138.75536831761036
1970-06-30,230.6991193636199,299.2799903222798,252.70616696983546,194.5078987698029,143.70125267180057,188.75468945310556,235.5253866556084,203.05248589112244,181.7944668455916,103.15684655298998,164.79876539760681,202.3562733128089,212.07708500095018,182.18403379175,112.73939178463621,159.08566384334864,179.36299699589898,154.13602697864127,162.35545310768882,108.42683959142275,130.1099696380634,131.4463715908734,119.7094730974565,125.28866070655735,126.41182950744407
1970-07-31,239.01536121843972,313.9578781676457,269.4027161276995,206.55902465388357,148.99032097763887,200.21908302641882,257.17864860317843,220.011429512749,196.0727860661112,109.79684645191283,175.5059059842547,220.02460660457018,229.31661916359238,196.50333447971397,118.92450029672491,171.85658367970112,194.24061950771784,170.63474730643503,176.0017536522963,117.50487673621461,139.5631094821169,141.12358491376511,126.88665455701451,136.51552701515052,135.66795648763812
1970-08-31,247.59171040967976,333.08073856895885,290.5613360496528,219.92339354898985,159.18945340016313,209.24095490758927,268.090224306114,230.96887874820194,216.99532092165379,121.70189891900083,183.0586271423811,231.76599971141644,242.56676273548393,213.38238140151796,132.00988198887387,177.7756681347974,204.27722655830115,179.40144871879772,187.4022672451238,127.33051702402017,146.17923825022615,146.84191257447085,130.60963588837188,141.7675523704774,148.29633688137693
1970-09-30,267.67981624205873,375.12452095630283,334.53634145408756,260.26592093822296,192.63706783297823,223.1665681795541,288.53398054102536,251.40639095311536,250.78995520667124,147.30834355725534,189.21964829748507,247.18098811822244,263.31228511843625,239.1717760177054,159.35744517133494,184.02874948577076,216.90298910019004,190.7179127025308,204.2933957987285,138.11770376526113,149.01818523628376,151.8882817420051,133.8868928720829,148.95346606503216,159.416337702427
1970-10-31,267.1792549856861,359.0995765455705,311.2051079283966,238.37183113705777,167.31569581460457,221.5715967167748,284.944617823095,242.81885145093884,229.09311302192128,131.36457230067938,188.4413878840375,244.75070464304412,255.0453326148578,225.9118535835078,143.61356701818772,181.65974739364043,210.97850085590744,184.81786335516531,196.97295054707266,126.2426198309315,148.31794878385847,151.7230272914698,133.99748344559526,147.45201512709664,151.0865152247998
1970-11-30,270.1358606213577,361.8086237510303,311.8754437308744,234.7819513601337,156.164272004257,233.76578954208247,298.1800103763599,251.4979256583498,231.0067277949934,129.44822591995708,196.76314801438446,253.18652717997594,266.0648212558154,235.56235614488813,145.91483081608717,190.2956701249867,224.37605761725928,196.49095960467756,207.0445714544456,130.47995336555672,157.7278327265016,160.28839907418245,140.16686158091392,153.66018731999281,158.4766099439904
1970-12-31,300.37270777242753,402.4013804841534,350.4687823907951,259.55379504814135,163.10062047387007,254.9239311535364,331.69872352277696,277.9089803213614,254.10047037265886,134.87948513488072,216.15986238249448,274.26785017908946,290.2902892959786,251.0647148027832,156.87682839597653,205.51285368220138,242.78970316167724,215.7904981480086,222.60728371239048,143.13037628420759,165.90949086569066,167.66471091117725,149.28906109946135,163.3725867799276,165.48301934622418
1971-01-31,332.89466158836376,462.4227655944087,407.791806907416,304.1936735970861,195.32718277144062,278.111811931262,359.77635707153297,308.6251482803602,281.83248750819007,150.43189904784327,230.19879696465034,295.7915682575939,312.58080974014894,286.4728736608493,175.61702056250311,214.52746949611745,256.9936291657449,230.19559285187893,242.2180949783172,158.408685170289,170.86404599141278,173.71925128689077,155.4612680415575,171.39581451668982,176.7206402239876
1971-02-28,342.1571226523984,482.6616227761791,431.4098849880728,327.5089019036083,212.20774856091404,283.72410829603496,367.878880409141,321.0917525199971,287.8498929489774,154.40721241208158,235.50856241543698,302.0058533151177,323.37297477723735,295.6400056179965,180.38098347930213,216.78880355207602,261.3851363009291,235.71292082135278,249.2300666098445,160.92785849055213,172.4354826223958,176.38549435564195,158.5434431417494,173.5931088587938,181.22966735930262
1971-03-31,359.8189311665926,526.5963796510036,456.3712609334827,349.59904982810485,223.9574793909833,297.11872344869073,389.66908225353524,334.7998016185808,302.21504185659614,161.26381908645246,239.94177559434516,319.8634594216406,342.58844368445034,320.2801218862284,192.86424944098724,224.77877169579133,272.8136786154146,247.81465788924186,262.80388372761644,173.8432847015699,180.86361170653063,181.66435943071758,164.2670199826097,178.13100631747153,190.77956468080106
1971-04-30,368.575844494394,544.5833321907429,475.37319112497005,353.41282586267965,227.36835180210798,302.5354948958838,399.25065531706736,346.5315214670975,309.6060129202411,163.18527749086752,246.11211829552934,332.16380875369975,353.34469305081103,344.4433354018131,206.0634929442295,229.39235598484743,279.19479055822916,251.9534104906501,274.0376985414371,182.67834811667305,185.3519230946399,189.06282213289302,170.70349462658828,185.5519440406574,200.65431494867934
1971-05-31,356.2775742911495,511.847338926093,451.5474867857866,330.26605283280344,209.76844979416222,291.50202539703093,385.9516159884559,326.74734384349796,291.4429761722751,152.64465086189995,238.15654407162637,323.1043730337513,341.36383454353717,333.0426054433485,192.1158793608064,222.8599498634669,271.20256048370925,245.86092507157565,264.97636800146597,176.772357122061,177.05390284961595,182.18358228676556,166.3235843614593,181.15621848633424,194.47456335688992
1971-06-30,354.04692039851267,504.7034856167015,442.1566537031026,318.5270762509143,201.8528373411795,292.9093971756478,386.1372587157463,320.2130504613157,289.32884882312146,146.30486057765265,235.56706796793557,324.91634235772466,342.57362797315943,327.59103103484637,189.75054865411613,224.25393884986286,275.12035267245693,246.90485055942958,268.4205308327491,174.58639015388962,177.86392445515293,185.35576282154273,167.1625205209785,185.52534416378765,188.5032218890166
1971-07-31,348.7949883813211,485.20325704292907,417.8411328460079,296.23846261733286,181.12578059163783,286.8678479495029,375.10261427342647,302.88824357915666,275.57415535007027,131.75703676611377,228.8889771581126,315.6269841297173,330.2163120649116,309.66983609105404,173.21170108287473,217.91024342767793,266.40316429803016,236.06227095196277,256.9836688550273,162.3431703715678,172.50933100943055,177.3589591461329,162.2272142651171,176.94331279345917,175.47369068882588
1971-08-31,359.0415387549992,516.1883370376905,438.23846558701865,312.7978964391791,185.202740786975,298.06745560129946,396.2659037707332,321.19208302688867,299.3038458672648,136.08591420906444,236.29765557076635,323.3671046615304,341.7468052495942,338.5827796773675,184.82467958197606,227.82668487534127,275.623377814385,249.00532920598795,268.89640380847095,174.55283787204303,179.00361728461158,182.6940939962077,171.24737183268616,181.21472436429326,186.46308151559495
1971-09-30,358.9647038657056,520.8717138196337,434.31228717382453,314.16263366134325,182.36821283923035,295.7368661659529,394.9899275605914,318.07138074819943,299.53550704396605,135.57899417863567,234.52660464226346,325.59187034160175,338.26235482326933,339.10487432363,178.38982353765,225.01712619745854,277.75119029111204,248.67440112347316,266.8697316129665,174.76055574911075,180.5922743880125,180.60553511364304,167.22836726314486,179.82480742841915,182.86788684089277
1971-10-31,347.88597621029834,494.52393904778125,409.79535856286213,291.6114114918647,165.38954985568517,289.91499021860994,377.60326092922935,296.76155245221236,284.45539194183755,126.1962498865032,230.56052523115812,313.01295402282426,322.8727707282299,309.0411925855942,159.46070097224637,219.49003052667035,268.38847541758895,235.21589386026966,253.0739008372342,165.76999895859777,177.4602625733012,172.16240695261536,161.0772062301046,170.34354445675575,170.74575749009682
1971-11-30,334.1103873243229,474.71331004952714,395.6443052409694,279.9656181625256,154.8185113871092,285.81182336204597,372.1102662924919,288.64809160816884,277.38980446139425,120.9808112711938,225.13751111719606,307.81443488241325,312.10012073288254,305.08453819692085,153.4174593268002,217.08222489179278,266.4826488536486,233.4527155198931,250.48039950145423,163.1128716452904,179.66449649472418,172.81128706441976,161.73134076460508,170.56482072100508,170.10580239102393
1971-12-31,365.97817017770416,534.4094582148754,456.506664360493,322.6508561012932,175.43956301131522,311.0747304290172,422.0515572418735,326.46618727448794,319.26235022445064,137.2853952062126,245.73534200930834,343.64680543264006,343.57729050951815,337.0360418822844,176.00127642700184,237.9759548731781,290.0375831511203,256.70810777640725,280.4664100473713,184.00175843967287,193.49345245441958,189.44644717981492,176.03486054182676,183.512737391578,185.84603249787017
1972-01-31,391.5344258012133,598.0971709881749,509.85312014433146,367.7635761505199,208.2879895917388,321.21669986519447,440.84677924052585,344.78812263670676,342.47495792221974,155.04724235259718,255.28682901786817,356.9363146923311,366.84056527262715,356.2663073239618,186.5636410292155,241.64816183282608,294.2854735939516,263.3155177624642,292.7811291797313,195.15502502749365,198.3704549235332,189.71413500968004,176.70396904674624,187.3560446507698,194.79191711818765
1972-02-29,404.5944481082385,620.8810846197986,534.7630140352231,386.15911022956885,216.40059849834742,324.72759839472104,458.2421523025777,356.169923353067,358.7849853183076,160.85701757079136,260.09694345022285,372.5233666186306,378.9349318691004,367.35937133510805,195.53996405369517,246.1549000510083,298.16709899065586,277.6172367942147,300.8692078733214,202.7520198417639,201.32518284961924,199.0983446979339,181.97434162753447,196.7440813361306,202.62274697825592
1972-03-31,411.5138223597856,619.9565926847996,538.6705273787785,381.20700579998487,210.9741370904029,327.0058872250584,462.1454589558911,364.50750508883897,354.6410187378812,163.2629559825977,262.0640566335369,376.4311367344599,386.24117629046856,370.00766504306284,191.66279764643852,253.75813260378385,304.7521193718644,279.40759035430057,305.5657762082239,201.67479836034462,205.11492809158045,200.7522546473396,181.18857642038677,195.40523786263824,202.79477369044048
1972-04-30,416.7598005672281,629.2559415750716,546.1822878830756,379.08330157067314,208.57768186719298,326.9228277297033,472.4702506544246,371.1083714984927,369.71751772646604,161.8698331791982,260.0099985576432,379.4486087265234,382.1118718747472,369.1362969918864,192.14425459412638,249.20418915607632,306.7915205547009,280.02256646067036,309.1415069214126,201.23897912108794,204.78038564386307,202.17518662827993,185.29594025926053,198.63626347069697,205.02328545852473
1972-05-31,408.07994420081445,610.2152860389515,534.1832092005723,366.81047968232264,201.5536198526334,319.2345835899838,455.50573383442685,363.7912277376569,371.1268809040393,153.35758426180368,257.1314278636115,378.1687285692888,385.2046853657014,363.66126743490275,191.9532632050598,248.756618432352,304.36479962711326,279.3320308117784,315.28105724887183,203.4990940955969,210.86993997175463,205.83516403181167,191.57969618533258,200.78868602166546,207.9622942555727
1972-06-30,402.0660700631271,589.1317376910197,509.37574096529767,350.825979409206,192.0406921028288,312.10958691883894,438.894350732953,352.574089021594,358.1248217584472,150.05809583641098,253.74449269579205,362.19147795596496,381.55410056249065,349.9414187983862,185.65450882624896,244.02352625343963,294.70700017014536,271.2135246682648,303.2180887174727,194.1363042753526,207.7792192615886,203.1901821740029,190.25166573137585,195.9320092841734,198.33447188071668
1972-07-31,393.823715626833,569.3092221129299,487.1715430408793,337.73525881353095,181.05385206693387,311.7622089485983,427.5699986953414,339.8563890564961,341.1432589603051,139.0879486821943,255.30908123775427,358.7908621694364,374.9936593574192,341.03750933848005,174.00914410561364,244.42958140112538,291.8374381094887,262.4834325227181,295.0973018654414,183.1751743996619,210.62475566937607,205.98993969417845,188.28960030268814,196.99964280276288,188.62163612377424
1972-08-31,397.6512883190102,578.9652758291874,488.014836981883,338.1469580940247,177.35981032321223,316.4377067962004,438.9809868205226,344.28063952923355,343.670789365942,136.99676137375752,262.6806203403319,364.84151126906175,381.7034209043014,353.7090990354606,179.4657228464775,252.60575089899305,302.79797677256676,270.91545030907787,305.4162643170722,185.84110588787456,217.85950540186346,215.8743669504036,197.5385737591565,205.75509492748884,194.42948492166136
1972-09-30,385.8000869732387,557.8405698100078,465.76624056387897,324.5686669917591,167.08429235232663,313.7720355541492,425.478809627897,333.0199083715114,335.8619016899691,131.52483673096688,257.2969810264568,357.05725278462506,375.64578761455016,346.1294667522297,173.10402190301554,253.04124321354294,300.2517485858863,265.8119450561554,296.542700173604,176.31340407121502,219.20064851711732,216.01187892215103,195.23112567907577,205.06396356362742,188.81047280742536
1972-10-31,381.4235707866143,549.4389329880992,455.7327042096519,315.7251445222346,158.91504004634433,320.260841249409,422.4038742707162,336.1469653111199,330.5445360624135,127.8985654574574,260.93927708986735,362.4484602444201,370.33490746925565,335.0014043961455,168.32219640196664,260.06490900142126,301.76111412602745,267.8395585730438,296.5314315509974,170.59767613803436,219.44242683243172,223.5528536153233,198.29332588535206,210.04804319804137,190.4310330955315
1972-11-30,399.4782555097986,588.4782174937026,476.02876019162875,331.4662530526797,165.4725102588167,334.31644905016304,447.33541814179665,357.72491130837136,349.6774454433142,134.60889159274834,275.39296458715216,382.66801004761527,390.2870709440693,361.6825912492765,180.47522730438504,275.572839590085,323.9710338868172,286.85000692188277,321.64467848905133,185.1631351290236,230.1057926795001,227.87480093426834,211.6001961055404,220.78527907023883,198.535206570978
1972-12-31,403.2577192851768,576.6103772815071,460.21080051922115,324.22006929469507,156.92486226888724,333.37802277767923,446.99410121775446,347.96581800296764,345.0508631626536,126.1691833076662,274.5128086723317,385.02830633358894,395.4396408546729,358.43287316690174,178.7045848493017,273.627295342579,319.4794994730104,285.93122634971195,319.5012383516003,178.86258912998832,236.35615632605337,231.29064420027302,215.52368694172932,222.07024939442763,196.456940028593
1973-01-31,396.5120241569744,554.9621172768502,439.2532608743763,305.2201247938873,150.81530660617267,320.5736396788342,427.50471141055914,329.97215758821625,314.9569070810597,115.04610810726234,264.4197962358761,359.016178985998,369.22041090744466,337.0462589236522,162.36151445107853,266.0565753350405,303.3927482360459,268.4834169866262,301.4641154416991,159.7185684902274,238.14419064865996,227.44867530946226,211.63219125030946,207.34099596284344,182.16666221091313
1973-02-28,375.01274569515914,512.6518054556631,399.6453550880729,273.6270948965968,134.0972790535718,308.27675543439375,388.7804796415679,299.9733988253987,281.7569845487381,103.44669930345572,252.97464977560242,329.9351504557742,340.46737140802736,305.92880011478496,144.29619818416484,255.5108908584855,292.22941206470057,251.13106526336355,282.98888712685454,145.62643947376617,231.16251741141318,220.26084227233264,204.69785087180182,196.60280578192777,175.9682593625246
1973-03-31,366.7654653918312,495.75992846589895,385.7816577200677,264.29148567291475,128.78139471733013,300.89938440009325,377.7896554821008,289.71430858557005,269.24331159397497,99.74941082365089,247.44209418501,321.8985900609725,325.7363696493163,293.10610038677385,140.23267294710058,250.5897511005511,291.4626020874428,241.06322085695533,276.90434306474003,142.01912694156152,231.39552922896388,217.64105981434548,206.6109569860497,196.25069015677235,176.61371093786636
1973-04-30,352.5903469199023,462.708109795006,351.36106087331007,238.79792896490537,114.26798909547647,295.13565669190945,355.31683782574805,268.003408014476,238.5778446199792,85.12864093217428,241.0702128176518,296.6633500931425,298.3253284069567,263.4883151548911,123.69110731160649,242.03085815171175,277.6711746818692,225.23404552260425,251.69607928949836,126.0257849801645,224.6401681486535,208.00413132682613,195.66388204110083,185.3042191612079,164.96321088213907
1973-05-31,331.3767486974664,420.8270106531306,319.2399840493329,211.65591756082526,99.14713463445025,279.69002723459505,325.5942290247864,245.85587437956775,214.5258577924606,77.70474241376122,230.24423170043667,276.09241673433394,277.203000179759,243.92009194159797,109.45846635768916,235.81066509721276,263.68654364019153,213.100011788165,238.1122935863234,115.55228609360296,222.124872185893,210.0758524748413,192.00007584988123,182.66178099596905,163.44159022496223
1973-06-30,320.9993544352565,401.6991605379139,302.7359153539505,200.35920627285134,93.6964217607867,272.5207327664907,312.41743057615327,233.24887685313226,204.7226696689185,73.42414356367193,228.2500864096792,270.68873595400953,264.02726437821485,237.4193775712625,103.80942436743518,232.09145928729953,257.1236492555308,206.43232551932508,228.93496956691934,111.02841409303838,221.11997926412403,213.09443239905232,191.04487547252808,181.64362422869752,159.3951033341726
1973-07-31,339.7816686619722,448.9100594776138,348.96066226934516,233.38741963089956,108.67248302934381,282.7977621198478,344.2527667518633,266.66481069774255,236.42233728579322,90.07372893402662,228.98391043748632,296.389277989163,292.98841500786125,268.8539405810752,124.0167592959514,239.15771585676063,277.772735279944,227.68350126991203,258.9314028893945,127.21169367441148,224.82683459650784,219.0568146175778,197.66515354227758,196.6788119369795,179.4117810157747
1973-08-31,327.8125196016856,429.12524642625687,329.61428315313265,216.5851591294122,100.37620832991763,273.3579728202873,325.4837616557849,257.55447410506486,225.03647394444667,84.61625177164288,222.1899578148061,288.4110714042507,280.80097590877926,266.83538519519254,116.65041182729048,235.94080542077137,271.2486870464239,223.59293948609675,252.13108745531034,123.14689842643301,216.1620083911584,212.27963488693916,192.88304048262924,194.53186602587544,173.71725108633402
1973-09-30,342.50245423007635,472.5522922393477,366.0950031696719,238.4641587343472,108.12505086057062,288.1223102902838,363.67244592709653,286.89147403247637,254.6562247179627,95.07642819940159,236.58209014230232,311.69074785478756,314.3451796898661,296.0615981002368,132.04255031831326,254.9437138301657,294.7662194620359,250.35276607673228,285.26086021585064,138.77682592161432,217.971068239384,222.58262696617678,204.74187557758228,209.7028226616354,184.26744717930927
1973-10-31,350.77697102182077,476.71736814314534,360.7448907933503,233.8059998576304,105.40884145790224,293.1341978777833,364.458342082745,282.3350636418926,244.57234753158076,93.85013242848572,242.25651157436542,311.46851235156714,314.7161070019001,288.68907218434464,127.01225732138681,254.77672569760696,294.0275353160641,251.43654320107848,285.78060550316394,134.96754082689193,215.46440095463112,224.28338081882532,210.27092992755487,210.3621283360836,176.54479846802442
1973-11-30,302.18629266496515,381.6704127175013,282.0141221021555,183.66793983016058,83.1421723794935,258.28640443407244,294.094921185224,229.1366439452963,189.86762769745445,73.48071198594232,209.82829719153244,267.4950763092605,255.39715628975398,230.98561174706566,105.26293240218718,222.53116418641503,248.65320606608904,205.71507074885113,237.30907122316682,108.1735146868557,193.70400470902004,204.83061035026617,186.93380049861526,189.01563136317952,150.8370510943046
1973-12-31,291.2794828038085,361.89072524882954,270.97411526422246,173.9939657713662,77.53539684290998,253.66462751312912,288.66063523156345,226.72154371811288,187.3051741940496,72.11419118513976,208.04580580689037,264.97821513626667,263.7146754786424,227.64740768609707,104.44261836997693,226.08276156683021,250.9736377850978,216.98517089982698,247.26133905212401,107.95002820551265,195.64801810027976,210.25780220210683,190.89174985657246,194.29124665015723,148.88823639416617
1974-01-31,320.6154046349113,413.2658182773292,314.42644049153205,204.62803936093601,92.58997963551676,273.15444183884534,318.8776305276035,252.66801062430116,205.85737708762184,79.28767823909035,220.50983003278114,287.8975058544781,284.7511951415737,242.26123302250608,110.79440064876545,236.57797552428556,258.05485897520435,220.21499516867092,247.2665315402441,116.23065896910111,194.09085552421962,208.6476479528431,182.39095845195956,191.41593049098157,146.97740476828344
1974-02-28,326.20886098417196,419.31355026199964,310.6555241907171,204.21407683730885,90.52420459986874,274.55326573550207,321.28164898415116,253.99552835212126,210.11203735726878,77.51750153472442,218.95788184901045,289.7049263962325,287.82166727878524,244.60971341542628,109.60070177617564,236.0373948502126,259.8540174519795,218.7650996404804,248.32409049564177,117.32229731813892,193.6056283854091,209.23791214890167,185.57021524873568,190.49655977683338,146.50046308981035
1974-03-31,335.0138905598567,432.5089283751945,316.7046085577587,204.8455067628898,90.03483074980186,274.816013210811,321.8824456677515,247.61338271121753,205.53663763177687,75.9956779445947,218.90160967337528,286.4106916781809,284.11625113423815,242.13621999336948,106.22806898111916,229.03558156937586,255.36062178219981,211.5125990571992,239.85276247247347,112.87413973761899,189.05279842829782,205.16969942299056,180.27997955242472,184.8957704228347,142.3334039176838
1974-04-30,322.81301967955727,406.13237137823324,299.23708257736405,190.08802676467772,83.97890796390868,261.9367607516863,301.3640491686607,237.28839987892516,194.6612830614043,69.51963025286813,205.12963380238452,270.8033138565618,271.1716306163111,221.7798279785269,97.34028513367588,212.50012872239319,239.5290293135688,202.49095216961246,226.75152488070202,104.08542059522875,181.8387326930724,197.49655783427016,173.80864940641086,177.3411141391281,135.0019526152878
1974-05-31,303.99528032337685,380.48389372858367,276.6811897668475,171.93252924035662,74.58309580418269,244.60021430457522,282.0131622074918,220.08783834850166,177.06993757242827,61.85397870340537,189.8593736028674,249.81768185256144,251.0365946997888,210.1523551572687,87.44321164270939,196.521819043499,226.89171725601423,192.95140092194984,212.241468052061,96.15629733970484,178.83912095856746,192.36994218600816,166.5248503357364,169.92080724131867,128.65105575840684
1974-06-30,296.59603520030583,371.8316899851957,266.91655721759594,166.18860730349476,71.49818979553008,237.86416900284152,274.67799985847495,211.00173203012213,167.8576970002851,58.10432866042623,182.0005245513239,243.43259172209181,245.79143609013138,206.88007283511487,81.33836382187363,192.89520539487026,222.32416009593342,183.85798729930022,205.3780034581935,90.39172731418952,177.69401406706976,187.10535397820368,164.95318879826775,162.40622946187858,123.53550382828531
1974-07-31,281.2685452932244,354.77279571205486,254.76277870124994,154.9301601017195,65.96136997776424,226.07229068869466,266.27944533480223,199.74563363324322,155.95591485217687,55.17732310415726,175.02371644317347,240.37288747673685,239.5738959227954,198.2304169898787,76.45684191710387,184.04671653299678,214.60951174060452,172.20083933056267,191.08903424559313,88.01198430918886,161.3678434426155,174.90365252922308,150.01651259939578,150.4073324167761,115.53052671571623
1974-08-31,262.37236188333503,326.21748815798725,229.20395769082575,140.02975195393662,60.094106118242095,210.58091304154254,245.32005763360925,180.93039392752627,142.16738455235136,50.079269513271754,160.3143732658563,220.0373411962049,216.36972665929713,181.19727017960642,69.3824432481981,167.72011635607114,194.81822256788598,156.70706881179527,173.24647785097932,78.74203404983923,149.503918224871,158.8270334996945,134.26192846271985,133.02445619470444,104.5057951428156
1974-09-30,245.66265327207105,300.1556468115575,211.7922498408845,127.08904245686554,53.68098330151554,193.85362879500065,228.7840138287582,166.99097358816786,127.78957045041841,42.771902822973196,150.73142128951648,204.39532668524905,198.82041086941487,159.05278939641636,63.600526722552765,158.20418011437673,181.36134866223182,142.899608978788,157.1740556077883,70.32718783906911,132.6294109748298,138.30261009569648,117.37943079203208,120.6088846246841,90.55291291591286
1974-10-31,258.78005630618657,332.2284782959597,235.6792387391886,140.3844626334905,57.80330705218881,205.66823205554076,245.4609957327917,189.8765855455055,147.90032631048257,48.7192931386048,161.29060954511095,222.62636784893982,226.11765800014206,175.4854873856965,78.73554406671865,175.34022408764557,200.7873254401408,165.75611563572716,187.18675587420665,84.16877396799119,151.77420119022455,164.84467890699187,141.81125503480877,145.1761907694245,113.40538933685012
1974-11-30,249.49658056625844,313.21471025460363,220.41453012529013,129.77518763888975,52.51754144210846,199.35010396679453,236.0767764049313,177.25188124917037,140.0519954948168,44.952122515955324,156.6949562073421,216.97544275383018,216.6284043645081,168.64313274704082,75.95247879059234,172.0571537318285,194.5446467048814,161.5469048352735,183.82750235328814,79.01713998850632,143.957070957922,158.30627956282493,135.98579048923386,142.64518905955035,110.48270564286081
1974-12-31,234.97987152259125,285.8948703673561,199.56574013526907,116.30062990634383,46.045332152324455,189.837715055811,221.31678419054222,168.4467167962366,131.7466320579832,41.55387691011665,151.21925096267654,205.8699886673609,205.42416666237136,159.570806777781,70.11879675212332,164.18485071998242,186.39731144552763,154.77744333505618,175.66776717883036,75.79387281409517,142.882863294434,158.8668420987569,130.98817670296404,137.12624669483634,104.98320800407612
1975-01-31,287.80311166099824,377.6702685988514,271.77860320321616,163.00673027547168,65.07697301885182,229.46595839828143,284.28052402561474,217.67038482514965,172.23988164742875,53.85689946240252,179.56288004761487,261.0830844080151,257.78555419960986,201.28421137756072,85.84062300349414,200.25511312920753,226.13945501345148,190.0225888440985,212.91706320249827,90.97296013482836,155.62930064606718,173.8950098939309,149.4245005975528,156.6120234764193,120.98999772845762
1975-02-28,304.80968533215827,401.41062168297526,284.3874997202262,166.90047204156187,66.54634599264446,235.04496424481886,295.637246679914,224.24076539109677,179.84651154062414,58.52230723523261,184.70843393825933,270.7562126853321,273.81826895750044,211.8278809379401,91.93547891798823,205.4941873988939,235.52763448833494,197.27689119581078,225.0963450518076,98.02809513920458,160.6002561380032,191.02210331339407,158.28746542599606,167.06963473203373,129.95402567016131
1975-03-31,321.2288686519457,437.6423458067022,316.0145179516122,187.71780101883385,75.39661073159021,241.16200943929024,308.7925128826768,247.4698662779605,191.69983542324357,63.127369069265825,189.23101994323764,281.82851724688607,289.9513675462074,226.91638089714954,100.12527525096047,213.63031876057826,246.2785288921895,210.61280904064762,236.04255521533193,106.95335714543887,161.77279860806675,194.01561069441826,162.94285807164005,170.19366983188803,137.1593266234434
1975-04-30,329.6540594189489,459.05487285998674,326.46575008930796,195.20717812608225,76.33062394533316,247.83279178239047,321.31404928006936,253.24828765555088,202.494261456091,64.30785087086109,196.7310021876679,297.01738335538977,299.1657320554583,237.8017866051667,106.1378981550559,218.06122520199142,253.0433075238002,225.70384864683714,252.15670837477222,114.46084109690582,168.65315750566646,201.70968776772682,172.03914312348937,178.85516607697247,144.06680747152666
1975-05-31,347.7256949562957,496.10106015466056,354.3407016949334,218.21449134720044,81.6826983045081,257.8774548333307,345.78564858728873,283.7882584087967,220.62863504079124,71.0065424646752,204.5034506220983,311.72419909223186,320.676944853174,256.1391579738643,117.01979230130115,230.7929478966349,264.34624598427325,237.72957540658925,274.9683171546044,120.45561318851516,175.6811032320851,212.4117986716191,182.6338296744632,191.81161316275444,152.9769073132182
1975-06-30,370.91482610154117,538.7667435300816,387.11154715048764,233.2311397837494,88.399793316881,270.4221615011529,370.6002640868583,301.8786247293239,239.93496437867074,75.2148872169291,215.8249661519883,334.2051248823654,334.414745170684,270.4360773544915,122.63358279737146,249.34870090752432,286.8304802827116,253.42281786790446,292.9512450965155,126.42009333115767,182.28372613485652,223.3446339492473,190.9011152423371,205.04872439872926,162.00988773624908
1975-07-31,375.6024476738124,536.2512416045397,380.58252379624753,229.4075484781346,86.52677849608294,268.50270499881776,360.4039390210366,289.9070241084331,231.54755782888557,70.20504922407112,210.0315765855705,323.245536222098,326.73925793952645,253.15142590645655,114.98983158161131,241.14088971975133,270.5651842373199,237.86088289109006,270.2709597011432,116.4970009453151,169.23458103204055,211.9522708607641,178.1647655367141,189.13120202110468,149.67510292356204
1975-08-31,362.7035084157983,507.42988237326216,355.1946247988474,213.29097997490024,79.08080309938101,259.3287730771231,342.8904700082483,282.21579075883636,215.57725967031166,65.04371441521586,203.77998670850099,312.81569575035576,314.2293919707958,242.71956194770326,108.53970695870399,233.6247693280764,259.584025669864,230.03977920074811,261.41201818405915,111.45757367842266,165.79827286418498,209.6390237765897,176.7439015315588,186.0735178780295,145.43645368386967
1975-09-30,355.29565195991404,492.36936346442366,345.3230557864378,203.84645538161163,73.58429187995853,252.70966547310266,335.64176547227396,264.2964991246041,206.06577539639784,60.932236183315645,200.20120258192628,297.8787462782763,300.8919254285954,230.2294560094364,102.61919156322756,229.57838832331413,253.8913479869239,217.78579020250345,249.076769282008,104.84758227142379,160.40435765309445,203.52091850669373,169.2363508262028,177.05769771628533,138.3134124917948
1975-10-31,359.19431114887016,504.6224674435993,355.59607137302856,204.78557600155472,73.21548740905618,256.85941088983645,347.0864783913475,277.03559038240996,213.9457306475561,61.53686676296268,204.44466727185278,309.52818828772706,314.99743800076254,244.5122007718938,101.95647682411224,240.64177085661464,269.5231843911308,230.34310107978956,268.2203116154846,110.62720039655376,172.8153240177873,212.33113554793,178.01633270706617,190.14314686600738,146.11498052339448
1975-11-30,365.50894713886726,517.1305445441237,365.874575816066,207.31549700747794,72.93558460069136,265.5628351684277,353.04074692815107,283.2952095471005,219.89299406809687,63.10131852667749,209.5144861308602,318.81929591555974,329.2630419729411,251.62530520454897,102.37011425058766,249.82008863885676,276.1219205145789,239.54415625242174,283.48392488858696,115.79692009828513,178.82324875726565,215.14643407415997,182.85552869537509,196.3446656010422,151.28584356913686
1975-12-31,362.9748736083535,516.4613776194835,362.15948537322964,204.9829903506468,72.09405382556858,263.5304827908837,349.0796297476172,280.70419156058273,219.94334956373848,63.126180446176996,209.23038448766675,319.17350415332197,326.2720164996589,252.00702079254427,102.49306075780262,249.4803333183079,273.69315210173266,234.80717056253008,277.32863842748105,115.69802952852119,177.01266336359834,212.84350664383015,177.63335765136387,195.55594907932283,149.11564814313758
1976-01-31,418.2813551000583,619.9354475483024,444.1056742881157,253.47397153098612,90.46102335438574,302.4170408315065,415.3010827496295,337.5324744378311,264.30196419045234,75.4259379490319,235.92232309752737,366.97101309429854,389.67123711377354,301.6030105126001,119.43998087492302,281.6228805023721,316.38271519395244,272.4221052507946,325.5278011289005,131.67488612414422,196.21853733854874,235.0315908374229,196.46942126335685,219.53110843644782,171.16254583674862
1976-02-29,453.0752530613465,676.0334061969482,498.0844984694648,288.4429871694294,105.17876047107424,321.3422992467422,443.4917202466743,361.25763206606626,289.7164481611137,84.50307245150815,241.4790015734434,388.7412014751047,416.10848219575746,322.770414599406,127.19653267292139,285.02770112764574,323.75854543326903,281.142881684083,336.83077743969807,136.43348483378466,194.31384399660345,232.9069052562526,194.78508891486607,214.86014504224556,171.04444368012125
1976-03-31,460.6293767556383,688.4724208709721,504.6826238206898,290.05855634056536,107.07271441087688,323.49722070549086,460.88191758098685,364.9222294857444,295.967659963086,84.77677790317858,245.02077408952113,394.12798830394513,419.7993644328338,327.9247353501439,129.02040375491845,288.52784129749324,326.0478421080277,283.64308533089957,348.57337200280085,141.0162855893515,200.7368881099112,241.12176471154586,202.31762308829286,218.10281435122315,175.8487400142085
1976-04-30,464.82248597224486,688.0400601906651,495.8456310775895,282.79258950423423,102.83552588349527,325.92183237467856,454.3940828271993,360.4347808297582,293.53894934542893,81.76075925249509,247.40801149147535,391.5283200930923,414.36967945325944,319.9607552274303,126.7229374252546,288.5287068810171,325.5049724509178,277.89477456358355,343.53125817678034,136.08621522886216,199.88255191411542,237.39064652439941,202.00403077250598,213.2951740144791,171.0739191766027
1976-05-31,463.7859318285268,682.5378038293204,482.84059186568646,273.54979650887776,97.43285586015408,324.4385621155414,448.4387939776661,354.494455206903,290.0619804904323,78.00573286230575,244.11154714636294,387.3879081081078,407.23671979115113,318.05090947947775,124.55192006128513,283.85858123144095,321.2642936698272,269.5765502765719,333.13978114819093,136.00442741350963,196.5631023744777,236.68725803874761,202.24825364570998,214.32922901810127,172.1188386749334
1976-06-30,470.0373024036435,699.0722821270856,497.2731799971437,283.5888004909571,98.9173428520394,330.5457936088044,459.7551469436924,370.2822202639976,302.7437803394545,81.01620811066073,251.4937244436161,406.8254837853402,435.7253717608608,338.527981184495,132.69163714113023,296.71396865825045,342.1198078219914,286.21535411274243,353.18946573681364,144.06350576432453,203.69519798103326,246.23238178093422,212.17823840320708,224.13993514717583,184.2475368798399
1976-07-31,474.68174098869395,705.3212892570197,496.0344725057708,284.47898573569825,96.98746549299611,337.0975417839245,467.3746689939902,367.8931593788543,303.4425129844779,79.59907259838906,255.88228993515716,407.3877166039316,431.70536948099516,336.00053127697157,130.73961046714706,304.1419061496411,340.2579918278242,284.56503638092835,349.71302182556616,142.72371516071632,202.78651370283987,241.9536016827269,210.71038934993368,224.6310257450833,180.03858614735685
1976-08-31,475.30025129720224,695.1851170091071,487.22291613617836,274.9145177562783,92.42595101592951,335.40059275858425,463.97919202374885,359.96027918316804,292.30253144779175,75.80959954919754,255.59954000477882,403.22217720165645,426.14025556301567,324.07419241929546,125.98853302277094,305.9764901275357,340.75544901187646,284.53259596678095,345.98613015197105,138.81351353645817,204.5801604165415,242.4454933549479,209.04577727406922,224.54027481068232,178.95727439895583
1976-09-30,486.70270432582214,710.67384141607,497.9096635787092,279.2856585886031,92.75803745792976,345.5172808379614,482.52072849540195,374.8997106501071,301.928346110899,77.3268528745752,259.70497981633554,409.88219790249616,433.59984073664623,332.54387143817377,132.5021401800482,314.64021444549695,349.3806509372651,289.74267233152864,355.8924050304823,142.61519923168117,209.68975450310506,249.98336618884656,213.16335194903658,229.62319301157174,182.7175246486267
1976-10-31,482.31459274362055,700.1103854372616,488.9577457372276,272.0312136067642,89.35279714481169,342.7624715578403,465.7951124835658,362.4830322333755,296.53681163439666,74.23447470126806,257.9374277237056,403.0765138885231,424.8086039657107,325.20795363424764,127.98447971060946,310.42246237085504,340.6258705860791,286.55405422252016,353.0360125877076,139.16833248145068,205.99292413121532,246.14187180062254,210.46896718040077,222.51268121677538,173.77167464182992
1976-11-30,497.62856337782324,721.4490498750038,506.75287393558824,278.8942890948492,91.00627065597642,354.25872485389027,489.0368912111583,379.1659513088844,307.31918664223497,77.6797709066286,266.5187480066455,416.726296954844,439.6170070913514,337.16454925756443,135.13074910421074,319.3514540784903,351.8345054835847,295.9536003091273,364.81152878757064,143.53084219974673,205.33251081645062,247.34427484436856,207.03221941531197,221.52539245021657,177.0500510556227
1976-12-31,536.0748485558305,803.8724394760734,558.9970682268518,313.2353795939653,102.258649984964,385.3771655037809,531.835443782394,418.1692360562241,338.6970902367804,87.31866527957763,288.8679441394908,453.9807944500131,481.30940480988096,366.6799338995716,146.81482932550634,343.2922745363925,372.26870172756577,317.7997112695458,390.06049950648713,154.3596701203488,214.1632461091337,261.30611712650864,218.28938931380014,232.94702015955724,191.34808202872162
1977-01-31,559.3973209171004,842.4205345662696,575.9849891302657,326.58578470763973,107.43661898560262,393.23924505722346,539.2252972737504,421.64004071549084,345.6918625443504,88.51659004854815,289.68110740224347,454.6903664317385,481.5096295222819,361.8646930076024,146.0318658407134,338.95717969354695,361.7059495847478,309.9011172456525,377.1358448553397,148.13496206307562,208.3969007076453,241.992198091337,205.96455210375368,218.32237328692008,179.59816170366597
1977-02-28,566.1598751296673,841.9588881133272,569.8432611911697,325.15109335541905,106.18970958565572,394.7256894035397,536.5119155778689,421.4890935809147,338.6805401882259,86.1783358058257,286.22752923979397,449.77152604767986,476.53900561672344,353.4900584173275,141.35548740089627,332.3431082461867,357.74816308439154,305.229048002057,368.31312890079386,144.51039581131627,205.44037387730594,238.98786495203308,202.52926933921515,213.27541498364636,174.36934082382544
1977-03-31,573.5969512493706,855.2079531766784,578.7869511755652,325.9220265977647,106.92103811557214,395.8857882046967,539.4766804233521,424.74214640517215,339.87811457833146,87.28133232580446,287.4995243797356,448.3426019094264,479.5288113379627,355.8481905970295,137.12853426114725,333.8552693887069,358.0200516883357,307.80457070909836,372.0043630786376,143.48307140749364,201.97048596251824,236.08081656275655,197.85914691752217,211.9405241612637,172.99722848088274
1977-04-30,583.4370069480536,873.207514967188,593.0951433955763,330.62214814333106,107.91305150720841,401.6969956897535,548.7999164144285,438.0374250719468,352.9362317404309,88.52640053143206,292.3654538298626,460.58459665456326,488.3507028801472,363.1256419429293,137.15321739731425,336.8649746422461,361.8064717549915,312.59862689789253,378.68184139589914,144.1710727348926,201.7745745911346,235.40255637677174,200.9501025106677,210.28696419175753,174.26253020999195
1977-05-31,588.5152426565295,880.9467531723423,595.166824731457,328.6417214759525,106.40572200375571,405.72079449557776,545.670110491117,439.5797548456252,351.0663755846701,87.53959674470818,294.14917546367855,454.32018555546455,487.01652875987867,362.57986410308905,135.4855714269803,338.6284627844983,359.1974852871663,307.89307976719857,376.7255710032479,141.6845542434339,201.0165075143957,230.42850036053056,197.41398355678749,207.89537054800468,167.85437418657992
1977-06-30,607.4124670982308,944.1009449605143,647.0260908376079,352.8133200905088,113.13311737172116,419.87720445711744,573.0878508628538,470.8132151666714,383.701505859021,94.9450964709235,306.6031574036352,484.2362611339207,521.7213265993076,389.1308623916301,147.83955228640664,352.85661490531453,375.17961819753344,322.3849912456811,399.14563991036414,152.7841222228645,209.24732943108015,242.65503658966034,204.96013307824566,219.86660967027038,179.1526521130786
1977-07-31,626.286594688374,962.5722799486668,652.1136569898639,352.9068156203328,111.34482218542637,427.7448635142348,577.8989233708473,471.97282811562695,377.96823795847547,92.61504885843057,309.1614541490111,483.6474298403819,514.5189636856043,383.70443251557884,146.11012520376025,352.9966989814319,367.7146693342571,313.42010940912115,395.06637147048025,147.72131476476545,207.39758303890943,240.08289320180992,200.08659103391113,214.2650680557009,175.88759502831775
1977-08-31,627.3650602044274,962.8244738860135,656.6151975640649,351.1352234059187,108.38126839813907,427.1468761950419,572.8336393075018,465.5393664955829,374.2709526547657,91.4480066277655,305.4094707414587,484.62149576408035,510.799506097121,381.6757871808689,148.3562761585177,341.80988059401136,359.1333120960035,311.03498237651775,392.39493266659684,144.12636884865012,203.2527423418768,236.46700474729747,196.19770805057604,214.58196609135533,175.2116590006239
1977-09-30,638.896657376045,970.7446680081998,672.6412046910111,360.02245591032244,109.27194566183498,429.2142670758259,585.5746051129794,468.3912606547349,384.84260998345223,89.98657603384717,307.27002523721563,488.4732674124133,516.8693366280731,387.82572913971427,149.54668691841363,344.1201735769463,358.2541537479925,313.1867223845985,396.60454550424413,144.49201744641914,204.65376349483938,236.43697343769458,193.88571425890802,213.96032213558865,172.52881807800637
1977-10-31,635.2115014563,952.6616363325431,651.7731839566771,348.9726466935228,104.76688188608885,428.1480988364095,575.4886681145134,453.31796149560483,363.941038150031,85.31465297932188,301.1227811123199,475.3606910219945,505.2526982873572,377.94043912967214,142.11107609814317,335.48275722016496,346.7581362083732,302.17726953261274,381.0564575068413,136.60708805436803,197.88054253821417,225.7932902044499,183.10431134611292,204.06315951456273,164.29125713005388
1977-11-30,667.7724430209498,1040.8399973914832,711.3478600630533,387.24552377434145,113.02345508064961,452.5551093586778,634.3450451799208,493.0512808206946,409.1421511472267,91.81452044585747,315.40985258497506,512.1141535697421,542.2680162165873,406.4106924093104,154.89453583747556,347.77853575504116,368.2984048715011,322.58088312599386,410.2606244101656,147.48879886751484,202.41596457319005,233.80308138116254,190.84577852551524,214.05429586755523,171.64197655656676
1977-12-31,685.6086449740394,1066.5456228070607,722.5458980761658,401.9132224783422,115.64639040270626,456.57696661554843,652.0248759341304,501.6392480300294,420.533896061619,93.39538285889424,320.81944696665994,519.4916700660679,550.1645230687333,415.24931214782816,154.63601685716282,351.1547697801511,369.47106699261195,328.536693971149,414.5404632440124,148.01002428271264,204.91640898356266,232.1168935582416,190.3457625857784,215.55888351320823,172.31378325280917
1978-01-31,680.6091867348888,1044.3156123908932,713.3782357213754,398.3836205585374,116.37426878390089,449.65343349379026,634.3954273386233,477.38448874852946,403.8143094220011,90.31884555213941,310.5962144696204,491.2266477894431,521.1031824666736,393.2971572611332,149.55931642374216,334.2076894357913,346.615956259516,309.77330630506873,393.86650126110703,140.8321301450982,193.87284895421152,216.7841800373584,177.51093816038195,199.79312233193568,161.88793779709795
1978-02-28,702.0858096223083,1089.8216652008261,744.5878201559499,411.64182745072554,120.29142667116699,455.8793349339453,641.9257010611328,496.27936681319625,405.647626386777,90.43147315254292,312.8005158037113,497.91469859909637,529.4877326725623,400.7277204532678,151.08796219690925,332.4998881427744,342.252407986165,307.01570433234104,390.00306475023683,138.7104941044623,192.36529368074358,214.05833575756867,172.6707474095628,192.87808257490508,159.10816001718396
1978-03-31,738.8077058087933,1176.4058168577014,803.7564912846424,446.59474666139414,130.65272870748797,476.7362703865083,690.2203392547661,531.0715281030023,438.00086412450725,97.69113095428277,323.498606244714,526.7260347188344,568.972162385688,429.0050720470527,161.4134646214082,345.0710439136764,360.90139944492313,324.37959152226523,414.1407444306937,144.0473803651315,193.9592325041822,222.40489838542777,175.85859474823815,201.57341229354694,164.95124808565504
1978-04-30,792.1547938221289,1289.8489825889235,881.134128700615,485.1644553620588,140.28039763321402,505.4210150393941,752.9344494997935,581.3916175338179,477.3701337954745,102.66712640057011,337.75292533167476,568.8957210584243,619.2306114335405,469.4293619759024,177.08025549756206,361.82665859299277,388.66446140002273,355.3565449942755,449.39696014482314,155.20745115892004,208.28603121310363,240.65922523020853,195.1335760256188,221.56002084268903,181.7008926700167
1978-05-31,829.7433309437827,1372.5399110137166,962.4892428035427,521.0899129527085,154.7163727928528,517.506136930001,791.6661505165124,627.1546959247573,514.5873415365711,109.85721326378123,346.6699403133563,592.5754365517602,650.8318072268285,495.06349114532054,188.7794167375195,366.01444033954806,400.52455743964447,371.3148967168784,469.80857007460105,167.18884555858403,207.2412684805387,245.6695096402762,199.31723989560803,225.31568475599343,187.66794998530006
1978-06-30,843.2996774847421,1372.1926584162302,951.7940623375097,522.9647944595123,154.86227033239646,520.455404404365,785.0810714765161,629.2901576643811,506.79494542368275,109.15972981676948,351.0088612863183,585.4870491797279,651.9011238861021,483.9532762770372,194.73408587967108,368.53737787680865,399.37104671421827,371.23283612470397,461.4201380559191,165.90667430199525,203.46222394979608,241.70759745830748,196.74863862507334,223.4532253058004,182.86815449647602
1978-07-31,873.9949424455093,1466.7106609205985,1013.6587728013233,555.5810627603631,161.68008178378022,544.8449855655624,829.8738720096088,682.5425786764141,547.9958541017918,116.88278070130593,361.52052365525964,620.914285038544,691.2759517688228,514.2797243816616,204.49493720030372,381.3554764167419,421.6739228179738,398.84067968162594,494.5556410099908,182.46963531758635,212.5645134626381,253.65713766145132,209.80114006009933,234.8446472786648,199.2370487417646
1978-08-31,937.7764713603552,1599.0064958249754,1095.0819273853622,604.9005492826633,181.80618004430698,576.9161959509081,896.5932416975653,763.432747303092,595.7920524965502,126.41948054428688,382.8896402879984,657.65937151284,746.693470994274,556.3082062973041,223.3824985899982,389.7418646986225,441.50103066887493,416.4243687267498,532.437119444433,196.42819748011107,219.68542466363652,257.17434753226496,218.7353118084186,239.8778377591411,208.62111373750173
1978-09-30,952.6627350667294,1602.5786763366486,1088.0416456742016,598.270234361976,180.8526066299746,576.024283511968,894.1096784180629,752.5515403557811,579.1491973021116,123.38693004499052,380.8779381179252,648.8605467813697,743.5073299535414,542.7253851323491,212.670637635112,389.1233443593458,435.2855791591185,414.1494424003955,524.145476183325,194.2847729892081,220.16543731652658,256.79064340574683,214.93653564824177,235.56027655731432,205.03324782344413
1978-10-31,853.9764023411669,1269.5548145005114,842.8492847382291,444.01941637689646,128.49577701059695,517.2041398254269,737.775495256343,586.4190148583791,431.11518757650805,87.80411361089598,346.9798016254299,551.7799783535816,608.8090810151782,418.6632466195603,161.77472597755227,360.33677759033014,390.32928454356477,352.80189964706733,445.42197053344665,155.41013847702445,205.92425616914437,236.7037089066191,193.31392016202864,212.85320813829546,175.39753714979568
1978-11-30,858.126727656545,1351.3636571921097,920.1722781201141,476.546058723586,138.10224979568622,523.2823228766553,790.6747360417181,636.2153719240932,477.27037955844895,96.49470136376165,350.0301010615191,565.1501590090672,651.6607169915126,444.85398200158687,177.41365051252822,363.77943516342816,400.2873652508402,367.10907508345485,462.106141283718,163.91449207476418,211.94156885866295,242.95268682175384,198.39614312308836,216.71010826976135,185.55533471875182
1978-12-31,865.3487221965024,1383.6382754168292,945.9131774282462,486.5778298057761,139.0541886035279,532.6427970682729,819.6260821766216,649.309320493663,486.20201744150575,98.18683244687656,352.51986517036966,576.296615595203,677.9174306005347,460.7512839023956,179.02988886869736,365.26838439155205,404.8434360421253,375.1667521724616,473.9124910873757,163.8222082157261,217.13117011373618,246.30980704825686,200.53644071510024,219.165650506566,188.35963249235633
1979-01-31,926.2874445623023,1540.51795036014,1062.9879054853627,541.0010734917224,154.34458718237184,563.8444794777353,884.5076828417228,725.9856088414391,541.3105851084133,106.18444451017201,373.3287602915114,610.108514328789,730.1530023805977,500.07364147576163,195.77258504580902,382.5382736055846,429.5093320698639,402.56180358284695,505.258484985368,174.41921157636858,225.00673478493147,256.4048144901297,207.7453246859267,226.89233551517498,198.2882570806609
1979-02-28,923.0019029964398,1510.1065855020806,1038.461585542099,533.5671777408727,149.27405880425655,553.4657941439885,858.7517036250548,707.777163786087,516.0064804969354,102.73068926803415,366.1563681487909,591.5673165783371,703.8324469507819,488.79198012406846,189.36338215657932,374.54437130204866,417.3297359403588,387.216952753876,482.505179631022,171.44693379189567,219.18783561665833,249.20009560777152,201.08999546428836,219.99526230018466,191.2853107053432
1979-03-31,964.2831631079554,1639.506108707168,1132.6251282727144,589.4519368030963,167.11350302383562,579.9624155728378,950.3753578916264,786.8627685132167,585.0791079762552,115.35475001873652,383.2976123673084,653.6984487039266,779.652797298555,546.94796112725,213.39738261989237,396.56271125778215,442.9604590028718,423.50615113206374,528.7011905392552,191.15475883127405,227.26578411047464,261.8711728691399,213.32893585823132,235.96361841424357,209.81129304715571
1979-04-30,989.539667716079,1697.2429558313997,1175.3998488670616,602.4587832405933,171.79635760556954,591.3604169260908,979.9519894045716,801.5928395397841,608.2728139746498,117.64996347985932,387.98495886894824,670.3357279218902,801.2273495054005,556.9308553137446,217.90945687800738,399.1510760741617,450.1492642920294,427.537929690841,536.4900164782796,192.86674085136696,225.35879691600363,267.0444378891697,216.86144970710774,235.25077232301413,208.98379730737773
1979-05-31,984.0595970362673,1692.4516389670878,1161.392608868113,600.8990174507835,168.86705791203698,587.4154515847769,957.7962548761237,792.1965682746988,590.0738996533422,114.55318114114247,384.3491518193873,659.0754283642583,776.6120428738956,557.6966352398009,213.4821904426169,401.666127004505,446.8357155575758,425.46479826977014,531.6825294406177,188.08711727958837,221.86686235779013,265.1102350255385,212.38022471036007,230.63491691926424,205.04716951749865
1979-06-30,1023.6384740290658,1783.4970748853223,1238.0572963721058,643.2461739075927,177.9971931321671,612.229055090621,1025.7432789932907,847.0633103968361,627.9117983947132,122.76939350530978,399.0124563104488,690.2160832790412,828.2031574940513,593.6730874824851,223.36342710944388,419.8784725351432,471.03544424074295,453.7118316916985,571.7894693664414,202.38944976464555,226.21833712921352,278.50439942973384,221.14048421921296,245.82776143640385,221.04700015494907
1979-07-31,1059.456607873817,1842.0813868011553,1279.537168029757,656.4848234127849,178.3038822959338,636.5853635892911,1067.2048480734786,872.2253260321742,650.2403419456292,122.83163758781697,412.6838201010137,713.7966255481865,859.4048832494823,626.6961529736984,227.64061337516264,427.9195651626637,491.21130542390665,462.573277476469,584.9137530568092,206.41032096311974,226.36108089994207,279.27780614695024,229.2050353977192,250.50340545892428,223.25747015649858
1979-08-31,1124.3091252115967,1993.5152134473046,1396.2667847947755,718.0827943936065,190.4239103911176,675.1656195496201,1186.1981886336712,949.1974666038616,705.0926664711367,128.791674306853,438.5838566505533,769.5933939706625,927.9639078107095,693.9287429608697,241.3347897539723,446.40825789508176,528.8778795351172,506.2466708961323,636.514844351481,218.86305562682477,235.94475634308384,297.6244030661618,242.87344847862678,268.6799325590238,239.2610121322567
1979-09-30,1126.1439977039422,2004.6210867014197,1391.9676793643926,710.8129241831656,186.23972580809357,674.5836267855683,1187.8185353593449,936.6538220826915,696.8219294934303,128.6488443400467,436.668999532417,765.6684676614121,920.8232255401061,707.0377508441435,240.11242904386842,438.5367410836178,525.7649043361736,505.8674921396311,628.3629987398715,216.89985401785216,231.30301515154633,298.0160767805969,246.67563231455972,274.7413518375553,247.25448328658328
1979-10-31,1029.4656616450566,1791.8726553908848,1244.9536209406426,620.514804359557,161.51360861118204,610.2182300358232,1062.8053857869154,828.0947074494854,627.2184774221199,111.5876919013584,404.1271156802627,684.6875421792029,829.832999331586,633.2095759387489,219.87119138789933,400.93660090310846,481.4297787780257,458.4419088840486,573.0199276258573,198.9782866797731,219.7961527537872,275.88301879025556,228.87650538927033,257.54968648767215,231.7516271845145
1979-11-30,1067.8050218160417,1946.3965857011729,1353.3716519738794,686.6312772788723,175.83388969147524,638.1753782449144,1141.1798433509996,890.1993262240744,704.1411787116461,124.42920348536673,426.20296350141274,738.067152342578,910.4852983696222,700.1391949058986,239.3902564033601,423.0975696448259,512.5205138915106,491.010997416898,630.22851814024,216.4740494709522,228.40073254179245,288.0246304472147,242.96797407307693,274.6190495093291,253.3761397654744
1979-12-31,1112.1488287620184,2083.099803501309,1471.25438297576,743.3037630116387,194.77665046182756,660.601499211819,1195.89941683968,964.8710261064022,763.6023805479513,134.62132397205662,438.1242865935108,760.1006710414608,949.1272049177275,740.9258037051418,256.27923899261714,426.4011154686127,522.123098239782,501.7111090726071,657.8281156351555,230.8674090202758,226.45567190346654,290.5834412641077,247.23716434551494,286.8568982126133,271.6810456066913
1980-01-31,1178.4495811886661,2275.442823857602,1638.6801892496358,828.4848876452464,225.40333098044533,691.5354856154108,1266.0269586431589,1055.0662047558026,823.4298634615026,145.3392006800919,457.1752449474564,790.7395689904711,1021.0340310894994,809.2243442906816,275.4835237665289,431.8027647993691,544.6360019896849,525.8865605743797,704.3141972546296,248.7427798984887,232.79371324870075,310.28267391428415,261.2275737643346,309.3370127548412,306.54750427567166
1980-02-29,1162.552296338431,2220.6228553452247,1600.0696066305359,823.2331219424633,227.9244672374616,659.940612348614,1215.0478510994749,1030.3396731811456,811.4094343146917,145.29574425908854,432.94952871769067,760.7792374609911,996.3045868565116,800.3155934843855,275.4837992500526,405.08108250252485,512.0722154307217,510.5422425099404,694.6256511571949,251.90081823207993,234.67305689575753,304.7816723884578,264.53393116546977,319.23425047793233,314.53858461712986
1980-03-31,1023.5726569680604,1876.5795357437337,1299.7013399346383,649.224690491241,170.0542170814029,582.1058966469938,1043.5061804334,865.9304322109765,657.5507887893741,110.70010107227826,388.31935949935627,683.4346162845194,844.7278033167487,648.5669534882177,212.22087313887275,382.2239773412374,473.8987679870077,452.0795397778846,602.6447116822613,196.84235258945776,222.3219792382769,281.66550644615523,239.32093765215768,274.7464037998286,254.19152631107193
1980-04-30,1070.3519745368146,2012.3369290980427,1396.4615052900924,692.7357292479641,177.91293261538576,621.0551842975408,1107.125621735883,932.9984760465811,704.6097260906632,117.66490863134172,421.0927368023829,733.3431125733127,902.7056960973939,692.1967010163237,224.1451395587997,419.4403615669989,505.2078378916054,480.447078819407,630.0083974609062,207.88520856972633,233.75733256237692,289.4521493718592,252.2538411228803,285.4230490514899,267.9356621387116
1980-05-31,1144.6397533295421,2173.384253533759,1515.7249036878875,746.5834629538667,187.06762047604303,669.8931008251466,1205.6598020703766,1029.9034297626831,773.5635384956216,125.18604959105708,454.6967793846866,795.2563381954274,983.3100931133222,750.8797529350855,244.76469923709283,446.0811161319269,533.0129616656457,521.1178849356274,692.2815775079295,227.57443244378223,245.27011494840653,304.4370871448404,261.1483115608731,301.6365053528598,285.6933660826169
1980-06-30,1198.0555120584188,2248.1138977072637,1593.5422202432235,783.4788711095839,193.75079828517013,699.0622561143759,1245.7781319842684,1087.219615435836,817.1669944700044,131.2459306936114,475.88701339435113,830.7104562648559,1027.9936703645778,788.1083710856071,255.4511260057843,468.8013656198742,566.3369320289818,542.704151083316,720.8949596694872,242.2454733801356,251.1092605749832,316.7716601676007,271.33701293642054,306.58666204220555,295.27894990142084
1980-07-31,1286.7703246708325,2500.4354572442335,1772.6914237274073,889.1192446956447,208.53262793874063,750.9983873701375,1387.8653568277339,1241.2905943588637,941.6607517435207,143.18130438495774,504.76288559309353,895.3189620008551,1108.2439962415885,883.3985542335679,286.9055895042545,489.7155321429081,613.9749294035317,590.678112630779,809.8461887431054,256.6871795211657,263.9843856924443,337.4707875295924,291.1823307255774,323.5580733062139,318.78817405572227
1980-08-31,1347.8739003081516,2697.0521985537193,1921.028469373493,977.9689308180805,228.66749582936575,770.9501615273999,1471.1997321784552,1355.1665934853456,1013.0311034396657,151.27920941705776,512.651824732028,928.4466589138488,1169.9111251684553,934.1285996089848,301.44424334679314,497.5945653395554,621.1909767488113,599.0698765769245,845.6219539770208,264.1421452759989,268.3879092301799,339.30460378902825,289.3775826397403,330.4715386585478,331.4596851862632
1980-09-30,1395.933692097539,2817.823498952756,1982.405328969976,1020.5624116620003,240.0290690271436,786.2118909249963,1523.6877250233858,1425.6772665109816,1049.0848804110835,158.27299854761776,523.517992809048,954.8052595604128,1204.4445617611777,962.0412962939008,309.68090585200093,500.8423650675266,641.5175878899859,624.4710384136627,877.1103786772632,272.9975106963768,268.4088434870999,346.12835867582936,297.8114922857755,355.94725910219654,347.3651096396112
1980-10-31,1426.8257047036575,2950.6726056343823,2093.368484853741,1086.5080930163638,261.70609425098496,793.2555632557933,1545.7766259730497,1487.6400518680819,1109.7880788463099,164.91856521063514,526.722969961025,953.2069155559087,1218.1752297652554,995.3962300777066,326.1698656840907,498.26402857215896,644.9618958193672,636.4571355249744,890.3029958829478,280.31411698055047,270.84760623902366,344.2755335718377,306.08469554147433,369.26858527409627,360.2850075275469
1980-11-30,1455.0525976198103,3073.6182810933497,2243.249481632299,1182.6999140153814,294.3413676162713,809.3293007340454,1649.1519836116233,1608.1641859502781,1225.7620428738282,186.6777557859611,534.2019094115017,978.6899492363805,1294.704652224798,1083.6341242891751,363.01531839122833,503.88145723028146,679.2319461537292,686.662783746591,1004.2849272338581,318.5985781354031,285.3848098086908,390.94345924963454,345.1995648694148,427.1551287016636,424.12679029141316
1980-12-31,1445.4768964748744,2993.3445924460348,2140.1340327101075,1133.3600390024876,274.6134317931583,812.3699509169032,1612.05430974028,1591.4859151777878,1173.766442777163,174.77648882133875,541.38371988163,971.8048654435025,1272.8383853533733,1044.1269913858403,340.16858631295804,519.3355015235342,681.1996811017365,669.5999002332719,973.8480639441816,299.4638661311689,286.0628841167963,382.2899257791439,337.9210320441432,394.9531850142313,384.18380156213874
1981-01-31,1490.821506717291,3065.205816076887,2165.068734325213,1126.609746610189,269.0176338935092,833.1861185391981,1646.9020877539353,1588.479598284017,1136.374938976054,163.17902012910997,548.5711301467785,998.2836326122417,1277.7973637027098,991.4758437182179,328.67394961285686,525.9331397348891,670.9278711104034,658.0318923568419,929.229267198451,280.9447211857513,285.58744760339414,362.35121241020687,319.8104922527694,356.8623200387188,348.03633185695867
1981-02-28,1518.7252128585187,3072.5653752412877,2159.811947438271,1107.1092585061133,257.3635209756085,862.2526494705565,1674.304891592073,1609.5809612676221,1136.9715358190165,160.90691545283224,561.466940274269,1019.635921230185,1315.3262722746583,1015.0065399171824,330.4537190500105,542.2517931945832,682.4899711132491,679.4830740157827,929.5981712175288,290.92781090836576,292.01002371254685,367.7183585684269,326.23804352606555,361.56326738058885,351.37817671544923
1981-03-31,1610.349904950273,3356.713148578227,2342.259901886172,1216.227054133734,270.6602072868133,923.4415464875851,1828.2254145810239,1764.2810066169754,1214.9700571192727,173.6343306513204,599.9088972740274,1109.1660729297225,1457.9470999773996,1121.53858132727,350.92136150053005,587.4094380282418,740.2538747983612,739.9237729325605,1035.0080966463984,316.5213122895965,293.3643662025256,384.9187525088236,342.40705343930443,377.96160780936805,366.96812365996027
1981-04-30,1685.0169989931026,3439.6508170532975,2445.162406155737,1261.4257001465062,270.0820770840487,964.0803620654109,1910.3986622901975,1824.2577394369196,1216.6843798698683,172.26557122279604,622.8878076752117,1157.563425355938,1511.0848979302757,1152.2698599942185,350.69571906508526,591.1706206599366,746.8073423519511,741.9008492538363,1026.3988992984935,311.94662976307495,287.57276688495534,383.1077097782696,338.970998658041,359.67809299319765,348.8409992555292
1981-05-31,1708.1152120153,3543.7484093805983,2503.3743875590862,1298.1142666352673,279.3553452007295,973.3278208983425,1983.1810305261292,1884.8376904481406,1293.6786007967933,178.30244590072772,625.9293688400896,1207.3953732540858,1537.667903454665,1221.2020998286525,359.3901673321468,607.116265810997,763.8039306565391,755.5859523191726,1048.4356836664322,321.31251537508155,289.75659447667977,381.70476934506155,341.51158629298305,358.01206406645315,354.62548070518443
1981-06-30,1751.3322349944992,3565.046337320976,2468.7376995328186,1249.4765212929772,262.65017491307106,1001.1951697384831,1978.8041499917583,1845.1844751164926,1242.2691068797296,163.4004623796826,646.2126100373528,1215.3955749972674,1511.132368444748,1196.4666512966232,334.8758046282538,620.5833188192165,761.5820250222591,740.5052122968343,1010.3701292995551,302.6587172949812,289.1736042085927,382.57047576193617,329.67035506144646,365.55752632871776,346.9740813334893
1981-07-31,1722.454517771675,3452.0201082425524,2404.086396657453,1208.5574146971533,252.99883158571538,985.3212203222794,1902.570720113326,1788.8565286446117,1222.277270142714,160.8478203563872,626.8837446585255,1196.815822842284,1459.6949337552574,1183.1846750005793,333.63341539308294,597.2450419483823,743.4746507953298,713.8855309251877,1006.6519672237326,316.6412473752921,286.9446540673528,373.22580932097515,330.85288262505185,376.92892430022516,359.5147655551257
1981-08-31,1657.5868806323936,3210.1163471373466,2190.4905325736286,1080.179611878363,222.27870145925147,949.7668894081702,1789.786327825008,1634.5336647749698,1096.6577237037966,142.10084604602991,608.7567742979796,1130.5684766004952,1373.859032870713,1080.9882818820793,303.6361013816755,585.6584881345836,708.0123969016942,671.8348176115705,943.4694565009352,294.00456460043245,276.0751905712815,354.0110249797034,306.78598223714033,351.70747918852425,337.35715152443214
1981-09-30,1570.4110714061746,2930.4317502766585,1969.9716601689086,957.648357425329,193.0772816124452,909.2640804093587,1676.3621988717534,1530.9418247025264,994.9032401522161,126.59366491871876,579.7379476239693,1067.4850167431407,1289.7898509312886,1019.9708173229634,272.32119933787914,563.879605936323,676.2056479832826,642.8088661514802,881.1032950178537,266.3025725100859,271.5091829944231,337.4464951098781,293.5696421223643,327.0703702713681,291.8972632850604
1981-10-31,1656.1288189167378,3180.7082043407872,2151.662146386287,1072.9473043626238,209.91670980555622,964.9437756373063,1809.0395614636573,1688.8217313167993,1105.5096180696585,137.1908206090647,609.5254631108363,1135.893726556108,1379.4947350635596,1097.003093330463,295.8127152775619,591.6839454254371,719.8601322057872,671.3913623849057,932.2152160585445,293.69791705191597,274.9969899591694,362.84069365287684,309.26182020273103,351.9133273157001,324.9648447563084
1981-11-30,1723.6558153792491,3288.4674175956484,2232.990672195396,1084.5726884053927,206.95520486361946,1028.1089951905244,1886.688966560362,1746.9779964564243,1143.1577481130205,137.41101187614225,639.6646686852779,1161.1525953535365,1426.0430259088093,1132.2860038212505,298.40758441597666,630.6451498638112,760.5588645003058,716.0382165921396,972.3032669947098,301.13699159292395,289.76212834405715,372.27709157270715,323.0060340161808,370.04777298560543,343.2047965276353
1981-12-31,1735.676591035704,3262.05444729752,2157.966651590975,1056.321739017809,198.07413615730695,1027.8601928136884,1888.117190108048,1713.2927667287515,1109.521474532543,133.1284602800104,628.1705342536721,1156.670546335472,1417.6835616909318,1081.3455887953362,285.6029149686871,617.2155613974613,756.8625484188343,695.2509111262533,945.059329453518,288.4172662050304,285.047408753771,360.9877887707648,313.765477395046,353.3445566085812,326.52367059720615
1982-01-31,1718.512485226952,3190.9710188364597,2108.0269873398565,1041.6441484541567,193.71828782907164,1000.3371804307161,1826.7382764920153,1634.8993428943106,1069.4522160012748,127.22288178198914,610.794080935147,1122.0976637055048,1381.7424480349434,1015.561929900972,268.7080745337144,606.4507047911281,731.1178688343678,658.0494253737097,899.3420843912039,268.36534418939186,289.32768064361755,353.9871525831333,303.1175321541677,343.8894096182922,305.51089282326416
1982-02-28,1695.6201804112438,3062.301494443917,1992.5534850273539,972.9091760301122,174.86271828322896,979.5121610085093,1750.2856261442716,1559.867272451519,988.4315855692341,116.551935349643,605.6450868328637,1094.1024490937161,1322.2045476915657,960.0787349846921,250.08848592504975,608.4999017226174,731.6786362397637,637.3478485008781,825.5879393923657,242.25017581563378,281.3920010189245,336.357176435883,286.79677487039083,320.62460327879546,274.7541947100677
1982-03-31,1695.27427389444,3021.8178686873684,1976.7784390863924,954.7712302613828,168.84883967603216,986.1522739479861,1751.918642633464,1536.1650892466184,949.4844158030496,111.22457948868154,607.0350423071451,1099.6867479938905,1315.1664528842036,959.9299227807695,244.93091107981746,617.7162412341082,729.744809604182,625.5282326504293,809.8340703328805,234.30655030046333,284.2081721651219,330.81199202516103,286.46265662766683,315.2243230857707,266.4854672202682
1982-04-30,1765.8417608195703,3198.4401012942767,2119.9663853216152,999.4583429225366,174.64879731890386,1036.9775759949914,1859.9752325924537,1668.1800446862944,1026.6945895273218,117.28554049875825,628.5265109449873,1162.064279400348,1405.1646084215224,1020.3027954142206,254.2098737151653,648.3055495000212,759.8351070834008,661.1433081046142,873.7332178184263,242.01711025775094,290.0591658054852,345.21058397805615,298.700914244114,331.3092746198683,282.76160010168053
1982-05-31,1764.7381097190578,3131.40399521125,2099.485390073023,973.7142949255381,164.54326860843744,1023.7146327980154,1830.9968184686632,1617.4707076879206,967.7643734776327,110.06919576295064,623.4926421188288,1125.3453722998556,1361.7464271859055,975.5278275402629,242.68450646066714,633.0561063646817,724.914605232062,633.4579320777335,833.6585700499663,227.37217088183394,284.94484259400286,336.985941814779,290.6088077763267,320.9310115924009,274.17610963779316
1982-06-30,1733.101649626124,3026.6585315714337,2034.42443732005,938.981906025544,151.23731264914755,994.913445318876,1803.2590476656815,1605.1083790690618,940.5701945829112,102.27838801765323,608.5861800310519,1114.59719864902,1337.9485466244046,958.9916553356279,229.65817289188433,622.7930007682975,711.663891163025,615.2694544739855,829.5694747638711,211.5832199636285,283.4163984583286,336.38779176805775,280.340436162358,312.16959497592836,265.86610593078126
1982-07-31,1734.4967964540733,3013.991965616807,2005.812292033581,921.076460059543,142.07732233392662,987.7679769545958,1810.0663505706193,1650.134879318707,930.2596641098934,97.19791364965235,601.6866385080398,1100.6056600143788,1322.6664983248606,926.3840210709059,223.40366221134676,613.5414107418844,705.1543015505569,595.2528933115833,792.3765569323077,202.41637695870432,285.1917187782716,330.89794300640307,269.8800934678319,298.2546352798763,250.49585461471096
1982-08-31,1803.162055632097,3217.029534380584,2154.446994497853,994.3987516625829,148.91806124966052,1046.940217614061,1969.8191865392812,1810.6203971417272,1032.404966008152,104.22561440026317,658.3522827494501,1212.1036170077953,1503.4961713098426,1059.946363692825,240.79340327787799,676.6797302385103,793.9734219109604,674.7018922347737,884.7573625753746,232.4345232453032,318.921058166459,375.0096168906437,308.2670283224159,334.0696483935544,285.2308622948599
1982-09-30,1912.5671101955188,3396.8100128799088,2248.5079958306346,1028.268967542962,145.73344850983656,1117.7385028899942,2083.507300890396,1885.6072408893517,1063.9036415210608,101.85364786774198,702.0806997219513,1264.3658886623205,1562.5369624610087,1093.140703964593,239.18514413738504,700.2451018440664,829.261570647793,700.5510711300724,900.4379173122979,234.45019543088645,321.00456943946045,378.71583693437395,314.8069133282759,334.3181962119593,291.138563914711
1982-10-31,2096.410711095953,3912.9111358068435,2599.40115962798,1196.6161346401282,167.71282148064162,1239.8771423162923,2360.1324817223126,2176.9712717515745,1240.8701815407494,117.04756393476453,771.206863335875,1425.9910445759135,1809.9396898753098,1267.920784840084,279.3503094666554,764.3280323393262,923.4267097795617,803.3520369609126,1059.0644634535363,274.8783182305977,349.8416939304849,415.3092546781578,349.8962363085856,376.14942619478444,338.2284797965321
1982-11-30,2273.316328951785,4321.888607721375,2883.461118950966,1346.7053031757698,182.22786304132669,1336.560282119832,2546.2029664488177,2410.895542786368,1367.5766766480572,124.08013271865698,808.9450999863526,1532.5525033549823,1984.490273566885,1398.347992214229,300.1823000945123,798.0593570625255,971.9518599517679,871.0472997074609,1140.2650539954457,292.5046155088165,363.1230839988619,437.06772184000124,361.64715150877316,394.9392184814925,350.22375283251614
1982-12-31,2317.064028386133,4455.400390591103,2969.1027976449286,1356.2736443548338,184.8182321144592,1347.8208024966916,2577.54163255987,2436.0677031486002,1391.5120036427513,125.11880750964485,825.0495790368809,1547.9515909086933,2018.1234147232963,1421.3494183381606,291.8981691588041,819.164834819401,970.764134778907,886.3829584661105,1145.8934023019672,303.2126244733633,372.74766134025174,436.5655310276071,365.07231168071274,394.6390646754466,353.6531438202521
1983-01-31,2448.840093808509,4894.863263517447,3326.036459566611,1505.615647882033,213.1357120025724,1392.9134952650209,2791.717299434167,2596.307364526309,1515.2202037905993,137.88543015269897,846.8977169393567,1607.775276042542,2086.5640340868076,1528.540484722133,314.4954659242329,837.4313914710389,1003.8147705115897,901.6650870530248,1172.7794992001784,323.8662556019909,393.02774335079084,446.73794446608133,376.0686547808475,403.124593844098,367.6967101613543
1983-02-28,2576.2850788105857,5241.160154821515,3589.465199237206,1591.0292235863808,218.19363558410544,1462.9408283259745,3001.978279558351,2798.967328479139,1595.9920471940648,139.95081601095626,883.0433114983284,1699.2030248899773,2175.8522822334503,1605.4810985611064,324.9235065833486,871.4763272599024,1063.3951924005346,934.2287216719446,1225.9310388834297,327.19883937213535,398.08797554643223,465.96063147851237,389.4875365207377,417.6112792484795,372.72165340241935
1983-03-31,2729.107733400551,5520.005598538483,3767.1329582038497,1635.3918914276398,226.6558393529638,1540.8614456651007,3212.395943107434,2920.0562530438033,1651.9235884879804,143.26135256369543,916.5768812524776,1784.878540607955,2289.4230679569073,1651.0029096297078,336.0677330121443,914.8566758782459,1125.0115000337987,973.6456998967274,1282.6781607423047,330.97209638777485,404.7440064975686,479.0401464041142,407.17299709153485,428.406948428332,390.30517012333195
1983-04-30,2930.900688315921,6011.137056657249,4058.392610000338,1758.2556134468157,244.58091640819296,1662.096424210031,3452.3105217224697,3205.9589607793223,1812.5533343853747,152.26876684478523,978.4696517359324,1903.8103524042847,2431.9190491296135,1753.3271169598283,355.5153005860911,961.4722829409461,1183.3579714600517,1037.9063160899116,1389.6342791758018,359.6034995299922,437.77354589180925,514.5403745336838,432.8464760771474,455.3087627548891,423.4861835510268
1983-05-31,3112.3820589364427,6539.107246617567,4410.454110525257,1974.1395124326561,277.54088528427746,1719.5900016198802,3609.8946877970134,3430.5395919408747,1953.1367835536387,164.99539037767238,995.5400332801175,1983.2487431687057,2568.3667312191283,1844.8542991193656,372.8210743880208,980.3190626311543,1221.8490561977326,1074.8277574721778,1439.9515467904782,386.1210211888333,422.92164057388374,506.39622948556473,438.9089238210839,449.8669124224427,434.87372702671394
1983-06-30,3223.6434927793025,6794.027803519705,4598.198321102096,2073.1445831206665,290.4168395752709,1744.9453561937653,3807.742185951105,3561.7474397138367,2051.715503293158,174.0777266364017,1004.7039792864609,2045.6576146187383,2700.0340516950764,1945.7456910296055,389.6353048429205,986.1901934972524,1271.2752942190432,1107.8357179041486,1509.8021563737375,411.9656456210867,430.6310791599051,531.4785411282143,448.51664016352737,472.94418529588916,460.6813083571143
1983-07-31,3256.163608334461,6734.797469128621,4487.616249677912,2014.6114189608377,276.08505895907086,1777.478117414642,3728.9561923815904,3505.6499175383437,1909.6054806730606,162.0419926167609,1028.3657627026364,2026.725053395442,2648.833305972783,1851.9665859590518,363.08984115927717,980.4426770495505,1230.467357274612,1090.5324318262037,1454.9782204714943,381.7780390069104,425.71973170208634,513.5087201741281,431.66631850922386,453.920005442362,424.59752351742657
1983-08-31,3230.12406795861,6498.278116810293,4285.049739783701,1934.443986766129,258.48574079066594,1755.0125714886385,3615.554905615074,3386.934588730825,1835.1365957432536,154.59875572790259,1021.3800740765973,1960.3052199455667,2583.595190479979,1792.43882398657,355.25291002769535,985.239983068354,1218.257429688376,1073.5321217464652,1462.9122167077253,377.24595190585933,433.1285321928978,525.3379070520594,437.23740401590396,458.0838136522849,432.7735734302781
1983-09-30,3326.0038406678254,6664.653531434988,4321.284120383311,1921.1795043488735,247.1356319125478,1844.6551036151352,3751.250296777713,3491.885530831827,1855.6038741955779,150.72064594046816,1075.8829575894727,2064.3190149158786,2641.4909751034447,1855.9933273686618,363.97401371596516,1032.1787863416964,1267.3617319068258,1108.4916952911387,1467.8100468092625,380.0730330694418,447.2931345812021,532.2088015383935,440.47995660408594,459.4644782666329,424.92176248753253
1983-10-31,3281.4187591836735,6365.98374807726,4045.5300168092913,1779.8344858549183,221.04626465843592,1817.9315851290628,3595.3520856939276,3313.293045357433,1670.1566786123458,131.66126665806627,1060.9271085960213,2015.8178396604299,2523.8468915452627,1736.775451978463,333.4162114204276,1037.3283263067551,1239.1274472434054,1057.1186476728708,1395.8315777338298,346.74556901868164,450.7037447323837,533.4994078821239,431.3294259855927,443.44800601873635,402.6099705828372
1983-11-30,3369.0982684290616,6682.271284616731,4204.268523608855,1857.6417302385519,224.60621475076002,1879.357675458989,3763.2909816166916,3531.118870038367,1796.3904606952242,139.01902488398562,1103.065011495238,2093.7816104271365,2643.8457158506735,1851.0934857785894,350.7325157767589,1064.8693933701995,1296.96867735328,1125.4941389229998,1462.4657855916873,370.918936362819,445.2299477526089,551.1182258274312,441.1732261454358,446.55613309292164,426.92882063595226
1983-12-31,3418.930600917396,6607.570173925999,4143.542069053848,1782.918091639706,211.92472325971735,1899.2807461765299,3747.1088303957404,3551.412210184477,1764.6841690639533,132.371691190133,1094.3739622696671,2083.417391455522,2641.482117780703,1798.6464540460247,331.26265236095946,1042.629596089663,1280.4699388086692,1109.7856172260515,1423.311189114041,367.41115598163583,443.51492199386587,539.6373309469941,438.77897904714456,447.76049498387323,425.8521061503084
1984-01-31,3462.0638293785696,6628.139539877431,4099.811126057054,1768.7278465483455,211.2753859076496,1907.168459115401,3726.7507881202,3456.6179154702327,1712.9771582262106,127.67011346244183,1091.570176178332,2042.5594929916879,2587.0649446723028,1703.19588402271,311.7314063777573,1027.6459661642584,1239.2234411397642,1067.567152775538,1358.0666042050534,347.9548982166283,440.42229244280264,534.4438612739602,441.4726431995149,452.24974170658163,420.80362943189647
1984-02-29,3330.7823689685342,6202.785313045337,3838.2759747036225,1616.4386102326866,195.8579871718107,1840.0265935122434,3555.5214964092293,3241.3259252230846,1599.886406240116,118.41313654562057,1044.0224708741803,1944.6351057786803,2411.848210099537,1617.7107794077262,296.25924148501,981.7810990483814,1172.234739582072,1011.5156069862112,1277.6351095710093,329.114880252689,425.47964490480325,508.8717913997238,431.4600436517499,441.5761955525646,406.0506749876437
1984-03-31,3373.7661154400735,6277.621917847229,3911.613913752284,1607.7324718779732,192.3478203257175,1854.5186429627456,3589.5122819149015,3263.1789446109387,1618.9922497034352,119.2728159169418,1057.0299468388016,1962.288503268939,2470.8637239524633,1655.7496306747198,293.8151027427587,997.0860846014467,1201.9637848126129,1041.4837798743918,1311.8246251031292,325.2273752871442,429.97228447535304,518.5281425133251,442.8234068214061,445.23465433271764,413.1927003100014
1984-04-30,3369.3835932561165,6251.557231644327,3862.1711138824558,1569.8703721652469,181.80542864148524,1869.0766143100032,3609.0176916548266,3265.9918048611926,1599.5173919317526,117.96713640109901,1066.655261534716,1986.2598196248723,2461.249593202564,1652.6931168564943,292.189423779283,989.1672269175422,1189.942945000702,1029.194271271874,1295.0752482898124,315.8715593822589,436.96836351605145,521.6652377755307,448.8639609138569,444.4363485974991,417.07423253671345
1984-05-31,3276.3380653283493,5949.725796943308,3650.234474008156,1466.8601879548798,166.75502984225716,1812.576297336026,3455.7715824317797,3143.1121291950953,1474.5215058218537,108.03041060062523,1031.2743065096092,1920.6536577826625,2309.6932270019297,1552.0821179816214,270.8324222269839,962.3014450344618,1136.8310315935407,962.439701642909,1211.665926923707,292.35492178624975,420.1638711603147,499.28371241400924,419.5347408437846,416.76040829763565,391.1355518667902
1984-06-30,3331.498492996217,6104.258025067316,3713.409082049815,1508.4559423047165,165.46251160594983,1857.7511363945318,3571.436257295771,3247.1900011291327,1550.4844302372783,111.27748065204824,1064.6123110161454,1984.6671235429008,2418.535210631169,1613.9232778904811,276.40127849281515,997.6640985365883,1171.7408389117152,989.4034123241366,1258.8893947596316,305.037570648259,427.04741586153415,513.8727824907467,425.6821834013686,428.0054376343225,403.7571049899797
1984-07-31,3316.1103014570676,5922.839476562316,3515.06847615937,1406.5838786971096,149.8521164109981,1836.9368926623674,3463.9324545149107,3108.005696110735,1468.9211967846463,102.75907823065329,1064.388742430832,1954.367210567771,2336.7258385963587,1546.8518543079088,257.6833839132817,979.3419973669639,1145.9367621572014,947.7257829833948,1199.5730442573472,291.2934928275604,429.43546501103185,510.02027824041346,418.0437423024145,420.9660322015508,392.0517827592152
1984-08-31,3503.885047277074,6513.855936570563,3935.8538083719322,1568.9191307214219,163.35813781100492,1971.2573921276248,3861.3494250214067,3496.1831755321805,1690.4242308113933,119.44704977623314,1159.240680823813,2192.207836992237,2626.5008731148546,1809.8723562070084,295.28067804314907,1066.362409885003,1286.4881979093066,1083.4969786535958,1366.7251509632988,329.2327225073932,466.51421136647946,564.5807175457383,465.8127646478268,471.31356965285624,447.4973140841544
1984-09-30,3601.7590683026647,6563.784642324377,3892.169766952812,1548.5749563533573,158.52682088524446,2031.9090395686076,3823.7360202722734,3482.516595499025,1626.4146268874892,115.72484081110616,1191.6889867207524,2211.2953906289285,2624.100251316828,1805.3549148059158,283.3129521620603,1106.9129732457,1292.8305847249994,1086.2371425126107,1353.8970686963573,330.11210310921047,473.376168901469,561.7815263481465,457.03824960015567,471.66139906726,441.61272440394777
1984-10-31,3651.0419376342497,6534.050697894648,3806.2929332147655,1490.6257329116581,149.36555590628618,2071.9071690125156,3791.7351735186153,3436.119026897191,1577.29527874086,109.97158035018202,1210.054105695106,2209.7563290370504,2630.736600852408,1784.3568317918084,271.89062386974246,1139.5226294375184,1317.4176367852995,1101.7019007105628,1334.1626650230392,320.1288528869817,477.7416439310784,571.5447274945509,450.8618346950591,476.5718658929492,440.53298129278016
1984-11-30,3668.869975415718,6404.93785610425,3692.534256319776,1423.8650782117438,138.67187829673153,2091.820268813895,3761.6439631815715,3320.6276302841493,1545.3424309841278,103.13937597776626,1236.7515294290572,2215.2917686412884,2634.4012169373955,1741.6875068731708,258.7177950338773,1149.2507341250264,1307.359153128444,1087.7995244254962,1325.295819951296,315.55133041955077,474.3315240766983,568.0440160386468,447.4204063108317,473.1658067674123,432.15888985138565
1984-12-31,3744.3643128998474,6457.938716863514,3752.4271619572824,1423.2044048154535,136.8531966128699,2141.214420821397,3919.952749372068,3382.550694333688,1573.2775861090277,105.18091678587018,1271.2902893914224,2284.916173637915,2707.292464208836,1767.2084539113837,264.458742905679,1178.0038382421003,1358.8089652406604,1120.5792752945342,1356.351476900215,317.41497657700864,483.60280804630145,582.5950315534927,463.29801426958426,484.85962651586203,449.4582102121366
1985-01-31,4043.7898939095094,7354.494348925675,4345.941061309742,1659.3282476183856,159.61078838401727,2306.920863634344,4369.1793344501075,3868.7788264413784,1832.6135168480675,119.35194170443046,1367.903266224013,2493.38050073977,3049.816399488074,2000.5170812052181,300.7564987457122,1264.2985094125254,1470.4622979144856,1239.2295707005453,1516.1798658837056,354.8391545603677,512.0188254442941,632.8281229591296,490.277247534545,526.5318568360209,491.0011831238342
1985-02-28,4170.109802615455,7611.122074737088,4513.451013576864,1708.1888271977566,166.97634743557447,2380.5900744936434,4500.416374118986,3948.4331136989795,1874.4520834377088,122.67744485614101,1389.9620742951415,2558.16101952949,3117.3545836547373,2042.171847870073,300.23258092489715,1278.1236136129512,1484.024371688151,1269.1631609808169,1511.9861123746712,361.19929156670776,519.8056077416509,643.429259674941,503.12006003371243,533.0719090297811,499.6467319562787
1985-03-31,4241.072561126562,7583.341479164296,4399.761695995877,1665.6532172117054,158.04828911454175,2403.879387192415,4514.64669069395,3793.1728268021084,1818.1210494262386,117.94982416371988,1409.870501085271,2562.5252422288077,3051.7030961229684,2005.5883813873284,288.07916604905733,1328.730918093956,1498.995209549741,1244.5198198840524,1464.5989556267366,354.44125282149463,519.0758006683817,650.0694496347865,510.2507806445702,528.577579764751,498.94572759134405
1985-04-30,4290.951815517971,7596.202826312958,4400.470057628932,1608.1465398874711,151.6898483951746,2475.8755748388276,4515.165875063381,3752.5517389998845,1784.5421717643856,113.56079325676372,1456.36380059956,2586.8692320299815,3042.5601936469843,1980.2758504258388,277.853796050146,1360.5168191165997,1491.452265655287,1252.543239162845,1449.9324616850906,341.9727184297401,521.4521296838416,649.1762542109883,519.5546933788434,519.8269779317455,489.2287595465026
1985-05-31,4416.522229447289,7822.896307258617,4553.8352400774165,1641.5332702020753,150.8136878308441,2563.0932437136744,4688.1283342394345,3919.7391766275464,1876.902936406223,118.0043135361076,1524.202682795288,2708.765097112466,3189.42153163413,2054.021323095697,291.02295456773874,1437.0771820787481,1575.5120067998848,1336.912046666376,1530.7487972344943,354.54944909543065,550.7806832657795,691.4577528240042,556.8930109732073,565.8950843700128,513.176507326304
1985-06-30,4526.135894659941,8021.519644499914,4615.7947223539095,1640.9062044928578,146.8757916278929,2635.257133990433,4786.194602735055,4003.7587858785587,1889.6452304414847,119.39180825466515,1588.466116307303,2819.832592389368,3189.998816931356,2094.8758072120704,293.3290204597335,1490.7017171280168,1610.9090350566578,1356.3507478249053,1562.5103040283125,358.7207233640384,559.2153386493118,699.2532475293419,571.5643573472965,578.2310313141946,520.3691892529895
1985-07-31,4646.639736719367,8291.588167890937,4757.25498320989,1688.7550294158696,147.57594852658306,2702.382403707437,4902.642717419599,4176.144624163346,1919.2673090738854,122.81751740891626,1588.5153587569084,2855.1058782875666,3257.964931724896,2156.1090270568793,299.86791098382184,1470.888800605668,1604.0368971131063,1374.6465630623154,1571.818177909409,359.23584632278914,559.0436595403464,689.1273612518695,559.1528373274999,575.4063727262247,519.5230689512641
1985-08-31,4688.426967871685,8340.608037139507,4727.260490540752,1677.4032181081363,144.8919847507301,2753.6736217298044,4945.344735488323,4181.085003253731,1907.2987581345008,119.87223052393303,1600.2862575652969,2863.1201604879197,3217.1198253758603,2122.6850249194435,292.76943779501283,1485.5844506125195,1579.6571403138842,1360.321371228643,1587.8632978695084,355.43980113469627,555.2298636949621,689.8316494150689,554.2736696689801,576.2315054647141,512.7396562399674
1985-09-30,4620.027506837405,7937.156145166996,4442.25395556605,1546.7117011756773,131.574093080382,2702.4305093030343,4766.763391745104,3984.185167195503,1769.1206850039305,108.07056968439078,1541.458134450939,2756.26278985819,3085.2951234112593,2011.5985495103341,270.97216761229856,1428.1978088698083,1504.1147765497935,1281.478504873602,1502.6236203132773,336.4945042944158,535.8778820257379,675.6756141374224,537.4830573936978,551.3181363259472,497.4241227080796
1985-10-31,4765.8217148706735,8209.662527099015,4602.517151521006,1581.3162820660805,130.99187771850129,2810.111555376723,4948.853753309767,4221.060912125944,1800.7224878001555,114.68664996046918,1618.2951980789148,2890.9007146171825,3202.3203674422484,2081.74097933321,278.1382975569734,1503.2781676820941,1595.0460353661113,1342.3218228064961,1593.9185236126511,349.41320130328694,559.3311134104764,711.5472324919781,562.3798100952312,577.8889139061762,525.5400263959085
1985-11-30,5047.84398066986,8730.122292666983,4894.9012586056815,1665.6194156955873,135.18034300855038,3028.0160357153,5262.249814945614,4605.831719570784,1941.4417473317865,124.33890779444219,1713.939680875775,3077.401392419281,3409.6578019526637,2223.028739600555,302.10046816810177,1602.837274171344,1720.9557793058411,1453.0284728206389,1700.3237424934607,370.9566216428424,601.0639264442589,751.3376652801621,616.8665403761178,618.9190267935146,556.2546876985909
1985-12-31,5263.9926599221435,9205.678244315432,5102.748555848596,1745.1294241232317,136.13336442676064,3164.406962012024,5521.352471333906,4779.236677980905,2020.9457283267702,128.80267458426266,1778.104440708721,3203.7441065850553,3548.55703183081,2308.6264612188747,317.7163434681791,1669.5521700341778,1795.726145049342,1523.580270318445,1773.925656334775,380.60742911150254,642.2271883828674,776.3744903002929,642.6188678371996,647.4264371676239,573.024654023328
1986-01-31,5376.210455446363,9560.345410034171,5301.194447185549,1826.7369113835066,140.88210457805934,3224.150965454811,5532.709893367439,4914.608556884714,2076.6167203049877,129.2230865141057,1822.4041347445386,3270.9778804058487,3650.8441882733337,2335.815155052649,321.5724667288524,1732.6328596745789,1840.8689046097375,1565.2121012048965,1805.6540906239788,381.2517974889883,649.519678106955,772.9949321440157,648.5001157156456,661.2489916011526,569.3521390156925
1986-02-28,5735.314432817902,10379.380201311798,5652.366772144908,1948.6606397968874,144.174378479944,3490.385231427242,5970.026348758988,5287.82393069454,2276.007227938512,136.31355727113467,1973.2627490186917,3540.751781092322,3898.6269833314454,2498.343509356367,345.4215671513311,1895.432775802462,2004.9842083246,1666.0274126435042,1894.226840731357,407.4765836310659,693.3875876466205,839.6410092036085,699.4203448016381,726.6141156699182,607.5323241059458
1986-03-31,6007.965545639633,10866.287305935535,5931.644561989816,2028.333578715623,151.5836439644068,3719.511569944283,6262.874051244663,5596.357881402705,2374.2374238891102,140.1269290357947,2091.228342680527,3720.218325868767,4119.098237865822,2643.3573600134478,360.59524575315476,2001.565638650745,2156.133952837567,1744.1541021320083,1979.4916735131974,428.8418033405936,724.341796334341,891.9002656164411,741.3359066452555,773.6216892690678,643.5407649557052
1986-04-30,6134.625475272808,11136.933923864472,6069.08076649112,2060.1155375605176,151.2906327806236,3757.0005270577512,6311.135758683555,5618.144502635006,2421.591589308579,142.3351893104698,2120.0538341560355,3778.436022450287,4152.681245799143,2665.762456996922,364.83584584321187,1986.9502063573173,2122.3904564756585,1721.7574193065313,1978.0149727247565,424.8570053039528,722.2325130234153,867.9955546973891,739.5114789790014,753.3613108488003,632.5445839049071
1986-05-31,6348.122711063253,11548.243167540633,6241.3819694518015,2126.173142272396,157.1563219041612,3903.711397639356,6557.762321861391,5813.740203494243,2528.5266523008568,147.5233069608364,2236.6016736349293,3948.6054455933804,4332.504801785984,2804.944580639188,381.29650953596587,2079.7109767411084,2211.0384610617343,1813.058771737518,2097.657186364986,443.8956974256336,743.7485418188959,921.2010782136749,786.0444992822761,806.9237933275284,672.2127198507517
1986-06-30,6498.858884837449,11640.686854096797,6272.726189702389,2136.2873479101854,154.67419495600686,4029.836409185686,6610.722810372744,5928.439483968982,2513.249294267655,144.274106125024,2317.3966724933175,4038.116382439537,4357.771969789999,2839.40051986776,377.35428492387354,2146.398988921289,2211.9670972153804,1842.1075993782968,2107.786772917943,439.46872563520776,764.746050651527,934.5280942121923,799.7279619257821,813.9311195487845,686.9456060317206
1986-07-31,6367.633926234812,10831.798805979319,5773.492457716356,1902.457879957328,137.2113236712787,3906.745056067109,6166.687169922817,5374.142249096851,2250.8158029602264,126.78794018856496,2245.6268975461994,3801.543334174317,3926.8101108376177,2574.268656924588,330.1287735199357,2137.017078940714,2103.2776699595083,1685.3074005192163,1935.8440669171619,391.7639559987803,743.2842174860425,889.300672564699,743.1759988261624,762.9822871895088,645.7020787911821
1986-08-31,6453.004794283841,10966.622205717344,5833.39821545762,1914.6716595466544,136.78651741319243,4058.1548674600463,6374.763528410353,5574.549387707921,2363.975567454052,130.586253300734,2337.706582853184,3993.996465466891,4140.267581652641,2730.3980509670646,350.5158759286593,2271.326465335059,2274.4024444650836,1778.6565774339756,2128.5321778058956,420.35253892383537,803.4419256282753,949.7339890695056,797.0354498130921,816.1896199689565,681.3202968614613
1986-09-30,6211.914082164602,10268.794101523137,5431.033740148215,1763.1790085000039,124.94272001645375,3885.752274225741,6047.668037004089,5234.763878878959,2209.775805164592,119.16805248462441,2213.702937165737,3758.338692014948,3822.195664959758,2517.779224340208,326.9860956934443,2110.6846297477714,2072.4923674576958,1623.5417159725362,2028.2272274589704,392.75008945540173,735.2819298676006,861.3251514950034,713.3897674970074,739.8334486416207,638.9462623184595
1986-10-31,6330.319376484741,10638.973860088945,5606.217164470437,1819.6412898891992,123.61058073563834,3982.2665892129594,6250.512870633243,5492.162453567317,2318.845919355906,123.52459814735732,2255.2629961080866,3883.0215781225434,3952.345249547303,2676.842444617125,337.0909470086588,2211.3938361715564,2204.7049455472916,1736.1960285604387,2150.198728236671,411.05970587572307,754.0404424623828,926.7221249474131,765.1112390303078,789.0138771400725,677.9948241937898
1986-11-30,6354.773400236102,10666.167077275331,5603.649517009109,1804.4818583031322,120.31252683103078,3977.4440643734224,6252.138003979608,5485.412585911883,2306.537485215965,120.3423574498851,2243.3912916965737,3909.888204421573,3911.355476964248,2693.8698394073344,330.8857768561234,2222.979328479259,2292.8931433691832,1761.8344353141906,2169.7590860674395,412.8309621483415,780.6158438165271,947.044214425385,781.6162186786696,803.3005514134478,678.7731622519642
1986-12-31,6263.2074703121,10452.66241088951,5416.078556726264,1720.9975051287379,113.25114400626393,3911.159959040639,6097.541387555204,5389.368496945152,2258.801385421935,116.24060853856322,2214.6713963802745,3804.5401766416385,3901.905642131902,2633.8665826043757,315.3705427793398,2160.124587966508,2230.982735605072,1723.0617448962314,2084.4159519351488,388.5891152200287,767.0307862865881,919.7267240602848,759.136936229471,783.5803261767991,651.8679516466209
1987-01-31,6857.82386112859,11670.355771108494,6021.736957410734,1932.3377197560521,125.77037846929235,4307.509086969899,6771.8684896049335,6028.1649555195645,2591.188526889543,128.92931712602424,2382.5634202684664,4259.430022861796,4427.9215417477035,2925.720070889601,362.6124193465994,2395.189345629023,2452.528245181598,1975.4058604980291,2398.3623449518136,450.4295756052593,861.7498840235463,1059.2170776648877,847.5634839722886,890.7897864043086,740.4027012354101
1987-02-28,7279.134270037023,12528.908834121632,6515.218301070544,2114.8837318036863,135.84622079960278,4534.312362926125,7343.949167738269,6494.1662192410495,2871.3530127938943,137.8055848928825,2478.066092406508,4585.919593544175,4713.757161032143,3220.3810421091766,390.0121389772671,2472.7024632322696,2579.6820245812833,2078.142768490811,2549.046654360446,490.91373543108443,873.2051252318714,1103.7285569195992,886.427659966354,924.7556009599048,793.4370063222013
1987-03-31,7551.6941736442905,12693.851918922845,6597.811723473215,2172.943634892893,139.13709549847314,4589.526684569477,7468.649424606466,6646.973950379791,2921.093461034523,145.0661477441338,2511.708317677019,4626.161037977525,4761.083282928906,3300.8809070187795,395.43525776974604,2453.8975609993886,2611.561735041059,2139.907249713126,2568.5698026861933,498.30836902788286,875.5549202238702,1141.7266199486703,896.6889465581246,962.4680591226505,818.1525690691378
1987-04-30,7431.871442191077,12256.155210906467,6364.849589329099,2107.533685595347,135.84372044802427,4458.100998430145,7150.492427767654,6430.714652904185,2843.588088232894,142.439870205374,2396.473651770315,4441.308895222019,4637.342728405583,3224.2212488341747,390.1395887976936,2364.4480871058386,2527.547794024788,2122.257294717492,2488.183842141326,492.89873337371614,849.5378057694179,1148.5781213949822,897.1785387229453,938.223488713351,810.2852139649691
1987-05-31,7378.384263421627,12141.80528278871,6292.614911339802,2088.8735823430857,135.24016679807372,4410.666803806848,7126.316612869371,6437.859176883562,2846.397553264068,140.33147524659407,2405.057820390956,4412.760161643531,4642.499453519571,3187.984226218528,388.9562954248702,2371.2766131814,2539.9353057633034,2137.582114642647,2509.8111360972184,503.5699909512571,849.9880608064757,1156.4585158858729,897.6863417758626,950.107965644883,820.8805034227751
1987-06-30,7572.029958415128,12508.961332734956,6432.80178633463,2116.4822244809143,134.29064558698445,4568.043806033481,7456.991956339736,6720.352437565212,2956.0920221717583,141.6793590663376,2552.5624215733537,4658.250834956084,4850.817688997901,3285.989237300938,385.33589022705553,2501.7489949918668,2690.774443766669,2238.1617658829277,2586.5109644163495,504.12693936124924,893.3672014897342,1219.7063885781872,959.6733790481695,993.191561455016,837.836611101476
1987-07-31,7709.326005621111,12823.41160271725,6581.097165915003,2178.3067867402265,136.79865768396695,4695.414571477113,7762.646599638146,7045.133630167864,3031.720680467001,144.15138052332705,2641.7617153952347,4848.759319353282,5079.262097243569,3452.8780586849784,401.5566045261634,2537.56903710216,2800.619928884556,2370.246882496509,2758.162178058876,538.662659469131,903.6159100252244,1284.9314074137944,1011.5677170201993,1046.0402776315987,894.3218797487153
1987-08-31,7917.115469450617,13172.657217717253,6769.691667398628,2214.606091034466,136.25857658343065,4878.197669915574,8051.8828119406635,7434.750655317038,3146.9442566488297,147.20955206112944,2768.3232356563894,5083.4441191693,5354.283822760919,3522.4811745919496,404.89193368335765,2626.9117677604527,2883.1009864101347,2482.0087634999845,2872.645215583566,553.6477159929028,947.2135704521214,1354.331837659621,1051.9545581222308,1083.334751649998,919.8887536469717
1987-09-30,7875.241845732692,12956.757365918867,6623.906357341199,2185.185049115073,131.73778952954558,4804.47346853014,7882.9221030149,7338.247591811023,3082.384695223679,143.07620225835706,2695.317015285659,4947.106147893181,5239.375537640647,3393.9176566816927,398.95338369202386,2570.3149537240533,2804.8795735478416,2434.8878271249373,2838.7623652657576,548.8680752607361,921.8869740053726,1324.3279701281097,1016.6951452430898,1056.6717167423883,927.9322609088609
1987-10-31,6149.902361202191,9349.73863957808,4644.159849165419,1497.4067956463005,89.48908521405173,3711.4653633864705,5700.606065094152,5129.016786563172,2086.4785297356893,94.17905167934998,2201.831422957008,3699.4014534391886,3785.543134705045,2333.5831145458847,272.39818922400747,2157.1034108185136,2149.578363659433,1772.6032079226088,2066.2471240436216,393.94292573341494,792.4273081327722,1048.960455299372,806.2341667020439,806.9664533438444,667.1257637932946
1987-11-30,6032.014882840306,8939.930245266733,4374.710338876689,1393.2531685683264,80.24226752796898,3676.7446049119903,5461.972994603246,4940.027905028679,1962.276722296113,85.58606082507441,2159.4021314366264,3507.4358126187753,3641.359367790399,2200.610881512831,256.12076302873766,2099.364223821134,2043.4042395432023,1669.249805281473,1930.3913756377535,369.92737709485453,734.903424980798,956.4484369046991,732.2355761796302,734.2733012937241,605.199814769182
1987-12-31,6257.0030059553665,9465.776942293323,4650.4089591430375,1456.662906776208,80.39360444452673,3873.590157569769,5844.305642252478,5320.73609555762,2178.9886012297734,92.5959015508913,2256.3571277359997,3767.7471763239027,3901.920478712009,2470.5642195697733,285.7226885780731,2174.76288991967,2239.564916326631,1852.2496614344807,2156.4073890715486,408.5485351183116,756.719033151353,1018.894955350207,794.2537327753164,807.7160511624237,666.1416205169943
1988-01-31,6611.274516152558,10160.063283679712,5026.189905495549,1558.222901299552,87.815461613241,4076.357107957916,6105.294799318546,5596.201244696829,2277.627057230243,94.39096569835688,2389.660450485515,3984.844768623686,4054.4465502248613,2532.5457347103397,292.40802804542284,2360.046163852156,2358.503729902906,1957.3314892269816,2209.5089210274355,408.3540660155952,800.7789988565905,1054.0152455661732,826.936479625288,854.2986512650631,677.5706123002044
1988-02-29,6982.140571410652,10937.409725514048,5379.546134421603,1676.6821227021467,92.13361130714888,4353.382260657628,6594.9211263394955,6283.470719558047,2523.915981436777,101.33663051830477,2522.2005777112436,4267.38620209818,4373.758542734371,2782.325655433351,322.03042332656435,2438.0716500752724,2507.06352134576,2114.826210176142,2420.5435370926084,453.1072215265084,817.5553188826361,1092.762954023677,866.6360461391388,891.9091493870073,732.5337852287724
1988-03-31,7323.455531103489,11406.340230085738,5669.831823381126,1759.9863972864803,94.29460516035807,4490.522508632865,6949.226668930959,6465.433748125729,2611.0188458721423,103.8336664309063,2537.5834790347044,4354.82067799297,4415.681018366479,2869.9828252077787,331.7013189694844,2435.560436275695,2512.220551009168,2106.5826176088754,2445.441247915143,465.3044148227805,775.4765641750657,1064.8516026520042,826.8288526318297,858.4045821902844,728.3847138692366
1988-04-30,7447.903010943532,11625.307743482692,5802.415170739071,1785.701558537233,94.39795204761381,4535.20769811627,7154.069023451037,6636.819465921046,2694.260737697392,105.06253787311609,2549.989724663705,4359.867915158762,4496.324600804906,2940.9087107671385,331.58190649465536,2430.545617337403,2515.468852181623,2107.0713447761605,2474.0749194869813,472.68367753745497,789.9996892689364,1067.3806252083027,828.2485177717986,879.7119007294116,727.7772410178696
1988-05-31,7448.833998819899,11437.001008653759,5701.633021638504,1728.2108968601267,89.26326984393592,4496.490629997452,6889.955103243271,6526.508889577973,2638.088095577139,100.51963373548254,2540.026914809444,4322.682601710373,4458.038396829052,2930.315557590955,331.53913242871755,2453.7305919811847,2522.124782764495,2082.8505596679584,2446.9763768938406,467.8027458832033,803.0560141334842,1085.8302993150282,835.2969126580366,874.5752629410525,719.1363418352645
1988-06-30,7825.953566512152,12108.924817912168,6109.875647620843,1828.004706888418,92.42211843717311,4745.35340040529,7402.822691263391,7042.61215954802,2857.6799105648847,107.77112011316025,2671.1329440442487,4622.650838173463,4792.346696207263,3173.423327195373,355.53726099043786,2591.3014513512016,2673.8532875708242,2259.382558852616,2620.5134945667746,505.9838703966986,831.9355145137527,1132.0638676295625,879.62027273441,924.2782497092555,749.8384296772375
1988-07-31,7882.09695739831,12166.20003230089,6098.010269113163,1822.1349837745993,91.63754707375996,4763.993148562081,7388.45381241965,7003.300298473422,2801.612230719602,106.9286732672357,2642.493056618206,4579.216410897985,4699.394339687627,3088.7468725558188,347.15191468997835,2555.8317170851064,2657.6123027021195,2238.510382773936,2582.7649976775406,482.67218151978193,828.6485372959088,1137.1457023313517,880.505170728781,912.409592704739,737.5695732908586
1988-08-31,7794.353454068552,11891.852221572506,6009.387885872142,1775.8891978863999,87.16645951448415,4736.3143483689355,7255.712851225718,6818.8683851131245,2701.4125692879156,102.6436136147245,2631.2307512108996,4548.343333855711,4521.512865141771,3048.0310112817883,332.6788042146385,2553.751270067399,2629.4894493149254,2184.7973261392754,2495.6302549508932,463.53133348943345,804.6550188985059,1105.9151327625236,856.1451146753985,878.2553644210225,713.5078411013909
1988-09-30,7890.863138536828,12217.593837625822,6156.906339694531,1812.5399991523793,85.73422741820166,4889.339928650387,7473.551118158068,7026.939335016466,2787.8334587920053,103.6363826456061,2708.1389948380424,4668.069375432795,4700.650683345823,3103.8130268192563,338.2495107912126,2642.0523277325196,2738.870951427528,2266.8714224930236,2576.353911177535,474.99539042929416,838.9011365028261,1155.2931375252374,893.9122441190743,919.5193144629798,748.1843221789185
1988-10-31,7863.110972878594,12191.741409065406,6106.253471237865,1771.7288485314643,81.41065032950175,4935.182379821414,7503.557425897473,6901.185228677011,2756.6264510542874,101.31596403817097,2738.2643330166206,4659.2607285213535,4746.787569802862,3062.218828446851,335.14539503068164,2678.63946836696,2755.7560908430783,2274.787337500369,2586.1260215626307,471.47757456777475,863.6017415660154,1215.1130608931567,911.8190941932678,923.2185406650646,760.0797047172412
1988-11-30,7670.1502296041535,11810.725106549291,5854.394940563187,1689.7509547099135,76.34601236185313,4898.291891532249,7307.707073524123,6629.478665038768,2665.2801203457016,97.83302514243077,2696.752245728089,4530.921391754232,4673.720268740887,3000.1966482954886,326.06597113390546,2620.470133671903,2724.8695765769094,2206.864462389946,2532.215638517136,456.75757321219425,852.1227472171199,1209.399599280837,905.4910696795666,895.3262621144916,749.8201488629679
1988-12-31,7822.655826619373,12320.936620427115,6045.458973843408,1741.5164752074513,76.51840165776619,4986.397467785239,7615.807311450973,6847.336592929271,2856.335395212442,101.81169860892314,2735.429066436321,4675.811196019749,4848.162204051371,3122.889690227532,340.21038689572316,2659.090622501959,2745.9791411866504,2260.9613309565107,2581.5609246649196,474.22169902396246,869.0280103991604,1217.9984304317238,918.4939214401652,918.5429674173823,771.5184443307644
1989-01-31,8064.109921363807,12869.008844113574,6379.627764081577,1828.5783668360225,80.61657421375284,5165.179762595211,7925.610737073486,7245.3791164128415,3005.370407128442,105.65824639406686,2810.7436349225127,4897.804684173179,5182.384810074264,3319.0071627738207,358.7052441585354,2747.079931200549,2913.0829558444225,2425.7650633312614,2774.434504468485,505.9300587075007,923.4821745587823,1307.8026727058852,986.0124096052317,989.5885917752471,829.9578804150425
1989-02-28,8172.57219980615,12892.82937948403,6430.173554856394,1834.3566744752245,80.6721190333861,5247.068522551396,8030.529972010866,7339.713952508538,3095.6908039738732,103.21405418023292,2803.38791882992,4934.9104524604745,5134.546215892469,3390.900176926664,363.1736353850182,2726.616932793036,2904.594232111092,2387.8018400901274,2783.939717080794,506.4385184165017,894.9438049183922,1265.8169757013354,966.774321481424,966.5509693587193,825.6943867833504
1989-03-31,8322.63697053899,13255.491777099536,6558.2690422426895,1874.5786132764429,80.72391053380554,5363.527208409424,8188.924145178809,7519.558963486854,3182.8716483953854,103.88226196699577,2822.002414610951,5040.784021307562,5286.780376647465,3470.4812131789554,376.0259871676586,2805.4816009571414,2966.5957005897358,2412.0284775596815,2802.773069266845,500.71120521172946,907.5517732420826,1309.4813322781529,1015.478478249015,978.7749394681991,841.9638689805295
1989-04-30,8474.957872373796,13686.25549337994,6807.411124888447,1918.9967535180283,79.60854826195995,5603.813227346165,8568.677313487331,7893.566787212764,3327.1766831903356,108.59965936517904,2937.450533392685,5312.709115336998,5584.188206735768,3665.255030306197,393.0328905152775,2933.9614363545747,3177.407924265043,2550.99026220885,2929.9068556887896,524.4894796360293,945.545520677089,1379.8554780374454,1088.5634798070748,1032.1690699660683,876.4523929817099
1989-05-31,8672.593889957552,14121.149947937582,7023.457931759031,1974.1871001492066,79.89283038780341,5721.353209789751,8862.59151401726,8215.513802196025,3485.736615204454,113.14357771267748,3055.265799385999,5543.588828071313,5817.4453323193275,3881.8679373422633,412.3842579126877,3062.149145470342,3324.6807815547277,2614.5634905333563,3059.5493742393073,550.9651840785764,984.8149716963292,1430.8963321700508,1134.9395497372957,1078.2739979833127,912.2055154486128
1989-06-30,8679.714089541207,14144.407481901833,6934.077406119466,1914.9891257641325,78.68836607687689,5766.889459986468,8867.279824928173,8070.411397421638,3393.936255706429,108.83654113988901,3136.123408766749,5602.26217222762,5694.778680042042,3833.7444205230313,393.41746873850946,3110.4576103892823,3300.4006378070335,2604.743190062913,3037.012733548661,537.6659864652877,991.7116309431186,1417.840834035331,1130.562087893959,1068.101561086338,903.9646508220502
1989-07-31,8898.35608745675,14576.561563696381,7176.992005810644,1975.2155337694144,78.20600639282564,5950.339980598098,9206.267065355354,8382.373149988973,3589.1181358358504,113.58377339132868,3244.573692365312,5909.742331550334,6025.474477992084,4013.8537333992035,407.6060697485638,3297.122392503964,3599.176006345791,2862.5684852449103,3262.9877400138157,566.3665968228047,1055.6819896971047,1586.6914989605987,1244.7330309020183,1166.2611626517337,966.2143685716089
1989-08-31,9162.601669829866,15003.990078428651,7337.4264851085345,1983.0215855588713,79.56116007160053,6117.532633372943,9486.524247358902,8729.788987563417,3726.4449739492015,116.18756781255148,3297.2136559502474,6137.775649155535,6297.856051769715,4187.352561025385,413.35942942306485,3370.410829044542,3732.3311218765602,2963.854745958331,3368.529078464562,593.8438722676631,1056.5360364267694,1624.7054538926964,1278.807597622961,1193.11432592179,983.621686635795
1989-09-30,9227.949344939092,15052.017850669703,7386.990801015443,1960.2723619293397,77.8354785096475,6058.841025288363,9581.237705444533,8879.662004901907,3757.3632878980584,116.73213894288892,3284.0907455995657,6115.243874747484,6253.147571658203,4220.721573584195,412.2826281094177,3349.5648380669018,3653.4483036156994,2891.8538226147652,3355.307601831589,586.3982577971711,1053.0082626011406,1641.355435384189,1286.8270000676546,1179.1011981638385,985.6764723391772
1989-10-31,8878.283888360658,14219.20475501,6941.060327330544,1827.0091262206593,69.96965855789806,5859.256743074339,9142.694874428633,8348.169835598503,3507.7503725931265,107.58816030307561,3229.344952870421,5954.2661949886315,5856.629230991784,3988.028972510924,378.27549552981236,3251.5331239511975,3570.452918502461,2711.6363842432356,3167.6452476611485,547.4414759386739,1045.7403995726675,1629.4391949232995,1260.9836534252959,1142.1257636906184,937.5143485477404
1989-11-30,8871.012573856093,14004.508982414103,6940.91456506367,1816.0689955728496,66.29541184770572,5919.876613338186,9051.93534241018,8430.691494423394,3575.3061370188975,107.73060702731689,3280.326621641386,6054.077559215227,5958.751274892587,4035.49449334175,382.8787300349147,3301.886365908706,3641.869117778348,2781.303746227213,3193.5407475607785,550.2646316300898,1083.4937194780402,1668.669572980273,1283.9360778849432,1147.325862292702,946.275420134919
1989-12-31,8736.155440708331,13982.26982215003,6885.095730131428,1777.5665167977095,62.21141559165151,5920.45084136968,9063.865793191475,8429.713534210041,3615.135047385288,108.25934884660695,3344.1880203115006,6061.294019665812,5946.315360981886,4053.5815796609077,386.6703780984505,3396.1849386326926,3739.256339856858,2841.694194469045,3209.763934558387,554.0598067944424,1134.5295241466142,1714.154168200569,1310.9013033926826,1141.1647224121903,949.1785931238929
1990-01-31,8379.327171732599,12985.64159376682,6366.709987514103,1643.699759984191,59.04417021246494,5557.40287532605,8515.121230340077,7763.555422169093,3321.441476135707,95.00948714127072,3117.1644723646336,5659.4544713380465,5425.757075335449,3673.7731463914192,334.5491444826699,3183.8384753446835,3440.4149731754983,2584.7567304877375,2909.6477969132434,522.9133347554928,1082.5533230568853,1585.5583225021624,1204.8926476912266,1058.5421141801028,877.4662520561966
