date,NoDur,Durbl,Manuf,Enrgy,HiTec,Telcm,Shops,Hlth,Utils,Other
1998-01-02,100.03999999999999,99.98,100.67999999999999,99.86,101.75,99.41,99.62,100.22999999999999,99.39,99.92
1998-01-05,99.86993199999999,100.02999,101.18339999999999,97.67306599999999,102.736975,99.181357,99.68973399999999,101.69335799999999,98.326527,100.299696
1998-01-06,99.1908164624,99.119717091,100.16144766,94.1373010108,101.90480550250001,99.27062022129999,99.30094403739999,100.57473106199998,97.2547678557,99.1362195264
1998-01-07,99.79588044282063,98.5745586469995,99.81088259319,96.50014726617108,100.4577572643645,99.4691614617426,99.20164309336259,100.39369654608838,96.51563161999667,98.31338890433088
1998-01-08,99.72602332651064,96.1397670484186,98.57322764903445,93.99114343725063,100.52807769444956,99.7377281976893,98.88419783546382,99.97204302059481,97.10437697287865,96.90750744299895
1998-01-09,96.96361248036631,93.80357070914204,95.67517475615284,90.7954445603841,96.25563439243545,97.85268513475296,96.24398975325695,96.89290409556048,96.24985845551731,94.05842672417478
1998-01-12,98.57320844754038,94.62904213138248,96.75630423089737,91.2221831498179,97.07380728477115,98.93884993974874,96.98506847435704,98.714490692557,97.03910729485256,93.88912155607126
1998-01-13,99.5983698153948,96.68249234563349,97.27878827374423,93.42063776372851,100.06368054914209,101.41232118824244,98.06160273442242,99.28703473857384,97.00029165193462,95.30684729156793
1998-01-14,99.1900164991517,98.04571548770691,97.84300524573194,94.68181637353885,99.98362960470278,102.1424899007978,98.62055387000864,100.33947730680272,97.07789188525616,96.36475329650435
1998-01-15,97.96006029456221,98.06532463080447,96.66888918278316,94.46404819587971,99.85365088621667,101.68284869624419,98.4134507068816,99.49662569742559,96.24302201504295,95.92147543134043
1998-01-16,99.28252110853882,98.8008145655355,97.66457874136583,96.48557882727154,100.42281669626811,102.92337945033839,99.37790252380906,100.86967913205007,96.50287817448357,97.06294098897337
1998-01-20,99.55058391553186,99.42325969729838,99.12954742248631,97.778485583557,102.83296429697855,103.98349025867685,101.39527394504238,104.92464023315848,96.69588393083252,98.31505292773112
1998-01-21,98.94332535364711,99.15481689611566,99.03041787506382,97.04514694168033,102.34964936478275,103.95229521159925,100.65508844524358,103.4766801979409,96.71522310761868,97.29257637728271
1998-01-22,97.90442043743383,98.15335324546488,98.49565361853848,93.97852029832323,101.44897245037265,105.33486073791354,100.20214054723999,102.79373410863448,96.80226680841554,96.21262877949488
1998-01-23,97.23867037845928,97.4172030961239,97.87513100074169,92.69101457023619,101.47940714210777,104.92405478103568,99.75123091477742,102.7628959884019,96.36665660777767,95.38520017199122
1998-01-26,96.72330542545343,97.42694481643352,98.3253566033451,94.0257651800476,100.58638835925721,103.45511801410119,98.97317131364215,102.62930422361698,96.49193326136779,95.29935349183643
1998-01-27,96.96511368901706,98.64478162663893,99.24961495541655,94.39246566424978,101.9040700467635,105.1103999023268,99.66598351283764,103.67612312669787,96.11561472164846,96.55730495792868
1998-01-28,97.13965089365729,99.9666217004359,100.37113560441276,94.14704525352273,104.34976772788582,104.37462710301051,100.83207551993785,105.18979452434765,96.13483784459278,97.60012385147431
1998-01-29,97.91676810080655,101.06625453914069,101.03358509940188,96.14296261289742,105.12195600907219,105.55406038927453,101.16482136915366,106.15754063397165,96.14445132837723,98.34188479274552
1998-01-30,97.28030910815131,100.48007026281367,100.70017426857385,94.30663202699108,105.24810235628308,105.11073333563958,100.88155986932001,105.66921594705538,95.59642795580548,98.05669332684656
1998-02-02,99.08972285756292,102.72077582967441,103.08676839873905,95.41001962170688,107.9003545356614,106.00417456899251,103.08077787447118,107.49729338293945,96.2273643803138,100.1354952253757
1998-02-03,99.21853949727776,103.30628425190356,103.65374562493213,95.96339773551279,109.28147907371786,105.64376037545796,104.2662068200276,106.8630593519801,96.27547806250395,100.92656563765617
1998-02-04,98.81174348533892,103.72984001733636,103.52936113018221,97.412445041319,110.45079089980663,105.23174970999366,104.85009757821977,106.76688259856333,96.07329955857269,101.00730689016628
1998-02-05,99.07853519274933,102.43321701711967,103.44653764127807,98.09433215660823,110.10839344801724,104.18995538786473,105.33240802707957,105.8166573434361,96.41916343698355,101.06791127430037
1998-02-06,99.73245352502147,103.70338890813196,104.23273132735179,98.52594721809731,110.81308716608453,105.25269293282096,106.02760192005829,106.59970060777755,97.12302333007355,102.04827001366108
1998-02-09,99.79229299713649,105.25893974175393,104.15976841542263,97.86582337173606,110.48064790458628,104.56855042875763,105.6883135939141,106.45046102692666,96.84136656241633,102.36461965070345
1998-02-10,100.00185681243046,105.89049338020446,105.24303000694302,98.01262210679366,112.14890568794551,105.08093632585853,106.65007724761875,107.82367197417399,97.34494166854091,102.94809798271247
1998-02-11,100.48186572513012,106.25052105769717,105.52718618796175,98.20864735100724,112.00311211055119,104.98636348316526,106.7780573403159,108.01775458372751,97.21839324437181,103.2981215158537
1998-02-12,101.0043714269008,106.56927262087024,105.90708405823841,98.29703513362314,112.01431242176223,105.71076939119908,108.39040600615463,108.08256523647775,97.59754497802486,103.66999475331077
1998-02-13,100.57005262976513,106.48401720277354,105.83294909939764,98.78852030929124,111.54385230959083,105.5204900062949,108.34704984375219,107.49891938420078,97.44138890606001,103.36935176852617
1998-02-17,100.66056567713191,108.3368391021018,105.88586557394734,97.47463298917766,110.70727341726891,105.79484328031128,109.06214037272095,108.01491419724493,98.08450207284,104.0205786846679
1998-02-18,101.10347216611129,108.965192768894,106.50000359427625,99.66781223143416,112.04683142561787,106.65178151088179,109.81466914129273,109.08426184779768,98.0256513715963,104.76952685119751
1998-02-19,100.64850654136379,109.07415796166289,105.90360357414829,99.01000467070669,113.33536998701248,106.0971922470252,109.67191007140904,108.62610794803693,97.54532567987546,104.25615616962665
1998-02-20,101.28259213257438,110.37214044140669,106.31662762808747,99.78228270713821,113.29003583901769,106.4367032622157,110.38477748687319,109.26700198493036,97.9745251128669,104.60020148498643
1998-02-23,101.12053998516227,110.68118243464262,106.05083605901726,97.31766032427188,115.30659847695222,106.3834849105846,111.24577875127079,111.11361431847567,97.84715823022017,105.14412253270837
1998-02-24,100.50370469125278,110.83613609005111,105.10698361809202,97.59014977317983,113.81914335659953,105.78773739508532,110.23344216463424,110.35804174111001,97.61232505046765,104.43965691173922
1998-02-25,101.15697877174593,111.98883190538764,106.26316043789102,97.91219726743134,116.22072728142376,107.04661147008683,111.66647691277447,111.19676285834245,98.15895407075027,105.64071296622424
1998-02-26,101.99658169555141,112.16801403643626,107.32579204226992,99.59628706043117,116.9994061542093,108.04214495675863,111.78931003737853,111.31907929748665,98.19821765237856,105.92594289123302
1998-02-27,102.09857827724696,112.81858851784759,107.85168842327704,100.70180584680197,116.15701042989899,107.64238902041863,111.37568959024023,111.54171745608164,98.11965907825666,106.11660958843726
1998-03-02,102.02710927245289,114.10472042695106,107.70069605948444,101.29594650129809,114.39142387136452,108.61117052160239,111.94370560715046,111.3520965364063,98.18834283961144,105.97865799597228
1998-03-03,102.62906921716035,115.29140951939134,107.96994779963316,102.8964224560186,113.54492733471642,109.04561520368878,112.82806088144694,111.38550216536723,98.53200203955008,106.70991073614448
1998-03-04,102.54696596178663,116.23679907745034,107.67842894057415,101.8468789469672,113.28377400184657,108.3368187048648,112.99730297276913,109.89293643635129,98.45317643791844,106.15501920031653
1998-03-05,102.0855046149586,115.30690468483074,106.80623366615552,101.63300050117856,109.69267836598804,107.29678524529808,112.48881510939168,109.32149316688226,98.14797159096089,105.3376255524741
1998-03-06,104.44367977156412,117.88977934977095,108.61125901511353,101.43989780022633,112.19367143273256,109.77534098446446,114.91857351575455,111.86868395767064,98.8644517835749,107.23370281241864
1998-03-09,105.25834047378233,117.21780760747724,108.89364828855281,99.4516758033419,109.01859053118623,109.58872290479087,115.98731624945107,112.65176474537432,99.36866048767115,107.1479158501687
1998-03-10,105.9425196868619,118.15555006833706,109.65590382657267,100.97328644313303,110.70837868441963,110.05995441328147,116.82242492644713,114.55557956957114,100.49152635118186,108.44440563195575
1998-03-11,106.04846220654875,118.07284118328923,110.06163067073098,101.22571965924085,111.54976236242122,111.38067386624084,117.53504171849845,114.63576847526984,100.5216738090872,109.25773867419541
1998-03-12,106.22874459229989,117.34078956795284,109.57735949577976,100.98277793205868,112.47562539002931,111.1801886532816,118.1344704312628,114.56698701418466,100.37089129837358,109.6292149856877
1998-03-13,106.0162871031153,117.91575943683581,108.62403646816648,101.38670904378691,113.02675595444045,112.4031707284677,117.88638804335714,114.028522175218,100.42107674402277,109.47573408470774
1998-03-16,106.4721571376587,118.83550236044313,109.42785433803091,101.09268758755991,113.93097000207597,114.14541987475897,118.58191773281294,114.95215320483727,101.11398217355652,111.11787009597836
1998-03-17,106.72769031478909,119.61981667602205,110.02970753689007,99.35389336105388,112.71190862305376,114.35088163053354,118.24988836316106,115.60738047810484,101.50832670403338,111.96236590870781
1998-03-18,107.25065599733155,119.91886621771211,110.44782042553025,102.26496243653276,113.421993647379,114.97981147950146,117.82418876505368,115.59581974005704,102.27978998698404,112.47739279188787
1998-03-19,106.82165337334222,119.82293112473795,110.90065648927492,103.13421461724329,114.04581461243959,116.91147231235708,117.55319313089404,115.51490266623898,102.5968573359437,113.08477071296407
1998-03-20,108.6589858113637,120.86539062552315,111.75459154424234,106.23855447722231,112.95097479216017,118.25595424394919,117.50617185364169,116.35816145570254,104.2486667390524,113.48056741045947
1998-03-23,108.07222728798234,119.89846750051896,111.4081523104552,108.49081183213943,113.75292671318451,118.05491912173447,116.24885581480773,115.88109299373417,104.56141273926956,112.130148658275
1998-03-24,108.8179256562694,120.54591922502176,112.46652975740452,107.48184728210053,115.2317147604559,120.23893512548656,117.56246788551508,116.32144114711036,104.83327241239164,113.26266315972357
1998-03-25,108.43706291647246,120.01551718043166,112.46652975740452,106.75097072058225,116.86800511005437,119.16880860286972,116.91587431214474,115.08843387095098,104.73892246722049,112.67369731129303
1998-03-26,108.19850137805622,120.05152183558579,112.6239828990649,107.5516030009866,117.1718619233405,118.44187887039222,117.51214527113669,114.3518678941769,103.93243276422291,112.57229098371286
1998-03-27,107.3978324678586,120.0155063790351,112.4550469247163,106.60514889457792,116.78519477899347,117.28114845746236,117.47689162755535,113.78010855470602,103.16333276176766,112.31337471445033
1998-03-30,108.65438710773256,119.27141023948509,112.61248399041092,106.47722271590443,116.2830184414438,117.8558260849039,117.7470884782987,113.78010855470602,103.14270009521532,111.14531561742005
1998-03-31,108.13284604961544,119.78427730351487,113.06293392637257,105.52957543373287,117.69004296458527,118.52760429358786,118.95988348962518,115.53232222644849,104.7104691366626,112.37902862077343
1998-04-01,109.13848151787687,119.66449302621133,114.12572550528049,107.38689596136656,118.7021773340807,118.26684356414196,120.1613783128704,116.32949524981098,104.69999808974893,112.60378667801496
1998-04-02,109.8151401032877,119.66449302621133,115.43817134859123,108.1815589914807,119.17698604341702,119.6269122651296,120.42573334515872,117.76034804138365,105.80981806950025,113.88746984614433
1998-04-03,109.48569468297784,120.03545295459261,114.91869957752256,107.42428807854034,119.34383382387782,120.20112144400221,120.97969171854643,118.39625392080713,105.3971597790292,114.75301461697502
1998-04-06,108.34704345827488,119.9514281375244,114.18321990022642,106.44672705702563,116.88535084710594,119.52799516391579,119.18919228111193,118.49097092394376,104.90179312806775,116.6349640566934
1998-04-07,107.4044241801879,119.65154956718058,114.14896493425634,105.58450856786372,114.16192217236838,118.21318721711272,118.1999219851787,117.80372329258488,104.345813624489,115.17702700598474
1998-04-08,107.22183665908159,121.08736816198675,113.61246479906535,104.04297474277291,115.15513089526799,116.66459446456854,117.67984232844393,116.27227488978127,103.86582288181634,114.32471700614045
1998-04-09,108.05816698502242,123.38802815706448,114.30550083433965,104.62561540133244,116.13394950787776,117.5395789230528,119.00962454675536,116.34203825471512,104.26051300876725,115.7652084404178
1998-04-13,107.17209001574524,124.25174435416393,114.6255562366758,104.28035087050804,115.78554765935414,115.67069961817626,118.77160529766186,115.9464753246491,103.3847246994936,116.91128400397794
1998-04-14,107.6865160478208,126.57525197358679,115.73742413217157,104.16564248455049,117.38338821705324,116.26062018622898,120.22061888229334,115.47109477581805,103.93266374040093,117.57767832280062
1998-04-15,107.4496057125156,128.00555232088834,115.93417775319625,105.91562527829093,119.64888760964236,116.23736806219173,121.12227352391054,114.67434422186491,103.77676474479034,117.6482249297943
1998-04-16,106.35361973424796,126.54628902443021,114.87917673564216,107.63145840779924,118.6677667312433,117.1788907434955,118.8815114637182,113.37852413215784,103.1022157739492,116.25997587562271
1998-04-17,107.4490620175107,125.98948535272272,116.32665436251123,108.79387815860346,119.403506884977,118.67878054501224,119.61857683479325,116.48509569337897,103.85486194909903,117.55046160784212
1998-04-20,107.01926576944065,125.01936631550674,115.74502109069869,109.4140032641075,121.81545772405353,117.97857573979667,119.60661497710976,118.34885722447304,103.05517951209096,116.99797443828525
1998-04-21,106.33434246851623,125.26940504813776,116.20800117506147,110.25649108924114,124.16649605812778,117.5420550095594,119.75014291508231,118.1121595100241,102.7563194915059,116.810777679184
1998-04-22,106.7596798383903,125.06897400006072,116.06855157365139,109.42956740607184,125.83032710530671,117.84766435258425,119.0316420575918,117.94680248671006,102.13978157455685,117.78030713392123
1998-04-23,106.05506595145691,122.93029454465967,115.54624309156995,109.59371175718096,123.37663572675324,116.49241621252952,117.57945602448918,117.21553231129245,100.81196441408761,116.20205101832669
1998-04-24,104.65513908089767,121.56576827521394,114.33300753910846,108.55257149548774,123.52468768962535,115.03626100987292,116.01564925936347,116.33641581895775,100.43896014575549,114.62170312447743
1998-04-27,102.80274311916577,119.608559405983,112.32074660642017,108.86737395282464,120.5724476538433,113.00011918999817,113.69533627417621,113.33493629082862,99.37430716821048,111.40083326667963
1998-04-28,102.38125187237719,119.608559405983,111.64682212678166,108.3339238204558,120.97033673110099,112.45771861788619,114.2183348210374,114.35495071744609,99.73205467401604,111.91327709970633
1998-04-29,103.04673000954763,121.23523581390438,112.43951456388181,109.38476288151422,122.78489178206749,113.0312529828374,115.62322033933616,115.16687086753996,100.0910900708425,112.88692261047377
1998-04-30,104.63364965169465,121.93840018162503,114.41845002020614,109.48320916810756,123.79172789468042,114.71541865228167,118.20161815290335,117.74660877497286,102.10292098126644,114.64795860319717
1998-05-01,105.3033050094655,123.10900882336864,115.21937917034757,113.35891477265858,124.10120721441713,115.82815821320882,118.72170527277612,116.41607209581566,101.7864019262245,115.74857900578786
1998-05-04,105.94565517002323,123.62606666042679,115.47286180452234,112.12330260163661,124.18807805946722,117.6466602971562,118.9472765127944,117.28919263653428,101.82711648699498,115.40133326877049
1998-05-05,105.71257472864919,122.83485983380007,114.82621377841701,111.62996007018941,123.90244547993044,116.32901770182806,118.49527686204577,116.62064423850602,101.4299907326957,114.42042193598594
1998-05-06,105.36372323204466,124.07549191812146,113.95353455370105,111.3285591779999,123.17142105159884,114.85163917701485,117.63026134095284,115.26784476533936,100.85183978551933,113.0702609571413
1998-05-07,104.35223148901702,124.75790712367115,112.76841779434257,109.4693722397273,122.14909825687057,113.23223106461893,117.39500081827094,114.64539840360652,100.53919908218423,112.17700589557988
1998-05-08,105.41662425020499,125.80587354350999,113.71567250381504,109.96198441480607,124.75087404974192,114.18338180556171,118.08763132309875,116.89244821231722,101.09216467713624,113.07442194274454
1998-05-11,105.933165709031,125.71780943202953,114.32973713533565,109.98397681168903,123.00436181304552,113.7152299401589,118.14667513876029,116.53008162285903,101.02140016186225,112.85958054105332
1998-05-12,106.01791224159822,126.45954450767852,114.79848905759053,110.37991912821113,124.36971022917034,113.90854583105718,119.30451255512016,117.40405723503046,101.22344296218597,113.4464503598668
1998-05-13,105.67865492242512,128.96344348893055,115.4528404452188,110.57860298264191,125.40197882407244,113.05423173732424,120.46176632690482,117.75626940673554,100.65659168159773,113.57124145526268
1998-05-14,105.67865492242512,129.24716306460618,115.42974987712975,110.78870232830893,124.41130319136226,112.95248292876066,120.6304127997625,117.92112818390497,100.15330872318975,113.35545609649766
1998-05-15,104.4316467943405,128.10978802963763,114.1369366785059,110.01318141201078,122.45804573125787,112.71528271461027,119.65330645608444,117.02492760970729,100.00307876010497,113.21942954918187
1998-05-18,104.37943097094333,127.1745865770213,113.96573127348815,108.2529705094186,121.13549883736027,113.01961397793971,119.18665856090568,118.1015569437166,99.64306767656859,112.54011297188677
1998-05-19,105.02658344296319,127.40350083285993,114.21645588228981,108.10141635070542,122.37108092550135,112.40930806245883,119.86602251470286,118.95188815371138,99.30428124646826,112.96776540117995
1998-05-20,106.53896624454184,129.02152529343724,115.29009056758335,106.94473119575288,120.68236000872943,114.42143467677685,120.53727224078521,119.7607609931566,99.761080940202,114.08614627865164
1998-05-21,106.847929246651,130.2730340887836,114.82893020531301,106.05708992682811,119.57208229664913,114.38710824637384,120.9953138753002,118.12003856755035,99.47177380547542,114.02910320551231
1998-05-22,106.37779835796574,130.6247712808233,114.27775134032751,105.90861000093057,118.29266101607499,114.2841598489521,120.52343215118653,117.37588232457479,99.14351695191735,113.39054022756143
1998-05-26,105.34593371389347,130.2459594441089,112.06076296432516,104.15052707491512,116.24619798049689,112.93560676273447,118.90841816036064,115.54481856031143,98.32062576121643,111.76905550230731
1998-05-27,105.32486452715068,129.21701636450044,111.60131383617144,104.4004883398949,116.92042592878377,112.2015253187767,118.55169290587956,116.0994336894009,98.31079369864032,110.46135755293032
1998-05-28,105.8936187955973,130.25075249541644,112.12584001120145,105.02689126993428,116.93211797137666,112.96449569094437,120.50779583882658,116.11104363276982,99.52984754050345,111.17935637702436
1998-05-29,105.7877251768017,129.4562229051944,111.59884856314879,104.80633479826741,115.0845905074289,112.63689865344064,120.68855753258482,114.78737773535626,100.9829833145948,111.12376669883585
1998-06-01,106.52823925303932,129.5856791280996,111.24173224774671,103.81067461768387,112.36859417145357,113.0874462480544,121.61785942558573,114.17900463335886,103.37628001915071,111.09042956882622
1998-06-02,106.48562795733811,132.68277685926117,110.95250374390258,103.25009697474839,114.05412308402536,113.2683861620513,121.54488870993039,113.69945281389874,103.03513829508752,111.40148277161892
1998-06-03,106.04903688271304,132.12550919645227,110.24240771994161,101.99044579165646,112.24066252698937,112.3848927499873,120.71838346670285,112.7330074649806,103.22060154401869,110.72193372671204
1998-06-04,106.27173986016673,131.8348330762201,111.00308033320918,104.02005566291041,114.85586996386823,113.19406397778722,121.87727994798321,114.79602150158973,102.95222798000422,111.40840971581764
1998-06-05,108.81163444282474,132.639025557985,112.47942130164088,106.39171293202476,116.25711157742742,115.29947356777406,123.75419005918215,117.08046232947137,103.50817001109627,112.77873315532221
1998-06-08,108.33286325127631,133.2756928806633,112.62564454933302,104.93414646485601,116.69888860142163,114.6076767263674,124.69472190363196,117.84148533461294,103.40466184108517,113.81629750035118
1998-06-09,109.10202658036039,132.5693317083958,112.37786813132449,103.42309475576211,118.22764404210027,114.87127438283804,124.94411134743922,118.80778551435675,103.35295951016464,113.87320564910135
1998-06-10,107.97827570658268,131.230381458141,110.894480271991,102.01654066708372,116.05225539172564,115.1814268236717,125.06905545878664,118.9265932998711,104.13844200244189,113.4746494293295
1998-06-11,106.36939939855459,128.1333444557289,108.83184293893197,99.94560489154193,114.31147156084975,112.90083457256299,124.00596848738697,117.45190354295269,104.4508573284492,111.92004673214768
1998-06-12,106.89060945560749,127.0826510311919,108.75566064887472,101.71464209812223,114.28860926653759,114.02984291828861,123.54714640398363,118.48548029413067,104.44041224271636,111.48355854989231
1998-06-15,105.63998932497687,124.74433025221796,106.49354290737811,99.2836621519771,112.31141632622649,112.02291768292673,121.11326761982515,116.11577068824805,103.65710915089599,109.06436532935963
1998-06-16,105.9780372908168,125.64248943003393,107.44133543925376,101.28919212744702,115.1865885841779,113.16555144329259,121.73094528468627,117.88073040270943,103.71930341638651,109.39155842534771
1998-06-17,108.04460901798774,128.28098170806464,109.35379121007247,103.95309788039889,115.9698573865503,115.33833003100382,123.87340992169675,119.82576245435412,103.69855955570324,111.65596368475241
1998-06-18,108.3579383841399,127.6395767995243,109.32098507270945,102.48735920028527,115.6915297288226,115.44213452803172,124.09638205955582,120.53273445283482,103.66744998783652,111.13118065543408
1998-06-19,106.96012097898449,126.15895770864982,107.98726905482239,101.71870400628313,115.96918940017176,116.16941997555831,123.63722544593546,119.85775113989894,103.09727901290341,110.92003141218876
1998-06-22,107.81580194681636,127.13038168300643,107.53372252479214,102.99018780636166,118.13781324195496,116.56439600347524,124.53977719169077,119.24647660908545,103.117898468706,110.72037535564681
1998-06-23,109.06646524939944,128.82121575939044,108.69508672805989,104.46294749199264,121.72920276451038,119.31531574915726,125.84744485220354,120.1169758883318,103.3963167945715,111.71685873384763
1998-06-24,110.09169002274382,129.99348882280088,110.04290580348783,104.89124557670979,124.06640345758899,116.51140582905207,126.72837696616894,122.35115163985475,103.27224121441803,113.7277621910569
1998-06-25,110.0146258397279,130.2404764515642,109.5587170179525,104.7024413346717,122.99943238785372,116.150220470982,126.51293872532645,121.72716076649148,102.08461044045222,113.87560828190529
1998-06-26,110.44368288050283,130.43583716624155,110.07364298793686,104.33598279000036,123.70052915246448,116.150220470982,126.56354390081657,122.98095052238634,102.62565887578663,113.9667087685308
1998-06-29,110.31115046104622,130.8793190126068,110.46990810269347,103.57433011563334,125.34574619019227,115.73207967728646,128.0569937188462,123.25150861353558,104.01110527060975,114.85564909692533
1998-06-30,110.17877708049298,130.9054948764093,110.779223845381,103.5018280845524,125.23293501862109,116.06770270835058,127.01973206972355,121.85876656620263,104.00070416008269,114.6029666689121
1998-07-01,110.95002852005642,131.93964828593295,112.10857453152556,105.3959115384997,126.51031095581102,117.55336930301745,128.58207477418114,122.2487146192145,104.48950746963507,116.41369354228091
1998-07-02,110.88345850294439,131.09523453690298,112.01888767190033,105.62778254388438,124.28372948298876,117.1889538581781,129.03211203589078,122.72548460622943,104.39546691291241,116.75129325355351
1998-07-06,111.52658256226147,133.5991535165578,112.94864443957711,105.00457862687547,125.40228304833565,117.90380647671297,131.4966253757763,124.0877374853586,104.43722509967756,117.80205489283549
1998-07-07,110.70128585130075,132.6105197805353,112.67756769292212,103.14599758517977,125.49006464646948,117.97454876059899,131.16788381233687,124.28627786533517,103.61217102139011,118.09656003006756
1998-07-08,110.78984687998177,134.45380600548472,113.03813590953948,103.54826697576198,127.78653282949988,118.71778841779074,132.49267943884146,124.74613709343691,103.50855885036871,119.74991187048852
1998-07-09,110.35776647714984,132.9479233782233,111.57994395630641,101.56014024982736,128.41268684036442,118.52783995632228,131.0485092329581,124.5714925015061,102.99101605611686,119.28288721419361
1998-07-10,110.92059108618331,131.80457123717056,111.54646997311953,101.25545982907786,128.68235348272918,119.16789029208643,131.87411484112573,125.21926426251395,102.89832414166635,119.99858453747876
1998-07-13,110.49909284005581,131.646405751686,110.86603650628348,98.98733752890652,131.07584525750795,119.4181428616998,131.5444295540229,125.80779480454775,102.32209352647301,120.13058298047
1998-07-14,110.99633875783606,133.29198582358202,112.19642894435889,101.14526148703669,130.66951013720967,120.46902251888277,132.82041052069695,127.70749250609641,102.49604108546802,121.29584963538056
1998-07-15,110.45245669792266,132.45224631289346,112.09545215830896,101.44869727149779,132.70795449535012,121.68575964632349,132.32897500177037,127.00510129731288,102.383295440274,120.17992781873505
1998-07-16,110.67336161131848,132.73039603015056,113.14914940859708,101.38782805313488,133.66345176771665,122.78093148314038,133.73166213678914,128.83397475599418,102.6085386902426,120.60055756610065
1998-07-17,110.90577567070225,131.8809214955576,113.10388974883365,101.30671779069237,134.50553151385327,123.02649334610665,134.0124986272764,129.15605969288418,102.43410417446918,120.92617907152909
1998-07-20,109.96307657750128,130.95775504508867,112.36871446546624,99.63515694714596,135.46052078760164,123.82616555285632,133.73107238015908,129.8147555973179,102.0243677577713,120.6722340954789
1998-07-21,109.32529073335178,130.99704237160222,110.73936810571698,99.27647038213624,132.87322484055846,123.21941734164731,132.0728070826451,125.88136850271916,101.18776794215758,118.24672219015977
1998-07-22,108.86612451227171,133.15849357073364,109.79808347681839,100.61670273229508,131.6242165270572,123.73693889448222,131.35961392439884,126.52336348208304,101.45085613880718,117.71461194030405
1998-07-23,107.6577105301855,130.93474672810237,107.56918238223898,97.83968173688375,128.72848376346192,121.47255291271321,127.41882550666688,123.05662332267397,100.64939437531059,115.74877792090096
1998-07-24,108.00221520388209,130.93474672810237,107.47237011809496,97.7809779278416,128.12345988977364,122.88163452650069,126.67979631872821,124.0656876339199,100.46822546543504,114.90381184207838
1998-07-27,108.41262362165685,131.77272910716223,107.73030380637837,98.46544477333649,128.9434500330682,122.56214227673179,126.28708895014016,124.26419273413418,100.56869369090047,115.0416964162889
1998-07-28,107.18756097473212,131.5882472864122,106.50217834298567,97.15585435785111,126.91903786754901,119.66967571900094,124.82215871831852,122.10199578056024,99.65351857831327,113.12050008613687
1998-07-29,106.70521695034583,131.2987531423821,105.89511592643066,97.6222024587688,125.12947943361657,120.69883493018435,123.12457735974938,122.17525697802859,99.47414224487231,112.80376268589569
1998-07-30,107.5268471208635,133.39953319266021,106.63638173791567,98.89129109073278,129.05854508783216,122.02652211441635,125.52550661826449,124.3255415008419,100.12072416946398,113.94308068902323
1998-07-31,105.61286924211211,129.53094673007308,104.37569044507187,96.78490659050017,125.84498731514513,120.52559589240903,123.27860004979756,121.5655144795232,98.35859942408142,112.54158079654826
1998-08-03,106.32047546603425,127.88590370660116,103.48849707628875,94.42335486969198,125.06474839379122,119.8627051150008,121.92253544924978,120.15535451156072,99.11596063964684,111.21359014314898
1998-08-04,102.64178701490947,124.22836686059237,100.5701214587374,91.82671261077545,120.96262464647486,114.30107559766476,117.21632558090876,116.08208799361881,97.26249217568544,106.64271158826554
1998-08-05,103.35001534531234,124.01717863692936,101.2640552968027,90.67887870314077,122.00290321843454,114.3810863505831,118.10716965532366,116.97592007116968,97.38893341551385,107.14393233273039
1998-08-06,103.8667654220389,125.03411950175219,101.89189243964287,90.05319444008909,125.50438654080361,116.86315592439075,120.7882024064995,117.04610562321238,97.67136132241883,107.72250956732714
1998-08-07,103.43052500726633,125.23417409295499,102.43191946957299,92.58368920385558,126.03150496427497,115.95162330818052,122.17726673417427,117.8771329731372,98.7164448885687,107.79791532402425
1998-08-10,103.1098903797438,124.82090131844824,101.68416645744512,91.4263930888074,125.51477579392144,115.41824584096287,122.1283958274806,118.00679781940767,98.41042390941413,106.62291804699238
1998-08-11,101.6663519144274,121.70037878548703,100.19957762716642,92.97149913200823,122.90406845740789,113.64080485501205,120.47966248380962,116.61431760513865,97.70186885726635,103.95734509581756
1998-08-12,102.7643485151032,123.90315564150434,101.77271099591295,93.6408939257587,125.1040512827955,115.09540715715619,123.33503048467591,117.53557071421925,100.41798081149835,105.67264128989855
1998-08-13,101.89085155272481,122.9119303963723,100.0629294511816,94.56793877562372,123.40263618534945,115.73994143723627,122.12634718592608,117.71187407029058,99.72509674389902,104.30946421725886
1998-08-14,100.85156486688702,120.46598298148447,99.02227498488931,95.18263037766526,122.7856230044227,113.30940266705431,120.45321622947888,116.77017907772824,99.85473936966609,103.2037838965559
1998-08-17,102.2332313055634,120.2250510155215,100.69575143213395,95.73468963385572,125.30272827601337,115.745554824396,121.2602527782164,119.31576898162272,101.0430107681651,104.6899183846663
1998-08-18,102.82618404713565,122.95415967357384,101.96451790017882,96.59630184056041,128.47288730139653,116.84513759522777,123.81884411183674,120.52085824833712,101.14405377893327,106.98262759729049
1998-08-19,102.00357457475857,122.91727342567178,101.54646337678808,97.80375561356742,127.44510420298533,116.82176856770872,123.01402162510982,121.29219174112646,100.41581659172496,105.97699089787595
1998-08-20,102.1157785067908,120.80309632275024,100.79501954779985,98.30255476719663,126.68043357776742,116.83345074456548,122.90330900564722,120.18843279628221,100.40577501006578,104.50391072439548
1998-08-21,101.37033332369123,118.3991147059275,99.83746686209577,97.23105692023418,124.76755903074313,115.23283246936494,121.85863087909921,120.21247048284147,101.8114558602067,102.46608446526977
1998-08-24,102.4955440235842,118.74247213857467,100.27675171628898,96.10317665995946,124.44316337726318,116.14317184587293,123.40623549126374,121.25831897604218,102.5444983424002,102.74274289332598
1998-08-25,103.090018178921,119.0155798244934,100.36700079283362,95.40162347034176,124.91604739809678,116.25931501771878,124.33178225744822,121.96161722610324,101.97024915168275,102.87630845908733
1998-08-26,101.98695498440655,116.93280717756478,99.1124132829232,93.76071554665188,123.69187013359544,114.91070696351325,122.72790226632715,122.75436773807292,102.0212342762586,101.1891370003583
1998-08-27,98.75396851140087,110.71198183571833,95.53445516340969,90.98539836647099,118.08862841654357,111.24505541137717,118.61651754040518,118.28610875240706,101.08263892091702,96.24098820104078
1998-08-28,97.49979311130608,111.65303368132193,94.38804170144877,89.42044951456768,114.40426320994742,112.26850992116184,115.42573321856828,116.55913156462192,101.69924301833461,94.13331055943797
1998-08-31,91.75705529705014,104.95385166044262,89.39491429544213,86.65735762456754,103.55873905764439,105.59976043184483,105.64917361495556,106.50007851059505,100.28562354037976,88.37235195320036
1998-09-01,95.25299910386777,108.0289995140936,91.81751647284861,89.16175525991753,109.72048403157424,107.97575504156134,110.22378283248312,111.68663233406102,100.46613766275243,90.88212674867125
1998-09-02,93.54797041990854,107.42403711681467,91.16561210589138,87.53901131418704,110.57630380702052,107.14434172774132,109.36403732638975,111.87649960902893,98.95914559781114,92.3089761386254
1998-09-03,92.71539348317135,105.2003595484966,89.6522629449336,88.10801488772924,109.13881185752925,106.80147983421256,108.47818862404598,113.47633355343802,98.78101913573506,89.93663545186273
1998-09-04,92.4743334601151,104.25355631256012,89.096418914675,90.8569849522264,108.45123734282683,106.80147983421256,107.27408073031907,112.18270335092883,99.32431474098162,88.07494709800918
1998-09-08,95.28555319730259,109.2368763043005,93.39086630636234,93.14658097302248,115.478877522642,111.8959104223045,114.26835079393587,117.38798078641193,100.74465244177766,92.83099424130167
1998-09-09,94.11354089297578,109.14948680325706,91.22419820805473,92.88577054629802,113.5388323802616,110.17271340180102,111.69731290107232,115.52151189190798,100.85547155946361,90.61233347893456
1998-09-10,92.19362465875908,105.12187074021688,87.97661675184798,94.57629157024064,111.3248251488465,106.98872198448896,107.85492533727543,113.30349886358336,100.98658367249094,87.3684119403887
1998-09-11,93.77935500288974,106.61460130472796,89.34025431150164,97.6216481588024,115.1543991339668,110.44445770458795,110.74543733631441,116.09076493562749,102.08733743452107,90.33893794636192
1998-09-14,95.65494210294754,110.88984681704754,90.99304901626441,97.93403743291057,117.06596215959067,113.28288026759587,112.72778066463445,118.74924345265335,102.98570600394486,92.79615705850297
1998-09-15,95.09057794454014,111.23360534218041,91.25692885841157,98.40412081258853,117.89713049092376,113.06764279508745,113.43796568282166,119.93673588717988,104.22153447599219,94.35513249708582
1998-09-16,96.14608335972456,111.21135862111198,91.88660166753459,98.08922762598826,119.05252236973483,114.23223951587684,114.25471903573798,119.57692567951834,104.97192952421935,95.9780407760357
1998-09-17,93.99241109246674,108.0640771721345,89.46998404367844,96.48056429292204,115.76667275233015,111.4906657674958,111.8096680483732,117.48432948012677,104.28961198231192,93.45381830362595
1998-09-18,95.40229725885372,108.60439755799518,89.38051405963476,97.00155934010382,115.89401609235772,114.28908147825993,112.2904496209812,117.88377620035921,105.14478680056689,93.33232833983125
1998-09-21,94.87758462393003,108.00707337142622,89.29113354557514,96.7881559095556,118.18871761098642,113.38619773458167,112.02095254189086,118.96830694140252,105.20787367264724,93.07099782047972
1998-09-22,94.88707238239242,108.14748256680909,89.88938414033048,95.38472764886704,118.96876314721891,114.29328731645833,113.24198092459746,121.0859428049595,105.68130910417415,93.89002260129993
1998-09-23,95.92134147136049,111.74879373628383,92.94562320110171,100.49734905084632,123.87027618888433,118.0763951266331,116.06170624961992,123.7861593295101,107.1080067770805,97.49539946918985
1998-09-24,94.34823147123018,109.54734249967903,91.72803553716729,98.14571108305653,121.5662890517711,116.50597907144888,112.91643401025522,121.78082354837203,105.66204868558992,94.66803288458334
1998-09-25,93.66892420463732,110.21558128892708,91.96652842956391,98.45977735852232,123.60860270784084,116.55258146307746,112.31797691000087,121.02578244237212,105.86280657809255,94.31776116291039
1998-09-28,94.63371412394508,111.7034916363276,93.23566652189189,98.3613175811638,123.21305517917575,117.00713653078346,111.82377781159687,121.38885978969923,106.57208738216578,94.66673687921315
1998-09-29,95.02171235185327,110.36304973669166,92.64828182280398,100.96789249706464,122.85573731915616,118.98455713815368,109.75503792208232,122.23858180822711,107.85095243075176,93.74846953148477
1998-09-30,92.91223033764211,105.8050557825663,90.00780579085406,97.89846856515388,119.24377864197298,116.61676445110443,107.2196965460822,119.39042285209543,108.47648795485011,91.02038906811856
1998-10-01,91.61145911291513,100.98034523888127,87.24456615307486,96.49852046467218,113.0073290189978,115.19403992480095,102.89874277527508,114.68644019172287,108.58496444280496,87.93479787870935
1998-10-02,94.10329080078643,101.36407055078902,88.6928259512159,99.24872829791533,112.3292850448838,118.07389092292095,104.68918089956489,115.32868425679652,110.72408824232822,89.6759068767078
1998-10-05,95.2137096322357,97.10677958765588,87.48660351827935,100.18166634391574,106.44323050853188,117.6960544719676,103.38056613832035,114.89043525662068,112.56210810715086,86.59105568014905
1998-10-06,96.70856487346181,96.61153501175883,87.69657136672322,100.26181167699086,104.56982965158173,115.78937838952173,105.03465519653348,113.52323907706689,112.53959568552942,85.62123585653138
1998-10-07,96.64086887805038,95.9449154201777,87.95966108082338,98.8280677700099,102.29020736517724,114.96727380295613,102.99698288572073,110.11754190475489,113.30486493619101,82.59880623079583
1998-10-08,95.80009331881134,93.77656033168168,86.54351053742212,95.99170222501063,100.68425110954395,114.34645052442016,99.56718335562623,108.73006087675499,113.7014319634677,80.93031034493376
1998-10-09,95.94379345878956,97.59326633718112,88.26572639711682,96.11649143790314,106.4836639734537,112.9399891829698,102.55419885629502,111.55704245955063,110.24490843177827,84.85543039666304
1998-10-12,96.08770914897775,100.55034230719771,90.15461294201512,97.20260779115145,110.44485627326617,111.93482327924136,105.50775978335632,113.36426654739536,106.7060468711182,86.41677031596163
1998-10-13,96.21262317087142,98.6197757348995,89.53254611271521,97.07624440102296,107.29717786947808,112.97581713573832,105.04352564030954,112.13993246868348,108.11456668981695,86.56367882549877
1998-10-14,96.83800522148208,100.86830662165521,89.75637747799699,97.74607048739001,109.3894728379329,115.11106007960376,106.95531780696317,113.69867752999818,110.28766948028228,87.71497575387791
1998-10-15,99.14274974575335,106.55727911511657,93.24790056189107,100.05287775089242,114.99021384723504,118.51834745796003,111.98221774389043,117.49621335950013,111.53392014540948,92.51298492761502
1998-10-16,99.49966364483808,109.57285011407436,95.63504681627549,101.14345411837714,115.28918840323786,116.20723968252982,113.94190655440852,118.55367927973562,109.26978156645768,94.56677319300807
1998-10-19,99.97726203033329,111.65473426624177,96.29492863930778,99.39367236212921,117.26063352493321,116.89286239665675,115.40036295830494,118.98047252514267,108.29728051051622,95.8623379857523
1998-10-20,100.27719381642429,113.30722433338214,96.90158668973542,100.68579010283688,115.85350592263401,118.10854816558198,115.25034248645913,117.64789123286108,106.57535375039899,97.50158396530865
1998-10-21,101.34013207087837,112.0495141432816,97.28919303649435,100.12194967826098,119.68825696867317,119.9392306621485,115.34254276044828,119.00084198203899,106.31957290139805,96.4095662248972
1998-10-22,102.94130615759826,112.16156365742486,98.38856091780676,97.62891313127227,121.22026665787217,121.48644673769023,117.13035217323524,120.33365141223784,107.25518514293033,96.92053692588917
1998-10-23,102.77660006774612,111.75778202825812,97.58177471828074,97.2481603700603,120.68689748457754,119.94356886412154,116.53298737715174,120.87515284359291,106.09682914338667,95.97071566401544
1998-10-26,102.66354580767158,112.69654739729549,97.96234363968203,98.55128571901912,122.94374246753914,121.20297633719481,114.98309864503562,120.86306532830855,106.00134199715762,95.93232737774984
1998-10-27,102.05783088740633,113.21495151532304,97.668456608763,97.4080908046785,122.42737874917549,121.53022437330523,113.77577610926275,120.30709522779833,105.75753891056416,95.13608906051452
1998-10-28,102.05783088740633,113.09041506865618,96.82850788192762,97.106125723184,124.01893467291475,120.83750209437738,114.86802355991168,120.87253857536896,106.34978112846333,95.34538845644765
1998-10-29,102.86408775141682,113.59932193646513,98.30030120173294,98.78606169819508,125.92882626687765,122.97632588144786,116.9241611816341,124.18444613233407,105.80739724470818,97.06160544866371
1998-10-30,103.11096156202022,117.04138139114002,100.18766698480621,99.03302685244057,126.65921345922555,124.5258275875541,118.70140843159496,123.99816946313558,106.55862976514562,99.35225933725218
1998-11-02,106.27646808197424,119.18323867059787,101.5902943225935,100.57794207133864,128.73642455995684,124.47601725651909,120.58876082565733,125.5853460322637,107.73077469256222,100.60409780490156
1998-11-03,106.92475453727428,118.44430259084018,102.52492503036137,100.97019604541686,127.28170296242934,125.37224458076604,119.12963681966686,125.5853460322637,108.32329395337132,100.50349370709665
1998-11-04,107.21345137452491,120.955321805766,102.71972238791906,100.23311361428533,130.76922162359992,124.45702719532645,121.38118695555855,124.64345593702173,108.12831202425525,102.06129785955666
1998-11-05,108.00683091469641,122.10439736292078,104.49677358523009,100.8946521641396,131.8153753965887,126.34877400869541,123.05624733554525,126.31367824657782,108.37700714191104,103.90860735081463
1998-11-06,107.99603023160493,122.23871220002,105.04015680787329,101.73207777710196,133.38397836380813,127.44800834257106,124.13914231209804,128.1199638455039,108.58292345548067,104.25150575507234
1998-11-09,107.27245682905317,120.4295792594597,103.82169098890195,100.14505736377916,134.1042518469727,126.9891955125378,123.31982397283818,126.86438819981794,108.05086713054881,102.55220621126466
1998-11-10,108.21645444914883,120.33323559605213,103.2402895193641,97.64143092968467,135.0161607595321,126.46853981093639,123.49247172640017,127.84124398895653,109.50955383681122,101.56770503163652
1998-11-11,107.92427002213611,120.04443583062161,102.16659050836272,97.00676162864174,135.63723509902593,125.64649430216532,122.86266012059552,126.34550143428574,108.26114492307157,100.3996764237727
1998-11-12,107.73000633609627,118.54388038273885,102.13594053121022,99.81025703970947,134.72846562386246,123.887443381935,122.19920175594432,125.90329217926575,108.55345001436385,100.1787971356404
1998-11-13,108.06396935573817,121.31780718369494,103.10623196625673,99.91006729674918,134.00093190949363,124.22193947906621,123.67781209719124,126.11732777597051,108.8682550194055,101.36090694184097
1998-11-16,107.84784141702669,123.17396963360548,104.27133238747544,98.58126340170242,135.1935402034881,125.1287596372634,125.33509477929361,127.49200664872858,109.64121963004328,102.21233856015243
1998-11-17,107.5674370293424,123.59276113035973,103.64570439315057,97.35885573552132,136.31564658717704,126.5927661250194,125.29749425085983,127.24977183609599,109.57543489826524,103.3877804535942
1998-11-18,108.29889560114192,123.48152764534241,103.92554779501206,97.56330933256591,138.1013815574691,126.60542540163189,126.52540969451826,129.1457934364538,109.24670859357045,103.26371511704988
1998-11-19,109.728441023077,123.29630535387442,104.50753086266414,96.57791990830698,139.08190136652715,128.60579112297768,127.19599436589921,130.51473884688022,108.97359182208652,103.80068643565853
1998-11-20,110.14540909896469,123.80182020582531,105.18682981327146,98.6253718103631,139.55477983117333,129.62177687284918,128.03548792871413,132.1722760302356,109.24602580164174,104.95287405509437
1998-11-23,112.3262881991242,125.36172314041869,106.54373991786265,98.31963315775099,144.09031017568648,131.0735407738251,130.44255510177393,134.60424590919192,109.72670831516895,107.71313464274334
1998-11-24,111.22549057477278,125.11099969413786,106.37326993399408,98.07383407485662,143.4851308729486,130.65410544334887,129.39901466095975,133.50049109273655,109.66087229017984,107.45462311960077
1998-11-25,111.62590234084198,124.36033369597304,105.96905150824489,98.26998174300633,144.69040597228135,132.48326291955576,130.5506658914423,133.60729148561072,109.88019403476021,107.70176875277583
1998-11-27,111.42497571662847,124.5717462632562,105.57696601766438,101.75856609488305,146.6726645341016,132.52300789843164,132.33921001415504,134.12835992240463,109.68240968549765,107.83101087527918
1998-11-30,109.72017358816404,123.42568619763425,103.70825371915171,99.60128449367153,141.43645041023422,129.09066199386226,129.95710423390025,131.7006366078091,107.96039585343533,105.42637933276045
1998-12-01,110.59793497686937,126.04231074502412,103.66677041766405,96.82240865629808,146.6837427204539,130.61393180538983,130.63288117591657,132.9517926555833,108.72691466399473,105.32095295342769
1998-12-02,109.96752674750121,124.40376070533881,102.88926963953158,95.46689493510992,146.00899750393978,130.67923877129252,129.6661978552148,134.5738045259814,108.80302350425953,105.4684022875625
1998-12-03,108.50495864175944,122.450621662265,100.93437351638048,94.82726673904467,143.17642295236334,131.5809255188144,127.51373897081821,130.84611014061173,108.40045231729376,103.73872049004646
1998-12-04,109.62255971576955,124.32411617369765,102.44838911912618,96.32553755352158,147.85829198290563,133.6993784196673,129.32443406420384,133.63313228660675,109.83133828788205,105.90685974828841
1998-12-07,109.53486166799694,124.84627746162718,102.97087590363373,98.04013212197427,151.61389259927145,134.9160427632863,131.26430057516689,133.78012873212205,110.07296723211539,106.24576169948294
1998-12-08,109.21721056915973,123.07346032167207,101.86908753146484,97.73620771239615,151.47744009593208,135.41523212151048,131.81561063758258,134.0610670024595,110.06195993539218,104.94956340674926
1998-12-09,108.61651591102937,123.13499705183291,101.18656464500401,99.31953427733696,152.3408615044789,135.74022867860208,132.36923620226042,133.99403646895826,109.65473068363123,104.90758358138656
1998-12-10,106.2378142125778,121.78051208426275,99.87113930461896,98.24688330714172,148.85225577602634,136.20174545610934,130.26456534664447,131.18016170311014,108.40466675383784,103.44936816960528
1998-12-11,105.34541657319217,122.01189505722286,99.47165474740048,98.5710980220553,150.69802374764907,135.38453498337267,131.04615273872434,132.15089489971317,108.67567842072243,102.17694094111913
1998-12-14,104.20768607420167,118.754177459195,98.61619851657284,97.95010010451635,145.4085231141066,132.17592150426674,127.86173122717335,128.89998288518024,108.28444597840783,100.16405520457907
1998-12-15,106.10426596075216,120.27423093067269,100.34198199061287,97.40157954393105,149.14552215813913,134.383259393388,130.47011054420767,130.25343270547464,108.58764242714736,101.94697538722058
1998-12-16,105.23421097987398,121.77765881730609,99.33856217070674,99.57363476776071,148.3252217862694,134.7326558678108,130.88761489794916,130.3055340785568,109.1305806392831,101.98775417737546
1998-12-17,105.77090545587136,123.60432369956567,100.6001619102747,98.18956124448883,151.38072135506653,137.0635308143239,131.12321260476548,131.41313111822453,110.50562595533806,104.8740076205952
1998-12-18,105.83436799914487,123.27059202557685,101.0428026226799,98.73942278745798,154.6959591527425,138.65346777177007,132.9064882961903,130.15156505948957,110.96974958435048,105.16765484193287
1998-12-21,106.54345826473914,123.72669321607148,101.95218784628402,97.91001163604334,159.30589873549422,142.63282229681985,135.05957340658858,129.74809520780514,111.12510723376859,106.44018346552025
1998-12-22,108.0670297179249,123.99889194114684,102.4823392230847,97.49878958717196,158.65274455067868,141.3491268961485,135.4917640414897,131.66836701688064,110.24721888662181,105.83347441976679
1998-12-23,110.8119322727602,125.57367786879941,104.38851073263406,99.10751961536029,162.60319788999055,144.50121242593258,138.43193532119002,133.99889711307944,110.77640553727758,107.49505996815714
1998-12-24,110.97815017116935,126.31456256822533,104.50333809443997,98.51287449766812,161.92026445885259,144.50121242593258,138.65342641770394,133.3959020760706,110.47730924232692,107.88204218404252
1998-12-28,110.10142278481709,126.54192878084814,104.8900004453894,98.41436162317045,163.50708305054934,145.5705213978845,138.20973545316727,133.82276896271404,110.0574954672061,107.53681964905357
1998-12-29,111.19142687038679,127.37710551080173,106.16965845082316,99.14262789918192,162.82035330173704,149.3844690585091,141.4576642363167,137.70362926263275,110.29962195723395,108.59068048161431
1998-12-30,110.27965717004962,126.91854793096282,105.61757622687888,97.89343078765224,161.9248413585775,147.3827171731251,140.5664809516279,137.57969599629635,110.15623244868955,108.63411675380694
1998-12-31,110.09218175286053,128.03543115275528,106.18791113850403,98.3535299123542,162.8478129543214,147.69222087918862,141.94403246495386,138.1988046282797,111.03748230827908,108.98174592741914
1999-01-04,109.80594208030308,126.97273707418742,105.95429773399931,98.31418850038926,164.32972805220572,145.9494526728142,140.87945222146672,136.9273756256995,110.7265773578159,109.04713497497558
1999-01-05,110.76125377640172,129.48679726825634,107.59658934887631,97.37037229078553,167.8792501781334,149.39385975589263,141.28800263290896,137.3518504901392,110.47190622989294,109.8104649198004
1999-01-06,111.92424694105392,132.6074290824213,109.44725068567698,101.09965754952262,172.39520200792515,153.8009786186915,144.60827069478233,138.6017523295995,110.64866127986078,112.06157945065631
1999-01-07,110.91692871858443,132.1565638235411,108.2542756532031,101.30185686462166,173.36061513916954,153.20115480207858,144.69503565719918,137.22959498153645,109.82986118638979,112.72274276941519
1999-01-08,111.10548749740603,135.65871276486493,108.76307074877315,101.2613361218758,174.314098522435,155.66769339439205,144.6226881393706,136.296433735662,109.09400111644099,113.64706926012438
1999-01-11,109.57223176994182,137.13739273400193,108.23013170210413,99.2259832658261,177.55634075495226,153.53504599488886,142.74259319355878,133.24339361998315,107.73032610248548,112.5674221021532
1999-01-12,108.14779275693257,134.2712212258613,106.95301614801932,97.44983816536781,172.06984982562423,151.5544439015548,140.4587117024618,131.2047696975974,107.54718454811125,110.75508660630852
1999-01-13,107.88823805431595,132.1363088083701,105.34872090579901,96.19273525303456,172.13867776555446,152.14550623277088,140.09351905203542,132.2806488091177,107.70850532493344,109.3041949717659
1999-01-14,106.23754801208491,130.65638214971636,103.62100188294392,94.51898165963176,169.24674797909316,149.65031993055345,138.27230330435896,130.61391263412284,106.56679516848912,107.15090233082209
1999-01-15,107.75674494865773,133.7398727684497,106.03537122681652,95.96512207902414,174.5610958656367,153.76570372864367,140.1666338596287,132.8082263663761,107.11028582384843,110.00111633282197
1999-01-19,106.84081261659412,136.8693857912314,105.54760851917315,95.86915695694512,179.78047263201924,161.60775461880448,140.44696712734793,131.51998657062225,106.25340353725763,109.64911276055693
1999-01-20,105.98608611566138,137.5263588430293,104.80877525953893,95.64865789594414,180.87713351507455,163.40160069507323,140.36269894707152,132.7957304403573,105.72213651957134,110.04384956649493
1999-01-21,103.3470325713814,135.00962647620187,104.0227094450924,95.84952007752563,175.54125807637985,158.72831491519415,138.70641909949606,130.1663749776382,106.303608270429,108.5692619823039
1999-01-22,103.52272252675276,134.28057449323038,103.00328689253048,96.02204921366517,172.80281445038835,159.63306631021078,139.6912346751025,128.73454485288417,106.8032352293,107.42928473148972
1999-01-25,105.07556336465404,133.90458888464934,104.04362009014505,96.05085582842928,175.42941723003426,156.98315740946128,140.09633925566027,129.39109103163392,106.88867781748344,108.40689122254628
1999-01-26,105.43282028009389,135.1766824790535,105.20890863515469,95.63783714836703,181.90276272582253,158.52159235207398,141.73546642495148,132.65174652563107,106.72834480075721,108.52613880289108
1999-01-27,105.13760838330961,134.59542274439357,104.63025963766135,93.5720598659623,179.53802681038684,156.42910733302662,142.58587922350122,134.8670306926091,105.35154915282745,106.82227842368567
1999-01-28,107.10368166007748,135.8606197181909,105.61378407825536,93.27262927439122,184.54713775839664,160.21469173048587,143.5269460263763,136.83608934072117,105.16191636435235,108.44597705572572
1999-01-29,106.25756257496289,134.31180865340352,106.80721983833968,92.91819328314854,187.51834667630683,161.22404428838792,145.0483316542559,138.58759128428238,104.11029720070883,110.10520050467834
1999-02-01,104.82308548020089,135.5743396547455,106.49747890080849,92.22130683352493,186.99329530561315,161.33690111938978,144.30858516281916,138.75389639382354,102.41329935633728,109.77488490316429
1999-02-02,105.07466088535338,132.903525163547,106.16733671621598,92.10141913464135,183.290828058562,159.17498664438995,142.98094617932125,139.05915496588995,102.15726610794644,108.98450573186152
1999-02-03,105.57901925760306,134.2325604151825,106.94235827424437,94.23817205856504,184.94044551108902,161.1010039827871,145.52600702131318,139.68492116323642,102.38201209338393,109.82368642599684
1999-02-04,104.51267116310127,131.1720580377163,106.2151502379795,93.7481335638605,177.48734555699215,158.0400849071141,143.54685332582332,138.49759933334894,101.48105038696215,107.9127542821845
1999-02-05,103.56160585551706,129.8865718689467,106.01334145252733,96.45745462385607,173.7956087694067,156.03297582879375,141.838645771246,137.16802237974878,101.81593785323915,107.12499117592455
1999-02-08,103.06451014741059,130.96463041545897,105.81191610376752,98.08758560699923,175.98543343990121,157.4684792064187,142.06558760448002,136.85253592827536,102.53883101199715,106.50366622710419
1999-02-09,102.28121987029026,128.8953892548947,104.41519881119778,96.70455064994053,168.61164377876935,154.74427451614764,138.5707741494098,133.2943699941402,101.70826648079996,104.97001343343388
1999-02-10,102.14825428445889,129.53986620116916,105.3236110408552,96.84960747591546,169.94367576462162,153.15040848863134,137.80863489158804,134.0674773401062,101.64724152091146,105.4108874898543
1999-02-11,102.72028450845185,131.00366668924238,106.36631479015965,95.25158895256286,177.71010174706484,157.63771545734824,142.23229207160804,137.15102931892864,101.08818169254646,108.34131016207225
1999-02-12,101.76498586252325,127.8988797887073,104.99418932936659,93.97521766059852,171.11705697224872,154.26426834656098,139.61521789749045,136.68471581924427,99.24837678574211,106.72702464065738
1999-02-16,102.71140023104472,127.40007415753134,105.19367828909239,92.81932248337316,169.74812051647075,156.7170702132713,142.2818685593325,138.13357380692827,99.85379188413513,108.33860271273127
1999-02-17,101.58157482850324,127.20897404629505,104.70978736896255,92.02107631001614,164.29920584789204,154.3349707460296,139.72079492526453,135.86818319649464,100.8623151821649,107.65606951564108
1999-02-18,102.3840692696484,129.6005027583654,105.25427826328115,92.61001119840024,165.51501997116645,157.4371036580248,140.32159434344317,137.1181704819024,102.09283542738731,108.81875506640999
1999-02-19,103.24409545151345,129.27650150146948,105.58056652589734,91.88765311105271,167.00465515090693,156.69714927083206,141.1214274312008,136.69310415340848,101.32713916168193,109.14521133160922
1999-02-22,104.31783404420918,131.74568268014752,107.98780344268779,92.09899471320814,172.69951389155284,161.77413690720704,144.76236025892578,139.89172279059827,102.21881798630473,111.84109805149996
1999-02-23,103.04515646886982,130.49409869468613,107.44786442547436,91.61087004122813,175.51451596798515,159.07250882085665,144.93607509123652,140.94091071152778,101.29884862442798,111.88583449072055
1999-02-24,102.756630030757,129.76333174199587,106.06178697438573,90.68560025381173,172.24994597098063,159.64516985261176,143.2258294051599,138.82679705085485,100.98482219369225,109.76000363539686
1999-02-25,102.52028978168626,128.68629608853732,105.24511121468296,90.90324569442087,170.45854653288245,157.5538181275425,142.2375711822643,137.9105401903192,100.17694361614271,109.30998762049174
1999-02-26,102.03844441971232,128.274499941054,104.55049348066605,89.89421966721281,165.82207406718805,156.57698445515175,143.10522036647612,138.8207497555753,100.33722672592856,110.10795053012133
1999-03-01,101.98742519750247,127.74857449129568,104.72822931958319,88.60873232597166,166.03764276347542,154.7450337370265,143.19108349869597,138.76522145567307,99.91581037367966,110.74657664319602
1999-03-02,100.8145698077312,127.1098316188392,104.52924568387598,87.8910015941313,162.56745602971878,152.96546584905067,142.87606311499886,138.47381449061615,100.38541468243594,110.85732321983922
1999-03-03,100.78432543678888,126.51241541023064,104.10067577657209,90.02675293286867,163.60788774830897,152.65953491735257,143.61901864319685,137.8091401810612,100.8873417558481,110.34737953302793
1999-03-04,101.76193339352572,129.08061744305832,105.34988388589095,92.72755552085474,165.0803587380437,154.5219812433443,145.55787539488003,140.60666572673674,102.16861099614735,111.83706915672383
1999-03-05,103.502062454555,132.44962155832215,107.68865130815772,94.89738032004276,168.95974716838776,158.04508241569252,148.74559286602792,143.25007104239938,103.38441746700151,113.76066674621947
1999-03-08,102.98455214228221,131.74763856406304,107.79633995946587,96.53910499957951,173.6399321649521,158.80369881128783,148.87946389960732,143.73712128394354,102.4642961515452,113.66965821282248
1999-03-09,102.60350929935578,130.36428835914037,107.30047679565232,95.63163741258346,172.9280084430758,158.53373252330866,148.64125675736793,143.53588931414603,100.84536027235077,114.13570381149508
1999-03-10,102.99340263469334,129.30833762343136,108.39494165896797,100.70967735919163,172.6686164304112,158.39105216403766,148.92367514520691,143.16269600192925,101.22857264138571,115.09444372351163
1999-03-11,104.38381357026172,130.62728266719034,109.16454574474666,102.24046445505135,172.82401818519855,160.06999731697644,150.6362974093768,144.6229555011489,101.98778693619613,115.80802927459739
1999-03-12,105.49028199410648,130.130898993055,108.72788756176767,102.24046445505135,170.00698668877982,159.44572432744025,149.89817955207084,145.33160798310453,103.33402572375392,115.86593328923469
1999-03-15,105.14216406352594,130.79456657791962,109.5650922959933,101.43276478585643,173.81514319060847,160.1632300869137,150.67765008574162,147.42438313806124,102.60035414111526,116.88555350217995
1999-03-16,105.31039152602759,130.24522939829234,109.79517898981487,100.79373836770553,175.69234673706703,160.3714422860267,149.5174321800814,147.64551971276833,102.56957403487293,115.51799252620445
1999-03-17,104.5942808636506,129.737273003639,109.44383441704748,103.06159748097889,175.05985428881357,159.56958507459657,148.99412116745114,144.88454849413955,102.73368535332872,114.59384858599482
1999-03-18,106.93719275499636,130.6324601873641,110.1771081076417,103.88609026082673,176.9680067005616,160.89401263071574,151.4227253424806,146.2464632499845,103.5041879934787,116.70237539997711
1999-03-19,105.56839668773239,130.17524657670833,110.37542690223545,102.40051917009691,173.32246576253004,158.78630106525335,148.18227902015153,144.47688104465968,102.66580407073151,115.17357428223742
1999-03-22,105.75841980177032,130.53973726712312,110.1105258776701,103.56788508863603,172.52518242002242,158.08764134056625,146.24109116498752,144.56356717328646,102.55287168625371,114.64377584053913
1999-03-23,103.20964188454766,126.2710878584882,107.56697272989591,101.86937177318241,167.36667946566374,153.2975858079471,142.54119155851333,140.70371992975973,101.85551215878719,111.67450204626917
1999-03-24,103.40574020412832,126.10693544427217,107.93270043717756,101.18684698230207,170.81443306265643,155.9036447666822,141.65743617085056,140.66150881378078,104.12689007992815,111.45115304217663
1999-03-25,103.88140660906731,129.3604943787344,110.03738809570251,101.82432411829056,175.52891141518577,156.83906663528228,146.5446177187449,141.91339624222343,103.47089067242462,113.44612868163159
1999-03-26,103.03996721553386,128.54552326414836,109.21210768498474,102.71019573811968,174.93211311637413,156.25876208873171,146.16360171267615,140.92000246852788,101.89813313420375,112.9583103283006
1999-03-29,104.16310285818318,128.86688707230874,111.48371952483242,106.37694972597056,181.52705378086145,157.58696156648594,148.73608110281927,143.66794251666417,101.5720591081743,114.33640171430585
1999-03-30,102.0173429393046,128.06791237246043,110.89285581135083,104.63236775046465,181.25476320019015,156.15292021623094,148.23037842706967,144.45811620050583,99.5812467496541,113.37597593990569
1999-03-31,99.99739954910638,127.83739013019,109.62867725510144,103.68021320393541,179.8591015235487,155.32530973908493,146.9852432482823,142.3345818923584,98.67505740423225,112.77508326742421
1999-04-01,99.61740943081976,127.41552674276038,110.40704086361266,102.43605064548818,182.610945776859,157.32900623471912,147.07343439423127,142.88968676173857,99.75061552993837,112.8314708090579
1999-04-05,100.40438696532323,129.49239982866737,112.09626858882595,105.37596529901367,189.44059514891356,160.11372964507365,148.44121733409764,143.50411241481407,100.60847082349585,114.68190693032645
1999-04-06,99.32001958609774,130.83912078688547,110.70627485832452,105.23897654412495,190.95611991010486,160.77019593661845,148.2482437515633,142.97314719887925,99.44141256194328,113.82179262834902
1999-04-07,98.74396347249838,130.76061731441337,111.33730062501697,105.0390224886911,189.5239490107791,164.13029303169378,148.98948497032112,143.30198543743668,98.96409378164596,115.59741259335128
1999-04-08,100.13625335746059,131.64978951215136,111.71584744714202,106.96123660023416,190.86956904875564,166.49376925135016,152.6844241975851,146.36864792579786,100.56731210090861,116.82274516684079
1999-04-09,99.97603535208866,130.5307663012981,111.47007258275832,108.24477143943696,191.2322212299483,167.20969245913096,153.9669733608448,148.0665242417371,100.32595055186644,117.51199936332515
1999-04-12,101.95556085206002,132.2146131865848,113.30932878037383,109.35969258526316,187.27371425048835,171.70763318628158,155.39886621310066,150.34674871505987,101.51982936343364,119.45094735282001
1999-04-13,102.19005864201975,134.89856983427248,113.52461650505654,109.61121987820928,184.57697276528134,170.1279229609678,154.26445448974505,149.56494562174157,100.88025443844401,119.64206886858453
1999-04-14,101.33166214942679,135.72145111026154,115.27289559923442,106.82709489330276,180.8116025208696,166.14692956368117,151.0249009454604,143.9562601609263,99.44775482541812,119.11564376556277
1999-04-15,101.34179531564173,135.96574972226003,117.15184379750194,111.44202539269344,181.100901084903,164.05347825117877,149.33342205487122,138.88899980326167,100.08422045630078,118.18654174419136
1999-04-16,101.777565035499,139.14734826576094,117.94847633532495,115.34249628143769,177.44266288298795,163.7089659468513,148.70622168224077,137.9862213045405,101.19515530336574,118.12744847331929
1999-04-19,100.71907835912981,142.02769837486218,117.55924636341837,117.90309969888561,167.20422123463956,159.9436597300737,143.0553852583156,130.52116673196483,102.3993776514758,117.60768770003669
1999-04-20,101.64569388003382,139.10192778834002,117.4534430416913,115.50966677499824,171.31744507701168,162.23085406421376,146.6317698897735,135.19382450096919,104.31424601355839,118.630874583027
1999-04-21,103.84124086784254,140.11737186119493,119.74378518100428,114.27371334050575,177.6561905448611,168.65519588515662,150.22424825207295,140.54749995120756,104.20993176754483,120.67132562585508
1999-04-22,103.94508210871038,139.36073805314447,118.53437295067614,115.4393052165789,185.06445369058181,170.61159615742446,152.22223075382553,143.45683320019756,103.70972409506061,121.67289762854966
1999-04-23,104.23612833861478,139.36073805314447,118.47510576420082,113.64999598572194,186.9706175635948,170.50922919973,153.15078636142385,142.20875875135584,103.39859492277543,121.67289762854966
1999-04-26,104.87196872148033,139.6673316768614,118.84237859206985,112.42257602907615,192.61713021401536,170.11705797257062,152.4769229014336,141.52615670934932,103.67777112906691,120.7481836065727
1999-04-27,106.05702196803306,139.12262908332164,119.19890572784604,114.22133724554138,188.84183446182067,170.25315161894866,153.89495828441696,141.7525985600843,104.20652776182516,122.04018917116302
1999-04-28,104.71009778903904,140.20778559017154,120.93920975147259,118.79019073536303,184.4040513519679,169.45296180633957,151.30952298523874,137.61342268212982,104.883870192277,121.5032123388099
1999-04-29,104.10277922186259,142.3669854882602,120.83036446269627,122.02128392336493,182.44936840763702,168.84293114383675,147.72348729048858,135.8932548986032,106.07954631246896,121.5032123388099
1999-04-30,103.91539421926323,139.90403663931332,119.98455191145739,120.00793273862942,183.92720829173888,167.357113349771,147.53144675701094,134.46637572216787,105.92042699300026,120.33678150035732
1999-05-03,105.6819559209907,144.8426491326811,122.02428929395215,123.29615009566788,184.00077917505558,168.82985594724894,150.00997506252872,136.69851755915585,107.40331297090226,121.6484524187112
1999-05-04,104.70968192651759,141.54023673245595,121.1457144110357,123.3947870157444,180.4679642148945,166.66883379112417,146.72475660865936,135.61859927043852,106.67297044270012,119.32496697751382
1999-05-05,106.1023206961403,140.74761140675417,122.55100469820373,121.71661791233026,182.97646891748153,171.1522254201054,147.34100058641573,137.23246060175674,106.96098746289539,120.05284927607667
1999-05-06,105.26411236264079,139.0164157864511,122.89414751135868,118.8927923767642,178.27397366630225,170.43338607334096,144.5267874752152,137.12267463327532,107.00377185788055,118.90034192302632
1999-05-07,105.3799028862397,141.65772768639366,123.86501127669843,119.74882048187692,181.10852984759646,172.54676006065037,145.89979195622976,136.75244341176546,107.26058091033946,120.31525599191033
1999-05-10,105.25344700277621,141.4594068676327,123.24568622031494,119.55722236910592,183.8251577953104,170.0275773637649,145.84143203944726,135.05671311345958,107.432197839796,120.35135056870789
1999-05-11,106.26388009400287,141.75647162205476,123.83726551417243,119.44962086897371,187.81416371946864,171.47281177135687,149.39996298120977,136.50181994377357,107.72226477396345,121.57893434450871
1999-05-12,106.8270786585011,143.32996845705958,122.90848602281615,116.67838966481352,191.49532132837024,173.39330726319608,149.19080303303608,138.50839669694705,107.82998703873741,122.27193427027241
1999-05-13,107.41462759112285,141.99699975040895,122.5274697161454,117.09843186760685,190.30805033613433,175.14457966655436,149.29523659515917,139.68571806887107,109.67387981709979,123.01779306932107
1999-05-14,106.48012033108007,138.04948315734754,120.94686535680712,116.05625582398514,185.24585619719318,172.18463627018957,146.9662309042747,135.80245510655644,108.29198893140435,119.53638952545928
1999-05-17,106.82085671613955,134.03224319746874,120.46307789537988,116.09107270073234,188.32093741006656,173.78595338750236,145.99625378030646,136.23702296289744,109.47237161075665,118.62791296506579
1999-05-18,106.95972382987054,134.31371090818342,119.3548175787424,114.01304249938921,188.9423965035198,171.23129987270607,146.79923317609817,134.52043647356493,109.47237161075665,118.36693155654262
1999-05-19,107.78331370336053,133.9510638887313,120.94223665253969,115.15317292438311,190.0571566428906,173.1490904312804,146.6964737128749,136.06742149301095,111.08161547343475,119.34937708846194
1999-05-20,107.3845154426581,134.87532622956354,120.57940994258207,116.39682719196645,187.32033358723297,172.9066817046766,147.00453630767194,137.08792715420856,111.09272363498211,118.90778439323462
1999-05-21,107.23417712103837,136.30500468759692,120.14532406678877,119.31838755448479,185.78430685181766,171.28135889665265,146.03430636804129,134.86710273431038,111.53709452952202,118.05164834560333
1999-05-24,106.01170750185854,134.3558431205643,118.91984176130752,115.40474444269768,181.4555325021703,169.34587954112047,143.88760206443106,130.88852320364822,112.3067004817757,115.83227735670599
1999-05-25,105.76788057460426,134.75891064992595,117.4809116759957,114.8277207204842,175.99372097385498,167.61855156980104,142.07461827841925,128.38855241045852,112.48639120254656,113.56196472051454
1999-05-26,106.41306464610936,134.89366956057586,117.91559104919689,117.89362086372113,180.60475646336997,169.9316875814643,143.06914060636817,128.33719698949434,113.2400500236036,115.65150487137201
1999-05-27,104.77430345055927,132.66792401282638,115.56907078731786,114.81659735917799,179.214099838602,166.2611631297047,140.30790619266526,128.43986674708594,111.83587340331091,113.89360199732717
1999-05-28,105.35056211953734,133.62313306571875,116.01979016338842,116.28624980537548,182.4578750456807,168.47243659932977,143.1421258977571,131.75361530916078,113.06606801074733,115.63617410788629
1999-06-01,105.88784998634699,135.1597990959745,118.10814638632941,114.19309730887872,177.8781823820341,168.16918621345098,143.64312333839925,130.3965530714764,111.7318884082205,114.37573981011033
1999-06-02,105.69725185637158,134.95705939733057,117.78925439108632,115.96309031716633,180.29732566242978,167.7992140037814,144.21769583175285,130.10968065471917,111.21792172154268,113.95254957281291
1999-06-03,105.76067020748539,135.19998210424575,118.29574818496798,116.0094755532932,178.24193614987811,167.61463486837724,146.85687966547394,131.51486520579013,111.47372294150222,114.16905941700126
1999-06-04,106.87115724466398,134.71326216867047,120.25945760483843,116.85634472483224,185.17554746610836,169.65953341377144,149.42687505961973,136.43352116448668,112.38780746962253,115.52767122406358
1999-06-07,106.17649472257366,136.18163672630894,120.99304029622795,118.02490817208056,188.26797910879236,170.7283884742782,149.06825055947667,134.74174550204705,112.6912545497905,117.09884755271085
1999-06-08,105.30584746584857,134.46574810355744,119.57742172476206,116.59680678319839,183.54245283316166,171.36008351163304,146.65334490041312,133.1652670796731,112.29683515886623,116.16205677228916
1999-06-09,105.62176500824609,132.40842215757303,118.87191493658598,117.12149241372278,186.75444575774202,172.26829195424472,146.2867115381621,132.4728076908588,112.19576800722326,115.43023581462376
1999-06-10,105.2732131837189,131.7331392045694,117.9447140000806,116.8989615781367,184.02783084967896,171.14854805654213,145.21881854393354,128.7900636370529,110.69234471592648,113.96427181977802
1999-06-11,104.30469962242867,130.42898112644414,117.26063465888012,116.64178386266482,181.5618579162933,168.83804265777883,144.72507456088414,127.90141219795723,110.6812754814549,113.46282902377101
1999-06-14,104.30469962242867,129.72466462836135,118.50359738626426,118.50805240446745,179.05630427704844,170.42512025876195,144.1461742626406,126.59681779353807,111.4117718996325,112.60051152319035
1999-06-15,104.78450124069185,128.53119771378041,118.82355709920715,119.9657014490424,181.16916866751762,170.69780045117597,143.46868724360618,127.83746660791473,112.72643080804816,112.99461331352151
1999-06-16,105.3503375473916,131.79589013571044,119.76226320029089,118.32217133919052,190.3000947683605,173.65087239898133,147.28495432428613,129.5121374204784,113.72969604223977,115.4578958837563
1999-06-17,105.60317835750534,131.96722479288687,120.6724564006131,118.98477549869,191.8224955265074,174.43230132477674,147.8888226370157,131.10513671075032,113.37713398450884,116.37001326123797
1999-06-18,105.11740373706083,131.29419194644314,120.43111148781188,118.74680594769262,193.51053348714066,175.70565712444764,148.83531110189261,129.92519048035356,112.9236254485708,116.70748629969555
1999-06-21,104.33953494940657,132.10821593651107,119.38336081786791,115.49314346472586,199.27714738505748,176.63689710720723,150.6511018973357,129.22359445175965,111.90731281953366,117.5244387037934
1999-06-22,104.40213867037622,131.8307886830444,118.82225902202393,113.85314082752676,194.8133392836322,174.53491803163146,149.82252083690037,129.8955571429088,112.28779768312008,116.50197608707037
1999-06-23,104.32905717330696,129.78741145845723,118.84602347382834,115.29907571603634,196.89784201396702,173.78441788409543,148.66888742645622,128.8044344629084,111.77127381377771,115.61656106880864
1999-06-24,103.27533369585655,130.3195398454369,117.4792942038793,113.29287179857732,192.7629873316737,170.70843368754694,146.86999388859613,130.02807659030603,111.12300042565779,114.0094908699522
1999-06-25,103.15140329542152,130.3846996153596,117.22083975663078,112.15994308059155,192.95575031900538,171.56197585598468,146.63500189837436,129.54697270692188,110.48959932323154,114.34011839347504
1999-06-28,103.7599965748645,130.8540845339749,117.99449729902453,111.17293558148234,196.33247594958797,173.72365675177005,150.21289594469468,130.3372092404341,110.77687228147195,116.1581262759313
1999-06-29,104.50706855020353,131.73080690035252,119.65821971094077,113.80773415476347,199.92536025946544,175.21768019983529,153.33732418034432,133.67384179698922,110.33376479234607,117.40101822708375
1999-06-30,105.61484347683567,134.8528270238909,121.30950314295177,114.58162674701585,203.6839570323434,178.3891202114523,154.74802756280351,137.61722013000042,107.9836556022691,119.20899390778087
1999-07-01,106.61818448986563,136.88910471195163,121.11540793792304,116.18576952147406,206.1077961210283,178.03234197102938,155.11942282895427,139.14477127344344,108.96630686824975,119.43549099620566
1999-07-02,106.84208267729434,137.21763856326032,121.56353494729335,117.10363710069372,209.0963591647832,178.0501452052265,156.344866269303,140.3553307835224,109.42396535709639,120.27153943317907
1999-07-06,105.9232407662696,138.61725847660557,121.80666201718793,118.73137765639336,208.48997972320532,177.26672456632352,156.87643881461864,139.28863026956762,109.31454139173931,120.48802820415881
1999-07-07,105.44658618282139,137.619214215574,123.01254797115809,118.49391490108059,210.42893653463116,179.53573864077242,156.70387473192255,139.40006117378326,109.13963812551253,119.71690482365219
1999-07-08,105.37277357249341,136.06411709493804,122.66811283683883,118.43466794363005,212.89095509208633,180.4154637601122,156.06138884552166,138.74488088626646,108.62668182632262,119.11832029953393
1999-07-09,105.85748833092687,135.42461574459185,123.71079179595195,118.31623327568641,215.23275559809923,180.09071592534397,157.70003342839965,138.91137474333,109.2567165809153,119.5590580846422
1999-07-12,105.58225886126647,136.10173882331478,123.07986675779259,119.28642638854703,214.80229008690307,181.04519671974833,156.59613319440084,139.0502861180733,108.79783837127546,118.87757145355972
1999-07-13,105.23383740702428,133.9921618715534,123.28910253128085,117.87884655716216,213.7712390944859,180.03134361811772,156.20464286141484,139.55086714809838,108.9066362096467,118.08109172482087
1999-07-14,105.25488417450568,134.04575873630202,124.02883714646853,118.1381800195879,217.46948153082056,179.9953373493941,156.75135911142982,139.4531815410947,109.14623080930794,117.84492954137123
1999-07-15,106.10744873631917,134.27363652615375,124.31410347190541,119.07147164174265,219.31797212383253,181.97528606023744,158.44427378983323,141.48919799159466,109.57190110946425,118.84661144247288
1999-07-16,106.6804289594953,135.0255688907002,124.87351693752898,118.84523584562334,220.98478871197366,184.03160679271812,159.07805088499256,141.29111311440644,109.21031383580302,119.50026780540651
1999-07-19,105.5816205412125,134.64749729780624,124.48640903502263,117.97766562395029,218.00149406436202,183.36909300826434,158.20312160512512,139.07284263851028,109.29768208687165,118.8788664128184
1999-07-20,104.89534000769463,132.81629133455607,123.39092863551444,115.74788774365763,207.95162518799492,180.98529479915692,153.9158170096262,136.36092220705933,108.99164857702841,117.2264501696802
1999-07-21,105.74499226175695,133.892103294366,123.55133684274062,116.17615492830917,210.21829790254407,182.30648745119075,153.1000631794752,136.70182451257696,109.49301016048274,116.6051499837809
1999-07-22,105.05764981205554,133.26281040888247,123.24245850063377,115.3977746902895,202.90270113553555,179.17081586703029,150.40550206751644,135.71757137608643,109.59155386962716,116.53518689379064
1999-07-23,104.28022320344634,132.5431912326745,122.6632189456808,116.37865577515694,203.45053842860148,179.11706462227016,150.3302993164827,134.9032659478299,109.50388062653144,115.40479558092085
1999-07-26,104.47835562753289,131.93349255300419,121.33845618106744,114.16746131542894,197.83530356797206,178.0065388216121,150.17996901716623,134.56600778296036,109.40532713396757,115.16244551020091
1999-07-27,104.93806039229403,133.41114766959785,122.70958073591352,114.01904361571889,203.19664029466412,180.16041794135361,150.6305089242177,135.05044541097902,109.08805168527907,116.16435878613967
1999-07-28,104.27695061182258,132.9308675379873,121.99786516764522,115.62671213070053,205.96011460267155,179.8901773144416,150.9167068911737,134.82085965378033,108.21534727179683,115.93203006856739
1999-07-29,103.48444578717273,130.6710427898415,120.60708950473406,115.04857857004703,200.83170774906503,176.7960662646332,148.2907561912673,132.0839962028086,107.06826459071577,113.92640594838117
1999-07-30,103.00841733655173,126.72477729758829,119.88344696770565,116.4406663707446,200.1488799427182,175.29329970138383,147.00062661240327,131.56886861761762,107.33593525219256,112.0807981720174
1999-08-02,102.0710407387891,127.20633145131912,119.77555186543472,114.95022584119906,198.92797177506762,176.08211955004006,146.32442372998622,132.5161644716645,107.8726149284535,111.73334769768415
1999-08-03,101.8771057613854,127.30809651648016,120.14685607621757,115.93879778343334,196.66019289683186,174.5149886860447,144.5685306452264,131.85358364930616,108.20702003473173,110.13556082560727
1999-08-04,100.73608217685788,126.11140040922525,119.60619522387461,117.56194095240143,193.9069501962762,170.57094994174008,140.9976879382893,128.78139515027732,107.7417298485824,108.32933762806731
1999-08-05,100.61519887824566,124.86289754517392,120.79029655659097,120.43045231164002,196.5828661089848,172.37900201112254,139.9261055099583,128.7170044527022,107.86024575141585,108.76265497857958
1999-08-06,99.81027728721969,123.55183712094959,119.93268545103916,119.38270737652874,195.89482607760337,172.0514819073014,138.73673361312365,126.32286816988194,107.66609730906329,106.51126802052298
1999-08-09,100.40913895094302,124.13253075541803,118.96123069888576,120.67204061619523,194.28848850376704,170.07288986536744,136.0036199609451,126.94185022391436,107.47229833390696,106.71363942976197
1999-08-10,99.68619315049622,121.35196206649668,118.43780128381067,120.47896535120933,191.41301887391126,165.63398743988134,137.01004674865612,125.22813524589151,106.68775055606945,105.18763438591638
1999-08-11,99.86562829816712,123.69405493438008,119.91827379985831,121.98495241809944,198.59100708168296,166.32965018712883,138.7226723330143,125.40345463523576,106.95446993245963,106.82856148233668
1999-08-12,99.69585673006023,123.13743168717536,119.18677232967919,121.88736445616495,196.16819679528643,166.36291611716626,139.5550083670124,127.89898338247696,105.82075255117556,106.9567557561155
1999-08-13,100.10460974265347,125.50167037556915,120.52166417977159,121.83860951038248,203.1517846011986,170.62180676976575,142.47170804188292,130.39301355843526,106.21228933561491,109.85528383710621
1999-08-16,100.17468296947331,124.91181252480396,121.03990733574462,121.6193000132638,204.3706953088058,170.05875480742554,143.9391666347143,131.1232144343625,105.65998543106971,109.81134172357136
1999-08-17,100.60543410624206,125.73623048746767,122.17768246470062,122.40982546335,205.18817809004105,173.0347830165555,144.67325638455137,131.93617836385553,105.88187140047496,112.09541763142164
1999-08-18,99.22713965898653,126.39005888600252,120.98034117654655,122.22621072515498,203.71082320779274,170.43926127130717,143.70394556677488,131.2369166185271,105.61716672197379,111.53494054326451
1999-08-19,98.91953552604366,126.23839081533932,120.68998835772284,122.09176189335732,201.22555116465767,167.09865175038956,142.58305479135402,131.59125629339712,106.66277667252133,110.40843764377755
1999-08-20,99.54272859985774,127.13468339012823,122.06585422500089,122.82431246471745,203.43903222746889,164.17442534475774,144.0231436447467,135.53899398219903,108.40137993228342,111.23650092610589
1999-08-23,99.75176832991744,128.35517635067347,124.0555276488684,123.68408265197046,208.76913487182858,165.701247500464,145.95305376958632,139.63227160046145,108.53146158820218,113.2387579427758
1999-08-24,98.9637293601111,127.8674266805409,124.0679332016333,122.17513684361643,211.4831336251623,165.46926575396336,145.1065260577227,139.70208773626166,108.84620282680795,113.31802507333573
1999-08-25,101.17062052484158,129.51691648471984,124.5393913477995,121.7353063509794,215.7762412377531,169.6225443243878,146.96388959126156,143.06890805070557,110.72924213571173,112.86475297304239
1999-08-26,100.74570391863725,129.41330295153207,123.76724712144313,119.17886491760883,213.0790382222812,169.23241247244172,144.14218291110933,140.39351947015737,109.96521036497533,111.329792332609
1999-08-27,100.14122969512542,128.18387657349254,122.03450566174293,118.39228440915261,212.39718529996995,166.18622904793776,143.29174403193377,137.86643611969453,109.51435300247894,110.07176567925052
1999-08-30,98.89947844690587,126.35084713849159,120.3748363847432,116.68743551366083,208.87139202399047,163.01207207312214,140.4545675001015,137.82507618885865,108.30969511945167,106.67054811976166
1999-08-31,98.26652178484568,127.488004762738,119.26738789000358,118.63611568673895,211.12720305784953,160.79510789292766,138.2494307903499,136.55708548792114,107.95227312555748,106.42520585908622
1999-09-01,99.03300065476748,128.1764399884568,120.4600617689036,118.47002512477754,211.7394719467173,163.7698173889468,138.8853781719855,138.76931027282546,108.50282971849785,107.22339490302937
1999-09-02,98.0822838484817,126.20252281263458,119.94208350329731,117.28532487352976,211.31599300282383,161.73907165332386,137.35763901209367,137.15958627366066,107.89521387207427,105.77587907183847
1999-09-03,99.66140861844227,127.57813031129228,122.10104100635665,119.51374604612681,219.85315912013795,166.39715691693957,140.55807200107546,140.7394514754032,109.36258878073448,109.29821584493071
1999-09-07,97.89740168589583,126.51923182970857,122.7970169400929,120.79254312882036,220.2708801224662,166.74659094646515,139.23682612426535,139.66983164419014,108.12679152751218,108.12872493538994
1999-09-08,98.298781032808,125.19077989549663,122.94437336042104,121.79512123678956,217.64965664900885,165.17917299156838,139.38998663300205,138.9156145533115,107.57534489072187,107.24206939091974
1999-09-09,98.38724993573751,124.48971152808184,122.64930686435602,123.99961293117545,220.87087156741413,165.7407821797397,140.05905856884047,138.47108458674094,108.1454942186427,106.42702966354874
1999-09-10,97.54111958629016,124.25318107617849,122.42853811200018,123.06961583419165,224.2501959023956,166.13856005697107,141.65573183652526,138.26337795986083,108.57807619551727,106.82080967330387
1999-09-13,97.69718537762823,124.34015830293181,122.25713815864339,120.87897667234304,219.89974210188916,167.28491612136415,142.39234164207522,137.93154585275718,107.87231870024641,106.38284435364334
1999-09-14,96.31965506380367,122.43775388089695,120.9123096388983,120.22623019831241,222.27465931658955,167.36855857942484,141.4240737189091,135.93153843789221,107.17114862869481,104.8402931105155
1999-09-15,96.1559116501952,120.41753094186217,119.92082869985934,117.97799969360396,217.38461681162454,164.7241353538699,140.00983298172,134.11005582282445,107.17114862869481,104.26367149840767
1999-09-16,96.25206756184538,120.39344743567379,119.54907413088978,118.26114689286862,216.9498475780013,166.17370774498397,138.9177562844626,134.2173438674827,106.62457577068847,103.62766310226739
1999-09-17,96.92583203477828,120.52588022785304,120.62501579806776,120.1651513578438,220.6596899715851,168.73278284425672,140.55698580861926,134.92869578998037,107.32829797077501,104.98518548890709
1999-09-20,96.8289062027435,120.12814482310112,120.68532830596679,118.29057499666145,222.40290152236062,168.29407760886167,139.61525400370152,135.19855318156033,106.72725950213866,104.69122696953815
1999-09-21,95.11503456295493,117.42526156458135,118.62160919193477,115.21502004674824,216.68714695323595,167.06553084231697,137.68856349845043,132.27826443283863,105.05164152795507,102.85913049757123
1999-09-22,94.28753376225723,117.82450745390094,117.96919034137913,114.76568146856592,218.85401842276835,168.4521747483082,139.16183112788383,132.68832705258043,104.63143496184327,102.75627136707367
1999-09-23,92.67521693492262,115.6094067137676,115.24410204449327,113.57211838129284,209.99043067664624,164.44301298929847,137.11615221030394,129.4507318724975,102.85270056749192,101.86229180618011
1999-09-24,92.832764803712,114.9619940361705,114.90989414856423,112.356896714613,210.68339909787917,164.14701556591774,137.1024405950829,127.36657508935028,102.16358747368972,101.98452655634753
1999-09-27,93.37119483957353,116.15759877414666,116.25433991010243,113.1096879226009,213.08518984759505,166.0182915433692,137.43148645251108,127.29015514429666,102.25553470241604,101.00547510140659
1999-09-28,92.6335624003409,115.37934286235986,115.21967628490253,111.24337807187798,213.57528578424453,167.9441037252723,137.6788631281256,126.09362768594028,101.21252824845139,100.93477126883559
1999-09-29,91.89249390113818,115.56394981093965,114.49379232430765,112.42255787943989,209.85907581159867,166.31504591913713,137.47234483343343,124.82008204631228,102.1133197498626,100.57140609226778
1999-09-30,91.47897767858306,116.83515325885998,115.50133769676154,113.9290201550244,210.8873852830755,168.26093195639103,140.01558321285194,126.92954143289495,103.31825692291099,101.57712015319045
1999-10-01,91.39664659867233,116.05235773202563,115.05088247974417,112.85808736556717,210.23363438869796,167.23454027145706,140.19760347102869,130.80089244659823,104.39276679490925,100.42929869545941
1999-10-04,91.64341754448874,117.82795880532562,116.926211864164,110.86049921919663,214.50137716678853,171.5659148644878,142.8753776973253,131.86037967541566,106.1674438304227,102.72912963558541
1999-10-05,91.47845939290866,117.8161760094451,116.80928565229985,108.55460083543733,216.0672372201061,169.18114864787142,142.93252784840422,131.1351475872009,105.02083543705412,102.91404206892946
1999-10-06,94.38747440160317,119.35956791516884,118.45629657999727,110.76911469248026,219.07057181746558,173.85054835055266,145.0193427549909,134.49220736543325,105.31489377627786,104.84882605982533
1999-10-07,94.24589319000076,118.3450115878899,118.37337717239127,109.63926972261694,216.90177315647264,174.47641032461468,144.67129633237894,134.84188710458335,103.77729632714421,104.23021798607235
1999-10-08,95.72555371308378,119.80065523042094,119.47424958009452,108.41130990172366,216.66318120600053,177.5471951463279,149.2284421668489,139.332121945166,103.66314130118435,105.460134558308
1999-10-11,95.05547483709219,120.50747909628043,119.03219485664816,110.68794740965984,219.0248098811459,178.93206326846928,148.57183702131476,139.73618509880697,102.84420248490498,104.67972956257654
1999-10-12,93.89579804407967,119.37470879277541,116.86580891025716,110.76542897284658,214.07484917783202,174.5482277183918,146.35811664969717,137.12311843745925,102.40197241421988,103.16187348391918
1999-10-13,92.19628409948183,117.91833734550355,115.07776203393021,111.0312660023814,208.65875549363287,172.26164593528082,141.87955828021643,134.27095757396012,102.44293320318559,100.68598852030513
1999-10-14,92.97995251432742,118.27209235754003,115.87179859196432,111.71965985159615,209.05520712907077,170.95245742617269,141.87955828021643,132.6597060830726,103.66200410830348,100.45441074670842
1999-10-15,90.60896372521208,114.36911330974122,112.80119592927727,109.03838801515784,204.35146496866668,166.83250320220193,138.0488102066506,128.6135850475389,102.10707404667893,97.32023313141111
1999-10-18,91.79594115001237,115.70723193546519,113.68104525752562,109.34369550160028,200.77531433171504,167.68334896853318,138.17305413583657,130.49134338923295,103.04645912790839,98.16691915965438
1999-10-19,92.86077406735251,115.5568125339491,113.81746251183466,109.9669545659594,199.0285690970291,167.73365397322374,140.20419803163335,136.37650297608735,101.87172949385024,99.79649001770464
1999-10-20,92.19217649406758,116.227042046646,115.41090698700036,113.39792354841731,205.8751518739669,169.91419147487565,143.23260870911665,138.026658662098,101.6883603807613,101.29343736797021
1999-10-21,91.43620064681622,115.7040203574361,116.29957097080026,113.26184604015921,204.6604884779105,168.4529294281917,142.24430370902374,139.04805593619753,101.37312646358095,101.21240261807583
1999-10-22,92.98147243774741,117.12717980783256,117.48582659470242,115.48177822254632,205.21307179680088,170.05323225775953,143.56717573351767,139.54862893756786,101.74820703149618,104.83580663180294
1999-10-25,93.48357238891126,116.99833991004394,116.96888895768573,112.21364389884828,205.43880617577736,170.39333872227508,141.98793680044898,138.19500723687344,102.17554950102847,104.08098882405396
1999-10-26,92.57678173673882,116.57714588636776,116.55949784633384,109.57662326722534,206.0756664749223,169.67768669964153,137.48691920387475,134.5190200443726,101.99163351192662,103.34201380340318
1999-10-27,94.20613309530543,117.0317967553246,117.7367487745818,109.70811521514602,203.87065684364057,172.22285200013613,136.48326469368646,136.20050779492726,104.21505112248661,106.74196605753514
1999-10-28,97.01347586154554,119.98099803355878,120.25631519835787,110.88199204794809,208.98781033041595,180.8167723149429,141.81976034320957,139.85068140383132,105.56984678707893,112.40996445519025
1999-10-29,97.56645267395635,122.22464269678632,122.09623682089274,112.1349585580899,217.2428288384674,182.4983682974719,144.51433578973055,140.59189001527164,105.60151774111503,113.32048516727728
1999-11-01,96.3371153702645,121.50351730487527,120.2281643975331,112.7517008301594,217.87283304209893,182.58961748162065,143.4738325720445,140.35288380224566,105.58039743756682,112.20994441263797
1999-11-02,95.4989824665432,121.44276554622284,119.78332018926223,110.99277429720891,218.0689185918368,179.94206802813716,143.5025273385589,138.24759054521198,106.03439314654834,112.52413225699334
1999-11-03,96.2343246315356,121.05414869647493,120.74158675077634,110.08263354797178,221.6234419648837,180.53587685263003,143.2442227893495,141.2613880190976,105.52542805944492,112.09654055441676
1999-11-04,95.51256719679908,120.86046205856056,120.74158675077634,109.47717906345795,224.23859858006935,181.76352081522788,143.74557756911224,143.71933617062993,104.49127886446234,113.32960250051534
1999-11-05,95.89461746558628,120.83628996614885,121.5143329059813,106.80593589430958,227.2209719411843,182.81774923595623,146.18925238778712,143.6187326353105,104.6584649106455,114.66689181002143
1999-11-08,96.50834301736603,121.23504972303716,121.42927287294711,111.77241191339498,230.2657329651962,184.1888823552259,146.84710402353215,142.81446773255274,104.30262612994932,114.09355735097134
1999-11-09,94.8677011860708,121.04107364348029,121.16212847262663,113.79549256902743,229.2986168867424,182.08912909637633,145.14367761685918,141.20066424717487,103.38476302000576,112.5761130382034
1999-11-10,94.96256888725686,121.76732008534117,121.81640396637883,115.14965893059885,233.12790378875098,184.16494516807504,145.1146488813358,142.18906889690507,102.47497710542972,111.7430498017207
1999-11-11,94.3073271619348,121.23154387696566,121.82858560677548,115.3108684531017,236.2285049091414,184.90160494874735,146.72542148391864,143.25548691363187,102.55695708711406,111.30725190749398
1999-11-12,95.26926189898653,121.91044052267668,122.6204714132195,117.00593821936229,237.0316818258325,186.67666035625533,149.27844381773886,143.24116136494052,102.6800254356186,114.76890744181702
1999-11-15,95.24068112041682,123.65375982215095,123.29488400599222,117.70797384867846,235.56208539851235,187.0313460109322,149.4874336390837,142.7827896485727,102.51573739492162,115.09026038265411
1999-11-16,96.62167099666287,124.38331700510163,125.35390856889228,119.7443217962606,241.07423819683754,190.32309770072462,150.86271802856328,144.26773066091786,102.72076886971146,117.6567731891873
1999-11-17,96.74727916895853,122.28123894771541,126.16870897459007,122.07933607128768,239.00099974834475,189.56180530992174,150.10840443842045,143.70508651134028,102.14553256404109,115.40952882127382
1999-11-18,97.12459355771747,120.7282672130794,126.02992339471801,122.09154400489481,247.27043433963746,191.59011662673788,151.4443692379224,143.70508651134028,101.55308847516964,115.70959359620912
1999-11-19,96.3961591060346,120.23328131750579,125.14771393095498,120.38226238882628,249.64423050929798,191.09198232350835,150.38425865325692,144.10746075357204,100.74066376736828,115.05004891271071
1999-11-22,97.63002994259183,121.01479764606957,125.14771393095498,118.67283426290494,251.6663487764233,191.66525827047883,148.76010865980177,145.37560640820345,99.10866501433692,113.88804341869235
1999-11-23,96.4389435772922,120.16769406254708,123.94629587721782,116.0857664759736,249.07418538402615,188.52194803484298,147.82291997524501,143.31127279720698,97.602213306119,112.22527798477944
1999-11-24,97.70229373815475,120.22777790957835,123.84713884051604,117.44396994374249,253.38316879116985,192.16042163191545,149.67070647493557,145.04533919805317,97.8559790607149,111.68659665045249
1999-11-26,96.69596011265178,119.67473013119428,123.38890442680612,116.23429705332194,254.87812948703774,195.4463648418212,150.7782697028501,144.46515784126098,97.49391193819025,111.45205479748654
1999-11-29,96.41554182832508,120.84754248647998,121.72315421704425,115.80423015422463,252.15093350152645,196.2281503011885,152.7986985168683,145.62087910399106,95.70002395852755,109.57966027688877
1999-11-30,96.50231581597056,119.53030427337734,120.88326445294663,115.66526507803955,244.9898469900831,190.9103674280263,150.52199790896697,142.72302360982164,97.83413449280273,110.45629755910389
1999-12-01,96.78217253183686,119.57811639508668,122.82948501063909,119.19305566291976,249.22817134301155,189.11580997420285,152.1024788870111,140.49654444150843,97.41344771448368,110.23538496398568
1999-12-02,97.31447448076197,119.78139919295833,123.8121208907242,117.41707913354225,257.42777818019664,190.45853222501972,150.96171029535853,141.35357336260165,97.81284285011307,110.51097342639564
1999-12-03,97.96648145978307,122.85978115221738,125.59501543155062,118.10983990043016,262.8852470776168,195.1247662645327,152.32036568801675,141.46665622129171,98.39971990721375,112.76539728429411
1999-12-06,96.13450825648513,122.88435310844783,125.54477742537802,117.49566873294792,266.4341979131646,194.18816738646294,151.25412312820063,138.08560313760282,97.66172200790965,110.61157819616409
1999-12-07,94.64442337850961,119.43130278610043,124.28932965112425,115.89772763817983,267.95287284126965,195.41155284099764,148.87943339508786,134.45395177508388,96.7241694766337,110.1359484099206
1999-12-08,94.54031451279326,119.383530264986,125.4452204168797,116.87126855034053,267.6581246811443,195.54834092798635,148.07548445475442,133.3783201608832,95.6698760293384,109.40905115041512
1999-12-09,94.95629189664955,118.88211943787306,125.18178545400427,117.93479709414865,267.3369349315269,197.44515983498783,151.48122059721373,132.60472590395008,94.95235195911836,109.9779782163973
1999-12-10,95.54502090640878,117.68141003155054,126.42108512999893,114.98642716679493,268.6736196061845,197.07001403130135,153.3747358546789,133.69208465636245,94.49658066971459,111.25372276370751
1999-12-13,93.98763706563432,117.14007554540542,126.39580091297293,114.87144073962814,270.93047801087647,198.2918481182954,156.76431751706733,131.13856583942592,93.40986999201287,110.44157058753245
1999-12-14,93.93124448339492,116.13267089571492,127.29321109945506,115.15861934147719,263.37151767437297,196.22961289786514,154.5852935035801,131.82048638179097,93.81153243297852,108.79599118577823
1999-12-15,92.95435954076763,116.95721285907452,127.38231634722467,116.96660966513839,269.03400530437204,194.44392342049457,154.81717144383546,134.47007815806495,94.73088545082172,108.20849283337503
1999-12-16,91.80172548246212,118.09169782380755,127.07659878799133,117.70349930602875,276.02888944228573,194.50225659752073,156.8607581068941,132.5068150169572,94.1056616068463,107.4726750821081
1999-12-17,92.06795048636126,118.19798035184897,128.38548775550765,116.38522011380124,278.237120557824,196.7001320970727,154.53921888691207,130.55896483620793,94.37856802550614,107.48342234961629
1999-12-20,92.29812036257715,118.77715045557302,127.83343015815896,114.1157083215821,280.796902066956,196.56244200460475,152.12840707227625,129.07059263707515,93.96330232619391,107.03199197574791
1999-12-21,91.36590934691512,117.76754467670065,128.95836434355076,114.51511330070765,287.98530275987014,199.45190990207243,153.13245455895327,129.18675617044852,94.69621608433823,108.43411107063021
1999-12-22,91.88669503019254,118.78034556092028,129.6547395110059,114.51511330070765,288.7052660167698,198.2950888246404,153.80623735901264,132.3776690478586,94.45947554412739,108.39073742620195
1999-12-23,92.89744867552466,121.46478137059707,131.02907974982259,117.6757304278072,291.014908144904,201.22985613924507,156.06718904819013,136.26957251786564,95.79135414929958,109.8648514551983
1999-12-27,93.40838464324004,120.28657299130228,131.80215132034652,115.72231330270559,291.1604155989764,195.3338213543652,157.7839281277202,137.52325258503,95.4752426806069,109.05185155442985
1999-12-28,93.64190560484813,121.51349603581356,132.60614444340064,116.24306371256776,289.99577393658046,198.59589617098308,159.29865383774631,136.47807586538377,95.81895355425709,109.25905007238326
1999-12-29,93.4733501747594,122.16966891440697,132.8183142745101,117.1497596095258,295.18669829004523,197.58305710051107,157.91275554935794,135.71379864053762,95.2632036236424,110.6138622932808
1999-12-30,93.9874536007206,122.6583475900646,132.04796805171793,115.63852771056291,295.0095862710712,197.543540489091,159.06551866486828,136.02594037741088,95.57757219560042,111.25542269458184
1999-12-31,93.95925736464038,122.8300692766907,133.3288333418196,116.78334913489749,296.04211982301996,199.5584846020797,160.68798695524993,134.70648875574997,95.52022565228306,112.02308511117445
2000-01-03,92.4089296181238,121.15958033452769,130.00894539160828,113.18642198154265,303.3543601826485,197.04404769609351,156.9921632552792,133.92519112096662,93.25639630432396,108.31512099399457
2000-01-04,90.73632799203577,118.00943124582997,126.52470565511318,110.96796811070442,287.1552373488951,188.37410959746538,151.84282030050605,128.04587523075617,93.69470136695426,104.32912454141557
2000-01-05,90.61837076564613,117.96222747333165,127.24589647734732,113.47584419000634,284.0252452617921,188.39294700842512,151.26581758336414,131.01653953610972,96.95527697452427,103.93267386815819
2000-01-06,91.23457568685251,118.64640839267697,130.00713243090576,118.01487795760659,270.0228006703858,184.77580242586336,151.6288555455642,134.52778279567747,97.50792205327906,106.3646984366731
2000-01-07,93.15962523384509,124.35330063636474,134.18036138193784,119.38385054191482,279.50060097391633,186.49421738842392,158.10340767735977,144.76534706642852,98.60976157248112,108.4813559355629
2000-01-10,96.38294826693613,124.10459403509202,134.27428763490516,117.7244150193822,291.966327777353,192.6485265622419,157.7239594989341,143.75198963696351,98.32379326392093,108.42711525759512
2000-01-11,96.4215014462429,121.4115243445305,133.2538030488799,118.27771976997327,284.49198978625276,187.11951384990556,156.5725745945919,142.12759215406584,97.73385050433741,106.98503462466911
2000-01-12,95.51513933264822,123.4026733437808,133.33375533070918,117.01214816843455,279.9401179496727,188.7848775231697,155.8053689790784,141.8149114513269,98.47662776817037,107.11341666621873
2000-01-13,96.13598773831042,123.72352029447464,134.09375773609423,119.55131178368958,285.5669143204611,191.8620710267974,157.22319783678802,143.8995906496614,98.62434270982264,109.53417988287526
2000-01-14,95.2611502498918,124.97312784944883,133.83897959639566,118.63076668295518,293.4200044642738,193.53127104473052,156.59430504544088,145.69833553278215,98.3186072474222,111.1552857451418
2000-01-18,95.67077319596633,127.32262265301846,132.08568896368286,121.72702969338032,296.0021005035594,193.7635085699842,156.0618844082864,143.68769850242975,97.42390792147066,108.9655266159625
2000-01-19,96.62748092792599,126.62234822842686,132.12531467037195,122.40870105966326,297.09730827542256,195.13922948083112,156.17112772737218,145.49816350356036,98.45660134543823,108.80207832603857
2000-01-20,95.79648459194581,126.17917000962737,130.0773722929812,120.7561835953578,299.7414743190738,194.3391586399597,154.7031191267349,144.62517452253897,98.88981039135815,106.9306825788307
2000-01-21,96.41916174179346,124.75334538851858,128.29531229256733,123.66640762000594,301.65981975471584,197.00160511332717,152.50633483513525,144.72641214470474,101.18405399243768,105.98969257213697
2000-01-24,93.98939886590027,123.49333660009457,125.40866776598459,121.60117861275184,292.39886328824605,193.57377718435527,147.30586881725714,138.34397736912325,101.6495006408029,104.18786779841065
2000-01-25,93.3972656530451,121.45569654619301,123.97900895345235,120.85941142321406,298.2760804403398,191.65739679023014,147.52682762048303,139.03569725596884,99.95195398010148,105.05262710113745
2000-01-26,92.5847094418636,120.8119813544982,125.29318644835894,119.40909848613548,289.5365912834378,190.81410424435313,148.17594566201316,140.1479828340166,100.96146871530051,107.25873227026132
2000-01-27,91.08483714890541,123.36111416107809,125.61894873312467,116.41193011413347,287.4808814853254,189.28759141039833,146.73863898909164,139.81162767521496,100.54752669356779,107.9022846638829
2000-01-28,88.79860773646789,120.05503630156117,121.46096153005823,114.23502702099917,277.1028216637052,184.12004016489445,141.27996161869743,141.36353674240988,99.21024458854333,104.89181092176057
2000-01-31,89.53563618068057,121.17154813916571,121.78890612618937,118.29037048024465,280.59431721666783,191.889905859853,142.96119316195993,144.9965796366898,100.79760850196003,106.69595006961485
2000-02-01,89.4998219262083,123.09817575457845,122.87282739071246,118.3140285543407,288.3387203718479,192.3888196150886,147.39299014998068,145.2720731379995,100.6161728066565,107.25076900997685
2000-02-02,89.76832139198692,120.95626749644879,122.59021988771381,117.84077244012335,290.6454301348227,192.04251973978143,147.1424220667257,145.3301819672547,100.43506369560451,106.84321608773895
2000-02-03,90.10046418113727,121.16189315119274,123.81612208659097,116.1674334714736,301.22492379173025,192.1577452516253,149.0552735535931,145.96963476791063,102.28306886760363,107.12100844956707
2000-02-04,89.83917283501196,119.85334470515987,123.45705533253985,114.92444193332882,304.2070505372684,193.77187031173895,147.77339820103222,146.08641047572496,100.37037547977945,106.21047987774574
2000-02-07,89.48880006095543,119.14620997139941,121.4817424472192,115.87831480137545,309.13520475597215,196.13588712954214,145.17258639269406,148.3507498380987,99.49715321310536,105.58383804646705
2000-02-08,89.78411310115658,119.56322170629932,121.68826140937949,114.03584959603357,314.2359356344457,198.352222654106,150.76173096881277,150.88754766033017,100.15383442431185,106.35460006420627
2000-02-09,89.26336524516987,117.67412280333977,119.60739213927911,110.31828089920288,309.55382019349247,194.0281442002465,147.26405881033634,147.02482644022572,99.55291141776598,103.95098610275522
2000-02-10,88.74563772674789,116.57975346126872,119.58347066085126,111.59797295763366,318.28323792294896,195.63857779710852,147.29351162209838,144.4665944601658,98.96554924040115,102.4748821000961
2000-02-11,87.32570752311992,114.02665686046693,117.6342600890794,108.97542059312926,310.00787373695226,193.52568115689974,145.0841089477669,140.3637431774971,98.37175594495875,101.97275517780562
2000-02-14,86.4437178771364,115.86248603592044,118.42240963167623,111.24210934146635,310.72089184654726,193.17733493081732,146.1577313539804,141.9779262240383,98.68654556398263,101.06519765672314
2000-02-15,86.96238018439921,114.53006744650736,121.57244572787882,115.11333474654937,311.8705591463795,191.0910197135645,145.54386888229368,143.44029886414592,98.93326192789257,102.5104299832143
2000-02-16,85.36227238900626,114.312460318359,120.69712411863809,115.34356141604248,311.05969569259895,190.17378281893937,140.01320186476653,144.97511006199227,98.68592877307285,101.608338199362
2000-02-17,85.30251879833396,113.92379795327659,120.23847504698726,113.8325607614923,317.99632690654386,191.12465173303406,135.33676092248334,146.2218960085254,98.30105365085787,100.70402398938766
2000-02-18,84.09975328327745,110.95038682669608,116.69144003310114,110.21268532927684,308.7426337935634,183.74724017613894,133.26610848036933,142.87341458993018,96.60044542269802,98.00515614647207
2000-02-22,84.8146011861853,111.77141968921363,119.11862198578964,109.52936668023531,308.80438232032213,183.15924900757528,133.07953592849682,143.230598126405,95.91458226019687,98.03455769331602
2000-02-23,84.98423038855766,110.44133979491197,118.43964584047065,108.13834372339632,320.3845466573342,183.3240923316821,132.81337685663982,143.6316438011589,94.80197310597858,98.093378427932
2000-02-24,83.86243854742871,109.81182415808097,117.17234162997761,107.51114132980062,327.88154504911586,181.27086249756726,129.16100899308225,141.67825344546316,92.35608219984432,96.81816450836888
2000-02-25,82.55418450608883,111.2174155073044,114.0555573426202,105.83396752505574,325.02897560718856,179.1137392338462,129.6776530290546,139.79393267463848,91.37710772852597,95.67571016717014
2000-02-28,83.97411647959356,111.39536337211608,115.74357959129098,108.55390049044968,323.59884811451695,180.3675354084831,133.0752075384158,139.83587085444086,93.4148172308721,97.49354866034636
2000-02-29,83.94052683300173,110.49306092880195,117.24824612597774,111.66939743452558,331.2357809300196,184.84065028661345,137.25376905512206,141.41601619509606,93.60164686533385,98.79996221239502
2000-03-01,84.79672020669834,110.71404705065957,117.037199282951,113.98095396142025,336.80054204964387,191.3655252417309,136.81455699414568,141.26045857728147,93.35828258348398,100.20292167581101
2000-03-02,83.0923061305437,110.03869136365054,117.13082904237734,115.69066827084154,335.9922207487247,196.43671166063677,135.44641142420423,141.71249204472878,93.91843227898488,99.38125771806938
2000-03-03,83.82351842449248,112.43753483537813,120.26993526071305,114.66102132323104,348.9951196917004,199.99221614169429,137.66773257156117,143.6397819365371,94.56646946170989,100.90179096115584
2000-03-06,82.31469509285162,111.74042211939879,118.574129173537,113.4112161908078,349.58841139517625,196.69234457535634,135.10711274573015,140.83880618877464,92.0510013740284,99.76160072329478
2000-03-07,80.70955853854102,109.42739538152722,111.29367764228182,122.59752470226324,344.9738443647599,192.2077591190382,129.78389250354837,133.83911752119255,92.0602064741658,97.25758454514008
2000-03-08,80.88711956732581,111.34237480070395,111.1267371258184,120.6727435644377,348.2855932706616,194.61035610802617,132.43148391062076,138.4565670756737,92.02338239157613,96.6448617625057
2000-03-09,82.17322476844629,111.76547582494662,112.56027203474144,121.52952004374522,360.75421750975136,198.93070601362436,135.68929841482202,143.48254046052065,92.4190829358599,97.88191599306576
2000-03-10,80.75162797995216,111.36312011197683,111.71606999448089,119.01385897883969,359.88840738772797,198.8511337312189,134.00675111447825,142.70773474203384,93.02904888323657,97.89170418466506
2000-03-13,80.50937309601231,112.16493457678307,111.40326499849635,117.16914416466769,353.8422821436141,194.8343408298483,132.69348495355635,137.64161015869166,92.4150571606072,98.1168551042898
2000-03-14,80.15513185438986,109.65244004226314,109.47598851402236,117.82529137198982,342.2008710610892,192.16511036047933,131.95040143781642,131.94324749812182,91.73118573761872,97.14549823875733
2000-03-15,83.81822138013548,115.10216631236364,114.43525079370755,117.71924860975504,333.337868500607,189.35949974921635,139.82784040365408,139.12096016201966,94.67575679979628,101.4393292609104
2000-03-16,87.99236880486625,120.13213098021393,119.91669930672614,121.79233461165258,343.5046734898755,195.6083632409405,149.8534965605961,146.91173393109275,98.69000888810764,108.19518858968702
2000-03-17,87.5612061977224,119.01490216209795,119.29313247033117,118.80842241366709,352.0922903271224,197.2123518195162,149.98836470750064,143.3417787965672,97.03201673878743,108.66042790062266
2000-03-20,87.61374292144103,118.0865859252336,119.85381019294172,115.82633101108404,345.8602567883323,196.5221085881479,148.6234705886624,139.97324699484787,96.82824950363597,106.86753084026239
2000-03-21,88.91042631667835,119.69256349381678,122.94603849591962,119.18529461040546,354.88720949050776,197.22958817906525,151.80401285925979,142.39478416785875,96.62491017967835,110.03080975313418
2000-03-22,87.85239224350987,119.03425439460081,122.88456547667168,118.57744960789238,364.29172054200626,197.0915274673399,151.02981239367753,145.24267985121594,94.94363674255194,111.14212093164082
2000-03-23,88.14230513791345,121.55778058776636,126.26389102728017,118.93318195671606,371.10397571614175,199.41720749145452,150.65223786269334,143.97906853651034,96.1589152928566,114.42081349912424
2000-03-24,87.95720629712383,121.01077057512141,126.5542979766429,120.44363336756633,372.2915084384335,199.8559253479357,152.00810800345755,140.12042949973187,96.41854436414731,114.69542345152213
2000-03-27,86.83135405652065,121.27699427038667,125.32672128626947,119.70892720402418,374.0412785280941,202.6738938953416,151.44567800384476,139.50389960993306,97.24774384567897,112.27535001669501
2000-03-28,86.72715643165283,120.34316141450469,124.33664018810795,118.70337221551037,364.54063005348047,200.20127238981843,150.20382344421324,139.68525467942598,95.75012859045552,112.21921234168668
2000-03-29,87.06539234173628,120.13857804010004,126.45036307130577,124.82846622183072,350.979718615491,200.661735316315,155.83646682337124,140.87257934420109,97.6172560979694,111.61322859504156
2000-03-30,89.18978791487464,121.84454584826948,126.26068752669882,124.64122352249798,337.92327308299474,196.96955938649484,156.7870692709938,138.6327053326283,98.47628795163152,111.1444530349424
2000-03-31,90.18871353952125,122.55124421418944,126.09654863291411,124.95282658130422,344.6817385446546,200.12107233667874,155.64252366531557,141.10036748754908,99.17546959608812,113.01167984592944
2000-04-03,91.0094308327309,123.92381814938838,127.97538720754451,126.32730767369856,323.4493434503039,199.74084229923903,160.18728535634276,145.23460825493427,99.41349072311873,115.40752745866317
2000-04-04,91.72840533630946,124.5062600946905,127.48908073615584,125.00087094312474,321.5733372582921,195.72605136902433,156.96752092068027,148.21191772416043,100.26844674333755,111.77219034371528
2000-04-05,90.23323232932763,124.58096385074731,126.72414625173889,121.85084899535798,324.40318262616506,194.39511421971497,155.20948468636865,148.98261969632608,100.68957421965956,111.5710004010966
2000-04-06,90.1700690666971,126.8483373928309,128.37156015301147,123.70298190008744,330.9561269152136,198.36077454979716,157.9101297199115,146.7925751867901,99.74309222199477,112.96563790611029
2000-04-07,90.1700690666971,125.04709100185269,129.48839272634268,121.9463995571062,344.95557108372714,199.66995566182578,158.74705340742702,146.33751820371103,99.58350327443956,111.55356743228393
2000-04-10,89.49379354869687,127.93567880399547,129.59198344052373,119.1904109271156,327.22485473002354,196.13579744661146,160.38214805752352,147.08383954654997,101.05733912290127,113.12647273307914
2000-04-11,90.56771907128123,129.7651590108926,131.41923040703512,121.60997626893604,316.65549192224375,194.42941600882594,161.29632630145144,148.51055279015154,101.4211455437437,113.36403832581861
2000-04-12,90.57677584318836,131.52996517344076,130.70956656283713,121.91400120960839,294.86959407799344,189.16037883498677,160.48984466994418,147.18880887031918,102.67876774848612,113.8061580752893
2000-04-13,89.60760434166625,131.6351891455795,127.61174983529789,121.30443120356034,288.8837413182101,186.68237787224845,155.32207167157196,146.57061587306384,104.7426109802307,111.76902784574163
2000-04-14,86.41757362710293,123.73707779684473,121.12907294366475,118.8298208070077,264.530841925085,176.15349176025364,144.62038093340067,139.0955144635376,101.9250347448625,104.13520324387748
2000-04-17,88.21505915854667,129.94867910224633,125.46549375504796,115.8709582689132,287.35985358321983,174.30388009677097,143.2609493526267,140.63947467408286,102.68947250544898,104.60381165847492
2000-04-18,88.45323981827474,130.6633968373087,126.0928212238232,118.17679033846457,303.79683720817997,181.76408616491278,146.3267336687729,146.56039655786174,102.29925250992827,108.24402430418985
2000-04-19,89.2758549485847,130.0362125324896,125.60105922105026,119.89035379837232,295.59432260355914,182.70925941297034,147.7022049652594,146.76558111304277,102.5447707159521,107.05334003684375
2000-04-20,89.68652388134818,130.894451535204,127.76139743965236,121.28108190243346,292.96353313238745,179.60320200294984,150.28699355215142,145.8849876263645,103.64199976261277,108.73407747542221
2000-04-24,89.72239849090072,130.4886787354449,129.30731034867216,121.58428460718953,280.8641392140198,178.5615034313327,152.7517002464067,147.8398464605578,105.35209275869587,109.64744372621576
2000-04-25,91.66040229830418,132.85052382055645,131.1046819625187,122.88523645248645,299.5135180578307,186.13251117682123,155.04297575010278,150.0426601728201,107.73305005504241,113.10133820359157
2000-04-26,90.67963599371231,133.44835117774895,128.5088092596608,122.75006269238872,294.72130176890545,183.30329700693355,154.29876946650228,148.99236155161034,109.80152461609924,111.84591334953168
2000-04-27,89.1108782910211,133.50173051822003,129.0485462585514,124.81226374562084,304.59446537816376,183.3582879960356,151.84541903198487,148.6645783561968,108.04470022224166,110.582054528682
2000-04-28,88.40690235252202,133.18132636497631,127.95163361535371,122.25361233883562,308.28005840923953,183.44996714003364,148.64148069041,148.60511252485435,106.58609676924141,109.83009655788696
2000-05-01,88.75168927169685,133.54091594616173,128.51462080326127,123.58617671332892,313.18171133794647,186.62365157155622,152.8480345939486,148.9469042836615,106.71400008536449,111.00527859105634
2000-05-02,88.17480329143082,132.2722772446732,128.78450150694812,124.8961901864902,300.56048837102725,175.91145397134892,152.43534490054492,149.55758659122452,105.17731848413526,110.07283425089147
2000-05-03,89.77076723100572,129.46810496708613,126.24744682726123,121.64888924164146,294.1886060175614,172.30526916493628,145.2099095522591,147.70307251749333,104.68298508725982,107.60720276367151
2000-05-04,89.95928584219082,128.87255168423755,126.41156850813668,124.76310080622748,293.1883647571018,173.20125656459396,143.01723991801998,148.91423771213675,106.51493732628687,107.122970351235
2000-05-05,89.65342427032739,128.9627624704165,128.560565172775,126.88407351993334,299.87305947356367,174.3270647322638,144.47601576518377,153.5603619287554,105.6734693214092,107.81926965851802
2000-05-08,90.27203289779264,128.88538481293423,127.90490629039384,128.22904469924464,288.5978324373577,172.63609220436084,145.11171023455057,156.04803979200125,107.74466932010883,109.05919125959099
2000-05-09,91.0303179741341,129.5555888139615,127.2398007776838,127.54943076233864,282.3641192567108,170.99604932841942,145.4019336550197,153.78534321501724,107.50763104760459,108.54661306067091
2000-05-10,91.95882721747026,126.5369435945962,125.25485988555194,127.99585377000685,265.67639980863913,167.62742715664956,148.17911058783054,151.12485677739744,108.29243675425211,106.45166342859996
2000-05-11,92.80484842787101,128.08069430645025,127.18378472778944,131.106153016618,276.6488351207359,169.0857857729124,149.82389871535545,150.2332201224108,110.67487036284567,108.62327736254338
2000-05-12,92.82340939755657,129.50239001325187,127.92145067921061,131.30281224614296,280.74323788052277,169.86358038746778,149.47930374831014,150.54870988466786,109.28036699627381,110.12227859014646
2000-05-15,95.02332420027867,129.23043499422405,130.5822168533382,133.5612206167766,286.49847425707344,172.9550975505197,152.1549832854049,153.81561688916517,110.77750802412277,113.4479714035689
2000-05-16,94.01607696375571,131.23350673663452,131.70522391827691,132.75985329307596,294.54908138369717,175.27269585769668,152.99183569347466,155.50758867494596,109.63649969147431,113.65217775209533
2000-05-17,92.68104867087038,128.84505691402777,130.6120705597552,132.16243395325714,290.04248043852664,172.10026006267236,150.17678591671472,154.68339845496874,107.58629714724373,112.37927336127187
2000-05-18,92.28252016158565,130.68754122789835,129.5671739952772,131.1315669684217,281.83427824211634,168.727094965444,150.74745770319825,155.07010695110617,108.8020223050076,112.99735936475888
2000-05-19,92.01490085311704,127.98230912448085,127.26087829816124,131.36760378896489,271.3500430915096,161.9611384573297,148.38072261725802,154.5428685874724,108.87818372062111,110.70351296965428
2000-05-22,92.24493810524983,122.40228044665349,125.04653901577323,131.6434757569217,269.99329287605207,160.87599882966558,147.3420575589372,152.45653986154156,110.03229246805968,111.11311596764202
2000-05-23,91.92208082188145,121.79026904442023,123.15833627663505,131.16955924419676,255.65664902433366,155.93710566559486,145.9128396006155,152.22785505174926,108.94297277262588,110.99089154007761
2000-05-24,94.6153977899626,122.75241216987116,124.99339548715692,131.07774055272583,264.7580257296,158.54125533021028,142.83407868504253,154.10025766888575,109.84719944663868,112.05640409886237
2000-05-25,93.79224382918991,119.51174848858656,123.50597408085974,129.54413098825893,259.88647805617535,157.84367380675735,141.4343047139291,154.11566769465264,109.15516209012486,110.02818318467295
2000-05-26,94.6269947992697,116.36858950333675,121.7027868592792,129.3239059655789,260.56218289912135,158.5855390736491,140.33111713716045,153.16015055494577,110.37769990553427,110.06119163962835
2000-05-30,95.60165284570216,118.09084462798613,125.02527294053753,131.66466866355586,280.234627708005,164.81795075924347,140.5275807011525,154.38543175938534,109.94722687590269,112.66964188148756
2000-05-31,94.68387697838342,116.7209908303015,125.78792710547482,133.71863749470734,274.8260993932405,164.8344325543194,144.4201946865744,154.09209943904253,110.82680469090991,113.51466419559873
2000-06-01,94.78802924305964,117.43298887436633,126.75649414418697,132.9564412609875,289.3094348312643,168.01573710261778,145.6477663414103,154.3848744279767,111.35877335342627,116.13685293851705
2000-06-02,94.59845318457353,117.05720330996836,128.08743733270094,128.35614839335733,305.97365827754516,172.3505431198653,149.08505362706757,150.9575302156756,110.00019631851447,120.31777964430368
2000-06-05,93.94572385759997,119.10570436789281,126.55038808470853,127.49616219912183,306.9833713498611,172.97100507509683,147.0127713816513,151.41040280632262,107.03019101791458,118.28440916831495
2000-06-06,94.25574474633007,117.28338709106406,126.06949660998663,131.60153862193354,301.2427823056187,173.04019347712688,143.24924443428105,153.46958428448863,109.30993408659617,116.62842743995854
2000-06-07,96.15971079020593,117.30684376848227,125.76692981812268,130.5092458513715,308.4726090809535,175.20319589559094,143.80791648757474,153.51562515977398,109.05852123819702,118.06295709747003
2000-06-08,96.11163093481083,116.40358107146494,124.1696898094325,130.20907458591336,308.07159468914824,174.18701735939652,142.34107573940148,152.8862110966189,109.08033294244466,116.41007569810544
2000-06-09,95.65990626941722,116.57818644307214,123.38742076363309,129.29761106381196,308.87258083534005,175.38890777917635,139.3376790413001,154.87373184087494,110.4656531708137,115.52535912279984
2000-06-12,95.4016245224898,116.89294754646842,123.63419560516036,131.71547639070525,300.7492319593706,173.9507187353871,136.82960081855668,153.13914604425713,111.24995930832648,115.4329388355016
2000-06-13,95.95495394472023,116.67085094613012,124.36363735923082,132.1369659151555,306.79429152175396,176.94267109763578,139.9629986773016,157.9017734862335,111.7060841414906,116.20633952569945
2000-06-14,96.52108817299408,114.97912360741125,124.76160099878038,132.9033603174634,301.4560708492755,176.64186855676977,140.80277666936541,160.06502778299492,110.19805200558051,117.43812672467186
2000-06-15,98.21020721602149,112.16213507902968,125.97178852846855,131.85342377095546,306.9124257316473,176.97748810702765,141.57719194104695,161.40957401637206,111.59756726605137,115.41819094500751
2000-06-16,96.85490635644038,109.82916266938585,124.7498621797424,134.82012580580195,307.1579556722326,175.22541097476807,139.25532599321377,162.18433997165062,111.2292952940734,112.1056888648858
2000-06-19,96.67088203436315,109.74129933925035,124.18848779993357,133.21576630871292,318.5228000321052,178.87009952304322,139.352804721409,164.74685254320272,110.26160042501496,113.7648530600861
2000-06-20,95.89751497808824,107.11848228504226,122.57403745853443,131.99018125867278,320.0835617522625,177.9042009856188,138.71178181969051,162.85226373895588,110.07415570429244,113.28704067723375
2000-06-21,95.48515566368246,107.35414294606936,121.5566729476286,134.7091789926014,323.3804224383108,178.2244285473929,137.71305699058877,165.62075222251812,110.37135592469403,112.05221193385188
2000-06-22,95.5042526948152,106.0122161592435,119.74547852070894,131.51657145047676,313.193939131504,177.56499816176753,136.03295769530357,161.1986781381769,109.02482538241276,111.18940990196123
2000-06-23,95.40874844212038,107.08293954245185,120.44000229612905,132.3319741934697,305.9278397436531,173.8538897001866,136.61789941339336,161.35987681631505,109.36280234109826,110.78912802631416
2000-06-26,97.52682265753546,106.24769261402072,121.29512631243158,132.01437745540537,309.598973820577,172.60214169434528,136.3856489843906,165.07115398309028,109.88774379233553,111.96349278339308
2000-06-27,97.2049841427656,107.03392553936449,121.63475266610637,130.77344230732456,303.74755321536804,171.9289933417373,140.12261576656294,164.95560417530214,106.73396554549551,112.1986161182382
2000-06-28,97.45771710153677,107.68683248515461,122.54701331110218,130.08034306309574,308.7897625987431,171.31004896570704,139.16978197935032,166.34123125037465,109.2315403392601,112.42301335047469
2000-06-29,97.35051361272508,108.31141611356851,121.28477907399784,129.7681502397443,303.0462730144065,169.87104455439513,137.75025020316093,169.41854402850657,108.10645547376572,112.22065192644384
2000-06-30,96.74694042832618,106.231836924188,124.15922833805159,126.96515819456584,309.47085400231197,170.02392849449407,141.23533153330092,171.6887525184886,105.58757506122699,109.93135062714438
2000-07-03,97.71440983260945,109.32318337868188,125.98436899462095,128.48874009290063,311.5133616387272,174.13850756406083,141.37656686483422,171.29386838769608,107.77323786499437,111.37145132036
2000-07-05,98.14435323587293,109.65115292881791,124.4095643821882,122.7067467887201,298.08713575209805,173.37229813077897,140.7403723139425,173.70911193196258,106.79250140042294,111.44941133628423
2000-07-06,98.3897141189626,111.70162948858679,124.02389473260342,124.51053596651427,303.7507913313879,173.2856119817136,142.99221827096557,172.70159908275718,107.54004891022588,112.36329650924175
2000-07-07,98.22245160496036,111.14312134114385,124.7804404904723,125.00857811038033,309.82580715801566,174.93182529553988,149.61275797691127,173.09881276064755,108.3035832574885,114.04874595688037
2000-07-10,97.23040484375026,113.23261202235734,125.00504528335514,124.34603264639532,306.75853166715126,172.74517747934564,151.6175689338019,175.53950602057267,110.04727094793407,114.48213119151652
2000-07-11,96.11225518804713,113.8214216048736,127.0301270169455,129.50639300122074,304.4271668264809,171.20774539977944,152.70921543012528,176.62785095790022,110.90563966132795,115.13467933930816
2000-07-12,95.92003067767104,115.1758965219716,127.20796919476922,127.07167281279779,315.5692011323301,173.7244992571562,152.03729488223274,174.10207268920223,110.59510387027625,116.50478202344594
2000-07-13,96.78331095377007,115.23348447023258,127.64047629003143,125.95344209204515,324.37358184392207,176.74730554423076,149.60469816411702,166.96388770894495,110.62828240143732,116.33002485041078
2000-07-14,96.92848592020073,114.93387741060997,128.20209438570757,125.34886557000333,330.99080291353806,178.0022114135948,150.9212195079612,164.4093402269981,110.62828240143732,117.91211318837638
2000-07-17,96.11428663847106,114.22128737066419,128.34311668953185,124.3962141916713,334.16831462150805,173.58775657053764,150.7250219226009,168.20719598624171,110.79422482503949,117.11031081869541
2000-07-18,96.90242378890652,115.2035904420519,127.22653157433292,125.00575564121048,325.27943745257596,172.42471860151502,149.83574429325753,167.19795281032427,110.70558944517946,115.83380843077163
2000-07-19,98.69511862900129,115.33031439153818,126.36139115962746,125.13076139685168,316.69206030382793,171.85571703013002,148.8168612320634,164.20510945501948,112.21118546163389,115.57897405222393
2000-07-20,98.43851132056588,114.2231433733794,126.2729381858157,123.766836097626,326.09781449485166,172.2337996075963,149.0549682100347,162.57947887141478,111.87455190524899,118.2026167632094
2000-07-21,97.67069093226546,113.18371276868164,125.61631890724946,121.1182258051368,316.90185612609685,171.56208778912668,148.1159219103115,164.02643623337033,111.22567950419855,117.26881609078004
2000-07-24,96.37167074286633,112.7762514027144,124.48577203708422,118.78064404709767,308.85254898049396,166.7411931222522,145.04992232676804,166.68366450035094,110.46934488356999,116.58865695745351
2000-07-25,96.89207776487781,113.00180390551982,126.19122711399228,117.62847179984081,312.65143533295407,169.0422215873393,145.49957708598103,162.0498586272412,111.35309964263855,117.50970734741739
2000-07-26,96.06849510387636,111.67968279982523,124.77788537031557,118.45187110243968,307.6802775111601,165.47543071184646,144.96122865076288,160.81827970167416,110.08367430671248,115.77056367867561
2000-07-27,96.96193210834242,111.3781476562657,123.85452901857525,123.77036011493922,297.1268439925273,160.56081041970464,146.2223913400245,163.08581744546774,110.95333533373552,116.61568879352997
2000-07-28,97.81519711089582,109.99705862532801,122.17010742392263,123.8446223310082,285.5388970768187,155.59948137773574,143.06398768708,161.83005665113762,110.46514065826709,114.26005187990067
2000-07-31,97.4532808815855,111.27302450538181,122.37779660654328,123.55977969964688,293.47687841555427,158.05795318350397,139.50169439367167,160.55159920359364,109.65874513146174,115.8368405958433
2000-08-01,98.72017353304611,112.67506461414962,123.54038567430545,124.23935848799495,286.78560558767964,158.7217965868747,140.63165811826042,166.66861513325057,112.31248676364312,116.92570689744424
2000-08-02,99.20390238335803,112.2807018880001,123.97277702416554,127.60624510301959,284.83546346968336,158.64243568858126,141.78483771483016,168.1686326694498,114.00840531377412,116.56323720606217
2000-08-03,99.23366355407303,115.0540352246337,122.80743292013838,126.10049141080395,292.2981526125891,159.6101545462816,140.21102601619552,169.26172878180122,115.7299322340121,118.25340414555005
2000-08-04,99.32297385127168,115.73285403245903,123.11445150243871,126.66794362215256,293.8765626366971,160.10494602537509,140.75784901765869,168.68623890394312,116.34330087485236,121.41077003623624
2000-08-07,99.53155209635935,117.35311398891346,125.01041405557629,127.13661501355453,300.3712346709681,160.2010089929903,143.57300599801187,168.68623890394312,118.64689823217445,122.13923465645367
2000-08-08,99.61117733803643,118.83176322517377,126.63554943829878,127.16204233655723,301.27234837498094,155.76344104388448,147.36333335635936,167.96088807665618,119.44183245033,122.23694604417881
2000-08-09,98.63498780012367,118.08312311685518,126.2176521251524,128.95502713350268,302.2665471246184,153.78524534262715,143.70872268912166,160.92332686624425,118.40268850801212,122.53031471468483
2000-08-10,99.59174718178487,118.35471430002396,125.24577620378872,130.3219504211178,295.828269670864,152.8932909196399,140.23097160004488,160.68194187594491,118.46188985226611,122.02794042435463
2000-08-11,101.6532963484478,119.85781917163425,126.99921707064176,129.8658235946439,297.36657667315257,153.3519707923988,142.1381128138055,162.59405698426866,119.7057396957149,123.51668129753175
2000-08-14,102.56817601558382,120.5649803047469,128.7264064228025,132.39820715473945,302.8678583416058,154.48677537626256,145.00930269264438,162.13879362471272,120.69929733518934,124.77655144676658
2000-08-15,101.94251014188876,118.99763556078517,128.63629793830654,130.86238795174447,303.7158883449623,155.18196586545574,141.1230533804815,160.98760818997724,121.04932529746138,123.52878593229892
2000-08-16,101.01483329959757,120.02101522660793,129.2151612790289,133.40111827800834,305.1433530201836,154.3905378395419,138.7521860836894,161.63155862273715,121.12195489263983,122.12055777267072
2000-08-17,100.64107841638905,119.36089964286158,130.1842749886216,135.73563784787348,311.61239210421155,154.26702540927027,139.8205779165338,162.6983269096472,121.65489149416744,123.41503568506103
2000-08-18,100.23851410272349,120.9842078780045,130.1582381336239,133.97107455585115,312.23561688842,153.74251752287876,141.03701694440764,159.6558681964368,121.49674013522502,122.72391148522468
2000-08-21,100.44901498233921,120.8632236701265,130.14522230981055,134.8954749702865,313.7655714111732,153.2044187115487,139.79589119529686,162.30615560849765,120.5733649101973,123.6566132125124
2000-08-22,99.53492894599991,122.16854648576386,130.44455632112312,134.53125718786671,313.985207311161,151.13615905894278,141.38956435492324,161.96531268171978,120.66982360212543,124.0646800361137
2000-08-23,99.59464990336751,120.92242731160907,130.37933404296257,137.70619485750038,318.1298120476684,151.3326360657194,141.24817479056833,163.16385599556455,121.9006558028671,123.85377008005231
2000-08-24,99.1564334437927,123.473890527884,131.03123071317734,135.04846529675063,321.0884192997117,151.9228333463757,140.21706311459718,164.84444371231882,120.450037998813,123.90331158808434
2000-08-25,97.9963031725003,121.95516167439102,131.54225251295875,135.30505738081447,319.2261064677734,153.98898387988643,140.74988795443267,166.6907014818968,120.0645978772168,123.60594364027295
2000-08-28,98.35888949423857,120.49169973429832,131.3844018099432,135.7109725529569,322.7056710282721,154.8051254944498,139.56758889561542,165.32383772974526,121.52938597131883,124.58243059503111
2000-08-29,97.6310337119812,119.35907775679593,131.09535612596133,135.670259261191,324.28692881631054,154.5574372936587,139.4698915833885,163.58793743358297,120.93389198005937,124.5450558658526
2000-08-30,96.16656820630148,119.06068006240393,130.9380416986102,134.09648425376116,324.09235665902077,154.7892734495992,138.17282159166297,164.66761782064458,121.50228127236564,124.53260136026603
2000-08-31,95.41646897429233,117.26286379346162,131.47488766957449,134.35126757384333,330.6714314991989,155.7180090902968,136.15549839642472,166.14962638103037,122.47429952254456,126.55002950230234
2000-09-01,95.96988449434323,118.16578784467129,132.07967215285453,135.77539101012604,332.2917215135449,158.05377922665122,138.66075956691893,166.9305296250212,123.46634134867718,125.8666593429899
2000-09-05,96.61288272045532,120.05644045018605,132.5551589726048,136.12840702675237,325.21390784530644,154.81367675250488,140.4078851374621,162.2898609014456,125.12079032274946,126.01769933420151
2000-09-06,95.83997965869168,120.51265492389676,132.767247226961,139.10961914063827,315.5875761730853,152.25925108608857,141.20821008274564,157.71328682402483,127.62320612920443,126.48396482173806
2000-09-07,96.38626754274622,121.24778211893252,131.49268165358214,138.7479341308726,322.94076669791826,151.10208077783426,141.13760597770428,160.78869591709332,128.43999464843134,126.2562936850589
2000-09-08,96.74289673265439,120.16867685807402,128.96802216583336,137.40207916980313,312.3160154735567,151.46472577170107,143.81922049128065,161.68911261422906,131.1886105339078,127.64511291559455
2000-09-11,96.3462508560505,120.50514915327662,128.49084048381977,140.54858678279163,305.0702839145702,150.66196272511107,146.32167492782892,161.0261872525107,134.0091656603868,128.88327051087583
2000-09-12,97.15555936324132,117.8419853569892,127.84838628140068,140.92806796710516,300.21966640032855,149.8031895375779,147.97510985451342,162.12116532582777,134.03596749351888,128.8188288756204
2000-09-13,96.74750601391571,118.12480612184598,127.75889241100369,139.75836500297817,302.68146766481124,151.51094589830632,147.6791596348044,163.6937406294883,133.84831713902796,128.57407310075672
2000-09-14,95.57686119114732,118.8689924004136,126.76237305019787,139.1434281969651,305.375332727028,150.73824007422496,146.35004719809115,163.48093876666996,132.2019828382179,128.47121384227611
2000-09-15,95.03207308235778,117.39501689464846,124.94967111558005,144.11084858359675,299.8785767379415,148.52238794513383,145.750012004579,162.8270150116033,134.1453519859397,126.01741365788864
2000-09-18,95.4882270331531,115.65757064460766,122.66309213416493,143.67851603784595,292.7414666115785,145.52223570864214,144.14676187252863,161.00335244347332,133.0990182404494,123.59787931565718
2000-09-19,95.52642232396636,114.67448129412851,122.58949427888443,140.6468993494474,304.83168918263664,145.07111677794535,141.7683403016319,161.66346618849155,128.3074535837932,124.58666235018244
2000-09-20,93.38663046390951,112.80528724903422,122.34431529032668,138.64971337868525,307.7885565677082,139.8485565739393,140.52077890697754,162.48794986605287,126.21604209037739,123.32833706044559
2000-09-21,94.11504618152802,112.81656777775912,122.25867426962344,136.40358802195055,301.10954489018894,140.1002839757724,143.752756821838,166.61514379265063,124.44901750111211,122.76102670996754
2000-09-22,96.6937984469019,113.44834055731458,123.73800422828589,135.36692075298373,296.9241222162153,141.55732692912045,143.9252601300242,171.86352082211914,126.45264668288002,123.93953256638324
2000-09-25,96.63578216783375,112.48402966257743,123.14406180799011,134.6494760729929,291.10440942077753,142.33589222723063,142.0830168003599,171.31355755548836,126.78142356425548,125.1541399855338
2000-09-26,97.04165245293865,109.93064218923692,122.28205337533417,136.6961481093024,286.65051195663966,140.6563286989493,139.1276900509124,169.2577948648225,130.19184385813395,124.46579221561336
2000-09-27,98.14792729090216,110.88703877628328,121.48722002839452,140.2092391157115,283.52602137631226,140.67039433181918,140.22679880231462,169.30857220328195,131.23337860899903,124.77695669615238
2000-09-28,99.25699886928936,112.63905398894856,124.64588774913277,139.46613014839824,292.59885406035426,147.39443918088014,141.5168853512959,171.6788922141279,132.3488623271755,127.43470587378044
2000-09-29,98.98900497234227,112.34619244857728,123.9354061889627,140.41449983340732,281.8897360017453,148.8241652409347,139.76207597293987,172.33127200454157,133.27530436346572,126.88673663852319
2000-10-02,99.80071481311548,114.36842391265168,122.46057485531405,143.32107997995885,276.98485459531497,147.51451258681448,137.26033481302423,169.24654223566026,134.31485173750076,127.95258522628679
2000-10-03,99.6410336694145,113.61359231482817,123.58721214398297,142.47548560807707,266.73641497528826,146.36389938863732,137.26033481302423,168.97574776808318,131.65541767309824,127.92699470924154
2000-10-04,99.49157211891037,115.48821658802284,124.71185577449322,139.04182640492243,274.4984446510691,149.80345102427032,138.12507492234627,166.22144307946346,128.68000523368624,126.94195684998037
2000-10-05,100.86455581415134,113.2823916511916,124.57467273314127,138.56908419514568,269.1731748248384,150.31278275775284,137.7797622350404,170.12764699183086,126.72406915413421,127.90671572204025
2000-10-06,100.26945493484784,110.93744614401193,123.16697893125676,138.0009509499456,262.06700300946267,146.8706200326003,134.707273537199,168.34130669841662,127.8392409626906,124.10788626509566
2000-10-09,100.54018246317193,112.37963294388406,123.3763627954399,140.47116797194963,261.93596950795796,145.21098202623193,134.7746271739676,166.54005471674355,128.91309058677717,122.70546715030008
2000-10-10,101.09315346671939,109.13186155180581,121.84649589677645,144.19365392320628,252.5848553965239,143.1199438850542,134.8015820994024,169.5710837125883,130.44715636475982,120.49676874159468
2000-10-11,100.75954606027922,106.8946583899938,121.48095640908612,145.49139680851513,244.57791548045412,137.86744194447272,132.14599093204416,169.89326877164223,130.77327425567174,118.64111850297412
2000-10-12,100.0743811470693,104.21160246440495,118.9298563244953,147.19364615117476,237.65636047235725,133.3729633370829,124.32294826886714,168.87390915901236,129.93632530043544,113.45650162439415
2000-10-13,98.96355551633683,107.26500241661203,120.19051280153494,142.02714917126852,258.4512920136885,138.6812072778988,126.92129788768645,168.46861177703073,131.10575222813935,118.25571164310603
2000-10-16,100.07194733811981,107.2435494161287,120.93569398090447,138.8457410298321,256.92642939080775,135.81050628724628,129.48510810501773,171.75374970668284,132.79701643188233,119.14262948042933
2000-10-17,99.97187539078169,105.30244117169678,118.95234859961764,139.22062453061267,249.78387465374325,132.7276077945258,126.06670125104526,173.7289178283097,132.3853456809435,115.50877928127623
2000-10-18,100.83163351914241,105.3972133687513,118.22673927315996,137.7309638481351,243.86399682444954,133.25851822570388,128.15940849181263,172.9992563734308,130.0553635969589,115.47412664749186
2000-10-19,100.84171668249434,108.30617645772884,120.03560838403932,137.70341765536546,264.9826189494469,138.2557126591678,131.3762096449571,170.73296611493888,130.08137466967827,118.60347547963887
2000-10-20,99.11732332722369,107.79713742837751,121.63208197554707,140.48502669200386,271.34220180423364,140.45397849044858,129.8785208550046,172.2183429201388,129.50901662113168,118.11720123017236
2000-10-23,100.02920270183415,107.47374601609239,121.96048859688105,139.68426203985942,269.44280639160405,143.6563292000308,131.50200236569214,176.57546699601835,130.26016891753426,116.61711277454916
2000-10-24,100.83943924371901,109.45126294278849,123.7411117303955,136.27596604608684,263.27256612523627,144.633192238591,131.72555576971382,174.50953403216494,128.89243714390014,119.84740679840418
2000-10-25,102.11001617818987,108.02839652453224,121.74887983153613,134.40898531125544,246.84435799902155,140.74255936737288,128.34020898643217,177.6681565981471,126.79149041845459,119.03244443217503
2000-10-26,102.88605230114412,108.25525615723377,122.28457490279487,135.322966411372,251.13944982820456,137.92770818002543,127.81401412958779,177.20621939099192,125.34606742768422,117.2588610101356
2000-10-27,104.31616842813003,110.32293154983692,122.94491160726997,133.49610636481844,252.94765386696767,141.6655490717041,128.8365262426245,174.60128796594435,127.69003888858191,119.80337829405556
2000-10-30,106.71544030197701,113.4450705126973,126.0185343974517,136.0191827751135,246.16865674333292,144.75385804146725,132.52125089316357,175.17747221623196,130.4992197441307,123.51728302117127
2000-10-31,106.56603868555425,115.22615811974666,128.1734513356481,136.44084224171638,260.8649255509099,148.56088450795784,137.31852017549608,175.91321759954013,131.06036638903046,125.25887671176979
2000-11-01,106.57669528942282,114.13150961760907,126.80199540635667,140.6977965196579,258.41279525073134,143.86636055750637,138.33467722479475,177.1973840880168,133.0393779215048,124.69521176656681
2000-11-02,106.64064130659648,113.61791782432984,126.6371528123284,135.9281412176415,266.78536981685505,143.4203748397781,140.6586998021713,178.4200460382241,131.54933688878396,125.26880974069302
2000-11-03,105.55290676526919,111.20921796645405,126.00396704826676,135.47957835162327,269.50658058898694,143.50642706468196,138.40816060533655,177.63499783565592,129.77342084078538,125.13101404997823
2000-11-06,106.64010170495146,114.24522961693826,126.50798291645981,136.53631906276593,267.16187333786274,140.89461009210473,139.98601363623743,179.5001653129303,129.98105831413065,126.457402798908
2000-11-07,106.3308454100071,111.00066509581721,126.29291934550182,137.04150344329818,267.375602836533,141.47227799348235,140.2659856635099,178.65651453595953,129.40914165754847,126.58386020170688
2000-11-08,107.36225461048417,111.08946562789386,126.00244563100718,139.01490109288167,251.38654178690834,140.87809442590975,140.82704960616394,180.47881098422633,129.78442816835536,125.03953710724606
2000-11-09,108.08158171637442,111.0339208950799,125.82604220712376,138.09740274566863,248.19393270621458,136.4686100703788,136.26425319892422,179.0891241396478,130.36845809511294,124.81446594045302
2000-11-10,108.51390804323991,108.81324247717832,123.90090376135478,137.46215469303854,233.42639371019484,133.50724123185157,131.60401573952103,178.6772191541266,131.05941092301705,122.96721184453432
2000-11-13,106.94045637661293,109.44435928354595,123.54159114044685,136.82982878145054,230.11173891951006,134.66875423056865,133.15694312524738,171.01196645241455,131.19047033394006,120.65542826185707
2000-11-14,106.95115042225058,110.60446949195153,125.33294421198333,138.1707611035088,245.57524777490113,136.1231767762588,135.82008198775233,173.93627107875082,129.41939898443187,121.93437580143274
2000-11-15,107.67841824512188,112.0865693831437,126.58627365410318,140.36767620505458,247.53984975710037,135.89176737573914,137.9117112503637,176.5453151449321,131.30892220960456,121.53199236128802
2000-11-16,107.75379313789347,109.72154276915937,124.7507726861187,140.88703660701327,236.9946521574479,135.11718430169742,136.9187469293611,174.1972624535045,132.8977601683408,121.42261356816286
2000-11-17,107.94774996554166,109.12904643820592,125.27472593140038,139.8585612397821,237.77673450956746,130.19891879311564,137.26104379668448,173.15207887878344,135.3563687314551,120.05053803484262
2000-11-20,106.49045534100685,104.96031686426643,124.10967098023838,140.19422178675757,227.029226109735,127.60796030913262,135.38056749666993,171.40324288210775,135.30222618396252,117.27737060623775
2000-11-21,107.33172993820081,105.52710257533349,125.27630188745262,142.57752355713242,225.05407184258027,126.10218637748486,134.14860433245022,174.16283509250968,135.19398440301532,117.24218739505588
2000-11-22,107.36392945718227,103.55374575717475,123.96090071763437,142.74861658540098,216.23195222635113,125.29513238466896,132.92785203302492,172.3863741745661,135.01823222329142,114.22906317900295
2000-11-24,106.71974588043918,104.87923370286659,125.43603543617424,143.61938314657195,227.69224569434772,127.60056282054686,133.51273458197025,173.213828770604,134.99122857684677,115.73688681296579
2000-11-27,107.28536053360551,105.62387626215694,124.80885525899336,142.67149521780456,224.8005541740295,127.80472372105973,137.98541119046627,178.32363671933683,134.4107662939663,116.408160756481
2000-11-28,107.84324440838027,103.75433365231676,123.78542264586963,142.2720150311947,212.95356496905816,125.87487239287174,136.67454978415682,178.34146908300877,135.7011096503884,116.57113218154007
2000-11-29,109.3854028034201,105.26914692364058,125.62982544329306,135.85554715328783,210.05739648547896,124.8426984392502,138.24630710667464,180.64207403417956,135.68753953942337,118.35467050391763
2000-11-30,109.46197258538248,102.37424538324046,124.22277139832818,132.97540955363812,200.22671032995856,124.01873662955114,135.88229525515052,177.22793883493355,135.02267059568018,117.71555528319648
2000-12-01,108.61911539647504,104.85170212151489,124.66997337536216,135.06312348363022,203.83079111589782,123.16300734680723,135.13494263124718,175.33159988939974,135.17119553333546,118.42184861489567
2000-12-04,109.7053065504398,104.90412797257565,127.2381748268946,137.29166502111013,203.17853258432694,122.75656942256276,138.52682969129148,176.5589210886255,136.6040102059888,117.94816122043608
2000-12-05,109.69433601978476,106.73995021209572,129.9483479507075,134.71058171871323,225.60944258163667,126.52519610383544,140.49391067290782,178.13029548631428,135.81170694679406,123.07890623352506
2000-12-06,109.31040584371551,103.0253999447148,127.45333967005391,132.9458730981981,217.2618932061161,127.65127034915955,139.004675219775,174.2826811038099,134.34494051176867,122.02042763991673
2000-12-07,111.08123441838372,101.85091038534506,127.04548898310972,134.84699908350234,212.3952267982991,125.64714540467774,139.35218690782443,174.97981182822514,135.05696869648105,121.80079087016489
2000-12-08,110.55915261661731,101.67776383768997,129.62451240946683,136.14153027470394,224.96902422475839,126.14973398629645,140.14649437319903,177.41203121263746,135.09748578709,125.47917475444387
2000-12-11,108.4806405474249,100.73216063399946,129.92264878800862,135.4744367763579,232.57297724355524,128.00413507589502,137.37159378460967,178.67165663424723,134.39497886099713,126.99747276897264
2000-12-12,108.58912118797231,100.64150168942885,129.11712836552297,136.59887460160164,226.85168200336378,130.42341322882942,138.5942009692927,177.45668936913435,134.83848229123845,124.8385157319001
2000-12-13,110.34826495121746,100.00746022878543,127.7226633791753,137.3774881868308,216.6206711450121,133.08405085869754,137.12510243901818,179.78137199987003,135.7149324261315,124.26425855953336
2000-12-14,110.2710211657516,99.00738562649758,126.68810980580399,133.3935410294127,210.81523715832574,131.32734138736274,136.93312729560355,177.89366759387138,133.73349441270997,121.67956198149506
2000-12-15,107.93327551703766,97.41336671791096,124.71177529283344,132.87330621939796,202.78317662259354,128.95031650825146,135.13930332803113,176.4883076198798,134.13469489594806,119.91520833276338
2000-12-18,109.49830801203471,98.51413776182338,126.981529603163,137.74975655764987,198.64639981949267,127.06764188723099,136.7474610376347,178.7120602958903,136.50887899560635,122.61330052025056
2000-12-19,111.23933110942605,97.56840203930986,126.84184992059953,139.2787788554398,190.74027310667685,120.68884626449199,133.1646775584487,180.10601436619825,136.768245865698,121.5588261357764
2000-12-20,110.76100198565553,94.63159313792664,124.20353944225104,135.65753060519836,175.27123695772536,113.73716871965725,132.27247421880705,177.9807633966771,138.39578799149982,118.75081725203995
2000-12-21,112.13443841027765,98.65343584628852,125.42073412878511,135.79318813580355,174.81553174163528,112.99787712297949,135.6189678165429,175.23985964036828,137.92524231232872,120.97145753465308
2000-12-22,112.07837119107253,98.43639828742668,127.85389637088356,138.4411553044517,189.88463057776426,115.596828296808,137.3820143981579,177.1674980964123,139.44241997776433,122.93119514671447
2000-12-26,113.49055866808004,100.91699552426982,129.22193306205202,143.30043985563796,187.22624574967554,116.11701402414363,136.09062346281524,179.8604440674778,143.73724651307944,124.295731412843
2000-12-27,114.86379442796381,101.8353401835407,131.9097492697427,143.4007501635369,191.10182903669383,117.44074798401887,140.7040955982047,181.8209229078133,144.2403268758752,124.91721006990721
2000-12-28,115.50703167676042,103.76002811300961,133.99392330820464,144.31851496458356,191.38848178024887,117.41725983442205,142.87093867041705,184.5300546591397,144.55765559500216,126.49116691678803
2000-12-29,115.53013308309576,102.4526517587857,132.8683743524157,142.96192092391647,184.24969140984558,118.74407487055103,143.57100626990206,183.40442132571894,143.92160191038414,125.41599199799533
2001-01-02,115.18354268384647,103.42595195049418,129.52009131873484,144.5916868224491,169.89664044901863,119.21905117003324,141.66151188651236,179.09441742456457,139.73348329479197,120.7756002940695
2001-01-03,111.8662566545517,108.22491612099712,131.48879670677965,138.6345093253642,197.1140822489514,129.26921718366705,149.12707356293157,174.45587201326833,134.28387744629507,127.27332758989046
2001-01-04,109.22621299750428,112.6188477155096,130.5026307314788,134.752743064254,195.75399508143366,133.10851293402195,146.2638337505233,166.0470989822288,125.35399959611644,126.70059761573596
2001-01-05,109.5757368790963,109.33037736221674,128.5972923227992,136.47757817547642,182.83423140605902,129.06201414082767,142.69499620701055,163.50657836780073,125.74259699486441,123.81182399009718
2001-01-08,111.02213660590039,107.40616272064172,130.333355769157,136.79147660528002,182.65139717465294,127.57780097820816,142.0671382236997,162.0513698203273,127.84249836467865,122.63561166219125
2001-01-09,112.17676682660176,108.84540530109832,128.79542217108096,135.43724098688773,186.5236067947556,132.55333521635828,140.74591383821928,165.50306399750028,126.50015213184953,121.16398432224496
2001-01-10,112.22163753333238,108.14879470717129,129.6841105840614,135.3695223663943,193.0146283112131,136.56970127341395,141.43556881602655,164.725199596712,126.3483519492913,122.70276692313746
2001-01-11,109.97720478266572,109.94406469931033,129.58036329559414,136.5743111154552,202.64605826394268,139.60154864168373,142.01545464817224,162.27079412272101,121.67346292716752,123.88071348559959
2001-01-12,109.8562298574048,109.73517097638164,128.5048462802407,136.86111716879765,199.991394900685,140.34143684948467,143.59182619476698,164.23427073160593,123.6202383340022,122.30742842433247
2001-01-16,111.49308768228012,112.56633838757229,130.05975492023163,137.0253505094002,198.25146976504902,140.3554709931696,145.64518930935216,166.71420821965316,122.58182833199658,124.44780842175828
2001-01-17,111.54883422612126,111.76711738502053,129.4874919985826,133.77784970232742,204.99201973706073,141.60463468500882,144.7567536545651,162.32962454347629,122.66763561182896,124.22380236659912
2001-01-18,111.33689144109162,113.13067621711777,130.1478782077754,130.995270428519,214.50364945286032,143.0631624222644,143.06309963680667,164.4236767000871,123.24417349920455,123.62752811523943
2001-01-19,110.1010519460955,111.19614165380504,128.3258079128665,131.07386759077613,216.84173923189647,141.2605665757439,138.52799937831992,162.05597575560586,124.13153154839884,122.52724311501379
2001-01-22,110.24418331362543,112.71952879446219,128.26164500891008,132.41082104020202,213.89269157834266,137.37590099491092,143.2379513571828,165.1836560876891,125.44732578281186,122.94383574160486
2001-01-23,111.01589259682079,112.234834820646,129.58273995250184,134.5691174231573,219.28278740611685,137.63691520680126,145.5011109886263,166.30690494908535,126.99032788994045,125.23059108639869
2001-01-24,111.1380100786773,112.76233854430302,129.6216147744876,134.74405727580742,221.14669109906885,137.18271338661881,146.14131587697625,165.74146147225846,128.46341569346376,125.71899039163566
2001-01-25,111.94931755225166,113.84485699432834,129.4660688367582,137.7757985645131,212.80946084463395,134.35674949085447,147.35428879875516,169.05629070170366,130.78860351751544,125.58069950220485
2001-01-26,111.46793548677698,113.63993625173853,127.84774297629875,135.9296028637486,215.04396018350258,133.1341030704877,146.72066535692053,169.2591582505457,129.59842722550604,125.35465424310088
2001-01-29,112.05871554485691,115.19680337838736,127.55369316745326,134.5838997953975,219.25882180309927,137.35445413782216,148.8040988049888,167.75275174211586,130.36305794613654,126.16945949568104
2001-01-30,113.10086159942409,117.02843255210371,130.56396032620518,135.80861328353564,219.5438582714433,138.71426323378662,148.58089265678132,167.90372921868374,130.5977114504396,127.49423882038569
2001-01-31,113.01038091014455,115.83474254007227,131.58235921674958,138.09019798669902,214.07721620048434,137.18840633821497,152.77087382970257,167.78619660823065,129.16113662448475,126.32129182323814
2001-02-01,113.49632554805818,116.5181675210587,132.22711277691164,137.1511846403895,214.89070962204616,139.01301214251322,152.69448839278772,168.99425722380994,128.38616980473785,127.19290873681848
2001-02-02,113.46227665039376,116.55312297131502,130.9048416491425,137.69978937895104,204.7478681278856,133.25787343981318,150.15975988546745,168.79146411514137,128.95106895187868,126.69685639274488
2001-02-05,114.63093809989282,117.97507107156507,131.59863730988297,140.15084562989637,202.53659115210442,134.41721693873956,149.0185457103379,168.94337643284499,130.71769859651943,127.74844030080466
2001-02-06,114.8601999760926,119.39077192442385,131.37491962645615,141.34212781775048,204.56195706362544,135.03553613665775,148.8844290191986,169.53467825035995,131.39743062922133,126.26655839331531
2001-02-07,115.89394177587742,116.54927155262256,131.0727573113153,141.92163054180327,198.77285367872486,132.61840003981158,151.08791856868274,168.83958606953345,132.86908185226864,125.82462543893871
2001-02-08,116.50817966728957,116.70078560564096,129.90620977124462,142.00678352012835,195.11543317103633,132.40621059974785,146.9178920161871,169.22791711749338,134.56980609997765,125.8372079014826
2001-02-09,116.42662394152245,114.07501792951405,128.86696009307465,144.2504906997464,186.64742337141337,129.188739682174,145.06672657678314,169.4986817848814,136.46724036598732,125.42194511540772
2001-02-12,117.38132225784295,115.86599571100741,129.71748202968894,144.13509030718657,186.94605924880761,131.60456911423063,148.95451484904092,172.53270818883078,136.34441984965792,127.52903379334657
2001-02-13,117.32263159671403,117.07100206640189,129.49696231023847,143.42882836468135,183.4688625467798,130.65701621660818,150.02698735595402,168.73698860867648,136.24897875576318,126.73835378382783
2001-02-14,115.09350159637646,117.12953756743507,129.19911929692492,142.86945593405912,189.3949068070408,127.1162110771381,149.00680384193353,167.3195979043636,136.01735549187836,125.53433942288149
2001-02-15,114.7367117414277,118.21884226681223,131.53762335619925,140.683553258268,195.9858495639258,127.44671322593865,148.55978343040775,165.99777308091913,135.03803053233685,126.1494576860536
2001-02-16,115.80376316062299,116.20912194827642,129.40671385782883,142.45616602932216,184.8342547237384,125.05071501729101,147.84669646994178,164.53699267780706,136.29388421628758,125.51871039762332
2001-02-20,116.77651477117223,116.41829836778332,128.79850230269702,142.37069232970455,174.39111933184722,123.58762165158869,149.47301013111112,164.61926117414595,137.05712996789882,123.04599180279014
2001-02-21,114.63950455085978,114.9747114680228,127.56203668059112,141.23172679106693,169.50816799055548,121.06643416989628,143.46419512384045,165.11311895766838,137.50941849679288,120.79425015279908
2001-02-22,113.29822234761471,113.62950734384694,127.51101186591889,141.07637189159675,168.03344692903764,122.07128557350642,142.54602427504787,163.37943120861286,137.75693545008713,120.62513820258516
2001-02-23,112.0632717240257,114.73171356508225,126.7076924911636,139.65150053549164,168.2518904100454,122.44970655878429,142.71707950417795,163.18337589116254,136.03497375696102,119.78076223516707
2001-02-26,112.66841339133545,117.31317712029659,128.39290480129608,141.0619806909001,170.48964055249903,126.3680971686654,146.77024456209662,166.88763852389192,136.91920108638126,122.52374169035238
2001-02-27,113.09655336222252,116.55064146901466,127.54551162960752,140.13097161834017,162.37433366220006,125.74889349253893,146.77024456209662,166.05320033127248,137.16565564833675,123.16086514714222
2001-02-28,113.1304823282312,114.382799537691,126.55065663889657,138.05703323838873,158.1038886868842,123.0578671717986,144.62739899149003,166.8668610128957,137.13822251720708,120.94396957449365
2001-03-01,113.22098671409377,114.8632072957493,126.09507427499653,138.99582106440974,162.3410729036927,120.04294942608955,141.8505529308534,165.2482524610706,137.56335100701045,120.54485447489782
2001-03-02,113.36817399682211,116.11521625527297,127.45690107716649,142.47071659101996,156.33445320625606,121.37542616471917,142.40377008728373,165.43002553877778,138.2649240971462,120.30376476594802
2001-03-05,112.21181862205452,117.39248363408097,130.03153047892525,144.33708297836236,158.91397168415926,121.55748930396626,141.7771934988997,164.9006494570537,138.48614797570164,120.5564026719565
2001-03-06,111.7517501657041,118.13205628097568,130.36961245817048,144.7556605189996,165.27053055152564,123.41731889031695,143.2942094693379,162.6580006244378,138.20917567975025,121.23151852691947
2001-03-07,112.534012416864,119.41969569443829,131.66027162150635,147.31783571018588,166.11341025733844,122.39295514352733,146.51832918239796,159.03072721051282,139.59126743654775,123.01362184926519
2001-03-08,114.19951580063359,122.07081293885483,132.77938393028913,149.58653038012275,161.67818220346751,122.7111768269005,148.54028212511508,159.58733475574962,140.51256980162896,123.14893683329939
2001-03-09,114.42791483223485,121.43604471157279,130.61507997222543,149.22752270721048,150.8134083593945,120.9809492336412,146.7726527678262,159.6032934892252,139.7819044386605,120.24262192403354
2001-03-12,111.75030162516055,119.444493578303,126.65744304906701,145.6460621622374,141.31216363275263,116.91598933939088,141.1219056362649,153.42664603119218,137.6013067294174,114.31466066317869
2001-03-13,110.86747424232178,118.19032639573082,126.08748455534622,143.6070172919661,149.36695695981953,118.38913080506718,140.86788620611964,153.51870201881087,136.1564930087585,116.73813146923808
2001-03-14,109.06033441217193,114.59734047330059,123.21268990748433,141.98425799656687,146.20037747227136,114.1981555745678,138.19139636820336,150.54043919964596,133.41974749928247,112.68731830725554
2001-03-15,109.34389128164356,114.60880020734791,122.09145442932623,140.7631933777964,143.80269128172608,116.64199610386356,139.1172787238703,150.9770064733249,135.28762396427243,114.7945711596012
2001-03-16,109.23454739036191,112.52292004357417,119.39323328643812,138.83473762852057,139.07158273855728,114.93902296074717,136.40449178875483,146.44769627912515,134.1782654477654,112.92341964969972
2001-03-19,108.79760920080047,115.99987827292063,121.85273389213873,140.33415279490856,144.6066317315519,117.44469366129144,138.01406479186213,148.96659665512612,134.58080024410867,114.323670053356
2001-03-20,106.69781534322502,113.47108092657095,120.69513292016343,141.03582355888312,137.3039968291085,113.04051764899302,137.50341275213225,146.12133465901323,134.04247704313224,111.96860245025687
2001-03-21,105.01198986080207,110.75912209242588,117.9553534028757,138.69462888780566,137.34518802815725,110.46319384659597,136.14212896588614,140.90480301168645,132.59481829106642,109.15819052875541
2001-03-22,104.17189394191566,108.98697613894709,116.35116059659659,134.97761283361248,144.17124387315667,109.36960822751468,132.8474894449117,140.15800755572454,128.07333498734104,106.7130470609113
2001-03-23,105.33861915406513,109.57550581009741,117.42159127408529,134.9371195497624,147.25650849204223,110.95546754681362,134.50808306297307,143.05927831212804,128.29105965681953,110.55471675510411
2001-03-26,106.17079424538225,112.68745017510417,119.38253184836252,136.25950332135005,145.31272257994726,113.6960675952199,137.25204795745773,146.0349113010203,132.90953780446503,112.11353826135108
2001-03-27,108.13495393892181,111.56057567335313,121.20908458564247,138.2216401691775,149.14897845605788,119.01704355867619,139.70885961589624,148.8679885802601,134.9829265942147,115.34240816327798
2001-03-28,107.21580683044098,109.79791857771414,119.2697392322722,135.4019187097263,138.14178384600083,114.28016522504088,138.28382924781408,150.1929136786244,135.02342147219295,113.91216230205335
2001-03-29,106.64756305423965,110.7421806774825,118.19631157918175,133.85833683643543,135.04740788785043,115.44582291033629,139.04439030867707,150.9438782470175,136.22512992329544,113.50207851776595
2001-03-30,107.74603295369833,110.56499318839852,118.90548944865684,137.9410161099467,136.12778715095322,115.66516997386593,140.47654752885646,152.52878896861117,138.6499372359301,115.47701468397509
2001-04-02,107.26117580540671,110.92985766592025,117.41917083054865,134.46490250397602,131.69002128983215,113.94175894125533,139.6477358984362,147.72413211609992,139.50956684679286,115.06129743111278
2001-04-03,104.78344264430181,107.42447416367717,114.70678798436298,131.33187027563338,122.49805780380186,108.82577396479296,136.12861295379562,144.2821598377948,138.99338144945975,111.45987882151896
2001-04-04,106.09323567735558,109.57296364695073,115.64738364583475,133.69584394059478,120.39109120957644,108.5972398394669,136.64590168302004,145.8981200279781,138.7153946865608,109.69881273613895
2001-04-05,106.80406035639385,111.57814888168993,119.98416053255356,137.85378468714725,133.34517262372688,113.67959066395395,139.8024220118978,150.34801268883143,139.28412780477572,114.11967488940536
2001-04-06,105.43696838383201,109.30195464450345,117.84844247507411,138.543053610583,127.49131954554525,111.23547946467893,138.65604215140021,149.7466206380761,135.10560397063244,111.70033778174997
2001-04-09,105.29990032493303,112.27496781083394,118.99157236708233,140.88443121660183,128.12877614327297,112.49244038262982,137.96276194064322,152.14256656828533,137.82122661044215,112.69447078800754
2001-04-10,105.78427986642774,113.99277481833971,121.6926810598151,143.5189700803523,136.85434579862985,116.11469696295049,140.2115549602757,152.3403519048241,141.6940030781956,115.53437145186531
2001-04-11,103.92247654077862,111.66732221204558,120.7069703432306,140.36155273858452,140.94629073800888,115.33672849329872,138.51499514525636,149.0345662684894,140.8155002591108,115.63835238617197
2001-04-12,104.85777882964562,113.49866629632312,122.84348371830578,141.23179436556376,145.51295055792036,116.42089374113573,138.18255915690776,152.28351981314248,140.67468475885167,116.93350193289712
2001-04-16,105.5183828362724,113.87321189510101,122.62236544761282,145.14391506948988,141.45313923735438,116.75851433298502,137.62982892028012,152.92311059635767,142.05329666948842,116.43068787458566
2001-04-17,106.59467034120237,114.46535259695554,122.52426755525474,145.88414903634427,142.79694406010924,118.04285799064785,138.66205263718223,157.31200387047315,144.93697859187904,117.65321009726881
2001-04-18,106.88247595112361,120.92119848342384,125.61187909764715,145.11096304645164,156.87672274443602,120.3683022930636,145.5674228585139,156.87153025963582,143.50210250381943,122.35933850115957
2001-04-19,107.08555265543073,120.59471124751859,126.21481611731585,143.1954983342385,167.41883851286212,121.36735920209603,145.8148874773734,154.94201043744232,140.97646549975224,123.26479760606814
2001-04-20,106.3573708973738,119.70231038428696,124.95266795614268,144.55585556841376,166.86635634576967,119.43761819078269,144.56087944506797,153.0517179101055,140.60992668945286,121.60072283838623
2001-04-23,107.03805807111699,118.90030490471224,123.57818860862511,148.5889639387725,157.7220800180215,116.85776563786179,144.57533553301246,152.47012138204713,142.80344154580834,119.93479293550034
2001-04-24,107.04876187692409,118.22257316675537,122.8490772958342,148.26206821810723,154.18910542561784,116.22673370341734,142.10309729539796,150.10683450062538,143.86018701324736,118.9393341541357
2001-04-25,109.46806389534258,118.06888382163861,124.26184168473631,150.79734958463683,156.90283368110872,119.15564739274345,144.02148910888585,153.76944126244064,144.32053961168975,120.62827269912442
2001-04-26,109.36954263783679,118.80091090133276,126.13819549417582,152.39580149023396,154.4394591923153,120.21613265453885,145.99458350967757,155.1226123455501,146.45648359794276,121.89486956246523
2001-04-27,109.87264253397082,120.15524128560796,127.79060585514954,152.4872389711281,158.0533425374155,121.00955913005879,149.39625730545308,157.72867223295532,146.01711414714893,123.82080850155216
2001-04-30,108.74095431587092,120.17927233386507,127.90561740041917,151.7857976718609,160.7244440262978,120.29560273119144,148.36542313004543,159.05359307971213,146.11932612705192,122.49592585058555
2001-05-01,110.81790654330403,119.24187400966093,129.06955851876302,151.2849045395438,165.1925835702289,123.07443115428197,151.42175084652436,159.48303778102735,146.14854999227734,123.58613959065575
2001-05-02,110.33030775451348,121.80557430086864,129.13409329802238,145.18812288660015,169.2728403844135,123.43134700462937,150.52836251652985,158.90889884501564,142.90405218244877,124.12991860485462
2001-05-03,109.95518470814815,119.96631012892553,127.72653168107395,144.57833277047644,162.925108869998,121.20958275854603,149.03813172761622,157.01788294875996,141.76081976498918,123.27342216648114
2001-05-04,111.20867381382105,121.20196312325346,129.05488761055713,147.3253210931155,166.57463130868598,122.00956600475243,150.0813986497095,159.71859053547865,143.80217556960503,124.9499407079453
2001-05-07,111.04186080310032,120.66867448551115,128.57738452639808,148.03248263436245,165.05880216377693,122.94903966298902,148.3854788449678,160.45329605194186,142.86746142840258,124.52511090953828
2001-05-08,110.71983940677133,119.92052870370098,128.61595774175598,148.63941581316334,167.12203719082413,120.90808560458342,148.20741627035383,160.11634413023276,142.03883015211784,123.790412755172
2001-05-09,110.39875187249169,119.39287837740471,128.8217432741428,151.01764646617394,163.59576220609773,119.39673453452613,147.68869031340762,160.6927629691016,143.61546116680637,123.61710617731477
2001-05-10,111.16050326041187,120.52711072199007,129.73637765138923,149.8397088237378,161.46901729741845,119.26539812653816,150.61292638161308,158.86086547125387,144.06066909642348,124.08685118078857
2001-05-11,110.60470074410982,119.27362877048138,128.9839066610112,148.85076674550112,159.20845105525459,118.45439341927771,151.04970386811974,158.30485244210448,144.62250570589953,122.99488689039764
2001-05-14,110.7816682653004,119.51217602802234,129.38375677166033,151.70870146701475,157.10689950132524,118.96374731098061,151.09501877928017,158.6531231174771,146.12657976524088,123.86815058731948
2001-05-15,110.48255776098408,120.14559056097085,129.61664753384935,153.21061761153817,157.05976743147485,119.02322918463608,149.6142875952432,158.5896618682301,145.13291902283726,124.56181223060847
2001-05-16,113.33300775121747,123.07714297065853,134.39950182784835,153.77749689670088,163.51492387290844,121.71315416420885,150.9159318973218,164.04514623649723,146.23592920741083,127.87515643594264
2001-05-17,112.99300872796381,122.99098897057905,135.4343779919228,154.13118513956329,165.4116969898342,121.11675970880422,152.2289005048285,166.55503697391566,146.10431687112415,127.81121885772468
2001-05-18,113.038205931455,122.44982861910852,135.48855174311956,157.12133013127084,165.82522623230878,122.2431455740961,152.9291534471507,165.55570675207215,147.15626795259627,127.96459232035397
2001-05-21,112.78952187840578,122.67023831062292,136.5724601570645,156.36714774664074,174.49788556425852,122.9888287620981,155.72775695523356,167.0291525421656,148.30408684262653,129.55135326512638
2001-05-22,112.067668938384,121.9955519999145,135.42525149174517,154.97548013169563,174.68983323837924,122.38618350116381,155.7744752823201,165.39226684725236,148.0816307123626,130.14728949014594
2001-05-23,112.48231931345603,119.60443918071617,133.2313624175789,152.0309460091934,169.50154519119937,119.92622121279042,153.20419644016184,162.44828449737128,148.67395723521204,128.71566930575432
2001-05-24,112.99973798229792,120.40578892322695,132.45862051555696,151.75729030637686,171.51861357897465,120.59780805158205,154.30726665453102,162.98436383621262,148.40634411218866,129.12755944753275
2001-05-25,112.43473929238644,119.03316292950217,131.70360637861828,151.80281749346875,168.60279714813205,119.76568317602612,152.64074817466206,162.00645765319535,146.20993021932824,127.68133078172039
2001-05-29,113.2330259413624,119.48548894863428,131.8748210669105,151.4992118584818,161.35287687076237,119.10697191855797,151.60279108707437,163.7075254585539,144.8940408473543,127.32382305553158
2001-05-30,112.5762743909025,117.26305885418971,129.80438637615998,151.51436177966767,153.5918034932787,116.66527899422753,150.66285378233448,162.9381000888987,145.00995608003217,126.20337341264289
2001-05-31,112.41866760675524,118.27152116033572,130.66109532624264,151.9537534288287,155.55777857799265,118.35692553964383,150.76831777998208,163.50838343920984,146.82258053103254,126.98583432780129
2001-06-01,112.6659886754901,119.7499151748399,131.4973263363306,152.0145349302002,158.2178165916763,118.4634467726295,150.90400926598406,165.61764158557563,145.54522408041254,126.87154707690627
2001-06-04,112.53078948907951,119.39066542931538,132.20741189854678,154.99401981483214,158.4234997532455,118.32129063650234,150.70783405393829,167.7872326903467,145.9236416630216,127.81039652527537
2001-06-05,113.01467188388254,120.19058288769178,133.8071215825192,155.64499469805443,165.33076434248702,119.65832122069482,152.06420456042372,170.08591777820445,143.69100994557738,128.53891578546944
2001-06-06,111.63589288689917,119.38530598234425,132.76342603417552,151.38032184332775,164.1403828392211,118.28225052665684,151.13661291260513,168.45309296753368,141.52127569539917,127.47204278445005
2001-06-07,110.96607752957777,119.69570777789833,133.38741413653614,149.9724848501848,168.49010298446046,117.76180862433957,152.2550238481584,169.19428657659083,140.8985820823394,127.37006515022249
2001-06-08,110.36686071091806,119.10919880978663,132.0668787365844,150.51238579564549,164.32839744074428,117.49095646450358,152.041866814771,167.9591682845817,141.64534456737582,126.38931564856577
2001-06-11,110.02472344271422,119.6213683646687,130.77262332496588,150.90371799871414,160.99253097269718,117.53795284708939,150.27818115971962,165.49016851079836,143.3309241677276,125.40347898650694
2001-06-12,110.27778030663245,119.1907314385559,130.81185511196338,151.92986328110538,160.8154391886272,116.48011127146557,151.11973897421407,165.02679603896811,143.70358457056366,125.70444733607455
2001-06-13,109.77050251722193,119.25032680427516,130.26244532049313,150.89674021079387,156.28044380350792,115.6880465148196,150.40947620103526,164.82876388372134,140.8295128791524,124.86222753892284
2001-06-14,108.56302698953249,118.01012340551071,127.27943532265384,148.72382715175846,149.70103711938023,113.52468004499248,148.49927585328211,164.4991063559539,137.2242773494461,123.3264221401941
2001-06-15,107.6076723520246,117.38466975146152,126.68122197663736,148.97665765791643,148.30881747416998,112.06021167241207,146.50938555684814,164.54845608786067,139.1591396600733,123.15376514919782
2001-06-18,106.63920330085637,119.52107074093811,126.4531957770794,147.6358677389952,145.3426411246866,109.30353046527073,147.37379093163355,165.05855630173306,138.9504009505832,123.28923429086196
2001-06-19,106.72451466349703,119.15055542164122,125.56802340663987,147.25201448287376,145.40077818113645,109.64237140971306,148.08118512810537,166.01589592828313,140.2843247997088,123.84403584517084
2001-06-20,108.44277934957933,119.6867329210386,126.03262509324445,145.72059353225188,147.52362954258103,110.70590241238729,149.35468332020707,168.43972800883606,140.05986988002925,125.72646519001745
2001-06-21,109.57058425481496,123.39702164159078,125.91919573066053,144.07395082533745,149.38242727481756,111.64690258289258,151.2813587350377,168.84398335605724,136.19421747134047,128.2912850798938
2001-06-22,108.6063631133726,121.07715763472888,124.50890073847714,145.09687587619734,147.9483559729793,110.88770364532891,149.42059802259675,163.22147871030052,137.18843525888127,127.84226558211418
2001-06-25,108.83443647591066,120.68971073029775,123.46302597227393,144.57452712304303,150.04922262779561,110.07822340871802,146.74596931799226,161.37707600087415,135.81655090629246,126.29537416857059
2001-06-26,108.48616627918774,120.798331469955,124.25318933849647,145.094995420686,151.20460164202964,110.61760670342073,145.9682156806069,161.03818414127232,136.93024662372406,125.3228997874726
2001-06-27,108.70313861174611,120.41177680925115,123.95498168408407,141.40958253700057,151.85478142909037,110.55123613939868,144.80046995516207,159.57273666558675,137.83398625144062,125.33543207745134
2001-06-28,110.37716694636701,122.26611817211364,124.82266655587264,138.83592813482716,155.7270783555322,112.66276474966119,147.3199981323819,161.55143860024,137.42048429268633,126.7642560031343
2001-06-29,110.69726073051147,122.73072942116767,124.5605389561053,140.59914442213946,157.7515303741541,115.1864106800536,146.8633061381715,158.57889212999558,137.7777775518473,126.87834383353712
2001-07-02,111.31716539060234,123.97030978832146,125.17088559699022,140.00862801556647,157.95660736364053,116.23460701724208,147.8913492811387,159.94267060231354,138.17733310674765,127.99487325927224
2001-07-03,111.25037509136797,124.03229494321562,125.2334710397887,139.78461421074155,157.46694188081324,115.88590319619037,147.62514485243264,159.76673366465099,138.31551043985436,127.64928710147218
2001-07-05,110.1378713404543,123.13926241962447,124.89534066798127,140.5254726660585,152.5224799057557,114.70386698358924,146.00126825905588,157.70574280037698,140.23809603496835,126.71744730563144
2001-07-06,108.63999629022412,120.29474545773115,122.63473500189082,140.3006319097928,144.7743379265433,112.65066776458299,142.81844061100847,156.09714422381316,140.9533103247467,124.37317453047727
2001-07-09,108.95505227946576,121.46160448867116,122.8800044718946,138.51881388453845,146.27999104097935,113.48428270604091,143.4468417496969,158.87567339099704,141.37617025572092,124.7214194191626
2001-07-10,108.96594778469371,121.5587737722621,121.8232364334363,137.4106633734621,141.32109934469014,114.0063104064887,141.7398243328755,157.04860314700056,141.9840877878205,122.65104385680449
2001-07-11,109.79408898785738,123.34568774671435,121.31157884041588,135.500655152571,141.98530851161019,114.4053324929114,143.12887461133766,155.41529767427178,140.09569942024248,121.95193290682072
2001-07-12,110.3101212061003,125.8619397767473,123.68928578568803,135.41935475947943,151.7680962680601,115.64091008383484,148.06682078542883,153.2550250365994,139.03097210464864,124.90316968316577
2001-07-13,110.54177246063313,127.18349014440315,123.85008185720943,136.4214579846996,152.25375417611792,115.18991053450789,149.6511357678329,155.2320148595715,138.6416853827556,125.8274531388212
2001-07-16,110.66336841033984,127.23436354046092,122.2895708258086,134.26599894854135,147.9601983083514,115.21294851661479,150.3544961059417,153.64864830800389,138.7525987310618,124.46851664492193
2001-07-17,111.61507337866877,128.90113370284098,123.81819046113121,133.59466895379865,150.26837740196171,116.39964188633591,151.24158763296677,156.09166181610115,138.19758833613756,125.77543606969361
2001-07-18,111.59275036399303,127.35432009840689,124.20202685156072,132.21864386357453,143.98715922655973,114.88644654181354,151.80118150720875,160.15004502331976,137.24402497661822,125.78801361330059
2001-07-19,112.00564354033982,127.23970121031832,124.83545718850368,134.43991708048256,146.8093075474003,115.54129928710188,152.92451025036212,160.1660600278221,136.9558125241673,125.18423114795674
2001-07-20,111.82643451067527,127.88862368649094,124.57330272840782,136.7119516791427,145.4146191257,114.5360899833041,153.19977436881277,161.1590895999946,134.0112625548977,124.59586526156134
2001-07-23,110.11549006266195,126.13654954198601,123.19053906812249,135.39951694302292,142.20095604302202,112.1995537476447,150.9630576630281,158.70947143807467,130.16513931957218,123.3000682628411
2001-07-24,109.16849684812304,124.26972860876462,120.75136639457367,131.1750520144006,140.2670230408369,109.54042432382552,148.83447854997942,155.82095905790172,125.36204567867995,121.59852732081389
2001-07-25,109.85625837826622,125.61184167773926,122.924890989676,136.1465864857464,142.5253221117944,112.32275110165068,151.54326605958906,157.34800445666917,129.0727622307689,122.07276157736506
2001-07-26,109.79034462323926,126.10172786028244,124.24018732326554,138.4474637973555,145.70363679488742,114.89494210187847,152.24036508346316,158.33929688474618,132.37702494387656,122.93947818456436
2001-07-27,108.8461476594794,125.95040578685011,124.01655498608366,139.3889065511775,145.87848115904129,115.58431175448976,151.78364398821276,158.87765049415432,132.1387462989776,123.78776058403784
2001-07-30,108.87880150377724,126.10154627379433,124.22738312956001,138.97073983152396,145.32414293063692,114.91392274631372,152.6488107589456,159.40194674078504,133.15621464547974,123.37926097411052
2001-07-31,110.10913196076994,126.71944385053591,125.20877945628352,137.4698558413435,145.83277743089417,114.063559717991,153.54943874242338,162.17554061407472,132.46380232932324,124.11953653995518
2001-08-01,109.47049899539746,127.23899357032312,125.3339882357398,136.52131383603822,149.50776342215266,115.36388429877611,152.22891356923853,161.31601024882013,133.3910489456285,124.35536365938108
2001-08-02,109.86459279178091,127.59526275232001,125.98572497456566,137.19026827383482,151.76533064982715,114.89089237315113,153.61419668271864,160.04161376785447,135.3252191553401,124.15639507752607
2001-08-03,109.622890687639,127.04660312248504,125.79674638710381,135.58514213503094,150.141441611874,113.68453800323306,152.7693186009637,159.8815721540866,135.3658167210867,124.05706996146404
2001-08-06,108.61436009331271,126.05563961812965,124.61425697106503,134.73095573958022,147.58903710447214,112.85464087580945,150.69165586799056,159.05018797888536,131.9545981397153,122.66763077789564
2001-08-07,109.12484758575127,125.87916172266426,124.20302992306051,135.63365314303542,146.91012753379155,112.95621005259765,151.49032164409093,159.7818188435882,132.20531187618076,123.48950390410754
2001-08-08,108.73199813444256,124.53225469223175,122.24062205027614,133.91110574811887,141.98863826140956,111.29575376482448,149.68758681652625,157.6087861073154,129.31001554609242,122.01997880764866
2001-08-09,108.97120853033833,124.7190530742701,122.38731079673649,133.9512790798433,141.74725757636514,110.67249754374147,149.22355529739502,158.06585158702663,130.66777070932636,121.92236282460254
2001-08-10,109.1237682222808,126.04107503685735,124.01506203033308,135.33097725436568,141.1944432718173,112.06697101279259,149.04448703103813,159.63070351773817,131.46484411065325,122.49539792987815
2001-08-13,109.22197961368086,124.18827123381556,124.21348612958161,135.49337442707093,142.47931270559087,112.10059110409642,148.0756978653364,161.13123213080493,130.47885777982336,122.50764746967116
2001-08-14,109.4076569790241,123.56732987764647,124.02716590038725,136.03534792477922,140.21389163357196,111.842759744557,149.33434129719177,161.3245896093619,131.00077321094267,122.31163523371968
2001-08-15,109.56082769879474,122.96184996124599,124.05197133356731,138.97371143995449,136.51224489444567,109.78485296525716,148.4980689859275,160.7760860046901,130.35886942220904,122.11593661734572
2001-08-16,109.8456858508116,124.38820742079646,124.93274033003566,138.33443236733066,137.57704040462235,110.02637964178072,148.4683693721303,160.59923231008491,131.54513513395116,121.95718589974318
2001-08-17,109.94454696807732,118.7907380868606,123.93327840739536,136.09341456297992,132.84439021470337,107.74883358319588,146.59766791804148,159.5553373000694,131.34781743125023,120.27417673432672
2001-08-20,111.81360426653461,115.59526723232405,124.34225822613978,135.685134319291,133.5883187999057,109.12801865306076,148.53275713455963,160.84773553219995,132.13590433583772,121.22434273052791
2001-08-21,111.67942794141477,114.75142178152808,123.68324425754125,134.96600310739873,129.83448704162834,108.02582566466485,145.60666181900882,160.18825981651793,131.73949662283022,120.06058904031485
2001-08-22,112.12614565318042,116.41531739736024,124.59850026504706,135.627336522625,131.95078918040687,106.95636999058466,146.29101312955814,161.99838715244462,132.79341259581287,120.72092228003659
2001-08-23,112.7989025270995,114.87863520771509,124.72309876531209,135.627336522625,130.69725668319302,106.02584957166657,145.16457232846054,162.41958295904095,133.1785134923407,120.52776880438853
2001-08-24,113.34033725922956,116.44098464654003,126.6812514159275,137.2955527618533,137.3236075970309,108.09335363831407,148.19851189012536,164.22244032988633,134.0841273840886,121.1665659790518
2001-08-27,113.24966498942217,116.13823808645903,126.60524266507794,135.90886767895856,137.48839592614735,106.88270807756494,147.1907620092725,163.63123954469873,134.98249103756197,120.29416670400263
2001-08-28,112.43426740149833,115.41818101032297,124.65552192803572,134.27796126681105,133.95494415084536,105.38635016447904,145.9543596083946,161.29131281920954,134.92849804114695,118.8746955368954
2001-08-29,112.02950403885295,114.95650828628168,123.42143226094817,134.18396669392428,131.46338218963965,104.52218209313031,144.42183883250647,160.00098231665586,134.53720539682763,117.99502278992237
2001-08-30,112.57844860864333,112.86429983547134,121.9156907873646,132.58717749026655,125.79731041726616,103.1633937259196,142.02443630788687,158.8169750475126,133.09765729908156,117.027463603045
2001-08-31,112.35329171142602,113.99294283382606,122.48869453406519,132.6136949257646,127.3823565285237,103.84427212451067,142.91919025662656,157.16527850701848,133.19082565919092,117.67111465286177
2001-09-04,113.44311864102687,114.99608073076372,122.99089818165486,134.3641956987847,124.28696526488056,104.16618936809665,144.17687913088486,159.1298444883562,134.40286217268957,117.3181013089032
2001-09-05,114.41872946133971,114.283105030233,123.16308543910917,135.10319877512802,122.67123471643713,103.43702604251996,143.4992477989697,161.43722723343737,133.63676585830524,116.5672654605262
2001-09-06,112.8969603595039,112.20315251868276,121.72207733947158,135.10319877512802,117.88705656249607,101.04763074093775,139.07947096676142,158.4667822523421,133.69022056464857,114.36414414332225
2001-09-07,111.98249498059192,108.24238123477326,118.8859529374619,135.00862653598543,116.43704576677737,98.8346876277112,134.96271862614532,155.15482650326817,133.85064882932616,111.91675145865516
2001-09-10,112.40802846151816,108.49133871161322,117.95864250454969,135.46765586620776,117.86922142970874,100.73231363016326,133.97749078017443,156.7218902509512,132.77984363869155,111.88317643321757
2001-09-17,111.04789131713379,95.6242659404159,110.1733720992494,131.8913097513399,109.68909746248696,96.77353370449785,125.40293137024328,154.60614473256337,130.5624202499254,104.96879612964474
2001-09-18,110.50375664967984,94.74452269376408,109.0165516922073,128.26429873317804,108.53736193913086,98.40900642410385,125.70389840553185,152.1788282602621,129.38735846767605,104.06606448292979
2001-09-19,109.54237396682763,91.82639139479613,106.48736769294808,123.56982539954373,106.89844777384998,98.58614263566724,124.32115552307098,149.6222239454897,127.1748346378788,101.92230355458143
2001-09-20,106.92431122902045,86.95959265087194,101.7486798306119,120.44350881693529,102.01318871058504,97.34395723845783,121.02664490170963,147.69209725659286,127.26385702212531,98.11040940164008
2001-09-21,104.5826688131049,86.42913913570163,99.41863506249089,118.99818671113206,99.10581283233337,94.47231049992332,118.92078128041987,143.79302588901882,125.30399362398458,97.207793635145
2001-09-24,106.81027965882404,92.0556760934358,103.92229923082172,116.23742877943381,105.62697531670091,97.60879120852077,124.71222332877632,144.7708184650641,124.65241285713986,102.40841059462527
2001-09-25,106.8316417147558,91.3192306846883,104.9926989128992,115.8538452644617,105.33121978581414,99.72690197774567,126.14641389705726,147.04372031496564,123.86710265613989,103.54514395222563
2001-09-26,106.03040440189515,90.05902530123961,103.64879236681408,114.49835527486749,101.70782582518214,99.50750279339464,125.30123292394697,150.04341220939094,121.25350679009534,103.80400681210618
2001-09-27,107.86473039804794,90.81552111377003,104.54017198116867,120.58966777549043,100.48733191527997,99.0696697811037,126.42894402026248,155.05486217718462,120.6836153081819,105.3922081163314
2001-09-28,108.37169463091875,94.31191867665018,106.9132338851412,124.32794747653062,103.16029494422641,101.39780702095965,129.32416683832648,156.1867626710781,124.41273902120471,108.36426838521196
2001-10-01,107.68895295474397,93.52912975163397,105.61958375513099,122.8484449015599,101.65415463804071,100.41424829285633,129.20777508817199,158.18595323326787,124.57447558193229,108.00666629954077
2001-10-02,108.06586429008559,95.38100652071634,106.69690350943333,125.29312895510094,102.08110208752048,101.98071056622489,132.63178112800853,159.48307804978066,127.06596509357094,109.37835096154494
2001-10-03,108.29280260509475,97.45077436221588,108.87352034102575,125.41842208405602,109.44114954803071,102.65378325596197,137.31368300182723,158.4464380424571,130.24261422091018,111.40185045433351
2001-10-04,107.97875347753998,96.02799305652754,108.56867448407088,128.72946842707512,111.53147550439809,101.97626828647262,135.07546996889744,157.17886653811743,131.01104564481355,110.47721509556254
2001-10-05,108.52944512027545,96.9690673884815,109.46979448228866,129.50184523763758,112.79178117759778,100.76275069386358,135.7913699597326,158.76637309015243,131.79711191868245,108.76481826158133
2001-10-08,108.18215089589056,95.78604476634204,108.86771061263607,130.26590612453964,113.42341515219235,100.9642761952513,133.5100749444091,157.6232552039033,131.0722278031297,106.53513948721891
2001-10-09,108.25787840151769,95.58489407233272,108.37780591487922,131.36013973598577,110.39500996762881,101.00466190572939,133.29645882449802,156.96123753204694,129.25032383666618,106.96128004516778
2001-10-10,109.61110188153664,100.4119312229855,111.05473772097673,135.55052819356374,114.203637811512,102.03490945716783,137.58860479864688,159.84932430263657,130.63330230171852,109.23955531012987
2001-10-11,109.72071298341817,102.23942837124385,113.54236384592662,135.1167665033443,120.3363731619902,102.32060720364788,140.8494547323748,158.90621328925104,130.24140239481335,110.93276841743689
2001-10-12,108.22851128684367,101.1250186019973,112.53183680769787,134.96813806019063,120.92602139048394,101.58389883178162,139.0465817118004,159.71663497702622,129.95487130954476,109.53501553537718
2001-10-15,108.25015698910103,101.78233122291027,111.90165852157476,132.44423387846507,120.06744663861151,100.67980213217878,138.96315376277332,161.40963130778266,129.73394802831854,110.10459761616116
2001-10-16,108.81305780544437,101.41591483050777,112.3380749898089,133.83489833418892,122.09658648680404,100.15626716109145,139.92199952373642,161.70016864413668,132.01726551361693,111.12857037399147
2001-10-17,107.89902811987864,98.08947282406713,110.1025472975117,132.911437535683,116.72433668138464,98.38350123234014,137.13755173321408,160.0669969408309,131.1327498346757,109.4060775331946
2001-10-18,108.5464222885979,97.0104886230024,109.43092175899687,129.12346156591605,116.57259504369885,96.76017346200652,136.34215393316143,159.4107222533735,128.18226296339552,108.58553195169564
2001-10-19,110.26145576075774,96.5254361798874,110.15316584260624,130.22101098922633,118.26289767183249,96.95369380893054,137.69194125709973,160.6541258869498,130.54081660192202,107.92316020679031
2001-10-22,111.6838285400715,97.33624984379844,112.5985661243121,132.3305913672518,120.8646814206128,96.50770681740946,137.347711403957,164.07605876834185,130.39722170365988,109.96290793469865
2001-10-23,111.52747118011541,97.75479571812677,112.01305358046567,131.6292392330054,120.9855461020334,94.8670758015135,136.57856422009482,161.5985102809399,128.2065483790384,109.8749376083509
2001-10-24,111.54977667435145,97.36377653525426,112.32669013049097,129.9838737425928,123.44155268790469,94.25043980880365,135.2264364343159,161.3561125155185,125.34754235018583,109.6222252518517
2001-10-25,111.91789093737681,98.16215950284335,113.96665980639614,133.12948348716355,126.8115070762845,94.25043980880365,136.67335930416306,162.3242491906116,127.9673059853047,111.17886085042798
2001-10-26,112.41032965750126,99.21249460952377,115.56219304368567,135.6190048283735,126.1013626366573,95.18351916291081,137.09704671800597,162.45410858996408,127.22509561058992,112.00158442072117
2001-10-29,110.937754338988,96.07737977986282,112.55757602454983,135.11721451050852,120.62856349822637,93.88902330229521,133.43655557063522,160.78083127148744,127.50499082093323,109.24634544397142
2001-10-30,109.78400169386254,94.93405896048246,111.28567541547243,130.84751053197644,118.01092367031485,91.56996442672852,129.30002234794554,158.85146129622962,126.29369340813437,107.73874587684462
2001-10-31,109.76204489352376,95.31379519632439,111.15213260497387,130.36337474300814,119.37985038489052,91.70731937336862,131.33003269880828,158.1684000126558,126.62205701099552,107.30779089333724
2001-11-01,111.18895147713957,97.3153848954472,113.5863643090228,132.696879150908,124.33411417586349,93.16546575140518,132.91912609446385,160.16132185281526,127.30581611885489,109.43248515302533
2001-11-02,112.35643546764953,97.62679412711263,114.56320704208038,129.87043562499366,124.47088170145695,93.23999812400629,134.7667019471769,159.44059590447762,125.44715120351961,110.02342057285168
2001-11-05,113.03057408045542,99.10095871843203,115.51408166052965,128.41588674599373,128.1676668879902,94.09780610674716,137.11164256105778,160.01458204973375,128.382614541682,111.78379530201732
2001-11-06,113.94612173050712,100.50819233223376,116.81939078329364,128.62135216478734,132.1280477948291,94.37068974445671,138.9763608998882,161.27869724792663,128.99885109148204,113.47173061107776
2001-11-07,113.39918034620067,99.67397433587622,116.57407006264873,129.1872861143124,132.1280477948291,93.6629095713733,137.73947128787918,160.32715293416388,128.00555993807762,113.66463255311659
2001-11-08,112.69610542805421,100.31188777162583,116.21269044545453,130.28537804628405,131.9694941374753,94.53397463038708,137.56040997520495,159.4774190236128,130.41206446491347,113.97152706101
2001-11-09,112.76372309131104,99.66989168988742,116.18944790736543,133.21679905232543,132.31261482223275,94.9310173238347,138.2069439020884,158.823561605616,130.7772182454152,113.57262671629647
2001-11-12,112.71861760207452,98.9821694372272,115.53878699908418,132.56403673696903,133.39757826377502,94.13359677831448,138.69066820574568,158.88709103025823,130.6725964708189,113.03883537072987
2001-11-13,113.6090946811309,101.6447897950886,117.6415929224675,133.90293350801244,137.6262814947367,95.49853393160005,141.5199578371429,160.18996517670635,131.4435647899967,115.31091596168154
2001-11-14,114.56341107645238,102.72222456691654,118.53566902867824,127.74339856664385,138.507089696303,96.45351927091606,144.18053304448117,159.53318631948184,128.97242577194476,116.10656128181714
2001-11-15,114.90710130968174,104.62258572140448,118.6660582646098,121.36900297816831,138.27162764381927,99.01918288352242,145.14654261587918,160.0755991529681,126.83148350413049,116.03689734504803
2001-11-16,114.40151006391915,104.9887647714294,119.24752195010639,122.74047271182162,137.89829424918096,99.20731933100112,143.05643240221053,160.73190910949526,127.64320499855693,115.13180954575665
2001-11-19,114.51591157398305,106.6265895018637,120.47577142619248,122.24951082097432,140.25635508084196,100.05058154531461,145.8174215475732,162.8535703097406,126.86458144806574,116.51339126030574
2001-11-20,113.74865496643736,105.49634765314393,119.80110710620579,126.1981700204918,135.93645934435202,98.43976718243505,144.66546391734735,163.50498459097957,128.80560954422117,116.03568635613848
2001-11-21,113.08891276763202,104.40973527231654,119.08230046356856,125.36526209835654,134.98490412894157,97.67193699841205,143.60940603075073,165.33624041839857,127.10537549823744,115.24664368891673
2001-11-23,113.54126841870256,106.92600989237937,120.61846213954858,127.2833506084614,137.07717014294016,98.27750300780221,145.51941113095972,166.1463879964487,128.1603501148728,116.90619535803712
2001-11-26,112.92814556924158,108.86137067143144,120.82351352518583,125.03043530269164,139.83242126281326,99.48631629479817,146.014177128805,167.39248590642205,127.32730783912614,117.70115748647176
2001-11-27,111.51654374962607,107.65300945697855,120.6060312008405,124.86789573679815,139.1192759143729,98.48150450022071,144.32041267411086,166.18726000789584,127.55649699323656,117.28920343526912
2001-11-28,110.9701126852529,106.3934692463319,119.13463762019025,123.58175641070915,135.07090498526466,97.08306713631757,142.89164058863716,164.57524358581924,124.4951410653989,114.73229880038025
2001-11-29,112.39053012762412,107.62763348958937,120.23067628629602,125.06473748763764,138.4746917908933,97.47139940486284,143.0202430651669,165.80955791271288,125.25456142589783,115.9255147079042
2001-11-30,112.5815940288411,109.64027023584468,120.53125297701175,124.85212743390865,138.36391203746058,97.05227238742192,144.23591513122082,166.12459607274704,124.77859409247942,115.02129569318254
2001-12-03,112.5815940288411,107.25011234470327,119.65137483027956,126.16307477196469,136.26078057449118,97.06197761466066,143.0964514016842,166.24088328999795,124.1172675437893,113.16945283252228
2001-12-04,113.0094040861507,108.4405885917295,121.66151792742825,128.16906766083892,140.90727319208133,97.9064168199082,145.01394385046677,165.69228837514095,125.89214446966548,114.59538793821207
2001-12-05,113.9134793188399,109.88284841999952,124.64222511665024,130.38639253137146,147.9103646697278,100.30512403199596,149.13233985582005,165.82484220584107,126.53419440646078,116.70394307627517
2001-12-06,112.70599643806018,112.22335309134553,124.35554799888196,126.14883477410189,147.89557363326082,101.24799219789674,147.64101645726186,165.5926874267529,125.15497168743038,117.46251870627094
2001-12-07,112.34533724945838,110.3941124359566,123.236348066892,127.05710638447543,145.17429507840882,99.20278275549921,146.81422676510115,165.41053547058345,126.9071412910544,117.06314614266961
2001-12-10,111.55891988871218,108.3739001783786,121.95469004699633,125.43077542275414,142.63374491453666,97.35761099624693,144.0834821472703,163.02862375980706,124.67357560433186,115.3657305236009
2001-12-11,111.22424312904604,107.81035589745103,122.35714052415143,123.54931379141283,143.60365437995551,97.70809839583343,142.67146402222704,160.58319440340995,121.45699735374009,115.6541448499099
2001-12-12,111.49118131255575,107.79957486186129,122.68750480356663,124.27825474278215,144.86736653849908,97.79603568438966,142.37185394778035,158.2868547234412,122.30719633521625,115.526925290575
2001-12-13,111.44658484003074,106.18258123893337,121.06802974015956,121.95425137909213,139.2609994534592,96.80829572397734,141.26135348698767,157.62204993360274,123.0655009524946,114.29078718996584
2001-12-14,111.80321391151884,106.2781455620484,120.98328211934144,123.3811161202275,139.88767395099978,96.41138171150902,143.6910487669639,158.31558695331057,122.49939964811311,114.24507087508987
2001-12-17,112.61937737307292,105.6723601323447,122.02373834556776,124.26946015629316,141.7621687819432,98.67704918172949,145.37223403753737,160.08872152718766,121.22540589177275,115.38752158384075
2001-12-18,113.40771301468442,106.79248714974756,123.92730866375862,125.3008966755904,142.55603692712208,98.38101803418431,145.92464852688002,160.79311190190728,123.57717876607315,117.00294688601454
2001-12-19,114.64385708654447,106.95267588047219,123.5307412760346,127.91968541611023,140.90238689876747,98.36134183057747,146.69804916407247,161.6613947061776,127.3833558720682,118.52398519553272
2001-12-20,114.63239270083582,106.89919954253196,122.41896460455028,127.84293360486056,136.11170574420936,98.2629804887469,146.5220115050756,161.9362190771781,126.74643909270785,118.07359405178968
2001-12-21,115.56091508171261,107.01678866202874,122.5781092585362,128.96795142058332,137.63615684854454,98.2236752965514,148.91032029260833,163.0373853669029,126.34085048761119,118.17986028643628
2001-12-24,115.73425645433517,107.31643567028242,123.04390607371865,130.45108286192004,136.9479760643018,98.35136607443692,148.8805382285498,163.20042275226982,127.36421137656085,118.14440632835034
2001-12-26,116.05831237240729,108.37886838341821,123.70834316651673,132.6557061622865,137.8518327063262,98.66609044587513,150.13113474966963,163.51050355549913,128.63785349032645,118.34525181910855
2001-12-27,116.1163415285935,109.35427819886895,124.28977237939935,133.09346999262203,139.46469914899023,99.85995014027023,151.04693467164262,163.31429095123252,129.78273038639034,119.31568288402525
2001-12-28,115.33836204035191,109.737018172565,124.63778374206167,133.63915321959178,140.10623676507555,100.50903981618198,151.83237873193517,163.55926238765937,130.24994821578136,120.10316639105983
2001-12-31,114.75013639394611,108.7274376053774,123.74039169911883,132.26266994142998,137.48625013756865,99.5743057458915,150.48107056122092,161.4493479028586,129.859198371134,119.25043390968331
2002-01-02,115.39273715775222,109.26020204964372,123.72801765994892,131.892334465594,140.37346139045758,101.1276649155274,149.74371331547093,160.7551157068763,131.28764955321645,119.09540834560073
2002-01-03,114.86193056682656,110.58225049444441,125.18800826833632,131.25925126015915,146.33933349955203,102.05803943275026,149.98330325677568,159.3404706886558,130.51305242085246,119.59560906065225
2002-01-04,114.34505187927586,111.78759702483386,126.3647755460587,132.26994749486235,147.70028930109788,102.3642135510485,151.19816801315557,159.16519617089827,129.67776888535903,121.22210934387714
2002-01-07,113.71615409393985,111.06097764417244,125.55604098256393,132.0450885841211,146.1642062923665,102.28232218020766,150.74457350911612,158.24203803310706,130.23538329156605,120.02201046137276
2002-01-08,114.20513355654379,110.1280654319614,125.00359440224065,131.63574880951032,147.05580795074994,101.93456228479496,151.43799854725805,158.13126860648387,128.94605299697955,118.82179035675901
2002-01-09,113.4513796750706,109.79768123566554,124.79108829175682,130.55633566927233,146.64405168848782,99.65122808961556,149.3027227677417,157.67268792752506,128.72684470688466,119.04755175843687
2002-01-10,113.95056574564092,107.85426227779425,123.26863701459739,130.13855539513065,145.92549583521424,100.2092749669174,149.94472447564297,159.59629472024088,129.1645159788881,119.34517063783294
2002-01-11,114.3949729520489,107.46598693359417,122.0975849629587,127.14536862104266,143.9992792901894,99.3474752022019,148.01043752990716,159.93144693915337,128.0020353350781,118.36654023860271
2002-01-14,114.49792842770574,106.54177944596526,120.41263829046986,126.63678714655848,141.85369002876558,98.62223863322583,147.0039665547038,159.46764574302983,128.59084469761945,117.30124137645528
2002-01-15,115.31086371954247,106.19019157379357,120.56917472024749,128.94157667262584,142.46366089588926,98.69127420026909,147.7977879740992,159.13276368696947,129.1437853298192,119.131140741928
2002-01-16,114.1923483414629,105.76543080749839,117.57905918718534,126.38853345450785,138.37495382817727,96.48058965818306,146.21635164277635,158.5121459085903,128.70469645969783,117.58243591228292
2002-01-17,115.10588712819461,106.61155425395836,118.87242883824436,126.4011723078533,142.19410255383497,96.47094159921724,147.51767717239704,158.2743776897274,127.34042667722503,118.94639216886543
2002-01-18,115.29005654759972,105.35353791376166,118.81299262382525,125.47844375000598,137.74342714389994,95.12034841682821,147.25214535348675,156.77077110167502,126.95840539719335,118.44681732175619
2002-01-22,115.82039080771867,105.3324672061789,118.51596014226568,124.37423344500593,132.72956639586198,93.1798933091249,148.9897206686579,158.65202035489511,125.11750851893405,118.0559428245944
2002-01-23,115.42660147897243,106.41739161840253,119.63001016760299,127.32190277765258,134.9196042413937,94.39123192214353,151.68643461276062,160.11161894216016,125.7305843106768,118.13858198457162
2002-01-24,114.60707260847174,106.11942292187099,121.24501530486565,128.41687114154038,136.9164143841663,94.99533580644524,151.6409286823768,158.07820138159474,126.15806829733312,118.6347640289068
2002-01-25,115.04257948438395,107.42469182381001,123.28193156198736,129.52125623335763,136.54674006532906,94.2828707878969,150.20033985989423,157.2720025545486,125.90575216073844,119.22793784905133
2002-01-28,115.3301859330949,109.71283775965716,123.72574651561052,128.40737342975075,137.36602050572102,94.66943055812727,151.71736329247915,156.18682573692223,125.32658570079904,118.76294889144002
2002-01-29,113.8885586089312,108.00131749060652,121.43682020507174,125.29991499275077,133.12141047209423,92.1512237052811,149.10782464384852,154.3906772409476,122.19342105827906,114.5468642057939
2002-01-30,114.64022309575014,109.94534120543744,123.18551041602477,126.72833402366814,135.10491948812842,91.24814171296933,152.61185852297896,155.90370587790892,122.48668526881892,115.68087816143127
2002-01-31,115.75223325977892,111.81441200592988,125.67385772642848,128.5025306999995,136.80724147367883,92.42524274106663,154.41267845355011,157.54069478962697,124.21374753110928,117.40452324603659
2002-02-01,115.8101093764088,110.58445347386466,125.39737523943033,128.90088854516952,134.87825936889993,91.39008002236667,152.5288437764168,157.80851397076933,124.84723764351796,116.33614208449765
2002-02-04,115.09208669827508,108.71557621015633,123.72959014874591,126.32287077426614,130.7644724581485,87.49686261341387,151.1408312980514,154.3367266634124,123.24919300168091,112.95076034983877
2002-02-05,115.8516944704837,107.97631029192726,122.93772077179395,126.00706359733047,129.23452813038816,86.17565998795132,151.33731437873888,155.55598680405336,121.47440462245672,112.87169481759389
2002-02-06,115.41145803149584,106.37826089960673,123.04836472048855,127.38054059054136,128.09726428284074,84.11606171423928,149.9904122807681,153.40931418615742,120.34469265946785,112.1718903097248
2002-02-07,115.37683459408639,106.34634742133686,121.91631976506005,125.9538785359273,125.7274648936082,86.40401859286659,149.0304736421712,151.9365847699703,120.72979567597817,112.55327473677788
2002-02-08,115.82680424900333,107.53742651245584,123.39150723421727,126.44509866221742,128.07856848711867,88.90109473020044,150.17800828921594,154.4587320771518,121.38173657262845,114.80434023151342
2002-02-11,116.78816672427006,108.989181770374,125.94571143396558,127.81070572776936,131.04999127601985,89.07000681018782,152.95630144256643,155.8797524122616,122.52272489641116,115.86054016164336
2002-02-12,116.47283867411453,108.0845715616799,125.84495486481842,127.14609005798496,129.5822313737284,88.8206107911193,152.72686699040258,157.59442968879648,123.50290669558245,115.2928235148513
2002-02-13,117.3463849641704,110.86234505081507,127.39284780965568,127.92168120733866,131.3186332741364,89.45123712773625,154.1777722268114,158.17752907864502,124.40447791446023,116.71092524408397
2002-02-14,117.93311688899124,109.95327382139838,127.1635406835983,128.9194703207559,130.41253470454487,88.6551211172994,154.3627855534836,157.0702863750945,123.89441955501096,116.79262289175483
2002-02-15,118.3930560448583,109.7883439106663,128.04096911431512,128.93236226778797,126.47407615646759,87.30756327631644,152.81915769794875,157.3530128905697,122.98999029225936,115.05241281066768
2002-02-19,117.59982256935774,108.2073917583527,126.37643651582901,128.055622204367,122.30043164330415,85.20345100135722,150.84779056364522,154.8196293830315,122.01836936895052,112.67082786548683
2002-02-20,119.2579800675857,110.5663128986848,128.27208306356644,128.23490007545314,123.13207457847861,87.29093555089047,153.42728778228354,157.55993682311117,121.96956202120295,114.38342444904224
2002-02-21,118.18465824697743,110.57736952997466,127.39983289873418,129.35054370610956,117.7512029193991,85.8419060207457,152.0004140059083,156.18916537275013,121.49388072932025,113.1938368347722
2002-02-22,120.12288664222785,112.1033372294883,129.01781077654812,133.47682605033447,118.19865749049283,86.99218756142369,152.09161425431185,157.36058411304575,122.95180729807211,113.55605711264347
2002-02-25,121.2520417766648,115.26465133935989,131.0175868435846,135.1719817411737,121.75643708095667,89.6019531882664,154.17526936959592,156.76261389341616,122.68131332201635,115.82717825489635
2002-02-26,120.90041085551246,116.37119199221775,131.09619739569075,134.6042594178608,121.20853311409236,89.48547064912165,155.85577980572452,156.90370024592022,123.62595943459588,116.20940794313752
2002-02-27,120.6465199927159,116.2897321578232,131.46326674839867,134.81962623292935,120.15401887599975,89.86130962584797,154.93623070487075,157.5313150469039,124.4171655749773,116.97639003556222
2002-02-28,120.67064929671443,115.45244608628687,131.1477549082025,135.65550791557354,118.78426306081336,89.8972541496983,154.22352404362834,156.85393039220222,123.79507974710242,117.08166878659421
2002-03-01,122.27556893236073,118.24639528157502,133.98054641421967,137.55468502639155,124.97292316628175,92.4323567167198,155.5961134076166,159.04988541769305,126.01101167457556,118.91985098654374
2002-03-04,121.48077773430039,123.04719893000696,136.99510870853962,139.72804904980856,129.79687800050021,93.1903020417969,156.68528620146992,159.82922985623972,128.05239006370368,122.14257894827907
2002-03-05,121.1163354010975,120.96770126808983,134.4743987083025,139.36475612227906,130.53672020510308,92.92936919607988,152.7054799319526,157.30392802451115,129.9859811536656,122.05707914301527
2002-03-06,121.69769381102276,123.14511989091544,136.62598908763533,141.90119468370452,131.39826255845674,94.99240119223285,154.73646281504756,160.0567467649401,132.4557147955852,123.88793533016049
2002-03-07,121.12571465011095,124.59823230562823,135.90187134547088,142.1140464757301,130.6887119406411,93.66250757554158,155.80414440847136,159.41651977788035,132.86632751145154,123.00833098931636
2002-03-08,121.58599236578138,124.54839301270599,136.2280358367,141.4318990526466,134.66164878363656,93.98096010129844,157.11289922150252,158.539728919102,132.21528250664545,123.51266514637256
2002-03-11,121.09964839631826,125.18358981707081,136.70483396212848,143.32708649995206,134.70204727827166,94.23470869357193,156.97149761220314,158.90437029561593,132.77058669317336,124.20433607119226
2002-03-12,121.58404698990353,125.35884684281471,136.86887976288304,144.74602465630159,132.1292381752567,93.77295862097344,157.11277196005412,159.5082069027393,131.9474090556757,124.27885867283497
2002-03-13,121.17066123013787,124.25568899059793,135.6096860690645,143.03802156535724,129.1034786210433,92.76958796372902,156.61001108978195,160.76832173727092,131.11614037862495,123.03607008610662
2002-03-14,121.66746094118143,124.14385887050639,135.98939319005788,142.7948569286961,127.78662313910867,92.40778657067047,157.20512913192312,160.8969363946607,131.18169844881427,123.3805710823477
2002-03-15,123.07880348809914,124.4169753600215,137.4852765151485,144.2942029264474,128.63001485182676,93.43351300160492,159.61036760764156,162.68289238864148,131.64083439338512,124.93516627798526
2002-03-18,122.70956707763486,124.70313440334955,138.00772056590608,145.40526828898106,129.1188089082637,94.19966780821808,159.3230689459478,162.19484371147556,132.87825823668297,124.6728024288015
2002-03-19,123.3353858697308,125.41394226944864,139.33259468333878,146.14683515725488,129.59654850122428,93.74750940273863,160.1196842906775,162.2110631958467,133.31675648886403,125.22136275948823
2002-03-20,122.96537971212163,123.20665688550636,138.14826762853042,144.91920174193396,125.68273273648731,93.09127683691946,159.9275406695287,158.39910321074427,133.1701080567263,123.3430423180959
2002-03-21,124.0597715915595,122.0238729794055,137.3884521565735,145.35395934715973,128.14611429812248,92.7002934742044,158.7760623767081,159.52373684354058,136.32623961767072,122.78799862766448
2002-03-22,124.56841665508489,122.06048014129931,136.2343891584583,143.6823888146674,126.6852485951239,91.45810954165007,158.34736700829097,159.23659411722218,135.98542401862653,123.02129582505702
2002-03-25,123.95803141347497,119.74133101861462,134.55870617180926,142.40361555421686,123.91084165089067,90.27829992856277,156.00382597656827,157.30983132840382,135.5638692041688,121.07755935102114
2002-03-26,125.43313198729533,120.95071846190262,136.11958716340226,144.19790111019998,124.53039585914512,89.52899003915572,157.1426539061972,157.35702427780234,134.81826792354587,122.23990392079094
2002-03-27,125.48330524009023,122.54726794559974,137.4263352001709,146.36086962685297,124.6798323341761,89.46631974612829,157.91265291033756,157.5458527069357,136.5304599261749,123.31561507529389
2002-03-28,125.23233862961006,123.36833464083526,137.61873206945117,146.08278397456195,126.47522191978824,90.2446767279196,157.43891495160656,157.68764397437195,136.5304599261749,123.20463102172612
2002-04-01,125.37009420210263,121.94959879246565,137.31597085889837,146.71093994565257,127.8538018387139,89.59491505547858,155.32923349125502,158.11340061310273,136.17548073036681,122.4900441618001
2002-04-02,124.63041064631022,121.16912136019388,137.04133891718058,148.41278684902215,123.59627023748475,88.64520895589051,153.4808156127091,156.7378140277687,137.04700380704116,122.47779515738391
2002-04-03,123.83277601817385,119.29099997911088,135.13646430623177,145.84524563653406,121.80412431904122,88.30835716185813,152.5906268821554,155.9384511762271,135.97803717734624,121.32650388290452
2002-04-04,125.04633722315195,120.078320578973,135.52836005271982,143.39504550984032,122.01119133038358,88.52912805476277,154.7726728465702,152.7884944624673,136.33158007400735,122.07872820697851
2002-04-05,125.15887892665279,120.71473567804159,136.42284722906777,141.83203951378306,120.01020779256531,88.61765718281751,155.5310589435184,151.0619844750414,135.6362890156299,122.56704311980644
2002-04-08,125.70957799393005,121.63216766919471,137.32323802077963,144.17226816576044,119.89019758477272,87.90871592535497,157.52185649799543,151.24325885641147,136.46367037862524,122.91023084054189
2002-04-09,126.12441960131005,122.52008249317984,137.3369703445817,142.05293582372377,116.64117323022538,85.87802458747927,158.4039788943842,150.66853447275713,135.31737554744478,123.35270767156786
2002-04-10,128.142410314931,125.25228033277776,140.0974434485078,143.72916046644372,117.71427202394347,86.10989525386546,160.384028630564,153.229899558794,137.18475532999952,124.32719406217323
2002-04-11,127.29667040685246,122.67208335792255,138.55637157057419,141.87505429642658,114.01804388239165,82.33828184174617,158.23488264691446,150.9927430252356,135.18185790218155,120.78386903140131
2002-04-12,127.46215607838138,123.82520094148704,138.9443294109718,137.74649021640056,116.20719032493358,83.88624154037099,160.10205426214804,151.77790528896685,135.4387034321957,122.05209965623101
2002-04-15,126.42971261414651,122.98318957508492,137.83277477568402,139.77136362258162,116.17232816783611,83.08093362158343,158.4209826923955,152.051105518487,134.21975510130594,120.18470253149067
2002-04-16,127.64343785524233,126.24224409882467,140.46538077389957,141.86793407692033,120.81922129454956,87.6503849707705,159.92598202797328,153.81489834250146,136.1390975992546,122.66050740363939
2002-04-17,126.99245632218059,126.36848634292348,139.1590527327023,142.804262441828,120.7588116839023,87.46631916233189,158.43867039511312,151.5845823165352,137.5957859435666,123.13888338251357
2002-04-18,127.27183972608938,124.95315929588273,137.07166694171178,143.66108801647897,119.94972764562016,86.6004026026248,158.85061093814042,154.00993563359978,138.25624571609572,122.8556639507338
2002-04-19,128.76092025088462,126.65252226230675,137.27727444212437,144.149535715735,119.93773267285559,85.67377829477671,159.27950758767338,153.40929688462873,138.72631695153046,122.99080518107961
2002-04-22,128.76092025088462,125.5633105708509,135.68485805859572,142.3620814728599,117.22713991444907,82.40103996391623,157.65485661027913,151.13883929073623,138.71244431983533,121.36732655268936
2002-04-23,128.86392898708533,127.24585893250031,135.77983745923672,142.1485383506506,114.75364726225419,82.3351191319451,158.09629020878788,149.35540098710553,139.40600654143446,121.07604496896292
2002-04-24,128.74795145099696,126.5078329506918,135.06020432070275,139.07812992227656,113.15857156530886,82.70562716803886,156.79990062907584,148.8923992440455,138.66715470676488,120.4948799531119
2002-04-25,128.51620513838515,126.57108686716715,135.33032472934417,140.28810965260035,113.5772582801005,82.73870941890607,156.86262058932746,148.81795304442346,136.72581454087015,119.83215811336979
2002-04-26,127.32100443059818,125.88760299808446,134.36947942376582,139.02551666572694,109.73834695023311,80.82744523132934,155.01164166637338,147.2851281280659,134.96205153329294,118.98134979076485
2002-04-29,127.25734392838288,124.07482151491205,133.20046495277907,138.48331715073058,109.50789642163761,77.5054372323217,154.15907763720833,145.0316656677065,134.78660086629966,118.06519339737595
2002-04-30,127.88090491363195,125.76223908751484,135.58475327543383,139.4527003707857,111.39143224008978,78.71452205314591,154.8682093943395,145.80033349574538,135.9727229539231,119.76533218229817
2002-05-01,130.24670165453415,127.15819994138629,136.39826179508643,141.0842969651239,110.75650107632127,81.81587422203988,155.59608997849287,147.6665777644909,135.82315295867377,120.47194764217373
2002-05-02,130.96305851363408,127.74312766111666,137.48944788944712,141.73328473116348,107.87683204833691,80.76863103199776,156.21847433840682,147.01684482232716,135.61941822923578,121.2911568861405
2002-05-03,129.8105835987141,127.07886339727885,137.11822638014561,141.83249803047525,104.97494526623666,79.18556586377062,155.03121393343494,145.47316795169272,135.6872279383504,120.7817340272187
2002-05-06,128.9927769220422,125.35059085507585,135.2945539692897,137.02437634724214,102.11962675499502,77.76022567822274,152.9227894239402,142.88374556215257,134.81882967954496,118.57142829452062
2002-05-07,128.5026043697384,125.4383362686744,135.91690891754843,136.57219590529624,101.87453965078303,77.59692920429848,154.4367250392372,140.41185676392735,133.12011242558268,118.10899972417197
2002-05-08,128.51545463017538,127.30736747907763,138.79834738660045,139.69969919152751,112.34724232688353,80.96463593176503,156.15097268717275,144.72250076657988,134.37144148238315,121.4278626164212
2002-05-09,128.63111853934254,126.56898474769898,138.07659598019015,138.27476225977392,108.69595695125982,79.54775480295915,154.5582327657636,142.62402450546446,133.4442785361547,119.83715761614609
2002-05-10,127.96223672293796,125.55643286971738,136.82009895677044,137.74931816318679,105.174207946039,77.28859856655511,152.27077092083027,141.16925945550872,131.25579236816176,118.03960025190389
2002-05-13,129.1522855244613,126.68644076554483,138.407212104669,140.84867782185847,109.37065884308596,79.3212887088555,153.67166201330193,142.8774074949204,130.75702035716276,119.77478237560688
2002-05-14,129.22977689577598,129.01747127563087,140.70477182560649,142.03180671556208,114.78450645581873,81.21706750899716,157.98983571587573,145.44920082982898,131.42388116098428,121.79897619775461
2002-05-15,128.68701183281374,129.63675513775388,140.50778514505063,139.0491387745353,114.91076941292013,82.06172501109073,157.46846925801336,143.10746869646874,129.82050981082028,121.49447875726023
2002-05-16,129.7293766286595,128.92375298449622,140.31107424584758,140.6621087843199,115.99093064540158,82.98902250371606,158.2243179104518,141.56190803454686,127.18515346166062,122.28419286918242
2002-05-17,129.70343075333378,129.01399961158538,140.54960307206554,139.86033476424927,116.97685355588749,82.75665324070565,159.23695354507868,145.10095573541054,126.02776856515952,123.33583692785739
2002-05-20,128.6658033073071,127.96898621473154,139.04572231919443,138.69949398570603,114.04073453163473,82.3180429785299,158.4407687773533,143.62092598690936,128.0064045316325,121.31312920224053
2002-05-21,127.88094190713252,127.53389166160144,137.66916966823442,138.63014423871317,111.06427136035906,82.0710888495943,155.2085770942953,142.29961346782977,128.60803463293118,120.29409891694172
2002-05-22,128.82726087724532,128.45213568156498,138.16477867904007,140.66800735902225,111.9083598226978,82.0710888495943,155.16201452116704,143.23879091671745,131.48885460870883,120.04148130921615
2002-05-23,129.14932902943843,129.05586071926834,138.9246849617748,142.00435342893297,113.29602348449926,83.63864664662155,155.70508157199112,145.30142950591818,132.67225430018718,121.52999567745042
2002-05-24,128.32277332365004,128.24280879673694,137.16034146276024,140.14409639901393,110.79218136549183,82.35061148826358,154.63071650914438,143.02019706267527,132.43344424244685,120.67928570770827
2002-05-28,127.32185569172556,126.90908358525088,135.84360218471772,139.12104449530113,109.8615270420217,82.52354777238894,152.51227569296907,142.70555262913737,131.87722377662857,119.60524006490967
2002-05-29,127.67835688766237,126.27453816732464,134.5123348833075,139.5244955243375,107.7961303336317,81.46724636090235,151.90222659019722,142.86252873702944,128.39566506892558,119.23446382070846
2002-05-30,127.92094576574895,124.72136134786655,134.45852994935416,136.7061007147459,108.59382169810057,81.14137737545875,150.99081323065602,142.6625211967976,126.8420775215916,118.7694494118077
2002-05-31,129.54554177697395,125.22024679325803,135.23838942306043,138.42859758375167,107.45358657027052,81.04400772260819,152.63661309487014,142.44852741500242,126.5630249510441,119.11388081510192
2002-06-03,127.42099489183158,122.66575375867556,132.65533618508,135.4662255954594,103.76792855091024,79.50417157587863,149.43124421987787,138.17507159255234,122.41175773264987,116.54102098949572
2002-06-04,127.67583688161525,119.99164032673644,132.16451144119517,135.56105195337622,105.34520106488408,79.5995765817697,148.8932917406863,137.09730603413044,123.77052824348229,115.79515845516295
2002-06-05,129.156876589442,121.02356843354636,134.0148146013719,135.71016911052496,106.37758403531994,79.20953865651902,151.4691456878002,138.24892340481713,122.32241306303355,116.72151972280425
2002-06-06,126.9999567503983,119.1719078365131,131.74996423460874,134.40735148706392,104.0372771865429,77.30850972876256,148.8941702111076,134.51620247288707,119.55792652780902,114.8423032552671
2002-06-07,127.26665665957412,119.99419400058504,132.38236406293484,135.71110279648843,101.96693537053069,77.78009163810802,149.69819873024755,135.0677189030259,119.61770549107291,115.42799900186897
2002-06-10,127.08848334025073,120.95414755258973,132.56769937262297,133.86543179845617,101.40611722599277,77.07229280420124,152.12330954967757,136.945160195778,119.72536142601487,115.77428299887458
2002-06-11,127.15202758192086,119.73251066230857,130.88408959059063,132.82128143042823,99.15490142357574,75.45377465531301,150.5564394613159,131.53582636804475,119.10278954659958,114.09555589539092
2002-06-12,127.39361643432652,118.96622259406979,132.9389697971629,134.5745223453099,100.92977415905776,75.15195955669176,150.82744105234627,130.91760798411494,120.06752214192704,114.52911900779338
2002-06-13,126.43816431106907,116.74155423156067,131.18417539584036,134.45340527519912,99.47638541116733,74.76868456295264,148.2332090662459,131.58528778483395,120.71588676149345,112.50195360135544
2002-06-14,126.02091836884254,115.0021050735104,130.502017683782,134.372733232034,99.61565235074296,73.7368767159839,147.37345645366167,132.2300556949796,119.870875554163,113.00821239256153
2002-06-17,127.78521122600634,118.36016654165691,133.82981913471843,137.5976788296028,102.88304574784732,75.45494594346633,151.17569163016614,135.4829150650761,121.74086121280796,116.87309325638715
2002-06-18,127.75965418376114,119.44908007384016,134.09747877298787,137.14360648946513,102.10113460016368,75.86240265156104,150.41981317201532,135.6725911461672,122.739136274753,117.44577141334345
2002-06-19,127.26139153244446,118.37403835317559,132.99787944704937,135.38816832639998,98.05792966999721,73.00997631186236,149.60754618088643,134.3429997529348,121.51174491200547,115.95421011639398
2002-06-20,127.65590184619506,115.28447595215772,132.51908708104,136.1328032521952,95.47900611967628,70.68825906514513,147.43823676126357,132.48906635634427,119.81058048323739,114.38882827982266
2002-06-21,125.9708439418253,114.88098028632517,130.99511757960803,134.90760802292542,92.90107295444501,70.4337813325106,145.034993502055,128.15667388649183,120.51746290808849,113.24493999702443
2002-06-24,124.27023754861067,115.36348040352773,130.95581904433416,136.4320639935845,94.62903291139769,70.3774343074446,144.88995850855292,128.68211624942646,118.70970096446716,113.17699303302622
2002-06-25,121.57357339380582,113.66763724159587,128.89981268533813,135.50432595842813,91.71445869772664,68.92062141728049,142.8904770811349,126.73901629406011,118.05679760916259,111.72832752220347
2002-06-26,121.4033703910545,113.4062016759402,129.041602479292,135.20621644131958,91.94374484447096,66.86678689904552,143.24770327383771,128.8428839645415,117.17137162709388,110.6445627452381
2002-06-27,121.6583174688757,113.44022353644299,131.55791372763824,136.8286910386154,94.03086785244044,67.16100076140133,146.5137509084812,131.80627029572594,117.38228009602265,112.62510041837788
2002-06-28,121.70698079586325,114.99435459889227,131.17639577782808,138.4706353310788,94.39758823706495,69.37731378652757,144.82884277303367,128.88017109516082,119.18996720950142,112.9855007397167
2002-07-01,122.02341894593248,112.05049912116063,130.25816100738328,137.47364675669502,89.98922086639402,66.49121753300801,141.78743707479998,124.15026881596842,117.50938867184743,110.9969559266977
2002-07-02,121.19365969710012,110.51540728320073,127.48366217792602,135.2328263145609,87.07357011032286,65.04170899078844,137.60470768109337,120.66164626223971,114.94768399880115,108.8658143729051
2002-07-03,120.00596183206854,109.37709858818377,127.07571445895664,134.5296156177252,89.62482571455533,66.59620583566829,140.1091133608893,120.69784475611837,113.97062868481136,108.2888255567287
2002-07-05,121.93805781756484,113.04123139088793,131.3454584647776,136.8838838910354,94.85891553628537,69.18013862209222,144.35441949572422,125.17573479657035,115.21290853747578,112.13307886399258
2002-07-08,122.51116668930739,112.24994277115172,130.00573478843688,135.92569670379814,91.3111920952283,68.41223908338699,142.78095632322083,123.43579208289803,114.14142848807727,111.61726670121821
2002-07-09,119.61990315543976,110.79069351512676,127.83463901746998,134.22662549500066,89.68585287593324,66.6608857628523,139.62549718847765,118.10336586491684,111.03678163320157,109.02774611374994
2002-07-10,116.9404173247579,106.39230298257623,124.52372186691751,129.95821880425964,87.53339240691083,64.55440177274616,136.4559984022992,112.0446631960466,105.59597933317468,105.94226089873082
2002-07-11,114.83548981291227,104.4134061471003,123.44036548667532,126.29339703397953,89.87928732341605,66.35546958220579,135.2688312161992,114.39760112316357,108.42595157930374,106.49316065540424
2002-07-12,112.48136227174757,103.04559052657329,122.02080128357855,124.94205768571594,90.27475618763907,66.09004770387696,132.52287394251033,115.75893257652923,105.15148784160877,106.14173322524141
2002-07-15,112.40262531815735,102.75706287309889,120.3003079854801,122.48069914930733,91.60179510359737,65.83229651783185,132.20481904504834,113.94151733507772,106.55000262990217,105.33505605272957
2002-07-16,109.48015705988526,99.09891143481657,118.3995631193095,121.0354268993455,91.06134451248613,65.16739032300174,127.7627371251347,113.66805769347353,103.77970256152472,103.75503021193862
2002-07-17,111.16615147860749,98.22684101419019,118.61268233292425,122.31840242447856,92.34530947011218,65.57794488203666,126.76618777555866,116.31652343773146,103.0221107328256,103.82765873308696
2002-07-18,107.83116693424925,97.97145122755329,116.88093717086356,120.05551197962572,89.69499908831996,64.09588332770262,124.48439639559861,110.9310684025645,100.27142037625916,100.94124982030715
2002-07-19,102.79545143841982,94.49346470897515,111.58623071702345,113.30839220637074,86.97724061594386,61.22438775462156,120.96148797760318,106.57147741434372,95.34809363578482,98.81138944909867
2002-07-22,102.56930144525529,92.4146084853777,109.91243725626809,106.30593356801702,83.60252368004525,57.171333285265604,117.18748955270195,104.30150494541819,93.46973619115985,95.46168334677422
2002-07-23,102.3744197725093,91.60135993070637,109.54972621332242,105.5299002529705,80.19154071389941,53.39802528843806,116.32030213001197,103.41494215338214,86.32864834615525,91.34728479452825
2002-07-24,106.72533261284094,96.73103608682592,115.47636640146317,113.434089781918,84.20913690366577,55.186859135600756,124.14865846336176,109.88871753218386,92.88099275562843,95.94205321969302
2002-07-25,109.01992726401704,96.56659332547831,116.43482024259531,112.76482865220467,79.31658604956279,55.10407884689735,122.12503533040898,113.09746808412362,96.40118238106675,95.65422706003395
2002-07-26,109.61953686396915,96.04513372152074,116.45810720664383,115.62905529997067,80.03836698261382,55.29143271497681,124.46983600875284,115.84573655856782,95.42753043901799,97.95949393218076
2002-07-29,113.50006846895366,101.63496050411325,121.74530527382545,120.87861441058936,85.30489153006981,58.74714725966286,130.50662305517736,120.82710323058623,97.0688839625691,104.34645293655893
2002-07-30,112.10401762678555,101.48250806335707,120.34523426317647,119.17422594740006,86.55887343556184,59.21124972301419,129.04494887695935,122.31327660032242,103.59191296485373,105.02470488064657
2002-07-31,113.63984266827252,101.28969129803671,119.9601295135343,122.05824221532716,85.25183444668485,61.307327963208905,128.2706791836976,125.4078024983106,104.67962805098469,105.81239016725144
2002-08-01,112.52617221012345,99.90202252725359,118.67655612773949,114.08783899866629,81.5604300151434,59.173832950089235,124.17884451773766,121.7333538851101,102.95241418814345,103.83369847112382
2002-08-02,111.82850994242068,95.39644131127446,115.62656863525658,113.30063290957548,79.2278017167103,58.27439068924788,119.8574207285204,121.1733804572386,100.94484211147466,100.49025338035365
2002-08-05,110.30764220720374,92.19112088321563,112.2155848605165,109.33511075774034,76.14584022993026,54.521519928860315,117.83183031820839,116.33856257699478,99.90511023772648,96.94294743602715
2002-08-06,111.09082646687492,95.60219235589462,115.2117409762923,112.95410292382154,79.8084551449899,55.81367995117431,121.70849753567742,118.77003853485395,103.00216865509597,100.05481604872364
2002-08-07,112.74607978123134,97.0744661181754,117.49293344762289,115.11152628966653,81.68395384089719,55.35600777557468,123.37590395191623,122.78446583733202,104.2175942452261,101.63568214229348
2002-08-08,115.18139510450595,98.1811150319226,120.54774971726107,120.0152773096063,84.57556580686494,57.304539249274896,123.77070684456237,126.97141612238505,105.36398778192357,105.59947374584291
2002-08-09,116.05677370730021,98.24002370094175,120.48747584240245,121.71949424740272,83.6621496961508,57.396226512073746,124.57521643905203,126.81905042303818,105.7432981379385,106.58154885167926
2002-08-12,115.89429422411,97.39515949711365,119.7886484825165,121.32999186581104,83.31076866742697,57.20107934193269,122.8560784521931,127.03464280875735,107.66782616404898,105.88876878414335
2002-08-13,115.10621302338603,95.6420466261656,117.32100232377667,119.303781001652,81.08637114400668,56.079938186830816,121.99608590302775,122.86790652463013,104.83616233593449,103.49568260962172
2002-08-14,118.43278257976189,97.63140119598984,119.63222606955509,123.51520447101029,85.87857567861747,58.91758305908446,128.3520819785755,127.34029832212667,107.90786189237738,106.7350974753029
2002-08-15,118.24329012763425,100.03313366541119,119.66811573737594,126.18313288758414,86.90911858676087,60.33160505250248,132.45934860188993,127.83692548558297,107.85390796143119,108.06928619374419
2002-08-16,118.50342536591505,99.40292492331909,119.27321095544261,125.28723264408228,88.76028281265889,62.0510557964988,131.29370633419327,126.72474423385837,106.32238246837886,107.68023676344669
2002-08-19,119.32109900093985,102.63351998332695,121.22929161511186,125.93872625383152,91.60948789094525,64.4896622893012,134.47101402748075,128.43552828101548,107.66204448748043,110.31840256415113
2002-08-20,118.61710451683432,101.86376858345201,119.8594006198611,122.89100907848879,89.77729813312634,63.10313455008122,133.65074084191312,127.27960852648634,107.74817412307041,108.84013596979152
2002-08-21,118.8424770154163,103.13706569074515,121.10593838630766,124.24281017835217,91.91399782869475,65.09088328840879,135.0540736207532,129.3669941063207,110.76512299851638,109.71085705754986
2002-08-22,119.09204621714868,104.70474908924447,122.0626752995595,126.70281781988355,93.15483679938214,65.78735573959476,136.13450620971923,132.9504598430658,112.37121728199486,111.07127168506348
2002-08-23,117.57957723019088,102.62112458236852,119.65804059615817,124.61222132585547,90.03414976660284,63.41901093296934,133.27568157931512,130.07872991045556,110.48338083165734,108.87206050569922
2002-08-26,118.03813758138864,104.52987749960056,120.30419401537742,126.20725775882642,90.49332393041252,64.52884362429631,134.1153183732648,131.0152967658109,112.64885509595783,109.90634508050337
2002-08-27,117.15285154952824,103.29642494510527,120.00343353033898,126.25774066192994,87.54324157028107,63.20600232999824,131.8353579609193,127.45168069378082,111.10556578114321,108.88421607125468
2002-08-28,116.07504531527258,101.81928606839026,118.07137825050052,122.93716208252118,84.94320729564373,61.57528746988429,130.41153609494137,126.20265422298176,110.22783181147217,106.86985807393647
2002-08-29,115.47145507963317,102.42001985619376,117.59909273749851,121.90448992102803,86.10692923559405,62.27108821829399,130.42457724855086,126.39195820431624,109.05941679427056,107.11565874750653
2002-08-30,116.1873781011269,101.93864576286964,118.3987665681135,122.80658314644364,84.44506550134709,61.43665563616886,130.6462990298734,126.24028785447106,108.29600087671068,107.01925465463378
2002-09-03,113.6428745207122,97.89168152608372,114.69288517453155,117.34169019642691,80.72103811273769,57.75659996356235,126.94900876732798,120.90032367822694,104.9496544496203,102.4816382572773
2002-09-04,113.92698170701398,99.82993682030018,116.57384849139387,117.97533532348763,82.75520827317867,59.62791380238177,129.0182776102354,124.237172611746,105.1700487239645,104.31605958208256
2002-09-05,113.17506362774769,97.81337209653012,115.1982770791954,117.83376492109944,80.04083744181841,58.3041741159689,127.35394182906336,122.77117397492741,104.67574949496185,102.58441299302
2002-09-06,113.45800128681707,98.98713256168847,117.0760089955863,119.83693892475813,82.89029125474715,60.65383233284245,131.0599415362891,122.96760785328729,104.85369826910329,104.22576360090832
2002-09-09,114.7400767013581,100.600622822444,118.01261706755099,119.08196620953215,83.5617026139106,60.938905344806805,132.2394810101157,124.29565801810278,104.5496225441229,105.64323398588067
2002-09-10,115.3711471232156,101.4859083032815,119.23994828505353,121.5112383202066,85.065813260961,62.364875729875294,133.6412195088229,124.96685457140056,102.45863009324043,105.30517563712584
2002-09-11,115.35961000850328,101.86140616400365,119.26379627471053,120.89153100477354,84.76808291454763,63.68701109534866,133.4942141673632,125.04183468414338,102.76600598352015,105.03138218046932
2002-09-12,113.47924836536467,99.40654627545116,117.33172277506023,117.9780451075585,81.91987532861884,62.056623611307735,130.63743798418164,122.64103145820783,100.00160042256346,102.40559762595758
2002-09-13,114.47786575097987,98.36277753955893,116.15840554730963,119.15782555863407,82.23936284240045,61.932510364085125,132.57087206634753,123.3278212343738,101.69162746970477,102.67185217978508
2002-09-16,115.9546302191675,98.71688353870135,116.39072235840425,120.0634250328797,81.13735538031229,61.56091530190061,133.45909690919206,123.90746199417535,100.96961691466986,102.69238655022104
2002-09-17,113.58915576269648,96.8511344398199,114.09782512794366,115.8732114992322,79.75802033884698,61.320827732223194,130.13596539615315,121.51604797768776,97.51645601618814,101.02876988810745
2002-09-18,113.45284877578126,95.78577196098188,113.64143382743188,116.19765649143004,78.68926286630644,60.842525275911854,129.9147342549797,121.86844451682303,99.89585754298314,100.20033397502498
2002-09-19,109.91311989397687,93.20913469523147,111.51633901485889,113.594828986022,75.53382342536754,58.36623449718225,127.29045662302909,118.456128070352,97.97785707815785,97.0640635216067
2002-09-20,110.19889400570119,93.79635224381143,112.5422893337956,114.29911692573533,75.48094974896978,58.96740671250322,127.50685039928824,118.81149645456304,96.31223350782918,97.04465070890237
2002-09-23,109.27322329605332,91.74221212967196,110.7191042465881,113.78477089956954,73.16368459167641,58.24210760993943,124.24267502906648,117.62338149001741,94.18373314730614,96.33622475872738
2002-09-24,108.1914183854224,88.98077154456882,107.96219855084806,111.31564137104886,72.36620042962714,57.135507565350586,121.8696399360113,117.6586685044644,91.97041541834446,94.61180633554616
2002-09-25,109.53299197340162,91.9349331598485,110.34816313882179,113.66440140397798,75.21019210651147,58.36392097800562,123.91704988693628,121.44727763030816,94.13172018067556,96.6270378104933
2002-09-26,111.13217365621328,94.79410958111978,112.74271827893423,118.34737474182187,74.30766980123333,59.385289595120724,127.36194387379311,123.47544716673428,97.46398307507148,98.71418182719998
2002-09-27,107.7537555770644,91.97872452656053,109.5408250798125,115.23483878611196,72.82894717218879,57.09301741674907,122.57313478413849,118.93155071099848,95.69988498141268,95.85147055421118
2002-09-30,107.19343604806366,90.8105947250732,108.53304948907822,113.04537684917584,70.41830902078934,55.38593619598827,118.3321043206073,118.8126191602875,96.53247398075096,95.6789379072136
2002-10-01,110.45211650392478,92.7811846306073,112.62474545481649,118.05328704359432,73.54488194131238,57.77860863965496,121.1365751930057,122.37699773509611,98.5693091817448,99.30516965389698
2002-10-02,109.13773631752808,89.36683703620095,109.6176647511729,115.65680531660935,71.79451375110915,57.03904244906738,118.60482077147188,121.69168654777958,96.59792299810991,95.88907181780293
2002-10-03,109.22504650658209,88.71445912583668,109.00380582856633,116.81337336977545,70.46631524671363,58.16271158531401,117.52551690245147,121.36311899410057,95.64160356042862,93.27130015717691
2002-10-04,107.49929077177809,86.31916872943908,106.76922780908072,115.50506358803396,68.32413926321354,57.482207859765836,117.3257235237173,117.80717960757343,92.23676247367737,90.76230218294884
2002-10-07,106.78979545268434,83.92812775563362,105.29581246531538,114.76583118107055,67.483752350276,55.44158948074415,113.27798606214907,117.54800381243678,91.68334189883531,87.8216035922213
2002-10-08,109.03238115719071,82.29992207717433,105.64328864645094,113.526360204315,67.61197147974153,55.291897189146134,117.44661594923616,120.47494910736644,88.64862328198384,90.33330145495883
2002-10-09,108.12741239358603,78.42359574733942,102.45286132932812,112.15269124584277,66.71273225906097,54.30217222946041,112.79572995764642,118.90877476897069,82.09749002144525,86.69286940632398
2002-10-10,108.39773092456998,81.70954440915294,105.6903717473349,115.27053606247722,70.18179433653215,56.97926932037281,114.71325736692638,120.58538849321316,87.47487561784992,90.60271781654919
2002-10-11,110.40308894667452,85.45184154309216,109.33668957261793,117.21860812193307,74.31550202295388,60.039056082876826,120.1850797433288,121.81535945584395,88.36711934915199,94.73420174898384
2002-10-14,112.21369960539998,84.26406094564317,109.0852151866009,119.37543051137665,74.75396348488931,59.88295453706135,121.2787639689931,124.6780204030563,87.80156978531743,95.16997907702915
2002-10-15,114.16621797853395,89.51371194255674,112.61957615864677,123.33869480435433,79.59802031871013,63.1465755593312,126.8090756059792,127.50821146620565,88.68836564014913,101.10858577143577
2002-10-16,110.70698157378436,86.41653750934428,110.06311177984549,121.13093216735638,74.8300989016194,61.71314829413438,124.97034400969251,126.88342123002126,85.51332215023179,99.33918552043566
2002-10-17,111.68120301163364,88.63744252333443,112.81468957434161,123.989622166506,78.0328271346087,63.99036346618794,125.10781138810319,128.9008676275786,87.18083193216131,102.11074879645581
2002-10-18,112.50764391391974,87.97266170440943,113.26594833263898,123.45646679119002,79.10968014906629,64.43829601045124,126.9468962155083,129.30046031722412,87.67776267417463,102.11074879645581
2002-10-21,115.73661329424922,92.52964558069785,116.12025023062147,123.57992325798119,81.07951118477804,65.86238235228222,128.4448695908513,129.24874013309721,91.89506305880244,103.49945498008762
2002-10-22,114.83386771055409,90.60502895261932,113.08951169960224,120.25562332234149,79.72548334799224,67.90411620520297,127.34024371236998,127.19368516498098,90.33284698680278,102.75425890423098
2002-10-23,114.43194917356716,91.27550616686871,114.18647996308839,121.42210286856823,82.06144001008843,67.89732579358245,129.30128346554048,126.26517126327661,92.41050246749924,103.05224625505325
2002-10-24,113.7796870632778,89.78771541634875,111.77714523586724,119.75862005926882,80.732044681925,66.9807118953691,127.95655011749886,124.28280807444317,92.29960986453824,101.45493643809994
2002-10-25,114.41685331083218,90.31746293730521,113.0849378351269,119.56700626717401,83.15400602238276,67.82466886525074,130.33654194968435,127.25316718742236,93.49027483179077,103.11879739568477
2002-10-28,112.00265770597362,89.01689147100801,111.23034485463081,118.95721453521142,82.49708937480594,68.5978700903146,127.93834957781014,126.20969121648551,94.71499743208724,102.53102025052937
2002-10-29,112.88747870185081,87.7350482338255,111.78649657890396,114.68665053339733,81.26788274312132,66.72514823684902,128.66759817040366,124.78352170573923,94.3456089421021,101.63900037434973
2002-10-30,112.85361245824026,88.01580038817374,113.13911318750868,118.17312470961261,83.62465134267183,68.25315413147285,126.30011436406822,126.34331572706097,96.20421743826152,102.17768707633381
2002-10-31,112.62790523332377,88.34145884961,112.64130108948365,116.57778752603285,84.08458692505653,67.5501466439187,125.07500325473674,125.52208417483509,95.94446605117821,101.7791940967361
2002-11-01,114.19343311606698,89.62241000292934,114.17322278430062,119.30570775414202,86.33805385464804,69.68473127786653,126.6634557960719,126.67688734924359,96.6928328863774,103.50944039638061
2002-11-04,112.49195096263757,89.69410793093168,113.40826219164579,117.80245583643985,89.67933653882291,71.42684955981319,124.62417415775515,127.272268719785,99.06180729209365,104.43067441590838
2002-11-05,113.5718736918789,90.68971252896503,114.66709390197308,120.5472530574289,89.32061919266762,72.19111685010319,125.83302864708538,128.88862653252627,98.93302694261392,104.72308030427293
2002-11-06,113.29930119501842,93.04764505471812,116.91456894245175,120.37848690314851,91.08916745268245,72.09004928651305,126.36152736740314,131.5695099644028,100.19936968747938,105.20480647367259
2002-11-07,113.02738287215037,90.12594899999998,114.89194689974735,118.62096099436255,87.85550200811223,70.05710989663338,124.47874060962883,130.50379693369115,96.66233193751135,102.29063333435187
2002-11-08,112.45094321950239,89.57618071109998,114.35195474931854,118.5023400333682,86.55524057839216,69.95202423178843,122.49952863393571,129.77297567086245,94.07178144158605,101.34955950767583
2002-11-11,111.87744340908294,87.27407286682471,111.3559335348864,116.52335095481095,83.4305963935122,67.72754986121755,120.0617880141204,127.57981238202487,93.2439497649001,99.69756168770073
2002-11-12,108.577058828515,88.34754396308665,112.55857761706316,116.53500328990643,85.83339756964536,68.96696402367783,121.7546592251195,128.51114501241366,91.47231471936699,100.33562608250199
2002-11-13,110.46629965213117,88.17084887516047,112.61485690587169,114.06446122016041,86.95781507780772,68.00832322374872,123.05743407882828,126.68628675323738,92.36874340361678,100.17508908077
2002-11-14,111.93550143750453,90.45447386102714,114.69823175863031,117.5434272873753,90.40134455488892,69.11005805997344,126.13386993079898,128.90329677141906,93.86511704675537,102.68948381669732
2002-11-15,112.80859834871706,91.13288241498485,115.15702468566485,118.3897399638444,90.3380636137005,70.63739034309886,127.18078105122461,129.625155233339,95.32941287268476,103.2440070293075
2002-11-18,111.78204010374373,90.34002633797448,113.91332881905967,119.00536661165641,89.58825768570678,69.93808017870218,125.04414392956404,129.3270173763023,94.9862269863431,101.67469812246202
2002-11-19,112.31859389624168,89.73474816151004,114.28924280416257,118.99346607499525,88.0562984792812,69.16876129673646,122.7058184380812,129.39168088499048,94.81525177776767,101.68486559227425
2002-11-20,112.4196806307483,91.17050413209421,115.70642941493419,120.50468309414768,91.68421797662758,71.07781910852638,124.86544084259144,130.98319855987586,95.5358476912787,103.67788895788283
2002-11-21,111.62150089826999,96.00254085109519,118.06684057499884,120.2757241962688,96.02088148692206,73.70769841554186,125.8269047370794,131.92627758950698,96.30968805757807,106.32167512630886
2002-11-22,111.37593359629379,95.5993301795206,117.60637989675632,118.2190093125126,95.95366686988122,73.77403534411584,125.8269047370794,131.27983882931838,98.7463231654348,105.90702059331625
2002-11-25,110.7410907747949,97.13847939541088,117.94743839845691,119.36573370284395,97.40256723961642,75.13885499798198,126.01564509418503,131.17481495825493,99.24992941357853,105.66343444595164
2002-11-26,110.02127368475874,95.72025759623789,116.15463733480038,117.1932773494522,94.95776280190204,72.89971711904212,124.26402762737585,128.52508369609816,96.90763107941808,103.37053791847448
2002-11-27,112.13368213950612,98.75458976203863,119.46504449884219,119.90044205622452,98.22430984228745,75.68448631298953,128.14106528934997,130.7742726607799,97.63443831251372,106.45097994844504
2002-11-29,111.41602657381328,98.91259710565791,119.69202808338999,120.11626285192574,97.7626555860287,75.7601707993025,127.43628943025855,130.26425299740285,97.43916943588869,106.08904661662034
2002-12-02,111.00378727549018,98.87303206681565,119.21325997105643,120.04419309421456,98.22214006728302,75.54804232106446,127.98426547480865,129.40450892762,96.47452165847339,105.9617397606804
2002-12-03,111.04818879040037,94.2853233789154,117.96152074136035,121.14859967068135,95.2263647952309,72.93408005675563,125.8853235210218,128.3433919544135,97.6611582748726,104.38290983824625
2002-12-04,112.4473959691594,95.02074890127095,117.89074382891553,120.67612013196569,93.1218621332563,72.15368540014835,126.86722904448577,128.8310968438403,95.58097560361783,104.17414401856976
2002-12-05,111.41287992624314,94.35560365896205,116.2756406384594,121.08641894041439,91.55741484941758,71.51873296862703,124.8119799339651,128.5219022114151,95.46627843289347,102.70528858790793
2002-12-06,112.53815001349818,94.15745689127823,117.08957012292859,122.44258683254702,91.95111173327007,72.21246467842273,125.07408509182645,128.89461572782815,95.60947785054282,103.46530772345845
2002-12-09,111.34524562335511,92.18956604225052,114.71265184943316,120.48350544322628,87.74894592705964,69.28063861247877,122.07230704962262,128.37903726491686,96.2596222999265,101.36496197667225
2002-12-10,112.83727191470807,93.69225596873919,116.28421517977038,122.302806375419,89.73207210501118,69.66861018870864,123.98884227030169,128.69998485807915,97.24147044738575,103.12871231506635
2002-12-11,112.38592282704924,93.6173021639642,116.55166887468387,121.97258879820536,90.37814302416727,69.77311310399172,123.22011144822582,128.55841487473526,98.01940221096484,103.29371825477047
2002-12-12,111.823993212914,94.19772943738077,115.99222086408538,122.54585996555691,90.34199176695762,69.64054418909413,123.0352812810535,127.32425409193779,98.62712250467283,102.9631783563552
2002-12-13,111.20896125024298,92.643466901664,114.40312743824741,122.48458703557415,87.64980041230228,68.94413874720317,120.99289561178801,126.22926550674711,99.28792422545413,101.69673126257204
2002-12-16,112.19872100537015,94.39442842610543,116.96575749286416,124.84853956536072,90.29682438475382,71.191717670362,123.4490513927073,127.76926254592942,100.38009139193412,104.18830117850504
2002-12-17,110.85233635330569,93.60151522732616,115.8077964936848,123.737387563229,89.77310280332223,71.4480078539753,120.73317226206774,126.7087776667982,100.77157374836266,103.61526552202326
2002-12-18,110.46435317606912,92.43149628698458,114.80026866418973,122.93309454406803,87.27741054538988,70.21195731810154,119.28437419492293,125.66976568993044,100.47933618449241,102.20609791092375
2002-12-19,109.9562171514592,91.86766415963397,114.0540669178725,121.87586993098903,86.56173577891768,69.47473176626147,118.25852857684657,124.75237640039396,100.1477543750836,101.57242010387601
2002-12-20,111.02279245782836,93.35592031902004,115.71925629487343,123.56994452302976,87.28885435946059,70.74611935758406,119.58302409690727,125.78782112451722,101.14923191883443,103.21789330955882
2002-12-23,111.60011097860907,93.11319492619059,115.91597903057472,123.99008233440807,88.44979612244143,71.32623753631626,117.5859875944889,126.93249029675036,100.73452006796721,103.03210110160161
2002-12-24,111.44387082323901,92.89903457786035,115.47549831025852,123.17174779100097,87.83064754958434,70.35620070582235,117.0568506503137,127.09750253413614,100.69422625994002,102.31087639389041
2002-12-26,111.78934682279107,93.46571868878529,115.63716400789288,122.71601232417426,87.36514511757154,70.412485666387,117.64213490356525,125.05123274333656,101.34873873062962,102.34156965680856
2002-12-27,110.43669572623529,92.00765347724025,114.24951803979818,120.39667969124737,86.29055383262542,68.70850351326044,116.15984400378035,123.27550523838117,100.17309336135432,100.57106050174578
2002-12-30,111.24288360503682,92.15486572280383,114.59226659391754,120.9023457459506,85.27232529740043,68.35121929499148,118.1345613518446,124.60688069495569,101.0746512016065,101.00351606190327
2002-12-31,111.17613787487379,92.37603740053856,115.14230947356833,121.1441504374425,85.16147127451381,68.56994319673547,118.53621886044088,124.96824064897105,101.18583331792827,101.00351606190327
2003-01-02,113.1995435841965,96.4313454424222,118.22812336745996,123.45800371079764,88.8404468335728,71.9847263679329,122.12786629191224,128.36737679462308,103.22978715095044,104.12452470821607
2003-01-03,112.62222591191711,95.32238496983435,117.80250212333709,123.45800371079764,89.28464906774065,72.20068054703668,119.19679750090634,129.4841729727363,103.9111037461467,104.06204999339113
2003-01-06,113.12902592852072,97.247897146225,119.64022115646115,125.48271497165473,92.04354472393383,76.07785709241256,119.97157668466222,130.84375678895003,108.04676567524334,106.3722275032444
2003-01-07,112.74438724036375,96.8978047164986,118.20453850258362,121.25394747710997,93.37817612243087,75.35511745003464,119.8396079503091,129.1297035750148,105.42122926933493,105.55316135146941
2003-01-08,112.27086081395423,94.93077928075367,116.24234316344074,120.45367142376105,91.11842426026804,73.01910880908356,119.07263445942714,127.74801574676214,106.03267239909707,104.46596378954929
2003-01-09,113.88756120967516,96.86736717808104,117.9511056079433,122.54956530653449,93.9613190971884,74.06328206505346,122.19233748226412,129.6514611813889,106.21292794217554,106.21054538483476
2003-01-10,113.71672986786065,97.09984885930844,118.31675403532796,121.18926513163196,94.63784059468814,74.00403143940142,121.99682974229249,129.66442632750702,105.62875683849357,106.11495589398841
2003-01-13,114.27394184421316,97.4979582396316,117.80799199297604,120.71662699761858,94.14572382359577,74.30744796830297,121.67963798496253,129.78112431120175,103.59012183151066,106.2210708498824
2003-01-14,114.17109529655336,97.66370476863898,118.05538877616128,121.3805684461055,95.27547250947892,75.38490596384335,121.7526457677535,129.8330367609262,103.89053318482205,106.91150781040662
2003-01-15,112.86954481017266,96.57963764570708,116.6741407274802,121.04070285445641,93.46523853179882,73.77920746681349,120.34031507684757,128.262057016119,103.65158495849695,105.50027590730923
2003-01-16,114.14497066652763,96.42511022547396,117.32751591555409,121.9606121961503,91.88567600061141,72.78318816601151,120.36438313986292,128.3390142503287,103.38209083760486,105.00442461054489
2003-01-17,113.57424581319498,95.35479150197119,116.13077525321542,120.81418244150647,87.66812347218334,71.24746289570867,119.3292494448601,127.74865478477714,102.39996097464761,104.447901160109
2003-01-21,112.47257562880696,93.48583758853256,114.20300438401205,118.36165453794389,87.05444660787806,69.45915157702638,116.66820718223971,126.84163933580524,100.76156159905325,102.54694935899502
2003-01-22,111.95520178091445,90.80279404974169,112.68410442570469,117.42659746709414,86.41894914764056,69.15353131008747,115.43152418610796,126.60064022106721,100.01592604322028,101.0907826780973
2003-01-23,110.92521392453003,92.68241188657133,114.07011891014085,117.41485480734744,88.9078148830926,67.41777767420427,116.45886475136432,127.11970284597358,101.04609008146544,102.33419930503788
2003-01-24,109.00620772363567,90.73608123695334,111.40087812764357,115.00785028379681,85.76936901771943,65.10534789997907,113.46587192725426,123.92899830453965,98.88370375372207,99.29487358567826
2003-01-27,107.60002764400076,89.10283177468817,109.2954015310311,111.66112184053831,84.49998235625718,64.54544190803924,111.77523043553816,121.17777454217887,95.96663449298728,97.96432227963018
2003-01-28,107.52470762464996,90.16315547280696,110.73810083124071,113.9836731748215,86.01253204043418,64.75844186633577,113.08300063163396,123.46803448102604,98.1930604132246,98.86559404460279
2003-01-29,106.1914012501043,90.31643283711074,111.02601989340192,117.69954092032067,87.07048618453152,65.73629433851742,113.3770164332762,124.41873834652995,98.30107277967916,99.17207738614107
2003-01-30,104.08881150535225,87.78757271767164,109.00534633134203,115.88696799014772,84.31035177248188,63.882530838171235,111.97114142950358,122.16675918245777,97.01332872626536,97.10929817650933
2003-01-31,106.79512060449142,89.24484642478498,110.45511743754888,118.10040907875954,83.88036897844222,65.75428899172965,112.90050190336845,124.20694406080479,97.81853935469336,98.59507043860994
2003-02-03,106.93395426127725,89.50365647941685,110.58766357847394,119.47037382407315,84.23266652815168,66.10278672338583,113.49887456345631,124.34357169927168,98.77716104036935,98.98945072036437
2003-02-04,106.68800616647631,88.55491772073503,110.3222531858856,120.19914310439998,83.01971613014629,65.20378882394779,111.9552898693933,122.44111505227282,97.82890029438181,96.90077331016468
2003-02-05,106.42128615106013,88.89142640807383,109.84786749718629,118.92503218749333,82.72084515207776,64.97557556306397,111.5298597678896,121.75544480798008,96.54734170052541,96.35812897962775
2003-02-06,105.49542096154589,88.14473842624601,109.04597806445683,118.2233744975871,82.35687343340862,64.54673676434774,110.927598525143,121.68239154109528,96.07425972619282,95.34636862534167
2003-02-07,104.5881603412766,87.1046305128163,108.19541943555406,117.17118646455857,81.08034189519078,63.765721249499144,109.56318906328374,120.87928775692404,94.54667899654635,94.42150884967585
2003-02-10,105.35165391176793,87.94954542879061,109.06098279103848,118.40148392243644,82.18303454496538,63.842240114998546,110.00144181953688,121.73753069999822,95.07614039892701,94.86528994126931
2003-02-11,103.80298459926493,87.45702797438939,107.94856076656988,117.71475531568629,82.18303454496538,63.10805435367607,110.1664439822662,120.93406299737823,93.23166327518783,94.02098886079202
2003-02-12,103.4708150485473,85.5941932785349,107.2145105533572,115.43108906256198,81.09000018551734,61.98473098618064,109.5825618291602,119.09586523981808,90.65846936879265,92.87393279669035
2003-02-13,103.67775667864439,84.73825134574955,106.95719572802915,115.86972720099973,81.10621818555444,61.12934169857134,108.32236236812487,118.13118873137556,91.73730515428127,92.8925075832497
2003-02-14,105.1292452721454,86.05169424160867,108.39042215078476,116.9125547458087,83.76650214204062,62.999899554547625,111.04125366356479,119.1234907167191,92.9482375823178,94.49954796443993
2003-02-18,105.77053366830549,88.15996075052809,110.11382986298224,118.38565293560588,86.5978099144416,64.4929971739904,112.4625817104584,121.94671744670535,93.98925784323977,96.16274000861407
2003-02-19,104.7339824383561,87.0755932332966,109.24393060706467,118.39749150089945,85.98296546404907,63.12574563390181,111.24798582798545,121.16625845504645,93.5287104798079,95.90310061059081
2003-02-20,103.47717464909583,85.9610256399104,108.47922309281522,117.8410232908452,85.64763189873928,61.244598414011534,110.34687714277878,120.01517899972352,93.99635403220692,95.21259828619456
2003-02-21,104.5429895479815,86.29627363990605,109.9003009153311,120.03286632405492,86.58119108643552,62.071400492600695,112.44346780849158,121.5033672193201,94.84232121849678,96.44084080408646
2003-02-24,102.78666732357541,84.27694083673225,107.92209549885514,120.60902408241037,84.90151597935868,60.935493863586096,110.08215498451324,119.44996031331358,94.2922357554295,94.44451539944187
2003-02-25,104.00982866472597,84.80788556400366,108.14873189940273,120.52459776555267,85.10527961770914,61.496100407131095,111.48019835281656,120.15471507916213,95.07486131219956,95.27562713495695
2003-02-26,102.77211170361574,83.94284513125082,107.54309900076606,120.28354857002157,82.8329686519163,60.65975344159411,110.36539636928839,119.45781773170299,93.45858866989218,94.23712279918591
2003-02-27,103.71761513128901,85.16001638565396,108.22062052447087,120.00689640831052,83.81039768200893,61.2299551239451,111.3917945555228,121.35719703363708,93.94457333097563,95.5941373674942
2003-02-28,103.70724336977588,84.97266434960552,107.96089103521216,120.40291916645796,84.85802765303403,61.511612917515244,111.53660388844497,121.80621866266155,93.93517887364253,95.94783567575392
2003-03-03,103.07462918522026,84.02097050888993,107.17277653065511,121.25777989253983,83.60212884376912,61.210206014219416,110.49931347228244,120.819588291494,94.50818346477175,95.55444954948334
2003-03-04,101.40482019241969,80.76935895019591,105.45801210616463,120.83337766291595,82.6657850007189,59.74728209047957,108.10147836993389,119.35767127316691,93.87497863555777,94.20713181083562
2003-03-05,100.64428404097656,81.03589783473156,105.83766094974682,122.47671159913163,83.26097865272409,60.39852746526579,108.53388428341361,121.02867867099125,94.71985344327778,95.16804455530614
2003-03-06,99.73848548460778,79.91760244461226,104.49352265568504,121.95006173925536,82.56991252990649,59.25699529617226,108.04548180413826,120.71400410644667,94.9377091061973,94.25443132757519
2003-03-07,99.97785784977083,79.98153652656794,105.25632537107154,122.29152191212526,82.60294049491844,59.63624006606777,109.43926851941164,122.31950036106241,95.01365927348226,95.21582652711646
2003-03-10,98.3782121241745,78.18995010837281,103.140673231113,120.88516941013583,80.68655227543633,57.28060858345809,106.99877283142875,120.03212570431052,93.28441067470489,92.45456755783007
2003-03-11,98.89961664843263,76.28211532572853,102.6043417303112,120.71593017296165,80.25891354837653,56.44431169813961,106.53867810825362,118.73577874670396,92.89261614987113,91.26190363633407
2003-03-12,99.52268423331775,77.37294957488643,102.73772737456062,118.80861847622886,81.00532144437643,57.03133253980025,107.27379498720056,119.13948039444276,93.25489735285562,91.33491315924314
2003-03-13,101.7022310180274,80.57618968728674,106.29245274172041,119.68780225295296,84.95838113086201,59.97414929885395,111.56474678668857,120.89083075624106,94.2340737750606,94.86044080718992
2003-03-14,101.72257146423101,79.36754684197744,106.62195934521976,119.48433298912295,85.04333951199285,60.68784167551031,111.60937268540326,119.92370411019112,94.61101007016084,95.23988257041867
2003-03-17,104.28598026512961,82.6454265265511,110.35372792230245,121.07347461787829,88.99785479930053,63.22459345754665,116.84385226434866,123.60536182637398,96.38023595847284,98.19231893010165
2003-03-18,103.01369130589502,83.57105530364848,111.52347743827885,122.38106814375138,89.55854128453612,62.851568356147126,117.498177837029,124.81669437227245,97.27657215288664,98.44761895931991
2003-03-19,104.45588298417753,83.86355399721126,112.05879012998257,123.01744969809889,89.0211900368289,63.26010355046208,118.59091089091338,126.38938472136307,97.11120198022674,99.65852467251953
2003-03-20,104.37231827779019,84.08998559300372,112.23808419419055,123.60793345664976,89.36837267797253,63.71557629602541,119.06527453447704,126.26299533664171,97.89780271626657,99.9774319514716
2003-03-21,106.92944007559603,87.07518008155535,114.95424583168996,123.54612948992143,90.60165622092855,65.43589685601809,122.4229152763493,129.3690650219231,99.29774129510918,102.516858723039
2003-03-24,103.66809215329036,83.84469090052964,111.37916878632441,121.5570368051337,87.04101113144606,62.5567173943533,117.59945241446115,125.526803790772,97.30185669507748,99.09279564168949
2003-03-25,104.26936708777946,84.850827191336,111.90265087962013,122.94278702471225,88.17254427615484,63.570136216141826,119.76328233888722,128.25073543303176,98.576511017783,99.90535656595134
2003-03-26,103.50820070803866,84.35020731090711,111.20885444416648,123.02884697562952,87.72286430034644,63.36671178025017,119.72735335418557,126.91692778452823,97.72875302303007,99.36586764049521
2003-03-27,103.6220597288175,84.01280648166349,111.10876647516675,123.85314025036622,87.24038854669455,63.21463167197757,119.3083076174459,127.69112104401385,98.26626116465674,99.02802369051753
2003-03-28,102.26461074636998,83.37430915240283,110.77544017574124,124.62102971991848,86.19350388413422,62.595128281592196,118.4492878026003,127.97204151031067,98.35470079970491,98.68142560760073
2003-03-31,101.02720895633892,82.78235155742078,109.40182471756205,122.21584384632406,84.03004693664245,61.23055448505348,116.77915284458362,126.3723909914318,98.01045934690595,96.96436880202847
2003-04-01,100.55238107424414,82.84029920351095,110.39738132249188,124.34239952925013,84.3241521009207,62.73070306993729,117.1178123878329,128.20479066080756,98.70633360826899,98.70003100358478
2003-04-02,102.7645334578775,85.73142564571349,113.01379925983494,124.09371473019162,87.88263131957954,64.70672021664032,120.85387060300476,130.23042635324833,98.97284070901131,101.48337187788587
2003-04-03,102.00407591028922,85.66284050519691,112.13229162560823,122.03375906567044,88.10233789787848,63.43199782837251,120.98680986066807,129.65741247729403,98.28992810811913,101.00640003005981
2003-04-04,101.96327427992512,85.30305657507509,112.19957100058357,123.07104601772865,86.7984232969899,63.31782023228144,121.73692808180421,130.0852819384691,99.35145933168681,101.75384739028226
2003-04-07,102.48328697875273,86.35228417094851,112.76056885558647,121.74187872073719,87.29317430978274,63.685063589628676,122.36996010782961,128.77142059089059,99.05340495369175,102.17103816458241
2003-04-08,103.21091831630189,86.10186254685276,112.3433547508208,120.32967292757664,86.385325296961,63.073686979168244,122.14969417963553,128.93882343765875,98.88501416527046,102.3447289294622
2003-04-09,102.4574786125929,85.7832856554294,111.276092880688,120.24544215652733,84.48484814042786,62.21588483625155,120.10979428683561,127.39155755640684,98.73668664402257,101.04495087205802
2003-04-10,102.8058340398757,85.80044231256048,111.65443159648237,121.20740569377955,84.95796329001426,62.26565754412054,122.0916058925684,127.26416599885042,99.25011741457149,101.63101158711596
2003-04-11,103.18621562582327,86.186544302967,111.3641300743315,120.33471237278432,84.57565245520921,62.097540268751416,120.94394479717828,126.43694891985791,98.94244205058632,101.6615008905921
2003-04-14,105.22930269521457,89.0393189193952,113.09027409048365,121.51399255403761,86.3940289829962,63.66860803755083,123.21769095936521,128.52315857703556,100.10006862257819,103.66423245813677
2003-04-15,105.76597213896018,89.05712678317907,113.58787129648175,121.65980934510246,86.78280211341969,63.46486849183067,124.75791209635727,127.82913352071957,101.2612294186001,105.03260032658417
2003-04-16,103.23816540483904,89.54694098048657,112.27025198944256,120.55270508006201,87.91965682110549,61.884593266384094,122.35008439289759,124.95297801650338,100.97769797622801,103.66717652233856
2003-04-17,105.09645238212613,90.2901805906246,113.58381393771904,122.16811132813486,89.9154330309446,62.88712367729951,124.478975861334,126.14003130766017,101.73503071104975,105.20145073486917
2003-04-21,104.5709701202155,91.33754668547586,113.82233994698825,122.25362900606453,89.82551759791365,62.39031540024885,123.94371626513028,126.64459143289079,102.03006230011178,104.938447108032
2003-04-22,105.9722211198264,94.1690106327256,116.16708014989621,123.76957400573974,91.80167898506775,63.463428825133136,125.93921009699886,129.02550975182913,103.21361102279307,107.65635288813003
2003-04-23,106.23715167262597,95.75105001135539,116.28324723004609,123.39826528372251,92.5177320811513,67.05545889663568,125.42285933560117,130.7286464805533,103.2961819116113,108.73291641701132
2003-04-24,105.54661018675391,94.19988300117143,115.48089282415876,122.73191465119042,91.60180653354789,66.32455439466234,124.24388445784653,131.59145554732495,104.37046220349204,107.10192267075615
2003-04-25,103.66788052542968,92.17458551664626,113.86416032462054,121.54141507907387,89.69648895765009,65.39601063313708,123.63508942400307,129.69653858744348,103.7233653378304,105.99877286724737
2003-04-28,105.41986770630942,94.23007877366747,116.03896578682078,122.70821266383298,91.64290276803109,67.17478212235841,126.34269788238875,131.21398808891658,105.2584711448303,107.79015212870384
2003-04-29,106.0945548596298,94.99334241173418,116.30585540813045,120.68352715487973,92.55016750543462,67.57111333688033,127.74510182888328,131.88317942817008,104.89006649582339,107.81171015912958
2003-04-30,105.46859698595799,95.24032510200468,116.31748599367127,121.6248586666878,91.74498104813733,68.10492513224169,127.2852194622993,132.09419251525517,105.1208246421142,108.2429569997661
2003-05-01,105.35258152927342,94.04029700571942,115.64284457490797,122.3181203610879,92.31379993063578,68.01638872956978,126.49605110163304,132.75466347783143,103.84886266394462,108.05894397286649
2003-05-02,106.02683805106076,95.37566922320063,117.44687295027654,124.62993283591246,94.44624870903345,69.3087001154316,128.57058633969982,134.70615703095555,104.61734424765781,109.61499276607576
2003-05-05,105.5603199636361,95.18491788475423,117.32942607732626,124.26850603068831,94.72958745516054,68.22748439363086,128.26201693248456,134.43674471689363,105.0462753590732,109.45057027692664
2003-05-06,106.25701807539609,96.03206365392853,117.8104767242433,123.82113940897783,96.37788227688034,69.07350520011188,129.8652921441406,134.55773778713885,105.05677998660911,110.30428472508666
2003-05-07,107.30896255434253,95.55190333565889,117.45704529407057,124.65074104301796,95.10569423082552,68.50710245747096,128.8523428654163,133.844581776867,104.92020617262652,109.90718930007634
2003-05-08,106.579261608973,94.94992634464424,116.30596625018867,124.68813626533087,93.93589419178637,67.37673526692271,128.2338516196623,133.01474536985043,104.73134980151579,108.37947936880528
2003-05-09,108.31650357319927,95.38669600582959,117.88772739119125,125.78539186446575,96.30307872541938,68.771433686948,129.92653846104184,134.3714957726229,105.52730806000731,109.41992237074581
2003-05-12,109.4754901614325,96.76980309791412,119.1609148470161,126.3891617454152,97.7572552141732,70.00244234994437,132.2912014610328,136.11832521766698,105.93886456144135,110.66730948577232
2003-05-13,109.35506712225494,96.49884764923996,118.5293619983269,127.1854134644113,97.76703093969462,69.5894279400797,131.37839217095168,136.03665422253636,106.07658508537124,110.34637428826359
2003-05-14,109.30038958869382,96.01635341099376,118.43453850872825,126.75298305863232,97.42484633140569,69.57551005449169,129.59164603742676,136.4311605197817,106.59636035228954,110.12568153968706
2003-05-15,110.06549231581467,95.80511743348957,119.47676244760505,127.19661849933755,98.64265691054825,69.85381209470965,129.31950358074815,137.50896668788798,108.26992320982049,110.91858644677284
2003-05-16,109.08590943420391,94.78000267695123,118.99885539781462,127.4001330889365,97.89297271802808,70.24499344244003,128.27201560174407,136.8764254411237,109.98058799653568,110.77439228439204
2003-05-19,108.6495657964671,92.75171061966448,116.82117634403461,125.8203714386337,94.39819359199448,68.39755011490386,125.12935121950134,133.46820244763973,108.50684811738209,108.42597516796293
2003-05-20,109.3992478004627,92.24157621125633,116.64594457951858,126.24816070152505,94.25659630160649,68.43174888996131,125.70494623511107,131.50621987165943,109.13618783646291,108.45850296051331
2003-05-21,110.75579847318843,92.38916273319434,116.76259052409807,129.03824505302873,94.13406272641441,68.84918255819007,125.84322167596969,132.45306465473539,109.22349678673207,108.77303261909879
2003-05-22,112.69402494646926,93.25762086288637,117.76674880260532,129.18018712258709,95.15071060385968,70.21239637284224,127.4414305912545,134.17495449524694,110.88369393789041,109.20812474957518
2003-05-23,113.22368686371765,92.30639313008493,117.83740885188688,129.9294322078981,95.16022567492006,70.99877521221808,126.60031714935221,134.3225469451917,115.1527161544992,109.57943237372373
2003-05-27,114.10683162125463,95.40788793925579,120.0881033609579,132.57999262493922,98.19583687395001,71.92885916749815,128.73986250917625,136.80751406367776,116.74182363743128,111.59569392940026
2003-05-28,113.60476156212111,95.69411160307354,120.0881033609579,131.47957868615222,98.74573356044414,71.59798641532765,130.22037092803177,136.47917602992493,116.1464403368804,112.28758723176253
2003-05-29,114.01373870374476,95.3878904459437,119.45163641314483,129.9938594469987,99.61469601577603,71.61946581125224,129.76459962978367,135.33275095127354,114.27648264745662,111.81597936538914
2003-05-30,115.55292417624531,97.97290227702877,121.76899815955984,132.17775628570826,100.72041914155116,72.40011798859489,131.69809216426745,137.30860911516214,115.81921516319728,113.89575658158537
2003-06-02,116.3849052303143,99.72661722778759,122.23172035256617,133.05012947719393,100.26717725541418,73.41371964043523,132.42243167117093,136.69072037414392,116.62994966933967,114.71580602897279
2003-06-03,116.78061390809738,99.02853090719307,122.57396916955334,134.1145305130115,100.82867344804451,73.33296454883074,133.09778607269388,137.83892242528674,117.15478444285168,114.97965238283942
2003-06-04,117.8783516788335,100.30599895589584,124.32677692867796,135.36179564678253,102.98640705983269,74.7409574681683,134.86798662746074,139.9892096151212,118.59578829149875,116.76183699477345
2003-06-05,117.90192734916927,101.4193955443063,124.58786316022817,134.90156554158347,103.0276016226566,75.21182550021776,136.24364009106083,142.45301970434733,117.3979708297546,117.47408420044157
2003-06-06,117.57180195259158,101.48024718163289,124.38852257917179,134.6992131932711,102.0076283665923,74.54244025326582,135.7259142587148,142.59547272405166,116.47052686019954,117.45058938360148
2003-06-09,116.80758523989974,99.76523100426328,122.8709826037059,134.45675460952322,100.75293453768322,73.12613388845377,134.20578401901716,140.94136524045265,115.89982127858455,115.37171395151174
2003-06-10,117.37994240757523,101.64081734714343,123.6204955975885,135.23660378625846,102.18362620811831,73.6453294390618,135.85651516245107,142.01251961628012,116.37501054582675,116.54850543381716
2003-06-11,118.29550595835431,103.42969573245315,125.029769247401,138.4552349563714,102.90912995419596,74.69845765004038,137.21508031407558,144.46933620564178,117.15472311648378,118.3200427164112
2003-06-12,118.52026741967518,103.92615827196892,125.64241511671325,137.70757668760703,103.28989373502651,75.37074376889073,136.8720426132904,144.59935860822682,118.32627034764862,118.3200427164112
2003-06-13,118.08174243022238,101.90999080149273,124.36086248252278,136.15148107103707,101.15179293471147,74.14220064545782,135.24326530619223,143.60162303383007,116.87085722237254,117.7757705199157
2003-06-16,120.03009118032104,103.90742662120198,126.68641061094594,136.53270521803594,103.58955114443799,75.49900291726969,138.48910367354085,147.8091505887213,119.04465516670865,120.3197271631459
2003-06-17,119.17787753294076,104.87376568877917,126.68641061094594,134.8123931322887,103.92103770810022,75.3857544128938,138.37831239060202,150.44015346920054,118.75894799430857,120.12721559968486
2003-06-18,119.29705541047369,103.64674263022044,126.3190200201742,134.1652936452537,105.29279540584714,75.55160307260216,138.07388010334273,149.40211641026306,119.1508525226898,119.32236325516696
2003-06-19,117.78198280676067,102.34079367307967,125.05582981997246,133.65546552940174,104.155633215464,74.66764931665271,136.40318615409225,146.10032963759625,119.19851286369887,116.90011928108707
2003-06-20,117.39330226349836,103.03671107005661,125.06833540295446,133.32132686557824,103.50986828952813,75.55619434352089,136.3213442423998,147.03537174727686,119.16275330983976,117.02870941229628
2003-06-23,116.94720771489706,101.24387229743763,123.16729670482955,133.26799833483201,101.13949230569794,74.26418342024668,134.4128454230062,144.16818199820497,117.9472932260794,115.36690173864169
2003-06-24,117.73075400658686,101.12237965068071,123.58606551362598,133.2146911354981,100.5225414026332,74.61322508232183,135.75697387723628,144.3411838166028,117.19243054943249,115.86297941611782
2003-06-25,116.50635416491836,100.51564537277665,122.7209630550306,133.09479791347616,99.89930164593687,73.78501828390806,135.29540016605367,143.74938496295476,117.11039584804787,115.02876596432179
2003-06-26,117.38015182115527,101.30971897122159,123.5186493148883,132.68220403994437,101.85732795819725,74.74422352159885,136.688942787764,146.1499996918361,117.81305822313617,116.06402485800066
2003-06-27,117.03974938087391,100.51950316324604,122.43168520091727,131.8728425953007,101.09339799851075,73.98183244167853,135.9371536024313,143.9285196965202,116.81164722823951,115.20515107405147
2003-06-30,117.4376845287689,100.33856805755221,122.43168520091727,130.8969835600955,101.05296063931135,73.90785060923686,136.2498090557169,142.9929843184928,117.03358935797317,114.92865871147376
2003-07-01,118.21277324665877,99.88704450129323,122.82346659356023,131.22422601899572,102.40707031187813,74.41042399337967,136.83568323465647,143.75084713538084,116.67078523096346,116.04346670097505
2003-07-02,118.9929775500867,101.22553089761057,124.08854829947389,131.39481751282042,105.01845060483102,75.47449305648499,138.7376992316182,145.1308552678805,117.42914533496472,117.33154918135588
2003-07-03,118.23142249376617,101.03320238890512,123.21992846137758,130.8298197975153,103.75822919757304,74.89333945995006,137.6139238678421,144.44874024812145,116.4779692577515,116.65102619610401
2003-07-07,118.77528703723748,102.60932034617205,125.26537927383643,130.41116437416326,107.6595386154018,76.66831160515088,140.51757766145357,146.21101487914854,116.7575163839701,118.90239100168883
2003-07-08,118.88218479557098,103.91245871456843,125.64117541165794,129.74606743585502,108.96221903264818,76.6836452674719,142.7939624195691,146.26949928510018,116.09199854058146,119.49690295669726
2003-07-09,117.13461667907607,103.20585399530935,125.00040541705847,130.47264541349583,109.35448302116572,76.08551283438561,141.22322883295385,145.66979433803127,115.1052165529865,119.29375822167087
2003-07-10,117.24003783408723,102.67950413993327,123.66290107909595,128.81564281674443,106.91587804979372,74.64749664181572,139.34495988947558,144.48986900389323,112.99879109006685,117.79065686807783
2003-07-11,117.27520984543744,103.79871073505853,124.46670993611006,129.61429980220825,108.11333588395142,75.60298459883096,141.4072652958398,145.94921668083254,113.72198335304327,118.8154355828301
2003-07-14,117.04065942574657,104.8055582291886,124.69075001399506,128.3440796641466,109.43231858173563,75.89027594030652,142.22742743455566,146.62058307756436,113.5968891713549,120.46697013743145
2003-07-15,116.64272118369905,105.30862490868869,124.40396128896288,127.36866465869909,109.19156748085581,75.48805747782289,142.12786823535149,146.0634248618696,111.90429552270172,119.80440180167558
2003-07-16,116.09450039413566,104.44509418443744,124.34175930831839,126.4388734066906,108.77663952442856,74.37083422715111,141.50250561511595,144.9387364904332,110.36001624448843,118.9418101087035
2003-07-17,115.75782634299267,103.73486754398327,123.90656315073929,127.22279442181208,105.16525509221752,72.58593420569947,139.36581778032772,143.4603613782308,109.81925216489043,117.34798985324689
2003-07-18,116.57970691002795,104.64773437837032,125.83950553589082,129.79269486913267,105.89089535235381,73.43518963590616,140.57830039501656,144.67977444994574,111.4555590221473,118.75616573148584
2003-07-21,115.64706925474772,103.00476494862988,125.04671665101472,128.35199595608532,103.86837925112384,71.40837840195515,138.80701381003934,142.26362221663166,109.73914341320624,117.33109174270801
2003-07-22,116.27156342872338,103.65369496780626,126.77236134079872,128.80122794193161,105.80033110519473,72.50806742934527,139.87582781637667,142.3489803899616,111.44010013611094,118.28147358582395
2003-07-23,116.13203755260892,104.45182841905836,127.19071013322336,128.2473826617813,106.44571312493642,72.08026983151214,140.4493187104238,143.23154406837938,110.92747567548483,118.28147358582395
2003-07-24,115.67912260615374,103.61621379170589,126.7582617187704,127.00338304996201,104.92353942724984,71.96494139978171,139.24145456951416,142.0140759437982,111.0384031511603,117.9148010177079
2003-07-25,116.96316086708205,105.57456023236912,128.60893233986442,128.4004202635116,107.00102550790938,73.06600500319837,140.91235202434834,143.49102233361367,111.54917980565561,120.02547595592488
2003-07-28,116.26138190187956,105.40564093599734,128.59607144663045,128.25917980122173,106.93682489260463,73.73090564872749,141.44781896204086,143.40492772021352,110.99143390662734,119.91745302756453
2003-07-29,115.66844885417997,105.37401924371655,127.76019698222736,126.82267698744805,106.41283445063088,73.3180125770946,140.55669770258,142.83130800933264,110.74725275203276,119.16197307349088
2003-07-30,115.98075366608624,105.28972002832158,127.82407708071845,126.61976070426813,105.63602075914127,72.47485543245801,140.71131007005286,143.63116333418492,110.51468352125349,118.8759843381145
2003-07-31,115.45884027458885,107.01647143678605,128.51432709695433,127.48077507705713,106.69238096673269,72.6487950854959,140.73945233206686,143.70297891585201,110.70255848323963,119.07807351148931
2003-08-01,114.80072488502371,106.2887594310159,127.33199528766237,126.53741734148691,106.13758058570568,72.40178918220522,139.5431669872443,141.21691738060778,109.9497810855536,117.25617898676353
2003-08-04,115.04180640728225,106.3737904385607,127.58665927823769,126.28434250680394,106.15880810182281,72.85068027513489,140.0594767050971,141.4569861401548,109.8508262825766,117.25617898676353
2003-08-05,113.5922796465505,104.52288648492976,125.74941138463107,125.64029236001923,103.74900315791142,71.16782956077927,137.4823823337233,138.82588619794794,108.33488487987705,115.43870821246868
2003-08-06,113.67179424230306,104.72147996925112,125.64881185552336,127.16053989757548,102.4936402197007,71.3884498324177,137.75734709839077,138.47882148245307,109.20156395891607,115.98127014106727
2003-08-07,114.13784859869651,105.1717823331189,125.81215531093555,129.6147383175987,102.25790484719536,70.76737031887566,139.6446227536387,140.8191135655065,109.74757177871064,116.64236338087134
2003-08-08,114.58298620823145,105.39264307601846,126.42863487195912,130.30169643068197,101.75684111344412,70.97967242983229,141.41810946260992,140.69237636329757,110.23046109453696,117.3188890884804
2003-08-11,114.64027770133556,105.84583144124534,127.01020659237012,131.44835135927195,102.75405815635588,71.61848948170076,141.75751292532019,141.1003842547511,110.32966850952204,117.5652587555662
2003-08-12,115.31665533977345,106.99955100395488,128.38191682356774,132.39477948905872,104.45977552175138,72.61398648549641,143.99728162954025,141.65067575334464,111.488130028872,118.77618092074853
2003-08-13,114.70547706647265,107.91974714258889,128.56165150712073,132.12998993008063,104.49111345440791,71.8079712355074,143.83888461974774,139.62507109007183,111.07562394776518,117.9447476543033
2003-08-14,115.31341609492496,108.99894461401477,129.5901447191777,132.96240886664012,105.48377903222479,72.22445746867334,143.93957183898155,139.34582094789167,111.30888275805549,119.06522275701919
2003-08-15,115.42872951101988,109.09704366416739,129.77157092178456,132.7895577351135,105.66310145657958,72.09445344522973,144.54411804070529,139.77779299283014,111.46471519391676,119.00569014564068
2003-08-18,115.23250067085114,110.83168665842766,131.4326470295834,133.09497371790425,108.37864316401368,72.80097908899299,146.52437245786297,140.3928152819986,110.99656339010231,119.87443168370386
2003-08-19,114.80614041836898,111.9289203563461,132.181813117652,132.52266533091725,109.92845776125908,73.28874564888925,146.83207364002448,140.0558725253218,111.02986235911933,120.37790429677541
2003-08-20,114.73725673411796,112.20874265723695,131.98354039797556,133.03950372570782,109.35682978090054,73.36203439453813,147.09637137257653,139.92982224004902,112.206778900126,120.01677058388509
2003-08-21,114.74873045979137,113.6113519404524,133.06580542923896,133.90426049992493,110.4066553467972,73.73618076995028,148.1848845207336,139.71992750668895,112.58828194838644,120.35281754151997
2003-08-22,113.64714264737736,112.33890479871933,131.84160001928998,132.16350511342588,110.30728935698507,72.79235765609491,146.6141247448138,137.74987652884465,111.2372225650058,118.60770168716792
2003-08-25,114.37448436032058,111.74350860328613,131.36697025922052,132.52034657723212,110.0204904046569,72.17362261601811,147.02464429409926,138.30087603496003,111.87127473362632,118.46537244514333
2003-08-26,114.50029629311696,112.7156771281347,131.56402071460937,132.36132216133944,110.69161539612529,72.62109907623741,147.2157763316816,138.53598752421945,112.25163706772065,118.77338241350068
2003-08-27,114.50029629311696,113.44832902946757,132.16921520989658,133.30108754868496,111.48859502697739,72.54121586725356,147.9665767909732,138.53598752421945,112.34143837737483,118.45269428098422
2003-08-28,115.24454821902222,114.19708800106206,133.16048432397082,135.0739920130825,112.48084352271748,72.91843018976328,149.5646158203157,139.00700988180182,112.46501395958994,119.19894625495442
2003-08-29,115.7861975956516,115.61313189227522,133.78633860029345,135.3846621947126,113.16697666820605,73.57469606147114,150.25261305308914,139.66034282824626,112.8361485056566,119.81878077548018
2003-09-02,117.07142438896337,118.08725291476992,134.963658379976,136.23758556653925,115.46426629457062,74.20008097799365,152.0255938871156,141.99267055347798,114.65281049659768,121.520207462492
2003-09-03,117.04801010408556,117.49681665019607,135.34155662343994,136.523684496229,116.69973394392252,74.70464152864399,152.05599900589303,141.4672976724301,115.37512320272624,122.29793679025194
2003-09-04,117.17676291520007,117.54381537685614,135.27388584512823,136.4554226539809,117.89007123015054,75.39939469486039,151.72147580808007,141.69364534870599,115.39819822736679,122.21232823449874
2003-09-05,116.3799609273767,116.52118418307748,134.34049603279684,135.69127228711858,117.24167583838472,74.96961814509969,149.61254729434773,141.55195170335728,115.00584435339374,121.47905426509176
2003-09-08,116.92694674373536,117.20865916975765,135.53612644748873,137.63165748082437,119.42237100897867,75.12705434320439,149.67239231326548,144.68024983600148,116.132901628057,122.42659088835947
2003-09-09,116.2955412313192,115.5442962095471,134.37051576004032,136.37920939774887,118.2042628246871,74.27811862912618,146.2448945292917,144.8972702107555,115.36642447731182,121.81445793391768
2003-09-10,116.49324365141244,113.12942041876755,131.9921576310876,135.52002037854308,114.42172641429711,73.45363151234288,145.26505373594546,144.8972702107555,115.41257104710274,120.06032973966927
2003-09-11,117.08735919403466,113.6837545788195,132.73131371382166,135.43870836631592,115.78334495862725,73.3067242493182,146.74675728405208,145.56379765372495,115.32024099026505,120.8047037840552
2003-09-12,117.00539804259881,114.53638273816065,133.31533149416248,134.97821675787046,116.36226168342039,73.35070828386779,146.8641546898793,145.88403800856315,115.9890983880086,121.05839366200173
2003-09-15,116.61928022905825,114.2958563344105,132.95538009912823,134.16834745732322,115.59427075630981,72.55852063440202,147.62784829426673,145.5339163173426,115.42075180590734,120.69521848101571
2003-09-16,117.01578578183707,115.98743500815978,134.5774357363376,134.79893869037264,118.65751893135202,73.85006230169438,149.14841513169765,146.45077999014185,116.28640744445164,122.49357723638283
2003-09-17,118.25615311112455,115.58147898563122,133.68922466047778,132.41299747555303,118.24221761509229,73.84267729546421,148.67114020327622,146.36290952214776,115.69334676648495,122.27308879735735
2003-09-18,119.07212056759128,116.78352636708178,134.50472893090668,133.02209726394057,120.1932142057413,74.61802540706658,150.11325026324803,147.15326923356739,117.18579093977259,124.5840501756274
2003-09-19,118.8101619023426,116.12953861942611,134.27607089172412,133.44776797518517,120.3374460627882,73.77484171996673,149.69293316251094,145.99075840662218,117.51391115440396,124.38471569534639
2003-09-22,118.2279921090211,114.74759710985494,132.32906786379414,132.94066645687948,117.96679837535126,72.63870915747924,147.55232421828703,144.28266653326472,116.49154012736062,122.979168407989
2003-09-23,118.97282845930795,115.67705264644476,132.67312344024,133.73831045562073,119.48857007439328,71.91232206590445,149.24917594679735,145.10507773250433,117.00410290392101,123.72934133527774
2003-09-24,118.04484039732534,113.51389176195626,130.60342271457225,133.89879642816751,115.53349840493085,70.04260169219093,146.7716396260805,142.26101820894726,116.00956802923767,121.72492600564624
2003-09-25,117.85596865268961,112.5830778495082,129.25820746061217,133.36320124245483,114.1008830247097,69.76243128542217,146.0231042639875,140.7957297213951,115.85875559079967,120.75112659760107
2003-09-26,116.97204888779444,111.33340568537866,128.5085098573406,131.98956026965755,112.81154304653049,69.19735559201024,144.70889632561162,139.57080687281896,116.55390812434447,119.77304247216051
2003-09-29,117.48672590290074,111.76760596755165,129.97350686971433,132.7814976312755,114.88727543858666,69.63329893223991,144.9114887804675,140.6175879243651,117.85931189533714,121.00670480962377
2003-09-30,117.07552236224059,110.73934399265018,128.79074795719993,132.42298758767106,112.12998082806058,69.49403233437542,143.4189004460287,140.09730284904492,117.17572788634418,120.11125519403257
2003-10-01,119.24141952594202,113.03164841329803,131.3536838415482,134.89929745556051,114.69775738902317,70.98120462633106,147.11910807753623,142.38088888548438,118.46466089309395,123.09001432284457
2003-10-02,119.63491621037765,113.33683386401393,131.8528278401461,135.4793644346194,114.86980402510672,71.38579749270116,147.33978673965254,143.4202693743484,119.12806299409529,123.28695834576114
2003-10-03,120.17327333332435,115.27489372308854,133.6592115815561,136.34643236700097,118.24697626344486,72.28525854110919,149.24046998859404,142.48803762341515,119.43779595787993,123.98969400833198
2003-10-06,120.96641693732428,115.65530087237474,133.79287079313764,137.34176132328008,119.12200388779436,72.77679829918873,150.40454565450509,142.24580795945533,119.7602780069662,124.69643526417946
2003-10-07,121.31721954644252,116.1410531360387,134.6491451662137,138.2344827718814,120.09880431967429,72.97329565459653,152.14923838409732,142.2742571210472,119.32914100614111,125.27003886639467
2003-10-08,120.83195066825677,116.1410531360387,134.67607499524695,137.26684139247823,119.54634981980377,71.8932908789085,151.22112802995434,141.42061157832094,118.8160256998147,124.80653972258902
2003-10-09,121.2186129103952,117.16309440363584,135.43026101522034,137.01976107797176,120.29949182366852,72.10897075154521,153.6104218528276,141.98629402463422,119.16059217434416,125.38064980531291
2003-10-10,120.97617568457441,117.11622916587439,135.37608891081425,138.1844290471345,120.7806897909632,72.44067201700233,152.6426761951548,141.40415021913321,118.91035493077804,125.05466011581909
2003-10-13,121.58105656299728,118.7675679971132,136.662161755467,138.84771430656073,121.62615461949993,72.34649914338023,154.68808805616987,141.85664349983446,119.17195771162574,126.5678215032205
2003-10-14,121.95795783834258,119.58706421629329,137.20881040248887,139.05598587802058,121.96670785243451,72.36820309312324,155.58527896689566,142.63685503908357,119.55330797630295,127.32722843223982
2003-10-15,122.05552420461325,118.92933536310369,137.40090273705238,137.41512524465992,122.27162462206557,72.38991355405118,154.90070373944133,141.46723282776307,118.4295068813257,126.55053233880315
2003-10-16,122.2630185957611,118.81040602774058,137.67570454252646,138.6381198593374,122.38166908422544,72.9979888279052,155.3499157802857,142.1604222686191,118.78479540196966,127.08204457462612
2003-10-17,121.70060871022059,117.17082242455777,136.5329961948235,137.68151683230795,120.28894254288518,72.09281376643918,153.6255317151245,140.4544972013957,118.25026382266081,125.81122412887986
2003-10-20,122.34562193638476,117.59263738528618,137.0791281796028,137.46122640537627,121.5279186510769,72.5397892117911,154.08640831026986,140.72136074607835,118.58136456136425,126.10058994437627
2003-10-21,122.49243668270844,116.66365554994242,136.84609366169747,137.3375113016114,122.62166991893659,72.0247567083874,153.8706873386355,142.29743998643445,118.81852729048698,126.16364023934845
2003-10-22,121.54924492025158,114.84370252336333,135.2039405377571,135.20877987643644,120.21828518852544,71.96713690302067,151.7934330595639,138.04274653084005,118.68782691046744,124.46043109611726
2003-10-23,122.10837144688473,115.45237414673717,134.9740938388429,135.70905236197927,119.06418965071559,71.95994018933037,152.8408077476749,139.6440423905978,118.37923856050021,125.18230159647474
2003-10-24,122.02289558687191,115.1291074991263,134.6231611948619,135.73619417245166,116.968659912863,72.05348811157651,151.74035393189166,140.03504570929147,118.48577987520466,124.88186407264321
2003-10-27,121.80325437481554,116.26888566336766,135.44436247815054,135.46472178410676,117.99798412009619,72.62271066765797,153.0756690464923,139.89501066358216,118.60426565507984,125.18158054641755
2003-10-28,123.28925407818829,118.3035911624766,137.38121686158811,136.0201271434216,121.39632606275495,73.58859271953784,156.04533702599423,141.7276353032751,118.55682394881781,126.8464955676849
2003-10-29,123.58514828797593,119.29734132824139,138.6176478133424,135.9249130544212,121.74837540833691,73.82407621624037,156.31061409893843,140.96230607263743,118.79393759671547,127.41730479773948
2003-10-30,123.6716578917775,119.0468169114521,139.97610076191313,132.81223254547496,121.61445219538776,73.713340101916,156.16993454624938,140.03195485255802,119.09092244070725,127.46827171965856
2003-10-31,124.03030569966364,118.80872327762918,140.22805774328458,134.60519768483888,121.43203051709467,74.22196214861921,156.38857245461415,141.3062456417163,118.92419514929027,127.72320826309786
2003-11-03,124.81169662557153,119.6997887022114,141.47608745719978,134.497513526691,124.12782159457419,74.36298387670159,157.73351417772383,141.1084168978179,120.12532952029811,128.97489570407623
2003-11-04,124.43726153569482,119.86736840639452,141.95710615455428,133.67707869417816,123.44511857580403,73.42601027985516,156.99216666108853,139.810219462358,119.00816395575933,128.587971016964
2003-11-05,124.54925507107693,119.44783261697214,141.90032331209247,133.44982766039806,123.87717649081935,73.2571304562115,156.28570191111365,140.25761216463755,119.05576722134164,128.29221868362498
2003-11-06,125.43355478208159,119.57922523285083,142.80848538128984,133.67669236742074,125.14072369102571,73.33771329971334,157.50473038602033,141.0430547927595,118.98433376100883,128.88236288956966
2003-11-07,126.12343933338303,119.4476880850947,142.42290247076036,133.8772074059719,124.62764672389251,73.59439529626233,157.31572470955712,140.06985771468948,118.41320895895599,128.1219569485212
2003-11-10,125.77029370324956,117.83514429594592,140.7280699313583,133.81026880226892,122.79562031705127,73.42512818708093,156.3246356438869,138.52908927982787,118.47241556343546,127.63509351211681
2003-11-11,125.7954477619902,117.59947400735405,140.37624975652992,133.93069804419096,122.31671739781476,72.55871167447337,156.68418230586784,138.59835382446778,118.35394314787202,127.37982332509259
2003-11-12,127.43078858289607,120.22194227771803,142.355554878097,134.50660004578097,125.19116025666341,72.99406394452022,157.84364525493126,141.13470369945554,118.78001734320436,128.666359540676
2003-11-13,127.17592700573029,121.11158465057315,142.32708376712137,135.78441274621588,124.61528091948276,72.43930905854185,155.79167786661716,144.56427699935233,118.93443136575053,128.51195990922722
2003-11-14,126.76896403931195,119.86413532867223,140.97497647133372,135.4856870381742,122.0731291887253,72.38860154220087,154.52976527589757,145.72079121534716,118.72034938929217,127.1497331341894
2003-11-17,126.71825645369623,118.26994232880091,140.32649157956558,134.02244161816193,120.3396907542454,72.22934661880804,153.07718548230415,145.21076844609345,117.54501793033818,126.43769462863794
2003-11-18,125.91993143803795,117.47753371519794,138.89516136545402,133.05748003851116,118.70307095998764,71.13146055020215,151.68418309441515,144.6444464491537,115.85236967214132,125.66642469140325
2003-11-19,126.38583518435868,118.04142587703087,139.67297426910056,133.54979271465365,120.1037671973155,71.42309953845798,152.60945661129108,145.71481535287742,117.2194276342726,126.68432273140363
2003-11-20,125.51377292158661,117.26235246624248,138.86287101833977,133.1090783986953,118.63850123750825,71.12312252039645,152.41106431769643,143.80595127175474,116.7505499237355,125.78486404001066
2003-11-21,125.95307112681218,117.5086034064216,139.25168705719113,132.6431966242999,119.3266045446858,71.89125224361673,152.95974414924015,142.09466045162085,116.98405102358298,126.2628465233627
2003-11-24,127.23779245230567,120.14079612272543,141.38223786916618,133.53190604168267,122.70354745330042,72.75394727054014,156.41663436701296,144.75183060206615,118.61012933281079,127.89163724351407
2003-11-25,127.69584850513398,121.49838711891223,142.56984866726717,134.50668895578696,122.2863553919592,73.48876213797259,157.0266592410443,144.10044736435688,119.30992909587437,128.5694629209047
2003-11-26,128.48756276586582,121.78998324799761,142.84073137973496,135.73069982528466,123.09344533754611,73.85620594866245,156.72830858848633,144.1148574090933,119.97806469881127,129.22516718180134
2003-11-28,128.44901649703607,122.43547015921202,143.14069691563242,135.4728114956166,123.69660321970008,73.76757850152406,157.2298391759695,143.85545066575693,120.06204934410043,129.19932214836496
2003-12-01,129.50229843231176,123.86796516007479,145.50251841474034,136.81399232942323,125.1809624583365,73.97412772132832,157.68580570957977,146.4160776876074,120.96251471418118,130.69803428528598
2003-12-02,129.15264222654451,123.17430455517837,145.03691035581318,137.3886110972068,124.58009383853647,73.6338467338102,155.30475004336512,146.50392733421995,120.93832221123834,130.73724369557158
2003-12-03,128.98474379165,124.62776134892948,145.2544657213469,137.29243906943873,123.62082711597975,73.34667473154835,154.1865558430529,146.45997615601968,120.69644556681587,130.2796633426371
2003-12-04,128.92025141975418,124.85209131935756,146.1405179622471,140.18930953380388,124.51089707121481,74.23416949580009,153.2768551635789,146.5478521417133,121.29992779464993,130.0972718139574
2003-12-05,128.55927471577886,123.80333375227495,145.07369218112268,140.38557456715122,122.39421182100416,73.77391764492613,152.20391717743382,145.80045809579053,121.26353781631154,129.13455200253412
2003-12-08,129.42062185637457,125.37563609092884,146.33583330309844,142.33693405363462,122.74915503528506,73.88457852139352,152.44744344491772,146.73358102760358,122.20939341127877,130.3096764257572
2003-12-09,128.57938781430815,126.26580310717443,145.77975713654666,142.66430900195797,119.88909972296291,73.67770170153362,150.6333188679232,146.0732799129794,121.15839262794177,129.16295127321052
2003-12-10,128.37366079380524,125.67235383257072,144.90507859372738,142.69284186375836,120.21280029221491,74.11240014157266,149.71445562282886,145.0945889375624,121.20685598499294,128.5429691070991
2003-12-11,129.4648369105526,127.98472514309,146.4990344582584,143.4063060730771,122.68918397823452,75.03139390332817,151.57091487255192,146.9953280526445,121.9219764353044,130.22688200240214
2003-12-12,129.96974977450375,128.9190136366346,147.64172692703278,144.62525967469827,122.98363801978228,75.15894727296381,151.07073085347253,147.15702291350243,122.15362819053148,130.74778953041175
2003-12-15,130.3466620488498,128.7772027216343,147.00686750124657,143.1211569740814,121.18807690469346,75.0086293784179,148.32124355193932,146.64197333330517,122.03147456234096,130.01560190904144
2003-12-16,131.23301935078194,128.71281412027346,147.74190183875277,145.41109548566672,121.5274035200266,75.24115612949099,148.30641142758412,147.27253381863838,122.49519416567787,130.89970800202292
2003-12-17,130.734333877249,129.88410072876798,148.22945011482068,146.95245309781478,121.10205760770651,75.48192782910536,149.96744323557309,147.72907867347618,123.0831710976731,130.7818982648211
2003-12-18,131.61025391422655,131.9362695202825,150.12678707629036,150.20010231127648,123.64520081746835,76.3650663847059,151.7220623214293,148.91091130286398,124.30169449154008,131.972013539031
2003-12-19,131.62341493961796,132.67511262959607,149.91660957438359,150.30524238289436,123.08879741378975,76.57125206394461,151.17586289707214,148.88112912060342,124.74918059170963,132.18316876069343
2003-12-22,131.68922664708776,136.36348076069885,150.9510341804468,150.07978451932001,123.54422596422079,76.9923939502963,151.65962565834278,148.74713610439485,125.62242485585158,132.75155638636443
2003-12-23,131.67605772442306,135.77711779342786,151.34350686931595,149.89968877789684,124.68083284309164,77.41585211702294,152.16010242301533,149.327249935202,126.22541249515966,133.07016012169169
2003-12-24,131.14935349352535,136.0758274525734,150.78353589389948,150.81407687944198,124.41900309412115,77.19134614588357,151.23192579823493,149.68563533504647,126.11180962391401,132.77740576942395
2003-12-26,131.39853726516307,136.13025778355444,151.22080814799176,151.55306585615125,124.74249250216585,77.3071331651024,151.88222307916732,149.79041527978097,126.16225434776358,132.89690543461643
2003-12-29,132.41030600210482,137.70936877384366,153.11106824984165,153.6293428583805,126.77579512995113,78.49766301584498,153.71999797842523,151.48304697244254,127.15893615711092,134.61127551472296
2003-12-30,132.66188558350882,137.29624066752214,152.72829057921706,153.96732741266896,126.58563143725623,78.88230156462261,153.84297397680797,151.72541984759843,127.5912765400451,134.71896453513472
2003-12-31,132.92720935467582,137.02164818618712,152.77410906639082,153.89034374896264,126.33246017438171,79.3871482946362,153.889126869001,151.9681805193546,127.10642968919292,134.6920207422277
2004-01-02,132.38220779632167,136.5694767471727,151.68941289201945,153.15167009896763,126.67355781685252,79.76026789162098,151.71929018014808,152.84959596636688,127.11914033216185,134.38222909452057
2004-01-05,133.1765010430996,139.53303439258636,153.82823361379693,156.44443100609544,129.94173560852732,81.40332941018838,152.2199638377426,153.75140858256844,126.99202119182968,135.30946647527276
2004-01-06,133.0433245420565,139.53303439258636,153.39751455967829,155.7247866234674,130.72138602217848,81.75336372665218,154.1074913893306,153.70528315999368,126.57294752189665,135.43124499510049
2004-01-07,132.00558661062846,141.43068366032554,153.39751455967829,154.47898833047967,131.96323918938918,82.12125386342211,154.36947412469246,155.01177806685362,127.33238520702803,135.7291937340897
2004-01-08,131.76797655472933,141.78426036947636,154.74741268780343,154.60257152114403,134.15382895993304,83.16419378748758,153.38150949029443,154.37622977677952,127.48518406927647,136.06851671842492
2004-01-09,130.7928935282243,139.84181600241453,153.4320596799571,154.1233035494285,132.93302911639765,81.78366817061529,152.23114816911723,153.35734666025274,126.98799185140628,135.42899468984834
2004-01-12,131.32914439169002,140.1354838160196,153.93838547690098,155.20216667427448,134.8871446444087,82.41340241552902,152.3833793172863,153.5567112109111,126.69591947014804,136.03842516595265
2004-01-13,130.77756198524492,139.99534833220358,153.24566274225492,155.03144429093277,133.37640862439133,82.0507834449007,152.77957610351126,152.98855137943073,126.60723232651894,135.31742151257308
2004-01-14,131.62761613814902,141.18530879302727,154.4256543453703,155.09345686864913,134.51010809769866,83.00257253286155,154.15459228844284,153.92178154284525,127.68339380129434,136.54881004833751
2004-01-15,131.49598852201086,140.93117523719982,154.54919486884657,152.68950828718505,135.10195257332853,82.53775812667752,154.7712106575966,154.0603111462338,127.07051351104812,137.1905894555647
2004-01-16,131.32504373693226,141.1989444701505,155.66194907190228,153.65145218939432,137.58782850067777,82.56251945411552,154.95693611038573,154.55330414190175,127.24841222996359,138.1783616996448
2004-01-20,131.49576629379027,141.07186542012738,154.60344781821334,156.46327376446024,138.02810955187994,83.18999460196682,154.13566434900068,154.58421480273014,128.2918492102493,138.30272222517445
2004-01-21,132.06119808885356,142.66597749937483,155.237321954268,157.9027358830933,136.75825094400264,83.53939257929507,155.75408882466516,156.85660276033028,130.12642265395587,139.97618516409906
2004-01-22,131.95554913038248,143.40784058237156,154.22827936156526,157.12901247726614,135.1718552330522,83.39737561191026,155.9254183223723,156.84091710005424,130.0743720848943,139.92019469003344
2004-01-23,132.483371326904,141.65826492726663,152.99445312667274,157.4589834034684,135.03668337781914,83.2722795484924,156.76741558131314,156.58997163269416,129.73617871747356,139.59837824224635
2004-01-26,133.25177488060004,142.50821451683024,154.75388933762952,158.67141757567512,137.5348620203088,83.8302038214673,157.72369681635917,158.89184421569473,129.10047144175795,141.20375959203218
2004-01-27,132.87866991093435,141.80992426569776,153.4539566671934,157.6559205031908,135.11424844875137,82.49730358070596,156.66694804768954,157.35059332680248,128.59697960313508,140.22945365084718
2004-01-28,132.3737309652728,138.9311828031041,151.4590552305199,155.590627944599,133.07402329717524,80.88035643052413,153.4082755282976,155.7456172748691,129.17566601134916,137.9156676656082
2004-01-29,133.45919555918803,137.40293979226996,151.33788798633546,156.07295889122724,132.1158903294356,81.17961374931707,154.78895000805227,157.61456468216753,129.74403894179912,138.4121640692044
2004-01-30,133.01878021384272,135.97394921843036,151.68596512870405,154.23129797631077,132.04983238427087,80.69253606682116,154.5877243730418,156.68463875054272,129.5364484794922,138.6059410989013
2004-02-02,133.63066660282638,134.64140451608972,151.29158161936942,154.32383675509652,131.70650282007173,81.66084649962302,155.3452042224697,158.64319673492452,129.4587266104045,138.92473476342877
2004-02-03,133.7776603360895,133.73930710583193,151.0495150887784,153.61394710602306,131.90406257430186,80.89323454252657,155.6403601104924,159.57919159566057,130.0671826254734,138.78581002866534
2004-02-04,133.55023831351815,133.27121953096153,150.47552693144107,152.5232880815703,128.14479679093427,79.72837196511419,155.56253993043714,159.73877078725621,128.45434956091754,137.7310378724475
2004-02-05,134.63199524385766,135.003745384864,151.54390317265432,151.65390533950534,128.58048910002344,79.99147559259907,156.82259650387365,159.14773733534335,127.68362346355204,137.93763442925618
2004-02-06,135.76290400390604,136.9207985693291,153.55943708485063,152.7003172863479,131.47355010477398,81.01536648018434,159.47289838478912,160.54823742389436,128.82000771237765,139.74461744027943
2004-02-09,136.29237932952128,137.15356392689694,153.29838604180637,154.59380122069862,131.02654003441774,81.08017877336847,159.21774174737345,159.5688931756086,129.27087773937097,139.5769238993511
2004-02-10,137.12376284343136,137.61988604424843,154.01888845620283,156.448926835347,131.7995966206208,82.22340929407297,160.0138304561103,160.3986514201218,130.3955343757035,140.0096123634391
2004-02-11,137.61740838966773,139.50527848305464,156.05193778382474,158.78001584519367,132.88035331290988,83.03742104608429,161.2939410997592,161.82619941776088,130.9171165132063,141.87174020787285
2004-02-12,137.35593531372734,138.9333068412741,155.64620274558678,159.0181858689615,131.77744638041273,82.00775702511285,161.0842589763295,160.83905960131253,130.44581489375878,141.40356346518686
2004-02-13,136.75156919834694,137.68290707970263,154.46329160472033,158.636542222876,130.71004906473138,81.0974709221341,159.77947647862123,160.03486430330597,129.85880872673687,141.02177384383089
2004-02-17,137.76353081041472,139.01843127837574,156.10060249573036,160.09599841132643,132.2132146289758,82.7924080644067,161.8725876204912,160.75502119267082,131.1833685757496,142.1781523893503
2004-02-18,137.5844382203612,137.94798935753226,155.86645159198676,158.36696162848412,131.88268159240337,81.94792550214976,161.40315711639178,159.85479307399186,131.20960524946474,141.6094397797929
2004-02-19,137.4330953383188,137.9341945585965,155.61706526943956,158.36696162848412,130.00994751379125,80.85801809297116,161.4192974321034,158.75179500178132,130.4879524205927,141.21293334840948
2004-02-20,137.5980150527248,136.85830784103945,154.9167884757271,158.4936551977869,129.21688683395712,80.43755639888771,162.3232454977232,158.21203889877526,129.50929277743825,140.78929454836424
2004-02-23,137.84569147981972,135.20232231616288,154.25064628528148,159.8408512669681,126.8263744275289,79.78601219205672,161.8687404103296,157.27858786927249,129.67765485804895,140.69074204218037
2004-02-24,137.611353804304,134.51279047235045,153.41769279534094,159.61707407519432,126.76296124031514,80.01739162741369,161.8687404103296,157.6246007625849,129.36642848638965,140.31087703866646
2004-02-25,137.73520402272788,135.13154930852323,154.62969256842413,160.63862334927558,127.99256196434621,80.12141423652932,162.88851347491467,158.11323702494892,130.38842327143212,140.87212054682115
2004-02-26,138.05199499198017,135.56397026631052,154.59876662991044,160.89564514663442,128.65812328656082,80.44991203489909,163.5889340828568,158.4927087938088,130.8578215952093,141.15386478791478
2004-02-27,138.67322896944404,135.97066217710946,154.70698576655138,161.23352600144233,128.20781985505783,80.34532714925372,163.99790641806393,158.09647702182428,132.25800028627802,141.5773263822785
2004-03-01,139.82421676989043,138.05101330841921,156.73364728009324,164.08735941166788,129.86170073118808,81.28536747689999,166.12987920149877,159.09248482706178,133.40864488876863,142.61084086486915
2004-03-02,139.39076169790377,137.63686026849396,155.49545146658048,162.51212076131586,128.7708624450461,82.01693578419209,164.717775228286,158.02656517872043,133.10180500552445,141.8122201560259
2004-03-03,139.50227430726207,136.93491228112464,155.24665874423394,162.4958695492397,128.15276230530986,81.90211207409422,165.64019476956443,158.97472456979278,133.16835590802722,142.40783148068118
2004-03-04,139.08376748434029,136.81167086007162,155.43295473472702,161.92713400581738,129.29332188982713,82.62285066034624,166.33588358759658,159.96036786212548,133.5145936333881,143.00594437290005
2004-03-05,139.95999521949162,138.4670920774785,155.47958462114744,164.32365558910348,128.65978461256697,82.05275299078986,166.51885305954298,160.5842132967878,134.43584432945846,143.76387587807642
2004-03-08,139.54011523383315,136.40393240552407,154.3756795703373,164.70159999695838,125.66201163109415,81.58505229874235,165.40317674404403,160.24698644886453,134.03253679647008,142.8150342972811
2004-03-09,139.8471034873476,134.54883892480893,152.98629845420427,164.2404355169669,124.71954654386094,81.25055358431752,164.32805609520776,158.66054128302076,133.79127823023643,141.87245507091905
2004-03-10,139.4415468872343,131.1312984161188,150.89038616538167,161.89179728907428,122.88616920966619,79.56866712512213,161.4358823079321,155.61425889038676,132.35971155317287,139.8294917178978
2004-03-11,137.1268172089062,129.0463107713025,148.71756460460017,158.4273128270881,121.63273028372761,78.26374098427013,159.74080554369883,152.92213221158306,130.63903530298163,137.85789588467546
2004-03-12,137.04454111858087,131.66595087995995,150.88884104782733,161.05720622001775,124.35730344208311,79.48465534362474,161.60977296856012,154.00787935028532,131.68414758540547,139.66383432076472
2004-03-15,135.34518880871047,129.1642978132407,148.44444182285253,160.41297739513766,121.62144276635729,77.9903438231646,159.13714344214117,151.75936431177118,131.4076108754761,137.58284318938533
2004-03-16,135.6564827429705,130.1846957659653,149.33510847378963,160.70172075444893,122.01063138320964,78.10732933889935,159.42359030033703,152.32087395972474,131.84125599136522,138.5734396603489
2004-03-17,137.25722923933756,133.06177754239312,151.67966967682813,162.46943968274786,123.962801485341,78.95869922869335,161.1294227165506,152.77783658160388,134.00345258962358,140.30560765610323
2004-03-18,137.24350351641363,132.43638718794386,151.37631033747448,163.54173798465396,122.97109907345826,78.93501161892473,161.33889096608215,152.19728080259378,133.3870367077113,140.2354548522752
2004-03-19,136.4886642470734,130.55579048987508,150.31667616511214,160.54892417953482,121.15112680717108,78.69031308290607,160.33858984209243,150.31003452064164,132.89350467189277,138.83310030375245
2004-03-22,134.72796047828612,128.37550878869416,148.13708436071803,158.7186664438881,119.3217447923828,77.22667325956402,158.46262834093997,148.1455700235444,131.45825482143633,136.91720351956064
2004-03-23,134.7683788664296,128.093082669359,148.25559402820662,158.00443244489065,119.07116912831879,76.70925454872494,158.3992432896036,148.41223204958675,131.47140064691848,136.86243663815281
2004-03-24,134.53927262235666,127.61913826348238,147.91460616194175,154.87594468248182,119.99992424751969,76.31036642507158,158.4309231382615,147.72953578215865,131.14272214530118,136.12337948030682
2004-03-25,135.61558680333553,129.85247318309334,151.3018506430502,154.65911835992634,123.82792183101556,77.54659436115773,161.86887417036178,149.20683113998027,131.52303603952254,138.0154944550831
2004-03-26,135.43928654049117,130.30695683923418,151.31698082811448,156.34490275004953,123.41928968897322,77.631895614955,161.54513642202107,149.02778294261228,131.74662520078974,138.15350994953815
2004-03-29,137.36252440936616,132.6003592796047,153.25383818271433,157.58002748177492,125.46804989781018,78.22966121119016,163.70984125007615,151.4420330262826,132.68202623971536,139.94950557888214
2004-03-30,138.13175454605863,134.32416395023955,154.34194043381163,160.1800979352242,125.74407960758536,78.51911095767157,164.23371274207642,151.59347505930884,133.46485019452967,140.62126320566074
2004-03-31,138.5599629851514,134.10924528791915,154.31107204572484,161.26932260118372,124.98961512993985,78.73111255725728,164.46363993991534,151.9118213569334,133.78516583499652,140.6072010793402
2004-04-01,139.59916270754005,134.3506419294374,154.9128852267032,160.1081834784552,126.38949881939519,79.21924545511227,163.39462628030589,153.47651311690979,134.761797545592,141.87266588905425
2004-04-02,140.07379986074568,135.77475873388943,157.12813948544505,161.11686503436945,129.48604154047035,79.97182828693585,164.19525994907934,155.59448899792315,134.26317889467333,141.9719767551766
2004-04-05,140.60608030021652,138.73464847428824,158.11804676420334,162.34135320863066,130.87154218495337,80.93149022637908,165.80437349658033,157.10375554120301,134.49142629879427,142.79541422035663
2004-04-06,141.07008036520725,138.74852193913566,158.46590646708458,162.09784117881773,129.22256075342298,81.07716690878655,165.80437349658033,156.28681601238875,134.41073144301498,142.63833926471423
2004-04-07,140.84436823662293,137.01416541489647,157.32495194052157,162.19509988352502,128.42138087675175,80.20964122286254,164.44477763390836,155.81795556435162,133.52362061549107,142.11057740943477
2004-04-08,140.8866215470939,136.329094587822,156.93163956067028,163.9305874522787,128.81948715746972,80.14547350988424,162.4549958245381,155.1479383554249,133.1764592018908,141.84056731235685
2004-04-12,140.7316462633921,137.3242969783131,158.2498653329799,166.83215885018404,129.36052900353107,80.64237544564553,163.6896537928046,155.7995596965177,131.1388593761019,142.47884986526245
2004-04-13,139.71837841029568,135.19577037514924,156.03436721831818,165.33066942053242,127.52360949168093,79.57789608976302,161.03788140136115,154.19482423164357,128.79147379326966,139.72900806286287
2004-04-14,140.2493082482548,135.75007303368736,155.95635003470903,166.19038890151919,127.2558099117484,79.76888304037844,160.87684351995978,155.44380230791987,128.27630789809658,138.3876095854594
2004-04-15,140.13710880165618,135.11204769042902,156.2838583697819,168.23453068500785,125.46150299199275,79.49766883804115,161.68122773755957,158.6925777761554,129.23838020733228,137.65415525465644
2004-04-16,140.93589032182564,136.36858973395002,157.37784537837035,169.3617020405974,124.38253406626161,79.49766883804115,163.1363587871976,159.5019099228138,129.8716482703482,139.01693139167753
2004-04-19,141.9506287321428,137.2004381313271,157.20472974845416,169.37863821080148,125.65123591373748,80.2051980906997,162.85902697725936,159.88471450662857,129.46904616071012,138.7388975288942
2004-04-20,140.81502370228566,136.98091743031696,154.87809974817702,165.56761885105846,122.83664822926977,79.62772066444667,161.71901378841852,157.39051296032517,128.4203468868084,136.64394017620788
2004-04-21,141.09665374969026,139.85751669635363,155.06395346787488,165.63384589859888,124.43352465625026,80.0975242163669,162.65698406839135,159.16902575677685,128.51024112962915,137.0948651787894
2004-04-22,142.43707196031232,143.39591186877138,158.36681567674063,167.96928312576912,126.76043156732213,80.52204109471364,164.99924463897617,160.09220610616617,130.1937252884273,139.20612610254278
2004-04-23,142.1521978163917,143.09478045384697,158.4301624030113,167.19662442339057,128.34493696191365,80.31268378786739,165.18074380807906,159.67596637029013,130.24580277854264,138.52401608464032
2004-04-26,141.48408248665464,142.32206863939618,157.98655794828287,167.99916822062283,126.88180468054784,80.37693393489768,163.87581593199522,160.64998976514892,131.02727759521392,137.99762482351866
2004-04-27,141.75290224337928,143.1190722237768,158.60270552428116,170.7711544962631,126.26008383761315,80.12776543969949,164.6460322668756,160.82670475389057,130.97486668417585,138.24602054820102
2004-04-28,140.30702264049683,139.98476454207608,155.81129790705384,168.65359218050943,123.60862207702328,79.63097329397335,162.63735067321971,158.97719764922084,130.71291695080748,136.15850563792318
2004-04-29,140.29299193823277,137.66101745067763,154.58038865358813,165.0612706670646,121.38366687963686,79.36819108210325,160.8646035508816,157.88025498544124,129.1443619473978,135.8317252243922
2004-04-30,140.5034314261401,137.42699372101146,154.0238992544352,165.53994835199907,118.87102497522837,78.37608869357697,160.01202115206195,157.23294594000092,128.98938871306095,135.30198149601705
2004-05-03,141.51505613240835,138.63635126575636,155.04045698951447,169.82743301431586,119.67934794505992,78.67391783061257,160.6200668324398,159.16691117506295,129.62143671775493,136.4385181405836
2004-05-04,141.01975343594492,138.46998764423745,155.50557836048299,169.38588168847863,120.85220555492151,78.81553088270768,160.34701271882463,159.02366095500537,130.12696032095417,136.67046362142258
2004-05-05,141.42871072090915,137.87456669736724,155.3189716664504,170.6054600366357,121.26310305380825,78.95739883829654,160.76391495189358,160.0414123851174,129.56741439157406,136.97113864138973
2004-05-06,141.25899626804406,135.268737386787,154.37152593928508,169.54770618440858,120.43851395304235,78.08097171119145,157.91839365724505,159.44925915929247,129.6192413573307,135.72470127975308
2004-05-07,139.88878400424403,131.4676858662183,151.60827562497187,166.34325453752325,120.13741766815976,76.94879762137917,154.7916094628316,157.9982709009429,126.22321723376864,132.96948984377408
2004-05-10,138.36399625859775,128.7200112316143,149.44027728353475,161.15334499595252,119.36853819508353,75.5329397451458,154.7142136581002,155.5650975290684,124.24151272319845,131.20099562885187
2004-05-11,138.30865066009432,130.8953794214286,150.87490394545668,164.39252723037117,121.4574876134975,76.6206140774759,155.24024198453773,156.14068838992597,124.16696781556453,132.3424442908229
2004-05-12,136.59362339190918,130.97391664908145,151.34261614768764,165.60903193187593,120.89878317047543,76.58230377043716,155.36443417812535,156.59349638625673,124.08005093809365,133.11003046770966
2004-05-13,135.81503973857528,130.607189682464,151.14587074669564,164.8306694817961,121.00759207532883,76.64356961345351,154.99155953609787,156.2020126452911,124.39025106543886,133.21651849208382
2004-05-14,136.67067448892828,131.15573987913035,151.14587074669564,167.03940045285216,119.1198736389537,76.30633790715432,154.7435730408401,156.28011365161373,125.52220235013436,133.22984014393302
2004-05-17,135.79598217219916,128.69001196940272,149.0751723174659,166.58839407162947,117.44028342064445,75.14648157096558,152.79380402052553,155.3268049583389,124.14145812428288,131.64440504622021
2004-05-18,136.33916610088795,130.44019613218657,150.23795866154214,164.4560626275126,118.76735862329775,75.80025596063297,155.00931417882313,155.4976644437931,125.1221756434647,132.9345202156732
2004-05-19,135.38479193818173,129.09666211202506,150.1778634780775,163.66667352690055,119.2661815295156,75.96701652374635,154.35827505927207,154.19148406246524,124.43400367742565,132.78829224343593
2004-05-20,135.8721771891592,128.58027546357695,150.10277454633848,163.60120685748979,119.24232829320971,75.99740333035585,154.04955850915354,153.32801175171542,125.23038130096118,133.17337829094188
2004-05-21,135.7906538828457,129.55748555710014,151.16850424561753,163.1758437196603,119.99355496145692,75.90620644635942,155.0354756836121,153.558003769343,125.31804256787184,134.02568791200392
2004-05-24,134.4599054747938,130.7882816698926,152.30226802745966,165.721386881687,120.55752466977576,76.01247513538434,155.70212822905162,152.55987674484228,126.98477253402456,134.3875572693663
2004-05-25,136.5036960380107,133.69178152296422,154.9370972643347,169.13524745144974,123.11334419277502,76.84101111436003,158.53590696282035,154.45161921647832,129.30859387139722,136.43024813986068
2004-05-26,136.8040041692943,134.57414728101577,155.12302178105193,167.74833842234787,123.71659957931959,76.16481021655366,158.63102850699804,155.4555547413854,129.45083332465578,137.15332845500197
2004-05-27,137.9257970034825,135.44887923834236,156.53464127925952,165.95343120122874,124.27332427742652,76.53040130559312,160.375969820575,156.979019177851,130.30520882459848,137.57850377321247
2004-05-28,137.82924894558008,135.16443659194186,156.58160167164328,166.4346961517123,124.60886225297556,76.07121889775955,160.52030819341348,156.58657162990636,130.6179413257775,137.6060194739671
2004-06-01,137.91194649494741,135.9754232114935,156.9730556758224,168.84799924591212,124.38456630092021,76.02557616642089,160.80924474816166,157.74531225996768,130.3828290313911,137.42713164865097
2004-06-02,138.93249489901004,136.3289593118434,157.663737120796,168.7129208465154,124.04872797190771,76.48172962341941,161.66153374532692,158.5024897588155,130.56536499203506,138.03181102790504
2004-06-03,138.5851636617625,135.33375790886694,155.5825757908015,167.43070264808188,122.15078243393754,75.86987578643206,161.12805068396736,157.50392407333499,129.33805056110995,136.8999501774762
2004-06-04,139.12564580004337,135.86155956471154,156.48495473038815,166.59354913484145,123.56773151017121,76.19611625231371,161.4664195904037,158.118189377221,129.59672666223216,137.88562981875404
2004-06-07,140.25256353102372,138.4565153523975,159.36427789742729,169.5089362447012,126.52100029326432,77.40001488910028,163.8722692423007,159.17758124604836,130.8408552381896,140.0504342069085
2004-06-08,140.40684135090785,139.05187836841282,159.82643430332982,168.5427353081064,127.02708429443739,77.46967490250046,164.77356672313337,159.273087794796,129.95113742256993,139.9103837727016
2004-06-09,139.45207482972168,138.38442935224444,158.8994409843705,166.90787077561774,125.07086719630306,77.46192793501021,163.2246951959359,156.93177340421246,128.8985332094471,138.45531578146552
2004-06-10,139.3962939997898,139.40847412945106,159.51914880420955,169.26127175355396,125.73374279244346,77.88796853865277,163.82862656816087,156.69637574410615,129.9297214751227,138.82914513407545
2004-06-14,138.76901067679077,137.26158362785753,158.01966880544998,167.99181221540232,123.87288339911531,76.85984735394256,161.96098022528383,155.91289386538563,129.29306583989458,137.2326099650336
2004-06-15,139.19919460988882,139.5950305495311,159.44184582469902,170.09170986809482,125.53278003666347,77.15191477388754,163.2566680670861,156.16235449557024,130.06882423493394,137.90504975386224
2004-06-16,139.18527469042786,140.01381564117966,159.63317603968866,173.0342964488129,125.1812882525608,76.94360460399804,163.14238839943914,156.61522532360738,130.5760926494502,138.18085985336995
2004-06-17,138.89298561357793,140.881901298155,159.53739613406483,174.19362623501993,123.89192098355943,76.98207640630004,162.70190395076065,156.55257923347796,131.2159155034325,138.30522262723798
2004-06-18,138.86520701645523,141.6144871849054,160.47866677125583,174.8381426520895,124.04059128873972,77.41317603417532,162.47412128522961,156.599545007248,131.7276575738959,138.51268046117886
2004-06-21,138.89298005785852,140.63734722332956,160.20585303774467,174.40104729545928,123.28394368187841,76.60033768581648,162.01919374563096,155.53466810119872,132.35995033025057,137.9309272032419
2004-06-22,139.4346626800842,141.73431853167153,161.37535576492024,175.37769316031387,124.97293371032015,76.11009552462727,161.387318890023,155.03695716327488,132.2805343600524,138.4826509120549
2004-06-23,139.9924013308045,143.95954733261877,163.16662221391087,178.34157617472314,126.86002500934596,76.30798177299128,162.53316885414216,156.24624542914842,133.2858664211888,139.299698552436
2004-06-24,139.47442944588053,142.95183050129043,162.49763906283383,177.20019008720493,126.30184089930485,75.80434909328953,162.2406091502047,156.18374693097675,133.55243815403117,139.299698552436
2004-06-25,138.34468656736888,142.50867982673643,162.96888221611601,175.23326797723695,127.12280286515032,75.91805561692946,161.70521514000905,154.40325221596362,133.17849132719988,138.840009547213
2004-06-28,139.4791129972213,141.1120947644344,162.26811602258672,173.65616856544182,126.01683448022352,76.1002589504101,161.43031627427104,154.21796831330448,133.3915769133234,138.75670554148465
2004-06-29,139.73017540061633,141.87410007616236,164.13419935684647,174.55918064198212,127.27700282502575,76.35138980494645,159.84829917478316,155.0970107326903,132.39114008647348,138.72895420037636
2004-06-30,140.1353929092781,142.41322165645178,164.88921667388797,175.53671205357725,127.91338783915084,76.67970078110773,160.58360135098715,155.7639278788409,133.29139983906148,139.42259897137822
2004-07-01,139.5328107197682,139.47950929032888,162.69619009212525,175.9580001625058,125.38070275993564,76.24262648665541,157.82156340775018,154.64242759811322,132.18508122039728,138.32116043950433
2004-07-02,139.3235115036886,138.5031527252966,161.7200129515725,176.36270356287957,124.13943380261227,76.14351107222276,156.90619833998522,154.58057062707397,133.22934336203843,138.32116043950433
2004-07-06,139.1423909387338,137.36742687294915,160.70117686997762,177.49142486568198,120.72559937304044,75.43537641925109,156.2001204474553,153.11205520611676,133.25598923071084,137.44973712873545
2004-07-07,138.68322104863597,137.12016550457784,161.3439815774575,178.5386242723895,121.05155849134763,75.63905193558305,156.8874009774241,152.6374078349778,133.32261722532616,137.64216676071567
2004-07-08,138.3642496402241,135.46101150197245,160.11776731746883,177.87803136258168,119.02999746454212,74.79189455390453,154.83217602461986,151.75211086953493,132.94931389709527,136.36209460984102
2004-07-09,138.80701523907283,137.08654363999614,161.27061524215463,178.660694700577,120.13697644096237,75.06114537429859,155.00249141824696,151.38790580344806,132.64353047513194,136.49845670445086
2004-07-12,138.84865734364456,136.59303208289214,161.1577258114851,178.10684654700523,119.38011348938431,75.41393275755779,155.60700113477813,150.76721538965393,132.7894383586546,137.2355483706549
2004-07-13,138.55707516322292,136.5110762636424,161.25442044697198,177.50128326874542,118.92646905812465,75.16506677945785,157.13194974589894,151.55120490968014,132.7097646956394,137.49629591255913
2004-07-14,138.34923955047807,136.59298290940058,160.56102643905,179.24079584477914,117.19014260987603,75.1575502727799,156.31486360722027,151.88461756048142,133.8112557426132,137.12505591359522
2004-07-15,137.0764265466137,136.715916594019,160.8339801839964,179.58135335688422,117.00263838170022,74.69908921611594,156.01786536636655,150.09237907326772,134.2394517609896,136.76853076821988
2004-07-16,136.8571042641391,135.69054721956385,160.6731462038124,181.52083197313857,115.08379511224034,74.2135451362112,154.7229170838257,148.57644604462774,135.20597581366874,136.27616405745425
2004-07-19,136.952904237124,135.63627100067603,159.62877075348763,181.35746322436276,115.29094594344238,73.99090450080256,154.13496999890717,147.4324074100841,135.7873615096675,136.5214611527577
2004-07-20,137.4048488211065,135.83972540717707,160.29921159065228,180.9766125515916,117.67746852447164,74.62722627950946,156.3853405608912,148.24328565083957,136.41198337261196,137.34058991967424
2004-07-21,135.7010286957248,134.57641596089033,157.55809507245212,177.80952183193875,115.11209971063813,73.91080490722615,154.5243550082166,145.87139308042615,134.05205606026578,135.71997095862207
2004-07-22,134.72398128911559,133.9842797306624,156.97513012068404,178.200702779969,116.53948974705004,74.62773971482626,154.10713924969443,146.52781434928806,132.9126135837535,135.54353499637585
2004-07-23,132.33936682029824,133.51533475160508,155.54665643658583,177.47007989857113,113.81246568696908,74.70983022851257,152.95133570532172,145.12114733153487,132.35438060670177,134.59473025140122
2004-07-26,131.82324328969906,133.24830408210187,154.95557914212682,176.05031925938258,113.59622200216384,75.1356762608151,151.46770774898008,143.68444797295268,131.65290238948626,134.33900026392357
2004-07-27,132.08688977627847,135.27367830414983,157.1404528080308,177.4939318773095,114.98209591059023,76.38292848674463,154.2547135715613,145.7391355789659,131.7977205821147,135.42714616606133
2004-07-28,131.8227159967259,135.8959372243489,157.48616180420848,178.86063515276481,114.66014604204058,75.99337555146222,153.62226924591792,145.05416164174474,132.90482143500446,135.42714616606133
2004-07-29,131.13723787354292,135.69209331851238,158.35233569413163,180.27363417047164,116.48324236410903,76.13016362745486,154.32893168444912,145.76492703378926,134.11425531006302,136.30742261614074
2004-07-30,131.76669661533592,135.78707778383531,158.22565382557633,181.33724861207742,117.01906527898392,75.88654710384701,154.1128711800909,146.522904654365,134.7311808844893,136.15748445126297
2004-08-02,132.87353686690471,136.91411052944116,159.22247544467746,181.13777763860415,117.33501675523716,77.05519992924626,154.45191949668708,146.3617294592452,135.63387979641536,136.5387254077265
2004-08-03,131.98328416989648,134.86039887149954,158.33082958218725,183.32954474803125,114.87098140337719,76.87797296940899,152.53671569492818,145.90800809792154,135.7152601242932,135.7331469278209
2004-08-04,131.9568875130625,134.4693037147722,158.58415890951875,179.29629476357456,115.06626207176294,76.40132953699865,152.17062757726035,145.45569327281797,136.3666933728898,135.58384046620031
2004-08-05,130.7032970816884,131.47063824193276,155.6662103855836,176.55306145369187,113.14465549516449,75.67551690639716,148.6402690174679,142.75021737794359,134.94847976181174,133.52296609111406
2004-08-06,129.35705312174701,128.8938137323909,152.66185252514185,173.07496614305413,110.08974979679505,74.66146497985144,146.41066498220587,140.30918866078076,135.59623246466842,131.98745198106627
2004-08-09,129.0724676048792,129.04848630886977,153.18090282372737,175.4634006758283,110.02369594691697,74.43748058491188,146.82061484415604,139.76198282500368,135.1894437672744,131.90825950987764
2004-08-10,130.07923285219724,131.8875530076649,155.83093244257788,174.86682511353047,112.02612721315086,75.42749907669122,149.08165231275606,141.92829355879127,136.08169409613842,133.83412009872185
2004-08-11,131.08084294515916,130.84564133890436,155.79976625608936,174.30725127316717,109.12465051833024,75.19367382955348,147.82936643332891,144.25591757315544,136.50354734783645,133.92780398279095
2004-08-12,130.16327704454304,128.50350435893796,153.66530945838093,172.2504257081438,106.50565890589033,74.45677582602384,146.9128243614423,143.23170055838602,136.20323954367123,132.57513316256475
2004-08-13,130.08517907831632,127.93808893975864,153.61920986554344,174.2829807314999,107.1979456887786,74.6652547983367,147.38294539939892,142.01423110363976,135.8354907969033,132.62816321582977
2004-08-16,131.08683495721937,130.79110832311528,156.27682219621735,175.41582010625464,108.40928247506181,75.74790099291259,150.34534260192683,144.13024314708397,136.79992278156132,134.65737411303198
2004-08-17,131.2310304756723,131.24887720224618,156.29244987843697,171.71454630201268,109.2765567348623,75.96756990579202,152.37500472705284,144.40409060906345,136.4716029668856,135.26333229654063
2004-08-18,132.25463251338257,132.77136417779224,158.01166682709976,173.65492067522544,111.75713457274365,76.69685857688762,153.62447976581467,146.9600430128439,138.0273792407081,136.87296595086946
2004-08-19,131.69916305682636,131.4569276724321,156.96878982604088,174.45373331033144,111.06424033839264,76.5818132890223,153.4554928380723,146.3575068364912,137.10259579979532,136.3939105700414
2004-08-20,132.3444889558048,132.69262279255298,158.56987148226648,175.797027056821,111.98607353320129,77.23275870197898,154.06931480942458,147.7479031514379,137.5550343659347,137.52598002777276
2004-08-23,132.22537891574459,132.05569820314872,157.95144898348565,173.9511582727244,112.49001086410068,76.91610439130088,152.72891177058258,147.30465944198357,137.0735917456539,136.94837091165613
2004-08-24,132.04026338526253,132.1349316220706,158.45689362023282,173.15098294466986,111.99505481629866,76.75458057207915,153.1870985058943,147.59926876086755,137.196957978225,137.26335216475294
2004-08-25,132.30434391203306,132.88810073231642,159.9939254883491,174.1898888423379,113.46219003439218,77.03857252019584,154.1981333560332,149.1047813022284,137.93782155130742,138.3889116525039
2004-08-26,132.41018738716267,133.10072169348814,160.18591819893513,175.06083828654954,112.8041093321927,76.95383009042362,154.0593550360128,148.82148221775415,137.88264642268692,138.56881723765218
2004-08-27,132.675007761937,133.36692313687513,160.7786060962712,176.3737945736987,113.44709275538621,77.04617468653214,154.15179064903438,149.99717192727442,138.03431733375186,138.7212429366136
2004-08-30,131.9983652223511,132.20663090558432,159.4119879444529,175.50956298028754,111.87017816608633,76.53766993360102,152.68734863786855,147.94221067187075,138.18615508281903,137.90278760328758
2004-08-31,132.80355525020747,132.77511941847834,160.36845987211962,178.86179563321102,111.72474693447043,76.76728294340182,152.22928659195495,148.93342348337225,139.67856555771345,138.7302043289073
2004-09-01,132.88323738335757,133.12033472896636,161.13822847950578,181.40163313120263,112.43978531485104,77.02061497711506,152.68597445173077,149.57383720435075,140.06966554127504,138.54985506327972
2004-09-02,134.3715296420512,136.00904599258493,163.0880010441078,183.0523879926966,113.67662295331438,77.57516340495029,155.49539638164262,151.03966080895339,140.72799296931905,139.93535361391253
2004-09-03,134.6940213131921,135.42420709481684,162.77813384212402,183.23544038068925,111.19847257293212,77.29589281669246,155.79083763476774,150.87351718206355,140.2776633918172,139.68346997740747
2004-09-07,135.34055261549543,137.6857913533003,164.01524765932416,183.41867582106994,111.82118401934054,77.97609667347935,156.39842190154337,151.56753536110102,141.10530160582894,141.28982988214764
2004-09-08,133.13450160786283,136.36400775630858,162.89994397524075,183.21691527766677,111.59754165130184,77.93710862514261,154.99083610442946,151.29471379745104,139.94823813266115,140.71054157963084
2004-09-09,133.4407109615609,135.96855213381528,163.11171390240858,185.85523885766517,113.52817912186939,77.8747589382425,154.37087276001176,150.79544124191946,140.5500155566316,140.79496790457858
2004-09-10,133.3206143216955,135.5198559117737,163.17695858796952,184.75869294840496,115.74197861474585,78.39651982312871,155.97632983671588,150.75020260954688,140.70462057374388,141.4003862665683
2004-09-13,133.30728226026335,136.40073497520024,163.53594789686306,186.144383145518,116.58689505863349,78.60819042665116,156.58463752307907,151.6094787644213,140.0292383949899,141.4569464210749
2004-09-14,133.60055828123592,135.65053093283666,163.32335116459714,186.66558741832543,116.94831443331526,78.87545827410177,156.86648987062063,152.36752615824338,139.77718576587893,141.6691318407065
2004-09-15,132.1843923634548,134.33472078278814,162.37607572784248,186.1242572148123,115.39290185135216,77.99205314143184,156.1762773151899,151.74281930099457,139.73525261014916,141.0457876606074
2004-09-16,131.73496542941908,134.60339022435372,163.12300567619053,186.58956785784932,115.64676623542513,78.68618241439057,156.80098242445067,151.75799358292468,140.8950552068134,141.79333033520862
2004-09-17,132.20921130496498,135.41101056569985,163.84074690116577,189.51902407321757,116.14404733023747,78.90650372515086,156.40897996838953,152.25879496174835,141.2472928448304,142.14781366104663
2004-09-20,130.79457274400187,134.84228432132392,162.15318720808375,189.7274949996981,116.58539471009237,78.29103299609469,155.84590764050333,151.02549872255818,140.78117677844247,141.15277896541932
2004-09-21,130.45450685486745,136.05586488021578,162.68829272587044,194.88808286368993,117.30822415729494,78.47893147528531,156.92124440322277,151.78062621617096,141.30206713252272,142.21142480765997
2004-09-22,129.08473453289136,134.25992746379694,160.75230204243258,193.11460130963033,115.17321447763219,77.88249159607314,154.72434698157764,149.54945101079323,140.84990051769864,140.0640322930643
2004-09-23,129.0460091125315,133.1052920876083,159.94854053222042,190.62342295273612,115.41507822803521,77.99152708430765,155.3277719348058,148.69701914003173,139.93437616433363,139.09759047024215
2004-09-24,128.83953549795143,133.89061331092518,160.39639644571065,192.35809610160604,114.51484061785652,78.26449742910272,155.99568135412548,148.81597675534374,140.03233022764866,139.6400710730761
2004-09-27,128.04073037786415,132.87304464976214,159.20946311201237,192.70434067458893,113.38114369573975,77.45054665584006,154.74771590329246,147.59568574594994,140.22837548996736,138.7324106111011
2004-09-28,129.15468473215154,133.51083526408098,161.19958140091254,195.479283180303,113.64192032623994,77.24143017986928,155.27385813736367,148.8502490747905,141.3081339812401,139.57867831582882
2004-09-29,129.51631784940156,133.97812318750528,162.29573855443874,193.52449034849997,115.21017882674205,77.65080975982261,156.40735730176644,149.549845245442,141.0113868998795,140.03928795427106
2004-09-30,130.1120929115088,135.82702128749287,163.44803829817528,194.64693239252128,115.61341445263564,77.79058121739028,156.25094994446468,146.85794803102402,141.589533586169,140.27735474379335
2004-10-01,131.97269584014336,137.53844175571527,165.50748358073227,196.865907421796,118.90839676453575,79.12080015620765,157.45408225903708,148.4146422801529,142.86383938844452,142.10096035546263
2004-10-04,132.14426034473556,137.7309955741733,165.57368657416455,196.80684764956948,119.78831890059331,80.14937055823835,158.4932792019467,149.45354477611394,143.1209942993437,142.28569160392476
2004-10-05,131.90640067611503,136.97347509851537,164.81204761592338,199.18821050612928,120.14768385729508,80.63026678158776,158.06534734810145,148.4820967350692,143.52173308338186,141.77346311415062
2004-10-06,132.4340262788195,137.00086979353506,166.36128086351306,202.71384183208778,121.2410277803965,81.42044339604733,158.83986755010713,148.0514986545375,144.5120330416572,142.82258674119535
2004-10-07,130.8977915739852,134.64445483308626,164.29840098080552,200.99077417651503,119.87100416647803,80.8667843809542,157.99801625209156,144.18735453965408,143.48599760706142,141.9228044447258
2004-10-08,130.30875151190224,133.4730480760384,162.75399601158597,201.15156679585624,117.68935189064813,80.24411014122086,156.62343351069836,142.70222478789566,144.01689579820754,141.25576726383562
2004-10-11,130.60846164037963,133.94020374430454,162.59124201557438,200.00500286511988,118.16010929821073,80.46076923860215,157.1246284979326,143.5727083591018,143.93048566072864,141.6654089889007
2004-10-12,129.9423584860137,133.4044429293273,161.79454492969808,197.94495133560915,117.59294077357931,80.74238193093726,156.63754214958902,143.42913565074272,144.62135199190013,141.6654089889007
2004-10-13,129.33162940112942,131.72354694841778,159.7559336635839,193.35262846462302,117.68701512619816,80.47593207056516,156.1832932773552,141.98050138067023,142.7412744160054,140.5320857169895
2004-10-14,128.94363451292605,128.39094121062283,158.97312958863233,194.91878475518646,116.71021290065073,79.7677438683442,154.88697194315316,140.9014495701771,142.7412744160054,138.19925309408748
2004-10-15,129.65282450274717,129.28967779909718,160.26081193830024,195.6789680157317,116.9903174116123,80.15062903891224,155.9711807467552,141.05644116470432,143.95457524854146,138.82114973301088
2004-10-18,130.22329693055923,129.26381986353735,159.69989909651622,193.7221783355744,118.42929831577513,80.39108092602898,157.85843203379093,142.79143539103018,143.20601145724902,139.4597270217827
2004-10-19,129.87169402884672,127.67387487921584,158.03902014591245,192.77293966173008,118.38192659644884,79.76403049480595,156.70606547994424,141.24928788880706,142.34677538850553,137.2841552802429
2004-10-20,129.87169402884672,127.62280532926415,158.71858793253986,196.4549028092691,118.74891056889784,79.50878559722257,156.47100638172435,141.31991253275146,143.22932539591426,136.91348806098625
2004-10-21,130.45611665197652,127.61004304873123,159.7661306128946,197.29965889134894,120.49451955426065,79.50878559722257,156.83088969640232,140.30240916251566,143.32958592369138,137.17362368830211
2004-10-22,129.43855894209108,126.78057776891447,158.63179108554306,197.29965889134894,117.80749176820065,78.39566259886146,155.67034111264894,138.60475001164923,144.06056681190222,136.10366942353335
2004-10-25,129.1408502565243,126.61576301781487,158.52074883178318,197.77317807268818,117.80749176820065,78.23887127366373,155.2500311916448,137.52363296155835,146.0341965772253,136.37587676238044
2004-10-26,130.6647122895513,128.65427680240168,160.43884989264777,199.86957376025865,118.17269499268208,78.99778832501828,157.29933160337453,139.64149690916636,147.74279667717883,139.32159570044786
2004-10-27,132.71614827249724,131.38174747061262,161.25708802710028,196.49177796371026,121.15064690649766,79.74826731410596,160.58688763388506,143.383889026332,147.27001972781187,141.03525132756337
2004-10-28,133.44608708799598,132.09120890695394,160.61205967499188,193.38720787188365,121.4292933943826,80.21878209125919,161.26135256194735,143.2405051373057,146.84293667060123,141.66990995853737
2004-10-29,133.83308074055117,131.72135352201445,161.09389585401684,195.88190285343092,121.51429389975866,80.40328529006908,161.03558666836065,143.2978013393606,147.5918356476213,141.82574685949177
2004-11-01,133.73939758403276,133.46007538850506,161.54495876240807,194.70661143631034,122.0368053635276,80.74097908828736,161.64752189770041,141.89348288623486,148.27075809160036,141.96757260635127
2004-11-02,134.03362425871762,133.6202274789713,161.22186884488326,192.2922494545001,122.61037834873618,80.95090563391692,162.27794723310146,140.78671371972223,146.04669672022635,142.33668829512777
2004-11-03,135.54820421284114,134.75599941254254,163.72080781197894,196.25346979326278,123.13760297563574,81.2585190753258,163.46257624790312,144.84137107485023,149.04065400299098,143.63195215861347
2004-11-04,138.9097996773196,137.4780706006759,166.86424732196897,199.43277600391366,124.35666524509455,82.37176078665776,167.58183316935026,144.91379176038762,151.96185082144962,146.03060575966228
2004-11-05,139.10427339686785,138.78411227138233,168.13241560161595,200.33022349593125,125.48831089882493,82.44589537136575,169.20737695109295,145.76878313177392,151.15645301209594,146.19123942599794
2004-11-08,138.82606485007412,138.6730849815652,167.89703021977368,197.36533618819146,125.72673868953271,82.31398193877156,168.98740736105654,145.44809180888402,152.13896995667457,146.08890555839972
2004-11-09,138.86771266952914,139.6715311934325,168.43430071647697,195.56931162887895,125.7770293850085,82.50330409723074,168.8015212129594,145.33173333543692,152.27589502963556,146.38108336951652
2004-11-10,139.200995179936,139.32235236544892,168.9732904787697,197.19253691539862,124.64503612054342,82.39604980190434,169.35856623296218,145.0701362154331,152.54999164068892,146.61529310290774
2004-11-11,139.77171926017374,141.3007297690383,170.73061269974892,197.09394064694092,126.48978265512747,83.01402017541862,171.0013443254219,145.70844481478102,153.96870656294735,147.9934768580751
2004-11-12,140.4705778564746,142.23331458551394,171.90865392737717,201.05552885394445,128.18474574270618,83.92717439734822,172.52325628991815,146.01443254889205,155.8009341710464,148.98503315302418
2004-11-15,140.18963670076164,142.23331458551394,171.42730969638052,196.95399606532396,129.05640201375658,83.78449820087272,173.79992838646356,146.40867151677406,154.7259077252662,149.23830770938434
2004-11-16,139.5027074809279,140.8394281025759,170.58731587886825,196.57978347279985,128.06266771825065,83.5415231560902,171.40148937473037,145.50093775337004,154.4938188636783,148.2831825400443
2004-11-17,140.91168482648527,141.85347198491448,171.95201440589918,199.39087437646089,129.81712626599068,83.85062679176772,171.53861056623015,145.7191891600001,153.65955224181445,148.96528517972848
2004-11-18,141.32032871248205,141.9527694153039,172.53665125487925,200.228316048842,130.24552278266847,83.8925521051636,171.10976403981456,145.0343089709481,153.93613943584973,148.95038865121052
2004-11-19,139.65274883367476,139.7383062124252,170.6214944259501,202.43082752537927,127.94017702941525,83.22980094353281,168.868226130893,143.23588353970834,153.48972463148576,147.1778790262611
2004-11-22,140.46273477691008,140.59070988032096,171.9523420824725,205.54826226927014,128.59267193226526,83.57936610749564,169.8307750198391,143.39344301160205,155.66927872125285,148.0609463004187
2004-11-23,140.2520406747447,140.54853266735688,171.74599927197355,206.82266149533964,128.19403464927527,83.77159864954288,170.76484428244822,142.9059053053626,156.55659360996398,148.34226209838948
2004-11-24,140.67279679676892,141.78535975482959,172.742126067751,208.3324669242556,129.32214215418887,83.68782705089333,171.24298584643907,143.3060418402176,157.43331053417978,148.89112846815354
2004-11-26,141.10888246683893,141.99803779446185,173.2085298081339,209.56162847910872,128.9212435135109,83.88867783581547,171.43135313087018,144.02257204941867,158.07878710736992,148.92090669384717
2004-11-29,140.65733404294505,141.98383799068242,173.27781322005714,208.51382033671317,129.3080072440514,83.67056727344236,169.20274554016885,144.195399135878,156.57703862984994,148.65284906179824
2004-11-30,140.0243760397518,141.273918800729,172.74065199907497,208.78488830315095,128.4933667984139,83.30241677743922,166.9354287499306,144.28191637535951,154.80771809333262,148.4744656429241
2004-12-01,141.77468074024867,142.8420592994171,175.26266551826146,205.46520857913083,131.34591954133867,84.78519979607763,169.90687938167937,146.64813980391543,153.6776217512513,151.1915483641896
2004-12-02,142.49773161202398,142.79920668162725,174.91214018722494,200.02038055178386,131.42472709306347,85.31086803481331,169.77095387817403,148.49590636544474,151.89496133893678,150.9496418868069
2004-12-03,142.56898047782997,142.97056572964524,175.01708747133728,201.3605171014808,132.50240985522657,84.91843804185318,169.0579158718857,147.61978051788861,152.8518995953721,150.7986922449201
2004-12-06,141.7278234930108,141.61234535521362,173.86197469402643,201.0182042224083,133.37692576027106,84.82502776000713,168.4493073747469,146.82263370309204,153.78429618290386,150.63281368345068
2004-12-07,140.6365192521146,140.38031795062324,171.44529324577945,197.62099657104957,131.10951802234644,84.4433151350871,167.05117812353652,145.29567831257987,152.18493950260165,149.11142226524782
2004-12-08,141.36782915222562,140.8014589044751,171.8739064788939,198.94505724807559,131.10951802234644,84.03798722243869,168.70498478695953,147.37340651244978,151.97188058729802,149.94644622993323
2004-12-09,142.39981430503687,141.37874488598345,173.28327251202083,199.9994660514904,130.83418803449953,84.71869491894043,169.61599170480912,148.0807988637095,152.35181028876625,150.7711516841979
2004-12-10,142.39981430503687,141.7604674971756,173.49121243903528,198.8594690949969,130.38935179518222,84.84577296131884,169.27675972139951,147.44405142859557,152.62604354728603,151.32900494542943
2004-12-13,143.3111731165891,142.6819105359072,175.05263335098658,202.02133465360737,131.66716744277502,85.46514710393647,169.6491685927866,148.38769335773856,154.96122201355954,152.7212317909274
2004-12-14,144.61530479195008,143.1527608406757,175.45525440769381,202.30416452212242,132.2596696962675,85.62753088343396,171.10815144268454,149.54511736592892,155.4261056796002,153.24048397901655
2004-12-15,144.97684305392994,144.19777599481267,176.06934779812076,203.35614617763747,132.56386693656893,85.5590288587272,171.1765947032616,150.0236617414999,156.71614235674087,153.88409401172842
2004-12-16,144.86086157948682,143.73634311162928,175.4178912112677,201.46493401818546,131.66243264140024,85.57614066449895,170.4405353460376,152.16900010440335,156.62211267132682,153.03773149466394
2004-12-17,143.9916964100099,143.10390320193812,175.20738974181418,201.18288311056003,130.67496439658976,85.67883203329635,168.88952647438865,149.8560313028164,156.96668131920373,152.30315038348954
2004-12-20,143.68931384754887,143.6190772534651,175.5578045212978,204.1805080689074,129.96931958884818,85.77307874853298,168.4841916108501,148.04277332405235,157.8770880708551,152.37930195868128
2004-12-21,144.70950797586647,145.1701632878025,176.87448805520756,205.9772965399137,131.3989821043255,86.40779953127213,170.27012404192513,149.18270267864756,159.2032556106503,153.91833290846395
2004-12-22,145.60670692531684,146.78155210029712,177.38742407056765,203.62915535935872,131.79317905063846,86.67566370981909,171.2406637489641,150.59993835409472,159.34653854069987,154.73410007287882
2004-12-23,145.47566088908405,146.57605792735671,177.67124394908055,205.38036609544918,131.93815154759417,86.53698264788336,170.7269417577172,151.38305803353603,159.17125734830512,154.71862666287151
2004-12-27,145.5774938517064,145.87249284930542,176.49861373901663,201.53975324946427,131.38401131109427,86.67544182011999,170.57328751013526,151.15598344648572,157.8501359123142,153.96050539222347
2004-12-28,146.98959554206797,148.2064527348943,178.01650181717216,202.95053152221053,132.3036993902719,87.08281639667453,172.5348803165018,152.89427725612032,158.74988168701438,155.1613973342828
2004-12-29,146.73971322964644,148.23609402544128,177.55365891244753,203.96528417982154,132.42277271972313,86.83898451076384,173.12149890957792,153.15419752745575,158.98800650954493,155.02175207668193
2004-12-30,146.7543872009694,148.45844816647943,177.48263744888254,203.25140568519217,132.54195321517088,87.03003027668753,173.25999610870556,153.01635874968102,159.38547652581877,155.1922760039663
2004-12-31,146.68101000736894,148.19122295977976,177.1276721739848,203.94246046452182,132.44917384792026,86.8385642100788,172.79219411921204,152.45019822230722,158.6841804291052,155.06812218316313
2005-01-03,145.3608809173026,146.2350988167107,175.16155501285357,197.39590748361067,130.9922329355931,86.40437138902841,172.39477207273788,150.77324604186182,156.35152297679733,154.09119301340922
2005-01-04,144.75036521744994,144.18780743327673,172.35897013264793,196.07335490347046,128.16280070418432,85.28975499810994,170.4122321939014,149.32582287985994,155.27269746825743,152.2883260551523
2005-01-05,144.01213835484094,141.95289641806096,170.91115478353368,194.97534411601103,127.35537505974794,85.18740729211221,170.00324283663605,148.68372184147654,153.7510250330685,151.70963041614274
2005-01-06,144.30016263155062,142.42134097624054,171.6631638645812,198.0754520874556,126.820482484497,85.49408195836382,170.156245755189,149.73937626655103,154.33527892819416,152.5136914573483
2005-01-07,144.7907831844979,141.58105506448072,171.50866701710308,196.62950128721718,126.89657477398768,85.38293965181795,169.88399576198069,149.78429807943098,153.7951054519455,151.82737984579023
2005-01-10,145.87671405838165,142.04827254619352,172.5377190192057,198.06489664661387,127.20112655344525,85.51101406129568,170.3936477492666,151.02750775349026,154.88705070065433,152.29804472331222
2005-01-11,145.10356747387223,141.3806456652264,171.5370002488943,197.9460577086259,125.73831359808064,85.01505017974016,169.89950617079373,149.48702717440466,154.1745702674313,151.38425645497233
2005-01-12,145.13258818736702,141.57857856915774,172.8406814507859,201.23196226658905,126.55561263646815,85.15107426002774,170.86793335596727,150.3092058238639,154.65251143526035,151.23287219851736
2005-01-13,144.4940047993426,140.20526635703692,171.78635329393612,202.15762929301536,125.25208982631253,84.37619948426149,169.80855216916027,147.69382564252865,155.45670449472374,150.09862565702846
2005-01-14,145.38986762909852,140.66794373601513,173.53857409753425,204.0579110083697,126.06622841018356,84.75589238194067,171.25192486259812,148.55044983125535,156.57599276708575,150.89414837301075
2005-01-18,147.26539692151388,141.3009494828272,174.11125139205615,206.22092486505838,127.2008244658752,85.56107335956911,173.01581968868288,149.9171139697029,157.84425830849915,152.68978873864958
2005-01-19,146.9266865085944,140.0009807475852,173.22328400995667,204.96297722338156,124.69496822389745,84.4915599425745,171.40677256557814,148.95764444029683,157.4180788110662,151.285042682254
2005-01-20,146.3830577685126,137.59296387872675,172.2185889626989,203.15930302381577,123.02405564969723,83.95081395894202,170.25834718938876,148.45118844919983,156.945824574633,150.18066187067356
2005-01-21,145.76824892588485,135.90057042301842,170.8925058276861,203.11867116321102,122.18749207127928,83.9759992031297,168.6919703952464,146.92214120817306,156.56915459565388,149.59495728937793
2005-01-24,144.99567720657765,134.81336585963425,169.50827653048185,205.10923414061048,120.6601484203883,83.93401120352814,167.4605190113611,145.37945872548727,157.5555402696065,149.44536233208856
2005-01-25,144.86518109709175,135.68965273772187,170.59312950027694,205.80660553668858,121.28758119217433,83.74096297776003,168.14710713930768,146.7024117998892,156.49991814980012,149.8787538828516
2005-01-26,144.83620806087234,137.07368719564664,171.41197652187824,207.80292961039447,122.67025961776513,83.94194128890665,169.30732217856888,147.89070133546832,158.75351697115724,150.38834164605333
2005-01-27,145.61832358440105,137.07368719564664,172.3547423927486,209.4445727543166,122.98920229277131,83.10252187601759,169.764451948451,147.59491993279735,159.57903525940728,150.057487294432
2005-01-28,145.69113274619326,136.2786598099119,172.50986166090206,207.7899606295575,122.5587400847466,82.98617834539117,169.15329992143657,146.0304137815097,159.7066984876148,149.86241256094925
2005-01-31,147.04606028073286,137.8049807997829,174.01069745735188,210.0964291925456,124.05395671378052,83.17704655558556,170.96324023059591,146.22025331942567,161.47944284082735,151.69073399419284
2005-02-01,147.38426621937856,138.23217624026222,175.12436592107895,214.86561813521638,124.31447002287945,83.31012983007452,171.71547848761054,147.31690521932137,162.57750305214498,153.1621341139365
2005-02-02,148.12118755047544,139.08921573295186,176.3677489191186,217.52995180009304,124.55066751592292,83.7516735181739,172.7114282628387,147.99456298333024,163.3903905674057,153.08555304687954
2005-02-03,147.5583270377836,137.78177710506213,176.12083407063187,219.07441445787376,123.33007097426687,83.78517418758116,173.29864711893237,147.40258473139693,163.74984942665398,152.6262963877389
2005-02-04,149.94877193579572,138.8013622556396,177.42412824275456,220.67365768341625,125.4266821808294,84.80735331266965,174.63304670174816,149.00927290496915,165.63297269506052,154.24413512944892
2005-02-07,149.5888948831498,139.49536906691776,177.15799205039042,219.70269358960923,125.28871283043048,84.49356610541278,174.5981200924078,149.57550814200803,164.97044080428026,154.08989099431946
2005-02-08,149.9927848993343,139.04898388590362,177.40601323926097,221.6360772931978,125.73975219662003,84.39217382608628,174.02194629610287,149.72508365015003,165.49834621485397,153.96661908152402
2005-02-09,148.70284694920002,137.24134709538689,175.3835846883334,221.03765988450616,123.84108193845107,83.5313736530602,171.79446538351272,147.8235750877931,164.80325316075158,152.91964607176965
2005-02-10,149.26791776760697,137.65307113667305,176.73403829043357,225.85628086998838,123.89061837122644,83.33089835629286,171.9834392954346,147.92705159035455,165.21526129365347,153.36311304537776
2005-02-11,149.89484302223093,138.36886710658376,178.4660318656798,226.96297664625132,125.26580423514706,83.78088520741684,173.01533993120722,149.8205178507111,165.33091197655904,154.42131852539086
2005-02-14,149.71496921060427,138.3550302198731,178.7515775166649,228.6425026734336,125.67918138912306,83.53792064031533,172.94613379523474,149.67069733286039,166.81889018434802,154.34410786612816
2005-02-15,149.6999977136832,139.01913436492848,179.5023341422349,228.91687367664173,126.29500937792974,84.15610125305368,173.86274830434948,149.55096077499408,166.41852484790562,154.72996813579348
2005-02-16,149.80478771208274,139.04693819180144,180.27419417904648,235.18919601538175,125.89086534792038,84.2150105239308,173.75843065536688,149.0574426044366,167.6999474892345,154.29672422501324
2005-02-17,148.51646653775882,137.7538016666177,179.1745215945543,232.53155810040792,124.2542840983974,83.42338942500585,172.78538344369682,148.8487621847904,166.9956077097797,153.12406912090313
2005-02-18,148.39765336452862,138.00175850961762,179.51495318558398,237.90303709252734,123.94364838815142,83.15643457884583,172.76810490535243,151.0368389889068,165.22545426805604,152.082825450881
2005-02-22,146.08264997204196,135.9179319561224,176.42729599079192,235.66674854385758,122.55547952620411,82.28329201576796,169.4509572911697,149.2697079727366,161.2435208201959,149.7559582214825
2005-02-23,146.56472271694972,136.6926641682723,178.17392622110077,239.2017497720154,122.37164630691481,82.89218837668464,169.9762552587723,149.92649468781661,162.17873324095302,150.6844451624557
2005-02-24,147.61998872051177,137.44447382119782,180.29419594313188,244.7990707166806,123.5708884407226,82.79271775063263,170.99611279032493,151.03595074850648,163.60590609347338,151.63375716697917
2005-02-25,148.4909466539628,138.87389634893827,182.5298439728267,251.6779246038193,124.41117048211949,82.90034828370845,172.24438441369432,152.39527430524302,166.45264885949985,152.95297085433185
2005-02-28,148.1345683819933,137.48515738544887,181.0696052210441,250.99839420738897,124.10014255591419,82.80086786576801,172.0721400292806,149.77407558719284,165.3041255823693,151.92818594960784
2005-03-01,149.4233391269166,138.51629606583978,181.77577668140617,245.87802696555823,125.24186386742862,83.76135793301093,173.91331192759392,151.04715522968397,165.78350754655816,153.05245452563494
2005-03-02,149.36356979126586,136.8679521426563,181.48493543871592,248.9023266972346,124.9162350213733,83.96238519205015,173.8437466028229,151.0773646607299,165.93271270335003,152.94531780746698
2005-03-03,149.51293336105712,137.1006276612988,181.86605380313722,252.0882764789592,124.21670410525361,83.72729051351241,174.86942470777956,150.57880935734948,166.38073102764906,152.6853107671943
2005-03-04,150.49971872124007,136.93610690810524,184.55767139942364,255.34021524553773,124.80052261454829,84.04545421746376,176.04104985332168,151.13595095197167,168.92635621237213,154.53280302747734
2005-03-07,150.21376925566972,137.49754494642846,184.29929065946445,253.6039017818681,126.1858084155698,84.40684967059885,176.18188269320433,151.69515397049398,170.19330388396494,154.91913503504603
2005-03-08,149.32750801706126,136.26006704191062,183.5989533549585,253.45173944079895,125.07537330151277,83.6809507634317,175.3185914680076,150.76981353127397,169.3253180341567,154.37691806242339
2005-03-09,147.98356044490774,134.51593818377415,182.2954007861383,246.0762938230717,124.67513210694794,83.21233743915647,174.17902062346556,149.86519465008632,166.3959900321658,152.72508503915543
2005-03-10,148.36831770206447,134.70426049723145,182.14956446550937,241.696135793021,124.92448237116183,83.09584016674165,174.26611013377732,149.97010028634136,167.17805118531697,153.16798778576896
2005-03-11,147.89353908541787,135.05449157452426,181.74883542368525,243.75055294726167,123.42538858270788,82.78838555812472,173.84787146945624,148.59037536370704,166.05795824237535,152.11112867004718
2005-03-14,148.470323887851,135.82430217649903,182.60305495017656,245.09118098847162,123.77097967073945,83.27683703291765,174.35203029671763,150.67064061879893,168.831126145023,153.08463989353547
2005-03-15,147.87644259229958,134.62904831734585,181.92742364686092,241.68441357273184,122.76843473540646,82.92707431737941,173.53257575432306,148.907794123559,167.85190561338186,152.2579828381104
2005-03-16,146.7525816285981,130.38823329534947,179.8170655325573,242.1919508412346,121.49164301415824,82.69487850929073,172.30049446646737,147.80587644704465,166.32445327230008,150.85720939599977
2005-03-17,147.0020610173667,129.30601095899806,180.50037038158104,246.96313227280692,121.39444969974691,82.87680724201117,172.8690860982067,147.74675409646585,167.3889297732428,150.67618074472458
2005-03-18,146.56105483431463,128.55603609543587,180.6447706778863,250.42061612462624,120.60538577669857,82.74420435042396,171.97016685049604,147.80585279810444,167.00393523476436,150.38989600130958
2005-03-21,145.7110007162756,129.14739386147488,179.813804732768,248.4422932572417,120.85865708682964,82.56216710085302,171.14471004961365,147.6137051894669,166.66992736429484,149.48755662530172
2005-03-22,144.9095902123361,128.0367262742662,178.8967543286309,244.66597039973163,119.72258571021344,81.58793352906295,170.80242062951442,147.2889550380501,163.68653566447392,147.61896216748548
2005-03-23,144.9530630893998,126.34664148744588,178.28850536391354,240.3109161266164,120.15358701877021,81.84901491635596,170.5291367565072,148.99750691649146,162.49162395412327,147.24991476206677
2005-03-24,144.76462410738358,127.31951062689922,178.627253524105,238.8690506298567,120.20164845357772,81.52980375818217,171.17714747618194,149.16140417409963,164.18153684324614,147.0732148643523
2005-03-28,145.5608295399742,126.23729478657057,178.21641084099954,238.55852086403792,120.24972911295914,81.95375873772471,172.20421036103903,148.84816522533401,164.34571838008938,147.70562968826903
2005-03-29,145.25515179794027,124.77294216704635,175.34712662645947,235.29026912820058,119.32380619878936,81.50301306466723,170.8265766781507,148.16346366529746,162.30783147217628,146.62737859154464
2005-03-30,146.98368810433576,126.44489959208478,178.1000765144949,238.72550705747227,121.26878423982961,82.49734982405616,172.73983433694602,150.1044050393129,164.5476795464923,148.48954629965726
2005-03-31,146.85140278504184,126.457544082044,178.52751669812966,242.35413476474585,120.92923164395808,82.78609054844037,172.4634506020069,149.0536742040377,166.30833971763977,148.31135884409767
2005-04-01,145.82344296554658,125.38265495734662,177.70629012131826,247.9040444508585,120.08272702245037,82.34732426853364,170.0489622935788,147.78671797330338,166.99020391048208,146.62060935327497
2005-04-04,145.80886062125003,124.9062008685087,177.937308298476,246.61494341971402,120.45498347622,82.82493874929114,171.29031971832194,148.17096344003394,167.2740872571299,147.3976985828473
2005-04-05,146.6108093546669,125.2934100912011,178.52450141586098,243.38428766091576,120.47907447291524,83.27219341853731,172.814803563815,150.86767497464257,168.1606399195927,147.9283302977456
2005-04-06,146.14165476473198,125.89481845963886,179.0065175696838,247.4974821223852,120.2501642314167,83.06401293499097,172.50373691740012,151.38062506955637,167.89158289572134,148.50525078590678
2005-04-07,146.7700638802203,126.88938752547001,180.56387427254003,246.77973942423029,121.54886600511598,83.6122354203619,172.60723915955055,152.84901713273106,168.81498660164783,149.12897283920762
2005-04-08,146.13895260553537,125.15100291637107,178.81240469209638,242.63383980190318,120.56432019047453,83.15236812554991,170.84664532012312,151.62622499566922,167.48134820749482,147.93594105649396
2005-04-11,145.87590249084542,123.2361925717506,178.81240469209638,243.89553576887312,119.87710356538884,83.00269386292392,170.60746001667496,151.5504118831714,168.8379471279755,147.9507346505996
2005-04-12,146.86785862778316,123.45801771837976,179.49189182992635,241.31024308972303,120.3566119796504,83.48410948732888,171.66522626877833,152.535489560412,170.30683726798887,149.45983214403572
2005-04-13,146.23632683568368,119.84069779923124,176.31488534453666,235.27748701247995,118.37072788198617,82.71605568004546,170.25757141337436,153.35918120403824,168.96141325357178,147.3524485108048
2005-04-14,146.0608432434809,116.01777953943575,173.10595443126607,234.14815507482004,116.79639720115576,82.21148774039719,168.2144805564139,153.31317344967704,167.05214928380641,145.37792570076002
2005-04-15,144.14744619699127,113.3145652761669,169.74769891529954,224.85247331834967,113.35090348372165,80.71523866352194,165.13615556223152,155.24491943514295,164.1287366713398,143.72061734777137
2005-04-18,143.23931728595022,114.22108179837625,170.44366448085228,228.8548473434163,113.47558947755377,80.5215220907295,165.99486357115515,154.31344991853211,165.12992196503498,144.48233661971457
2005-04-19,144.2706403704091,114.87214196462699,172.16514549210885,234.41602013386134,114.8599916691799,80.7550345047926,166.42645021644014,154.34431260851582,167.32614992716998,145.17585183548917
2005-04-20,142.29413259733448,113.2294703345328,169.7204004261209,229.4229589050101,113.90665373832572,79.94748415974469,163.74698436795546,152.61565630730044,165.75328411785458,142.95466130240618
2005-04-21,144.8981152238657,116.66032328566915,173.45424923549558,236.8333204776419,117.31246268510165,81.51445484927568,166.25231322878517,154.7064907987105,167.99095345344563,144.7558900348165
2005-04-22,143.7823997366419,115.28373147089826,171.5809433437522,237.5911871031704,115.69355070004723,80.9275507743609,163.50915006051022,154.16501808091502,168.6629172672594,143.59784291453798
2005-04-25,145.5221667734553,115.64111103845805,173.09085564517724,240.86994548519414,116.63066846071762,81.34028128331015,165.25869796615768,154.334599600804,170.07968577230437,145.36409638238678
2005-04-26,144.64903377281456,113.76772503963501,170.37332921154794,237.28098329746473,115.31274190711152,80.52687847047704,164.39935273673368,153.90246272192175,168.17479329165457,144.44830257517776
2005-04-27,145.38674384505592,113.40366831950818,169.96443322144023,232.08452976325026,115.65868013283284,81.39656875795819,165.04051021240693,154.4411213414485,169.0493022167712,145.7194476378393
2005-04-28,144.51442338198558,111.9747820986824,168.23079600258154,225.67899674178454,114.24764423521229,80.6314410116334,162.9609997837306,152.91215424016815,167.89976696169714,144.02910204524036
2005-04-29,145.4104128069539,112.4674711399166,170.16545015661123,228.72566319779867,115.48151879295258,81.1152296577032,163.35210618321156,154.91530346071437,169.83061428175668,145.90148037182846
2005-05-02,146.0211365407431,113.6708730811137,171.40765794275453,232.77410743639973,115.77022258993497,80.76643417017509,165.001962455662,155.34906631040437,170.83261490601905,146.5434468854645
2005-05-03,146.85345701902534,113.83001230342727,171.45908024013735,227.37374814387525,116.2680345470717,80.8229706740942,165.74447128671247,155.87725313585977,169.6709531246581,146.39690343857902
2005-05-04,148.263250206408,119.41906590752554,173.70519419128317,229.98854624752983,117.69813137200067,81.81709321338555,167.26932042255024,157.2957361393961,170.53627498559388,148.768533274284
2005-05-05,148.24842388138737,117.3889417870976,172.9235208174224,232.33442941925463,117.41565585670787,81.30164552614121,167.70422065564887,157.04406296157305,169.8882371406486,148.21808970116913
2005-05-06,147.83332829451948,117.78806418917374,173.4941684361199,231.75359334570652,118.0144757015771,81.12278190598371,167.87192487630452,156.41588670972675,169.76931537465015,147.93647533073693
2005-05-09,148.3803116092092,118.6361382513358,174.11874744248993,234.4882857471859,118.45112926167293,81.44727303360764,169.41634658516654,157.21360773194638,171.09351603457242,149.00161795311823
2005-05-10,147.40100155258838,117.48536771029782,172.2556768448553,230.94751263240337,117.07709616223751,80.86899739506903,168.12878235111924,156.45898241483303,170.23804845439955,147.15399789049957
2005-05-11,147.71054365584882,117.10941453362487,173.22030863518648,232.33319770819782,117.76785102959472,80.61021660340482,168.46503991582148,157.11611014097534,170.95304825790802,147.875052480163
2005-05-12,147.10493042685985,115.02486695492632,170.82986837602093,222.3428702067453,117.68541353387401,80.38450799691527,166.94885455657908,156.55049214446782,169.07256472707104,146.26321440812922
2005-05-13,146.45766873298166,114.9328470613624,168.9849057975599,218.25176139494116,119.26239807522794,80.11120066972578,165.89707677287265,155.8460149298177,166.3843109479106,145.09310869286418
2005-05-16,147.93689118718478,116.46145392727854,170.6747548555355,216.81129976973455,120.33575965790497,80.40761211220375,168.4684814628522,157.52915189105974,167.39925524469285,147.3275425667343
2005-05-17,147.9516848763035,116.7875459982749,172.43270483054752,220.73558429556672,120.97353918409188,80.76944636670866,170.35532845523613,157.49764606068152,169.52522578630044,148.29990434767475
2005-05-18,149.19447902926444,120.7349650530166,175.58822332894653,220.55899582813026,122.72765550226121,81.24598610027225,173.57504416304008,158.09613711571214,170.050753986238,150.13882316158592
2005-05-19,149.89569308070196,121.83365323499906,175.51798803961495,224.7496167488647,123.72174951182953,81.98532457378474,174.5123494015205,158.34909093509728,170.64593162518983,150.45411469022525
2005-05-20,149.76078695692934,123.35657390043654,175.13184846592782,222.43469569635138,123.94444866095083,82.0673098983585,173.70959259427352,158.00072293504007,170.5947378457023,150.42402386728722
2005-05-23,149.91054774388627,123.8500001960383,176.27020548095632,225.9046769492145,124.489804235059,82.1986175941959,174.85607590539573,158.5221253207257,170.4241431078566,150.7399143174085
2005-05-24,150.06045829163014,122.53719019396027,175.9529191110906,227.5763715586387,124.92551854988172,82.17395800891764,174.3664788928606,158.75990850870681,170.52639759372127,150.64947036881807
2005-05-25,149.56525877926777,121.99802655710685,174.33415225526858,230.034196371472,124.30089095713231,82.00139269709891,173.5295197941749,157.77559707595285,170.44113439492443,149.76063849364203
2005-05-26,149.81951971919253,123.36440445454646,175.8334259646639,231.94348020135521,125.80493173771362,82.45240035693296,174.39716739314574,158.5013648225022,171.1569871593831,151.00365179313926
2005-05-27,149.72962800736101,123.41375021632828,176.02684273322504,235.42263240437552,125.7671902581923,82.55958847739697,174.55412484379954,158.16851195637497,172.30373897335096,151.2603580011876
2005-05-31,148.80130431371538,122.37707471451111,175.1291058352856,233.56279360838093,124.96228024053988,82.336677588508,173.87336375690873,157.23531773583235,172.64834645129767,150.6099384617825
2005-06-01,149.53043070485253,122.36483700703967,176.95044853597258,238.04719924566186,126.18691058689717,82.37784592730225,175.6468720672292,158.17872964224736,174.72012660871326,151.99554989563092
2005-06-02,150.21827068609485,122.89100580616994,176.63193772860782,238.1662228452847,126.83046383089037,82.81444851071697,177.38577610069478,158.32109049892534,174.6327665454089,152.07154767057872
2005-06-03,149.21180827249802,121.49004833997961,175.57214610223616,238.64255529097528,125.24508303300424,82.66538250339768,175.4345325635871,156.9436970115847,174.77247275864522,151.28077562269172
2005-06-06,149.22672945332528,121.31996227230364,175.92329039444064,239.78803955637193,125.25760754130752,82.3595205881351,176.57485702525042,156.8338364236766,174.85985899502455,151.58333717393708
2005-06-07,149.64456429579457,122.50889790257222,176.34550629138727,238.13350208343297,124.73152558963403,82.51600367725256,176.9103492535984,156.80246965639185,175.13963476941657,151.67428717624142
2005-06-08,149.58470647007624,123.47671819600254,175.83410432314227,237.51435497801606,124.60679406404441,82.54075847835574,175.74274094852464,155.84597459148787,175.2797464772321,151.31026888701845
2005-06-09,149.85395894172237,123.32854613416735,175.93960478573615,244.18850835289828,125.66595181358878,82.57377478174708,176.7269002978364,156.6252044644453,176.01592141243648,151.90037893567782
2005-06-10,149.68911958688648,125.03048007081887,175.81644706238612,244.28618375623944,124.7108905798055,82.92058463583042,176.69155491777684,156.46857925998086,176.63197713738,151.41429772308365
2005-06-13,149.91365326626683,125.7806629512438,176.09775337768593,245.11675678101068,125.18479196400875,83.54248902059915,177.15095296056305,156.92233813983478,177.60345301163562,151.6414191696683
2005-06-14,149.71876551702067,127.69252902810271,176.53799776113016,246.24429386220334,124.79671910892034,83.5759060162074,180.00308330322812,157.9266411039297,178.08298233476702,152.0811792852603
2005-06-15,149.50915924529687,128.27991466163198,177.24414975217465,249.2484742473222,125.30838565726692,83.3753238417685,180.41709039482555,157.56340982939068,177.47750019482882,152.44617411554492
2005-06-16,149.8829321434101,128.8956582520078,178.16581933088597,253.01212620845678,125.80961919989599,83.1251978702432,180.81400799369416,158.80816076704286,177.61948219498467,153.02546957718403
2005-06-17,150.13773312805392,129.0632226077354,178.86066602627645,257.00971780255037,125.77187631413602,83.15844794939129,180.34389157291056,159.55455912264796,179.28910532761753,153.69878164332363
2005-06-20,150.19778822130513,128.76637719573762,178.0557930291582,257.34383043569375,125.58321849966482,83.61581941311294,180.16354768133763,159.68220276994606,179.48632334347792,153.51434310535163
2005-06-21,149.8823728660404,129.4102090817163,177.66407028449404,251.88814123045705,126.02275976441366,83.5071188478759,179.87528600504749,158.9476646372043,179.23504249079704,153.69856031707806
2005-06-22,149.77745520503416,127.98669678181741,177.7173695055794,252.5934280259023,126.2496007319896,83.52382027164548,180.43289939166317,158.50261117622014,180.5434583009799,153.65245074898294
2005-06-23,148.2347474164223,125.8237216062047,174.96275027824294,251.2799422001676,125.08810440525531,82.65517254082036,177.9429253800582,157.29799133128083,180.94065390924203,151.70106462447086
2005-06-24,146.53004782113345,124.32641931909086,172.65324197457014,249.21944667412626,123.29934451226016,82.38241047143566,176.00334749341556,156.79463775902073,179.7283515280501,151.3521521758346
2005-06-27,146.4567827972229,123.35667324840193,172.35973146321334,253.48109921225378,122.41158923177188,82.1435014810685,176.0561484976636,156.24585652686417,180.55510194507914,151.36728739105217
2005-06-28,147.99457901659372,125.81147104604513,175.01407132774685,250.43932602170673,123.75811671332137,82.8499355938057,179.1371310963727,158.04268387692312,182.18009786258483,153.213968297223
2005-06-29,147.21020774780578,126.11341857655563,174.6290403708258,249.1871293915982,123.90662645337738,82.85822058736507,178.7967705472896,157.44212167819083,181.9614817451497,153.59700321796606
2005-06-30,146.32694650131896,124.95317512565131,173.09230481556253,247.01920136589126,122.90298277910503,82.5019302388394,178.0994631421552,156.29279418994005,182.27081626411646,152.75221970026723
2005-07-01,146.86835620337385,125.64041758884241,173.33463404230432,252.4289218758043,123.02588576188411,82.64218352024544,178.4378521221253,156.07398427807414,184.2028869165161,153.08827458360784
2005-07-05,147.38239545008565,126.79630943065978,174.32264145634545,260.10276110082873,124.2069342651982,82.95622381762237,181.64973346032355,157.07285777745378,184.95811875287382,154.09865719585963
2005-07-06,145.83488029785977,126.22572603822182,172.9803571171316,255.75904499044486,123.88399623610869,82.54973832091602,180.03305083252664,155.8948113441229,181.98029304095255,153.26652444700198
2005-07-07,145.5869610013534,125.84704886010715,173.46470211705955,258.6491221988369,124.35475542180589,82.31859905361746,180.48313345960796,156.2845483724832,183.5453235611047,153.51175088611723
2005-07-08,147.5232675826714,128.08712632981707,176.1707514700857,257.6403906222614,126.51852816614533,83.33111782197695,182.6308827477773,158.59755968839593,185.39913132907188,155.20038014586447
2005-07-11,148.31989322761785,130.0340506500303,178.2143321871387,259.3923452784928,127.92288382878955,83.69777474039365,183.83624657391263,159.23194992714951,186.7525449877741,155.97638204659378
2005-07-12,148.31989322761785,129.60493828288523,177.91136782242054,261.1821524609144,128.5752905363164,83.78147251513404,184.88411317938395,159.61410660697467,187.29412736823863,156.02317496120776
2005-07-13,148.70552495000965,129.60493828288523,178.1426526005897,260.03295099008636,129.08959169846165,83.88201028215221,184.36643766248167,158.752190431297,187.46269208287003,156.22600508865733
2005-07-14,149.5234053372347,131.23796050524956,178.60582349735122,253.89617334672033,129.8512202894826,84.12526811197044,184.60611403144293,160.1492097070924,185.4943338159999,156.58532490036126
2005-07-15,149.73273810470684,131.86790271567475,178.42721767385385,252.70286133199073,129.9680863877431,84.11685558515924,185.56606582440645,160.78980654592078,185.3273889155655,156.88283701767193
2005-07-18,148.7295287594053,132.21075926273548,177.9989923514366,251.48988759759717,129.22726829533298,83.27568702930765,185.91864134947284,159.6964358614085,184.9011359210597,155.69052745633763
2005-07-19,149.4285575445745,133.4006560961001,179.99258106577273,256.117301529393,131.41120912952408,83.31732487282231,187.07133692583955,160.17552516899272,185.82564160066497,156.18873714419792
2005-07-20,149.772243226927,133.58741701463467,182.33248461962773,256.8600417038282,131.27979792039457,83.40064219769512,188.02540074416135,162.72231601917971,186.56894416706763,157.00091857734776
2005-07-21,149.27799482427818,131.5969645011166,181.1837899665241,253.77772120338227,130.87283054684136,82.95861879404734,185.82550355545465,161.38799302782243,183.58384106039455,155.94901242287952
2005-07-22,150.38265198597784,131.74172116206785,182.47019487528644,261.4164306116041,130.5194739043649,83.50614567808805,187.01478677820955,160.8715514501334,185.76848876901326,156.9938708061128
2005-07-25,149.75104484763676,131.00396752356025,181.43011476449732,262.85422097996786,129.90603237701436,83.2806790847572,185.93010101489594,159.68110196940245,185.41552864035214,156.08330635543734
2005-07-26,149.97567141490822,131.60658577416862,181.19425561530346,261.750233251852,130.4906095227109,84.02187712861154,186.48789131794058,160.17611338550762,185.54531951040036,156.41108129878376
2005-07-27,150.09565195204013,131.7513530185202,181.9371520633262,262.8495842315098,131.16916069222904,84.88730246303624,187.3643844071349,162.0341563007795,186.3617189162461,156.5987745963423
2005-07-28,151.26639803726604,132.79218870736653,183.86568587519747,264.7683861963999,131.33968060112895,85.60884453397203,189.3317104434098,162.84432708228337,187.79670415190122,157.74194565089562
2005-07-29,150.28316645002383,131.7696888543198,183.18538283745923,261.59116556204305,130.4728387091615,85.0866305823148,188.4986509174588,162.11152761041313,187.74036514065565,156.44846169655827
2005-08-01,149.78723200073873,132.15182095199734,182.9289233014868,264.1024407514387,130.9555882123854,85.01005261479072,188.46095118727533,163.0517744705535,185.99437974484755,156.65184469676382
2005-08-02,150.4313170983419,132.50863086856774,184.41064758022884,267.69423394565825,132.54015082975525,85.17157171475883,188.91325747012476,163.7528971007769,189.8258639675914,157.45076910471732
2005-08-03,150.85252478621726,132.07135238670145,184.02338522031036,266.0345296951952,132.89800923699556,85.52077515878933,188.08203913725623,163.76927239048698,190.54720225066825,157.4980043354487
2005-08-04,150.15860317220066,131.22609573142657,182.18315136810725,265.9813227892561,131.595608746473,85.28131698834471,185.14795932671504,162.0333181031478,189.13715295401332,156.44276770640118
2005-08-05,148.76212816269918,129.06086515185805,181.30867224154034,264.0928553974524,131.10870499411104,84.7355165596193,183.55568687650526,160.73705155832263,185.9029076384997,154.87834002933718
2005-08-08,148.19683207568093,129.26736253610102,181.36306484321278,267.6316996597783,130.41382885764224,84.36268028675698,183.1335087966893,159.78870295412852,182.5938358825344,154.2433388352169
2005-08-09,148.8044390871912,130.24979449137538,181.78019989235216,267.8725681894721,131.07893938481624,85.09663560525176,184.4520700600255,161.24278015101112,183.98154903524167,155.1687988682282
2005-08-10,149.04252618973072,130.0153448612909,181.78019989235216,272.5335508759689,129.6108552637063,84.84985536199655,184.3598440249955,161.0009159807846,184.4047065980227,154.9515625498127
2005-08-11,149.77283456806038,130.28837708549963,183.27079753146944,275.4769132254293,130.56997559265776,85.30804458095133,185.07884741669298,162.24062303383667,185.8061823681677,156.14468958144627
2005-08-12,148.99401582830646,129.54573333611228,182.09786442726806,275.33917476881663,129.26427583673117,84.91562757587894,184.37554779650955,161.18605898411673,185.41598938519454,155.3951950714553
2005-08-15,149.70918710428234,129.67527906944838,182.86267545786257,272.69591869103596,130.05278791933523,85.31473102548559,185.35273819983107,161.65349855517067,185.89807095759602,155.9390782542054
2005-08-16,148.6312809571315,127.95059785782472,179.95515891808256,266.5329909286186,128.40111751275967,84.71752790830718,181.1266957688749,160.40876661629585,183.16536931451935,154.7227534438226
2005-08-17,148.91368039095008,127.83544231975267,180.2250916564597,260.61595853000324,129.53104734687193,84.92932172807795,181.92365323025794,160.61729801289704,182.34112515260404,154.76917026985575
2005-08-18,150.0603157299604,127.89936004091255,179.8285964548155,260.1729114005022,128.68909553911726,84.4452245942279,181.63257538508952,160.6654832023009,182.99755320315342,154.69178568472083
2005-08-19,150.33042429827432,128.51327696910892,180.61984227921667,264.2576261094901,128.66335772000946,84.40300198193079,180.30665758477838,159.79788959300848,184.33343534153644,154.80006993470013
2005-08-22,150.34545734070414,128.7060468845626,181.17976379028227,265.31465661392804,128.94641710699347,84.54648708530009,180.39681091357076,159.82984917092708,185.6606360759955,155.14063008855646
2005-08-23,150.10490460895903,128.43576418610502,179.98397734926638,264.83709023202294,128.84325997330785,84.52112313917449,179.9999379295609,159.14258081949208,186.68176957441352,154.39595506413139
2005-08-24,149.384401066836,128.3201719983375,178.56210392820716,265.9758897200207,128.3923085634013,83.68436402009665,178.12793857509348,158.74472436744335,186.17772879656258,153.23798540115038
2005-08-25,149.71304674918304,128.3073399811377,179.0263653984205,266.4014511435727,128.67477164224078,83.54210060126249,178.76919915396383,158.98284145399452,187.57406176253681,153.57510896903293
2005-08-26,148.88962499206255,127.12691245331122,178.11333093488855,263.0447928591637,128.13433760134336,83.23299482903782,177.60719935946307,158.23562209916076,186.54240442284288,152.34650809728066
2005-08-29,149.82762962951256,126.94893477587658,179.52042624927418,265.1228467227511,129.08253169959332,83.54928020938817,178.51299607619634,159.9603903800416,187.73627581114906,153.13870993938653
2005-08-30,149.13842253321678,126.66964711936966,178.64077616065273,269.1262017082646,128.9018161552139,83.47408585719973,176.31728622445914,159.5284973260155,187.83014394905462,152.32707477670778
2005-08-31,150.3911852824958,128.01234537883497,180.6772810088842,276.82321107712096,130.01037177414872,83.98327778092863,177.95703698634665,161.60236779125367,190.08410567644327,153.85034552447485
2005-09-01,150.0001682007613,126.65541451781932,180.93022920229663,284.57426098728035,129.60733962164886,83.71453129202966,176.37321935716815,161.7478099222658,192.70726633477818,153.98881083544686
2005-09-02,149.8051679821003,126.26278273281409,180.45981060637067,279.16735002852204,129.3092427405191,83.36293026060314,175.7030011236109,161.42431430242127,192.0906030825069,153.80402426244433
2005-09-06,151.21333656113205,127.42440033395599,182.37268459879817,280.5911035136675,130.95147012332367,84.32160395860008,179.25220174630786,163.87796387981808,194.22280877672276,155.69581376087237
2005-09-07,151.6367339035032,128.2271740560599,182.91980265259454,281.76958614842493,131.22646821058262,84.15296075068288,180.77584546115148,164.61541471727725,193.9897414061907,156.11619245802672
2005-09-08,151.1818237017927,126.84232057625444,181.96861967880108,281.9950018173437,131.1739776232984,83.71536535477934,179.31156111291614,164.12156847312542,192.6706111646286,155.33561149573657
2005-09-09,151.66560553763844,127.32432139444421,183.5699435319745,289.74986436732064,131.63308654497996,84.1088275719468,180.53087972848394,164.8929398449491,195.19459617088526,156.28315872586057
2005-09-12,152.16610203591264,128.1646619156475,183.6066575206809,285.171816510317,132.05431242192392,83.97425344783169,181.5599057429363,164.43123961338324,194.66757076122386,156.54884009569454
2005-09-13,150.76617389718226,127.0880787555561,182.24796825502787,282.4056498901669,131.9354635407442,83.60476673266123,178.92728710966372,162.68826847348137,193.59689912203712,155.37472379497683
2005-09-14,150.2234156711524,126.97369948467609,180.99045727406818,285.37090921401364,130.66888309075304,83.11149860893853,177.2990487969658,162.00497774589275,194.31320764878868,154.83091226169444
2005-09-15,150.8393316754041,125.99600199864409,180.8818629997037,285.399446304935,130.06780622853557,83.0117648106078,177.1394796530485,161.7943712748231,195.47908689468142,155.1870233598963
2005-09-16,151.38235326943555,126.36139040444014,181.71391956950237,289.22379888542116,130.8482130659068,83.61775069372524,177.4229028204934,162.81367581385447,197.31659031149144,156.76993099816724
2005-09-19,150.44378267916508,124.55442252165665,180.1330084692477,296.07840291900567,130.05003896620477,82.84846738734298,175.48899317975003,161.57629187766918,197.35605362955374,155.45306357778264
2005-09-20,149.22518803946383,121.82668066843236,178.56585129556524,293.9170305776969,129.4908237986501,82.21053418846043,172.36528910115047,160.83304093503187,196.29033093995415,154.38043743909594
2005-09-21,146.79281747442056,120.93734589955281,176.47663083540712,297.85551878743803,127.8980866659267,81.30621831238736,169.5729714177118,159.65895973620613,193.8759598693927,152.49699610233898
2005-09-22,147.32127161732848,121.33643914102134,177.44725230500188,296.33645564162214,128.0515643699258,81.34687142154354,172.4726692289547,159.56316436036442,192.36372738241144,153.2289816836302
2005-09-23,147.8221639408274,121.97952226846877,178.4587016431404,291.23946860458625,128.53816031453152,81.6397201586611,172.83486183433547,159.2440380316437,192.80616395539096,153.91851210120652
2005-09-26,148.02911497034458,121.9307304595614,178.6906979552765,296.30703535830605,128.42247597024846,81.6397201586611,173.38793339220538,158.60706187951712,193.98228155551885,153.87233654757617
2005-09-27,149.2281508016044,121.18695300375808,179.35185353771104,296.36629676537774,128.02436629474067,81.37847305415339,173.4226109788838,157.65541950824002,194.60302485649652,154.07237058508804
2005-09-28,149.3326105071655,121.05364735545395,179.35185353771104,299.1225033252958,128.37003208373648,81.85046819786747,172.31270626861897,157.79730938579743,196.45175359263325,153.74881860685934
2005-09-29,150.3331389975635,121.35628147384256,180.46383502964486,301.5753078525632,130.10302751686694,82.18605511747873,173.7429017306485,158.302260775832,198.76988428502634,155.6399290757237
2005-09-30,150.9495048674535,122.4848948915493,182.2684733799413,296.90089058084845,130.87063537921642,82.72848308125408,174.75061056068625,158.49222348876302,198.3922215048848,155.73331303316914
2005-10-03,150.9495048674535,122.9993314500938,181.9768438225334,296.12894826533824,131.10620252289905,82.40584199723719,174.80303574385445,158.66656493460067,200.67373205219096,155.57757972013596
2005-10-04,150.54194120431137,121.72013840301284,179.9569008561033,286.09017691914323,129.65092367489487,82.1009403818474,174.20870542232535,159.2218979118718,197.08167224845675,154.09959271279467
2005-10-05,149.30749728643602,117.83726598795671,176.37575852906681,275.6478854615945,127.64133435793399,81.05004834495975,172.0310966045463,156.38774812904046,190.87359957263035,152.574006744938
2005-10-06,149.11339753996367,117.05954003243619,175.08821549180465,268.83938269069307,126.49256234871258,80.50701302104851,172.4783774557181,154.71439922405972,188.01049557904088,152.89441215910236
2005-10-07,148.75552538586777,116.91906858439727,176.27881535714891,274.7807330481574,126.8846892919936,80.29769478719379,172.8578298861207,154.420441865534,190.15381522864197,153.56714757260238
2005-10-10,147.65473449801235,112.96720406624463,175.097747294256,270.32928517277725,125.86961177765762,80.11301008918325,172.30468483048512,154.28146346785502,186.788092699095,152.6457446871668
2005-10-11,147.2560667148677,112.47014836835316,174.66000292602038,276.49279287471654,125.10180714581392,79.13563136609521,171.908384055375,153.2477776626204,186.82545031763482,151.7298702190438
2005-10-12,146.38725592125,112.30144314580063,173.99629491490148,271.90301251299627,124.00091124293075,78.38384286811731,170.30963608366002,153.09452988495778,183.48127475694915,150.6677611275105
2005-10-13,145.75779072078862,113.18862454665246,173.8396982494781,264.9966759951662,124.68291625476688,78.0467923437844,170.56510053778553,154.45707120093388,179.57312360462615,150.92389632142724
2005-10-14,147.0696108372757,113.9583071935697,175.54332729232297,268.57413112110095,125.3686722941681,78.41361226780019,172.39014711353983,155.3220307996591,181.548427964277,152.65952112912368
2005-10-17,148.81973920623926,115.40557769492803,176.05240294147072,271.9044503470026,125.6570202404447,78.06859237382187,173.11418573141668,154.98032233189986,183.69069941425548,152.81218065025277
2005-10-18,147.5994173447481,113.60525068288716,174.1862474702911,259.6143691913181,125.26748347769932,77.33474760550796,171.72927224556537,154.59287152607013,180.05362356585323,151.6813705134409
2005-10-19,148.52929367402,114.99123474121838,176.01520306872916,264.1056977783279,127.10891548482148,78.0539607582392,175.7477372161116,156.0305852312626,180.9178809589693,154.50264400499088
2005-10-20,147.20738296032124,114.12880048065924,173.95582519282502,252.3001730876367,125.83782632997327,77.32805892318757,174.37690486582594,152.72273682435983,176.34065857070738,152.86491597853797
2005-10-21,147.1926622220252,113.6380466385924,173.52093562984297,254.34380448964652,126.70610733165006,77.95441620046539,174.88259788993682,151.6231331192244,178.3862102101276,153.5833810836371
2005-10-24,148.64986957802327,116.62672726518738,176.6096082840542,262.8643219400497,128.41663978062735,79.29523215911341,177.45337207891887,153.29098758353587,183.09560615967496,156.30180692881748
2005-10-25,148.35256983886723,116.26518441066531,176.22106714582927,267.99017621788073,127.3636233344262,79.54104737880667,175.37716762559552,153.22967118850246,183.5167260538422,155.41088662932322
2005-10-26,147.90751212935064,115.78849715458159,175.69240394439177,265.1226813323494,127.12163245009079,79.29447013193236,173.74615996667748,152.4175539312034,181.27782199598533,155.03790050141285
2005-10-27,146.2065757398631,112.76641737884701,173.3732642123258,258.9983473935721,125.35464175903452,78.61253768879773,170.21911291935393,150.344675197739,178.9755936566363,154.09216930835424
2005-10-28,148.38505371838707,114.13089102913105,176.4939829681477,264.9035097141455,126.58311724827307,79.58733315613883,173.74264855678456,152.10370789755257,182.80567136088834,156.58846245114958
2005-10-31,148.7115008365675,116.11676853303794,177.71179145062789,266.7313439311731,128.53249725389648,80.23199055470356,177.47811550075545,153.33574793152275,184.8165337458581,157.6689228420625
2005-11-01,148.35459323455976,115.87292331911856,177.2852831511464,268.14502005400834,128.1340465124094,80.4646633273122,176.5729771117016,152.6457370658309,181.19412968443928,157.400885673231
2005-11-02,149.39307538720166,116.88101775199489,179.3417924356997,272.40852587286713,129.86385614032693,81.45437868623813,178.9390550049984,153.31737830892052,182.40813035332502,159.44709718698297
2005-11-03,149.54246846258886,116.6823200218165,179.7542785583018,277.55704701186426,131.18846747295828,80.54208964495227,180.2095222955339,154.78922514068617,182.71822417492567,159.43115247726428
2005-11-04,149.10879530404736,116.78733410983611,179.48464714046435,270.9511892929819,131.83129096357575,80.63874015252621,181.07452800255246,155.5167344988474,182.1883413248184,159.6862423212279
2005-11-07,149.60085432855072,118.20046085256513,180.2025857290262,266.42630443178905,132.45089803110454,80.48552654623641,182.17908262336803,155.7189062536959,181.31383728645923,160.7242028963159
2005-11-08,149.04733116753508,116.53383435454397,179.5898969375475,268.9573543238911,132.09328060642056,80.54186641481877,180.15689480624866,155.54761545681686,180.96934099561497,159.7277128383587
2005-11-09,149.18147376558585,115.53164337909487,179.76948683448506,266.8056954893,132.08007127835992,80.75932945413878,180.4631615274193,156.12314163400708,182.3628049212812,160.33467814714447
2005-11-10,150.8075518296307,116.22483323936945,181.0638271396934,259.3351360155996,133.11029583433114,81.55884681573475,183.33252579570524,157.57508685120337,181.1227378478165,162.7877987227958
2005-11-11,150.89803636072847,117.17787687193228,181.9329335099639,261.02081439970095,133.44307157391694,81.54253504637161,183.68085759471708,157.8429644988504,179.80054186152742,163.5040650371761
2005-11-14,150.46043205528235,116.74431872750613,182.22402620357985,261.5950601913803,133.61654756696305,81.41206699029742,184.01148313838758,156.5960050793095,179.04537958570901,163.34056097213892
2005-11-15,149.75326802462254,115.34338690277606,181.87780055379304,261.7520172274951,133.135527995722,80.83404131466631,181.453723522764,157.22238909962672,179.09909319958473,162.09917270875064
2005-11-16,149.24410691333884,114.61672356528858,182.29611949506673,267.196459185827,133.48168036851087,80.6885400402999,181.87106708686633,156.672110737778,180.4960661265415,161.7587644460623
2005-11-17,148.73667694983348,116.65690124475073,184.24668797366394,267.27661812358275,135.44386106992795,81.85045501688022,184.27176517241298,157.90982041260648,183.00496144570042,163.81310075452726
2005-11-18,149.0638976391231,118.93171081902337,184.7625786999902,268.0784479779535,135.80955949481677,82.29244747397138,184.71401740882678,158.58883264038067,183.1879664071461,164.95979245980894
2005-11-21,149.3918382139292,119.65719425501939,186.3145843610701,274.2710601262442,136.16266434950327,82.41588614518234,185.6745302993527,159.04874025503776,183.99399345933753,165.99903915230573
2005-11-22,150.4823986328909,119.77685144927439,186.98531686476997,277.8091568018727,137.06133793421,82.79499922145017,187.029954370538,158.3012111758391,184.6747712351371,166.86223415589774
2005-11-23,151.09937646728574,120.81891005688308,187.09750805488883,276.8923865844265,137.7329384900876,82.96886871981522,187.89029216064245,158.39619190254456,185.81975481679493,167.71323155009284
2005-11-25,151.4015752202203,119.82819499441663,187.56525182502602,277.9722668921058,138.00840436706778,83.26755664720655,188.04060439437094,158.53874847525685,186.91609137021402,167.998344043728
2005-11-28,150.59914687155313,119.5885386044278,186.19602548670335,268.99376267149074,137.08374805780844,83.20926935755351,185.85933338339623,156.794822242029,185.47683746666337,166.46955911293006
2005-11-29,151.27684303247514,119.94730422024107,187.48077806256157,269.2896558104294,136.64508006402346,83.01788803803115,185.43185691661444,156.1676429530609,185.94052956033002,166.6859695397769
2005-11-30,150.2179051312478,118.72384171719462,187.14331266204897,269.45122960391564,136.8363831761131,82.33714135611928,184.4490680749564,155.77722384567824,184.43441127089136,165.41915617127455
2005-12-01,151.4947573248634,120.38597550123534,190.49317795869968,277.1575347705876,139.08049986020134,83.29225219585027,185.88777080594105,157.05459708121282,186.33408570698154,167.0733477329873
2005-12-02,151.50990680059587,119.91647019678051,190.24553682735336,277.1575347705876,139.1917642600895,83.33389832194818,186.3339014558753,157.77704822778637,186.27818548126945,167.0733477329873
2005-12-05,150.7523572665929,119.24493796367854,189.8269966463332,279.76281559743114,138.09214932243478,83.17556391513648,184.88049702451946,158.01371380012807,186.16641856998066,166.57212768978832
2005-12-06,150.42070208060642,119.12569302571487,190.41546033593687,281.4413924910157,138.4788073405376,83.40013793770736,185.80489950964204,157.1762411169874,186.22226849555165,166.7553570302471
2005-12-07,149.83406134249205,119.1971684415303,189.25392602788764,279.52759102207676,137.9664357533776,83.27503773080079,185.89780195939684,156.73614764185984,185.0863126577288,165.5380429239263
2005-12-08,149.60931025047833,118.68462061723173,189.40532916870993,283.32916625997706,137.18002706958333,82.71709497800443,185.67472459704558,157.14366162572867,186.9186671530403,165.28973585954043
2005-12-09,149.78884142277892,119.94267759577437,189.78413982704737,279.16422751595536,138.03054323741475,83.03969164841864,186.45455844035317,156.86080303480233,188.30186528997282,166.2318873539398
2005-12-12,150.04348245319764,120.51840244823408,190.01188079483984,282.23503401863087,138.38942264983203,82.84039638846245,187.06985848320633,157.03334991814063,187.5486578288129,165.9659163341735
2005-12-13,150.88372595493556,120.2171064421135,191.51297465311907,282.0656929982197,138.22335534265224,82.96465698304515,187.79943093129086,158.74501343224836,189.59293819914694,166.87872887401147
2005-12-14,151.12513991646347,120.92638737012197,192.45138822891934,284.9709696361013,138.11277665837812,82.79043120338075,188.94500745997175,158.8402604403077,191.8490941637168,167.5963074081697
2005-12-15,152.00166572797895,120.51523765306358,191.62384725953498,282.6912018790125,137.8779849380589,82.65796651345534,187.92470441968788,159.2214770653644,192.0409432578805,167.1773166396493
2005-12-16,152.4424705585901,120.1536919401044,190.9148390246747,275.7087291926009,137.40919978926948,82.61663753019862,187.51127006996458,159.2533213607775,191.7144736543421,167.2107521029772
2005-12-19,151.7259909469647,118.89207817473331,189.34933734467236,274.661036021669,135.55417559211435,82.18703101504158,185.42989497218795,160.57512392807195,189.2413569442011,165.83962393573282
2005-12-20,151.17977737955565,117.76260343207335,189.4440120133447,276.66606158462724,135.41862141652223,81.71856493825584,185.4484379616852,160.18974363064459,189.8847775578114,165.98887959727494
2005-12-21,151.57284480074247,118.10411498202636,190.88378650464614,276.9703942523704,135.933212177905,81.3590032525275,186.07896265075493,161.27903388733296,188.1758145597911,166.6860328915835
2005-12-22,151.9063050593041,118.2694607430012,192.21997301017865,276.1671801090385,136.78959141462582,81.73325466748913,185.96731527316444,162.47249873809923,189.0602408882221,167.63614327906552
2005-12-23,151.83035190677444,118.60061523308158,192.58519095889795,275.3386785687114,137.07684955659653,81.85585454949037,186.28345970912886,162.53748773759446,189.11695896048855,167.83730665100043
2005-12-27,151.01046800647788,118.14993289519586,190.65933904930898,267.9596019830699,135.7197887459862,81.51205996038252,184.38336842009576,160.97712785531354,187.6796700723888,166.47782446712733
2005-12-28,151.23698370848763,118.56345766032905,191.68889948017528,271.41628084865147,135.9097964502306,81.18601172054099,185.17621690430215,160.97712785531354,187.6233661713671,166.52776781446747
2005-12-29,151.07062302640827,118.70573380952145,191.28635279126692,269.9234913039839,135.05356473259417,81.20224892288509,184.7132763620414,160.36541476946334,187.17307009255583,166.44450393056024
2005-12-30,150.10377103903926,117.93414653975958,189.85170514533243,270.62529238137427,134.21623263125207,80.9099208267627,183.3279267893261,159.53151461266216,186.70513741732447,165.7121481132658
2006-01-03,151.1094663050008,118.68892507761404,192.5286141878816,282.4245551292022,136.79318429777211,81.74329301127837,184.20790083791485,161.6373306055493,190.49525170689614,167.81669239430425
2006-01-04,151.74412606348181,119.82833875835914,193.66453301159012,283.3847986166415,138.28423000661783,82.14383514703361,184.00527214699315,163.2537039116048,190.5714498075789,168.0516357636563
2006-01-05,151.39511457353584,120.96670797656357,193.31593685216924,280.21088887213506,139.50113123067604,82.49705363816587,183.2140494767611,163.30268002277825,189.37084967379116,168.28690805372543
2006-01-06,152.4851593984653,122.05540834835263,195.40374897017267,285.983233182901,141.6773488778746,83.64376268373637,184.31333377362165,164.24983556691038,191.0373131509205,169.17882866641017
2006-01-09,153.06460300417947,123.25155135016648,196.4198484648176,285.95463485958277,142.21572280361053,83.90305834805596,185.64038977679175,165.90875890613617,190.76986091250924,169.92321551254236
2006-01-10,152.52887689366486,123.58433053881193,196.36092251027816,288.3566537924032,142.38638167097486,83.55066550299412,186.1973109461221,165.24512387051163,191.13232364824302,170.07614640650363
2006-01-11,152.5593826690436,123.68319800324296,196.24310595677196,289.42357341143514,143.49699544800848,83.85980296535521,187.33311454289344,164.73286398651302,190.7309457685817,170.65440530428575
2006-01-12,152.19324015063788,121.49400539858557,194.61428817733076,287.74491668564883,142.4781667803276,83.70885532001758,186.1529159212732,163.9256729529791,190.63558029569742,169.35743182397317
2006-01-13,152.4063106868488,121.00802937699122,194.7699796078726,291.88844348592215,142.49241459700562,83.8595312595936,185.63168775669362,164.26991686618035,192.1225378220039,169.44211053988514
2006-01-17,151.64427913341456,119.31391696571335,194.39991664661764,297.9013454217321,141.1529858997938,83.11318143138323,184.3322659423968,163.89209605738816,194.06297545400614,168.22212734399798
2006-01-18,151.5836214217612,119.63606454152075,193.87503687167177,293.34345483677964,139.47326536758624,83.27109647610284,184.97742887319518,164.0723773630513,194.1211943466423,167.969794152982
2006-01-19,151.55330469747685,121.75362288390568,195.65868721089115,298.9463148241621,140.97957663355615,83.85399415143556,185.68034310291333,165.18806952912,195.8876972151968,168.17135790596558
2006-01-20,149.58311173640965,119.57423303428376,192.43031887191145,297.5113725130061,136.97575665716317,82.61295503799431,182.69088957895642,162.37987234712497,194.53607210441191,164.89201642679924
2006-01-23,149.86731964870884,121.54720787934943,193.52717168948135,300.18897486562315,136.97575665716317,82.49729690094114,182.69088957895642,162.10382656413483,194.59443292604323,165.2382896612955
2006-01-24,150.4068419994442,123.39472543911556,195.520501557883,299.378464633486,137.7428208944433,83.05827851986753,184.60914391953546,161.3419385792834,195.8009184101847,166.06448110960199
2006-01-25,149.95562147344586,123.77724908797683,195.6573659089735,294.0495279630099,137.64640091981718,83.18286593764734,185.12604952251016,161.03538889598278,193.13802591980618,165.9814488690472
2006-01-26,150.45047502430825,124.56942348213987,198.04438577306297,293.2555942375098,138.66498428662385,83.98142145064875,186.5515201038335,162.16263661825462,191.8246873435515,168.18900213900554
2006-01-27,151.7443491095173,125.6656344087827,199.6287408592475,298.2409393395474,139.80203715777415,84.50210626364277,187.01789890409307,163.9788581483791,193.03318287381586,168.67675024520864
2006-01-30,151.18289501781206,125.81643317007325,199.8283696001067,305.3092496018947,140.2773640841106,84.57815815928005,186.98049532431224,163.14256597182236,192.20314018745844,168.54180884501247
2006-01-31,150.2757976477052,124.74699348812763,199.68848974138663,304.5765074028502,139.66014368214053,84.02840013124472,187.03658947290953,163.04468043223926,192.3569026996084,168.37326703616748
2006-02-01,150.99712147641415,125.42062725296353,201.06634032060217,299.33779147552116,140.13498817065982,84.54937621205845,187.130107767646,163.92512170657335,192.568495292578,168.6089896100181
2006-02-02,150.03073989896512,124.46743048584099,199.13610345352438,296.7036189105366,138.06099034573404,83.72079232518027,187.42951594007422,162.51536565989682,189.89179320801117,167.29383949105997
2006-02-03,149.37060464340968,123.68328567378019,198.22007737763815,293.91460489277756,136.84605363069159,83.82962935520301,186.43613950559183,161.80029805099326,188.8094099867255,166.79195797258677
2006-02-06,148.8627445876221,123.57197071667379,200.10316811272574,298.0588008217657,136.46288468052563,83.87154416988062,185.91411831497618,160.9265764415179,189.8667426826512,167.04214590954564
2006-02-07,148.38638380494172,122.8428960894454,197.54184756088284,287.59693691292176,135.9852645841438,83.97219002288449,184.50117101578235,160.3311481086843,188.42375543826302,165.53876659635972
2006-02-08,149.1728316391079,123.28513051536743,198.41103169015074,287.2518205886263,138.0658391322812,85.20658121622088,185.7188787444865,162.23908877117765,188.1222774295618,166.69753796253423
2006-02-09,149.7396883993365,123.26047348926434,198.49039610282676,281.5642345409715,137.4169296883595,84.92539949820736,185.6445911929887,162.06062577352935,188.36683639022021,166.9642540232743
2006-02-10,149.79958427469623,123.45769024684716,199.22481056840724,279.3398770880978,137.87040555633106,85.45193697509625,186.07157375273258,161.50961964589936,188.0842861356349,167.64880746476973
2006-02-13,149.12548614546012,122.92682217878573,198.14899659133783,278.138715616619,136.61578486576846,85.08449364610333,185.8668950216046,161.08969463482,187.89620184949928,167.04527175789656
2006-02-14,150.7509539444456,124.46340745602053,200.86363784463916,276.9427191394675,138.05025060685904,86.34374415206565,188.76641858394163,162.5556108559969,187.50161982561534,168.99970143746395
2006-02-15,151.41425814180116,124.98615376733582,201.54657421331095,276.38883370118856,138.49201140880098,86.82726911931724,190.35205650004673,164.03486691478648,188.00787419914448,169.62500033278258
2006-02-16,152.15618800669597,125.59858592079576,202.85662694569746,281.7507770749916,140.14006634456572,87.34823273403313,190.92311266954687,165.47837374363658,189.75634742919652,170.3883128342801
2006-02-17,151.8975224870846,125.67394507234823,203.18119754881056,284.25835899095904,139.04697382707812,87.48798990640759,189.87303554986437,165.46182590626222,191.55903272977392,169.94530322091094
2006-02-21,151.51777868086688,124.80679485134903,203.20151566856546,288.2379760168325,137.48964772021483,87.15553554476324,188.7148100330102,164.23740839455587,192.11455392469026,169.2825165383494
2006-02-22,152.92689402259896,125.68044241530845,204.17688294377453,284.11617295979175,138.76830144401285,87.1729666518722,189.94145629822475,165.37064651247832,193.11354960509865,171.73711302815548
2006-02-23,153.12569898482835,124.97663193778273,203.62560535982635,283.00811988524856,138.18547457794799,87.13809746521144,189.9034680069651,164.77531218503336,192.30247269675723,171.2047279777682
2006-02-24,152.987885855742,124.62669736835691,204.053219131082,286.7438270677339,138.37893424235713,86.89411079230885,189.3527479497449,165.31907071524398,193.11014308208362,171.5642579065215
2006-02-27,153.49274587906598,125.68602429598795,203.869571233864,282.5860415752518,139.83191305190186,87.52843780109272,191.34095180321722,166.98879332946794,194.40398104073358,171.97601212549714
2006-02-28,152.03456479321486,124.27834082387288,201.70855377878505,279.7319225553417,138.26579562572056,86.83696314246409,189.65715142734888,164.75114349885308,192.80986839619956,170.0670783909041
2006-03-01,152.74912724774296,124.99915520065134,204.02820214724107,284.2076333162272,141.03111153823497,87.70533277388873,191.1744086387677,165.09712090020065,192.80986839619956,171.03646073773226
2006-03-02,152.41307916779795,123.32416652096263,204.02820214724107,287.39075880936895,140.9888022047735,87.67025064077917,190.04647962779896,164.78343637049028,192.59777754096373,170.3694185408551
2006-03-03,152.62645747863286,122.49789460527218,204.2322303493883,287.8793230993449,140.4953413970568,87.24066641263934,189.7234006124317,164.48682618502338,192.07776354160313,170.19904912231425
2006-03-06,152.19910339769268,122.36314692120638,202.1286383767896,279.962641714113,139.48377493899798,87.70304194462634,188.66094956900207,163.54925127576874,187.7944294146254,169.51825292582498
2006-03-07,152.29042285973128,122.15512957144033,201.34033668712013,276.6870788060578,138.5352852694128,86.96633639229148,188.11383281525195,163.1567330727069,186.7803394957864,169.43349379936208
2006-03-08,153.29553965060552,121.99632790299746,200.95779004741462,276.4933978508936,138.4660176267781,87.01851619412685,188.86628814651297,164.16830481775767,187.17257820872754,169.68764404006114
2006-03-09,153.74009671559224,122.15492312927137,200.93769426840987,273.4519704745337,137.3444428840012,87.02721804574625,187.9219567057804,163.18329498885115,186.14312902857955,168.7882995266488
2006-03-10,155.13913159570416,123.42533432981577,203.1480089053624,274.2449811889099,137.94875843269082,87.60159768484817,189.50050114210896,163.85234649830542,187.1855305511396,170.25675773253067
2006-03-13,155.41838203257643,123.21551126145509,203.24958290981505,278.8797213710024,138.29363032877254,87.63663832392211,189.6331514929084,164.2128216606017,188.30864373444643,170.39296313871668
2006-03-14,156.59956173602404,123.94248277789768,204.93655444796653,283.84378041140627,140.10527688607948,88.17998548153044,191.73807947447972,164.96820064024044,190.11640671429714,172.2332071406148
2006-03-15,156.31768252489917,125.02078237806538,206.73999612710864,285.206230557381,141.15606646272508,88.59443141329362,192.4091627526404,165.38062114184103,190.8008257784686,173.11159649703197
2006-03-16,156.4114731344141,125.14580316044344,207.0501061212993,289.1135559160171,140.1256271775472,88.50583698188032,193.89071330583576,165.29793083127012,192.13643155891788,173.40588621107693
2006-03-17,156.34890854516036,124.92054071475462,207.58843639721465,286.366977134815,140.68612968625735,88.41733114489844,194.70505430172028,166.52113551942153,191.42552676214987,173.8394009266046
2006-03-20,156.31763876345133,125.05795330954086,207.31857142989827,281.7851055006579,141.20666836609652,88.16976261769273,195.13340542118405,166.88748201756428,189.26241830973757,173.9263206270679
2006-03-21,155.50478704188137,125.295563420829,205.80514585846004,280.9397501841559,140.28882502171692,87.91407030610142,194.39189848058354,165.5023159168185,187.38872036847116,172.44794690173785
2006-03-22,156.4067148067243,126.09745502672229,207.94551937538805,282.9906103605003,140.47120049424515,88.26572658732583,195.1111485049617,167.09113814961995,188.70044141105043,173.74130650350088
2006-03-23,155.54647787528734,125.58045546111273,207.57121744051236,286.16010519653787,140.13406961305895,88.29220630530202,195.40381522771915,166.38935536939155,188.5494810579216,173.09846366943793
2006-03-24,155.91978942218802,126.82370197017777,208.3184738232982,288.3063059855119,140.84875336808557,88.79547188124225,195.11070950487758,166.1564102718744,188.66261074655634,173.2542522867404
2006-03-27,155.21815036978816,127.4324557396346,208.19348273900422,289.9208212990308,141.0459416228009,88.75995369248976,194.83755451157077,164.97669975894408,187.3985712545544,173.35820483811244
2006-03-28,154.41101598786526,126.75706372421453,207.0067798873919,290.81957584505784,140.0727246256036,88.01437008147285,194.07768804897563,163.42591878121002,186.87385525504166,172.07535412231042
2006-03-29,155.33748208379245,128.91193380752617,208.93194294034467,293.87318139143093,142.43995367177627,88.8417051602387,195.33919302129397,163.78545580252867,188.443595639184,173.27988160116655
2006-03-30,154.49865968054,127.97087669073125,208.57675863734607,293.75563211887436,142.63936960691677,88.55741170372595,194.61643800711516,163.55615616440517,186.95489123363444,173.1066017195654
2006-03-31,153.94246450569003,127.5613698853209,207.8050246303879,290.7593246712619,142.2542433089781,88.4068641038296,194.26612841870235,163.08184331152836,185.7957709079859,173.24508700094103
2006-04-03,154.43508039210826,126.68119643311218,208.67780573383553,292.4457287543552,142.66678061457412,88.84889842434875,193.08110503534826,162.57628959726264,186.59469272289024,173.3490340531416
2006-04-04,154.43508039210826,126.95989506526502,209.92987256823855,295.6918763435286,143.1518476686637,89.17763934851884,193.91135378700025,162.673835371021,188.01281238758423,174.805165939188
2006-04-05,154.6512895046572,126.94719907575849,210.9585289438229,299.328886422554,144.3829535586142,89.35599462721588,194.8227371497991,162.13701171429665,189.66732513659494,175.34706195359948
2006-04-06,154.20280076509368,126.26168420074939,211.38044600171054,299.5982824203343,144.51289821681692,89.39173702506676,194.939630792089,160.9696252299537,187.6758182226607,175.0840413606691
2006-04-07,152.87665667851388,125.81976830604677,209.52029807689544,294.98446887106115,142.9521589160753,88.9268999925364,193.18517411496018,159.08628061476324,184.9169836947876,173.47326818015094
2006-04-10,153.13654699486736,126.02107993533647,209.68791431535695,299.409235904127,142.4089407121942,88.90022192253866,192.33515934885435,158.911285706087,185.26832596380768,173.4038788728789
2006-04-11,152.01865020180483,124.48362276012537,208.15719254085482,298.63077189077626,141.26966918649666,87.94009952577524,190.75801104219374,157.49697526330283,183.3415353737841,171.92994590245942
2006-04-12,152.12506325694608,124.60810638288548,209.2187942228132,296.7792611050535,141.42506582260182,87.9576875456804,191.19675446759078,158.06396437425073,183.6165476768448,172.5145077185278
2006-04-13,151.65347556084953,125.00685232331072,209.9092162437485,297.4618534055951,141.9341960595632,88.21276483956287,191.44531024839867,158.1588027528753,182.69846493846055,172.66977077547446
2006-04-17,151.03169631105004,124.74433793343178,209.8462434788754,302.07251213338185,140.6709817146331,87.7628797388811,190.2009157317841,157.57361518268965,183.04559202184362,172.22082937145822
2006-04-18,152.48160059563614,126.88994054588683,214.42089158671487,310.22846996098315,143.5406697416116,88.97400747927766,193.01588928461447,159.49601328791846,186.8895494543023,175.06247305608727
2006-04-19,152.81706011694652,127.56245723078004,217.18692108818348,314.44757715245254,143.9856458178106,88.2800102209393,192.9000797510437,159.33651727463055,187.6184186971741,175.36007926028262
2006-04-20,153.3060747093208,130.06268139250332,217.16520239607468,311.02009856149084,144.1152328990466,87.76798616165784,193.24729989459559,160.13319986100367,188.61279631626914,175.43022329198672
2006-04-21,153.8273153633325,128.25481012114753,218.142445806857,317.8625407298436,142.78937275637537,87.61878058518303,191.62402257548098,159.76489350132337,189.44269262006074,175.07936284540276
2006-04-24,154.27341457788614,127.74179088066293,217.9461176056308,313.5713964299907,142.24677313990114,87.50487617042229,190.9916633009819,159.237669352769,190.01102069792088,174.76421999228103
2006-04-25,153.84144901706807,128.2910805814498,216.87818162936324,309.8085396728309,142.24677313990114,88.06490737791299,190.72427497236055,158.202624501976,187.88289726610415,173.7505875163258
2006-04-26,154.67219284176025,130.42071251910184,217.78906999220658,304.57277535236005,142.67351345932084,88.79584610914966,191.42995478975828,158.1868042395258,186.4737755366084,174.6193404539074
2006-04-27,154.9660700081596,129.3643047476971,216.0031996182705,301.13110299087833,143.5010198373849,89.71932290868482,191.44909778523726,159.08846902369112,188.6182239552794,175.64959456258546
2006-04-28,155.53944446718978,127.94129739547245,216.28400377777425,304.3532057928808,140.64534954262092,89.71035097639395,191.20021395811645,160.04299983783326,189.2029404495408,176.96696652180486
2006-05-01,155.27502741159554,127.54467937354647,216.97611258986313,308.0663149035539,139.84367105022798,89.43224888836713,191.42965421486622,158.81066873908193,188.02988221875364,175.30347703649988
2006-05-02,156.42406261444137,128.11863043072742,219.25436177205668,314.68974067398034,140.19328022785356,89.57534048658852,191.7550846270315,158.11190179663,191.16998125180683,176.19752476938606
2006-05-03,156.53355945827147,128.42611514376117,219.07895828263904,310.47289814894896,139.92691299542065,89.43201994180997,192.10024377936017,157.6849996617791,190.23324834367295,175.54559392773933
2006-05-04,156.5961728820548,130.0699694176013,220.59060309478923,308.4858716007957,140.8504306211904,89.78080481958303,192.67654451069822,158.22112866062915,190.5566448658572,176.3706582191997
2006-05-05,157.754984561382,130.83738223716514,222.66415476388028,311.78667042692416,141.70961824797968,90.49007317765773,195.60522798726086,159.91409473729786,194.40588909214753,178.55765438111774
2006-05-08,158.46488199190821,131.11214073986318,223.10948307340803,310.63305974634454,141.76630209527886,90.96967056549933,196.094241057229,159.8821119183504,193.49218141341441,178.12911601060307
2006-05-09,158.89273717328635,132.68548642874157,223.62263488447684,312.3415415749495,141.05747058480245,91.47000375360957,195.95697508848892,159.1946188371015,192.2731806705099,178.32505803821473
2006-05-10,158.3683911406145,132.8712461097418,223.39901224959235,314.5279323659741,139.61868438483748,91.40597475098204,195.34950846571462,158.47824305233456,193.48450170873411,178.43205307303768
2006-05-11,156.61050199895368,131.31665253025784,220.62886449769744,311.82299214762674,136.29575969647834,90.47363380852202,192.6927551505809,157.67000401276766,191.4722628909633,176.13027958839547
2006-05-12,155.57687268576058,130.12167099223248,216.6354820502891,302.84248997377506,135.01457955533144,89.74984473805385,189.76382527229205,156.61361498588212,189.11715405740446,174.38658982047036
2006-05-15,157.07041066354387,130.44697516971306,215.09737012773206,297.3307566562524,134.77155331213183,89.97421934989899,190.73162078118077,158.4929783657127,189.4575649347078,174.8574336129856
2006-05-16,157.21177403314107,129.85996378144938,215.42001618292366,298.1335496992242,133.6125179536475,90.56804919760832,189.64445054272804,158.63562204624182,188.5671143795147,174.97983381651468
2006-05-17,155.74970453463285,127.5614424225177,210.72385983013592,290.143570567285,132.06261274538517,88.74763140873638,187.33078824610675,156.4623140242083,185.32376001218702,172.00517664163394
2006-05-18,154.64388163243697,126.46441401768405,208.25839067012333,286.89396257693136,131.40229968165823,88.03765035746649,187.98644600496812,155.38272405744124,185.13843625217484,170.66353626382917
2006-05-19,155.24699277080347,127.52671509543259,208.73738496866457,288.1562960122699,132.07245141003472,88.82998921068368,188.98277416879446,155.69348950555613,186.54548836769135,171.19259322624708
2006-05-22,155.5574867563451,126.2004372584401,206.90049598094032,286.6290676434049,131.02907904389545,88.19041328836676,187.75438613669732,154.7904672664239,187.4782158095298,170.62765766860048
2006-05-23,155.3397062748862,126.09947690863335,206.69359548495936,286.5144160163475,130.08566967477938,88.05812766843421,186.64663525849082,154.01651493009177,184.9660077176821,169.87689597485863
2006-05-24,156.31834642441797,126.99478319468464,206.21820021534396,283.27680311536284,130.9702522285679,88.11096254503526,186.44132395970647,154.81740080772826,185.7798581516399,169.75798214767622
2006-05-25,157.47510218795867,129.16639398731374,208.67219679790657,291.71845184820063,132.5418952553107,89.34451602066576,188.56675505284716,156.5668374368556,188.0835283927202,171.45556196915297
2006-05-26,157.88453745364737,130.7680572727564,210.3624415919696,293.61462178521396,133.098571215383,90.22902672927036,189.0947419669951,157.8506855038378,189.75747179541543,172.55287756575555
2006-05-30,156.08465372667578,127.27655014357384,206.8704250615429,287.8304137360452,130.39667021971073,88.82145391229375,185.63430818899909,155.29350439867565,188.9225389195156,170.01635026553893
2006-05-31,157.20846323350787,128.7529581252393,209.06325156719527,293.81728634175494,130.9443362346335,89.63861128828687,187.63915871744027,156.53585243386505,192.03976081168761,171.51249414787566
2006-06-01,158.23031824452568,130.5812501306177,211.50929161053145,295.69771697434214,133.2096732514927,91.79890182033458,190.05970386489523,158.3516683220979,194.30582998926553,173.7936103200424
2006-06-02,158.07208792628114,129.797762629834,211.63619718549774,299.45307797991626,132.8100442317382,91.63366379705798,189.48952475330051,158.87422882756084,196.40433295314958,174.33237051203457
2006-06-05,156.00134357444685,126.87731297066274,206.23947415726755,290.3796497171248,130.1671243515266,90.7448172582265,186.2682028324944,156.09392982307853,194.1456831241884,171.14208813166434
2006-06-06,156.3289463959532,125.69735396003558,204.28019915277355,290.3506117521531,129.80265640334235,90.94445585619461,185.7093982239969,156.07832043009623,193.79622089456484,170.68000449370885
2006-06-07,155.85995955676535,124.76719354073134,201.78798072310968,281.00132205373376,128.36184691726524,90.90807807385212,185.61654352488495,156.64020238364458,192.57530470292906,170.74827649550633
2006-06-08,155.45472366191774,124.05602053754916,202.17137788648358,283.3898332911905,127.50182254291956,90.4353560678681,186.3218863902795,157.0161388693653,193.46115110456253,170.9190247720018
2006-06-09,155.64126933031207,124.13045414987167,201.16052099705115,280.3292230916456,126.87706361245925,89.82943918221338,185.5765988447184,156.01123558060138,194.35107239964353,170.3037162828226
2006-06-12,154.58290869886594,122.851910472128,197.3384710981072,275.5636262990876,124.14920674479137,89.00300834173702,182.64448858297183,154.51352771902762,193.86519471864443,167.95352499811963
2006-06-13,153.19166252057613,122.02880267196474,195.3650863871261,267.3518302353748,123.51604579039295,88.7716005200485,181.87738173092336,153.72550872766058,190.9766033173366,165.45101747564766
2006-06-14,153.57464167687758,122.5535265234542,197.78761345832646,273.7415389780002,124.67709662082265,88.94914372108859,183.36877626111695,154.23280290646187,190.6710407520289,165.08702523720123
2006-06-15,155.26396273532322,125.32323622288426,203.28610911246793,283.3772411500258,128.20545845519194,90.6658621949056,187.3478787059832,156.71595103325592,193.89338134073816,168.90053552018057
2006-06-16,155.46580588687914,125.12271904492765,202.5339505087518,281.90367949604564,127.6413544379891,90.8471939192954,186.14885228226493,156.3398327507761,193.83521332633592,167.83646214640342
2006-06-19,154.70402343803343,124.42203181827605,199.576954831324,272.8545713842226,127.00314766579915,90.12041636794105,184.75273589014793,154.7920684065434,191.08275329710196,166.62803961894932
2006-06-20,155.19907631303516,123.53863539236629,199.61687022229026,271.5994403558551,126.69834011140122,90.02128390993632,184.86358753168201,154.31221299448313,191.2356194997396,166.79466765856824
2006-06-21,155.94403187933773,125.79939242004659,202.89058689393582,276.97710927490107,128.91556106335076,90.25533924810215,186.87860063577733,155.03748039555717,191.56072005288917,168.4792938019198
2006-06-22,155.83487105702218,125.49747387823848,202.281915133254,278.0573200010732,127.39435744280321,89.74990934831276,185.62651401151763,154.20027800142117,190.5071360925983,167.70428905043096
2006-06-23,155.0401132146314,125.5100236256263,202.92921726168044,283.06235176109254,127.0631321134519,89.93838415794421,185.29238628629687,154.18485797362104,192.29790317186874,167.35211004342506
2006-06-26,155.73779372409723,126.41369579573083,204.00474211316734,286.544018687754,127.57138464190572,90.05530405734955,186.4411990812719,154.10776554463425,193.14401394582495,168.42316354770298
2006-06-27,154.99025231422155,124.69446953290888,201.55668520780932,288.6071356223058,125.68332814920551,89.40690586813663,184.2971252918373,151.96566760356382,192.60321070677665,166.6547203304521
2006-06-28,155.47072209639566,125.01867515369443,201.95979857822493,294.4947211890008,126.21119812743218,90.05957628097404,184.4814224171291,152.34558177257273,193.75882997101732,167.40466657193912
2006-06-29,157.66285927795482,128.48169245545176,207.87722067656694,302.06323552355815,129.68200607593656,91.74369035742825,188.66915070599794,155.2858515007834,196.14206357966083,171.20475250312214
2006-06-30,157.64709299202704,131.1412634892796,208.08509789724346,301.85179125869166,129.08546884798724,92.29415249957282,188.17861091416233,156.3417952909887,196.7108755640418,170.89658394861652
2006-07-03,158.6245049685776,130.2626170239014,209.43765103357555,305.5947534702994,130.40214063023672,92.65409969432116,188.2727002196194,157.02969919026907,198.46160235656177,172.43465320415405
2006-07-05,157.73620774075357,129.05117468557913,207.23855569772303,306.6948945827925,128.14618359733362,91.93139771670545,186.2770095972914,156.62142197237435,197.27083274242239,170.8999847906371
2006-07-06,160.0864772360908,129.0898900379848,207.88099522038598,307.7989962032905,128.18462745241283,91.98655655533547,186.57505281264707,157.38886694003895,196.52120357800118,171.15633476782304
2006-07-07,159.65424374755332,128.1088068736961,204.97066128730057,303.95150875074944,126.44131651906001,91.51742511690327,184.8212473162082,157.2314780730989,197.42520111445998,170.0438185918322
2006-07-10,160.26092987379403,128.6212421011909,205.58557327116245,304.589806919126,124.98724137909083,91.25202458406424,185.39419318288847,157.24720122090622,198.5900098010353,170.70698948434034
2006-07-11,161.38275638291057,128.69841484645158,206.57238402286401,308.3971795056151,125.82465589633074,91.32502620373148,185.63520563402625,157.24720122090622,200.05957587356295,170.99719136646374
2006-07-12,159.97872640237924,126.80654814820875,204.3414022754171,307.1944305055432,123.24525045045596,90.63095600458311,182.20095432979676,155.816251689796,198.7992005455595,169.13332198056926
2006-07-13,158.55491573739806,123.37009069339229,200.2341400896812,304.8904722767516,121.24867739315857,88.75489521528824,179.8323419235094,154.273670798067,197.88472422304991,166.56249548646463
2006-07-14,157.92069607444847,121.75394250530884,198.05158796270368,308.0308441412022,120.71518321262866,88.35549818681945,177.6383873520426,152.94691722920362,197.90451269547222,165.3632455189621
2006-07-17,158.1102009097378,121.32780370654027,196.44737010020577,300.3608761220862,120.86004143248384,89.0181644232206,178.22459403030436,153.0998641464328,197.86493179293313,165.3136365453064
2006-07-18,159.185350275924,121.83738048210773,196.99742273648636,301.9227526779211,121.25887956921105,89.3831388973558,176.79879727806193,153.03862420077422,198.597032040567,165.66079518205154
2006-07-19,160.45883307813142,124.42033294832842,202.23755418127686,304.30794242407666,123.22327341823227,90.84008406138271,181.0596482924632,156.37486620835114,201.25823226991062,169.7029185844936
2006-07-20,160.20209894520642,122.55402795410349,197.78832798928877,298.8303994604433,121.4242136263261,90.09519537207937,179.15852198539235,156.23412882876363,201.76137785058538,167.88709735563953
2006-07-21,159.881694747316,121.74517136960638,195.1973008926291,294.70653994788915,119.7121322141949,89.31136717234229,177.47443187872966,156.23412882876363,201.92278695286583,166.42647960864545
2006-07-24,161.17673647476926,124.75227710243566,198.88652987949976,303.3119709143675,121.95074908660033,90.90110950800998,180.89968841398917,159.65565625011357,204.0429762158709,168.87294885889253
2006-07-25,162.64344477668965,125.87504759635758,200.57706538347554,308.2862872373631,122.70684373093725,92.11009426446653,182.49160567203225,161.17238498448964,205.41006415651722,169.27824393615384
2006-07-26,162.49706567639063,126.55477285337791,199.3736029911747,313.4963254916745,122.70684373093725,92.74565391489134,179.4622450178765,162.0749503404028,206.47819649013113,168.4826361896539
2006-07-27,161.6358312283058,125.63092301154826,198.11754929233027,311.4899490085278,121.92151993105927,93.58963936551686,177.90092348622096,161.68597045958583,205.23932731119032,167.25271294546943
2006-07-28,163.54313403679978,127.4274452106134,200.57420690355517,312.2686738810491,124.33556602569425,95.02156084780927,179.9823642910098,163.36750455236552,206.55285900598193,169.86185526741878
2006-07-31,163.23240208212985,127.18533306471322,200.49397722079374,317.1088383262054,124.18636334646342,94.555955199655,180.10835194601347,162.8120550368875,206.22237443157238,169.33528351608976
2006-08-01,162.74270487588348,126.09153920035669,198.74967961897283,318.25043014417975,122.18696289658537,93.78059636701784,178.0911384042181,162.61668057084324,208.2227314635586,168.57327474026738
2006-08-02,163.19838444953595,127.11288066787958,201.27380055013379,318.85510596145366,123.28664556265463,95.44051292271405,179.3555854868881,163.25088562506954,207.9936864589487,169.48357042386485
2006-08-03,163.23102412642584,128.48569977909267,203.10539213514,317.0376318574734,124.1496520815932,94.64835666545552,181.1132702246596,162.4999315511942,206.97451739529984,170.2631948478146
2006-08-04,162.93720828299826,128.53709405900432,202.4960759587346,315.7694813300435,123.7523731949321,94.61996215845589,181.69283268937852,162.19118168124695,207.11939955747653,170.2631948478146
2006-08-07,162.08993479992668,128.4599718025689,202.45557674354285,318.3272141288168,123.12123609163797,93.83461647254072,181.25676989092403,161.2018154729913,204.53040706300806,169.65024734636248
2006-08-08,162.8679664869663,127.31667805352602,200.85617768726885,317.8815560290365,122.75187238336305,93.43112762170878,179.679835992873,160.75045038966695,205.7166834239735,168.7171709859575
2006-08-09,162.20020782436976,126.08170627640682,198.88778714593363,319.6616927427991,123.39018211975655,92.89857019426503,177.39790207576348,160.71830029958903,206.0252584491095,166.82753867091478
2006-08-10,163.15718905053353,126.88862919657582,199.9021148603779,318.2551812947308,124.2168963399589,93.51170075754717,180.50236536208936,160.70222846955906,205.96345087157476,167.71172462587063
2006-08-11,163.04297901819814,126.33031922811088,198.4628196333832,318.1278792222129,123.16105272106925,93.62391479845624,179.9428080294669,159.78622576728256,205.63390935018023,166.8396236578161
2006-08-14,163.41797786994002,126.86090656886894,198.22466424982315,312.8787692150464,124.40497935355206,93.44602936033918,180.95048775443192,160.16971270912404,206.35362803290587,167.0231472438397
2006-08-15,164.46385292830763,129.43618297221698,201.5746610756451,313.0664964765754,127.72659230229189,94.42721266862274,183.53807972932032,161.85149469256984,207.96318633156253,169.77902917336306
2006-08-16,164.72699509299292,131.79192150231134,204.67891085621005,310.9376443005347,130.24280617064704,94.4838689962239,185.3000452947218,163.32434329427224,206.56983298314105,171.54473107676603
2006-08-17,164.21634140820464,132.1214013060671,204.26955303449765,309.8493625454829,130.9330930433515,94.80511415081108,186.26360553025435,163.7326541525079,205.908809517595,172.11082868931936
2006-08-18,166.07198606611738,131.60612784097344,204.2899799898011,314.03232893984693,131.62703843648126,94.9947243791127,185.68618835311057,163.97825313373667,207.86494320801214,172.30015060087766
2006-08-21,166.00555727169092,129.44778734438148,203.28895908785108,316.1991520095318,130.36341886749102,94.91872859960941,183.7364833754029,163.289544470575,207.90651619665374,171.43864984787325
2006-08-22,166.3375683862343,129.65490380413252,203.47191915103014,317.9382473455843,130.48074594447178,95.12754980252855,183.2220212219518,163.5181498328338,209.42423376488932,171.35293052294932
2006-08-23,166.15459706100947,128.5658026121778,202.25108763612397,313.5506995322152,129.61957302123827,94.88021817304197,181.79288945642057,163.4527425729007,207.2043368869815,170.70178938696213
2006-08-24,166.55336809395587,128.01296966094543,201.44208328557943,317.6582136960873,130.0213936976041,95.02253850030154,180.5566978081169,164.2209704629933,208.0124338008407,170.97491224998126
2006-08-25,166.55336809395587,127.47531518836948,201.16006436897962,318.80178326539317,130.26843434562954,95.3551173850526,180.14141740315824,164.40161353050263,208.22044623464154,170.39359754833134
2006-08-28,167.36947959761622,128.46962264683876,202.1859806972614,315.32684382780036,131.54506500221672,96.098887300656,182.19502956155424,165.63462563198138,209.76127753677792,171.46707721288584
2006-08-29,168.2900117354031,129.44599177895475,203.27778499302664,313.05649055224023,132.62373453523492,96.57938173715927,183.3610777507482,166.5621795355205,210.13884783634413,171.62139758237743
2006-08-30,168.660249761221,129.96377574607055,203.5420461135176,308.39194884301185,133.81734814605198,96.72425080976501,183.74613601402476,166.71208549710246,208.7729453254079,172.03328893657513
2006-08-31,168.1880010618896,130.2237032975627,204.6411731625306,306.69579312437526,133.37575089717,96.71457838468403,184.15037751325562,166.62872945435393,210.9650612513247,172.27413554108634
2006-09-01,169.04575986730524,131.31758240526221,206.15551784393332,310.03877726943097,133.73586542459236,97.63336687933855,185.95505121288554,167.57851321224376,210.90177173294933,172.72204829349315
2006-09-05,168.2005310679687,132.0660926249722,207.33060429564375,312.9221378980367,134.4179183382578,97.62360354265061,187.07078152016285,167.1260512265707,209.48872986233854,172.99840357076275
2006-09-06,167.52772894369684,130.90391100987247,204.82190398366646,304.03514918173244,131.91774505716623,96.88166415572647,185.44326572093743,165.7221923962675,208.00135988031596,171.83931426683864
2006-09-07,166.3885403868797,130.56356084124678,203.4495972269759,304.39999136075056,131.04708793978892,96.62008366250599,185.27636678178857,164.64499814569177,207.73095811247154,170.84264624409096
2006-09-08,167.2038442347754,131.85614009357514,203.59201194503478,298.1293515387191,132.239616440041,96.77467579636601,187.55526609320458,165.68226163400962,207.7517312082828,171.54310109369172
2006-09-11,167.00319962169365,131.77702640951898,202.06507185544703,288.8277157707111,133.29753337156134,97.23919424018855,189.7871737597137,165.83137566948022,206.83762359096636,171.86903298576973
2006-09-12,167.72131338006693,135.59856017539502,204.22716812430033,287.2391633339722,135.7368782322609,98.36716889337474,193.60189595228397,167.58918825157673,205.90685428480703,174.36113396406338
2006-09-13,167.90580682478503,136.3850318244123,205.47295384985858,291.92116169631595,136.06264674001832,98.52455636360415,194.2988627777122,167.35456338802453,206.42162142051905,175.45960910803697
2006-09-14,168.0737126316098,135.67582965892538,204.81544039753902,286.81254136663046,136.41640962154239,98.66249074251321,194.5125915267677,167.28762156266933,205.05923871914362,175.37187930348296
2006-09-15,168.34263057182037,133.69496254590507,205.57325752700996,286.2389162838972,136.75745064559624,98.44543326287967,194.9016167098212,167.63892556795093,205.55138089206957,176.09090400862726
2006-09-18,168.12378515207703,132.75909780808374,205.98440404206397,292.90828303331205,136.7984778807899,97.90398337993385,194.25844137467882,167.65568946050772,204.89361647321496,175.84437674301518
2006-09-19,168.00609850247056,132.3740964244403,205.22226174710832,288.046005534959,135.85456838341244,98.02146815998978,194.95777176362768,167.65568946050772,205.09851008968815,175.61577905324927
2006-09-20,168.47651557827749,133.5257510633329,206.37150641289216,281.56497041042246,138.13692513225377,99.38396656741364,196.84886214973488,168.72868587305496,204.56525396345495,176.80996635081135
2006-09-21,168.0553242893318,132.20384612780592,205.00945447056705,285.42241050504526,136.68648741836512,99.30445939415971,193.6992803553391,168.08751686673736,204.21749303171705,175.643020572896
2006-09-22,167.7024081083242,131.8072345894225,204.10741287089658,283.709876042015,135.55198957279268,99.5527205426451,193.5249510030193,167.11260926891026,203.80905804565361,175.16878441734917
2006-09-25,166.6626531780526,133.32301778720085,206.08725477574427,283.8801019676402,137.6394902122137,100.98627971845919,195.13120809634438,167.89803853247415,206.07133858996042,176.9204722615227
2006-09-26,167.0293110150443,135.60284139136198,208.60151928400836,290.0970762007315,138.5479108476143,101.28923855761455,195.97027229115864,168.18346519797936,206.44226699942232,178.28275989793642
2006-09-27,167.83105170791652,135.42655769755322,209.14388323414678,294.15843526754173,138.17383148832573,100.02312307564438,195.97027229115864,169.19256598916724,208.83699729661564,177.97967920610992
2006-09-28,167.69678686655016,136.32037297835703,209.64582855390873,294.3937620157558,138.86470064576736,99.61302827103424,196.51898905357388,169.040292679777,208.33578850310377,178.37123450036333
2006-09-29,167.1266177912039,135.69329926265658,208.534705662573,295.04142829219046,138.14260420240936,100.25055165196886,194.6717105564703,169.17552491392078,206.52326714312673,177.87179504376232
2006-10-02,166.44139865825997,136.01896318088694,208.18019666294663,291.8549808666348,137.3828198792961,99.4886474594139,193.73728634579922,168.19430686942002,207.7211020925569,177.40932837664855
2006-10-03,165.99200688188267,136.14138024774974,207.86792636795224,282.3988794865558,137.52020269917537,100.42384074553239,196.1590024251217,168.51387605247191,207.80419053339392,178.5447480782591
2006-10-04,167.6519269507015,138.04735957121824,210.632569788646,287.00198122218666,140.09183048964994,101.30757054409307,199.21908286295363,169.91254122370742,208.9678940003809,180.74084847962166
2006-10-05,168.5069517781501,138.9032532005598,213.20228714006748,291.10610955366394,140.41404169977613,100.84155571959023,198.9202542386592,170.30334006852195,208.9052036321808,181.69877497656367
2006-10-06,168.03513231317126,138.05594335603638,212.81852302321536,291.746542994682,140.0630065955267,101.11382792003312,196.9907277725442,170.2181883984877,207.7562250122038,180.99014975415508
2006-10-09,168.0519358264026,138.76002866715217,213.62723341070358,288.5956803303394,140.6232586219088,101.56884014567326,198.0741767752932,170.52458113760497,207.71467376720136,181.47882315849128
2006-10-10,167.32931250234907,139.4399528076212,214.33220328095894,293.1554920795588,140.67950792535757,101.90401731815399,198.58916963490898,170.26879426589858,208.9817332771813,181.78733715786072
2006-10-11,167.12851732734623,139.09135292560217,213.5820405694756,289.7842039206439,140.6091681713949,101.80211330083584,198.7083231366899,169.86014915966044,209.33700222375248,181.07836654294508
2006-10-12,167.51291291719912,140.82999483717217,216.27317428065095,295.5798879990568,142.80267119486868,103.29860436635812,201.5895938221719,171.08314223361,210.40462093509365,182.43645429201715
2006-10-13,167.88144132561695,140.57650084646528,216.55432940721582,299.59977447584396,143.90225176306916,103.50520157509082,201.22673255329198,170.79230089181289,210.42566139718716,182.56415981002158
2006-10-16,168.28435678479843,141.60270930264446,218.71987270128795,306.13104955941736,144.33395851835834,102.74961360359268,201.4078366125899,171.37299471484505,211.64613023329082,182.61892905796458
2006-10-17,167.40927812951747,140.880535485201,217.18883359237893,303.59016184807416,143.03495289169314,102.5441143763855,200.018122539963,171.81856450110365,212.53504398027064,182.12585794950806
2006-10-18,168.01195153078373,140.6128624677791,216.62414262503873,302.1329290712034,142.50572356599383,102.69793054795007,200.61817690758286,173.58829571546502,214.19281732331675,182.30798380745753
2006-10-19,169.1208304108869,141.1331300589099,217.0357284960263,307.29940215832096,142.57697642777686,103.40654626873092,199.95613692378785,173.206401464891,215.4565549455243,181.8522138479389
2006-10-20,169.4252479056265,140.28633127855645,215.1475176581109,304.8410069410544,142.90490347356072,104.14073274723891,200.47602287978967,173.86458579045757,216.4045637872846,181.77947296239972
2006-10-23,170.89924756240544,141.7312804907256,216.61052077818601,305.1153638473013,143.80520436544415,104.63019419115093,203.74378205273024,174.12538266914328,217.20526067329752,182.61565853802676
2006-10-24,170.69416846533056,143.0068620151421,217.6502512779213,309.3259558683941,142.88485105750533,104.69297230766563,203.82527956555128,173.53335636806818,217.42246593397078,182.65218166973438
2006-10-25,172.28162423205816,142.73514897731332,217.75907640356027,314.27517116228836,143.74216016385034,104.74531879381945,202.54118030428833,173.39452968297374,219.29229914100296,183.20013821474356
2006-10-26,172.62618748052228,143.81993610954092,218.76076815501665,314.1494610938235,144.4464967486532,106.74595438278138,205.21472388430496,174.10544725467392,218.85371454272095,184.64741930664005
2006-10-27,172.07378368058463,142.23791681233595,217.18569062430052,312.3273942194793,142.32313324644798,106.46841490138614,202.71110425291644,173.28715165257697,217.49682151255607,182.9301983070883
2006-10-30,172.02216154548046,142.3517071457858,218.16302623210984,307.8298797427188,143.41902137244566,105.64860810664547,203.17733979269815,172.54201690047088,217.43157246610232,183.46069588217884
2006-10-31,171.83293716778041,142.42288299935868,217.77033278489202,310.2925187806606,143.74888512160226,105.47957033367483,202.26304176363098,172.0416450514595,217.60551772407518,183.2038509079438
2006-11-01,171.17997200654284,141.22653078216408,216.2023863888408,307.7791493785372,142.23952182782546,104.6462817280388,199.37068026641106,170.87176186510956,218.47593979497145,181.48173470940912
2006-11-02,170.90608405133236,140.9864456798344,216.15914591156303,308.61015308185927,142.16840206691154,105.05440222677815,198.45357513718557,171.2476797412128,217.29616972007864,181.4635865359382
2006-11-03,170.11991606469624,140.09823107205145,216.24560956992767,314.4120239597982,141.9124989431911,104.8442934223246,196.40950331327258,170.85381007780802,216.75292929577842,181.24583023209507
2006-11-06,171.05557560305206,142.66202870066996,218.51618847041186,317.3360557826244,143.74317017955826,106.395988964975,198.82534020402582,172.9894827037806,216.08099521496152,183.7832718553444
2006-11-07,170.73057000940625,142.74762591789036,219.9146920766225,314.6069657028938,144.27501990922264,106.74709572855943,199.60075903082154,174.0274196000033,215.88652231926804,184.2611083621683
2006-11-08,171.97690317047494,144.26075075262,220.86032525255197,320.2384303889756,144.59242495302294,107.09936114446367,199.84027994165854,172.49597830752325,218.06697619469264,184.74018724390993
2006-11-09,170.92784406113503,143.51059484870638,219.99896998406703,323.8251008093322,144.78039510546188,105.95339798021793,197.82189311424779,168.56307000211171,218.3286565661263,183.50242798937572
2006-11-10,171.1329574740084,144.93134973770856,220.2409688510495,321.2668825129384,145.47534100196808,104.97862671879992,199.3451216912275,168.88333983511575,219.61679563986647,184.56674207171412
2006-11-13,170.9789378122818,146.2647181552955,221.29812550153454,321.39538926594355,146.61004866178345,105.10460107086249,199.10590754519802,168.95089317104978,219.61679563986647,185.1758123205508
2006-11-14,172.0732030142804,147.66885944958634,222.58165462944345,322.23101727803504,148.29606422139398,105.33583119321837,202.43097620120284,170.11665433393003,220.3195693859141,186.23131445077792
2006-11-15,172.64104458422753,149.3965851051465,224.00617721907187,324.90553472144273,148.6519747755253,104.71434978917837,203.3216724964881,171.00126093646645,220.07721785958955,186.93899344569087
2006-11-16,173.86679600077557,150.32284393279843,224.18538216084713,316.13308528396374,149.32090866201514,104.99707853360916,203.76898017598037,171.90756761942973,220.23127191209127,187.8736884129193
2006-11-17,174.30146299077748,150.1875533732589,224.14054508441498,319.10473628563307,149.00733475382492,105.72155837549104,202.3833511107837,173.04215756571796,220.53959569276822,187.6294526179825
2006-11-20,173.970290211095,149.09118423363412,224.8353807741767,317.6368544987191,149.24574648943104,105.82727993386652,202.0190610787843,172.5403353087774,220.0764625418134,187.61068967272072
2006-11-21,173.9180991240317,148.31591007561923,225.9145906018927,323.06844471064716,149.32036936267576,105.60504264600539,201.9180515482449,172.41955707406126,220.47260017438867,187.629450741688
2006-11-22,174.47463704122862,148.06377302849066,226.8182489643003,321.22695457579647,150.52986435451342,105.25654600527356,202.8064909750572,172.78163814391678,220.84740359468515,188.21110203898726
2006-11-24,173.89887073899254,147.60477533210232,226.65947619002526,319.8778013665781,150.09332774788533,105.18286642306987,201.7924585201819,171.84861729793963,221.22284418079613,187.60882651246249
2006-11-27,172.02076293501142,144.18034454439754,222.6249375138428,318.7902168419318,146.43105055083694,104.08896461226995,198.42252446289484,170.40508891263696,219.07698259224242,184.70088970151932
2006-11-28,172.60563352899047,144.05058223430757,223.02566240136775,324.8153519402443,146.95820233281995,104.50532047071903,198.50189347268,170.7629395993535,220.7419676599435,184.8301803243104
2006-11-29,174.2108659208101,145.2750121832992,225.5235498202631,334.1375525409293,147.86934318728345,105.73848325227353,200.38766146067047,172.18027199802813,223.96480038777864,185.99461046035353
2006-11-30,174.3676557001388,144.9844621589326,225.50099746528107,336.97772173752713,148.07636026774566,106.1508633369574,199.78649847628844,172.1458359436285,224.3007475883603,186.16200560976785
2006-12-01,173.89686302974843,144.62200100353527,224.37349247795467,338.86479697925733,146.7584806613627,106.21455385495958,199.22709628055483,172.4384838647327,225.1530904291961,185.47320618901168
2006-12-04,175.75755946416672,146.25622961487522,227.38009727715928,338.93256993865316,148.85712693482017,107.09613465195574,202.2354254343912,171.86943686797906,227.134437624973,187.73597930451763
2006-12-05,176.8296805768981,146.81200328741176,228.28961766626793,340.8983788442974,149.0208697744485,107.83509798105422,203.4083909019107,172.5053537843906,227.72498716279793,188.6371120051793
2006-12-06,176.8296805768981,144.99153444664785,228.38093351333438,338.13710197565854,148.38008003441837,108.13703625540117,203.77452600553414,172.7641118150672,226.88240471029556,188.80688540598393
2006-12-07,176.8296805768981,143.9765937055213,227.85565736625375,336.44641646578026,147.14852537013272,107.9640169973925,202.65376611250372,172.15943742371448,225.81605740815718,188.31598750392837
2006-12-08,176.91809541718655,144.48051178349064,228.12908415509327,335.9417468410816,147.6488303563912,108.49304068067973,202.75509299555995,172.64148384850085,225.2740988703776,188.59846148518426
2006-12-11,176.82963636947798,143.81590142928658,227.58157435312106,335.7065876182928,147.9588929001396,109.52372456714619,202.9172970699564,172.64148384850085,226.13014044608502,189.40943486957056
2006-12-12,177.23634453312778,142.76604534885277,226.10229411982576,336.00872354714926,147.2338943249289,109.91800997558792,201.4968759904667,172.43431406788267,227.05727402191397,189.37155298259665
2006-12-13,176.95276638187477,142.35202381734112,226.07968389041378,339.10000380378307,147.39585160868634,109.90701817459036,202.4036119324238,172.02047171411974,228.03362030020818,189.46623875908796
2006-12-14,177.57210106421132,143.59048642455195,227.1874743414768,345.1698938718708,148.92876846541668,110.11584150912208,205.01461852635202,172.82896793117607,228.58090098892868,191.0577551646643
2006-12-15,177.92724526633975,141.96791392795453,227.3465055735158,341.02785514540835,149.047911480189,110.44618903364945,204.1125542048361,173.2437574542109,228.05516491665415,192.07036126703701
2006-12-18,177.5358053267538,141.4284358550283,226.02789584118943,331.71779469993874,147.91514735293953,110.12589508545186,203.54103905306255,172.81064806057537,226.04827946538757,192.45450198957107
2006-12-19,177.92638409847268,141.66886419598185,227.090226951643,337.0252794151378,147.5453594845572,109.91665588478949,203.09324876714578,173.22539361592075,227.38196431423336,192.62771104136166
2006-12-20,178.0153472905219,142.9438839737457,227.61253447363177,332.87986847833156,147.60437762835102,109.67483924184296,202.6667529447348,173.01752314358166,226.47243645697642,192.66623658356994
2006-12-21,177.92633961687665,142.61511304060608,226.26962052023734,331.1156051753964,146.64494917376675,109.97096130779593,201.99795266001718,172.5849793357227,225.6344884420856,192.04970462650252
2006-12-22,177.46373113387278,142.28709828061267,225.11564545558414,328.4997918945108,145.5451120549635,109.34412682834149,202.11915143161315,171.73931293697765,225.4088539536435,191.22389089660857
2006-12-26,178.08485419284133,143.11236345064026,226.601408715591,329.2881913950576,146.37471919367678,109.9564539385802,202.42233015876056,171.91105224991463,226.55843910880708,192.37123424198822
2006-12-27,178.92185300754767,145.23042642970972,228.45954026705883,332.97621913868227,147.5018045314681,110.77013169772569,203.75831753780838,172.89094524773915,227.50998455306407,193.89096699249993
2006-12-28,179.08288267525444,144.3880899564174,227.95692927847134,333.67546919887354,147.1478002005926,110.91413286893274,203.24892174396388,172.97739072036302,226.6454466117624,193.32868318822167
2006-12-29,177.93675222613282,143.81053759659173,226.68037047451185,330.4721846945643,146.69164201997077,110.90304145564585,202.63917497873197,172.3546721137697,225.92018118260478,192.1493782207735
2007-01-03,178.48835615803387,143.3934870375616,226.36301795584757,318.11252498698764,147.10237861762667,111.05830571368375,203.95632961609368,172.76832332684276,226.62053374427086,192.78347116890208
2007-01-04,178.77393752788672,143.66593466293298,225.5254747894109,312.1956320222297,149.33833477261462,111.1471523582547,204.58859423790358,174.92792736842827,226.09930651665903,192.5714093506163
2007-01-05,177.68341650896662,142.63153993335987,223.74382353857456,314.8180753312164,148.26309876225181,109.86896010613478,202.8086734680338,174.00080935337562,222.27822823652747,190.915295230201
2007-01-08,178.3586134917007,143.24485555507331,224.72829636214428,315.29030244421324,148.67823543878612,110.374357322623,202.7275499986466,174.1574100817936,222.2337725908802,191.5834987635067
2007-01-09,178.64398727328742,144.47676131284695,224.84066051032534,311.79058008708245,149.28781620408515,109.53551220697106,203.84255152363914,174.4186461969163,222.70046351332104,191.4302319644959
2007-01-10,179.60866480456318,144.86684856839162,225.82995941657077,306.8019308056891,150.123827974828,110.13795752410942,204.71907449519077,174.52329738463445,222.90089393048302,192.11938079956806
2007-01-11,180.90184719115604,147.12677140605854,227.8624290513199,304.6543172900493,151.58002910618384,110.84284045226372,207.42136627852733,176.4430536558654,223.0792146456274,193.52185227940492
2007-01-12,180.23251035654877,147.47987565743307,229.4802522975843,312.9409147203387,152.3530872546254,111.5522346311582,208.52069951980354,177.11353725975772,221.9861264938638,194.14112220669904
2007-01-16,180.98948690004627,147.77483540874795,229.38846019666528,309.02915328633446,151.92649861031245,111.52992418423197,209.02114919865107,177.64487787153698,222.40790013420212,194.62647501221576
2007-01-17,180.66370582362617,147.87827779353407,230.16838096133395,312.61389146445595,150.39204097434828,111.19533441167928,209.06295342849077,178.40875084638458,222.58582645430945,194.1009835296828
2007-01-18,180.19398018848477,147.05015943789027,228.78737067556597,310.4568556133512,147.79025866549208,112.29616822235491,209.43926674466206,179.14022672485476,222.00710330552823,193.26634930050517
2007-01-19,180.13992199442822,148.56477608010053,230.48039721856517,317.8767744625103,148.02672307935688,111.93682048404337,209.7324817181046,179.60599131433938,223.33914592536138,193.4402890148756
2007-01-22,179.76162815823992,147.80709572209201,228.35997756415435,315.810575428504,146.73889058856645,111.7913026174141,208.1175416088752,178.47447356905906,223.24981026699126,192.84062411892947
2007-01-23,180.3548415311621,148.1322713326806,230.94044531062931,323.35844818124525,146.7535644776253,112.3837965212864,208.49215318377117,177.61779609592756,224.50000920448642,193.18773724234356
2007-01-24,180.95001250821494,149.55434113747435,231.97967731452715,325.10458380142404,149.20434900440165,113.68744856093333,210.1809396245597,179.16307092196212,226.00415926615648,194.57868895048844
2007-01-25,179.6471724181558,147.99897598964463,229.7526724123077,318.6350025837757,147.6675442096563,112.3686741576265,207.76385881887728,177.69393374040203,224.44473056722,192.0880817319222
2007-01-26,179.6471724181558,148.13217506803528,229.82159821403138,319.9095425941108,147.9333457892337,112.20012114639006,207.07823808477497,176.78769467832598,224.9385089744679,191.93441126653664
2007-01-29,180.09629034920118,148.2358675905829,230.09738413188825,318.88583205780964,148.1848324770754,112.5030614734853,207.4095632657106,176.8053734477938,224.89352127267298,191.80005717865006
2007-01-30,180.13230960727103,147.9542194421608,231.22486131413447,325.5505459478178,148.85166422322223,113.32433382224174,207.7829004795889,177.61867816565365,226.28786110456355,192.6439774302361
2007-01-31,180.6546933051321,148.02819655188188,233.883947219247,326.10398187592915,149.6405780436053,113.99294739179298,210.0061775147205,178.3646766139494,226.98935347398773,194.165864851935
2007-02-01,181.7928178729544,149.81933773015962,236.48005903338068,329.9846192602527,149.461009349953,113.29759041270304,211.53922261057798,179.63106581790845,228.98685978455885,195.58327566535414
2007-02-02,181.50194936435767,150.79316342540565,236.361819003864,330.5455931129951,150.01401508454782,113.75078077435386,211.72960791092748,179.41550853892696,229.92570590967554,195.97444221668485
2007-02-05,180.93929332132817,150.64237026198023,235.81818682015512,329.88450192676913,149.90900527398864,113.55740444703746,211.51787830301654,179.2899176829497,231.94905212168067,195.73927288602485
2007-02-06,180.75835402800683,151.86257346110227,237.18593230371204,328.56496391906205,149.62417816396805,113.38706834036691,212.32164624056801,179.00305381465697,233.10879738228905,196.2481949955285
2007-02-07,180.75835402800683,152.39409246821614,237.4231182360157,326.65928712833147,150.7762843358306,113.7839230795582,212.80998602692134,179.02095412003845,233.3185952999331,196.79768994151596
2007-02-08,179.8545622578668,152.02834664629245,237.25692205325052,329.86054814218915,150.94213824860003,113.46532809493543,212.70358103390788,179.05675831086245,234.41519269784274,196.04985871973818
2007-02-09,179.67470769560893,152.0587523156217,236.07063744298426,328.6070780592488,149.26668051404056,112.03566496093926,211.29973739908405,178.21519154680138,234.41519269784274,194.20699004777268
2007-02-12,179.9262522863828,151.3288703045067,235.92899506051847,324.49948958350825,148.6248337878302,111.0721582422752,210.81374800306617,177.5914383763876,234.1573359858751,193.8379967666819
2007-02-13,181.13175817670154,151.9493186727552,238.7601430012447,328.4259334074687,149.1004332559513,112.42723857283094,212.39485111308917,177.98213954081567,235.74960587057902,195.46623593952202
2007-02-14,181.63892709959632,153.33205747267726,240.90898428825588,329.34552602100956,150.93436858499948,113.13553017583978,213.28690948776418,178.97883952224421,236.57472949112605,197.12769894500795
2007-02-15,182.4018105934146,153.9760521140625,241.82443842855125,326.90836912845407,151.58338636991496,113.19209794092768,214.58795963563952,179.10412470990977,235.29722595187397,197.12769894500795
2007-02-16,183.11317765472893,154.19161858702222,241.94535064776548,327.137204986844,151.21958624262717,113.65618554248549,214.45920685985814,178.638453985664,235.36781511965953,197.26568833426944
2007-02-20,183.4610926922729,155.20928326969656,243.20346647113388,324.94538571343213,152.11178180145868,113.88349791357047,216.98982550080447,178.94213935743963,236.49758063223385,198.27174334477422
2007-02-21,183.03913217908067,155.3955344096202,244.03035825713576,326.9925416434267,151.9596700196572,113.82655616461368,216.75113669275362,178.22637080000987,235.85903716452682,197.89502703241914
2007-02-22,182.32527956358226,154.9448873598323,243.3714762898415,329.77197824739585,152.53711676573192,113.70134695283261,216.07920816900608,177.58475586512984,236.30716933513943,197.637763497277
2007-02-23,182.12472175606234,154.54203065269672,243.66352206138933,330.761294182138,152.0947591271113,113.32613250788826,215.60383391103426,177.140793975467,238.12673453902002,196.17524404739714
2007-02-26,182.01544692300868,153.58387006265002,243.12746231285428,332.315872264794,151.4103327110393,113.46212386689774,214.91390164251897,177.67221635739338,242.96070725016216,194.978575058708
2007-02-27,176.66419278347223,147.3637233251127,234.0831207148161,319.1561637231082,145.5507528351221,108.9463313369952,207.69279454733032,172.92836818065098,236.37647208368273,188.66126922680587
2007-02-28,177.97150781006994,147.42266881444272,235.5110277511765,319.18807933948045,146.08929062061205,110.83110286912523,208.5651042844291,173.32610342746648,236.42374737809945,189.6989062075533
2007-03-01,177.82913060382188,146.81823587230352,235.2519656206502,318.03900225385837,145.68024060687432,110.91976775142052,207.3971397004363,171.90482937936127,237.39308474234969,189.566116973208
2007-03-02,175.64183229739487,144.33700768606158,231.88786251227492,312.8867704173458,143.4076288534071,109.89930588810746,205.28168887549185,170.11701915381593,233.9034063966371,187.7273256385679
2007-03-05,174.4474678377726,142.82146910535795,229.8472493221669,310.38367625400707,142.4898200287453,108.44863505038444,202.73619593343577,169.07930533697763,230.65214904772384,184.93018848655322
2007-03-06,177.22118257639318,144.9495089950278,233.1340649874739,315.877467323703,145.14013068127994,110.05367484913013,205.51368181772384,170.8715459735496,233.71982263005856,188.1664667850679
2007-03-07,176.97307292078622,144.97849889682678,233.01749795498017,320.11022538584064,144.35637397560106,109.28329912518622,205.78084960408688,170.51271572700512,234.02365839947765,187.3573509778921
2007-03-08,178.67201442082578,146.51527098513316,235.1379571863705,320.84647890422804,145.00597765849125,110.6165553745135,207.61229916556326,171.29707421934935,234.67892464299615,188.74379537512854
2007-03-09,179.52964009004572,146.64713472901977,235.98445383224146,319.98019341118663,145.06398004955466,110.76035689650037,207.57077670573017,171.8109654420074,234.96053935256776,188.81929289327857
2007-03-12,180.1759467943699,146.2658521787243,237.37676210985165,318.89226075358863,146.23899828795604,111.35846282374146,208.02743241448275,171.98277640744936,237.16916842248193,188.93258446901453
2007-03-13,176.89674456271237,143.04800343079236,232.60548919144367,314.71477213771664,143.3580900216833,109.87739526818572,203.72126456350296,169.40303476133764,233.99110156562068,184.09591030660778
2007-03-14,177.5512625175944,143.54867144280016,234.02438267551148,319.1837219020722,144.9780364389283,110.283941630678,203.8231251957847,169.70796022390803,235.53544283595377,185.0163898581408
2007-03-15,178.6165700927,144.0223820585614,235.52213872463471,318.1942523641758,145.09401886807947,110.16262929488425,205.2702693846748,169.74190181595282,238.07922561858206,186.58902917193498
2007-03-16,177.9021038123292,143.359879101092,234.4622891003739,314.88503213958836,144.93441544732457,109.78807635528165,205.0855261422286,169.28359868104974,236.745981955118,185.61876622024093
2007-03-19,179.28974022206538,145.55328525133874,237.13515919611817,320.521474214887,146.0649038878137,111.21532134790031,207.34146692979309,170.97643466786025,239.27916396203776,187.71625827852964
2007-03-20,180.61648429970867,146.33927299169596,238.3208349920987,323.7266889570359,146.82444138803035,111.97158553306603,209.1038693986963,172.07068384973454,242.50943267552526,188.97395720899578
2007-03-21,182.29621760369596,148.3880228135797,241.53816626449208,328.97106131813985,149.6141057744029,114.05425702398107,212.07314434415778,174.11832498754637,245.44379681089913,192.7912311446175
2007-03-22,182.5149730648204,148.358345209017,241.63478153099786,334.85964331573456,149.00068794072786,114.36220351794582,211.9671077719857,174.3098551450327,245.76287374675329,192.13574095872582
2007-03-23,182.423715578288,148.65506189943503,242.4080128318971,337.10320292595,148.8069870464049,113.75608383930071,212.963353178514,173.42087488379303,246.4510097932442,192.52001244064328
2007-03-26,182.07711051868924,148.55100335610544,242.3837720306139,339.7326079087724,149.40221499459054,113.55132288838996,212.94205684319616,173.75037454607224,247.6093295392724,192.1927284194942
2007-03-27,180.9846478555771,146.70897091448973,240.5658937403843,339.8005544303541,148.55062236912138,113.267444581169,211.4727566509781,172.62099711152277,247.26267647791747,190.71284441066405
2007-03-28,181.16563250343268,145.5646409413567,238.73759294795732,339.1889134323795,147.31765220345767,112.07813641306672,209.50606001412405,171.740630026254,247.33685528086085,188.84385853543955
2007-03-29,182.05334410269947,145.78298790276875,239.59704828257,341.83458695715206,147.1261392555932,112.87389118159949,209.69461546813673,172.66802942839578,248.12833321775963,189.37262133933876
2007-03-30,182.74514681028973,145.78298790276875,239.35745123428745,337.97185612453626,147.3468284644766,113.3818236919167,210.23982146835385,172.89249786665272,246.58993755180956,189.1643114558655
2007-04-02,183.95126477923762,146.67226412897566,239.71648741113887,341.28398031455674,147.89201172979517,113.54055824508538,211.12282871852096,173.56677860833264,250.88060246521104,188.7481499706626
2007-04-03,185.71719692111833,147.9923145061364,241.65819095916908,342.649116235815,149.47445625530395,114.5170070459931,213.5718535316558,175.40658646158096,251.1314830676762,190.95650332531937
2007-04-04,186.72006978449238,148.16990528354378,241.9481807883201,344.73927584485347,150.2666708734571,114.28797303190112,213.2514957513583,176.19591610065805,250.42831491508673,190.63187726966632
2007-04-05,187.11218193103983,149.3700815163405,242.14173933295075,345.8769154551415,150.91281755821296,115.03084485660848,214.16847718308912,177.44690710497275,251.17959985983194,190.9940778364787
2007-04-09,186.68182391259845,149.5343886060085,243.01344959454937,345.6693893058684,150.76190474065473,114.90431092726621,214.70389837604685,177.5533752492357,253.01321093880875,191.01317724426235
2007-04-10,187.22320120194496,149.84841082208112,242.86764152479265,350.0593905500529,151.0031237882398,115.18008127349164,214.5536056471836,177.9262373372591,254.15177038803338,191.37610228102645
2007-04-11,186.24964055569484,148.30497219061368,241.11899450581413,347.8190104505326,149.76489817317622,114.54659082648743,212.85863216257087,177.801688971123,252.9318418901708,190.13215761619978
2007-04-12,187.47888818336241,149.04649705156672,243.19261785856412,352.5493489926598,150.99297033819624,115.25677968961165,213.77392428086992,179.54414552304002,252.3753918380124,190.83564659937971
2007-04-13,187.55387973863574,149.31478074625954,243.50876826178026,352.7608786020554,151.43084995217703,115.7754351982149,213.90218863543842,181.8423105857349,252.35015429882858,191.59898918577724
2007-04-16,188.54791530125055,151.2409414178863,245.82210156026716,354.94799604938817,152.74829834676095,116.55113061404292,216.34067358588243,183.44252291888935,254.01566531720084,194.70289281058683
2007-04-17,189.81118633376892,150.4393644283715,245.8712659805792,353.5282040651906,153.05379494345445,116.5045101617973,217.09786594343302,184.10291600139738,255.18413737765994,194.74183338914895
2007-04-18,189.88711080830242,150.01813420797205,245.69915609439278,351.8666215060842,152.62524431761278,116.18994798436044,216.4248625590084,183.42173521219217,255.5924319974642,195.92975857282275
2007-04-19,189.2225059204734,150.318170476388,245.3306073602512,348.06646199381845,152.41156897556812,116.1086150207714,216.46814753152017,184.5956343175502,254.28891059427713,195.20481846610332
2007-04-20,190.84981947138942,151.88147944934244,247.93111179826988,355.4802776342868,153.58513805668,117.14198169445625,218.9358844133795,185.64782943316024,256.5266530075067,196.5322112316728
2007-04-23,190.46811983244666,151.98779648495696,248.35259468832695,355.0892493288891,153.21653372534396,116.46255820062838,218.25718317169805,185.38792247195383,258.1684235867547,195.72642916562293
2007-04-24,190.77286882417857,154.3740048897708,248.55127676407758,353.27829415731173,154.0439030074608,116.10152427020644,217.7770173687203,184.96153025026837,259.4592657046885,195.0805319493764
2007-04-25,191.65042402076978,155.47006032448814,251.01193440404197,359.91992608746915,155.46110691512948,116.87940448281682,219.58456661288065,186.21926865597015,261.534939830326,197.03133726887015
2007-04-26,190.82632719748048,157.87984625951773,251.28804753188643,360.31583800616545,155.75648301826823,116.4469506862304,219.56260815621937,186.6289510470133,259.93957669736096,196.93282160023574
2007-04-27,190.482839808525,157.18517493597588,252.0670404792353,359.48711157875124,156.2081768190212,115.81813715252476,218.24523250728208,185.88243524282524,258.6658727715439,196.93282160023574
2007-04-30,189.320894485693,154.82739731193624,249.9244706351618,355.3530097955956,154.52112850937576,115.33170097648416,215.08067663592647,184.6370229266983,256.2861467420457,195.39674559175387
2007-05-01,189.5670116485244,155.22994854494726,249.69953861159016,356.8454924367371,155.04650034630765,115.74689509999949,215.5968702598527,185.6155991482098,258.6183506773983,195.63122168646402
2007-05-02,190.47693330443732,158.17931756730127,252.1216241361226,359.5932027285,156.2248537489396,117.44837445796948,217.17072741274964,186.50655402412121,260.2217844515982,197.235397704293
2007-05-03,190.9150302510375,156.89806509500613,252.67629170922206,362.9014601936022,157.14658038605833,118.38796145363324,217.01870790356068,186.7863138551574,259.7794074180305,198.24129823258494
2007-05-04,191.1059452812885,157.60410638793365,253.25744718015324,362.5748488794279,157.64944944329372,118.49451061894149,217.06211164514139,187.6455308988911,260.2989662328666,198.95496690622224
2007-05-07,191.3543830101542,156.87912749854917,254.44775718189993,363.0099386980833,157.6809793331824,118.83814469973642,217.3442923902801,188.1521738323181,262.1731187897432,199.37277233672532
2007-05-08,190.55069460151157,157.25563740454567,254.11697509756345,363.8085605632191,158.2801670546485,118.60046841033693,216.36624307452385,187.53127165867144,260.86225319579455,199.07371317822026
2007-05-09,190.87463078233415,158.4193291213393,255.99744071328544,363.8449414192754,158.5492433386414,118.73092892558832,218.0755363948126,187.75630918466186,261.3839777021861,199.96954488752223
2007-05-10,188.7177474544938,156.1222488490799,252.43907628737077,356.9682720264511,156.66250734291157,117.24679231401846,215.7421281553881,183.81342669178395,258.378061958611,197.28995298602945
2007-05-11,189.7556950654935,157.98010361038394,255.01395486550194,364.821574011033,158.54245743102652,119.00549419872873,216.0225929219901,185.00821396528053,260.419248648084,198.9669175864107
2007-05-14,189.6987683569739,158.50143795229823,254.8864478880692,366.0984495200717,157.65461966941274,119.18400244002683,215.39612740251633,184.95271150109096,261.35675794321713,197.77311608089224
2007-05-15,190.3627140462233,158.13688464500794,254.911936532858,365.40286246598356,156.51950640779296,119.4938808463709,214.16836947632197,184.1944053839365,261.5658433495717,197.33801522551425
2007-05-16,192.0759784726393,158.34246259504647,256.3904257647486,366.9740947745873,158.06904952123014,120.74856659525778,215.53904704097042,185.667960627008,262.7428896446447,199.3508629808145
2007-05-17,191.48054293937412,157.89910369978034,256.59553810536033,371.3043890929274,157.65806999247494,120.32594661217439,215.7114782786032,184.70248723174757,261.9546609757108,198.97209634115097
2007-05-18,192.74431452277398,159.43072500566822,257.72455847302393,377.65369414641646,158.71437906142452,121.26448899574936,217.95487765270067,185.73682116024534,263.5525844076626,199.88736798432026
2007-05-21,192.82141224858307,160.57862622570903,258.49773214844294,380.7882198078317,159.6031795841685,121.96782303192471,217.736922775048,186.27545794161006,264.68586052061556,200.3071314570873
2007-05-22,193.28418363797965,160.7873784398025,258.03243623057574,377.97038698125374,160.03410816904574,121.79706807968003,217.4103173908854,186.61075376590495,263.9182715251058,201.08832926976996
2007-05-23,192.8976152707037,161.07679572099414,257.7744037943452,378.34835736823493,158.78584212532715,122.22335781795893,217.17116604175547,186.83468667042405,260.85681957541453,201.06822043684298
2007-05-24,191.7209398175524,158.6445361056071,255.14510487564283,372.7488016791851,156.10236139340913,121.24557095541526,216.28076426098426,185.91919670573895,254.12671363036884,199.31892691904244
2007-05-25,192.6220282346949,159.24738534280843,257.39038179854845,378.48913322504455,157.6165542989252,122.03366716662545,217.08100308874992,186.10511590244468,253.9234122594645,199.85708802172383
2007-05-29,193.45030295610408,159.08813795746562,258.2397700584837,375.61261581253416,158.6095385910084,122.11909073364207,217.68882989739836,186.2539999951666,255.70087614528072,200.43667357698683
2007-05-30,194.74641998590997,159.78812576447845,261.0029355981095,382.97462308245986,159.8942758535956,123.85318182205978,218.82081181286486,186.06774599517144,258.84599692186765,201.65933728580643
2007-05-31,194.76589462790855,159.74018932674912,261.91644587270287,380.7533702685816,160.5658318121807,123.77886991296654,220.1556187649233,186.73758988075406,259.33780431601923,201.5988394846207
2007-06-01,196.0708261219155,160.4270721408541,263.33079468041547,385.43663672288517,160.91907664216748,123.17235345039299,222.81950175197886,187.11106506051559,258.637592244366,202.52619414624996
2007-06-04,195.8747552957936,161.0206523077753,263.620458554564,389.67643972683686,161.38574196442977,123.55418774608921,224.15641876249074,186.92395399545507,258.35309089289717,202.58695200449384
2007-06-05,194.1510574491906,160.55369241608275,263.0141314998885,388.54637805162906,161.03069333210803,122.65224217554275,222.16142663550457,186.08279620247555,254.83948885675375,201.35117159726641
2007-06-06,193.1220568447099,158.80365716874743,260.1209760533897,383.68954832598365,159.58141709211904,121.81820692874908,220.65072893438312,184.33361791817228,251.45012365495893,199.70009199016883
2007-06-07,190.32178702046164,155.69110548824,255.386774289218,376.1692331787944,156.8844911432622,119.73511559026745,217.1865124901133,181.1077796046043,243.1271245619798,196.52486052752514
2007-06-08,191.7872647805192,157.87078096507537,258.86003441955137,378.8776516576818,159.22207006129682,120.98036079240624,219.5104081737575,182.39364483979702,245.46114495777482,198.66698150727512
2007-06-11,191.92151586586556,158.29703207368107,258.3682003541542,380.84781544630175,158.93547033518647,120.98036079240624,218.720170704332,182.52132039118484,247.67029526239477,199.20338235734476
2007-06-12,190.44372019369837,156.8406993786032,255.73284471054185,376.9631677287495,157.5209446492033,119.359223957788,216.2923768095139,180.84212424358594,244.2276781582475,197.01214515141396
2007-06-13,192.72904483602275,159.42857091835018,260.31046263086057,383.2207563130467,159.5687169296429,120.89895794684344,218.73648066746142,182.57820863632438,248.91684957888586,199.75061396901864
2007-06-14,193.0374113077604,160.91125662789082,262.23676005432895,390.15705200231287,160.7495254349223,121.99913846415973,219.13020633266288,182.97988069532428,250.13654214182236,200.05023988997218
2007-06-15,193.82886469412222,162.63300707380927,264.07241737470923,395.22909367834285,162.1801962112931,122.3651358795522,219.8533360135607,184.48031571702592,253.71349469445042,201.07049611341105
2007-06-18,193.92577912646928,162.0800548497583,263.5178652982224,396.4938267781136,162.4721205644734,122.13264212138104,219.43561467513493,183.5579141384408,251.50618729060866,200.86942561729762
2007-06-19,193.2082537437013,162.27455091557803,264.2293635345276,394.8682020883233,162.48836777652986,122.92650429517,218.755364269642,183.75982784399307,251.85829595281555,201.91394663050758
2007-06-20,191.04432130177187,161.5929978017326,261.6663387082426,382.9036955650471,160.92847944587515,121.42680094276892,217.88034281256344,181.18719025417718,245.71295353156682,199.41021369228932
2007-06-21,192.458049279405,162.62719298766368,263.2101701066212,390.2937368894526,162.5538570882785,121.70608258493729,218.16358725821976,181.69451438688887,247.7277997505257,199.82897514104312
2007-06-22,190.66818942110652,161.87910789992043,260.9992046777256,384.79059519931127,160.60321080321916,120.34297445998598,215.9165023094601,178.8055716081373,243.16960823511602,197.07133528409673
2007-06-25,190.3059198612064,160.81070578778093,259.51150921106256,382.55880974715524,160.1374614918898,120.11432280851201,215.37671105368648,178.41219935059942,243.8261661773508,196.18451427531832
2007-06-26,190.83877643681777,160.19962510578736,258.0582447594806,376.3231011482766,159.897255299652,119.9461627565801,214.4505911961556,179.35778400715762,242.89962674587687,195.5567238296373
2007-06-27,192.51815766946174,162.266200269652,259.83884664832095,381.8926830452711,161.81602236324778,120.66583973311957,216.59509710811716,180.79264627921486,246.42167133369207,196.92562089644474
2007-06-28,192.71067582713118,163.27225071132384,259.8648305329858,381.5489796305303,161.9616567833747,121.12436992410542,216.29186397216577,180.97343892549407,246.05203882669153,197.02408370689295
2007-06-29,192.71067582713118,162.76610673411872,260.1246953635188,384.0672028960918,161.41098715031123,121.57253009282462,215.79439268502983,180.41242126482504,246.7163793315236,196.0192608799878
2007-07-02,194.27163230133092,165.38664105253804,264.130615672117,388.8296362120033,162.78298054108888,123.29886002014274,217.30495343382498,182.00005057195548,251.37931890088936,198.01865734096367
2007-07-03,194.03850634256935,165.48587303716954,264.5796377187596,391.66809255635104,163.93873970293063,123.55778762618503,217.34841442451173,182.3458506680422,251.40445683277943,199.0879580906049
2007-07-05,194.31016025144896,164.22818040208705,265.4792084870034,391.47225851007283,164.90597826717791,123.28596049340743,217.5005583146089,182.50996193364344,250.72566479933093,198.90877892832336
2007-07-06,194.87365971617814,164.77013339741396,266.6738649251949,395.5827172244286,165.48314919111306,123.6928041630357,219.6103137302606,182.30920097551643,249.77290727309347,199.7640866777151
2007-07-09,194.9516091800646,166.76385201152266,267.90056470385076,400.8044090917911,165.59898739554683,123.44541855470963,218.97344382044284,182.2180463750287,250.622135157822,199.5043933650341
2007-07-10,192.39774309980575,164.59592193537287,264.3910673062303,398.078939109967,164.1748361039451,121.22340102072486,214.76915369909034,180.28653508345337,247.31392297373876,195.75371076977143
2007-07-11,192.95569655479517,164.33256846027626,266.6648304850639,400.5072206385377,164.9957102844648,122.10833184817615,215.6497072292566,181.6026267895626,248.55049258860743,196.8107808079282
2007-07-12,195.44482504035201,166.51819162079795,272.26479192525017,408.7977201057554,168.37812234529633,123.41489099895162,219.898006461673,184.05426225122173,252.4278802729897,200.45178025287487
2007-07-13,196.2852377880255,166.91783528068785,273.2449451761811,412.4768995867072,168.29393328412368,123.62469631364985,220.60168008235036,183.99904597254638,255.2803153200745,201.0130452375829
2007-07-16,195.77489616977664,166.51723247601421,273.1629716926283,406.3722414728239,168.3444214641089,123.97084546332806,219.3663106738892,183.79664702197658,251.52769468486937,200.63112045163146
2007-07-17,194.8547541577787,166.1675462878146,274.6107354425992,402.8774401961575,169.50599797221125,123.88406587150374,218.42303553799147,182.8592841221645,251.251014220716,201.07250891662508
2007-07-18,193.9779077640687,166.5829651535341,274.17135826589106,411.1364277201788,168.31945598640576,123.77257021221939,218.0080317704693,181.9815595583781,253.11027172594933,199.72532310688368
2007-07-19,194.52104590580808,166.46635707792663,276.25506058871184,413.8088145003599,170.33928945824263,124.25528323604705,219.01086871661346,181.94516324646642,257.69156764418904,199.60548791301954
2007-07-20,192.20624545952896,163.46996265052397,272.0559836677634,409.9190116440566,168.5677608478769,122.95060276206856,216.44844155262905,180.4896019404947,253.877732443055,196.69124778948947
2007-07-23,193.30182105864827,164.5161704114873,273.38905798773544,411.35372818481085,169.07346413042052,124.33994457327992,216.1887034227659,182.0237635569889,254.99479446580443,197.0256229107316
2007-07-24,190.18966173960405,161.39036317366907,268.7687829077427,397.9847320188045,166.35138135792076,122.88516722177253,212.57835207560572,179.54824037261386,246.2739724950739,192.33641308545617
2007-07-25,190.87434452186665,158.66286603603405,268.7419060294519,403.55651826706776,166.5510030155503,123.08178348932739,212.5358364051906,180.35620745429063,246.81577523456303,193.1442260204151
2007-07-26,187.05685763142932,154.1727069272143,262.5877163813775,388.38279318022603,164.00277266941237,119.61087719492835,207.15867974413925,177.07372447862252,239.781525640378,188.4894501733231
2007-07-27,184.26971045272103,151.8138645112279,259.14781729678145,379.25579754049073,161.313127197634,117.93632491419936,204.36203756759338,173.88639743800732,235.60932709423543,186.32182149632987
2007-07-30,185.4674635706637,154.88050457435472,262.95729021104415,383.46553689319023,162.4584504007372,119.04492636839285,206.2830407207288,174.79060670468496,238.01254223059664,188.16640752914356
2007-07-31,184.68850022366692,153.31621147815372,260.01216856068044,379.82261429270494,159.68041089888462,117.79495464152474,204.2202103135215,173.11261688032,237.53651714613545,185.6261610275001
2007-08-01,186.38763442572468,154.3894249585008,261.5462403551885,380.4683127370025,161.197374802424,118.19545748730593,205.2413113650891,174.34171646017026,243.28490086107192,185.73753672411658
2007-08-02,187.03999114621473,154.85259323337627,262.8278169329289,377.99526870421204,162.79322881296804,118.96372796097342,207.33477274101298,175.54467430374544,245.20685157787437,186.72194566875442
2007-08-03,184.47754326751158,149.55663454479483,257.098170523791,364.5386371383421,158.96758793586326,116.13239123550223,201.46719867244235,173.06949439606262,236.600091087491,180.67215462908678
2007-08-06,189.1079296035261,151.14193487096964,260.6204154599669,367.96530032744255,160.98647630264873,117.0266106480156,205.91962376310332,176.73856767725917,243.84005387476822,186.48979800814337
2007-08-07,190.3749527318697,151.89764454532445,261.1416562908869,375.50858898415515,161.01867359790924,117.15533991972845,207.07277365617668,177.4278480912005,248.5217829091638,188.14955721041582
2007-08-08,191.76468988681236,155.1330643741399,262.7607345598904,382.83100646934616,164.01362092683033,117.31935739561608,210.07532887419123,180.12475138218676,251.13126162971002,191.7620287088558
2007-08-09,187.5266902403138,151.33230429697346,255.71874687368532,370.35071565844555,160.24130764551325,114.05787926001794,203.7100464093032,176.63033120537233,244.80275383664133,185.7790534131395
2007-08-10,187.02036817666496,151.6803685968565,257.5087781018011,375.23934510513703,160.1611869916905,113.98944453246192,204.19895052068554,175.34092978757312,243.67666116899275,185.59327435972637
2007-08-13,187.0016661398473,151.86238503917272,257.89504126895383,372.27495427880643,160.68971890876307,115.10654108888005,204.32146989099795,175.34092978757312,243.82286716569413,184.83234193485148
2007-08-14,184.5519443134153,148.44548137579133,252.91766697246305,369.7062570942827,158.10261443433197,112.71232503423134,198.31441867620262,173.72779323352745,239.33652640984536,180.8399633490587
2007-08-15,182.7802456480065,145.0609244004233,247.58110419934408,362.20122007526874,155.32000842028773,111.35977713382057,195.6371740240739,172.92864538465324,235.65074390313373,178.50712782185585
2007-08-16,182.8350797217009,143.2766750302981,245.9965851324683,359.194949948644,154.24830036218776,110.75843433729796,196.86968822042553,172.46173804211463,235.3915280848403,182.2557775061148
2007-08-17,185.5044718856377,145.91296585085556,251.85130385862107,371.8026926918414,157.2407173892142,112.90714796344155,200.1967859513507,174.25534011775264,241.11154221730195,188.10618796406112
2007-08-20,185.2633160721864,147.57637366155532,254.36981689720727,372.2488559230717,157.3822340348645,112.44422865679144,200.89747470218046,174.30761671978797,240.77398605819772,187.35376321220488
2007-08-21,185.00394742968535,148.06337569463847,253.9628251901717,366.8512475121871,157.94881007739002,113.07391633726948,202.44438525738727,174.32504748145993,241.64077240800722,188.19685514665977
2007-08-22,187.03899085141188,150.6692911068641,258.63574117367085,370.40970461305534,159.79681115529547,114.8830989986658,204.792740126373,175.98113543253382,244.34714905897695,190.32347960981707
2007-08-23,186.75843236513475,148.30378323648634,257.16151744898093,371.7802205201237,159.74887211194888,115.31965477486072,203.23631530141256,176.24510713568262,244.88471278690668,189.4479916036119
2007-08-24,188.49528578613052,150.20207166191335,261.4046824868891,379.62478317309825,162.19302985526173,116.72655456311402,206.30518366246386,177.4611983749188,247.11316367326754,191.07724433140294
2007-08-27,188.11829521455826,148.7901721882914,259.99309720145993,376.8155597776173,161.17121376717358,116.62150066400723,204.79915582172788,176.3786850648318,239.99630455947744,188.86074829715866
2007-08-28,184.600483094046,144.4157411259556,253.28527529366224,367.1313998913326,157.62544706429574,113.62432809694225,200.78509236762204,173.97993494795008,236.54035777382094,183.70484986864625
2007-08-29,187.07412956750625,148.9792785455358,258.90820840518154,377.6680710682138,161.81828395620602,116.57856062746275,206.02558327841697,176.11988814780986,242.57213689705338,186.993166681295
2007-08-30,186.66256648245775,148.51744278204464,258.36450116753065,377.4037034184661,162.3361024648659,115.68090571063128,204.35677605386184,175.83809632677335,240.58304537449757,185.36632613116774
2007-08-31,188.04386947442794,150.53728000388045,261.8007490330589,380.6871156382067,164.30036930469078,116.76830622431123,207.36082066185358,177.17446585885682,241.93031042859477,187.81316163609915
2007-09-04,189.4353941085387,152.67490937993554,263.60717420138695,388.3389266625346,166.58414443802596,118.07611125402353,206.73873819986804,178.82218839134424,246.40602117152378,189.8039811494418
2007-09-05,187.65470140391844,150.50692566674047,261.1819881987342,388.1059233065371,165.23481286807794,116.52931419659582,203.65833100069,178.21419295081367,243.72019554075416,186.95692143220015
2007-09-06,188.64927132135924,150.52197635930713,262.95802571848554,391.32720246998133,165.73051730668215,116.78567868782834,203.8619893316907,179.67554933301034,246.3280016330402,187.36822665935097
2007-09-07,186.70618382674922,145.56980333708592,257.33072396810996,384.9877017899677,162.5816374778552,114.47332224980933,199.92745293758907,177.3217996367479,242.6577144087079,184.57644008212662
2007-09-10,186.53814826130517,144.07043436271394,256.1727357102535,381.8693014054689,162.5491211503596,114.08411295415999,198.88783018231362,177.26860309685688,242.85184058023486,184.20728720196237
2007-09-11,188.944490373876,146.0586063569194,259.52859854805786,388.9338834814701,164.97110305549995,115.4417138983145,202.3484784274859,179.1121965690642,245.57178119473352,186.5282990207071
2007-09-12,189.64358498825936,146.4383587334474,259.3209756692194,393.0176892580255,164.21223598144465,114.9684028713314,201.45814512240497,179.63162193911447,246.45583960703456,186.36042355158847
2007-09-13,189.94701472424057,148.53242726333568,260.48792005973087,396.3190378477929,164.4092906646224,116.09509321947047,204.31885078314315,180.15255364273787,246.89946011832723,188.48493238007657
2007-09-14,190.1369617389648,149.5573010114527,261.81640845203555,397.5872587689059,164.146235799559,115.73519843049012,205.21785372658897,180.0084315998237,247.8376780667769,188.61687183274262
2007-09-17,189.18627693026997,149.25818640942978,260.7429611773822,397.7462936724134,163.22701687908145,115.08708131927936,203.63767625289424,178.35235402910533,246.35065199837624,187.27769204273014
2007-09-18,192.83757207502418,153.76578363899455,268.82599297388106,409.28093618891336,166.78536584704545,117.63050581643543,210.70390361886967,181.6697078140467,251.52401569034214,194.46915541717095
2007-09-19,194.5152589520769,155.1342991133816,270.9766009176721,411.57290943157136,167.58593560311124,118.34805190191568,211.06210025502173,183.39557003828014,254.91958990216176,195.3248197010065
2007-09-20,193.309264346574,153.31922781375502,270.4346477158367,411.6140667225145,167.60269419667156,117.88649449949821,208.4027177918085,182.55195041610403,252.65080555203255,192.92232441868413
2007-09-21,193.65722102239783,152.59862744303035,272.57108143279186,414.2072353428663,168.79267332546794,118.78243185769442,208.02759289978323,183.61075172851744,253.61087861313027,193.4239224621727
2007-09-24,192.82449497200153,151.07264116860006,271.0991975930547,411.4734675896034,168.89394892946322,117.91532010513326,207.09146873173424,183.0599194733319,253.2811844709332,191.489683237551
2007-09-25,192.70880027501832,149.39573485162862,271.99382494511184,407.64676434102006,170.59977781365077,118.44593904560637,204.4614070788412,182.8951655458059,252.67330962820296,191.25989561766593
2007-09-26,194.36609595738346,153.08580950246383,274.71376319456294,408.9919986633455,171.09451716931036,119.33428358844841,205.99486763193252,184.13885267151736,254.51782478848887,192.23532108531606
2007-09-27,195.55172914272353,153.20827815006578,276.6367595369249,412.1821362529196,171.50514401051672,119.4894181571134,206.32445942014363,184.45188872105894,253.4488499243772,193.61941539713035
2007-09-28,195.55172914272353,153.0857115275457,276.08348601785104,410.5746259215332,171.1449832080946,119.1787456699049,206.0356051769554,183.4374033330931,250.30608418531494,192.72876608630355
2007-10-01,197.27258435917946,154.46348293129358,279.78300473049023,415.78892367073666,173.55812747132876,120.10833988613017,206.92155827921633,185.87712079742326,254.18582849018736,196.35206688872603
2007-10-02,197.25285710074357,156.17802759183098,278.80376421393356,411.09050883325733,173.76639722429437,119.96420987826681,208.70108368041755,185.46819113166896,253.82996833030109,197.6479905301916
2007-10-03,196.3849445295003,156.45914804149626,275.95996581895145,406.97960374492476,172.3588894067776,119.35239240788766,209.47327769003513,186.19151707708247,253.70305334613596,196.6992801756467
2007-10-04,196.4242215184062,155.27005851638089,276.9534216958997,408.7296160410279,172.4278329625403,120.09237724081656,208.57254259596795,186.86180653855996,255.6565668569012,197.0336689519453
2007-10-05,197.60276684751662,158.35993268085687,279.972213992385,411.14112077567,174.61766644116454,120.82494074198553,212.30599110843576,188.3753871715223,257.318334541471,199.634513382111
2007-10-08,197.10875993039784,157.50478904438026,279.0203084648109,408.30424704231785,175.7701430396762,120.01541363901423,211.62661193688876,187.5088603905333,256.39198853712173,198.75612152322972
2007-10-09,197.62124270621686,158.2450615528888,282.0616298270773,416.26617985964305,176.89507195513013,120.65149533130102,211.7112625816635,188.2026431739783,259.8789195812266,200.4455485561772
2007-10-10,197.6607669547581,156.52019038196232,281.1026202856653,419.18004311866054,177.35499914221347,120.18095449950894,212.2193696118595,187.9579797378521,258.2936581717812,199.50345447796315
2007-10-11,196.0399486657291,156.83323076272623,279.5284456120656,417.7548309720571,175.04938415336468,119.68821258606096,211.17949470076138,187.0369856371366,259.24934470701675,198.78524204184248
2007-10-12,197.13777237825718,159.01321267032813,281.73672033240086,420.59556382266703,177.0099372558824,120.50209243164616,211.622971639633,187.71031878543033,260.26041715137416,198.9840272838843
2007-10-15,195.87609063503635,156.03966559339298,279.65186860194115,424.96975768642267,175.75316670136561,119.39347318127503,208.93535989980964,186.15232313951125,257.6578129798604,196.0788604855396
2007-10-16,196.03279150754435,154.47926893745907,277.9459922034693,426.2021699837133,175.13803061791086,119.13080754027622,207.2429834846212,184.49556746356959,256.78177641572887,193.52983529922759
2007-10-17,196.75811283612228,153.66052881209055,277.64025161204546,424.6678421717719,177.30974219757294,119.40480839761887,206.99429190443962,184.31107189610603,256.3966037511053,193.8781890027662
2007-10-18,196.79746445868952,154.64395619648792,279.0006888449445,426.4939138931105,177.7707475272866,118.91524868318864,206.18701416601232,184.8455740046047,256.5248020529809,192.462878223046
2007-10-19,193.4912670557835,148.92212981721786,270.99336907509456,411.6092762982409,173.1664851663299,116.86990640583778,201.89832427135923,182.5165197721467,250.54777416514642,187.47808967706908
2007-10-22,194.6715637848238,149.2050818638706,272.18573989902495,406.95809147607076,174.84620007244328,117.23220311569588,203.95768717892707,182.1879900365568,251.90073214563822,188.95916658551795
2007-10-23,195.52811866547702,150.7717352234412,274.9892530199849,409.4812316432224,177.259077633443,117.87698023283222,204.01887448508074,184.35602711799183,252.1022527313547,190.6220072514705
2007-10-24,195.54767147734356,152.21914388158623,275.8142207790449,412.67518525003953,175.41558322605522,117.44083540597074,203.1619952122434,183.82139463934965,253.4131844455578,189.42108860578622
2007-10-25,196.46674553328705,150.36207032623088,275.06952238294144,416.22419184318983,174.64375465986058,115.12725094847312,203.9136945945287,183.6191911052464,257.8225738549105,188.5686937070602
2007-10-26,198.17600621942663,151.51985826774285,276.6649256127625,421.9264632714416,178.3811310095816,116.45121433438057,206.21791934344688,184.5740108989937,261.6383479479632,191.9440733244166
2007-10-29,199.02816304617016,152.77747309136512,278.26958218131654,425.30187497761307,179.23736043842757,116.87043870598434,207.16652177242673,185.09081812951084,263.3128333748302,192.25118384173564
2007-10-30,198.07282786354853,152.28858517747275,274.84686632048636,413.73366397822207,179.73922504765517,115.50305457312433,207.08365516371776,184.73914557506475,262.9705266914429,191.15535209383776
2007-10-31,199.85548331432045,154.52722737958157,278.72220713560523,422.0497106241843,182.83073971847486,116.5656826751971,208.38828219124917,186.0138456795327,267.0991639604985,193.23894543166057
2007-11-01,195.23882164975964,149.62871427164885,271.58691863293376,409.8102690160829,179.576352551486,113.69816688138725,202.7201209156472,182.72140061100498,261.75718068128856,186.35963897429346
2007-11-02,195.2778694140896,151.0651499286567,274.00404220876686,412.6379598722938,180.81542938409123,113.88008394839748,202.45658475845687,182.75794489112715,263.82506240867076,184.83148993470425
2007-11-05,194.75061916667156,149.2976876744914,272.9902272525944,410.90488044083014,180.27298309593897,113.08292336075868,200.06759705830706,182.22794685094289,265.8301328829766,182.90924243938335
2007-11-06,196.46442461533823,150.5667180197246,277.27617382046014,422.3280361170852,182.1838767167559,113.80665407026753,201.64813107506768,183.01152702240194,266.22887808230115,185.39680813655897
2007-11-07,193.3209938214928,144.90540942218294,270.76018373567933,410.16498867691314,177.57462463582198,111.02977171095301,197.8168165846414,179.29639302384717,260.0789909986,178.37026910818338
2007-11-08,195.5828494492043,145.44155943704504,272.1952127094785,416.4815295025376,172.01653888472075,110.97425682509754,198.33114030776147,180.01357859594256,264.37029435007685,179.3513055882784
2007-11-09,194.2724443578946,141.703711359513,267.8945283486687,407.86036184183513,166.89044602595607,109.06549960770586,193.86868965083684,179.04150527152447,261.46222111222596,178.5980301048076
2007-11-12,192.2714381810083,140.3008446170538,262.8849006685486,393.17738881552907,164.42046742477189,107.21138611437486,194.9931280508117,179.36377998101324,257.27882557443036,178.02651640847222
2007-11-13,195.94382265026556,143.9486665770972,268.24775264218704,401.94524458611534,170.42181448577608,110.10609353946296,201.36940333807325,181.76725463275883,259.3627840615833,184.63130016722653
2007-11-14,195.51274624043498,142.1349133782258,267.9258553390164,400.57863075452264,168.206330897461,108.56460822991048,199.23488766268966,181.58548737812606,258.8959310502724,183.7266067964071
2007-11-15,194.16370829137597,139.63333890276903,264.6035747328126,391.60566942562133,166.9784246819095,108.46690008250354,198.07932531424606,181.02257236725384,259.1289373882176,179.5743854828083
2007-11-16,195.5616869910739,138.01359217149692,264.8152575925988,397.5580756008908,168.7817916684741,109.32378859315533,198.27740463956027,181.78286717119633,260.24319181898693,179.17932183474613
2007-11-19,193.78207563945514,134.1216088722607,259.83673074985796,392.1115299651586,166.16567389761278,106.68908528806027,194.19289010398535,179.910503639333,260.24319181898693,174.681920856694
2007-11-20,195.09979375380343,133.77289268919282,261.7595225574069,403.79645355812033,166.58108808235679,106.59306511130102,194.3676637050789,180.25233359624775,263.3400858016329,173.7211702919822
2007-11-21,192.71957627000702,133.05051906867118,258.5922323344623,397.01267313834387,164.31558528443674,104.98350982812038,192.19074587158204,177.35027102534815,260.52234688355543,170.33360747128853
2007-11-23,194.85876356660413,135.15271726995618,262.8590041679809,403.32517464124356,166.35309854196373,106.16982348917814,195.72705559561916,179.90411492811316,261.30391392420603,174.14908027864539
2007-11-26,192.32559964023827,133.50385411926274,259.2841217112964,392.3950624084659,162.72660099374892,103.62174772543786,191.89080530594504,177.7632559604686,259.4486561353442,169.29032093887116
2007-11-27,195.7297627538705,134.66533765010033,262.05846181360727,390.78624265259117,165.03731872786014,104.51289475587662,194.0783604864328,181.56738963802263,260.9794032065427,172.4052628441464
2007-11-28,199.6052120563971,139.44595713667889,270.18227412982907,397.4296087776852,170.0379494853143,107.1675222826759,199.92011913707444,184.98085656321746,264.47652720951044,179.249751779059
2007-11-29,199.88465935327608,139.0136746695552,270.56052931361086,401.0859611784399,170.46304435902758,108.03557921316558,198.90052652947537,185.57279530421977,264.1062600714171,178.2638781442742
2007-11-30,201.52371355997298,140.65403603065593,271.3722109015516,403.6930199260998,169.09934000415535,109.33200616372356,200.57129095232295,186.12951369013243,265.1626851117028,181.63306544120098
2007-12-03,200.83853293386906,137.883151520852,270.63950593211746,404.21782085200374,167.59435587811836,109.41947176865452,199.94951995037076,184.43573511555223,266.96579137046234,179.78040817370072
2007-12-04,200.61761054764182,136.50432000564348,269.0968607483044,400.8628129389321,167.07481337489617,108.59882573038962,200.609353366207,183.71643574860158,269.074821122289,177.42528482662522
2007-12-05,202.18242790991346,139.6302689337727,272.9180361709303,408.799896635123,171.03448645188124,108.37076819635581,202.05374071044372,185.3515120267641,273.11094343912333,180.42377214019518
2007-12-06,203.82010557598375,143.28858197983755,277.44847557136774,418.8972540820105,173.4289692622076,109.29191972602483,204.09448349161923,186.5192265525327,273.57523204296984,184.55547652220562
2007-12-07,203.61628547040777,143.4175417036194,278.16984160785324,418.64591572956124,173.39428346835516,109.43399922166867,205.0129086673315,186.2394477127039,273.76673470539987,183.89107680672566
2007-12-10,204.9194296974184,144.66527431644087,280.45083430903765,421.2833849986574,174.45198859751213,108.996263224782,205.93546675633445,186.6305505529006,274.1226314605169,186.33682812825515
2007-12-11,201.0464524761372,139.28372611186927,272.6262560318155,412.941973975684,170.9280584278424,108.35318527175579,200.84886072745297,183.84975534966236,268.366056199846,179.516900218761
2007-12-12,202.6347194506987,139.92443125198386,275.0798923361018,422.93516974589556,172.60315340043525,110.02182432494084,200.24631414527062,184.07037505608196,269.27850079092553,178.58341233762346
2007-12-13,203.26288708099588,139.29477131134993,276.73037169011843,425.59966131529467,172.82753749985582,110.05483087223831,199.2250579431297,183.59179208093616,271.9712857988348,178.13695380677942
2007-12-14,201.18960563276974,136.56459379364748,273.24356900682295,419.4710261923545,170.85730357235747,109.07534287747538,195.77846444071358,181.57228236804585,267.6197452260534,175.25113515510958
2007-12-17,198.55402179898044,134.89850574936497,267.8879950542892,412.256124541846,167.1497000848373,107.27559971999705,194.1926588787438,179.3026288384453,264.461832232386,172.8852448305156
2007-12-18,198.8717082338588,136.26098065743355,268.7988142374738,418.8109969220614,168.20274319537177,108.08016671789704,196.44529372173722,180.4680959258952,267.9791746010767,173.5594972853546
2007-12-19,199.74674375008777,136.16559797097335,268.42249589754135,420.82128970728724,168.62325005336018,107.17229331746671,194.85408684259116,179.89059801893234,267.2288329121937,173.33386993888365
2007-12-20,200.76545214321325,138.3442475385089,271.7509348466709,425.1557489912723,171.4561206542566,108.02967166400646,194.6982035731171,180.66412759041373,268.16413382738637,173.21253622992643
2007-12-21,203.27502029500343,141.48466195763305,276.58810148694164,433.99898857029075,174.23370980885556,109.97420575395857,197.3850387824261,182.6333665811492,270.81895875227747,176.53821692554104
2007-12-24,204.43368791068494,141.82422514633137,278.8561239191346,436.3859830074274,175.69727297124996,110.57906388560535,199.65496672842403,182.96210664099527,270.98145012752883,178.76259845880284
2007-12-26,204.02482053486358,142.4482517369752,279.46960739175665,440.8371200341032,176.24193451746083,111.24253826891896,198.2773474579979,182.74255211302608,269.97881876205696,178.65534089972758
2007-12-27,201.22968049353594,139.30014537358807,275.89239641714215,436.16424656174166,173.316318404471,109.89650355586504,195.81870834951874,180.45827021161327,267.8999818575891,175.29662049081267
2007-12-28,201.1290656532892,139.03547509737822,276.49935968925985,440.35142332873437,173.40297656367323,110.12728621333237,196.1516001537129,180.4402243845921,269.5341717469204,175.10379420827277
2007-12-31,199.4596944083669,137.6312167988947,274.06616532399437,434.93510082179097,171.54756471444193,109.05905153706303,195.17084215294435,178.7982183426923,267.4857120416438,175.31391876132273
2008-01-02,197.00634016714397,134.69967188107825,269.7907331449401,437.1532698359821,168.2366967154532,107.39044804854596,191.65776699419135,177.68966938896762,264.54336920918576,171.71998342671563
2008-01-03,198.18837820814684,133.47390486696045,270.81593793089087,438.72702160739163,167.93387066136538,107.25084046608286,188.24625874169473,178.25827633101233,265.04600161068316,171.05027549135144
2008-01-04,196.00830604785725,128.62880212028978,264.0726210764117,428.10982768449276,160.98140841598484,105.1165487408078,183.50245302140402,176.17265449793948,264.46290040713967,166.2608677775936
2008-01-07,199.86966967700005,128.84747108389428,261.74878201093924,423.78591842487936,159.532575740241,105.73673637837857,185.42922877812876,179.39661407525176,269.1967863244275,166.61001559992656
2008-01-08,199.64981304035533,125.45878259438786,256.61850588352485,417.30199387297876,155.40068202856872,102.93471286435154,181.83190173983306,181.0470629247441,268.8199108235733,161.9782571662486
2008-01-09,201.74613607727906,125.81006718565213,257.79895101058906,423.01903118903857,158.1201939640687,102.79060426634146,183.25019057340376,183.96192063783246,272.3145696642797,163.71142451792744
2008-01-10,203.15835902982,127.44559805906559,260.0418018843812,421.41155887052025,158.83173483690703,104.21939366564361,185.81569324143143,184.51380639974593,271.5248574122533,166.82194158376805
2008-01-11,199.5421402390892,124.11926794972396,255.17902018914324,416.1439143846388,155.6074506197178,102.2600690647295,180.70576167729206,184.8828340125454,269.5698784388851,165.10367558545525
2008-01-14,199.9212703055435,124.81433585024241,259.79776045456674,422.34445870896985,159.18642198397131,103.26221774156386,181.44665530016897,184.0878378262915,270.567286989109,166.49054646037308
2008-01-15,196.52260871034923,120.70794420076945,252.8611602504298,409.63189050182984,155.54105292053833,101.35186671334493,177.99916884946578,181.27129390754922,266.7793449712614,161.67896966766827
2008-01-16,194.65564392760092,120.97350167801113,249.9532569075499,396.76944914007237,152.7568680732607,101.68632787349898,180.82935563417226,182.25015889464999,263.2578576176408,162.7783866614084
2008-01-17,190.10070185969508,117.56204893069122,241.15490226440411,381.61285618292163,150.007244447942,99.25602463732235,179.0933938200842,179.02433108221467,253.85955210069105,156.86953122559927
2008-01-18,188.44682575351572,117.97351610194863,240.9137473621397,384.4367913186753,150.23225531461392,96.09968305385549,179.41576192896036,176.03462475314169,250.30551837128138,155.83419231951032
2008-01-22,185.2620743982813,118.84652012110305,239.05871150745122,374.4414347443897,146.0858450679306,94.65818780804766,183.7576233676412,171.5985522093625,242.44592509442313,157.1743663734581
2008-01-23,187.31848342410225,125.33554011971529,243.36176831458536,375.3026500443018,146.17349657497135,96.00233407492193,189.49086121671158,171.52991278847878,249.35563395961418,164.38866978999985
2008-01-24,189.041813471604,124.77153018917657,246.47679894901202,387.6125769657549,150.10556363283806,96.40554387803661,187.99388341309958,171.392688858248,243.89474557589864,165.67090141436185
2008-01-25,186.3763239016544,123.98546954898477,246.35356054953755,382.8061810113796,148.01909629834162,95.20047457956115,184.2904039098615,168.47901314765775,240.2851033413753,162.75509354946908
2008-01-28,190.047937482517,126.92392517729571,249.85178110934098,389.7349728876855,148.6259745931648,97.41864563726493,187.03633092811842,170.83771933172497,243.6010377674863,167.1332055659498
2008-01-29,189.51580325756595,127.52046762562898,251.12602519299867,392.96977316265327,148.8786387499732,99.33779295631906,188.96280513667804,171.14522722652208,244.67288233366324,169.20565731496757
2008-01-30,187.90491892987666,126.97212961483879,250.02107068214946,393.087664094602,148.64043292797325,98.36428258534713,187.79123574483066,169.1941716361397,244.1835365689959,167.9196943193738
2008-01-31,189.10751041102787,130.55274366997725,253.69638042117705,395.1710287143035,150.37952599323054,100.5676425152589,194.25125425445282,170.54772500922883,248.89627882477754,171.73147138042359
2008-02-01,191.79283705886445,132.81130613546785,258.66882947743215,398.529982458375,151.95851101615946,101.8146812824481,196.62111955635714,173.2935433818774,252.60483337926672,174.85698415954732
2008-02-04,190.3160322135112,129.8097706168063,257.7376216913134,398.37057046539167,149.92226696854294,101.3157893441641,192.76734561305256,174.19466980746319,256.41916636329364,171.23744458744468
2008-02-05,185.4439417888453,125.98038238361052,250.83025342998616,383.1926517306602,145.5445367730615,97.49618408588911,187.7939480962358,170.72819587829466,247.93169195666863,165.56948517160026
2008-02-06,184.88760996347878,124.05288253314129,249.14969073200527,377.06156930296964,143.59423998030246,97.2329443888572,185.3338473761751,170.60868614117985,247.60938075712494,164.29460013577892
2008-02-07,187.64243535193458,125.76481231209864,250.4701840928849,382.30272511628095,143.52244286031234,97.63159946085153,189.76332632846572,170.96696438207633,246.91607449100502,166.05255235723175
2008-02-08,187.06074380234358,124.01668142096047,250.26980794561058,387.6167329953973,145.0724852432037,97.13367830360117,188.43498304416644,169.20600464894093,246.5457003792685,163.92707968705918
2008-02-11,188.55722975276234,126.42260504052712,253.62342337208176,396.49315618099183,146.55222459268435,97.81361405172638,191.31803828474222,169.30752825173028,248.59202969241645,162.63205575753142
2008-02-12,190.2542448205372,127.42134362034727,255.70313544373283,396.9689479684091,146.46429325792874,99.34928779233849,191.66241075365477,171.1868418153245,250.65534353886352,163.90058579244015
2008-02-13,190.74890585707058,129.2689531028423,260.33136219526443,405.3052958757457,150.06731487207375,101.93236927493929,193.4832036558145,173.01854102274848,251.48250617254178,165.5232015917853
2008-02-14,189.35643884431397,126.36040165802835,257.3896178024579,405.67007064203375,147.20102915801715,101.14749003152225,189.0911349328275,170.82120555175956,249.1688671157544,162.75896412520248
2008-02-15,190.68193391622415,125.77914381040142,256.02545282810485,404.2502253947867,146.42086370347965,102.0274731947965,188.391497733576,171.0091088778665,249.7668723968322,163.31234460322815
2008-02-19,190.739138496399,125.64078675221,257.8688360884672,414.4373310747353,145.16164427562975,99.23192042925908,187.92051898924205,171.48793438272452,250.34133620334492,162.70808892819622
2008-02-20,191.3113559118882,126.36950331537282,259.98336054439267,421.27554703746847,147.26648811762638,97.83275035120653,190.26952547660758,171.05921454676772,250.94215541023294,164.61177356865613
2008-02-21,190.18261891200805,124.37286516298994,256.4475868409889,412.4708881043854,145.80854988526187,96.88377267279982,187.7008868826734,169.1604572652986,246.87689249258716,162.52120404433418
2008-02-22,191.03844069711207,125.59171924158723,258.21707519019174,415.68816103159963,145.96893929013567,98.63736895817749,189.44650513068225,169.21120540247816,249.246910660516,163.67510459304896
2008-02-25,193.2735904532683,127.95284356332905,263.32977327895753,426.7454661150402,147.32645042553395,99.78156243809237,191.87142039635498,172.73079847484968,251.04148841727175,165.63920584816557
2008-02-26,194.2786131236253,129.37312012688201,264.93608489595914,432.50652990759323,148.78498228474672,100.25053578155139,194.5192459978247,173.47354090829154,253.15023691997683,166.2851987509734
2008-02-27,193.98719520393985,129.36018281486935,264.1677702497609,429.17622962730474,149.70744917491214,99.65905762044022,193.8384286368323,171.9816684564802,249.1504631766412,167.06673918510296
2008-02-28,192.59048739847148,127.39390803608333,262.87334817553705,435.05594397319885,148.44990660184288,99.64909171467818,190.25241770705094,170.91538211205005,248.2535215092053,163.45809761870476
2008-02-29,188.87349099168097,122.73129100196267,255.5917564310747,422.61334397556533,144.97617878735977,96.70944350909518,185.21072863781407,168.94985521776147,241.32724825909847,158.14570944609684
2008-03-03,189.78008374844103,123.6640488135776,256.58856428115587,426.79721608092336,144.22230265766552,96.88352050741156,185.78488189659132,169.32154489924054,243.81291891616718,156.86472919958348
2008-03-04,189.2486995139454,122.9591637353402,254.56151462333474,420.4806172829257,144.39536942085473,96.19564751180893,186.02640224305688,169.49086644413975,246.25104810532883,156.23727028278515
2008-03-05,190.97086267952233,122.30748016754289,257.7180774046641,426.998066850811,145.52165330233743,96.93635399764987,186.0636075235055,169.1688337978959,247.03905145926592,156.44037873415277
2008-03-06,188.02991139425768,119.60448485584018,254.08425251325832,416.1523159528005,142.756741889593,95.2981296150896,181.44923005692254,165.78545712193798,241.92534309405912,151.66894718276112
2008-03-07,186.45046013854594,117.97786386180076,248.9263421872392,407.7044239389586,142.54260677675862,94.78351971516811,180.26981006155256,164.19391673356736,241.0060267903017,150.95610313100215
2008-03-10,185.0707267335207,115.25257520659315,243.4499626591199,403.5050683723874,140.7750784527268,92.95419778466535,177.80011366370928,161.55039467415693,239.3671858081276,147.37844348679738
2008-03-11,188.9016907769046,120.40436531832785,252.2141613148482,421.78384796965645,145.60366364365532,95.31523440839587,183.1341170736206,164.55523201509624,246.18915060365921,154.23154110893347
2008-03-12,188.14608401379695,119.33276646699473,252.03761140192782,415.4992686349086,145.03580935544505,94.24770378302183,182.20013307654511,164.37422125987962,243.28411862653604,152.24195422862823
2008-03-13,188.05201097179008,119.8816971927429,255.06206273875094,421.8148575181592,145.61595259286685,94.20057993113032,183.29333387500438,165.09746783342308,244.1842698654542,153.33809629907435
2008-03-14,184.85512678526962,117.26827619394112,251.4146752415868,414.9392753406133,142.54345599315735,92.47670931839063,180.45228719994182,162.01014518493807,241.5470797509073,148.8452900775115
2008-03-17,183.28385820759485,114.28966197861502,248.14628446344616,404.2338420368254,141.47438007320866,92.59692904050455,178.75603570026237,161.44310967679078,240.14610668835203,146.6721488423798
2008-03-18,188.39747785158676,119.68413402400562,256.9058483050058,418.7862603501511,147.16165015215165,95.68040677755336,185.40576022831212,165.46304310774286,245.0931164861321,155.51647941757534
2008-03-19,186.08018887401226,117.23060927651349,248.47933648060157,395.9624091610679,143.24715025810443,93.9772955369129,183.60732435409747,164.55299637065028,239.06382582057324,152.46835642099086
2008-03-20,188.10846293273897,120.30205123955815,249.94536456583717,398.0214136887055,145.62505295238896,95.69708004523841,190.0703021713617,166.19852633435679,240.06789388901964,159.84782487176682
2008-03-24,190.8924681841435,123.610357648646,255.29419536754608,403.71311990445395,149.49867936092252,98.40530741051866,194.51794724217157,167.7275527766329,239.87583957390842,161.81395311768952
2008-03-25,193.22135629599003,123.95646665006221,257.79607848214806,406.13539862388063,150.24617275772712,98.59227749459865,193.73987545320287,168.07978063746384,240.28362850118407,161.92722288487192
2008-03-26,192.1199945651029,121.92358059700119,257.0484698545498,414.5830149152573,148.80380949925294,96.99508259918615,191.60873682321764,167.7100051200614,241.53310336939023,158.3972094259817
2008-03-27,191.8126025737987,119.19249239162836,254.09241245122254,411.556558906376,145.6640491188187,96.54890521922988,189.13698411819811,167.4248981113573,242.5233890932047,156.0370910055346
2008-03-28,191.69751501225443,116.4868228143384,253.38095369635911,409.7045543912973,145.05226011251966,95.38066346607721,186.6214622294261,166.4370912125003,240.75296835282433,153.8525717314571
2008-03-31,191.10325271571645,117.65169104248179,255.20529656297293,410.4010521337625,145.96608935122853,96.66830242286926,188.6369740215039,165.98771106622655,243.30494981736425,155.0987775624819
2008-04-01,194.02713248226692,122.31069800776409,262.248962748111,418.2397122295173,150.92893638917027,99.61668564676677,195.57881466549523,169.39045914308417,248.94962465312713,163.30350289553718
2008-04-02,192.7077479813875,123.19133503341999,262.72101088105757,423.676828488501,150.4912424736417,99.39752893834388,195.26588856203043,168.22166497499688,250.766956913095,162.69927993482366
2008-04-03,193.01608037815774,123.80729170858709,263.6668065202294,424.14287299983835,150.65678284036272,99.87463707724793,194.62151112977574,168.28895364098688,249.71373569406,163.00840856669984
2008-04-04,193.26700128264935,123.9558604586374,266.646241433908,429.10534461393644,151.1388845454519,99.00572773467586,194.07657089861235,169.92135649130446,250.98727574609975,161.75324382073626
2008-04-07,193.61488188495812,123.3112899842525,266.2196074476137,430.4355711822397,150.65524011490646,99.82747527487366,193.2032263295686,170.71998686681357,251.76533630091268,162.4649580935475
2008-04-08,192.45319259364837,123.17564756526981,266.03325372240045,434.8690575654167,149.49519476602165,99.7176650520713,192.8361401995424,170.08832291540637,253.04933951604735,160.93778748746814
2008-04-09,190.66337790252746,119.837587516251,264.2774342478326,436.56504688992186,148.85236542852778,98.03243651269129,189.86646364046948,168.88069582270697,253.07464444999894,158.13746998518621
2008-04-10,192.43654731702097,120.54462928259689,265.9423820835939,436.4777338805439,150.84698712527006,98.10105921825016,191.7841149232382,171.0592567988199,252.23949812331395,158.18491122618178
2008-04-11,190.43520722492397,117.67566710567108,261.1022307296725,430.67258001993264,146.68361028061264,96.20770877533793,189.06078049132825,168.40783831843817,251.709795177255,153.6924597473582
2008-04-14,191.17790453310118,116.51067800132493,261.57221474498596,438.29548468628553,146.06753911743405,95.74591177321632,188.72047108644387,167.58263991067784,252.81731827603488,151.17190340750156
2008-04-15,191.88526277987364,116.88351217092918,262.6185036039659,443.42354185711514,146.11135937916927,95.6501658614431,190.3245950906786,166.87879282305298,255.19380106782964,152.4870989671468
2008-04-16,193.88086951278433,120.6588496140502,269.91929800415613,455.4846621956287,150.33397766522728,96.87448798446957,193.06526925998438,168.33063832061353,260.73150655100153,156.5280070897762
2008-04-17,193.62882438241772,120.11588479078699,267.65197590092123,455.07472599965257,150.2738440741612,97.16511144842298,193.25833452924434,166.36116985226235,260.6532870990363,157.31064712522505
2008-04-18,194.88741174090342,123.71936133451061,273.2191369996604,461.44577216364775,154.82714154960826,98.19506162977625,195.9832770461067,167.75860367902135,262.0086841919513,159.9534659969288
2008-04-21,194.88741174090342,124.7338600974536,273.7109314462598,464.6297479915769,155.87996611214558,98.40127125919878,195.6109088197191,166.7017244758435,260.67243990257236,158.01802905836598
2008-04-22,192.66569524705716,121.84003454319267,269.9337205923014,465.7913223615558,153.90029054252133,97.92894515715463,193.1657724594726,165.15139843821817,259.42121219103996,156.35883975325314
2008-04-23,193.41709145852067,121.76693052246677,269.3938531511168,461.5992004603018,156.05489461011663,99.08450671000905,194.6145157529187,166.5386701850992,261.3928134036919,155.73340439424013
2008-04-24,192.54671454695733,124.29968267733406,268.8281260594995,451.5363378902672,157.72468198244488,99.77809825697909,196.6774296198996,167.12155553074703,259.6676208352275,159.51772612102016
2008-04-25,191.83429170313357,123.36743505725407,272.10782919742536,457.1353884801065,156.24206997180988,100.04749912227294,199.23423620495828,168.241269952803,261.2515933223224,161.73502251410235
2008-04-28,191.70000769894136,124.94653822598691,271.1010302293949,456.4496853973863,155.820216382886,100.24759412051748,199.25415962857878,169.06565217557176,260.8074656136744,161.76736951860516
2008-04-29,189.16956759731536,124.60918257277676,268.06469869082565,450.19632470744216,156.42791522677928,101.32024337760699,200.6688641619417,167.2566496972931,258.53844066283546,161.28206741004934
2008-04-30,188.86689628915965,125.34437674995613,268.171924570302,454.06801309992613,155.3485626117145,101.12773491518954,198.08023581425266,166.72142841826178,258.8486867916309,160.5240416932221
2008-05-01,190.37783145947293,128.16462522683014,270.2904827744074,444.0331100104178,159.651717796059,104.65709286372964,201.92299238904917,169.5390205585304,261.20420984143476,165.002662456463
2008-05-02,190.92992717070538,127.98519475151258,271.5608480434471,449.0506841535355,159.39627504758528,104.87687275874347,201.01433892329848,169.16603471330166,264.1035765706747,165.34916804762156
2008-05-05,191.101764105159,126.7181413234726,271.5065358738384,454.43929236337794,158.5036559073188,104.25809920946688,199.3459199102351,168.59087019527644,261.8322858121669,163.69567636714535
2008-05-06,191.9426118672217,127.03493667678127,273.8686427359408,464.4824007246086,160.0411413696198,104.72726065590948,199.16650858231588,168.40542023806162,262.46068329811607,164.8742852369888
2008-05-07,189.6968833083752,124.34179601923351,269.95232114481684,458.49057775526114,157.91259418940388,103.89991529672777,197.27442675078387,166.01406327068116,259.2061708252195,160.34024239297162
2008-05-08,190.56948897159373,124.97593917893161,272.9217966774098,466.147370403774,158.90744353279712,104.32590494944436,196.54451137180598,166.41249702253077,260.70956661600576,159.74698349611762
2008-05-09,189.10210390651244,124.32606429520116,271.3934346160163,463.53694512951284,158.51017492396514,103.54346066232354,196.4462391161201,165.78012953384516,260.81385044265215,158.3412100413518
2008-05-12,191.5982516780784,126.47690520750817,275.0843853267941,463.62965251853876,160.57080719797665,104.7135017678078,200.3555192745309,167.08979255716255,262.8481984761048,160.3046410458645
2008-05-13,192.44128398546195,127.28635740083621,276.7348916387549,469.6104750360279,160.97223421597158,105.1009417243487,199.79452382056223,166.30447053214388,262.69048955701913,159.42296552011229
2008-05-14,193.30726976339653,128.41920598170364,276.7625651279188,466.18231856826486,161.63222037625707,106.39368330755818,201.87238686829608,167.20251467301748,263.9776729558485,160.3157341270249
2008-05-15,194.96971228336173,130.08865565946576,279.50251452268515,473.59461743350033,164.71939578544354,107.14907845904187,203.6690511114239,167.30283618182128,263.8984796539618,161.74254416075541
2008-05-16,195.0671971395034,129.36015918777275,280.6205245807759,485.33976394585113,164.6699799667079,106.91335048643198,202.56923823542223,167.53706015247582,266.06244718712423,160.59417209721406
2008-05-19,194.79410306350812,129.7223676334985,280.33990405619517,490.58143339646625,163.86309706487103,107.21270786779398,201.33356588218615,167.93914909684176,268.53682794596455,160.22480550139048
2008-05-20,193.85909136880326,128.26947711600332,278.6858986222636,496.17406173718604,161.7328768030277,105.20783023066622,198.9175630915999,167.55288905391902,269.66468262333757,157.83745589941975
2008-05-21,191.959272273389,126.20433853443566,273.5859466774762,490.5176774333821,158.8378583082535,104.26095975859022,195.03867061131373,166.1622000747715,269.04445385330393,154.6964905270213
2008-05-22,194.22439168621497,125.30828773084117,273.31236073079873,485.75965596227826,159.66381517145643,105.06376914873137,196.52096450795972,167.14255705521265,270.0399183325612,155.90312315313207
2008-05-23,193.35038192362703,123.02767689413987,270.05994363810225,476.9188302237648,158.76969780649625,103.45629348075578,194.3002776090198,165.4377029732495,265.07118383524204,153.361902245736
2008-05-27,194.52981925336115,123.5936042078529,270.9241354577442,472.2450256875719,161.38939782030343,104.22187005251338,196.69017102361073,166.31452279900773,266.6351038198699,154.9415298388671
2008-05-28,193.8489648859744,124.79246216866909,274.6628885270611,478.6675580369229,162.0510943513667,104.74297940277593,198.69641076805155,166.18147118076854,267.06171998598177,154.97251814483485
2008-05-29,195.63237536292536,126.4022849306449,274.71782110476653,469.0942068761844,163.05581113634514,105.94752366590785,201.1602462615754,169.03979248507775,268.0498483499299,156.8941773698308
2008-05-30,195.24111061219952,126.99637566981892,277.0254508020465,473.45678300013293,164.09936832761775,105.95811841827445,200.45618539965992,169.42858400779343,268.1570682892699,156.70590435698702
2008-06-02,193.73775406048557,125.05333112207069,274.14438611370525,476.10814098493364,161.76915729736558,105.07866603540276,198.29125859734359,168.157869627735,266.19952169075816,154.4650099246821
2008-06-03,193.17591457371014,124.87825645849979,272.30761872674344,468.49041072917476,161.23531907828428,104.34311537315494,199.12408188345242,168.42692221913939,264.9483839388116,153.78536388101352
2008-06-04,193.98725341491973,124.69093907381206,272.7977724404516,460.94771511643506,162.65418988617319,104.72918490003562,200.02014025192793,168.93220298579678,267.54487810141194,153.23173657104186
2008-06-05,196.31510045589877,125.91291027673542,277.2170963539869,481.5059832106281,165.54943446614706,106.77140400558633,204.28056923929404,170.43569959237036,271.39752434607226,155.9899078293206
2008-06-06,191.44648596459248,120.71270708230624,268.98374859227346,475.48715842049523,160.93060524454157,103.53623046421707,197.47802628362555,166.44750422190887,265.67103658237016,149.8595044516283
2008-06-09,191.17846088424207,120.94206122576261,271.054923456434,487.18414251763943,160.36734812618568,102.70794062050332,197.77424332305097,165.64855620164371,269.73580344208045,148.13612015043458
2008-06-10,192.84171349393495,120.14384362167256,269.67254334680615,476.2224993109926,159.8702093469945,102.03006821240798,198.13023696103247,164.96939712121699,269.2772525762289,148.7286646310363
2008-06-11,190.72045464550166,116.08298170726003,265.95106224862025,481.17521330382687,156.3370777204259,99.94865482087488,193.632680582017,162.6928194409442,267.6077336102563,144.69811781953524
2008-06-12,191.33076010036729,116.59374682677198,266.96167628516497,472.9471171563314,157.50960580332912,99.6987831838227,195.58837065589537,163.40866784648432,266.6175849958983,145.91358200921934
2008-06-13,191.36902625238736,119.56688737085466,271.71359412304093,478.5751878504917,160.67554887997605,101.4335420112212,199.3436673724886,165.48395792813469,269.68368722335117,148.33574747057236
2008-06-16,188.82381820323062,120.26037531760562,271.6864227636286,480.5852036394637,161.4789266243759,100.3380597575,199.86196090765705,165.15299001227842,269.62975048590647,149.18126123115462
2008-06-17,189.1448186941761,118.64888628834971,270.87136349533773,489.2357373049741,160.42931360131746,99.48518624956127,197.44363118067437,164.72359223824648,270.4925656874614,146.40648977225516
2008-06-18,187.51817325340622,115.75385346291398,268.650218314676,488.69757799393864,158.52020476946177,98.05259956756758,194.02785636124872,163.455220578012,269.46469393784906,144.89850292760093
2008-06-19,187.93071323456368,117.68694281574463,269.6979541661032,476.7733570908866,160.50170732908003,98.35656262622706,196.22037113813087,165.35130113671693,270.21919508087507,145.56503604106788
2008-06-20,186.74674974118594,113.67381806572774,265.00520976361304,473.3405889198322,156.6496663531821,95.8189633104704,191.74654667618148,163.18519909182595,266.81443322285605,142.47905727699725
2008-06-23,186.57867766641886,111.25256574092775,266.3037352914547,489.9548435909183,155.72543332169835,95.330286597587,189.21549226005587,163.46261393028206,269.85611776159664,140.0996570204714
2008-06-24,185.58981067478686,110.03991277435163,261.7765717915,481.42962931243625,154.88451598176118,94.95849847985642,189.23441380928188,163.85492420371472,268.2909522785793,140.43589619732052
2008-06-25,187.1116471223201,110.20497264351317,261.3315516194544,478.68548042535537,157.08387610870219,96.13598386100662,192.31893475437317,165.2313055670259,269.6324070399722,141.32064234336366
2008-06-26,183.59394815642048,104.54043704963658,252.86440934698408,473.46780868871895,151.71160754578457,93.49224430482894,186.7224537530209,161.9927719779122,263.3499719559408,136.3178916044086
2008-06-27,180.85839832888985,103.55775694136999,251.44836865464094,477.96575287126177,151.01373415107395,92.78170324811224,186.12494190101123,162.65694234302165,261.5591921466404,135.15918952577113
2008-06-30,180.80414080939119,102.22186187682631,251.44836865464094,486.85591587466723,149.6395091702992,94.37754854397977,184.22646749362093,164.33230884915477,267.07809110093444,133.5778270083196
2008-07-01,180.4425325277724,102.27297280776473,251.5992376758337,489.4849378203904,149.99864399230788,93.45264856824876,185.49763011932689,165.844166090567,268.65385183842994,134.00527605474625
2008-07-02,179.59445262489186,97.26159714018425,243.07002351862295,473.5766773412277,147.20866921405099,92.07889463429551,182.1957723032029,165.09786734315946,266.2091017867002,131.19116525759657
2008-07-03,180.42058710696637,97.19351402218612,244.30968063856793,470.54578660624384,147.20866921405099,91.6092922716606,182.39618765273642,165.84080774620367,263.0678343856172,130.48273296520554
2008-07-07,180.43862916567704,96.64923034366187,243.30801094794978,459.48796062099717,147.91527082627843,91.11460209339364,182.7062611717461,164.66333801120564,259.9373271564283,128.2253816849075
2008-07-08,182.71215589316458,100.15759740513678,245.7167602563345,452.503743619558,149.69025407619375,92.60888156772529,187.71241272785196,169.767901489553,260.61316420703497,133.45697725765172
2008-07-09,181.57934052662696,97.56351563234375,242.74358745723288,442.9106642548234,145.43905086042986,90.60852972586243,183.8455370256582,169.17371383433957,262.15078187585647,128.87940293771425
2008-07-10,181.0709183731524,96.2171391166174,246.14199768163414,456.37514844817,147.1115999453248,91.33339796366933,181.51069870543233,170.25642560287932,264.19555797448817,128.46698884831355
2008-07-11,180.74499072008072,96.2171391166174,244.2959326990219,454.68656039891175,145.9788406257458,90.70319751772,178.84249143446246,168.97950241085772,262.58396507084376,126.604217510013
2008-07-14,181.19685319688094,94.40825690122499,245.24868683654807,456.5053066405074,144.51905221948834,90.40387696591154,178.0734687212943,168.23599260024997,260.0894174026708,122.7301284542066
2008-07-15,181.50488784731562,94.21944038742254,241.913304695571,437.6059869455904,144.73583079781758,90.58468471984335,177.64609239636317,171.11282807371424,257.774621587787,120.1650687695137
2008-07-16,183.59219405755977,99.88202875470662,246.0984048668044,427.80361283800926,148.10817565540674,91.94345499064099,183.5261780546828,172.78973378883663,253.57289525590608,129.12938289971942
2008-07-17,182.2152526021281,103.48776999275154,248.28868067011896,416.7662796267886,149.76698722274733,92.31122881060357,186.55435999258506,174.1893306325262,248.95786856224856,134.47533935176784
2008-07-18,181.44994854119915,102.68056538680807,247.69278783651066,421.10064893490716,148.08959696585256,92.90202067499142,184.96864793264808,173.24870824711059,250.52630313419075,135.26874385394328
2008-07-21,180.90559869557555,102.50600842565049,250.6651012905488,433.607338208274,147.45281169889938,92.1216437013215,183.32242696604752,172.86756108896694,254.2340924205768,134.59240013467354
2008-07-22,184.90361242674774,106.05271631717801,252.89602069203468,422.37690814867966,147.70348147878752,92.05715855073056,187.81382642671568,173.6454651138673,253.1408858231683,140.93170218101668
2008-07-23,186.4198220486471,107.80258613641145,251.9097262113357,405.312881059473,149.37253081949783,94.7084047169916,188.58386311506524,174.42686970687967,247.31864544923542,143.21479575634913
2008-07-24,184.70475968579953,101.25896915793126,245.3852643024621,403.6510982471292,146.63901350550103,92.55852392991588,184.4161597402223,174.28732821111416,245.36482815018644,136.48370035580072
2008-07-25,184.90793492145394,101.59312375615247,247.5937316811842,408.65637186539357,148.7066235959286,92.20680153898219,183.95511934087173,175.59448317269752,244.43244180321574,136.26532643523143
2008-07-28,183.41018064859017,98.31166585882873,244.8702006326912,407.7164622101032,145.88119774760594,89.69877653712189,180.7359047524065,173.94389503087416,243.7235877219864,131.86395639137348
2008-07-29,185.90455910541098,102.57839215710192,250.37978014692675,404.0062424039912,148.84258606188234,90.86486063210447,186.39293857115683,175.0223471800656,244.69848207287436,138.5098997934987
2008-07-30,187.4475669459859,102.40400889043484,256.46400880449704,426.26698636045114,149.55703047497937,91.80985518267835,187.34354255786974,174.86482706760353,249.20093414301525,140.96152501984363
2008-07-31,184.87953527882587,101.54381521575519,250.873093412559,410.58036126238653,148.794289619557,91.46097773298416,186.33188742805723,175.42439451421987,248.05460984595737,139.42504439712735
2008-08-01,185.54510160582967,99.96988607991099,249.14206906801235,408.77380767283205,148.0503181714592,90.66526722670719,185.06483059354645,174.1613388737175,241.80363367783926,139.5784119459642
2008-08-04,186.3800545630559,99.25010290013564,244.30871292809292,387.92634348151756,147.23604142151618,90.4114044784724,185.4534667377929,175.65912638803144,237.8380540855227,138.0849229381424
2008-08-05,189.39941144697738,103.49800730426144,249.92781332543905,390.5254499828437,151.1819673316128,93.29552828133568,192.89015075397836,179.48849534329054,240.45427268046345,143.22168207144125
2008-08-06,190.78202715054033,103.63255471375699,252.05219973870524,399.6637455124423,153.23804208732275,92.24128881175659,192.62010454292283,180.6372217134876,240.86304494402023,142.5771845021198
2008-08-07,187.6913583107016,101.17646316704094,248.64949504223276,393.9085875770631,152.9775374157743,90.9130142528673,187.7082918770783,178.14442805384147,239.34560776087292,138.01471459805194
2008-08-08,191.85810646519917,105.42587462005666,254.19437878167454,392.5299075205434,156.28185222395504,93.80404810610848,194.91629028515808,181.93890437138828,241.95447488546642,142.23796486475234
2008-08-11,193.10518415722296,107.49222176260977,254.60108978772524,390.76352293670095,157.20391515207638,95.4456189479654,199.0290240101749,182.57569053668817,244.20465150190128,144.28619155880475
2008-08-12,193.240357786133,107.04075443120682,254.14280782610734,389.1223161403668,157.0781520199547,94.54843012985452,197.91446147571793,182.00970589602443,239.7357063794165,139.84217685879358
2008-08-13,193.4335981439191,105.40303088840936,255.23562189975962,402.62486051043754,157.01532075914673,93.99059439208838,195.1238675689103,181.51827969010517,243.02008555681454,137.5767335936811
2008-08-14,193.64637510187745,107.21596301969001,255.64399889479924,397.43099980985284,158.0516218761571,94.70492290946825,197.62145307379234,182.37141560464863,240.63848871835773,140.12190316516418
2008-08-15,194.24667886469328,107.89142358671404,256.3342376918152,391.19133311283815,158.2570889845961,95.70879509230862,199.99291051067786,183.19208697486954,241.79355346420581,141.4950978161828
2008-08-18,192.1488147329546,105.49623398308898,253.79652873866624,386.45791798217283,156.12061828330405,94.56986043071014,197.55299700244757,181.5616774007932,242.05952637301644,137.9152718414334
2008-08-19,190.65005397803753,102.99597323768977,251.66463789726143,397.08551072668257,154.0442140601361,92.90543088712965,193.97728775670328,180.45415116864837,242.9793525732339,134.7432205890804
2008-08-20,191.31732916696066,102.54279095544393,252.5706305936916,408.48186488453837,154.5063467023165,92.69174839608925,193.60873090996554,179.71428914885692,244.99608119959174,135.7403204214396
2008-08-21,190.64771851487632,101.40456597583851,252.5706305936916,418.2445814552788,153.99647575819887,92.90493941740026,194.24763972196843,179.67834629102714,246.98054945730843,135.22450720383813
2008-08-22,191.94412300077747,103.19942679361085,255.37416459328156,411.3853703194123,156.24482430426858,94.56793783297172,197.72467247299167,181.5649689270829,246.9558514023627,138.13183410872068
2008-08-25,189.29529410336673,101.032238830945,250.41990580017193,405.0088970794614,153.5105398789439,92.3361345001136,193.53290941656425,179.1138418465673,244.56037964375977,134.59565915553745
2008-08-26,188.74633775046695,101.032238830945,250.87066163061223,412.46106078572353,152.95790193537968,92.70547903811406,194.36510092705547,179.18548738330594,247.47064816152053,135.1878800558218
2008-08-27,189.6145709041191,101.64853548781376,253.17867171761387,418.27676174280225,154.27333989202396,93.79013314286,195.2008708610418,179.0063018959226,249.84636638387116,136.98587886056427
2008-08-28,190.33510627355474,104.36255138533839,257.9131128787333,415.4324797629512,155.80064595695498,95.95668521846005,198.4412053173351,180.52785546203796,250.9706750325986,141.39682415987443
2008-08-29,188.03205148764474,103.23543583037673,254.4312858548704,410.44729000579576,152.37303174590195,95.12186205705945,196.3575726615031,178.54204905195553,246.98024129958026,140.39290670833932
2008-09-02,189.34827584805822,104.07164286060278,251.98874551066362,390.3353727955117,150.51408075860195,95.79722727766458,199.5974726104179,178.7205911010075,242.33701276314812,141.6985607407269
2008-09-03,188.5340782619116,104.42548644632883,250.4516141630486,389.008232528007,148.33162658760224,95.79722727766458,200.67529896251415,178.7920793374479,239.08969679212194,142.60543152946755
2008-09-04,185.80033412711387,101.54334302041015,242.2368012185006,380.1777456496212,143.62951402477526,92.58802016386282,196.3607800348201,174.84077438409028,236.2923473396541,137.14364350188893
2008-09-05,188.2900586044172,101.5839603576183,243.5206562649587,379.6454968057118,143.2848031911158,92.0602684489288,197.30331177898722,174.1938635188691,232.22811896541208,139.43394234837046
2008-09-08,191.47216059483185,104.78385510888329,245.54187771195782,376.34258098350205,144.1588404905816,94.83128252924156,203.49863576884744,176.78935208530024,236.59400760196178,144.18863978244988
2008-09-09,189.76805836553785,101.5355556005079,236.8742494287257,350.71365121852557,140.8864348114454,93.39933016305001,199.2862140084323,174.13751180402073,228.73908654957665,136.92153233741442
2008-09-10,190.12861767643236,103.29212071239671,239.0061176735842,364.391483616048,141.9853490029747,92.27853820109341,200.52178853528457,174.4683730764484,231.00360350641745,137.154298942388
2008-09-11,192.71436687683186,104.8518317351539,242.6151100504553,368.7641814194406,143.5045922373065,92.45386742367549,203.56971972102093,176.35263150567403,233.49844242428674,139.1567517069469
2008-09-12,193.73575302127907,105.79549822077026,245.59927590407588,380.41712955229497,143.63374637032004,92.72198363920413,201.0861691404245,175.89411466375927,237.18771781459048,138.4053052477294
2008-09-15,190.09352086447902,101.42614414425243,236.34018320249223,353.10317965044015,138.37675125316633,88.69784954926267,196.7829251208194,172.32346413608494,228.41177225545061,128.89686077721038
2008-09-16,191.7283251439135,102.65340048839788,239.22353343756262,365.60303221006575,139.2762001363119,88.20114159178681,198.4162233993222,173.25401084241983,227.90926635648864,133.61448588165626
2008-09-17,184.51934011850238,98.10585484676186,229.34360150659128,357.88880823043337,132.73021872990523,84.19680976351968,189.3486019899732,167.51930308353573,216.8328760115633,125.02307443946576
2008-09-18,189.11387168745307,103.06020051652331,235.3294695059133,370.5222831609676,138.11906561033936,86.92478639985772,196.2408911024082,171.55651828784895,224.70390941078304,134.94990654995934
2008-09-19,191.76146589107742,107.1516904770293,242.9070784240037,394.5691793381144,142.2350137655275,90.10623358209251,196.6137487955028,173.13483825609717,232.20901998510323,146.46113357867085
2008-09-22,186.89072465744405,101.6012329103192,235.18263333012038,390.46565987299806,137.27101178511057,86.22265491470432,189.18174909103277,169.11811000855573,226.9378752314414,136.50177649532122
2008-09-23,184.8909939036094,98.91896036148677,229.44417707686546,380.19641301833815,135.9257558696165,84.98967094942405,186.74130452775844,168.49237300152407,224.03307042847894,134.14029576195216
2008-09-24,184.28085362372747,97.41539216399218,227.97573434357355,379.47403983360334,136.4966440442689,84.98967094942405,185.90096865738354,169.13264401892988,223.80903735805043,132.8391348930612
2008-09-25,186.93449791590916,97.46409986007417,229.4347790433724,388.2398901537596,138.99453263027902,87.49686624243208,188.9311544464989,171.7203734724195,229.4042632920017,135.20367149415773
2008-09-26,187.15881931340826,96.61616219129152,227.80579211216448,381.4068680870534,139.10572825638323,87.73310778128663,190.6693210674067,171.97795403262813,227.04139938009408,136.85315628638645
2008-09-29,178.0441848128453,89.97863184874979,212.22387593169242,340.55819251493,127.19827791763683,80.4073932815492,180.41131159398023,163.00070483212494,213.8048857962346,121.52560278231117
2008-09-30,182.4774850146851,93.97368310283429,220.05493695357185,360.71923751181384,133.38011422443395,83.12516317446557,185.06592343310493,167.90702604757192,217.73889569488531,131.50285477073894
2008-10-01,185.12340854739804,90.97592261185386,216.86414036774505,354.6952262453665,130.81921603132483,82.9007252338945,183.75195537672988,167.45367707724347,217.60825235746836,132.50227646699656
2008-10-02,179.58821863183084,84.15272841596483,204.41613871063652,333.4844517158936,125.11549821235907,80.33080275164377,177.96376878236288,164.87489045025393,210.7971140586796,126.07591605834723
2008-10-03,177.95396584228118,81.3251967411884,201.86093697675358,331.6502872314562,123.75173928184435,79.51946164385217,175.0273665974539,163.72076621710215,209.17397628042775,122.81054983243602
2008-10-06,170.90698879492686,78.18604414697855,194.04891871575322,319.9430320921858,118.88829592806786,76.14783647015284,169.0939388698002,156.22235512435887,198.06683813993703,118.24199737866941
2008-10-07,165.6772349378021,73.00230942003387,184.26885321247926,302.31417102390634,111.80255349075503,72.4318220504094,160.47014798744038,151.0045284632053,189.64899751898972,108.34514219807478
2008-10-08,162.66190926193408,71.45466046032915,183.03425189595563,304.33967596976646,110.61744642375302,70.62102649914915,158.6086942707861,149.73609042411437,185.55257917257956,106.02655615503598
2008-10-09,151.5195684774916,64.8022315714725,170.95399127082257,268.6406319785129,106.09319286502152,65.50806418061075,149.20319870052845,139.70377236569874,173.139111625934,96.3675368893122
2008-10-10,149.20131907978597,65.8455474997732,167.92810562532898,247.09565329383616,105.35054051496637,62.881190806968256,148.50194366663595,135.06560712315755,165.27859595811657,100.41497343866332
2008-10-13,164.47953415355607,72.1733046145014,185.92999854836424,294.48859959559394,117.86618472814439,71.99896347397865,159.9811439120669,150.057889513828,189.17788093366025,109.73348297377127
2008-10-14,157.78521711350635,69.83488954499157,182.65763057391305,292.81001457789904,113.57585560403993,71.73256730912493,155.6136586832675,149.69775057899483,187.79688240284455,112.57558018279197
2008-10-15,148.52322486894354,63.31231086148935,164.81198006684176,248.03936334893825,104.50114474127714,64.79602805033254,142.83777730537122,140.85061351977623,171.0454004925108,103.02917098329121
2008-10-16,153.14229716236767,65.31931111579857,173.1020226642039,270.3629060503427,109.69485163491863,67.16756267697471,150.7224226126277,146.06208622000793,178.36614363359024,105.53277983818519
2008-10-17,154.3214928505179,64.71837345353323,170.6612841446386,270.30883346913265,109.29995016903291,67.34219833993484,150.16474964896096,145.63850616996993,180.1319684555628,104.56187826367389
2008-10-20,159.50669501029532,65.93507887445965,178.56290160053538,299.90765073400263,113.11451842993215,71.46354087833885,154.00896723997437,151.27471635874775,195.6233177427412,108.10652593681245
2008-10-21,156.5239198136028,63.027341896095976,172.68818213787776,287.0416125175139,107.5266612194935,68.94802423942133,150.8979861017269,149.30814504608404,188.46350431335688,105.93358476548251
2008-10-22,151.18645414795893,58.16163110171737,160.8935792978607,257.7633680407275,103.11806810949426,63.63902637298588,144.72625847016624,142.61914014801945,176.94838419981076,99.60934975498321
2008-10-23,150.50611510429312,56.870442891259245,161.27972388817554,273.95090755368517,102.12813465564312,64.54270054748228,143.69870203502805,144.21647451767728,183.8139815067634,98.09528763870746
2008-10-24,144.72668028428828,55.07333689589545,155.0704545184808,264.6365766968599,99.28897251221623,61.8964498250355,138.7842064254301,140.4668461802177,178.2260364689578,94.9660479630327
2008-10-27,142.45447140382495,52.57851473451139,149.23980542858592,249.71107377115698,96.49895238462295,61.51269183612028,134.60680181202466,136.50568111793552,171.59602791231256,91.12941962532618
2008-10-28,154.74829228597505,57.66811496081209,164.07424208818736,279.7263448384501,106.25499647070833,69.64466969685539,149.40008933116619,145.41950209493672,189.04734395099473,99.65002036029416
2008-10-29,152.99963658314354,58.59080480018508,164.76335390495774,286.0761328662829,105.21369750529539,67.83390828473715,149.5345494115642,143.83442952210189,186.07930065096411,98.9823652238802
2008-10-30,156.80932753406378,60.65906020963161,170.89255067022216,297.7194314739406,108.43323664895743,69.78752484333756,152.94393713814787,147.48782403196327,195.4576974037727,101.298552570119
2008-10-31,157.81290723028178,62.38177751958515,174.48129423429683,300.1607308120269,109.0404627741916,70.17833498246027,157.14989540944694,149.4051657443788,193.50312042973496,105.59361119909202
2008-11-03,158.19165820763445,62.21958489803422,174.28936481063909,294.2175483419487,108.80057375608838,72.30473853242881,154.85550693646903,150.5555855206105,193.23221606113336,105.86815458820966
2008-11-04,162.098992165363,64.97591250901714,181.48751557731845,312.57672335848633,112.33659240316125,75.64521745262702,158.01455927797298,152.81391930341965,197.67655703053939,110.39931160458502
2008-11-05,157.07392340823677,61.8375759348316,172.2316522828752,298.07316339465257,106.36028568731307,70.59211692679153,151.17252886123674,147.46543212779997,190.5404333217369,103.45519490465662
2008-11-06,151.29360302681366,57.193573982125756,163.32727585985057,279.38397604980787,100.97845523153501,67.13310319737874,146.56176673096903,143.2331742257321,182.42341086223092,97.35133840528188
2008-11-07,154.75822653612767,57.66256128877919,167.37779230117485,292.9899756834335,103.36154677499924,69.14038298298037,149.08262911874172,147.17208651693977,190.81488776189354,99.20101383498222
2008-11-10,153.75229806364285,55.01008346949534,165.9885566250751,295.0116065156492,101.51137508772676,68.45589319144887,147.63652761628992,146.68641863143387,186.61696023113188,96.60194727250568
2008-11-11,150.84637963024002,53.18924970665504,160.67692281307268,285.9842513562703,99.35933393586696,66.31322373455652,144.80190628605718,144.66214605432006,186.00112426236913,94.3511219010563
2008-11-12,145.55167170521858,50.09895429869838,152.59487359557514,264.96440888158446,94.2423282381698,62.56652659355407,137.64869211552596,140.0618898097927,179.6212857001699,88.71835992356324
2008-11-13,151.839503922884,54.32229614607866,164.1768245014793,293.8985223314535,99.98168602787433,67.4467156678513,146.05902720378458,148.38156606449436,193.68563237049318,94.22777007481652
2008-11-14,146.79843239264426,51.27481533228365,156.4440960674596,283.1712262663554,94.90261637765832,65.50425025661718,138.858317162638,143.1733730956306,186.61610678897017,89.92156098239741
2008-11-17,145.13961010660736,50.085239616574675,153.033614773189,278.8103893818535,92.42565809020144,63.47361849866204,135.84509168020875,140.52466569336144,186.4294906821812,86.42361226018215
2008-11-18,145.92336400118307,49.21876497120793,154.47213075205698,287.31410625800004,93.8767409222176,63.03565053102127,136.55148615694586,141.50833835321495,187.3429951865239,86.09520253359345
2008-11-19,139.61947467633195,44.503607286966215,145.09567241540714,271.85660734131966,88.37556390417566,58.9950653319828,129.76487729494565,135.04140729047302,180.2988985675106,77.91615829290207
2008-11-20,133.7135708975231,41.93129878577957,135.86758764978723,242.1426801589134,84.1246992803848,55.72673871259095,124.71702356817227,126.60131933481847,169.13839674618168,71.50365846539623
2008-11-21,141.44221529539996,44.27525838790465,145.06582333367783,270.9576590978241,88.90298219951066,59.14278779567277,130.0923272839605,131.20960735860587,184.2255417359411,75.22899907144337
2008-11-24,146.46341393838668,48.17590865187905,152.10151576536123,287.6215551323403,94.2015999386015,63.330097171606404,136.5058790190597,134.9884440505337,188.81275772516602,83.62455536781644
2008-11-25,145.74574321008856,49.63563868403099,152.52740000950422,289.63490601826663,93.14654201928917,64.48903794984679,139.4817071816752,135.08293596136906,189.85122789265444,86.20019167314518
2008-11-26,148.89385126342648,54.132627548804194,158.3997049098701,305.8834242458914,97.13321401771474,67.84246792323884,145.33993888330556,136.7444560736939,192.92681778451544,90.13092041344062
2008-11-28,151.29104226876765,55.70788701047439,161.1083398638289,300.5916410064375,97.22063391033068,69.07041659264947,145.0783269933156,138.45376177461506,195.97506150551078,92.46531125214872
2008-12-01,142.12280510728036,49.78613862126095,146.64081094405705,271.7047843057189,89.62770240193385,63.57241143187456,134.51662478820225,129.661947901927,181.61008949715685,80.91639387675535
2008-12-02,144.283071744911,52.474590106809046,151.40663729973892,282.4642937642254,92.71089536456037,66.73196028003873,137.77192710807674,134.2779132472356,185.87792660034003,86.00603505160326
2008-12-03,147.97671838158075,54.505356743942556,153.8442841602647,284.1873259561871,95.16773409172123,68.62714795199184,142.07041123384874,138.23911168802908,189.98582877820755,89.11085291696614
2008-12-04,144.51406317145177,52.10167051153469,149.0751113512965,266.62454921209473,91.19923958009645,67.08303712307203,143.56215055180414,134.9766686521916,180.6195274194419,87.22170283512645
2008-12-05,149.21077022452394,54.50355752211644,153.3982895804841,269.8507062575611,94.79248961955226,68.65948849546423,150.33828405784928,139.34991271652262,185.2614492741216,92.16717338587812
2008-12-08,151.31464208468972,59.51243445839894,159.24276441350054,285.5290322911254,99.46575935779617,72.01693748289243,152.14234346654348,141.25900652073898,187.2807990712095,96.84926579388072
2008-12-09,148.57584706295683,57.83418380667209,156.4560160362643,283.5303290650875,98.63024697919069,70.11569033334408,147.91278631817354,138.3773227877159,184.56522748467697,93.00434994186365
2008-12-10,150.04674794888012,58.46457641016482,158.67769146397924,297.5367273209029,99.4686040785138,69.631892070044,150.5160513573734,139.23526218899974,188.73640162583064,93.18105820675319
2008-12-11,146.65569144523542,54.40128834965836,153.4571954148143,296.52510244801186,96.12645898147574,68.44118671564625,146.82840809911778,138.66439761402484,186.41494388583294,87.94428273553366
2008-12-12,146.69968815266898,54.92898084665004,155.95854770007577,294.56803677185496,98.22201578727191,68.54384849571973,147.82684127419176,139.81531211422126,187.887621942531,88.97323084353941
2008-12-15,146.14222933768883,54.05561005118831,154.5237290612351,292.7417149438695,96.32633088257757,67.17297152580534,146.00857112651923,138.61290043003893,184.54322227195394,86.6955161339448
2008-12-16,150.3803539884818,56.28810674630238,162.49715348079482,304.275738512658,101.10411689435341,70.4980336163327,151.64450197200284,144.03266483685343,190.79923750697318,93.70051383756754
2008-12-17,150.65103862566107,57.12679953682228,162.54590262683905,299.58989213956306,100.00208202020495,70.42048577935475,152.32690223087687,143.34130804563654,185.80029748429047,92.99775998378578
2008-12-18,150.6811688333862,54.8074514756273,159.16494785220078,283.202325039529,97.82203663216448,69.0613704038132,151.56526771972247,143.98634393184187,185.7445573950452,90.81231262416682
2008-12-19,149.6264006515525,56.46811725533881,159.45144475833476,281.1915885317483,98.86873242412864,69.5447999966399,151.4440155055467,144.99424833936476,186.33893997870936,91.2845366498125
2008-12-22,148.39946416620978,53.84234980296556,156.86833135324974,274.24615629501415,96.841923409434,68.45990111669231,148.94518924970518,144.15328169899644,185.40724527881582,88.65554199429789
2008-12-23,147.33098802421307,52.32399553852193,154.7192352137102,273.6702393667946,96.00908286811287,67.83007002641874,147.17274149763367,143.63432988488006,182.718840222273,87.81331434535207
2008-12-24,148.67170001523343,52.559453518445274,156.03434871302673,274.02601067797144,96.21070194213591,68.08104128551649,148.085212494919,143.79232764775344,183.96132833578446,88.46313287150768
2008-12-26,149.75700342534464,53.763065004017676,157.7039162442561,279.0954918755139,96.53781832873918,68.85035705204284,148.11482953741796,144.02239537198983,185.24905763413494,88.81698540299371
2008-12-29,149.3077324150686,52.467375137420845,155.79569885770061,283.9238438849603,95.79447712760788,68.32709433844731,146.72255013976624,142.97103188577432,185.00823385921058,87.99098743874588
2008-12-30,151.81610231964174,54.55032993037646,160.68768380183243,288.9209035373356,98.1318623695215,70.23342027049,149.52495084743578,146.10209748407277,188.35688289206226,90.72750714809087
2008-12-31,152.59036444147193,55.79407745278904,163.33903058456264,293.28360918074935,99.32907109042966,71.44143509914244,152.20144746760488,147.79688181488802,191.97333504358988,93.14085883823007
2009-01-02,155.6879488396338,59.02455453730553,169.46424423148378,305.63084912725895,103.27243521271974,74.40625465575685,156.5391887204316,150.4720053757375,196.5614977511317,95.61840568332698
2009-01-05,155.62567366009796,60.039776875347194,169.43035138263747,309.970807184866,103.42734386553883,72.27079514713664,157.04011412433704,149.0274741241304,198.13398973314077,94.72915451047203
2009-01-06,154.33398056871917,62.2012088428597,172.46315467238668,310.9317166871391,106.05439839972352,73.16695300696112,157.4484184210603,147.11992245534154,197.06406618858182,96.16903765903122
2009-01-07,153.73207804450115,59.682059884723884,166.54766846712383,298.71210022133454,102.46975973381286,71.21339536167527,154.69307109869175,145.75170717650684,193.0636656449536,91.87028167567253
2009-01-08,153.04028369330092,60.547449753052376,167.66353784585354,302.5057438941455,103.25877688376323,72.06795610601537,152.45002156776073,146.58249190741296,193.95175850692038,92.4398774220617
2009-01-09,151.02015194854934,58.27692038731291,164.02523907459852,293.82382904438356,100.83219562699482,70.3094979770286,148.6997510371938,145.58573096244254,191.4691759980318,89.7406330013375
2009-01-12,149.26831818594616,56.324643554337925,160.00662071727086,284.71529034400766,99.33987913171529,68.20724398751544,146.55847462225825,144.1589907990106,190.79903388203869,86.3394630105868
2009-01-13,150.5221720587081,55.87404640590322,159.06258165503894,290.637368383163,99.26040722840992,67.87302849197661,147.02746174104948,145.6149966060806,188.24232682801937,86.44307036619952
2009-01-14,146.57849115076996,52.97418339743684,153.41586000628507,278.2562164900403,95.93518358625819,65.78253921442374,143.39588343604555,143.50357915529247,185.06103150462584,82.1900713041825
2009-01-15,147.91235542024197,53.784688403417626,154.9346770203473,281.67876795286776,97.15356041780366,65.75622619873796,146.063046867956,144.39330134605527,186.28243431255638,80.88324917044599
2009-01-16,150.4416566979281,53.7040113708125,156.59247806446498,285.2279204290739,98.26111100656664,66.1507635559304,147.94726017255263,145.4618117760161,189.80317232106367,80.42221465017445
2009-01-20,147.16202858191326,50.036027394186,149.57713504717697,272.6208463461088,93.0532721232186,63.44519732649283,141.76306469733993,141.59252758277407,185.0960536475013,72.36390874222698
2009-01-21,148.78081089631428,51.807302763940186,154.2588993741536,288.76000044979844,97.65940909331793,66.2748531272544,143.42169255429883,144.89163347545272,188.77946511508657,77.6320012986611
2009-01-22,148.30471230144607,49.8075408772521,151.63649808479298,281.8875124390932,95.2862854523503,65.12167068284018,143.33563953876623,144.2106427981181,187.91107957555715,75.7067276664543
2009-01-23,147.50386685501826,49.46386884519906,151.06027939207075,286.82054390677735,96.41066362068804,65.70125355191745,142.64762846898014,144.5567483408336,188.79426164956226,75.92627717668701
2009-01-26,148.89040320345543,49.61226045173465,151.22644569940203,291.2662623373324,97.51938625232596,66.88387611585196,144.04557522797614,143.76168622495902,192.9099765535227,75.46312688590922
2009-01-27,149.53063193723028,50.3316382282848,152.96554982494516,291.49927534720223,98.63110725560247,65.9608786254532,144.43449828109166,146.16250638491582,193.72019845504752,77.44780712300863
2009-01-28,150.93621987744027,52.59656194855762,158.30404751383577,297.5041604193546,101.76757646633064,68.10460718078043,147.68427449241622,147.46335269174156,195.81237659836202,82.96209099016684
2009-01-29,148.9287681530703,49.95621453874002,153.28580920764716,286.704759396132,98.69419565704744,65.58473671509155,143.60818851642557,146.16567518805422,194.22629634791528,78.22495559462831
2009-01-30,144.75876264478433,48.707309175271526,148.2733632465571,283.0062679999219,96.15775482866134,64.06972929697294,140.6498598329872,144.49938649091044,190.3223477913222,76.51182906710595
2009-02-02,144.49819687202373,48.67321405884883,145.45616934487254,280.4875122147226,97.31164788660527,64.8385660485366,140.35449512733794,145.71318133743407,191.04557271292921,76.55773616454621
2009-02-03,147.77830594101866,49.524995304878686,148.33620149790102,285.92896995168826,98.91729007673426,65.99917638080541,143.83528660649588,148.86058605432265,192.68856463826037,76.45055533391584
2009-02-04,144.58629453269268,49.37642031896405,148.08402995535457,286.1291202306544,99.41187652711791,64.24359828907599,140.92981381704467,147.8185619519424,194.26861086829413,75.99185200191235
2009-02-05,146.1189092547392,50.4232004297261,151.07532736045272,293.2251224123746,101.47964355888197,64.7575470753886,144.96040649221214,148.8385100294108,195.7839060330668,76.89615504073511
2009-02-06,148.5737069302188,52.76283692966539,155.0335009372966,298.3565620545912,104.66610436663089,66.46067056347133,148.80185726425577,150.38643053371666,198.094156124257,80.65637702222705
2009-02-09,146.68682085220502,52.86836260352472,154.70793058532828,298.8936038662895,104.8649699649275,66.09513687537223,148.19176964947232,149.70969159631494,196.35092755036354,81.56779408257823
2009-02-10,141.831487081997,50.26195232717095,147.68419053675436,284.8754938449605,100.54453320237246,62.98866544222974,142.59012075672226,145.44296538581997,190.63711555864796,75.7520103644904
2009-02-11,143.2356188041088,50.54844545543583,147.8318747272911,281.0866497768226,101.05731032170458,63.026458641495076,143.17474025182483,147.1301037842955,189.66486626929884,77.7442882370765
2009-02-12,145.77088925694153,50.265374160885386,147.50664460289107,282.0142357210861,101.74450003189214,63.36680151815916,143.84766153100838,148.51312675986787,188.28031274553297,77.3400179382437
2009-02-13,144.53183669825754,49.67726928320303,147.09362599800298,281.92963145036975,101.74450003189214,63.13234435254197,141.30155792190953,147.250765182409,188.2238286517093,75.68494155436528
2009-02-17,140.5283048217158,47.10398673433311,140.18022557609683,264.53457318988194,97.3491376305144,60.04517271370267,139.0124726835746,144.64442663868036,178.8502819848542,70.9243587305957
2009-02-18,140.30345953400106,46.45395171739931,139.92790117005987,263.2119003239326,97.45622168190799,59.05442736392658,140.0550662287014,144.6733555240081,176.1496427268829,70.42788821948153
2009-02-19,141.56619066980704,45.22292199688824,138.68254284964635,264.0804995950015,94.80541245216008,59.20796887507278,140.9934351724337,144.13806410856924,176.32579236960976,68.06855396412891
2009-02-20,139.78245666736748,44.45865461514082,136.4220174011971,257.7953837046405,94.61580162725576,59.68755342296087,139.93598440864045,142.72551108030527,171.58262855486723,67.04752565466697
2009-02-23,136.1760692853494,42.80479266345758,129.88740276767976,247.2515525111207,90.60409163826012,58.05808321451404,135.82186646702644,139.9709087164554,167.01853063530777,64.5466529477479
2009-02-24,139.15832520269856,45.29603159647082,134.51139430620918,258.45204783987447,93.71181198145244,60.693920192452985,139.99159776756414,142.5883647094531,172.3464217625741,69.04555465820593
2009-02-25,137.57192029538777,44.19986763183623,131.7001061652094,256.82379993848326,93.04645811638413,60.7364059365877,138.25570195524634,140.29269203763087,171.08829288370734,68.07891689299105
2009-02-26,134.5728524329483,43.42194996151591,130.09336486999382,255.82218711872318,91.68797982788493,59.95897994059938,135.0896463804712,134.63889654851437,168.2482272218378,67.90871960075857
2009-02-27,133.65775703640426,42.79667388207008,128.22002041586592,247.55913047478845,91.30289031260781,59.611217856943895,136.35948905644764,128.84942399692824,166.21242367245355,65.38251523161036
2009-03-02,129.52773234397935,39.70675402778462,120.68068321541301,231.24498377649988,88.08902857360403,57.298302604094474,131.69599453071712,123.6825620946514,159.28136560531223,61.28956977811154
2009-03-03,128.7246604034467,39.47248417902069,120.37898150737449,232.03121672134,88.16830869932025,56.67948093597025,130.0893033974424,123.57124778876623,154.056936813458,60.272162919794894
2009-03-04,130.87436223218424,40.392193060391875,124.66447324903704,241.08043417347224,90.55766986507182,58.45354868926612,133.23746453966046,126.54931486047549,157.3845666486287,60.856802900116904
2009-03-05,126.6471203320847,37.61321017783691,118.23178642938674,229.74965376731907,87.30664951691574,56.4719733887,130.42615403787363,123.00593404438219,151.52986076929972,56.791568466389094
2009-03-06,128.39485059266747,36.206476117185815,118.36184139445909,233.05804878156846,86.68677230534564,56.22349670578972,129.18710557451382,125.23234145058551,152.16628618453078,56.65526870206976
2009-03-09,127.34201281780759,35.83717006079052,117.10720587567782,234.1068100010855,84.59762109278681,54.165716726357815,127.30097383312594,124.31814535799623,148.77297800261573,56.67226528268038
2009-03-10,130.7165761574795,38.66830649559297,124.46153840467038,246.09307867314106,90.52791433139117,58.01689918560186,134.07338564104822,128.10984879141512,152.62619813288347,63.161239657547284
2009-03-11,131.25251411972516,39.69688344837574,125.5941384041529,243.43527342347113,92.30226145228644,58.504241138760904,133.12146460299678,126.26506696881874,151.6799157044596,63.653897326876155
2009-03-12,135.26884105178874,42.1858780405889,128.92238307186295,250.71398809883294,94.94210612982182,60.990671387158244,137.88721303578407,132.60357333065343,154.15229833044228,68.2115163754805
2009-03-13,136.8920671444102,42.93678666971138,129.8377319916732,249.1094185750004,94.847164023692,61.16144526704228,139.6521693626421,136.35625445591094,156.18710866840414,68.48436244098241
2009-03-16,138.37050146956983,42.62764180568946,130.8244987548099,250.1556781330154,93.32012468291056,60.76389587280651,137.8227259439915,134.81542878055913,159.7794121677774,67.67624696417882
2009-03-17,140.77814819514035,43.983200815110386,133.15317483264553,259.4864849273769,96.7169772213685,63.34636144740078,142.7567795327864,137.02640181256032,163.24662541181817,70.7352133269597
2009-03-18,140.21503560235976,46.68376934515816,135.48335539221682,261.64022275227416,98.24510546146612,64.80332776069099,145.61191512344215,137.08121237328535,167.65428429793724,74.5761354106136
2009-03-19,138.981143289059,46.83315740706267,135.11755033265786,265.27702184853075,98.66755941495042,63.70815152153531,144.65087648362743,134.2573393983957,170.1690985624063,71.80190317333877
2009-03-20,139.52316974788633,45.99484388947624,131.63151753407527,255.78010446635332,96.83234280983235,62.637854575973506,142.2930671969443,134.4587254074933,168.63757667534463,69.4324403686186
2009-03-23,145.04828726990263,50.38275199653227,140.80623430620034,275.11708036400967,102.98119657825669,67.12898874907081,149.83459975838232,139.2051184143778,175.9901750183897,77.18110071375642
2009-03-24,144.85972449645175,49.113106646219656,139.28552697569336,269.7522972969115,101.15842939882154,65.99450883921152,148.03658456128176,137.39545187499087,171.71361376544283,74.4025810880612
2009-03-25,145.8013127056787,49.35867217945075,140.84552487782113,270.9122321752882,101.53271558759718,65.95491213390798,149.93145284366614,138.23356413142832,172.10855507710335,75.94271451658405
2009-03-26,148.00291252753442,52.33993597908958,146.12723206073946,273.973540398869,105.67525038357113,67.30698783265309,154.6093141723885,140.237950811334,174.8967136693524,78.26656158079153
2009-03-27,146.15287612094022,51.14658543876634,143.08778563387608,266.8502283484984,102.87485624840649,67.36083342291921,152.2592525969682,138.9337378687886,171.88849019423955,75.93421804568393
2009-03-30,142.61597651881348,47.9141212390363,137.12102497294345,258.33770606418125,99.98407278782626,63.723348418081585,148.95522681561397,137.96120170370708,168.4163426923159,71.446505759184
2009-03-31,142.24517497986454,48.014740893638276,137.9711753277757,257.3560227811373,101.76378928344958,64.2968585538443,149.9830178806417,138.38888142898858,170.8583796613545,73.9328441596036
2009-04-01,144.44997519205248,49.29673447549842,141.02033830251955,262.68329245270684,103.94153437411542,66.57939703250578,151.97779201845424,138.0844258898448,171.302611448474,75.2414555012286
2009-04-02,146.64561481497168,53.42780082454519,147.78931454104048,271.66706105458945,107.163721939713,69.37573170787103,157.23622362229278,138.0844258898448,173.9749321870702,78.11567910137552
2009-04-03,147.01222885200912,55.682454019341,149.75491242443636,275.49756661545916,108.278224647886,70.0903017444621,157.92806300623084,136.24790302550986,175.1927567123797,79.88890501697674
2009-04-06,146.4682836052567,56.00541225265317,148.97618687982927,271.14470506293486,107.49862143042124,69.55060642102973,156.33298956986792,136.38415092853535,173.16052073451607,78.58671586520002
2009-04-07,144.50560860494625,53.24434542859737,144.37282270524256,263.5255388506664,104.67140768680116,67.74229065408295,152.674797613933,134.66571062683582,171.65402420412576,76.3391357914553
2009-04-08,146.38418151681051,54.958813351398206,145.87430006137706,266.4243197780237,106.53455874362623,68.05390519109173,156.24738787809906,136.12010030160562,174.21166916476722,76.92694713704952
2009-04-09,148.05296118610215,60.15791709444047,152.7449795942679,273.11157020445205,110.11411991741207,69.95941453644228,159.2785872029342,137.0184929635962,174.7343041722615,83.66574770625505
2009-04-13,147.5347758219508,59.38789575563164,151.23280429628463,269.5338086347737,109.47545802189107,69.46270269323355,159.64492795350094,136.8540707720399,172.46275821802212,86.22591958606645
2009-04-14,145.2479867967106,58.77026163977307,148.87357254926258,267.6740253551938,108.38070344167217,67.7817052880573,156.9948221494728,136.32033989602894,170.1517572579006,82.25952728510738
2009-04-15,147.96412414980907,58.74675353511716,151.43419799710992,267.8346297704069,107.86047606515214,68.81876537896457,156.8221278451084,136.94741345955066,172.44880598088227,84.85892834731678
2009-04-16,149.11824431817757,61.0261275722797,155.8257897390261,268.1828147891084,111.32279734684354,70.65622641458292,160.19380359377823,137.78279268165392,173.55247833915993,85.79237655913725
2009-04-17,149.7296291198821,62.24054751096807,157.11914379386002,269.60418370749073,111.16694543055796,70.51491396175376,161.2190439367784,139.2984034011521,174.36817498735394,86.42724014567487
2009-04-20,146.76498246330843,57.634746995156426,149.89166317934243,257.52591627739514,107.55401970406484,67.80714126562242,156.54369166261185,136.3731369297279,171.07261648009296,79.89334079066185
2009-04-21,146.85304145278639,59.62314576648933,153.83381392095913,262.9082079275927,109.56527987253084,68.64116910318957,159.67456549586407,135.85491900939493,172.21880301050956,83.72023181453456
2009-04-22,146.13346154966774,62.049807799185444,155.29523515320827,258.8331307047151,109.81728001623765,68.70294615538243,159.94601225720703,133.98012112706527,170.27273053649083,82.14629145642131
2009-04-23,146.14807489582267,62.031192856845685,155.5281780059381,264.26862644951404,110.0259328482685,68.27698788921907,159.56214182778973,134.34186745410835,170.73246690893933,83.61671007349125
2009-04-24,147.31725949498926,65.70343947397095,159.9762838969079,270.4789391710776,112.79858635604485,68.84368688869958,160.96628867587427,135.00014260463345,170.61295418210307,85.33085262999782
2009-04-27,146.53647801966582,65.00698301554685,157.91258983463777,266.09718035650616,111.94131709973891,68.1759031258792,160.19365049023008,136.22864390233565,171.73899967970493,83.54743781003087
2009-04-28,147.62084795701136,64.62344181575513,156.64928911596067,267.6671537206095,111.48235769962997,68.62586408651,160.69025080674982,136.11966098721376,172.58052077813548,82.81222035730259
2009-04-29,149.3037256237213,67.86753859490602,161.0511341401192,274.894166871066,113.86808015440207,70.21798413331705,163.13274261901242,137.65781315636931,174.68600313162875,86.00877206309447
2009-04-30,149.33358636884603,69.28597015153956,161.72754890350768,269.06641053339933,114.26661843494247,70.5199214650903,164.30729836586931,137.07965034111257,174.38903692630495,85.89696065941244
2009-05-01,149.84132056250013,68.5723246589787,163.9593890783761,277.3267493367747,115.02077811661309,71.7610720828759,162.87782487008627,136.66841139008923,178.48717929407314,85.08952922921398
2009-05-04,152.4935119364564,71.40436166739451,169.92751084082897,285.61881914194424,117.1601645895821,73.81343874444615,166.60772705961122,139.21044384194488,181.68209980343707,90.49271433526906
2009-05-05,152.9357431210721,70.66889674222035,168.53410525193416,281.42022250055766,116.8789801945671,73.70271858632948,166.55774474149334,140.00394337184397,180.7736893044199,90.32982744946557
2009-05-06,153.92982545135908,72.00453889064832,170.47224746233144,291.74834466632814,116.91404388862547,75.12518105504566,165.07538081329406,139.09391773992698,181.0810045762374,93.85269071999473
2009-05-07,153.83746755608826,69.54918411447721,166.99461361409988,288.6849870473317,113.48846240268875,73.25456404677502,163.5731948478931,141.7367021769856,181.73289619271185,91.93809582930683
2009-05-08,155.49891220569398,71.94167604801522,171.97105309980006,301.1850469864811,113.8289277898968,73.86990238476793,164.4728474195565,143.01233249657847,184.9859150345614,96.86597776575768
2009-05-11,154.05277232218106,69.4884648947779,167.68897387761504,292.0290215580921,113.69233307654892,73.15336433163567,163.38732662658742,142.15425850159897,183.7095122208229,92.42951598408598
2009-05-12,156.28653752085268,65.75693432992833,167.5212849037374,294.9785146758288,113.0101790780896,72.65592145418054,162.68476112209308,143.845894177768,184.35249551359578,90.93215782514379
2009-05-13,154.1141546493128,62.166605715514244,161.55752716116436,285.77518501794293,110.15102154741395,70.96303848429815,158.29227257179656,143.22735683280362,179.48558963203686,86.92204966505494
2009-05-14,155.96352450510457,63.31668792125126,163.6577750142595,286.68966561000036,111.66009054261352,71.18302390359948,158.3555894808253,143.48516607510265,179.1086698938096,88.99079444708326
2009-05-15,155.93233180020357,63.63960302964965,162.7412914741796,280.6405136656294,111.59309448828796,70.27899950002376,156.64534911443238,141.90682924827652,175.20410089012455,87.69152884815584
2009-05-18,157.97504534678623,66.25519071416825,169.18584661655714,289.59294605156293,114.42755908829048,72.09922558707437,162.17492993817183,143.66647393095516,176.2728459055543,92.04102867902438
2009-05-19,158.36998296015318,66.75210464452451,170.16712452693318,291.04091078182074,115.30865129327033,71.7531493042564,161.94788503625838,143.06307474044516,178.88168402495648,90.89051582053659
2009-05-20,159.09848488176988,65.9377289678613,170.25220808919664,290.6334535067262,114.6513919808987,71.08584501572682,160.99239251454446,143.47795765719243,176.89609733227945,89.84527488860043
2009-05-21,157.23703260865315,64.52666156794908,165.6383732499794,283.0769837155513,112.69085317802532,69.3726761508478,158.64190358383212,141.95709130602617,174.49031040856048,88.74916253495951
2009-05-22,157.78736222278346,63.694267633722525,166.03590534577936,283.6431376829824,112.31897336253785,69.39348795369305,158.89573062956626,142.0422655608098,175.45000711580755,88.04804415093332
2009-05-26,159.01810364812115,66.61146509134703,170.7347214670649,289.40109337794695,115.89071671546655,71.71123045134641,163.88505657133464,144.18710377077798,180.55560232287755,91.2529929580273
2009-05-27,156.0285632995365,65.21262432442873,166.92733717834935,285.7835797107226,115.0563035551152,70.33437482668056,161.03345658699345,142.5577894981682,177.34171260153033,88.53365376787808
2009-05-28,157.4328203692323,65.7082402692944,168.680074218722,293.87125501653605,116.40246230671005,71.23465482446207,161.00124989567604,143.12802065616086,180.99495188112184,90.25120665097492
2009-05-29,160.0619484693985,67.06183001884185,170.65363108708107,297.3095487002296,117.74109062323723,71.24890175542696,162.7561635195389,145.60413541351244,182.49720998173515,92.05623078399442
2009-06-01,162.79900778822517,71.22636966301194,178.4695673908694,309.05327587388865,121.61477250474174,72.28913572105618,169.20130759491266,146.11374988745976,188.88461233109587,93.8145047919687
2009-06-02,165.38751201205798,72.30188784492341,179.62961957891002,309.3005184945877,121.40802739148367,73.03371381898306,169.6750712561784,148.05706276096296,186.99576620778492,93.66440158430154
2009-06-03,163.7501756431386,70.57387272542974,176.21665680691075,298.84616096947065,120.75242404356965,71.82865754096984,169.0133384782793,147.9978399358586,183.29325003687077,91.95034303530883
2009-06-04,164.78180174969035,72.47936728901632,179.00087998445994,304.88285342105394,122.55163516181882,72.00822918482226,168.20207445358358,146.57706067247435,185.18117051225053,94.02842078790681
2009-06-05,164.05676182199173,72.74029301125678,179.46628227241953,303.35843915394867,123.18890366466029,71.90741766396351,168.0675127940207,146.13732949045692,185.47746038507015,93.29499910576114
2009-06-08,164.1716015552671,72.3765915462005,178.26385818119434,303.11575240262545,122.81933695366631,72.15909362578739,167.71457101715325,144.9390033886352,184.6242640672988,93.47225960406207
2009-06-09,163.8596755123121,72.83256407294157,178.8877816848285,305.41943212088546,124.02296645581225,72.51267318455373,168.38542930122188,144.8230521859243,184.05192884869018,94.07048206552807
2009-06-10,162.72904375127712,72.83984732934886,178.35111833977402,307.64899397536794,123.96095497258435,72.46191431332454,166.78576772286027,144.0410077041203,186.6654662383416,93.10155610025313
2009-06-11,163.52641606565837,72.5557719247644,178.99318236579722,312.10990438801076,124.63034412943632,73.2155182221831,164.78433851018593,145.99996540889634,190.97743850844725,93.4925826358742
2009-06-12,163.59182663208463,72.26554883706534,178.68889395577537,309.73786911466186,124.50571378530688,73.26676908493863,165.77304454124706,146.64236525669548,192.8299196619792,93.39909005323833
2009-06-15,160.56537783939106,69.69289529846581,173.25675157951977,302.52097676429025,122.32686379406401,71.68420687270395,162.37469712815152,142.53637902950803,188.74192536514525,90.90533434881685
2009-06-16,158.205066785152,68.26419094484727,169.8955705988771,296.6218177173866,120.92010486043228,70.58027008686432,159.76046450438827,142.32257446096378,187.51510285027183,89.741746069152
2009-06-17,158.42655387865122,68.26419094484727,168.9101762894036,292.35046354225625,121.7665455944553,70.89082327524652,161.4699014745852,145.15479369273697,187.23383019599643,88.49433579879079
2009-06-18,161.59508495622424,68.00478701925685,169.88985531188217,291.678057476109,121.43777592135028,71.12476299205484,161.7928412775344,147.82564189668332,190.94106003387716,89.61821386343541
2009-06-19,160.67399297197377,68.83444542089178,169.31222980382177,289.37380082204777,122.84645412203794,70.89716375048026,162.40765407438903,148.60911779873575,188.61157910146386,90.57712875177417
2009-06-22,158.52096146614934,65.74377882149375,163.5725452134722,275.45492100250726,119.24705301626224,69.9896800544741,159.74416854756905,145.87471003123903,187.3667426793942,86.38340769056703
2009-06-23,158.01369438945767,65.710906932083,163.37625815921604,277.300468973224,118.96086008902323,70.87854899116593,158.13075244523858,145.69966037920153,185.58675862393997,87.03128324824628
2009-06-24,157.96629028114083,66.91998761963333,163.91539981114147,277.6054994890946,120.69768864632296,71.30382028511292,158.92140620746477,146.6029982735526,186.7559552032708,87.98862736397697
2009-06-25,160.39897115147042,68.86066726060268,167.96411018647666,283.65729937795686,123.03922380606163,72.58015866821644,162.71962781582317,150.72254252503942,190.21094037453128,89.94197489145726
2009-06-26,160.71976909377335,68.74360412625965,168.24964917379367,281.1043836835553,123.06383165082283,72.47128843021412,162.37791659740998,151.129493389857,189.62128645937025,90.22079501362079
2009-06-29,161.68408770833597,70.36595318363939,170.06674538487064,285.01173461675666,123.8514401733881,73.39892092212085,163.22228176371652,151.7793502114334,191.97259041146643,90.87038473771887
2009-06-30,161.1181934013568,70.01412341772118,167.66880427494394,283.0736548213627,123.07117610029574,72.43005516594886,162.25927030131058,150.8686741101648,190.99353020036796,90.21611796760729
2009-07-01,164.46945182410502,70.69326041487308,169.37902607854838,283.8096463238982,123.90806009777775,72.6690743479965,162.87585552845556,150.74797917087665,193.38094932787254,90.34242053276195
2009-07-02,161.34453223944703,68.240204278477,164.58559964052546,273.6208800208703,120.73601375927466,70.45266758038261,158.29904398810595,147.31092524578065,186.92202562032162,87.25270975054148
2009-07-06,163.40974225211193,67.0118806014644,164.5033068407052,269.762825612576,120.07196568359866,70.58652764878534,158.86892054646313,148.1064042421079,188.17440319197775,87.27888556346664
2009-07-07,161.39980242241097,65.17575507298427,160.35782350831943,263.6931620362931,117.1302025243505,68.77245388821156,156.6606425508673,146.95117428901943,183.88402679920065,85.70786562332424
2009-07-08,160.4798235486032,64.230706624426,160.67853915533604,262.69112802055514,117.09506346359319,68.19476527555058,158.7912272895591,148.0533080961871,183.40592832952274,84.67080044928201
2009-07-09,159.7897603073442,65.50247461558965,161.2248461884642,265.71207599279154,117.59857223648665,68.48800276623544,158.5371613258958,146.51355369198677,184.41466093533512,85.54290969390962
2009-07-10,159.3103910264222,66.25575307366893,161.1603562499888,262.52353108087806,118.05720666820893,68.3030851587666,157.66520693860338,145.97145354332642,183.65856082550025,84.9098921621747
2009-07-13,161.89121936105025,67.36884972530657,165.06043687123855,266.9076740499287,120.51279656690768,69.26615865950522,160.42434806002893,148.2923996546653,186.6521953669559,88.68838236339147
2009-07-14,162.83018843334435,68.79706933948307,166.6120049778282,270.32409227776776,120.88638623626511,69.48781036721564,161.8842096273752,148.95971545311127,188.2760694666484,88.93670983400897
2009-07-15,166.75439597458794,71.44575650905317,172.14352354309207,279.7854355074896,125.7097530470921,71.55159833512195,164.8628790845189,150.56848038000487,192.06041846292806,92.06728202016608
2009-07-16,167.10458020613456,72.99612942529963,175.1732495574505,282.7791396674197,127.65825421932202,72.06676984313482,165.75313863157533,151.78808507108292,192.80945409493347,92.56444534307498
2009-07-17,166.80379196176352,73.21511781357552,175.05062828276027,283.79714457022243,128.5901594751231,72.09559655107208,166.21724741974373,151.02914464572748,191.78756398823032,91.90723778113914
2009-07-20,167.6378109215723,75.09674634138442,178.20153959184998,288.5649365990021,129.88892008582184,73.62402319795481,168.34482818671643,152.13165740164132,193.41775828213025,92.86307305406298
2009-07-21,167.85574007577034,75.47973974772549,178.48666205519694,291.73915090159113,130.59032025428527,73.79335845131011,168.14281439289238,154.29192693674463,195.390619416608,92.33375353765481
2009-07-22,167.53681416962638,76.0835776657073,178.5402080538135,289.4635855245587,131.13879959935326,73.95570383990298,169.57202831523196,153.3507461824305,194.4722835053499,92.61998817362156
2009-07-23,171.32314616985994,79.91058162229237,183.34293965046106,298.118546731743,133.60420903182109,76.1595838143321,171.0133905559114,156.78580289691692,199.52856287648902,95.21334784248296
2009-07-24,171.9741741253054,79.55897506315428,184.2963229366435,301.45747445513854,132.9762692493715,76.0681923137549,171.47512671041235,159.34141148413667,202.2621041878969,95.36568919903094
2009-07-27,172.14614829943068,81.36496379708788,184.68334521481046,302.6633043529591,132.59063806854834,76.5626355637943,170.8235212289128,159.54855531906605,202.14074692538415,96.4242483491402
2009-07-28,171.92235830664146,79.92480393787942,184.20316851725192,298.48655075288826,133.04144623798143,76.44779161044862,171.23349767986218,159.32518734161937,199.31077646842877,96.34710895046088
2009-07-29,172.0942806649481,79.1415408592882,182.71112285226218,292.66606301320695,132.72214676701026,76.01968397743009,171.6958281235978,159.8668929785809,198.33415366373345,95.71121803138783
2009-07-30,172.93754264020632,81.3654181574342,185.89029638989157,295.8853897063522,133.5184796476123,77.12196939510282,173.37844723920907,160.2026134538359,201.11083181502573,97.91257604610975
2009-07-31,172.86836762315022,83.83892686942019,186.6896246643681,298.22288428503236,133.0378131208809,76.48956924606298,173.27442017086554,159.17731672773135,199.40138974459802,98.47067772957257
2009-08-03,173.33511221573272,86.35409467550281,190.70345159465202,304.7837877393031,134.90034250457325,77.53747634473405,175.28440344484758,160.32339340817106,201.65462544871198,100.89305640172006
2009-08-04,174.0804531982604,87.01902120450417,191.7141798881037,304.4790039515638,134.8463823675714,77.8166112595751,174.6884364731351,160.6280078556466,199.73890650694923,102.06341585598003
2009-08-05,172.87929807119238,86.33157093698858,189.85455234318908,301.98227611916104,133.6597342027368,76.61823544617764,173.84993197806406,158.89322537080562,197.64164798862626,103.7066368512613
2009-08-06,172.68913084331408,84.92436633071567,188.4686141110838,299.44562499976007,132.71075008989735,75.81374397399277,173.90208695765747,156.9547280212818,197.34518551664334,103.21921565806036
2009-08-07,173.81161019379562,86.90310406622136,191.23910273851675,299.59534781225994,134.01131544077833,77.08741487275584,177.7453230794217,158.2417567910563,199.2594338161548,105.83066181420931
2009-08-10,173.6377985836018,85.59955750522803,189.63269427551322,300.3443361817906,133.52887470519153,76.93324004301033,177.05211631941197,159.15955898044442,199.8970640043665,105.00518265205847
2009-08-11,172.71751825110871,84.52100308066217,188.15355926016423,295.74906783820916,132.14017440825754,75.76385479435658,176.27308700760656,158.55475265631873,199.09747574834904,102.40105412228742
2009-08-12,171.95756117080384,85.6113240204027,191.2580929879569,299.416356279403,134.36012933831626,76.68059743736829,177.9653086428796,159.3475264196003,200.4911580785875,104.04971109365624
2009-08-13,171.83719087798428,86.57017084943122,192.99854163414733,301.6619789514985,135.47531841182428,76.60391683993092,179.37123458115835,159.02883136676112,200.3708633837403,105.54802693340488
2009-08-14,171.21857699082352,84.82145339827271,189.67896671804002,297.95153661039507,134.1341127595472,75.99874589689546,177.25465401310066,158.58355063893418,199.80982496626584,104.46088225599081
2009-08-17,169.2838070708272,81.14868446612749,184.5386667199811,288.7150389754728,130.633212416523,74.12157687324213,173.443678951819,157.8223495958673,197.07243036422796,100.88832008283592
2009-08-18,170.5026504817372,83.80224644816985,187.28829285410882,291.40008883794474,132.54045731780423,74.39582670767312,175.14342700554684,157.9170430056248,197.50598971102926,102.48235554014474
2009-08-19,171.66206850501297,84.25477857898998,188.2434631476648,296.9949705436333,133.17665151292968,75.25137871481138,176.36943099458563,160.22263183350694,199.2045412225441,102.62583083790093
2009-08-20,172.9495340188006,85.33323974480105,189.93765431599377,299.341230810928,134.40187670684864,75.95874167473062,177.26891509265806,161.00772272949112,200.55913210285738,104.39099512831285
2009-08-21,175.30164768145627,87.14230442739084,194.02131388378766,306.7948274581201,136.48510579580483,77.64502573990964,179.67977233791822,163.02031926360974,204.40986743923227,106.61452332454593
2009-08-24,175.16140636331113,85.56502871725506,193.76908617573875,310.7831602150756,136.44416026406608,77.80808029396344,178.52982179495552,163.4604741256215,204.79824618736683,105.93219037526885
2009-08-25,174.79356740994817,86.97685169108978,194.23413198256048,306.6808225002366,136.59424884035656,77.95591564652197,180.76144456739246,164.04893183247373,203.79473478104876,106.81142755538357
2009-08-26,175.40534489588302,86.27233919239194,193.45719545463024,308.0915542837377,136.60790826524058,78.30671726693133,181.6110233568592,164.11455140520673,203.50942215235528,106.43758755893973
2009-08-27,175.61583130975808,87.09192641471968,194.54055574917618,306.8591880666027,137.0587143625159,78.22841054966439,181.62918445919487,164.39354614259557,202.87854294368296,106.89526918544317
2009-08-28,174.33383574119685,87.05708964415379,194.15147463767784,305.99998234001623,137.34653766267718,78.04848520540017,181.2840890087224,163.0455190642263,202.59451298356183,106.83113202393189
2009-08-31,174.15950190545567,85.92534747877978,192.20995989130105,300.61438265083194,136.06921486241427,77.04165974625052,179.68878902544563,162.70312347419141,199.92026541217882,106.08331409976437
2009-09-01,172.1044197829713,83.10699608147581,188.3465396974859,295.7143682136234,133.5383274659734,75.39296822768075,177.55049243604282,160.55544224433208,198.24093518271653,102.15823147807308
2009-09-02,173.06820453375593,82.13464422732254,187.51781492281697,294.56108217759027,133.4982659677336,75.38542893085798,176.9645758110039,160.1219425502724,196.69465588829132,101.65765614383051
2009-09-03,173.48356822463694,84.2865719060784,189.37424129055285,295.8866070473894,134.32595521673355,75.65681647500908,179.81370548156107,160.0098571904872,197.18639252801205,103.54848854810574
2009-09-04,175.09696540912608,85.51715585590713,191.8550438514591,300.53202677803347,136.63636164646138,77.41962029887681,181.07240141993196,162.26599617687307,198.31035496542174,104.66681222442529
2009-09-08,176.76038658051277,86.07301736897053,194.73286950923097,308.3759126769401,137.77044344812703,78.1241388435966,182.01397790731565,162.2335429776377,199.5200481307108,105.3366798226616
2009-09-09,177.32601981757043,87.9235872424034,196.66072491737236,309.64025391891556,139.06548561653943,78.96006712922306,182.90584639906146,163.85587840741408,199.4601921162716,106.79032600421432
2009-09-10,176.8827047680265,88.89074670206983,199.86629473352554,314.87317421014524,140.95677622092438,81.12357296856378,183.52772627681827,164.69154338729192,199.9987346349855,107.90094539465815
2009-09-11,178.15626024235632,88.40184759520845,200.22605406404588,314.2119405443039,140.81581944470344,81.33449425828204,182.46326546441273,164.41156776353353,199.91873514113155,107.67435340932938
2009-09-14,178.81543840525308,89.17094366928676,201.66768165330703,316.191475769733,141.05520633775944,81.44836255024364,183.06539424044533,165.74330146241815,202.57765431850862,108.92337590887762
2009-09-15,178.6902675983694,89.24228042422219,203.88602615149338,318.94234160892967,141.77458789008205,81.95334239805516,182.8457157673568,164.96430794554476,204.56291533083,109.59870083951266
2009-09-16,179.97683752507768,89.81343101893721,206.74043051761427,325.95907312432615,143.20651122777187,82.28115576764738,185.64325521859737,165.6076687465324,207.75409680999098,112.64554472285113
2009-09-17,180.2827981488703,88.78955790532133,206.96784499118368,323.44918826126883,143.03466341429854,81.30201001401237,185.1234541039853,165.7070333477803,206.86075419370803,112.04852333582002
2009-09-18,181.7971736533208,88.82507372848345,208.47871025961933,322.6082203717895,143.2635188757614,82.40771735020294,186.2527071740196,165.7070333477803,207.1089870987405,111.8804505508163
2009-09-21,180.9972660892462,87.37722502670917,206.43561889907508,319.83378967659206,143.47841415407504,82.1440126546823,186.75558948338943,166.80069976787567,206.11486396066655,111.30986025300713
2009-09-22,180.6895707368945,88.79273607214185,208.47933152617594,324.53534638483796,143.9375450793681,82.27544307492978,186.83029171918278,166.4504182983631,206.259144365439,112.89046026859984
2009-09-23,180.34626055249439,88.72170188328414,206.24860267884583,318.2718141996106,143.43376367159033,82.0203892013975,184.8125245686156,164.83584924086898,204.9390858415002,111.1519471804634
2009-09-24,179.01169822440593,87.21343295126832,203.54674598375294,313.91149034507595,142.3580104440534,81.37242812670647,183.4818743917216,164.3083745232982,204.13982340671834,109.22901849424139
2009-09-25,178.7789830167142,86.38490533823126,202.20333746026017,313.2208850663168,141.48962658034466,81.01438944294897,181.79384114731775,164.32480536075053,203.34367809543213,107.9182702723105
2009-09-28,180.44162755876965,88.24218080300325,205.4183705258783,318.79621682049725,143.8808012695525,82.67518442652941,183.92082908874139,166.90470480491433,205.45845234762461,110.63781068317272
2009-09-29,181.28970320829586,88.91282137710607,205.47999603703607,317.2978746014409,143.11823302282386,82.61731179743083,184.52776782473427,166.83794292299237,206.03373601419796,110.35015237539645
2009-09-30,181.52537982246665,87.7658459813414,204.71972005169903,315.96522352811485,143.14685666942844,82.06377580838804,183.99263729804252,166.2706939170542,204.40606949968577,109.42321109544312
2009-10-01,179.18370242275682,84.25521214208774,198.47576859012221,307.14979379168045,139.05285656868278,80.43891304738196,181.2879455297613,163.12817780202187,200.358829323592,105.88884137706032
2009-10-02,179.9900290836592,82.94083083267118,196.80857213396519,305.0918901732762,138.51055042806493,79.79540174300291,180.1277026783708,162.83454708197823,198.67581515727383,105.18997502397171
2009-10-05,181.32195529887832,85.17193918207002,200.15431786024257,312.32256797038286,139.86795382225995,80.79284426479045,182.0190435564937,163.7789874550537,201.53674689553856,107.56726845951347
2009-10-06,183.18957143845677,86.66244811775626,203.1166017645741,319.1311999521372,142.46949776335398,81.82699267137976,184.62191587935155,165.12197515218514,203.29011659352975,108.8688324078736
2009-10-07,183.3361230956075,87.06109537909794,202.9744201433389,320.34389851195533,142.98238795530207,81.30329991828292,185.1757816269896,165.20453613976122,203.04616845361753,109.64180111796951
2009-10-08,184.23447009877597,88.8110233962178,206.36409295973266,327.58367061832547,143.6687034174875,81.4659065181195,187.08309217774757,165.6340679337246,204.34566393172068,110.31061610478912
2009-10-09,184.7871735090723,89.16626748980268,207.4165498338273,327.87849592188195,145.30652663644688,81.17262925465425,187.98109102020072,167.075084324748,205.5513033489178,110.97247980141785
2009-10-12,185.45240733370494,90.86042657210892,207.58248307369436,331.8130378729445,145.56807838439246,80.78300063423191,187.81190803828252,167.5094795439923,206.72294577800665,111.56063394436538
2009-10-13,184.82186914877033,90.46064069519164,207.04276861770273,332.0784883032428,145.6117488079078,81.00919303600776,188.58193686123948,166.11915086377718,205.647986459961,110.94705045767137
2009-10-14,186.4483015972795,92.3331759575821,210.99728549830084,337.65740690673726,147.7813638651456,81.5033491135274,190.90149468463272,168.3617594004382,206.6762263922608,114.03137846039463
2009-10-15,187.54834657670347,93.09030800043428,211.6513770833456,343.39758282415175,147.63358250128044,81.90271552418368,192.3332558947675,169.69181729970165,209.1356734863287,113.7577031520897
2009-10-16,187.62336591533415,91.7684256268281,210.48729450938723,343.19154427445727,146.17201003451777,81.43587004569582,192.2563225924096,168.96214248531294,209.2193277557232,111.63043410314562
2009-10-19,188.67405676446003,93.76897730549297,213.37097044416583,347.13824703361354,147.7068161398802,82.60854657435384,194.06353202477825,170.4659055534322,212.1065544787522,112.18858627366133
2009-10-20,187.73068648063773,93.69396212364856,211.70667687470134,344.8818484278951,147.3375490995305,82.28637324271385,192.14230305773293,168.06233628512882,209.79459303493377,111.41448502837305
2009-10-21,186.58552929310582,94.15306253805443,209.9918527920163,344.46799020978165,146.8366014325921,81.69391135536631,188.8566696754457,165.92794461430768,209.4799011453814,109.77669209845598
2009-10-22,186.54821218724723,94.9627788758817,213.20472813973416,346.77592574418713,147.74698836147417,82.48634229551337,191.25514938032384,167.15581140445357,210.00360089824483,111.74169488701835
2009-10-23,184.40290774709388,94.12710642177393,209.7081705982425,340.221860747622,147.08212691384753,80.86960998652131,191.02564320106745,165.06636376189792,206.62254292378307,109.87560858240515
2009-10-26,182.68796070504592,92.93169217021739,206.5835188563287,335.05048846425814,146.5232148315749,79.89917466668305,190.22333549962298,163.43220676065513,203.87446310289675,107.84290982363065
2009-10-27,182.81584227753945,90.60839986596196,204.82755894604995,338.5685185931328,145.0140257188097,79.68344689508301,187.86456613942767,163.7754143948525,203.50748906931156,106.99095083602397
2009-10-28,181.22534444972484,86.6759953117792,199.46107690166343,328.3776061834795,142.0412381915741,79.16550449026496,184.59572268860163,161.17138530597435,200.84154096250356,104.07009787820051
2009-10-29,183.79874434091096,89.98701833268917,205.20555591643134,336.0944799287913,144.48434748846918,80.70923182782515,188.25071799783595,162.47687352695274,203.33197607043857,107.26504988306127
2009-10-30,180.39846757060408,87.21541816804235,198.80314257183866,323.8270314113904,140.98782627924825,78.7883521103229,184.03390191468444,159.99097736199036,198.87900579449598,103.44641410722429
2009-11-02,181.6251771500842,88.89867573868557,200.65201179775678,325.25187034960055,141.38259219283012,78.79623094553394,185.92945110440567,160.90292593295374,198.46135988232754,104.02571402622473
2009-11-03,181.00765154777392,89.9654598475498,202.29735829449837,328.8296409234461,141.2412096006373,78.8356290610067,186.2269382261727,160.90292593295374,198.6796673781981,105.22200973752634
2009-11-04,180.51893088859492,89.14677416293709,202.1962096153511,328.632343138892,141.98978801152066,79.02483457075311,186.748373653206,162.3671425589436,199.7724055487782,104.59067767910118
2009-11-05,183.58775271370104,92.1064470651466,208.30253514573474,334.18622973793924,145.15616028417756,80.92933308390826,187.92488840722118,165.41964483905176,203.14855920255255,106.87075445250558
2009-11-06,183.73462291587197,92.72356026048307,208.4691771738513,333.2170896716992,145.37389452460386,81.21258574970194,189.65379738056762,165.8497359156333,202.3969095335031,107.46923067743961
2009-11-09,186.582509571068,95.86688895331345,213.84768194493668,339.31496241269133,148.35405936235824,82.96677760189552,192.97273883472755,168.45357676950874,206.24245081463965,110.4461283672047
2009-11-10,187.459447366052,96.30787664249868,213.27029320368536,339.4846198938976,148.2650469267408,83.07463441277798,192.89554973919368,169.24530858032543,207.0261721277353,109.9159869510421
2009-11-11,188.05931759762336,96.80867760103968,214.52858793358712,339.28092912196126,149.1249841989159,83.43185534075292,193.37778861354164,169.8038180986405,206.48790408020315,111.1910123996742
2009-11-12,186.9497676237974,95.06612140422097,211.69681057286377,332.32567007496107,148.30479678582188,82.71434138482245,191.94679297780144,168.85291671728814,203.49382947104021,109.50090901119916
2009-11-13,188.2397210204016,96.34000743103755,213.5174031437904,334.4525543634408,149.75818379432295,83.54975623280914,193.6167300767083,169.10619609236406,205.04038257502012,109.69801064741931
2009-11-16,190.14094220270763,98.51729159897899,218.17208253232505,342.9476492442722,151.58523363661368,84.70274286882191,195.5335357044677,171.7104315121865,208.03397216061543,111.38736001138957
2009-11-17,190.2169985795887,99.12809880689265,218.47752344787034,343.29059689351647,152.25220866461478,84.99920246886279,194.5558680259454,171.91648403000113,207.6179042162942,111.57671852340894
2009-11-18,189.8555862822875,98.84062732035265,217.8220908775267,342.2950541625253,151.47572240042527,84.75270478170309,194.8671574147869,172.19155040444915,206.62133827605595,111.7552412730464
2009-11-19,188.62152497145263,96.70566977023304,214.2498085871353,335.31223505760977,148.93093026409812,84.10858422536214,193.4836005971419,171.0378670167393,203.72863954019115,109.94480636442303
2009-11-20,188.97990586889838,96.0190595148644,213.47850927622162,332.5291435066316,148.05223777553994,83.57870014474236,193.36751043678362,171.8759525651213,204.07497822740947,109.39508233260091
2009-11-23,190.68072502171847,97.23850157070316,216.21103419495725,337.58358648793245,150.36185268483837,85.07475887733324,194.9724607734089,173.33689816192484,206.85039793130224,110.9047344687908
2009-11-24,190.60445273170978,96.98568146661934,215.64888550605033,338.73137068199145,149.7002605330251,85.37252053340391,194.8749745430222,174.70625965740405,207.88464992095874,110.52765837159693
2009-11-25,190.9284803013537,97.61608839615235,217.46033614430112,342.72840085603895,149.99966105409115,85.68839885937751,196.18063687246044,175.68461471148552,210.0466502801367,110.71555539082864
2009-11-27,188.58005999364704,95.81995236966316,213.39382785840272,334.46864639540837,147.50966668059326,84.65156923317905,193.84608729367815,173.73451548818804,206.53887122045842,108.2798131722304
2009-11-30,187.37314760968772,96.2319781648527,213.88463366247703,334.2010714782921,147.8046860139544,84.19445075931988,193.24516442306776,173.36967300566283,207.9846433190016,109.61165487424884
2009-12-01,190.50227917476948,97.91603778273763,217.54206089810535,339.3811880862056,149.90351255535256,85.5163036362412,195.62207994547148,175.51945695093306,211.41638993376515,110.36797529288116
2009-12-02,191.09283624021128,98.13145306585966,218.8038048513144,336.90370541317634,149.9634739603747,85.85836885078618,195.9937618973679,176.41460618138282,213.72082858404315,110.51145366076192
2009-12-03,189.71696781928176,96.96368877437592,216.44072375892017,332.3555053900984,149.6485506650579,86.12452979422362,193.9162280212558,175.7618721385117,213.78494483261835,108.64381009389503
2009-12-04,191.86076955563968,98.27269857283001,217.65279181197013,329.99578130182874,151.14503617170848,86.95993773322759,194.5173683281217,176.06066732114718,213.20772548157026,110.19741657823774
2009-12-07,192.34042147952874,97.78133507996586,217.84867932460088,329.26979058296473,150.64625755234186,88.47304064978574,195.17872738043732,175.47966711898738,214.8707457403265,109.31583724561185
2009-12-08,190.74399598124867,96.93063746477016,215.14735570097585,323.7051311221126,149.41095824041267,87.88911858149716,193.03176137925254,173.9178980816284,213.86085323534695,108.37572104529957
2009-12-09,190.4578799872768,97.27958775964332,216.00794512377973,324.223059331908,150.47177604391962,88.06489681866016,192.68430420876987,174.87444652107737,214.30996102714116,108.72252335264454
2009-12-10,191.2768488712221,97.49360285271455,216.56956578110155,326.7195768887637,150.98338008246895,89.05122366302916,194.80383155506632,176.0810802020728,216.90311155556955,108.86386263300298
2009-12-11,191.8698071027229,97.94207342583702,218.34543622050657,327.04629646565246,150.69651166031227,89.62115149447254,196.5570660390619,176.30998560633552,220.0915872954364,109.5714777401175
2009-12-14,193.13614782960087,98.7354042205863,221.03108508601878,328.09284461434254,152.21854642808142,89.64803783992087,197.36295000982207,177.91440647535316,221.87432915252944,110.66719251751869
2009-12-15,192.65330746002687,99.14021937789072,220.05854831164032,328.42093745895687,151.48789740522662,89.20876245450526,196.2182448997651,177.48741189981232,221.25308103090237,109.81505513513379
2009-12-16,192.38359282958285,99.45746807989997,220.54267711792593,329.8331474900304,152.06355141536648,89.31581296945068,195.41375009567605,176.99044714649284,220.98757733366529,110.4080564328635
2009-12-17,189.92108284136418,98.82094028418861,217.38891683513958,327.72221534609423,150.28440786380668,88.29761270159895,193.73319184485322,175.09664936202535,219.75004690059671,108.88442525408999
2009-12-18,189.44628013426077,100.18466926011041,217.34543905177256,328.96755976440943,152.55370242255015,88.63314362986503,194.25627146283432,175.90209394909067,220.95867215855,109.78816598369893
2009-12-21,190.98079500334828,100.8258511433751,219.64930070572132,332.29013211802993,154.23179314919818,89.68787803906042,196.9564336361677,177.64352467918667,222.28442419150133,110.79821711074898
2009-12-22,192.2030720913697,101.7937793143515,220.72558227917932,333.85189573898464,155.21887662535306,89.82240985611901,197.80334630080324,178.54950665505055,221.37305805231614,111.1860108706366
2009-12-23,193.02954530136262,102.59795017093487,222.11615344753818,335.4209996489579,156.28988687406797,89.79546313316217,198.69346135915686,178.8530408163641,221.97076530905738,111.31943408368137
2009-12-24,193.8788753006886,103.20327807694338,223.16009936874158,337.1987309470974,157.7277538333094,90.10076770781494,199.05110958960333,179.03189385718048,223.45796943662805,111.80923959364956
2009-12-28,194.26663305128997,103.03815283202027,223.16009936874158,338.0754476475598,158.0274365655927,90.19987855229353,199.7676935841259,179.81963419015204,223.5473526244027,111.42908817903117
2009-12-29,194.32491304120535,102.7393421888074,223.07083532899406,335.8441496930859,157.8694091290271,90.5606780665027,199.96746127771002,179.58586866570488,223.5026431538778,111.35108781730585
2009-12-30,194.40264300642184,102.50304170177316,222.82545741013217,335.6090587883008,158.4219520609787,90.31616423572315,199.44754587838796,179.63974442630456,223.5249934181932,111.28427716461546
2009-12-31,192.3225347262531,101.66251675981862,220.06242173824654,332.4207727298119,156.64762619789573,89.5846033054138,197.03423057325946,177.68167121205784,220.2168235156039,110.549800935329
2010-01-04,194.2072955665704,104.05158590367436,224.99181998518324,342.3933959117063,159.1383234544423,90.90149697400336,198.61050441784553,180.00930110493582,221.67025455080687,112.73868699384852
2010-01-05,194.80933818282676,106.72571166139879,225.9142864471225,345.0640643998176,159.1383234544423,91.00148862067479,198.35231076210235,178.9292452983062,219.80822441258007,113.76460904549255
2010-01-06,195.23791872682898,108.03843791483399,227.1568150225817,348.30766660517594,158.04026902260662,90.06417328788184,198.2928050688737,179.87757029838724,220.99518882440802,114.01489118539263
2010-01-07,195.31601389431972,109.59419142080759,227.86100114915172,347.1582513053788,157.4871280810275,89.91106419329245,199.5420497408076,180.11141113977516,220.0007104746982,115.93034135730721
2010-01-08,194.37849702762696,110.19695947362204,229.52438645754052,348.720463436253,158.68403025444331,89.77619759700252,199.52209553583353,180.5616896676246,219.8907101194609,116.26653934724341
2010-01-11,194.94219466900705,111.76175629814749,230.2359120555589,348.999439807002,158.11276774552732,89.66846615988612,199.88123530779805,181.44644194699592,221.69381394244047,116.34792592478647
2010-01-12,195.02017154687465,109.7947493873001,227.7723877965644,344.0436477617426,156.2786596396792,88.38620709379975,198.98176974891297,180.53920973726093,220.40798982157432,114.9168464359116
2010-01-13,196.44381879916685,110.27784628460422,229.43512622747937,345.07577870502774,157.82581837011202,88.85465399139689,200.45423484505497,182.95843514774026,222.5018657248793,115.98557310776559
2010-01-14,196.6009738542062,110.70792988511417,229.15980407600637,345.80043784030835,158.83590360768073,88.09938943247002,199.75264502309727,184.16596081971534,221.9233608739946,116.50750818675053
2010-01-15,195.30340742676842,108.8812490420098,226.6390462311703,342.79197403109765,156.78692045114167,86.90123773618842,198.35437650793563,183.0425484587151,220.34770501178923,114.72494331149325
2010-01-19,196.27992446390223,110.16604778070551,229.81199287840667,345.36291383633085,159.12304556586366,88.20475630223123,200.2585785224118,186.53866113427654,223.65292058696605,116.04428015957544
2010-01-20,194.08158930990652,108.42542422577036,226.57164377882114,339.69896204941506,156.8475860142718,87.26096540979735,198.71658746778922,185.51269849803802,221.5282178413899,115.66133403504884
2010-01-21,190.72397781484517,105.94248201100021,221.13392432812944,332.5992537425822,155.20068636112197,85.9520509286504,196.43134671190964,181.72823944867804,218.49328125696283,113.4175041547689
2010-01-22,188.93117242338562,102.7112363096647,217.1314002977903,326.0803083692276,149.70658206393824,84.42210442212041,194.19202935939387,179.5475005752939,214.1015663036979,110.74085105671637
2010-01-25,189.17678294753603,103.89241552722585,218.23877043930904,328.1672223427907,150.63476287273468,85.08903904705517,194.38622138875326,179.31408882454602,215.51463664130227,111.00662909925248
2010-01-26,189.17678294753603,103.67424145461868,217.51858249685932,326.1325855642654,150.5594454912983,84.24665756048933,194.8721869422251,178.86580360248468,215.75170274160774,109.69675087588129
2010-01-27,190.0469961490947,104.41032856894648,217.51858249685932,324.2084033094362,151.34235460785308,84.20453423170909,195.00859747308465,179.92111184373934,214.43561735488396,111.55062596568368
2010-01-28,189.09676116834922,103.44975354611216,215.01711879814548,321.1608443183275,147.31664797528418,83.54773886470174,193.5070312725419,178.3557981706988,212.46280967521903,110.75861652132733
2010-01-29,187.71635481182028,101.2773087216438,212.6949339151255,316.2470834002571,144.38504668057604,83.5059649952694,193.39092705377837,177.66021055783307,210.4869055452395,109.9722303440259
2010-02-01,189.51843181801377,103.9510296718952,216.6297901925553,325.86099473562496,146.4786298574444,84.29092106622494,195.05408902644083,178.3886174211202,212.40233638570118,111.50084434580788
2010-02-02,192.07693064755696,106.11321108907062,219.6626072552511,330.6511513582386,147.75299393720414,85.35298667165935,197.04364073451052,181.61745139644248,214.2502367122568,112.67160321143885
2010-02-03,191.07813060818967,106.51644129120908,219.0036194334853,327.6091607657428,148.3735565117404,85.3188454769907,196.23576180749905,180.12818829499165,212.55765984222995,111.40968125547074
2010-02-04,186.2629617168633,102.04275075697828,211.84220107801036,314.668598915496,144.11523543985345,82.92138591908727,191.29062060995005,175.33677848634488,206.77609149452127,107.45463757090154
2010-02-05,186.2629617168633,100.87946339834875,211.43970089596215,314.51126461603826,145.48433017653207,82.763835285841,191.7879762235359,175.03870596291807,206.25915126578496,108.17458364262657
2010-02-08,185.03362616953197,100.65752857887237,209.49445564771926,312.1209790049563,144.68416636056114,82.07689545296853,191.30850628297708,174.28603952727755,204.25843749850685,106.76831405527243
2010-02-09,188.2717146274988,103.05317775904955,213.93573810745093,317.957641312349,146.26122377389123,83.39012578021602,193.43203070271815,175.471184596063,206.3214477172418,108.0175033297191
2010-02-10,187.91399836970655,102.26997360808076,213.2083565978856,316.33605734165604,145.80781398019218,82.9148020632688,193.0451666413127,174.80439409459797,205.59932265023147,108.42796984237204
2010-02-11,190.20654914981696,104.20287610927348,216.51308612515282,321.49233507632505,147.65957321774061,83.52008011833065,194.84048669107693,176.01054441385065,207.4702764863486,109.49056394682728
2010-02-12,190.2826317694769,104.46338329954665,216.18831649596513,320.5921565381113,147.94012640685432,83.4783200782715,194.7430664477314,176.25695917603005,206.59890132510594,109.18399036777615
2010-02-16,192.18545808717164,106.35417053726846,220.6201769841324,329.2481447646403,150.307168429364,84.73049487944556,197.4889436846444,177.98427737595517,210.73087935160805,111.37858857416845
2010-02-17,193.78059738929517,107.39644140853369,221.8997740106404,328.3591747737758,151.02864283782495,85.40833883848113,199.2465952834377,179.23016731758682,210.54122156019162,111.76841363417805
2010-02-18,195.40835440736524,107.54679642650564,224.25191161515318,330.2636579874637,152.47851780906808,85.80121719713813,199.68493779306127,179.94708798685716,211.59392766799257,112.26019465416843
2010-02-19,195.62330359721335,107.28868411508203,225.10406887929076,331.3205016930236,152.3107914394781,86.1530021876464,200.3438980877784,179.98307740445455,214.21769237107569,112.84394766637011
2010-02-22,194.91905970426336,106.89171598385623,224.9690064379632,327.2121274720301,152.0214009357431,85.9806961832711,200.30382930816083,179.42512986450072,212.76101206295235,113.76926803723435
2010-02-23,193.301231508718,106.913094327053,221.9094279504069,321.7149637305,150.01471844339127,85.09509501258343,199.02188480058862,177.46939594897765,210.7610585495606,112.10823672389074
2010-02-24,194.1710870505072,108.29227324387199,223.7734671451903,324.19216895122486,151.6048744588912,85.75883675368158,201.3106364757954,178.6584409018358,211.43549393691922,113.4759572119222
2010-02-25,193.5109053545355,108.67129620022553,223.415429597758,323.965234432959,151.28650422252753,85.54443966179738,202.07561689440342,178.05100220276958,211.01262294904538,113.38517644615267
2010-02-26,192.69815955204646,108.76910036680572,223.7728942851144,324.48357880805173,151.31676152337204,85.80107298078275,201.69167322230405,178.31807870607375,209.55663585069698,113.9861178813173
2010-03-01,194.5095222518357,112.14094247817667,227.1071104099626,328.1502432485828,153.70756635544132,86.7706251054656,204.09180413364948,180.52922288202907,212.5113844161918,114.84101376542719
2010-03-02,195.98779462094967,112.23065523215921,228.44704236138136,330.5129249999726,153.70756635544132,86.96152048069763,203.70402970579553,181.52213360788022,213.5951924767144,115.17405270534692
2010-03-03,196.90893725566812,114.3967068781399,229.0866940799932,330.81038663247256,153.76904938198348,86.9093435684092,203.39847366123686,180.70528400664477,213.5311139189714,115.46198783711029
2010-03-04,198.18884534782995,114.636939962584,229.63650214578516,329.6194692405956,154.47638700914058,87.6741457918112,204.88328251896394,180.72335453504544,213.42434836201195,116.05084397507956
2010-03-05,199.83381276421693,116.70040488191052,232.8514131758262,335.5855816338504,156.5927135111658,88.70870071215458,206.95260367240547,182.89203478946598,216.0921527165371,118.17457441982351
2010-03-08,199.39417837613564,116.54869435556404,232.10628865366357,334.9144104705827,156.9528767522415,89.18772769600022,207.42859466085199,182.45309390597126,216.15698036235207,118.23366170703342
2010-03-09,199.25460245127232,116.72351739709738,232.7097650041631,335.31630776314745,157.5336023962248,89.74961038048501,206.9722517525981,182.41660328719007,215.87597628788103,118.50559912895959
2010-03-10,199.3940806729882,117.05034324580924,233.17518453417142,337.66352191748945,158.69935105395686,89.8932097570938,207.55177405750538,183.09154471935267,216.56677941200226,119.46549448190416
2010-03-11,199.85268705853608,117.15568855473046,233.6182173847863,337.86612003063993,159.3341484581727,90.24379327514647,208.69330881482168,183.7872925892862,217.04322632670866,120.20618054769197
2010-03-12,199.57289329665414,119.03017957160615,234.43588114563306,337.5958271346154,159.3341484581727,89.99111065397607,209.5072127191995,183.23593071151836,215.9797145177078,120.2302217838015
2010-03-15,200.73041607777472,118.66118601493419,233.96700938334183,334.08483053241537,158.9517465018731,90.01810798717224,210.99471392950582,184.37199348192976,216.39007597529147,120.18212969508797
2010-03-16,201.57348382530137,120.04952189130891,235.48779494433353,336.6238752444617,160.1120942513368,90.36017679752351,212.2817816844758,184.74073746889363,218.4025036818617,121.69642452924607
2010-03-17,202.621665941193,121.9463043371916,237.1597582884383,340.15842593452857,160.86462109431804,90.69450945167435,213.15213698938214,184.94395228010941,219.21059294548462,122.51179057359201
2010-03-18,202.80402544054002,120.82439833728944,236.75658669934796,336.0425089807208,161.1380909501784,90.93938462719386,213.15213698938214,185.60975050831783,218.04877680287356,122.43828349924783
2010-03-19,203.1285118812449,118.6858064867194,235.07561493378256,332.850105145404,159.7845309861969,90.63928465792411,211.7666480989512,185.16428710709786,217.37282559478467,121.76487294000198
2010-03-22,204.02227733352234,122.55496377818645,236.86218960727933,332.48397002974406,160.98291496859338,91.40971857751646,214.11725789284958,186.7566999762189,216.37291059704862,122.44675622846599
2010-03-23,205.75646669085725,123.21676058258866,239.9177118532132,334.51212224692546,162.4478594948076,92.11357341056335,215.273491085471,187.83988883608097,217.3249514036756,123.34061754893379
2010-03-24,204.23386883734494,122.26799152610272,238.0223619295728,332.63885436234267,161.3432140502429,91.85565540501376,213.18533822194192,186.28081775874153,215.2603643653407,122.98292975804188
2010-03-25,203.49862690953046,121.71778556423527,236.4514143408376,327.31663269254517,161.6659004783434,91.70868635636573,214.16599077776283,185.12587668863733,213.5598074868545,122.93373658613866
2010-03-26,203.66142581105805,122.07076714237155,237.39721999820094,327.5130226721607,161.45573480772154,91.91044546634973,214.87273854732948,183.99660884083664,213.94421514033084,123.05667032272478
2010-03-29,204.67973294011333,122.08297421908578,239.39135664618584,333.34275447572514,161.60104496904847,92.4527170946012,215.4099203936978,185.5053810333315,216.91803973078146,123.73348200949978
2010-03-30,204.90488064634746,121.31385148150555,239.8940784951428,333.3760887511727,162.4090501938937,92.4064907360539,215.99152717876078,185.3384261904015,216.8095807109161,123.34990821527035
2010-03-31,204.02378965956817,118.97249414791249,238.40673520847292,334.77626832392764,161.40211408269158,92.35104684161227,214.28519411404858,184.80094475444932,216.1157900526412,123.20188832541201
2010-04-01,205.34994429235533,120.28119158353951,240.5762364988701,340.601375392764,161.51509556254945,93.20067647255512,215.3351915652074,185.98367080087777,218.86046058630973,124.22446399851293
2010-04-05,205.47315425893075,122.80709660679383,243.1263446057581,346.4597190495196,163.45327670930004,93.94628188433555,217.4454764425464,185.87208059839725,220.63323031705883,125.49155353129775
2010-04-06,205.12384989669056,122.70885092950839,243.0534067023764,346.11325933047004,163.5513486753256,93.7959678333206,217.9021119430758,185.48174922914063,222.31004286746852,126.30724862925118
2010-04-07,203.99566872225878,121.89897251337362,241.5464755808217,342.85979469276367,163.28966651744508,92.87676734855405,217.6406294087441,184.94385215637612,220.19809746022756,125.5620358623386
2010-04-08,203.95486958851433,122.65474614295655,241.7638674088444,344.8483815019817,163.25700858414157,93.6197814873425,219.12058568872354,184.4999869112008,219.0750871631804,126.4158577062025
2010-04-09,205.6069040321813,124.33511616511505,243.09356867959306,349.1245014326063,164.62836745624836,94.8274766685292,219.93133185577184,185.36713684968345,220.49907522974107,126.79510527932109
2010-04-12,206.14148198266494,124.99409228079017,243.57975581695226,350.1020500366175,165.15517823210837,94.63782171519213,219.77737992347278,185.25591656757362,221.44722125322892,127.26424716885458
2010-04-13,206.22393857545796,125.0940875546148,243.14131225648174,348.94671327149666,165.66715928462793,94.70406819039276,220.48066753922794,185.68200517567905,220.56143236821603,127.37878499130655
2010-04-14,206.20331618160043,127.78361043703903,245.8644949537544,352.12212836226735,168.46693427653813,95.44275992227783,222.64137808111238,185.9048235818899,220.8261060870579,129.84993342013792
2010-04-15,205.9971128654188,129.3297921233272,246.72502068609253,352.29818942644846,169.29242225449315,95.37594999033223,222.64137808111238,185.66314731123344,220.60527998097083,129.87590340682195
2010-04-16,204.84352903337248,127.26051544935397,243.71497543372217,346.97848676610914,167.0408330385084,94.23143859044825,220.79345464303915,184.28924002113033,218.11244031718587,126.48614232790388
2010-04-19,205.62193444369927,127.62957094415708,243.44688896074507,347.39486095022846,167.19116978824303,94.8533660851452,220.99216875221788,185.17382837323174,218.2869302694396,127.05532996837943
2010-04-20,206.0126161191423,129.26322945224229,246.0030812948329,353.3700525585724,168.26119327488777,95.68807570669446,222.36232019848163,185.76638462402607,220.7535725814843,128.3894109330474
2010-04-21,206.23922999687338,130.36196690258635,247.87270471267365,352.5573014376877,168.8669335706774,95.42014909471573,223.34071440735494,182.75696919311684,220.863949367775,127.96572587696835
2010-04-22,205.66176015288215,131.99149148886866,250.17792086650155,352.23999986639376,169.3904210647465,95.75411961654723,226.40048219473567,180.39940429052567,221.81366435005643,128.83589281293172
2010-04-23,205.66176015288215,133.60178768503286,252.2043620255202,358.862111863882,170.01716562268606,95.91690161989537,227.53248460570933,182.18535839300188,224.3645214900821,129.6604425269345
2010-04-26,204.81854693625533,134.51027984129107,252.75921162197633,357.9290703730358,169.7791415908143,96.17587725426908,227.14567938187963,180.54569016746484,223.44462695197277,128.35087205741246
2010-04-27,200.64024857875575,128.9281032278775,246.0863684351562,348.5513287292623,166.4854262439525,94.18503659510571,222.1939035713546,178.32497817840502,219.40027920414207,124.66720202936472
2010-04-28,201.68357787136526,128.5799973491622,247.78436437735874,352.35053821241127,166.86834272431358,94.51468422318858,221.23846978599778,179.35926305183978,221.4407018007406,125.88894060925251
2010-04-29,203.8819288701631,131.524479288458,250.7825551863248,352.1391278894838,168.7706418313708,96.44278378134162,223.87120757645116,182.2469471869744,221.9500154148823,128.40671942143754
2010-04-30,201.9654387387836,127.60504980566196,245.96753012674733,348.4768809594331,165.05768771108063,95.48800022190635,219.72959023628684,180.8071963041973,222.28294043800463,125.44052420280234
2010-05-03,203.78312768743262,130.53996595119216,249.58325281961052,352.27527896189093,167.4840357204335,97.19723542587847,222.739885622524,182.28981531389172,225.28376013391772,127.33467611826464
2010-05-04,200.72638077212113,125.89274316332974,241.67146370522886,343.32748687625894,162.44276624524844,94.81590315794445,218.81966363556757,180.19348243778197,221.00336869137328,123.71837131650591
2010-05-05,200.3650732867313,122.60694256676683,238.94057616535974,338.2805728191779,161.500598201026,93.39366461057527,218.79778166920403,179.8330954729064,219.0585390468892,122.86471455442202
2010-05-06,195.21569090326233,118.75708457017036,231.58120641946667,326.17012831225134,156.17107846039212,90.264976846121,211.84001221212333,174.76180218057044,212.61821799891064,118.46615777337371
2010-05-07,194.02487518875242,115.1587449076942,226.8801079291515,321.73421456720473,152.50105811657292,89.11861164017526,208.00570799108388,172.1403751478619,210.47077399712163,116.38115339656234
2010-05-10,200.29187865734914,122.88589669100047,238.9047536493965,333.9922881422152,159.91260954103836,92.00605465731694,216.36753745232545,176.85702142691332,217.90039231921997,122.61918321861809
2010-05-11,200.4320829724093,123.43888322610997,237.94913463479892,331.82133826929083,159.48084549527755,92.18086616116584,216.73536226599444,177.01619274619753,218.46693333924995,122.34942101553715
2010-05-12,202.01549642789135,127.21611305282892,242.96986137559315,336.93138687863797,163.16485302621842,93.1026748227775,219.81300441017154,178.4146206688925,221.06668984598704,124.40489128859815
2010-05-13,200.23776005932586,125.35875780225763,240.54016276183722,334.202242644921,161.14160884869332,92.56267930880539,216.44986544269594,176.7375232346049,220.13820974863387,122.66322281055777
2010-05-14,197.89497826663177,122.18718122986051,235.29638721362915,327.752139361874,158.14437492410764,91.19275165503507,213.31134239377687,173.83902785355738,218.00286911407213,119.65797385169911
2010-05-17,199.18129562536487,121.47849557872732,235.3434464910719,324.76959489368096,158.5555502989103,92.23234902390247,214.61254158237892,174.0302507841963,217.9374682533379,119.75370023078047
2010-05-18,197.38866396473657,118.57515953439572,232.51932513317902,322.36629989146775,156.20892815448644,91.30080229876106,212.35910989576396,172.4291724769817,215.73629982397918,117.22689715591099
2010-05-19,197.40840283113306,116.29851647133533,229.6593374340409,319.1104002625639,154.89677315798875,90.76212756519836,210.91506794847277,171.86015620780768,213.53578956577456,116.9572752924524
2010-05-20,190.6372946140252,109.75090999399914,220.0825430630414,305.54820825140496,149.21206158309056,87.37670020701646,203.70177262463497,165.96535284987988,205.84850114140667,111.55384917394109
2010-05-21,191.60954481655673,112.96661165682333,223.7799297865005,310.8036374333292,150.55497013733836,88.46017128958346,206.22767460518045,166.18110780858473,206.89832849722785,114.33154001837222
2010-05-24,190.51737041110238,111.38507909362781,220.6022547835322,304.7740468671226,149.6817513105418,87.56672355955867,204.84594918532574,165.96507236843357,204.9327943765042,111.83911244597171
2010-05-25,188.61219670699134,110.961815793072,220.99933884214255,304.22545358276176,149.457228683576,88.0746105562041,205.23515648877785,165.06886097764405,203.53925137474397,112.25291716202182
2010-05-26,187.1787440120182,112.18239576679578,221.0656386437952,303.6474252209545,148.26157085410742,88.04818817303726,203.34699304908114,163.96289960909382,203.7224367009812,112.06208720284639
2010-05-27,191.67103386830664,117.93735266963239,228.9576819433787,317.4026535834637,153.70277050445313,90.9801928391994,209.32539464472413,167.30774276111933,208.42842498877383,116.47733343863855
2010-05-28,190.386837941389,116.0385612916513,225.24856749589594,312.8320553718618,152.24259418466085,89.89752854441294,207.8391843427466,166.20351165889593,208.30336793378055,114.47392330349398
2010-06-01,188.84470455406372,112.8126892877434,219.54977873824978,300.7254548289708,150.43090731386337,88.79178894331665,205.44903372280504,164.24231022132096,203.38740845054332,111.89826002916536
2010-06-02,192.98040358379774,116.5919143788828,225.38980285268724,312.72440047664674,153.8908181820822,91.12701299252588,209.22929594330463,168.31551951480972,208.41107743927174,115.14330957001116
2010-06-03,193.6751330366994,118.10760926580828,225.95327735981897,316.4145484022712,155.70672983663079,91.54619725229149,209.9406755495119,168.97195004091748,211.12042144598226,115.16633823192515
2010-06-04,187.9617166121168,111.84790597472043,216.9151462654262,304.549002837186,150.31927698428336,88.7540382360966,202.42479936483937,163.5986420296163,204.5334642968676,110.60575123794092
2010-06-07,186.60839225250953,108.3023273553218,212.46838576698494,302.386704917042,147.28282758920085,87.79549462314677,199.4491548141762,162.68248963425043,205.02434461118008,108.51530253954382
2010-06-08,189.03430135179212,109.0496134140735,215.25172162053246,307.8599042760405,147.2680993064419,88.48029948120731,200.54612516565422,162.64995313632357,207.83317813235325,110.17558666839886
2010-06-09,189.20443222300872,108.66793976712425,215.3162971370186,303.88851151087954,146.17831537157423,88.53338766089604,200.80683512836956,161.82043837532834,206.60696238137234,109.30519953371851
2010-06-10,193.53721372091562,113.55799705664484,222.44326657225392,318.01932729613543,149.93509807662372,91.18938929072293,205.46555370334775,165.23484962504776,212.47460011300333,112.79203539884412
2010-06-11,193.16949301484587,114.12578704192806,224.0226137649169,319.704829730805,151.77929978296618,91.56326578681488,205.7121123677918,167.05243297092326,212.60208487307116,113.28832035459904
2010-06-14,194.0001218348097,114.8561920789964,224.0226137649169,318.7457152416126,151.62752048318322,91.41676456155598,206.57610323973654,167.38653783686513,213.47375342105073,112.73320758486149
2010-06-15,196.42512335774484,118.26742098374261,230.34005147308756,326.84185640874955,155.9185793128573,93.81188379306874,209.4475110747689,170.3994955179287,218.21287074699805,115.56281109524151
2010-06-16,196.07155813570088,117.35676184216778,229.3035212414587,326.41696199541815,156.19923275562047,93.54921051844815,207.64626247952583,170.74029450896455,219.26029252658364,115.51658597080343
2010-06-17,196.8950586798708,117.03989858519392,229.14300877658968,325.86205316002594,156.85526953319408,93.55856543949999,207.12714682332702,170.77444256786634,220.8170406035224,115.57434426378883
2010-06-18,196.619405597719,117.33249833165691,229.48672328975456,328.17567373746215,157.0434958566339,93.23111046046174,206.73360524436268,170.50120345975773,221.25867468472947,115.94418216543296
2010-06-21,196.00988544036608,117.63756282731921,229.50967196208353,327.5193223899872,155.59869569475288,92.88615535175802,204.21145526038146,169.78509840522676,219.62136049206248,115.7354826375352
2010-06-22,193.69696879216974,113.95550711082412,224.7588217524684,318.70905261769656,153.99602912909694,91.7065011787907,200.65817593885083,168.44379612782546,214.1527886158101,113.72168523964208
2010-06-23,194.12310212351252,113.248982966737,225.02853233857135,315.2988657546872,153.33384620384183,91.99996198256284,200.93909738516524,168.0395310171187,212.0969218450983,113.25542633015955
2010-06-24,192.5701173065244,110.4970326806453,220.7079845176708,308.6775895738387,150.60450374141342,90.15996274291157,196.71937634007676,166.94727406550746,210.9728081593193,111.26213082674874
2010-06-25,190.24001888711547,111.56885389764757,222.03223242477682,308.49238302009445,150.42377833692373,89.70916292919703,196.48331308846866,167.74862098102184,211.96438035766812,113.23147054238221
2010-06-28,192.06632306843179,109.95110551613168,221.03308737886533,304.5436805174372,150.64941400442913,90.22947607418638,196.34577476930673,167.84927015361046,213.1937737637426,112.30297248393468
2010-06-29,188.35944303321105,104.44255512977347,213.51796240798387,295.0723720533449,144.93980121366127,87.76621137736109,190.6321127235199,164.62656416666115,208.33295572192924,108.1365322047807
2010-06-30,186.75838776742876,103.65923596630017,212.10874385609117,292.97735821176616,142.89615001654863,86.43216496442521,188.97361334282527,163.44125290466118,206.85379173630355,107.03353957629193
2010-07-01,187.3746904470613,104.17753214613165,211.26030888066683,291.48317368488614,142.2674069564758,86.63960216033982,190.0318655775451,161.8885610020669,205.90226429431655,106.14516119780872
2010-07-02,186.99994106616717,102.42734960607665,210.2462593980396,290.7253174333054,141.85483147630205,86.33636355277864,188.37858834702047,162.24471583627144,205.71695225645166,105.07309506971086
2010-07-06,187.69184084811198,100.7577838074976,210.1621608942804,293.28370022671845,142.80525884719327,86.88028264316114,187.56856041712828,162.4069605521077,208.0415538169496,105.44085090245486
2010-07-07,191.76475379451603,105.32211141397723,217.5388527416696,302.90340559415483,147.87484553626865,88.99147351138996,191.4324727617211,165.89871020397803,214.38682120836657,109.55304408765059
2010-07-08,194.77546042908992,106.53331569523796,221.19350546772964,306.62911748296295,148.82124454770076,89.91698483590842,192.67678383467228,167.55769730601781,216.4449346919669,110.46233435357809
2010-07-09,195.3597868103772,108.62136868286463,223.18424701693917,308.1929259821261,149.62487926825835,90.53741203127618,194.1989304269662,167.92632424009105,217.57044835236513,112.11926936888175
2010-07-12,195.22303495960992,108.5561958616549,221.37645461610197,307.26834720417975,150.37300366459962,90.70037937293247,194.41254925043586,167.2546189431307,218.0926174284108,111.7829115607751
2010-07-13,197.0386091847343,113.4303690558432,226.1139107448866,311.6622845691995,152.89927012616488,92.21507570846043,198.10638768619413,168.86026328498477,219.2921268242671,114.4321665647655
2010-07-14,197.33416709851141,114.2243816392341,226.0686879627376,310.78963017240574,154.1224642871742,91.88310143590998,197.69036427205313,168.75894712701376,219.24826839890224,113.76845999868985
2010-07-15,197.64990176586906,113.8817084943164,225.75219179958975,310.85178809844024,154.2149377657465,91.87391312576638,198.48112572914133,169.0964650212678,220.34450974089674,113.50679254069287
2010-07-16,194.23055846531952,109.1670057626517,219.43113042920123,302.3655342833528,149.773547558093,89.61381486287253,193.1022872218816,165.13960773977013,216.00372289900105,108.98922219757327
2010-07-19,194.48305819132446,110.2040923173969,220.72577409873352,304.08901782876796,151.33119245269714,90.71606478568586,193.1215974506038,165.84970805305113,218.70376943523854,109.16360495308939
2010-07-20,198.02264985040657,112.73878644069701,224.63262030028113,310.01875367642896,152.52670887307346,91.11521547074287,196.6750348436949,165.56776354936093,220.978288637365,110.69189542243265
2010-07-21,196.59688677148364,111.53248142578155,223.48699393674968,306.1435192554736,150.39133494885044,90.0036098419998,193.66590681058636,163.00146321434585,217.97298391189685,108.90975590613148
2010-07-22,199.36890287496155,116.19453914937922,229.3423531778925,313.1848201983495,154.52709665994385,92.2446997270656,197.01632699840954,164.89228018763228,221.91829492070218,112.11170272977175
2010-07-23,200.98379098824876,119.33179170641246,233.3787785938234,315.3144769756982,155.7942188525554,93.8128596224257,199.34111965699077,165.5518493083828,222.49528248749598,113.45704316252903
2010-07-26,202.6318580743524,121.86162569058843,235.87593152477731,319.5396909671726,157.1184697128021,95.06057065540398,201.31459674159498,168.33312037676362,224.43099144513718,115.29504726176198
2010-07-27,202.95606904727143,120.47240315771572,234.79090223976334,317.78222266685316,156.75709723246266,94.74687077224114,199.2209249354824,168.88861967400695,227.2139357390569,115.02986865305994
2010-07-28,201.25123806727436,119.02673431982313,233.40563591654876,316.5746502207191,155.23655338930774,94.78476952055004,197.74669009095985,166.54106786053825,225.4643884338661,113.91407892712525
2010-07-29,199.80222915318998,119.6575760117182,232.42533224569922,316.28973303552044,153.9015190301597,94.26345328818701,196.75795664050503,166.24129393838928,222.1951548015751,114.19886412444305
2010-07-30,200.48155673231088,119.6216787389147,232.93666797663977,315.4990087029317,153.28591295403905,94.7159178639703,197.66304324105135,166.92288324353666,220.9286424192061,114.31306298856747
2010-08-02,203.26825037088997,123.04285875084764,237.89821900454223,326.3837245031828,156.35163121311984,96.74283850625928,200.41055954210196,170.02764887186643,225.28093667486448,116.7936564554194
2010-08-03,202.33321641918388,120.6435230052061,234.52006429467772,328.0482814981491,155.67931919890344,96.14303290752048,198.16596127523042,171.3878700628414,224.65015005217487,115.74251354732061
2010-08-04,204.2149153318823,121.82582953065713,235.97408869330474,330.47583878123544,156.98702548017422,96.71027680167484,199.9494549267075,173.35883056856406,225.54875065238357,116.36752312047616
2010-08-05,203.1938407552229,121.87455986246938,236.09207573765136,330.3766960296011,156.29628256806149,97.0487627704807,199.56955096234674,172.7867464276878,225.9096286534274,115.9602367895545
2010-08-06,203.90501919786618,121.33831179907453,235.2657534725696,326.94077839089323,155.84302334861408,96.23355316320867,199.27019663590323,173.14959859518595,225.99999250488878,115.25287934513821
2010-08-09,204.8225917842566,122.41822277408627,236.79498087014127,328.8043408277213,156.5910698606874,96.9360581013001,201.02377436629916,173.96340170858332,226.85879247640736,116.11727594022676
2010-08-10,204.67921597000762,120.00658378543676,235.04269801170224,326.0095039306857,154.52406773852636,96.81973483157854,199.37537941649552,174.0503834094376,227.15370890662666,114.83998590488427
2010-08-11,200.48329204262245,114.95430660806987,227.40381032632195,316.8160359198404,150.2746558757169,94.41860540775538,194.65018292432455,169.594693594156,222.2017580524622,110.68277841512746
2010-08-12,200.3028570797841,113.98869043256208,226.49419508501666,315.3586821546091,147.76506912259242,94.68297750289709,194.45553274140025,170.25611289917322,221.44627207508384,110.20684246794241
2010-08-13,200.28282679407613,113.17937073049089,225.76941366074462,314.25492676706796,146.87847870785686,94.17168942438146,192.6859873934535,169.268627444358,222.1770447729316,109.67784962409628
2010-08-16,200.68339244766426,113.28123216414832,226.01776001577147,314.34920324509807,147.52474401417143,94.11518641072682,192.76306178841088,168.96394391495815,222.08817395502246,109.71075297898349
2010-08-17,202.7504313898752,115.72810677889393,230.47030988808217,319.3473555766952,149.4573181607571,95.06574979347516,195.51957357198515,171.0928896082866,224.55335268592322,110.80786050877333
2010-08-18,203.13565720951595,116.16787358465372,231.02343863181355,316.4412946409472,150.08503889703226,95.63614429223601,196.96641841641787,170.83625027387419,223.29585391088202,111.28433430896105
2010-08-19,200.35269870574558,112.71768773918951,226.61089095394593,311.8212517391894,148.02887386414292,93.91469369497575,194.07101206569652,168.03453576938264,219.96874568760987,108.73592305328583
2010-08-20,200.5530514044513,112.03010984398045,225.34186996460383,308.2353073441887,148.25091717493913,93.17276761478544,194.2068617741425,167.46321834776677,220.07873006045364,108.39884169182066
2010-08-23,200.31238774276594,110.70815454782148,223.29125894792594,308.8517779588771,146.8721836452122,92.59509645557378,193.68250324735232,167.76465214079275,220.9810528537015,107.54249084245527
2010-08-24,199.29079456527782,107.75224682139466,219.42832016812682,304.3116568228816,144.44879261506622,91.78025960676473,191.55199571163143,164.30870030669243,220.87056232727468,105.70351424904926
2010-08-25,199.54987259821272,108.80821884024432,219.51609149619404,303.52044651514205,145.30104049149512,92.39518734613003,193.6399124648882,165.72175512932995,221.04725877713648,106.18975041459488
2010-08-26,197.97342860468683,107.63309007676969,218.4624142570123,301.0315788537179,143.8480300865802,91.96092996560323,191.9165172439507,164.34626456175653,219.9862319350062,105.41456523656834
2010-08-27,200.19073100505932,111.05582234121097,223.55258850920072,309.0089156933414,145.99136573487021,93.23918689212512,193.58619094397304,166.49920062751556,224.27596345773884,107.87072460658038
2010-08-30,197.94859481780267,108.60148866747019,219.84161553994798,304.8372953314813,144.09347798031692,92.04572529990591,190.4307360315863,164.65105950055013,221.02396198760164,105.64858767968484
2010-08-31,198.18613313158403,108.17794286166706,219.97352050927194,304.6543929542824,143.22891711243503,92.83731853748509,189.76422845547575,164.12417611014837,221.70913626976323,106.18739547685124
2010-09-01,202.48677222053942,112.95940793615276,226.9906758135177,315.89614005429536,147.38255570869563,95.16753523277596,195.5710138462133,167.91544457829278,227.03015554023756,110.02076045356557
2010-09-02,203.78268756275085,114.89101381186096,229.7599620584426,318.36012994671887,148.78268998792825,95.93839226816144,199.16952050098365,169.14122732371433,226.89393744691338,111.10996598205587
2010-09-03,205.53521867579053,117.55648533229615,232.70088957279066,321.4163871942074,151.29711744872424,96.87858851238943,201.26080046624395,170.54509951050113,228.32336925282894,113.18772234592032
2010-09-07,204.34311440747095,114.68810709018813,229.76885836417352,316.1451584442224,149.98083252692032,95.69666973253828,199.2280663815349,169.24895675422133,226.61094398343272,111.11638702698998
2010-09-08,205.4056986023898,114.79132638656928,231.51510168774126,318.64270519593174,150.86571943882913,96.29955875185327,200.10466987361366,170.28137539042206,226.04441662347418,112.1608810650437
2010-09-09,206.37110538582104,114.38955674421629,231.26043507588477,319.2799906063236,151.1674508777068,97.09884508949365,200.12468034060103,171.9501328692482,227.55891421485143,113.09181637788355
2010-09-10,207.7744289024446,114.56114107933261,232.6479976863401,322.18543852084116,151.2128011129701,97.80766665864697,201.50554063495116,173.4976840650714,227.05828460357878,113.4197826453794
2010-09-13,208.48086196071293,116.56596104822094,235.8818048541802,324.11855115196624,154.56972529767805,98.51188185858923,203.52059604130068,173.93142827523405,228.32981099735883,115.50670664605438
2010-09-14,208.12644449537973,116.32117253001968,235.29210034204476,323.7620207456991,155.18800419886875,98.1572390838983,204.98594433279806,174.5227951313699,227.8046524320649,114.81366640617804
2010-09-15,209.50007902904923,116.53055064057372,235.5273924423868,323.5353873311771,155.88635021776363,98.56949948805068,206.09286843219522,176.0935002875522,226.68840963514776,115.21551423859968
2010-09-16,209.24867893421438,117.91726419319654,235.92778900953886,322.59713470791667,156.66578196885246,98.15550759020087,206.15469629272485,175.63565718680456,225.2149349725193,114.76617373306914
2010-09-17,208.80925670845252,118.51864224058187,237.41413408029896,321.24222674214343,157.55877692607493,98.74444063574208,206.15469629272485,175.82885640971006,224.89963406355778,114.60550108984285
2010-09-20,211.02263482956212,120.92457067806568,240.90412185127934,326.8960899328052,160.0009379684291,100.45271945874043,209.39132502452065,178.1849630856002,227.91328916000947,116.78300561054984
2010-09-21,210.34736239810755,120.51342713776026,240.49458484413216,326.176918534953,159.61693571730487,100.3522667392817,208.82596844695445,177.98895962620603,226.6369747407134,116.12902077913077
2010-09-22,209.90563293707152,119.29624152366887,239.48450758778682,324.4807985585712,158.61134902228585,99.58958951206316,208.90949883433322,177.8821662504303,227.79282331189106,114.92127896302782
2010-09-23,208.31035012674977,118.05556061182271,237.1615078641853,322.14453680894957,158.38929313365463,99.05180572869801,208.32455223759706,176.99275541917814,225.67435005509049,113.1399991391009
2010-09-24,211.66414676379043,121.73889410291156,243.2802747670813,328.58742754512855,161.85801865328168,100.76540196780451,213.0743520286143,179.6653460260077,229.53338144103253,116.11558111645923
2010-09-27,210.9021558354408,121.36150353119255,241.99088931081576,327.8645352045293,161.5181168141098,100.76540196780451,211.6893687404283,178.49752127683865,229.76291482247353,115.1982680256392
2010-09-28,211.93557639903443,122.7086162203888,243.4912328245428,330.2251598580019,162.00267116455208,101.07777471390472,214.14496541781728,180.06829946407484,230.4522035669409,115.75121971216224
2010-09-29,211.29976966983733,122.59817846579044,243.32078896156563,332.3386008810931,162.0674722330179,100.45109251067849,213.22414206652067,179.54610139562902,230.24479658373065,115.29978995528481
2010-09-30,210.37005068329003,122.35298210885885,242.3718378846155,332.73740720215045,161.20851463018292,100.14973923314645,212.8190161965943,178.9356446508839,229.78430699056318,115.23061008131164
2010-10-01,211.14841987081823,122.59768807307658,243.4140367875193,337.1960884586593,161.1117895214048,100.79069756423857,212.90414380307288,179.0430060376744,231.48471086229335,116.02570129087269
2010-10-04,210.2404816653737,123.34553397032235,240.6391167681416,333.756688356381,159.3234486577172,100.44800919252017,211.83962308405754,177.57485338816548,230.21154495255075,114.79582885718942
2010-10-05,213.09975221602278,127.0705690962261,246.84760598075965,341.46646785741336,162.8763615627843,102.28620776074328,215.35616082725286,180.89550314652416,232.99710464647663,117.49353083533339
2010-10-06,213.6325015965628,127.04515498240684,247.24256215032887,344.26649289384414,161.63850121490714,101.52928982331379,215.0546622020947,180.7326971936923,232.41461188486045,117.55227760075104
2010-10-07,212.60706558889933,127.1213820753963,246.50083446387788,343.1304134672945,161.99410591757993,101.23485488282617,215.31272779673722,180.60618430565668,232.55406065199136,117.0938237181081
2010-10-08,213.244886785666,130.2358559362435,250.14904681394324,347.41954363563565,163.22526112255355,101.66004127333403,216.08785361680546,181.4369727534627,233.6238093309905,117.74954913092952
2010-10-11,213.33018474038025,130.5744691616777,250.2240915279874,348.25335054036117,163.25790617477804,101.91419137651737,216.39037661186902,181.32811056981063,233.6238093309905,117.69067435636407
2010-10-12,214.63149886729656,130.92702022841425,250.5744052561266,348.28817587541516,164.4660146804714,101.94476563393032,216.41201564953022,181.69076679095025,232.78276361739893,118.56158534660118
2010-10-13,216.6704981065359,131.83041666799028,253.60635555972576,351.03965246483097,166.09422822580808,102.51565632148032,216.8231984792643,182.78091139169595,234.41224296272068,119.40337260256206
2010-10-14,217.2121743518022,132.21272487632746,252.465126959707,351.07475643007746,166.14405649427582,102.50540475584818,216.0643172845869,182.5067400246084,233.99030092538777,117.91083044503003
2010-10-15,217.95069574459833,132.14661851388928,252.71759208666666,351.6715835160086,168.88543342643138,102.70016502488429,217.7496189594067,183.0542602446822,234.6922718281639,116.37798964924464
2010-10-18,218.1686464403429,132.64877566424207,253.60210365897,354.7311262925978,169.6960835068782,102.91583537143654,217.79316888319858,184.73835943893332,236.61674845715487,118.05383270019377
2010-10-19,215.89969251736335,128.8682855578112,249.39230873823112,345.6500094595074,166.5057971369489,101.72201168112787,214.19958159662582,181.6347550003592,234.77113781918905,116.1885821435307
2010-10-20,217.49735024199185,131.25234884063067,253.45740337066428,350.41997959004857,167.78789177490344,103.2580140575129,215.7632385422812,182.52476529986097,236.69626114930642,117.62932056211046
2010-10-21,217.82359626735487,132.19736575228325,254.44588724380986,349.5789716390325,168.08990998009824,102.99986902236911,217.20885224051446,183.1818544549405,235.41810133910016,117.4646395133235
2010-10-22,218.43350233690347,132.42210127406213,254.57311018743178,350.7675401426052,169.367393295947,102.84536921883556,218.62070978007776,183.1452180840495,234.26455264253855,117.7583011121068
2010-10-25,219.4164530974195,133.4020248234902,256.4314938918001,351.1884611907763,170.0617996084604,103.58585587721119,219.23284776746198,183.8228553909605,233.65546480566795,117.77007694221801
2010-10-26,219.7675194223754,133.84225150540772,254.99547752600597,351.25869888301446,170.3679108477556,103.74123466102701,219.75900660210388,183.25300453924854,233.16478832957603,118.00561709610244
2010-10-27,218.38298405001444,132.86520306941824,254.33248928443834,348.7998879908333,171.21975040199436,103.80347940182362,217.891055045986,182.44669131927586,232.67514227408395,117.62799912139492
2010-10-28,219.1691627925945,132.54632658205165,253.3914590740859,348.1022882148517,171.4252141024768,104.71695002055965,218.02178967901358,183.2859460993445,233.48950527204323,117.5927107216585
2010-10-29,219.5636672856212,132.78490996989936,254.91180782853044,347.9978575283872,171.6137818379895,104.73789341056377,217.9563831421099,182.42450215267758,234.04988008469613,117.58095145058635
2010-11-01,219.3880163517927,133.1168722448241,254.68238720148477,349.2158500297366,171.88836388893031,104.88452646133857,217.760222397282,182.36977480203177,232.6221758161795,117.46337049913578
2010-11-02,220.06811920248327,135.80583306416955,256.94906044757795,352.9873812100577,173.55568101865296,105.72360267302928,220.87419357756315,183.20867576612113,235.50669079630012,118.45006281132851
2010-11-03,220.31019413360605,138.29107980924385,257.07753497780175,353.62275849623586,174.4234594237462,106.03020112078106,221.69142809380014,183.4102053094639,234.94147473838902,119.32659327613236
2010-11-04,223.21828869616965,143.50465351805235,263.01602603578897,363.5949202858297,177.09213835292954,107.11170917221303,225.5266897998229,184.3272563360112,238.01920805746195,122.69160320651929
2010-11-05,222.95042674973425,144.82489633041843,264.01548693472495,365.5946923474018,177.25152127744715,106.61899531002084,226.13561186228236,183.27659097489592,238.11441574068493,124.4951697736551
2010-11-08,222.7274763229845,144.94075624748277,263.38184976608164,368.0807362553641,177.51739855936336,106.32046212315278,225.88686268923385,182.58013992919132,237.2333924024444,123.9598405436284
2010-11-09,221.4579297079435,142.50575154252505,261.03775130316353,367.6390393718577,176.84283244483777,105.82075595117395,224.17012253279566,181.70375525753118,237.25711574168463,121.96408711087598
2010-11-10,220.92643067664443,145.213360821833,261.4554117052486,373.11686105849833,177.37336094217227,106.05356161426653,225.40305820672603,181.83094788621145,236.3792644134404,123.24471002554019
2010-11-11,221.10317182118573,145.01006211668243,261.01093750534966,377.0345880996125,174.67728585585124,105.4066348884195,225.5157597358294,182.0309619288863,236.7338333100606,122.64081094641503
2010-11-12,219.59967025280167,142.09535986813714,257.2001778177716,371.71840040740796,172.37154568255403,104.96392702188815,222.83212219497304,179.86479348193257,234.62690219360104,120.71535021455631
2010-11-15,219.40203054957416,144.24099980214598,257.48309801337115,369.6739492051673,171.7165338089603,104.8274739167597,222.00764334285162,180.13459067215547,235.5888724925948,120.84813709979232
2010-11-16,216.65950516770448,140.7936399068747,253.5693549235679,361.8738288769382,168.7114944673035,103.3494065345334,220.1205783744374,177.8468813706191,232.4084227139448,118.73329470054597
2010-11-17,217.15782202959022,142.13117948599,254.20327831087678,362.66995130046746,168.72836561675024,103.56644028825592,221.44130184468403,177.93580481130437,232.6175902943873,118.31772816909407
2010-11-18,220.67577874646958,142.57178614239655,259.26192354926326,370.4310882582975,171.76547619785174,104.97494387617621,223.47856182165518,180.26676385433248,234.29243694450693,120.18714827416576
2010-11-19,221.31573850483431,143.59830300262183,260.35082362817013,373.2093214202348,172.24641953120573,104.86996893230003,225.17699889149978,180.19465714879078,233.84728131431234,120.45156000036894
2010-11-22,221.66984368644208,143.71318164502392,260.45496395762143,372.16433532025815,173.45214446792414,104.55535902550312,226.50554318495963,180.01446249164198,234.3383606050724,119.49999267636602
2010-11-23,219.45314524957763,140.88203196661695,257.2774133973384,364.83269791444906,171.00646923092643,103.01839524782824,224.80675161107246,177.8362874954931,231.7840724744771,117.55214279574125
2010-11-24,222.15241893614746,144.19275971783244,262.1399565105481,370.8524374300374,174.18718955862164,104.13099391650478,228.69590841394404,179.6680012566967,233.40656098179844,119.53877400898926
2010-11-26,221.24159401850926,144.17834044186066,260.1476928410679,367.21808354322303,173.42076592456374,103.80818783536361,227.5295592810329,178.6438936495335,232.02946227200582,118.31947851409758
2010-11-29,220.091137729613,143.29885256516533,259.445294070397,368.8705649191675,172.44960963538617,103.01924560781484,227.23377085396757,177.82213173874564,231.3333738851898,118.9229078545195
2010-11-30,219.40885520265118,142.52503876131343,258.6669581881858,367.2106473770313,170.36296935879798,102.74109364467374,227.07470721436977,176.34620804531406,230.8475738000309,118.17369353503602
2010-12-01,223.22656928317733,147.1856075288084,264.9525652721587,377.3456612446374,174.17909987243505,104.62125565837125,230.68519505907824,179.29118971967077,233.77933798729126,120.83260163957432
2010-12-02,223.91857164795522,150.01157119336153,267.86704349015247,383.08131529555595,176.3737565308277,105.46868782920407,232.8536358926336,180.24143302518505,234.92485674342896,123.27342019269372
2010-12-03,224.20966579109756,151.88671583327852,269.0724451858581,384.4987161621495,177.16743843521644,105.77454702390874,233.03991880134765,180.63796417784047,235.48867639961318,123.79116855750303
2010-12-06,223.78366742609447,152.20567793652842,269.1262596748953,386.1136107700305,177.3091723859646,105.8168568427183,232.7136629150258,179.77090194978683,234.64091716457455,123.71689385636853
2010-12-07,224.5892886288284,152.03825169079823,269.3415606826352,386.4225016586465,177.50421247558918,105.95441875661382,233.64451756668592,179.89674158115164,233.5146407621846,123.72926554575416
2010-12-08,225.17322077926335,152.98088885128118,268.74900924913334,384.6836004011827,178.78224280541343,105.9332278728625,233.13049962803922,180.22055571599773,232.6506365913645,125.04079576053914
2010-12-09,226.3216042052376,153.62340858445657,269.31338216855653,385.7222461222658,178.81799925397453,106.6217938540361,232.89736912841116,180.7251732720025,233.37185356479773,126.31621187729665
2010-12-10,226.63845445112497,154.09964115106837,271.01005647621844,387.45799622981593,180.03396164890154,107.38947076978516,233.61935097270927,182.64086010868573,234.28200379370043,127.51621589013098
2010-12-13,226.4798075330092,152.66651448836345,271.47077357222804,389.70525260794886,179.4038427831304,107.22838656363048,232.1942729317757,182.7504446247509,235.3831292115308,127.37594805265185
2010-12-14,226.9101191673219,153.1245140318285,272.47521543444526,388.76996000168987,179.2962004774605,108.34356178389221,232.31037006824158,184.99827509363536,235.7832805311904,126.70085552797279
2010-12-15,227.06895625073903,153.1245140318285,271.52155218042475,386.3984632456795,178.52522681540742,107.49848200197785,231.89221140211873,185.1647735412196,233.73196599056905,125.52253757156264
2010-12-16,229.04445617012047,155.16107006845186,274.0738547709208,388.98733294942554,179.88201853920452,107.6812294213812,234.30389040070074,186.7757070710282,235.67194130829074,125.98697096057742
2010-12-17,230.16677400535403,155.19210228246553,274.70422463689385,388.2871557501166,180.38568819111427,107.508939454307,234.13987767742026,187.14925848517026,236.26112116156145,126.11295793153798
2010-12-20,230.05169061835136,155.93702437342137,275.2536330861676,391.3157955649675,180.24137964056138,108.05723504552398,234.3506035673299,187.3176928178069,237.08803508562696,126.56696458009154
2010-12-21,229.7526234205475,157.4652072122809,277.5382382407828,395.3072166797301,181.43097274618907,108.5759097737425,234.74899959339436,187.28022927924331,237.20657910316976,128.16170833380068
2010-12-22,229.93642551928392,157.2447559221837,277.59374588843093,396.80938410311313,181.39468655163984,109.2925107782492,234.86637409319107,187.355141370955,238.32145002495463,129.1741858296377
2010-12-23,229.6834954512127,156.09686920395177,277.3716708917202,398.15853600906377,181.08631558450205,109.28158152717138,234.98380728023767,187.355141370955,238.5121071849746,128.47664522615767
2010-12-27,228.92553991622373,155.94077233474783,276.9001390512043,396.6057177186284,181.35794505787882,109.19415626194964,234.58433480786124,186.961695574076,238.41670234210062,129.26035276203723
2010-12-28,228.74239948429076,155.03631585520628,276.78937899558383,398.4301040201341,181.15845131831514,109.13955918381868,234.3262920395726,186.9429994045186,239.03658576819006,129.28620483258965
2010-12-29,229.1541358033625,155.64095748704162,277.1768841261777,401.4183298002851,181.37584145989715,109.32509643443117,235.45105824136252,186.96169370445907,238.96487479245963,129.1957044892068
2010-12-30,229.06247414904115,155.2674191890727,277.0382956841146,402.1408827939256,181.08564011356128,109.33602894407461,235.56878377048318,186.456897131457,238.48694504287468,128.84687608708595
2010-12-31,228.94794291196666,155.2363657052349,276.78896121799886,401.7387419111317,180.54238319322062,109.51096659038512,234.43805360838485,185.97210919891523,238.2723067923361,129.0788004640427
2011-01-03,229.0853116777138,158.27899847305753,279.44613524569166,406.479259065683,182.90748841305185,110.98936463935533,236.66521511766453,187.60866375986566,239.70194063309012,131.2731400719314
2011-01-04,226.9090012167755,157.6775382788599,277.90918150184035,404.4468627703545,182.90748841305185,112.01046679403741,234.29856296648785,187.90883762188147,240.37310606686276,130.91870259373718
2011-01-05,227.68049182091255,160.64187599850246,279.1875637367488,405.4984246135574,184.27929457614977,112.8841484350309,234.50943167315765,188.52893678603368,239.33950171077524,132.20170587915584
2011-01-06,227.15682668972445,161.33263606529601,278.40583855828595,403.4303826480283,185.7166730738437,111.74401853583709,232.53955244710315,188.60434836074808,239.1958980097488,131.72577973799088
2011-01-07,225.5440132202274,160.70343878464138,278.23879505515094,405.40719152300363,185.2523813911591,111.14060083574357,232.30701289465605,188.39688357755128,240.36795790999653,131.02763310537952
2011-01-10,225.9274380427018,162.0694180143108,278.48920997070053,404.5558364208053,185.77108805905434,110.62935407189916,232.67870411528753,187.7940135501031,239.3584124867745,130.88350270896362
2011-01-11,225.72410334846333,162.1828666069208,279.82595817855986,410.8264518853278,186.10547601756065,109.81069685176709,233.02772217146045,188.60152780836853,240.07648772423482,131.59027362359203
2011-01-12,227.52989617525103,164.32368044613216,282.8480785268883,414.852551113804,187.83625694452397,109.99737503641511,233.9598330601463,189.73313697521877,241.54095429935265,133.11672079762567
2011-01-13,227.89394400913145,163.30487362736613,282.8197937190356,413.8569049911308,187.72355519035725,110.08537293644423,234.03002101006436,188.49987158487983,241.68587887193223,132.66412394691375
2011-01-14,227.80278643152778,163.74579678616,284.4035845638622,417.33330299305635,189.2253436318801,110.27251807043619,235.29378312351872,188.3679216747704,242.79763391474313,134.4816224449865
2011-01-18,227.5522033664531,164.07328837973233,286.3944096558092,420.58850275640214,189.92547740331807,109.93067326441783,236.1878994993881,188.9330254397947,243.40462799952996,133.97059227969555
2011-01-19,226.07311404457118,159.44642164742388,282.61400344835255,415.66761727415224,188.1401779157269,109.39201296542218,234.0622084038936,187.42156123627635,242.69875457833132,131.2241951379618
2011-01-20,225.84704093052662,157.35767352384264,280.26830721973124,412.4254098594139,186.50335836786005,109.6326753939461,235.53680031683814,187.7776622026253,243.4511207175242,131.1979502989342
2011-01-21,225.71153270596827,157.9713684505856,280.2963340504532,415.31238772842977,185.40298855348968,110.48781026201888,234.78308255582428,187.49599570932136,243.57284627788295,132.06385677090714
2011-01-24,226.74980575641572,159.06137089289464,283.54777152543846,415.89382507124964,187.88738860010645,111.43800543027224,235.55786672825852,187.81473890202722,245.1560697786892,132.52608026960533
2011-01-25,226.56840591181057,159.93620843280559,283.97309318272664,414.47978606600736,188.3195295938867,111.71660044384792,236.61787712853567,187.62692416312518,244.59221081819825,132.2345228930122
2011-01-26,226.84028799890478,162.68711121784983,287.26718106364626,422.4792459370813,189.44944677145003,112.09643688535702,236.85449500566418,187.58939877829258,244.6900477025255,132.76346098458424
2011-01-27,225.7741386453099,165.33891113070078,286.80755357394446,420.70483310414556,190.491418728693,111.74893793101242,238.44142012220212,187.64567559792604,245.79115291718688,133.58659444268866
2011-01-28,222.5681458765465,154.74068692722284,282.6488440471222,418.55923845531447,186.26250923291602,109.41338512825425,232.69498189725707,184.28681800472316,242.54670969868002,130.92822121327916
2011-01-31,223.54744571840328,154.87995354545734,285.1361538747369,429.60920235053476,187.6222255503163,109.54468119040817,232.43901741717008,184.61853427713166,243.44413252456513,131.77925465116547
2011-02-01,225.6487917081563,154.29140972198462,289.1850872597582,438.673956520131,191.03695005533208,111.58221226054977,235.29801733140124,187.57243082556576,246.29242887510253,134.9156009118632
2011-02-02,225.24262388308162,150.68099073449017,289.09833173358027,438.8055587070871,191.4572313454538,112.12896510062644,233.18033517541866,187.40361563782275,245.13485445938957,133.89024234493306
2011-02-03,226.43640978966198,152.17273254276162,289.56088906435406,438.3228725925092,191.47637706858836,113.27268054465283,235.4421844266202,187.47857708407787,246.09088039178118,134.15802282962292
2011-02-04,227.86295917133685,152.67490256015276,291.24034222092735,436.4380842403615,192.9124498966028,113.46524410157875,236.97255862539325,188.11600424616375,245.05729869413568,134.11777542277403
2011-02-07,228.2958987937624,154.98029358881104,294.0653735404703,439.3622194047719,194.30141953585834,113.6694815409616,237.32801746333135,188.1724390474376,246.50313675643108,135.66012984013594
2011-02-08,229.52869664724872,156.34412017239256,295.2416350346322,438.30775007820046,195.13691563986254,114.19236115605,240.0572896641597,188.71813912067515,246.45383612907978,136.63688277498494
2011-02-09,230.24023560685524,155.17153927109965,294.6216276010595,433.048057077262,194.7466418085828,115.20867317033886,240.60942143038724,188.0576256337528,245.71447462069256,135.81706147833503
2011-02-10,229.31927466442778,155.9008455056738,295.85903843698395,436.4691367281724,194.1818765473379,115.62342439375209,240.3928729510999,188.24568325938654,245.98476054277535,136.06153218899604
2011-02-11,230.4888029652164,159.36184427589976,298.3146684560109,436.73101821020924,195.0945313671104,116.62934818597772,242.12370163634782,188.4715780792978,245.96016206672107,137.5990275027317
2011-02-14,230.28136304254767,158.77220545207894,298.9709607266141,446.8631778326861,195.54324878925473,115.99954970577345,241.22784394029333,189.26315870723087,244.9763214184542,137.97054487698907
2011-02-15,229.77474404385404,157.6925544550048,296.6688843290192,441.5901923342604,194.5264238955506,116.13874916542038,241.2760895090814,189.43349555006736,245.4662740612911,137.61182146030887
2011-02-16,231.1533925081172,158.2287091401518,299.2202367342487,446.75679758457125,195.94646678998814,116.99817590924448,242.60310800138134,190.30488962959765,245.39263417907273,138.4099700247787
2011-02-17,233.41869575469673,157.59579430359122,300.6564938705731,450.5095546842816,196.39714366360514,117.33747061938129,243.54926012258673,190.9519262543383,246.88952924756506,138.57606198880842
2011-02-18,233.32532827639488,156.99693028523757,301.22774120892717,452.762102457703,196.3578642348724,117.74815176654914,244.49910223706485,191.23835414371982,247.0376629651136,138.56220438260956
2011-02-22,231.9953739052194,151.78463219976769,293.30545161513237,450.0908060532025,191.21328819191874,115.21656650356833,238.9978724367309,188.3889026669784,245.95069724806712,134.36376958981648
2011-02-23,231.39218593306583,148.4301918281528,289.8151167409123,459.72274930274114,188.32596754022077,114.1565740917355,235.1739064777432,186.731080323509,245.26203529577253,133.15449566350816
2011-02-24,231.48474280743903,148.37081975142155,289.4673386008232,454.52788223562015,189.41825815195406,114.6702786751483,235.19742386839098,187.08586937612367,244.47719678282604,133.31428105830437
2011-02-25,233.73014481267123,151.545955294102,293.51988134123474,459.70950009310627,192.08905559189662,116.33299771593795,236.74972686592236,188.95672806988492,246.84862559161948,135.14068670880314
2011-02-28,234.12748605885278,151.53080069857256,295.0461847242092,462.4217861436556,192.16589121413335,117.63592729035646,237.69672577338605,190.75181698654882,249.3171118475357,135.6542213182966
2011-03-01,232.3247044161996,148.21227616327383,289.4403072144492,455.6704280659583,188.72612176140038,115.5420077845881,235.0345224447241,189.34025354084835,246.67435046195178,132.98183315832617
2011-03-02,232.6267265319407,149.04226490978814,290.62701247402845,458.176615420321,189.85847849196878,115.91174220949878,235.2930604194133,189.8136041747005,247.53771068856864,132.92864042506284
2011-03-03,236.1626527752262,151.65050454570945,297.31143376093104,464.9576293285417,193.3139028005226,117.5229154262108,238.35187020486566,193.2302490498451,249.9883340243855,135.64038468973413
2011-03-04,235.17076963357027,149.92168879388836,294.9032111474675,462.9118157594961,192.2700077253998,116.66499814359948,237.46996828510763,193.0949878755102,248.6633958540563,134.0805202658022
2011-03-07,234.30063778592603,147.41799659103043,291.39386293481266,459.62514186760365,189.42441161106387,115.84834315659427,235.28524457688462,191.68539446401897,248.93692558949576,132.84697947935683
2011-03-08,236.45620365355654,150.2336803259191,294.74489235856305,456.08602827522316,190.9208644627913,116.96048725089759,237.02635538675358,193.39139447474872,251.1275705346833,135.27807920382904
2011-03-09,237.33109160707474,149.57265213248508,293.2711678967702,453.3039035027443,189.7180630166757,117.14762403049903,238.8514583232316,193.52676845088104,253.0361400707469,135.0616342771029
2011-03-10,235.52737531086098,146.56624182462213,286.7312208526722,436.84897180559466,185.84781453113553,115.5895606308934,237.53777530245387,190.4690455093571,248.83574014557252,132.23884612071146
2011-03-11,236.09264101160701,148.22244035724037,289.1684362299199,443.66381576576197,186.96290141832236,115.78606288396594,238.2503886283612,191.34520311870014,249.98038455024215,133.2306374666168
2011-03-14,233.96780724250252,146.99219410227528,288.27201407760714,446.9025616208521,186.14026465208173,114.43136594822352,235.9870099363918,190.56068778591347,247.68056501237993,131.85836190071066
2011-03-15,231.46435170500772,147.16858473519804,285.61991154809317,443.10388984707487,183.57152899988301,113.08107583003448,234.4294956708116,188.31207167003967,243.66813985917938,130.53977828170355
2011-03-16,228.2701436514786,144.3282310498087,281.0499929633237,435.7040548866287,179.11074084518586,111.21523807883892,231.35846927752394,185.31790973048604,240.57355448296784,128.15090033914836
2011-03-17,229.20605124044963,144.97770808953283,285.15332286058816,448.1651908563863,180.41824925335573,112.80561598336631,231.5204202060182,187.41200211044054,241.77642225538264,129.71434132328596
2011-03-18,230.902176019629,146.68844504498932,286.32245148431656,446.99996136015966,180.88733670141443,113.3583635016848,232.21498146663623,188.91129812732405,242.86441615553187,130.84285609279854
2011-03-21,234.22716735431166,149.73956470192508,292.2779584751903,459.1583603091561,184.46890596810246,114.29923791874879,234.7693462627692,190.02587478627527,246.67738748917373,132.46530750834927
2011-03-22,234.55508538860772,147.089174406701,290.5827463160342,458.653286112816,183.89705235960133,114.34495761391628,233.5720225968291,189.94986443636074,246.7760584441694,131.73674831705335
2011-03-23,236.0093269180171,147.2362635811077,292.1228348715092,459.66232334226424,184.96365526328705,114.93955139350864,234.48295348495677,189.83589451769893,246.57863759741403,131.8816587402021
2011-03-24,237.4253828795252,150.59325039075694,294.4598175504813,460.99534407995674,187.86758465092066,116.23836832425529,237.6953699477007,191.7532370523277,247.63892573908288,132.87077118075365
2011-03-25,238.4225694876192,151.57210651829683,295.9026706564786,466.6655868121402,188.44997416333854,116.9241746973684,237.83798716966928,192.2326201449585,248.3075508385784,133.21623518582362
2011-03-28,238.51793851541424,150.20795755963218,295.2220945139687,464.0522595259922,187.45118930027286,117.06448370700527,236.5536620389531,191.98271773877008,246.86736704371467,132.80326485674755
2011-03-29,239.87749076495209,151.67999554371656,298.144793249657,467.9502985060105,188.932053695745,118.32878013104092,238.63533426489587,193.44178639358475,248.8916794534731,133.33447791617454
2011-03-30,241.48466995307723,153.575995488013,299.93366200915494,473.2381368791285,189.51774306220182,119.80788988267892,240.83077934013292,195.02800904201212,252.02771461458684,134.5344882174201
2011-03-31,241.19488834913355,154.3745906645507,300.5035359669724,472.2443367916823,189.38508064205828,119.6281780478549,240.32503470351867,195.06701464382053,251.649673042665,134.1846985480548
2011-04-01,242.71441614573308,155.84114927586396,302.51690965795103,474.133314138849,189.32826511786567,120.01098821760804,241.91117993256185,196.00333631411084,253.51188062318073,135.28501307614883
2011-04-04,243.2241164196391,157.0255420103605,303.18244685919854,474.4177941273323,188.49522075134706,120.3590200834391,242.2256644664742,197.2185569992583,253.38512468286916,135.54205460099354
2011-04-05,243.97811118054,157.59083396159784,303.36435632731406,476.3154653038416,188.49522075134706,119.97387121917211,244.09080208286605,196.8832854523596,252.6503078212888,135.35229572455214
2011-04-06,243.83172431383167,156.5822526242436,302.6362818721285,471.8380999299855,189.43769685510375,119.90188689644062,244.79866540890632,197.51331196580713,253.66090905257397,136.44864931992103
2011-04-07,243.27091134790984,155.14169590010056,301.57705488557605,472.82895993983846,189.34297800667622,119.43426953754451,245.1413835404788,197.39480397862766,252.5701671436479,135.82098553304937
2011-04-08,242.22484642911385,153.14036802298926,299.58664632333125,474.9094073635737,188.18798584083552,119.35066554886822,243.5479645474657,197.43428293942338,251.83771365893134,134.7479997473383
2011-04-11,243.7750854462602,150.73606424502833,297.8490437746559,465.8386376829294,187.71751587623345,119.3626006154231,243.66973852973945,198.0858160731235,248.6897422381947,134.3976549479952
2011-04-12,243.8725954804387,149.40958687967208,294.33442505811496,451.72372696113666,185.91542772382158,118.71804257209982,243.57227063432757,197.72926160419186,246.7499622487368,133.71222690776042
2011-04-13,244.48227696913975,150.27616248357418,294.45215882813824,453.62096661437346,187.23542726066074,118.76552978912865,243.8889145861522,197.92699086579603,247.58891212038253,132.97680965976778
2011-04-14,245.9247224032577,149.53980928740467,294.92328228226324,455.97979564076826,186.748615149783,118.52799872955038,244.15719239219698,199.05517471373108,249.17348115795295,132.272032568571
2011-04-15,247.08056859855296,150.30246231477045,296.69282197595686,460.40279965848373,186.5058419500883,119.55919231849745,245.28031547720107,201.02582094339704,251.93930679880629,132.5233494304513
2011-04-18,244.78271931058643,148.46877227453027,292.71713816147906,452.9903145839821,184.7526870357575,117.8853636260385,243.44071311112208,198.81453691301968,249.31913800809872,130.90656456739978
2011-04-19,245.61498055624247,149.86437873391085,295.67358125691,457.6108157927387,185.4362719777898,118.15649996237838,244.17103525045542,200.14659431033692,249.56845714610677,131.39091885629918
2011-04-20,247.800953883193,154.25540503081444,300.64089742202606,467.5409704954411,189.84965525086122,119.57437796192691,247.7847665721621,201.9479136591299,253.36189769472762,132.20554255320823
2011-04-21,248.346115981736,156.84689583533213,302.74538370398017,470.5799868036615,191.57728711364408,120.4353134832528,247.90865895544817,201.64499178864125,253.8939576798865,133.0648785798041
2011-04-25,247.52657379899628,156.14108480407313,301.2922058622011,468.6506088577665,191.97959941658274,120.2907911070729,247.38805077164173,201.8063077820721,253.99551526295846,132.81205531050247
2011-04-26,248.64044338109173,158.17091890652608,305.78145972954786,473.3371149463442,193.53463417185705,121.51775717636504,248.45181938995978,204.328886629348,256.40847265795657,133.71517728661385
2011-04-27,250.08255795270205,158.8352367659335,306.3930226490069,472.76911040840855,194.6958419768882,122.70863119669342,251.60715749621227,206.96472926686658,258.61358552281496,134.7447841517208
2011-04-28,252.10822667211895,158.0887111531336,307.43475892601356,471.96540292071427,194.83212906627202,123.60440420442929,251.60715749621227,207.66840934637395,260.52732605568383,135.5667273350463
2011-04-29,252.3099132534566,158.6578305132849,309.2178805277845,479.752832068906,195.28024296312444,123.5796833235884,251.17942532846865,207.39844041422367,261.72575175553993,135.6073973532468
2011-05-02,252.3099132534566,157.86454136071848,307.9191654295677,473.8998475176653,194.36242582119775,123.78976878523851,251.40548681126424,209.01614824945463,261.41168085343327,135.09208924330446
2011-05-03,251.78006243562433,156.20696367643095,305.3326444399594,462.0523513297237,193.3517412069275,124.27254888350095,251.12894077577184,208.13828042680692,261.62081019811603,135.1461260790018
2011-05-04,251.3268583232402,154.72299752150485,302.37091778889175,453.8740247111876,192.44298802325494,123.57662260975333,250.7271344705306,207.5971208976972,260.4173544712047,133.71357714256436
2011-05-05,249.16544734166033,154.53732992447902,300.2845584561484,443.5710843502436,191.67321607116193,122.46443300626555,250.45133462261302,205.9778633546952,258.2819321645408,132.49678359056702
2011-05-06,250.43619112310282,155.74272109788998,301.93612352765723,445.7889397719948,192.42074161383945,123.06450872799624,250.62665055684886,207.3785128255071,259.8574519507445,133.07976943836553
2011-05-09,251.03723798179826,156.3033948938424,304.53277418999505,453.3673517481187,193.19042458029483,123.27371839283383,252.33091178063538,208.58130819989506,261.3386394268638,133.34592897724227
2011-05-10,252.41794279069816,158.28844800899418,307.15175604802903,455.09014768476163,194.94845744397554,125.11049679688703,255.10655181022233,209.85365417991443,264.68377401152765,134.519373152242
2011-05-11,251.43351281381445,156.87968082171412,302.79020111214703,442.16558749051444,193.23291101846854,123.37146089141031,254.6218493617829,209.35000540988264,262.59277219683656,132.8513329251542
2011-05-12,254.2495681573292,157.52288751308316,303.9710828964844,440.97174040429,194.52757152229225,123.76624956626283,257.5754628143796,211.56911546722742,264.5884772655325,133.06389505783446
2011-05-13,253.89361876190895,155.06553046787909,300.93137206751953,438.94327039843023,192.2905044497859,122.7637429447761,256.3391005928706,210.59589753607816,263.26553487920484,131.34737081158838
2011-05-16,253.0303804581185,153.7629800119489,299.2461563839414,435.34393558116307,189.2330854290343,121.33968352661668,254.0833165076533,210.17470574100602,262.66002414898264,130.7694423800174
2011-05-17,253.63765337121797,151.87169535780194,296.1938455888252,435.34393558116307,188.76000271546172,121.70370257719651,253.52433321133648,210.36386297617292,264.0783882793872,131.00482737630145
2011-05-18,255.43848071015364,153.70934287163135,299.92588804324436,444.5732270154838,190.74198274397403,123.07895441631884,254.9694219106411,211.83641001700607,264.44809802297834,132.18387082268814
2011-05-19,257.3542693154798,154.20121276882057,300.8556582961785,445.3290015014101,191.18068930428518,123.62050181575064,255.37737298569812,211.1161662229483,265.0827734582335,132.47467533849806
2011-05-20,255.78440827265538,152.27369760921033,298.11787180568325,444.26021189780676,189.9762509616682,123.29908851102968,252.87467473043827,209.7227995258768,265.2683313996542,130.93796910457147
2011-05-23,253.94276053309227,149.39572472439625,293.7951626645009,437.5074566769601,186.86064044589682,122.01677799051498,251.48386401942088,207.70946065042838,262.0320577565784,129.10483753710747
2011-05-24,254.22209756967868,148.2154984990735,293.2663313717048,442.845047648419,185.88896511557817,121.99237463491687,250.25159308572574,207.33558362125763,262.1630737854567,128.6529706057276
2011-05-25,252.90014266231634,149.78658278316368,296.1110147860103,449.0448783154968,186.94853221673696,121.77278836057404,250.3767188822686,207.93685681375928,262.6873999330276,129.12898659696882
2011-05-26,254.31638346122534,150.1760278983999,297.20662554071856,451.5595296340636,188.16369767614574,122.90527529232737,251.75379083612106,208.35273052738677,262.5297874930678,129.90376051655062
2011-05-27,255.28278571837802,150.92690803789188,299.049306619071,453.4560796585266,189.10451616452647,123.6672879991398,251.75379083612106,208.99862399202166,263.00234111055534,130.82607721621812
2011-05-31,257.42716111841236,152.9795139872072,302.48837364519034,458.0813316710436,191.88435255214497,124.53295901513377,253.41536585563946,211.54840720472433,265.1852605417729,132.0165945188857
2011-06-01,254.54397691388615,147.45695353226904,293.71621080947983,447.6370773089438,187.54776618446652,122.10456631433865,248.32171700194112,208.2905617337716,261.65829657656735,128.04289502386726
2011-06-02,251.59126678168505,147.13254823449807,294.21552836785594,445.8017652919772,187.75406872726944,122.0435140311815,246.3103110942254,207.70734816091704,261.0303166647836,128.5806751829675
2011-06-03,249.1508314939027,145.13154557850888,290.4789911575842,445.0439022909808,185.05041013759677,120.06640910387635,243.52700457886064,205.71335761857222,259.3858256697955,127.15342968843655
2011-06-06,247.23237009139964,143.7963353591866,288.44563821948105,435.78698912332834,183.570006856496,118.74567860373372,241.55443584177186,204.0882220933855,257.492309142406,124.82652192513817
2011-06-07,246.76262858822597,143.53750195554005,288.67639473005664,435.22046603746804,183.12943884004042,118.62693292513,242.254943705713,204.65966911524697,258.0072937606908,124.5768688812879
2011-06-08,246.41716090820248,141.09736442229587,286.1937777353781,436.8743038084104,181.44464800271206,118.37781636598723,241.09211997592558,204.47547541304326,258.78131564197287,123.50550780890882
2011-06-09,248.43778162764974,142.62121595805664,289.2274317793731,441.8109834414455,181.93454855231937,118.83948984981458,242.51456348378358,205.5387478851911,258.91070629979384,124.92582114871126
2011-06-10,245.38199691362962,139.15552041027587,284.9757885322163,434.21183452625263,179.31469105316597,117.14008514496224,238.75558774978492,202.0445891711429,257.20189563821515,123.63908519087954
2011-06-13,247.22236189048186,138.09793845515773,284.2348514820325,428.0026052925273,179.0277875474809,117.11665712793324,239.0420944550847,203.05481211699856,257.227615827779,124.30673625091029
2011-06-14,250.8318083740829,141.93706114421113,289.6068901750429,436.3058558352023,181.53417657314563,118.20584203922304,243.0580016419301,204.63863965151114,258.9253180922423,125.64924900242012
2011-06-15,246.86866580177238,139.08412621521248,284.30708408483963,426.92527993474545,178.08502721825585,116.69280726112099,239.77671861976404,202.12158438379757,255.50750389342468,123.29960804607485
2011-06-16,248.07832226420103,138.18007939481362,284.1364998343887,428.0779781905692,177.49734662843562,116.34272883933762,240.97560221286284,202.4854032356884,257.3471579214574,123.75581659584533
2011-06-17,249.318713875522,139.4513361252459,284.5627045841403,427.0077832450928,177.14235193517874,117.13385939544511,242.20457778414848,202.62714301795336,259.0199144479468,124.43647358712249
2011-06-20,251.2633998437511,140.94346542178602,287.49370044135696,428.5023104864507,177.93949251888702,117.70781530648277,244.48130081531949,204.36973644790774,260.3927199945209,124.74756477109028
2011-06-21,252.49459050298543,144.94625983976474,292.2948452387276,436.9866562340825,181.72960370953933,119.52051566220263,247.78179837632632,205.6981397348191,261.51240869049735,126.71857629447352
2011-06-22,250.80287674661542,144.32299092245376,290.6872235899146,435.0202162810291,180.4393235232016,118.89900898075918,245.67565309012758,204.66964903614505,259.89103175661626,125.84421811804165
2011-06-23,248.49549028054656,145.67962703712482,290.2221240321707,430.0174837937972,181.81066238197795,118.38774324214192,247.0760043127413,204.83338475537397,257.88987081209035,125.26533471469865
2011-06-24,247.62575606456468,144.7035735359761,287.5230582786715,422.27716908550883,178.77442432019893,117.64190045971642,243.9134314575382,202.58021752306485,258.19933865706486,124.06278750143753
2011-06-27,249.16103575216496,146.0782574845679,289.3057012399993,425.1908815521988,181.20575649095363,119.30065125619845,245.6208254777409,203.53234454542323,259.9550941599329,125.30341537645191
2011-06-28,250.9549952095806,147.61207918815583,294.2238981610792,435.82065359100375,183.85136053572154,120.69646887589597,249.08407911697705,206.34109090015005,261.9567483849644,126.51885850560349
2011-06-29,252.7618711750896,148.6896473662294,296.28346544820675,441.137665564814,184.4948402975966,121.50513521736448,249.4826136435642,206.6918707546803,263.34511915140473,128.49255269829092
2011-06-30,254.65758520890276,151.3511920540849,300.6684607368402,447.57827548206023,187.1884649659415,122.817390677712,251.17909541634043,207.6013149860009,264.3984996280103,129.25065875921084
2011-07-01,256.8731062002202,153.77281112695024,305.08828710967174,452.0093004093326,190.0898861729136,124.65965153787768,255.07237139529371,209.98873010833995,267.9414395230257,131.59009568275258
2011-07-05,257.4639143444807,154.15724315476763,304.53912819287433,454.35974877146117,190.54610189972857,124.89650487579964,255.19990758099138,209.6947458861883,266.9500561967905,130.7347600608147
2011-07-06,259.0086978305476,153.95683873866645,305.87910035692295,452.9966695251468,191.47977779903724,124.43438780775918,256.0931072575249,210.51255539514443,267.323786275466,130.55173139672956
2011-07-07,260.3555430592665,156.35856542298964,309.2131825508134,459.38392256545137,193.911570977085,124.95701223655176,260.03694110929075,210.91252925039524,268.39308142056785,132.44473150198212
2011-07-08,259.4963697671709,153.9037359458487,306.95592631819244,456.39792706877597,192.9420131221996,124.24475726680339,258.39870838030225,210.4063391801943,267.13163393789114,131.0408173480611
2011-07-11,256.9273557064759,149.27123349387864,301.36932845920137,446.4940920513835,189.2761148728778,121.95865373309422,254.80696633381604,207.6079348690977,263.6322095333048,127.68617242395075
2011-07-12,255.84826081250873,148.37560609291538,298.8076891672982,445.8243509133065,187.26978805522526,121.39764392592198,254.271871704515,207.67021724955842,264.44946938285807,127.32865114116369
2011-07-13,256.0273545950775,149.32520997191003,300.3316083820514,449.4801105907956,187.85032439819648,121.93179355919604,255.31438637850354,208.64626727063134,264.29079970122837,128.07989018289655
2011-07-14,254.7472178221021,146.86134400737353,297.08802701152524,446.87312594936895,185.76518579737652,120.8466005965192,253.39952848066477,208.208110109363,263.12792018254294,126.95278714928706
2011-07-15,255.18028809239968,146.64105199136245,299.3458960168128,459.2515115381665,188.12440365700317,120.59282273526651,253.6529280091454,207.4585609129693,265.3908202961128,126.7496626898482
2011-07-18,253.3429900181344,144.17748231790756,295.60407231660264,457.27673003855233,186.93921991396408,118.84422680560513,251.64906987787313,205.52919629647866,262.86960750329973,125.20331680503205
2011-07-19,258.4098498184971,146.88801898548422,299.86077095796173,465.27907281422705,191.9491910076583,120.73385001181427,255.9019391588092,207.8927820538882,265.39315573533145,126.89356158189999
2011-07-20,257.4278923891868,146.82926377789002,299.86077095796173,464.39504257588,190.8742755380154,120.46823554178827,254.8527412082581,206.7285824743864,266.4281890426992,127.66761230754959
2011-07-21,260.38831315166243,148.53248323771356,303.90889136589425,472.6148348294731,191.71412235038267,122.14274401581913,256.50928402611174,209.49874547954317,270.45125469724394,130.19543103123908
2011-07-22,259.9716918506198,148.8741079491603,302.17661068510864,473.84363340002966,193.84214910847194,122.10610119261437,257.35576466339796,208.8492993685566,269.3424045529852,129.93504016917657
2011-07-25,257.8919183158148,147.43002910205342,300.484421665272,471.1901090529895,193.14431737168144,120.94609323128455,255.16824066375906,205.92540917739677,269.04612790797694,129.02549488799235
2011-07-26,256.86035064255157,143.9949094239756,296.6983179522896,468.50432543138743,193.39540498426467,121.00656627790019,254.5048032380333,204.27800590397757,267.94303878355424,128.3803674135524
2011-07-27,253.85508454003372,139.41587130429315,288.7764728629635,459.0405380576734,187.4388265107493,119.51818551268201,250.35637494525335,200.80527980360995,267.1660039710819,125.41478092629931
2011-07-28,255.07358894582586,138.59331766359784,287.2459575567898,454.54194078470823,187.47631427605145,117.7134609114405,249.95580474534097,200.58439399582596,266.01719015400624,125.15140988635409
2011-07-29,253.5686547710455,137.6093051081863,286.154422918074,449.86015879462576,186.1639800761191,116.71289649369328,249.58087103822297,199.9826408138385,263.4900268475432,124.55068311889958
2011-08-01,252.6304507483926,137.55426138614303,285.4390368607788,449.6352287152285,185.40070775780703,116.94632228668067,248.08338581199365,196.72292376857294,264.1751009173468,124.10230065967154
2011-08-02,248.6894157167177,131.48811845901415,276.44770719966425,437.67493163140347,180.8954705592923,113.36776482470825,240.81454260770224,191.92288442861977,259.2878615503759,120.51574417060702
2011-08-03,251.64881976374662,131.9220292499289,277.11118169694345,435.04888204161506,182.75869390605303,114.41074826109559,242.0667782292623,192.306730197477,259.05450247498055,121.69679846347898
2011-08-04,241.48220744529127,123.82201665398324,260.7339108586541,405.33504339817273,174.05938007612488,109.1592949159113,232.26307371097715,183.55677397349183,248.9772823287038,115.44158302245617
2011-08-05,244.9595512325035,122.90573373074378,260.3167366012803,403.6731697202402,172.6843109735235,108.87548074912992,232.58824201417255,184.58469190774338,249.22625961103248,114.04473986788446
2011-08-08,233.22598872846655,111.93025170858837,241.6780582606286,370.08756199951625,162.11603114194386,101.68969901968734,218.6562063175236,174.58020160634368,234.14807090456503,104.07722960343135
2011-08-09,239.61638081962656,119.04901571725459,254.14864606687706,386.5194497522948,169.719273002501,106.4182700241028,229.23916670329177,181.1793332270635,244.7549785165418,110.96714220317851
2011-08-10,231.42150059559535,113.31085315968292,243.24566915060802,374.2281312501718,162.8626143732,102.22539018515316,219.95498045180844,173.85968816469014,239.81092795050768,104.3645972420894
2011-08-11,239.05841011524998,120.0301867520521,255.3593034743083,393.98737658018086,170.2402908043059,106.4575213388185,228.75317966988078,181.57905831920237,250.69834407946075,110.0942136306801
2011-08-12,241.97492271865602,121.134464470171,259.67487570302404,396.469497052636,171.38090075269474,106.8088311592366,230.58320510723985,183.28590146740288,249.06880484294427,109.65383677615739
2011-08-15,245.91911395897012,124.1870529748193,264.1412835651161,410.1873416506572,174.60286168684542,109.15862544473983,233.25797028648384,187.0615910376314,257.5371442076044,112.72414420588979
2011-08-16,244.44359927521631,121.86475508419016,259.94143715643077,402.63989456428504,172.4727067742659,108.76565439313875,234.0976989795152,186.6126432191411,256.1979510577248,110.89801306975437
2011-08-17,246.42359242934555,119.78086777225052,258.979653838952,404.73362201601935,171.05843057871692,109.73366871723766,233.1378984136992,186.59398195481918,257.91447732981163,111.2528867115776
2011-08-18,239.6223012782956,111.85137432572753,245.51271183932647,381.7852256477111,161.59889936771387,105.38821543603505,225.00138575906107,180.02587379000954,251.95665290349294,105.50111246858904
2011-08-19,237.2500404956405,107.48917072702415,241.6336109922651,375.52394794708863,157.4619675439004,103.67038752442768,223.87637883026574,179.80984274146152,249.33630371329662,103.66539311163561
2011-08-22,237.84316559687957,106.96247379046173,242.23769501974576,372.93283270625375,158.32800836539187,103.78442495070456,224.79427198346983,179.84580471000982,248.4885602806714,103.06413383158812
2011-08-23,245.3114409966216,111.1233140209107,251.6122938170099,389.56563704495267,164.86695511088254,106.68001040682924,232.50471551250286,185.72676252402712,254.42743687137948,106.58892720862845
2011-08-24,246.70971621030233,113.5013529409582,255.9651865000442,391.007029902019,166.23535083830285,108.28021056293167,234.92276455383285,187.60260282551982,259.2870009156228,109.08310810531037
2011-08-25,241.89887674420146,111.3221269644918,251.3578131430434,382.9522850860374,163.37610280388404,106.36365083596777,230.64717023895312,184.22575597466047,255.31990980161376,107.7959274296677
2011-08-26,244.92261270350397,113.86027145928219,256.91282081350465,389.80713098907745,167.52585581510272,107.5230146300798,235.0294664734932,186.63911337792854,256.2645934678797,109.35896837739789
2011-08-29,250.4333714893328,119.71268941228928,265.6735480032452,401.423383492552,172.81967285885997,110.17883309144277,240.90520313533048,191.7530250844838,261.8767880648263,113.59116045360318
2011-08-30,251.18467160380078,119.54509164711207,267.55983019406824,403.0692193648714,173.4072597465801,111.02721010624688,241.50746614316878,192.53921248733016,262.11247717408463,113.60251956964854
2011-08-31,251.83775174997064,120.80031510940674,268.57655754880574,405.40702083718764,173.58066700632668,110.82736112805563,242.44934526112715,193.73295560475162,263.97347576202066,114.38637695467911
2011-09-01,250.55337921604578,117.85278742073722,263.9838984147211,401.9610611600716,171.2546860684419,109.63042562787263,239.97636193946366,191.85374593538552,262.574416340482,112.09864941558551
2011-09-02,246.19375041768657,113.24474343258639,256.67154442863335,391.63066188825775,166.76781329344874,107.25144539174778,234.9848536111228,187.65214889940057,258.68831497864284,108.074307901566
2011-09-06,244.66734916509694,111.16104015342681,255.054513698733,386.7744416808434,165.8839438829935,105.97515319158597,235.1728414940117,188.459053139668,256.95510326828594,106.58288245252439
2011-09-07,249.34049553415028,116.14105475230032,262.6806436583251,401.9359997947324,170.7443434387652,108.13704631669432,241.2167835204078,193.26475899472953,260.73234328632975,110.9954137860589
2011-09-08,248.5675399979944,113.8066195517791,258.89804238964524,396.63044459744197,169.56620746903772,106.90428398868401,238.70812897179556,191.25480550118434,260.3412447714002,108.80880413447353
2011-09-09,242.1544974660461,109.98271713483932,251.98546465784176,384.2952377704615,165.56444497276843,104.71274616691599,233.2655836312386,185.84229450550083,254.535635012998,105.56630177126623
2011-09-12,242.95360730768408,110.25767392767641,251.7586777396497,385.6787006264352,167.73333920191172,105.22583862313385,235.9014847262716,186.25114755341292,256.3937451485929,106.48472859667623
2011-09-13,244.82435008395328,112.04384824530476,255.66093724461427,386.9900082085651,170.08160595073846,106.70952294772005,237.85946704949964,187.79703207810624,258.2397801136628,107.92227243273138
2011-09-14,248.42326803018736,114.31833836468444,259.59811567818133,391.8273833111721,173.1260666972567,108.04339198456654,241.45114500194705,189.71256180530293,260.7963539367881,109.47635315576272
2011-09-15,252.12477472383713,117.13056948845566,263.8295649637357,399.97739288404455,175.93070897775226,109.59921682914428,244.63830011597278,191.81837124134182,264.0563083609979,111.62208967761566
2011-09-16,252.60381179581245,116.9080214064276,265.333393484029,400.33737253764014,177.2501892950854,110.662329232387,246.74218949697013,192.5280992149348,265.931108150361,111.80068502109985
2011-09-19,250.3556378708297,116.3351721015361,262.7065928885371,394.49244689859063,176.68298868934113,109.78809683145114,246.86556059171863,190.81459913192188,265.34605971243025,109.45287063565677
2011-09-20,249.67967764857843,114.25277252091861,260.0532563003629,391.96769523843966,175.41087117077788,109.76613921208485,245.03875544333994,192.36019738489043,267.6280358259571,108.83993456009708
2011-09-21,244.835891902196,108.54013389487267,250.45729114287946,376.563364815569,172.7446259289821,106.80245345335855,239.45187181923177,188.0320929437304,262.67691716317694,104.07274542636485
2011-09-22,240.5267802047174,103.59070378926647,239.28689595790703,356.1912867790467,167.04405327332566,103.57701935906711,233.41768464938713,183.726158015319,256.5040096098423,100.74241757272115
2011-09-23,240.83946501898353,105.86969927263033,240.91404685042076,353.0568034553911,169.01517310195092,104.84065899524772,235.65849442202125,184.33245433676956,258.3251880780722,101.87073264953564
2011-09-26,245.05415565681577,107.87063658888303,247.03326364042147,365.80215406013076,171.41518855999863,106.57052986866931,241.14933734205434,186.76564273401493,261.5800854478559,105.31396341308994
2011-09-27,247.651729706778,109.98490106602515,252.07274221868605,372.16711154077706,173.67786904899063,108.23303013462055,241.60752108300426,189.60448050357198,263.149565960543,106.26178908380774
2011-09-28,242.55010407481842,106.23441593967368,244.3341090325724,360.7787979276293,170.4474606846794,106.58788807657433,238.22501578784218,186.4949670233134,259.36021221071115,103.0739354112935
2011-09-29,244.15093476171222,107.77481497079894,246.09331461760692,366.1183241369582,170.02134203296774,106.6198644429973,237.36740573100596,188.17342172652317,263.0171912028822,105.10449193889599
2011-09-30,239.53648209471586,104.09969378029471,238.9566084936963,355.5008927369864,165.24374232184132,104.45548119480446,232.97610872498237,186.02824471884082,259.7294763128462,101.68859595088189
2011-10-03,234.05109665474683,99.92529605970489,231.71622325633732,341.8852085451598,160.7821612791516,101.52028217323046,227.3846821155828,179.98232676547852,253.23623940502503,97.40750606134976
2011-10-04,237.21078645958596,106.65026848452301,239.01528428891194,353.2357974688591,165.01073212079328,103.48977564739114,232.77369908172213,182.6820616669607,253.89465362747808,101.09925054107491
2011-10-05,238.80009872886515,110.57499836475347,244.36922665698356,365.1045202638128,168.97098969169232,105.42503445199736,234.7289981540086,185.62324285979875,255.3926320838802,103.03024622640945
2011-10-06,243.24178056522206,113.98070831438787,249.96528194742845,369.85087902724234,172.19833559480364,106.82718741020894,238.17951442687252,187.68366085554254,259.58107125005586,105.89448707150362
2011-10-07,244.263396043596,111.83787099807738,247.99055622004377,365.22774303940184,170.7518695758073,106.3998786605681,238.70350935861165,187.3645986320881,259.50319692868084,103.12005151023023
2011-10-10,248.95325324763306,116.59098051549567,256.49663229839126,382.1743103164301,176.55743314138473,109.9004346685008,245.33946691878108,191.6552479407629,265.5496214171191,107.78107783849262
2011-10-11,248.60471869308637,117.50039016351654,257.59956781727436,382.05965802333515,177.6874007134896,109.40588271249254,245.952815586078,190.88862694899984,263.42522444578213,107.98586188638578
2011-10-12,250.7675797457162,119.75639765465607,261.12868189637106,385.45998897974283,178.82460007805594,111.07979271799368,247.28096079024283,191.34675965367742,263.39888192333757,110.22116922743395
2011-10-13,250.6171191978688,119.14564002661731,259.97971569602703,384.5734310050894,180.38037409873502,111.34638422051685,246.81112696474136,191.9782039605346,264.11005890453055,108.52376322133146
2011-10-14,253.12329038984748,122.5412907673759,264.58135666384675,398.3796171781721,184.0601337303492,112.6936754695851,250.1924394041583,193.68680997578332,266.9624475406995,110.16247204597356
2011-10-17,249.42769035015573,119.13464288404285,257.01432986326074,391.52748776270755,180.39733706911528,110.91311539716567,246.6897452525001,190.026129267241,268.297259778403,106.85759788459434
2011-10-18,250.84942818515162,121.86282620608742,263.67100100671917,403.2733123955888,182.61622431506538,112.41044245502741,251.25350553967132,192.32544543137462,271.08755128009835,110.80064324653587
2011-10-19,248.2907640176631,119.58399135603356,259.7159359916184,400.04712589642406,178.67171386985999,111.33130220745913,248.71584513372062,191.1907253033295,270.8164637288183,108.8616319897215
2011-10-20,249.9543121365814,119.81120093961005,260.8846577035807,402.3673992266233,177.95702701438054,111.45376663988735,249.810194852309,191.4010351011632,272.468444157564,110.16797157359817
2011-10-21,253.80360854348476,125.33449730292607,267.537216475022,410.6964043906144,180.48401679798474,113.60482433603718,254.9313038467813,194.78883342245376,276.99142033057956,112.33828061359804
2011-10-24,254.53963900826082,129.1947998198562,272.29937892827735,415.0497862771549,184.63514918433836,114.13876701041654,257.58258940678786,197.36004602363016,277.3792083190424,114.96699637995627
2011-10-25,250.36518892852536,126.74009862327893,266.19987284028394,406.0017009363129,181.34864352885714,111.7760945333009,253.53854275310127,193.11680503412214,273.71780276923107,111.64445018457552
2011-10-26,252.79373126113205,126.46127040630772,269.71371116177573,415.62394124850357,181.98336378120814,113.16211810551384,253.33571191889877,195.49214173604184,275.57908382806187,113.70987251299016
2011-10-27,258.1276789907419,131.86116665265706,280.3943741237821,431.2098390453225,188.0616081315005,115.33483077313973,260.45444542381983,199.46063221328347,281.6142657638964,119.83883464144034
2011-10-28,258.77299818821876,131.39965256937276,280.5065318734316,433.4090092244537,188.55056831264238,114.35448471156803,259.0479914185312,200.1986365524726,280.1498715819241,119.55122143830089
2011-10-31,254.63263021720724,128.12780122039538,272.9328555128489,413.2121493945942,184.72299177589576,112.44476481688486,255.732177128374,196.33480286700987,277.15226795599756,115.49843503154247
2011-11-01,249.82007350610203,121.33702775571442,264.82674970411733,400.0306818289066,179.36602501439475,109.88102417905988,251.66603551203286,192.6240750928234,271.1103485145568,110.91314716079023
2011-11-02,252.46816628526668,122.7445372776807,270.1497673731701,412.2316176246882,181.5184173145675,110.96884631843255,255.08869359499653,193.87613158092674,275.7734465090072,113.70815846924214
2011-11-03,255.598771547204,125.99726751553924,276.876496580762,421.96028380063086,186.29235168994063,112.76654162879116,257.8436514858225,196.45468413095307,279.7445841387369,115.95958000693314
2011-11-04,253.57954125198106,125.11528664293046,276.0735547406778,422.5510281979518,185.54718228318086,111.81930267910931,258.2046325979027,194.6865919737745,278.5416824269403,114.73040845885964
2011-11-07,254.72064918761498,125.0277059422804,276.3496282954184,425.7624160122562,186.45636347636844,112.56849200705933,259.6505785404509,196.43877130153845,279.54443248367727,115.20080313354097
2011-11-08,257.1150232899785,127.32821573161837,279.5276490208158,432.14885225244,188.86165056521355,113.33395775270733,262.3769096151256,198.20672024325228,281.33351685157277,117.00945574273757
2011-11-09,249.94151414018813,119.7139884308676,268.5701651791998,413.4368069499094,181.4771600281137,109.54860356376692,254.89916769109456,192.69657342048984,274.581512447135,111.52171226840318
2011-11-10,251.59112813351334,120.54001495104059,271.2558668309918,420.87866947500777,181.7675234841587,111.30138122078719,256.2501332798574,195.00893230153574,276.88799715169097,112.38042945286988
2011-11-11,254.88697191206236,122.68562721716911,277.5218773547877,428.03360685608294,185.56646472497758,113.53853898332503,261.91326122534224,198.26558147097137,280.70905151238435,114.86403694377832
2011-11-14,253.3321613833988,121.9617820165878,275.4404632746268,423.2396304592948,184.4901792295727,112.25555349281345,260.47273828860284,196.85789584252748,277.5370392302944,113.15256279331602
2011-11-15,255.434818322881,122.18131322421766,276.9002977299823,422.520123087514,186.96234763124897,113.04134236726313,260.36854919328744,197.3500405821338,278.5361725715235,113.76358663239994
2011-11-16,253.00818754881362,119.18787105022433,272.9960035319896,417.4921336227725,184.23269735583276,110.8370361911015,255.94228385700157,194.25164494499427,275.0544704143794,111.19252957450772
2011-11-17,251.08532532344265,115.48112826056234,267.29038705817095,408.5578019632452,180.06903839559095,110.05009323414467,252.99894759264606,192.21200267307182,273.54167082710035,109.21330254808149
2011-11-18,251.91390689701004,114.63811602426024,267.93188398711055,406.269878272251,178.73652751146358,110.10511828076174,252.7459486450534,191.78913626719108,274.96408751540133,109.62831309776419
2011-11-21,248.462686372521,112.04729460211196,261.957002974198,399.0382744390049,175.0366813919763,108.71779379042417,249.03058319997112,189.0081937913168,271.55453283021035,107.18360171568406
2011-11-22,248.18937741751122,111.35260137557887,260.46384805724506,395.28731465927825,174.51157134780036,108.25030727712534,248.93097096669115,189.57521837269073,268.89329840847427,106.44403486384584
2011-11-23,244.44171781850682,108.66900368242742,254.13457654945404,383.19152283070434,170.11387974983577,105.72807511756832,245.3463649847708,186.56097240056496,264.45655898473444,103.61262353646754
2011-11-25,244.44171781850682,107.97352205885988,253.57548048104525,379.12969268869887,168.9741167555119,105.65406546498602,244.26684097883782,185.7774163164826,265.6995048119627,103.57117848705295
2011-11-28,249.28166383131324,111.82817679636119,263.08456099908443,393.65035991867603,175.02339013535922,108.1158051903202,250.544498791994,191.29500558108214,269.44586782981133,106.93724178788217
2011-11-29,251.69969597047702,110.74344348143647,263.13717791128425,399.4763852454724,173.83323108243874,108.53745683056246,252.19809248402112,191.88802009838352,272.67921824376907,106.70197985594885
2011-11-30,258.2942280049035,117.01152238248578,276.7150562915065,422.1266962888906,181.04731017235997,112.78127139263745,258.52826460537,198.89193283197451,280.04155713635083,113.14677943924816
2011-12-01,257.6743218576917,116.67218896757656,275.30380950441986,419.00295873635287,181.75339468203217,112.43164945132027,258.7092343905938,198.91182202525772,279.7055072677872,112.42264005083697
2011-12-02,257.03013605304756,118.36393570760642,275.3588702663207,418.96105844047923,181.48076459000916,113.16245517275385,258.91620177810626,196.4055330677395,277.74756871691267,113.3557479632589
2011-12-05,258.4695048149446,120.39979540177725,277.9472436468242,423.40204565994827,184.05779144718727,113.56984001137577,261.32412245464263,197.26971741323754,279.74735121167447,115.20344665506003
2011-12-06,259.1415255274635,119.90615624062997,277.9472436468242,424.24884975126815,183.8737336557401,113.92190651541105,260.87987144646974,198.0785232546318,279.83127541703794,115.19192631039455
2011-12-07,258.9601264595943,120.2179122468556,277.7248858519067,421.61850688281027,183.78179678891223,114.20671128169957,261.89730294511094,198.96987660927763,278.9078322081617,115.99826979456729
2011-12-08,256.0079810179549,116.1425250216872,271.0872610800462,410.3612927490392,180.58399352478517,111.31728148627258,258.0997920524068,195.5078007562762,274.4174161096103,112.18192671832603
2011-12-09,259.873701531326,118.80218884468383,276.102375410027,419.79960248226706,183.72615501211644,112.96477725226941,261.35184943226716,198.51862088792288,278.176934710312,114.76211103284753
2011-12-12,257.1450276652471,116.68750988324845,270.99448146494154,409.6404521021962,180.93351745593228,112.85181247501714,259.88827907544646,196.3547679202445,275.4229830566799,112.50129744550041
2011-12-13,255.06215294115856,112.75514080018299,267.44445375775075,407.4693577060546,178.90706206042583,112.36654968137458,255.47017833116388,196.06023576836415,276.24925200584994,110.7687774648397
2011-12-14,253.32773030115868,109.87988470977832,263.16534249762674,396.3454442406793,175.75829776816235,111.40019735411475,253.24758777968276,195.9229936033263,273.62488411179436,109.98231914483934
2011-12-15,255.78500928507992,111.27535924559248,264.61275188136375,396.0680024297108,175.35405368329558,111.46703747252722,254.69109903002695,198.21529262848523,276.6347578370241,110.38925372567525
2011-12-16,255.83616628693693,111.44227228446088,266.09458329189937,400.1475028547368,175.9677928711871,111.70111825121953,255.68439431624404,198.39368639185085,277.0773734495633,111.17301742712755
2011-12-19,254.99190693819003,108.50019629615113,262.7417915424215,392.984862553637,173.7857922395844,110.28251404942904,252.7951606604705,197.73898722675773,274.77763124993197,108.949557078585
2011-12-20,259.6072604537713,112.60150371614566,271.83265752978923,409.3330328358683,179.32955901202715,113.23808542595373,260.05038177142603,201.931053755965,280.6853503218056,112.89353104482977
2011-12-21,262.9561941136249,114.45942852746205,272.24040651608397,414.98182868900335,175.81469965539142,113.78162823599828,260.3624422295518,203.6474677128907,284.5307396212143,113.64991770283012
2011-12-22,261.98325619540446,116.63415766948381,273.95552107713524,420.542585193436,177.78382429153183,114.64636861059188,260.54469593911244,204.46205758374222,284.98598880460827,115.36603146014286
2011-12-23,264.2101138730654,117.39227969433546,276.4485163189372,423.57049180682884,179.45499223987224,115.93040793903052,262.8114347937827,205.79106095803655,287.15188231952334,116.26588650553198
2011-12-27,264.6856920780369,116.12444307363663,276.69731998362425,424.71413213470726,179.81390222435198,116.09271051014515,262.86399708074146,206.26438039824,289.3629518133837,115.75431660490764
2011-12-28,262.4888008337892,113.83679154508599,272.1594839358928,416.51714938450743,177.58420983677004,115.0014390313498,260.60336670584707,204.0160986518992,287.27953856032735,113.78649322262422
2011-12-29,264.7199556408764,115.74924964304343,275.5614774850915,421.8069171816906,179.21798456726833,116.32395558021034,262.5057712827998,206.0562596384182,289.60650282266596,115.43639737435227
2011-12-30,263.2110518937234,115.81869919282926,274.4867877228996,420.66803850530005,178.48319083054253,116.31232318465233,260.8257343465899,205.72656962299672,288.2163916091172,114.82458446826823
