date,SMALL LoAC,ME1 AC2,ME1 AC3,ME1 AC4,SMALL HiAC,ME2 AC1,ME2 AC2,ME2 AC3,ME2 AC4,ME2 AC5,ME3 AC1,ME3 AC2,ME3 AC3,ME3 AC4,ME3 AC5,ME4 AC1,ME4 AC2,ME4 AC3,ME4 AC4,ME4 AC5,BIG LoAC,ME5 AC2,ME5 AC3,ME5 AC4,BIG HiAC
1963-07-31,100.0972,100.50030000000001,101.1942,100.0483,99.50710000000001,98.28670000000001,101.81290000000001,98.45739999999999,100.6861,100.04630000000002,96.898,96.5578,98.0919,100.50399999999999,97.2518,98.7352,99.4167,98.1899,98.124,97.60419999999999,100.9027,100.0526,100.37290000000002,100.44569999999999,97.85390000000001
1963-08-31,103.6598595424,105.59144419740001,105.77192202539997,103.19211773090001,102.1374706814,104.48819762320001,106.06979916190001,104.68561820919999,105.57229574690001,105.11124398380001,103.54830353599999,101.4034566352,102.2061685617,105.09411818399998,103.940292545,105.53124255120001,104.23473153209999,104.43330479149999,103.96041552,105.20239415740001,108.45768875979998,104.7808857708,105.0477678175,107.47780301129998,103.95567778840001
1963-09-30,102.91070973748708,103.68657454407891,104.77449280070046,100.69094718133844,101.57397825565072,100.5306026500237,107.39758090780866,103.21028379177774,103.0290591423572,102.68632758509372,101.77928431839098,98.52927706033189,99.38977538081379,102.17712583968488,103.21562082537628,101.7535406615947,103.236267038754,104.30756709253102,99.35049881459663,102.34499192969086,108.25053457426877,104.88273279176923,102.30822708058741,106.31080902620329,104.92308932589887
1963-10-31,103.75622412869028,103.30324527798945,106.87228769555608,100.37940939075938,100.03665609475144,102.15286498498712,114.26587100202485,104.85380435087801,105.56182250325377,102.89611575235007,104.64854412261076,99.59467413318526,101.2960712726178,103.79264837633615,106.61760768778068,106.07501353349262,105.11754153300122,106.65333996887495,100.56485996160747,103.15341502094351,121.13960097442322,107.73701148196444,105.06676380736131,110.59045695436214,105.25506598052601
1963-11-30,102.10234991607896,100.43089854303496,102.97818214879311,97.72537780646769,97.62637290280449,101.83915353661823,116.71630260566329,104.21440585194634,105.78117997041554,102.05504290219037,104.05068699003827,97.86282234468331,99.05793457784931,101.33940533931307,105.40781769334744,105.64859197908798,104.18241588352363,104.9377143421356,102.56509502624385,104.33338693536807,115.44155756338927,109.37105873511139,104.14490802171552,109.81167895648952,104.45375916321626
1963-12-31,100.08582850523639,99.12620074006239,106.49478409099224,97.87773167046798,95.4891363472163,102.46139076472699,119.90884363083597,104.96912657912614,106.44040828399118,101.39699198555702,106.54061992970989,99.46258590155186,99.38314177706837,102.21386306798601,105.83619506445321,105.97673650577504,107.62554054605822,108.50139912119454,102.84981573003668,100.7667501029825,116.75378174821232,111.93854433891812,108.80830871311188,113.35299579115734,104.587982243741
1964-01-31,104.97712303011582,106.50089269652081,109.59037447494921,99.91212032323867,99.91458037122804,103.48190621674365,127.26237337534063,108.70907159001382,110.4786509338775,99.71593125542849,108.26753683815056,102.26573996001531,100.01005063539812,105.78725972084283,108.47670229511624,108.2515271548715,109.76083127049203,110.71764869964407,105.5654622645726,99.22763876190956,118.11069419969004,116.3782508844883,112.54163059336746,115.7738757222691,105.48555630735679
1964-02-29,105.80266312562465,107.28601727747954,111.78009974733318,101.85001580902819,103.15361123770252,105.18087215301016,129.8063482191137,111.03642410368441,115.81333355152164,102.62444553828682,110.89984546129652,106.6720638976725,102.51990286614408,108.7857995976301,109.22074399615842,113.55292919422702,113.60663127654753,112.4160574306966,109.43475315295599,101.68233208960167,119.9963314325881,118.6207434007815,113.59006842397528,117.98423055755866,108.48039673647895
1964-03-31,110.8401395223619,109.15966028321344,115.04128415746162,103.67791804275282,104.36040533557241,114.95406843172356,135.80950240520303,116.17996437743938,121.08863089479345,105.51147644016991,117.01929893385086,115.96053386156233,107.42189202168875,113.41050151012458,109.72184876961279,121.21332335059876,117.56809450916074,117.5543705837389,112.87078553245252,103.37798665952786,122.27014191690422,120.45367112781038,116.10654279984003,118.56070150806288,110.42414848520319
1964-04-30,111.83016364857563,107.43493765073866,119.1350282542049,102.1209867475048,103.71587547221992,114.06455385019886,133.05352017289422,115.60498973373544,119.43940374200636,104.07219439004956,116.39991578459399,112.23448998752261,106.19771214020959,113.16734939488686,108.57723044324818,116.6893996965077,123.02654600103205,117.6868543593868,110.14236003377653,102.89820942344099,125.24998754556107,120.62326989675836,117.55508802781083,116.82710693061198,110.90272674473806
1964-05-31,112.7152993938541,108.47813089532734,120.12003666781067,102.46921931231378,104.31307148318896,119.19791503167323,141.14849634021311,120.21635716922441,120.61241812615661,104.08156088754465,120.52873719738932,111.61001728523203,105.78566501710557,111.36549885782148,109.19926939645757,117.9799844571511,126.03429899766527,120.11343960942298,110.9989371677592,106.48760766275889,129.2458378982271,122.6043864815427,118.46484685405805,117.83076860625287,113.40458135737262
1964-06-30,115.72795391605304,108.36813407059948,124.27138513505018,100.82930192643951,104.75817535920773,123.11332814463363,143.96553803017107,118.87618521950189,122.32234037793116,107.0595425076591,122.99837102256382,114.84391753607164,107.18214158099639,114.40833838311373,112.1877258020304,121.88465002274498,126.76340741736676,121.10065196957282,113.08072223434054,107.9507473920452,131.09961095120138,124.89929538770421,119.66797583870787,119.74999616531154,116.4310094200568
1964-07-31,119.06149762860494,112.74533974197914,127.27887692670352,103.62287856561345,108.65769367877887,128.743546867344,147.0167436431825,121.99823047192166,125.09416461089506,109.3252436057487,126.21342544272261,116.3197767203277,109.50059848553492,119.89090036677092,114.89717156787525,124.13256862311445,128.00644939050144,122.92394338562671,115.32164290685847,107.33996206330102,134.85810569756137,125.28136233229519,120.52946559677073,125.75641647297122,117.92016203053932
1964-08-31,119.23663709161663,111.81101911153735,130.0160091750123,102.73172180994916,107.0205482081207,128.5859647659784,145.76901253988282,120.36821211458633,122.88612751134815,106.18061229867293,122.63211949578535,116.04223773307298,111.01356825480957,118.31265655434275,114.64922347163179,123.70890416640377,127.31201440255798,122.59807201171142,116.46690214256648,108.56782388934309,135.40549474858778,123.58329874724325,117.14258761350148,125.7467332289028,116.74037080942377
1964-09-30,126.19802967493649,115.01172134462423,135.66767507784093,106.32383919475585,111.7898119184674,130.01712655382374,149.56002724900753,123.84661270827367,127.97459627933804,109.02009423276404,125.7491827091292,120.51961143376586,112.47939141004608,122.2368507469372,116.88602982156331,129.80886652194496,133.04360129096113,125.24226722886003,122.14035434663732,114.038665102951,141.08264092691184,125.96932149615627,120.3253517189603,130.05280436159333,122.49391998476622
1964-10-31,127.87898743020665,118.83919641925198,135.98473043449783,109.5912770970499,115.7783606179064,134.12605780430425,152.57201663777528,126.3815051771866,132.64477322135994,109.25525057602412,130.94589343376668,126.64152561615545,114.0895338980809,124.62511433683086,119.68311251519333,131.4793768252159,135.90975959357232,128.82995721589793,125.79650371364957,114.78846932600291,141.61903712771596,125.74131702424822,122.54776096520949,130.63218960502425,122.77075624393179
1964-11-30,128.25367286337718,117.7862811389774,136.19645865978435,110.25397554965575,115.26928316626947,133.72823991685667,148.69653484315916,125.70169906083852,133.34487233442226,108.5047762598174,131.52140063540807,126.47017963199679,114.14920272430959,126.52851370809728,120.83829391718996,132.72014770431545,137.76941283409116,128.75819892972868,125.06474545154727,113.26338972253762,142.8512643697642,126.0497604749087,123.69456291232193,128.82842033095807,124.6166145640593
1964-12-31,125.38489470876914,116.91984525491907,136.1034364785197,107.76278697211129,114.45052544793948,136.86697543594522,146.5764196493654,127.91593448979519,131.1222800023521,109.46938372076718,130.60877363639898,124.4900360294986,112.8114882175834,126.47764924558662,121.92487185609335,132.27500432891517,138.78973310554045,126.60986838058616,123.58673028980087,115.45548936722763,142.02301273894832,126.60047187842358,123.76049211435418,131.43217153426707,127.12053620049493
1965-01-31,133.6860016629632,124.02810416703713,145.59120703543732,114.87976471211043,125.0782867905097,145.25295188788104,156.7760863870861,133.3561991836462,139.2497634060179,117.72041957995256,138.9141855519376,131.79199909280882,120.35124403260558,134.06301978144143,129.02699564171078,142.16891010270936,145.3469928358448,132.1256272965864,131.53768258299522,122.32659190593944,145.67456641947945,130.5738276883279,126.20562815705748,137.36659694338232,133.2772380097573
1965-02-28,138.94280262035426,129.20851002188593,149.99868964602112,118.62748727631363,127.77685082801493,152.49061597455037,162.094715117768,138.83727232629323,144.0927309275158,122.29362243979456,146.75991983772548,142.31493126037415,125.89486303523545,137.1242147751309,133.65132316550972,148.64783167391002,149.33836660610993,135.040715011631,137.59643978045054,125.32322642785925,148.87474529458257,131.52205482500054,124.77496115626907,136.52440233752245,135.540152233925
1965-03-31,141.5453402562361,130.12963748983196,156.41308361135393,121.48581658223641,130.14966694789115,155.71487755871627,167.0859355856743,138.1269808410719,145.7490768695276,121.85226475640934,145.26839877241466,142.75624986221257,127.07072105598454,138.62476505741512,132.4779981994397,145.98094092584842,149.6855783084691,135.82557164727857,136.88602936186408,126.63448334597396,147.4784490584647,129.149791522122,122.18051538894676,136.85642968400728,131.39926504302636
1965-04-30,148.0359018336858,134.85165164542548,158.47194903093018,128.15769614311623,137.9537012774206,159.60930664645977,178.46097899441142,143.182566466836,151.8603356626669,127.40750950665405,152.22559292642316,148.12174351328383,130.92299703551777,142.77033865645714,141.73410345563636,152.23826797769397,154.81141125206432,143.67601803734797,141.28185042276164,135.5095344767932,152.69903867668526,133.30324881747345,125.6056017768451,144.95135064338663,138.5861478445547
1965-05-31,144.61197946017447,133.4787269800234,160.05397449810596,128.76234415351945,138.95965966713558,158.72938053891784,179.7221627329649,142.5276494078167,149.18000073822085,132.38595794062655,151.2961034560144,153.21061413342622,130.97929392424302,142.21910237890455,140.0586646186873,154.72416665550176,154.81744889710313,141.59400885996877,139.61090997781162,134.5279034090433,152.0760265988844,134.9379465577221,124.50140293162487,141.1736285429187,141.08374740100925
1965-06-30,128.48051315139202,122.49022426011993,143.48518705806202,117.5627242213905,124.65626397827796,143.26278969920568,167.4847009503146,130.41066129341118,134.69104234652187,118.56261337034016,137.2013584580521,134.92201633493326,121.23836383509708,131.9026709114412,125.98542993913695,140.72719964317844,143.28896756498034,131.46564781220633,129.01569840868552,123.89091661439365,144.1933178361578,129.45204434041793,120.66339818345166,132.63587100952859,133.59008415780463
1965-07-31,131.89257013915352,127.02162761639879,147.9046743046374,120.75913713024586,128.55663382189428,147.5109612021562,172.27107873407272,133.7491742225225,136.53415456999167,122.18458264619068,140.40953782287673,141.8688811119863,123.79528092837928,136.13991231180034,132.10063672295274,145.53556660058655,149.3747365954002,135.17836917207086,134.77250788737948,127.07206368030141,149.28521646890604,130.64041410746296,123.05711867661498,134.55073507929316,132.88499569361974
1965-08-31,135.63937427166658,132.222274115897,154.44353995564543,123.62764967363773,135.37913437882222,155.04832878670277,179.48785876440047,139.69633125432696,143.8101962011811,130.86958496526455,147.4715759372161,148.94487529520885,133.27106691176112,146.44829033213756,142.99048481184607,154.34192373558807,154.0845220402532,139.96125023011706,141.35951421037515,132.280747570557,155.03881799683415,134.70137137999345,125.21492525260942,138.83927065847547,137.42036059664298
1965-09-30,141.23110747601606,132.0551451614145,160.6424403188452,130.44534367018983,141.07764828222997,162.50041661317806,183.11620582932284,140.8221439879056,148.86728175059565,139.81033327092152,150.83112590864184,154.0571102499663,139.8088123701845,155.42937818504623,150.0294774076788,161.84124346797654,161.8152506800568,142.75137775345442,146.84044665485402,138.7871084205624,157.29230721641812,138.439603838531,131.39741218695698,145.01275882830458,137.38751713046037
1965-10-31,154.41672613219185,141.65779915211706,168.93994364619417,140.09934266453325,152.19005248212466,173.17165647174886,191.52197214171207,147.28616204123847,155.8376944840038,150.6601743740781,163.05025708075274,163.59339943154947,147.6432787889725,165.84361281157888,160.28999336758994,171.08982316719752,168.30986758135157,150.45038780983148,151.03362244953004,144.26212106064514,165.54260331453366,141.3609563587317,133.3921563013672,154.0467636777903,138.8652572647156
1965-11-30,173.19596186403226,144.45837384135442,176.50456750283982,146.32507725385977,163.33843039659772,185.73543332043073,192.58855800456925,152.37445708127711,161.61974046244381,159.3416656020356,164.5814620449981,171.34903531180035,157.61185768624637,174.52768190923155,166.9168625633862,175.66134324222503,175.14442637422752,153.3871793798794,160.37248442645185,150.41547757236592,171.18164655383995,139.29920681023958,133.22221469423928,149.69894781974833,142.92109483364618
1965-12-31,182.1195374071528,152.19989809551262,179.53197384464855,153.89827795221052,171.32159618223145,195.20051100243984,203.7353911533157,154.11548762788777,175.6381518909348,164.3806864350344,174.21293378533343,170.9401965135464,161.78337072362825,182.01631568459285,174.29558938986324,184.60900508295427,182.45583045321962,158.61952284288583,161.61585229821011,152.42382502891215,172.99428900919858,139.0285484514073,136.1050101980079,151.13935109566995,144.05989011728067
1966-01-31,196.0551422900107,158.77280289466543,189.71754084875084,169.19084203576574,183.45510558864564,207.96096360718036,213.73879885894348,159.11437758458592,194.9629151908868,169.41303676955653,178.20589422769328,177.270111990443,170.0653850377122,188.9141880000919,184.97502874295895,188.85925820697912,193.0307879304578,164.51556912647877,166.1339850650589,158.13438363362036,182.2602091171093,139.30883000508533,136.50379787788808,152.49628018980687,140.71193827095505
1966-02-28,208.11900336054197,161.34238193671268,199.5868370412437,177.12656929061131,197.3463261838179,209.15673914792166,215.39869437088203,158.2402031941362,202.1469086898406,173.9739745454665,183.12384229069497,178.30288766289934,172.59255665937263,197.07263612306386,195.02953140531122,192.82907981448983,195.78726758210476,165.90490310775186,167.21003488632527,158.66018045920214,180.2296481273356,138.3554003725305,132.99619628761786,151.7865625018035,138.64797556039667
1966-03-31,208.8451305632669,161.37739323359295,192.52086424947257,172.76482752183003,197.71141688725794,200.05695689781305,210.22697171903712,152.6410318443149,194.78673974444348,168.55677292606975,179.7539973448616,172.3231437193487,173.32089724847518,186.77775868463112,187.84483849787097,189.95611935433374,191.43746185823315,162.55378996987838,164.71225138519335,157.48847502651094,177.52404064964801,135.90775498454008,128.79670839364005,147.84223688863165,136.10170548923
1966-04-30,233.38673070088697,167.4613209584994,200.21861848562347,180.66035290440516,209.30343497077476,207.74174478312872,218.79056741201208,158.37835030824715,201.8952870246772,183.32386324534983,190.50975752998875,179.82867824404494,188.1505798588492,194.2167432575226,192.36400962245273,197.5135235628459,196.94952069751724,168.38378164714808,171.75139416039102,166.78297235715053,183.6305125999146,140.5738759364243,131.09508565492453,147.62076921777248,135.45372526939576
1966-05-31,199.5916319352064,150.43284907551347,185.08369267705822,165.7815275599042,183.03145850980812,187.68427932431763,199.22587729289515,146.08248870371608,179.39163454233264,162.422009653568,177.8084719954644,163.38676236351367,171.89286455440575,177.38766823751502,173.79588122963585,184.94929330196615,183.03838520208953,158.1546352958655,159.20014577793796,154.94404984735058,170.15111482251788,135.3411539785668,124.34499969455246,139.40242575388064,130.91832818620057
1966-06-30,204.77323029187627,150.09783512062228,187.55196880259948,166.17791119229992,183.0252354402188,189.77545756454919,197.7486174127683,144.40838338317147,178.96701454337094,164.52748616470723,178.05793728167401,161.06977468643666,181.6555197967732,179.37884481348112,177.05959408324722,193.93468481845557,184.73423584098688,157.637469638448,158.2638897206179,156.7589095032126,174.0547216987761,133.41051241706256,121.95484011042377,137.97132045109132,125.41386707761177
1966-07-31,199.5830479968984,149.01908197961038,185.73721595246553,162.85618092547702,180.66402687780453,188.50756773256043,193.13197819064985,141.04251278327652,173.0263834626183,162.84864769588256,174.1162687240696,156.66451634876262,178.5261401572342,178.91102478620755,178.33035078998267,189.1055172317912,180.55074433613188,156.48277517334637,154.2086940743065,149.8886367764153,174.2992685827629,132.3401598759405,120.92468757601102,137.17826130113843,118.82625288162608
1966-08-31,175.27363316782817,131.2862582812827,168.8537030223864,145.1468740992788,162.77593958455248,166.03935073451655,172.48481779822205,127.2846619163446,156.88665543960872,145.88470406540247,160.34924358859487,143.08734270391346,165.88434712042013,159.08016897685474,160.04471328067942,171.25282177200674,164.71608295636446,144.40402624049094,141.45147143962134,137.7271224542873,160.67011157520236,124.270718627505,112.3679357584449,123.68088063693551,111.18845782515379
1966-09-30,169.74935879764453,130.70715459600396,163.4515665015912,142.49605673760365,161.57579258199556,165.584402913504,168.22013067816098,127.16157764827149,151.92260477484405,143.5607607296406,153.44765179529819,139.0456976218987,163.09715832010284,154.61144795012592,155.68909640874574,166.56494702881983,162.7805042655442,141.70540379810862,136.83718298978945,131.83983887785632,158.60212656911793,125.19578985696815,110.54420416108535,120.51366064558489,107.594735679787
1966-10-31,161.19738610141923,124.87905327972273,157.61274964302137,141.29566995564608,154.1593021266894,161.56351685755536,166.66005718625172,123.67887635964064,147.8958961352868,141.21426009551465,154.87118566100315,141.03460728068237,165.97582316445263,156.74384904025405,158.0955827719357,166.01761461288314,169.06025055910038,143.33076477967296,137.66450059814574,127.77798528186845,165.78267924740817,132.03047841683974,115.88249432422832,122.18735436463075,113.39968685918286
1966-11-30,167.70653655219454,128.75817131175074,166.1706491103885,146.24342043048296,161.94804670733828,170.4779454636878,175.14605397806127,125.28608335793416,149.43475293457448,148.79252336354043,171.747808504854,148.84778348942487,171.04854224782778,162.74353334996783,168.84039095944755,176.09006930906133,172.6637697997676,149.61280886920122,147.19625295506074,138.94437563766564,171.72963551737118,131.75955187512838,118.07035581706975,130.70784514653954,116.47009678058211
1966-12-31,170.83526969811228,131.05766349320734,167.62214973036774,149.25106261505627,164.881573625395,172.25688282460138,177.9233449559914,125.95385818223197,153.13326306970518,152.67020531491764,179.549452706187,152.67778580639123,174.0338524556791,165.05530524120414,170.28701542918807,177.24416362331291,172.78480710239725,154.92466203529332,156.36186923406646,140.20251695906472,170.58574441518996,132.0126619742805,118.25572627570256,132.01400864308889,111.19318610574427
1967-01-31,205.621259819851,160.55219066235364,194.5913802669358,177.34294836939955,196.97791539203527,199.5969784958736,206.29073138239482,149.59716071705145,185.2541900646804,183.72103502289215,203.0614535380622,174.89790004151018,201.05695889573468,189.1837499825843,198.12894245186033,202.2313368342731,192.08020486594324,169.61632266076222,170.92463192518125,163.74237935397474,186.33217331066734,140.7228574113435,128.6398798556983,144.39454640165505,118.76533088635935
1967-02-28,217.8466774437,163.15361780765576,199.56046575343228,186.20122864045103,212.33175296309824,204.81743746843316,215.70914101438942,152.44294750537193,191.81107686782966,187.83179318152935,206.2545948949482,178.62987143259593,200.47711062627934,192.04874869232057,199.1427682503865,207.1769041765552,192.11862090691642,173.53395086525785,173.38987789143815,168.95855659067496,186.83266152817978,141.99766577663286,130.3632683261251,150.01986914037073,119.68267430212558
1967-03-31,227.92382904889067,174.80588603786072,211.95955661162452,200.74168258498383,228.44369870969112,215.8337481601103,229.69270178978826,166.81084775070073,199.94808637071674,202.28751581657306,221.73709606073749,184.79813952303493,211.77018674496827,205.43800335365177,217.8940513088429,218.245744635996,203.1066533110666,184.38311993940292,187.22032150144872,177.76298697461505,194.6450692699806,147.5158370663786,136.4170777806537,160.06699981643965,124.88827222089654
1967-04-30,237.4660880758515,182.33687322014384,219.01251085787635,211.29246467996802,240.2222558151628,223.28605581658258,237.8612633435385,171.57112891296248,217.71527337753227,213.12790150166742,237.99774252615956,190.08429030409133,216.0780158837344,214.52370448997038,233.8094686045434,230.88020903871845,210.8062234314358,193.416786517714,198.26594602939122,192.63801596166388,203.9323641051285,154.14416617328217,139.77116447204662,168.62930377062065,135.02820081905554
1967-05-31,240.83834399261664,182.57409349220325,215.39070096581963,211.38670111921525,240.87590057323584,228.12064549712323,229.6717000466205,170.80403439559265,205.3039787880993,211.1183185184082,231.21076090254107,186.54454065004853,214.77333682382843,210.49001527444545,227.59411150062886,226.49348506698277,207.2121881281533,188.1121377306792,196.17582642634935,193.5274256813589,193.74655431516965,146.8741107198855,133.08786647165124,160.95076842342544,124.97454109887197
1967-06-30,275.4778821707307,199.90019239051986,238.74443771803863,236.11471741614105,277.75014693658903,249.02219964079717,242.34108003629223,181.28866924293172,223.6279748068735,228.7367755537249,248.88034967223507,197.07665887060963,225.14323784569336,224.8601686172319,246.41773768051135,235.8213927559814,216.7393901139095,195.73462966366407,205.36195567458958,205.72352404779815,200.17196504247795,149.799108634872,132.81689957551498,165.65471558136846,128.58917975107465
1967-07-31,306.7448972749908,218.32059531892148,255.49092755733272,259.8584133995082,300.689253821935,269.2706927379897,261.23738341104206,191.8436581435937,246.0824597572317,254.2731779133183,265.442839182223,211.7322646075225,238.78376605381257,245.12209355116204,262.376736043652,256.00982636842826,230.9254166756451,204.59201312520418,216.68664072026482,215.23083098814308,211.99552250164197,153.52371367196946,140.5491010181027,172.627619524335,137.84490032037723
1967-08-31,314.09419826880236,225.34571543509375,252.47868952143176,258.76181089496225,299.73847440135006,267.81555391443356,259.7433668153143,191.7544508425569,251.53564706545194,244.3819512924902,266.8109315753682,211.22685969190434,242.7685895417186,246.28887471646559,254.70982543972042,254.0705519336874,233.14276252656464,207.05243667504791,213.0456550962422,213.73605286693044,209.12595110905974,150.81985402677876,140.00714368457693,172.64367389295072,138.0888857939443
1967-09-30,335.8807141433213,239.85752881768292,265.9065161449396,290.03602212153834,328.91501749957746,276.2978081380115,274.5380892457478,206.73929415809934,268.53618684366467,252.48150230417718,275.1927969908084,225.22380754938837,251.44295401463373,251.3833600899757,268.08107243600404,266.15033632537455,237.7123606720853,210.99802790832763,220.45943084793635,223.13317216727788,210.7496049934705,155.63176146950315,147.02276164746738,176.12520622067595,144.74159404483916
1967-10-31,326.9348672028281,238.41598506948864,257.61501915850806,286.42217328590397,326.177128893911,272.28789804850453,271.0511809742376,199.71429294260713,257.42953015581065,244.43314945522695,272.40399318610355,217.82002532381733,239.30379108071526,246.6085845484267,266.3725917613694,256.972940428203,225.94322169521038,205.27829336778868,209.63377049614843,210.89788780465736,204.7246952859172,151.84384002709692,146.62565316825757,166.40045295920135,144.58729950558734
1967-11-30,330.3667025038562,237.08443179287556,256.5247923974292,290.02908771409335,324.68780412338145,275.14610411431966,271.9955232887518,195.88816651841267,263.03145416153126,246.33679482318422,271.89051165894773,219.73422770636307,242.41617618751104,246.6004464651366,267.48176723346376,264.31671311976015,228.09307144964032,210.08591099846225,212.46403603161693,211.92875668024652,206.7203516155643,152.8203477623112,147.69352780028197,167.7281621733628,143.89964230913878
1967-12-31,363.63760274631704,264.49684505006326,278.3314519495499,319.3281161840588,360.5934049423655,305.89890902507307,291.8816599874391,200.64002166181635,287.29163427321174,267.9668897662236,298.03659082211874,232.22304227228193,253.27326947042107,262.27683684692533,284.2429772136142,279.78505580495477,239.88297421980081,211.03234802751035,219.49595823215535,213.90075376115624,209.16316601060544,157.15708359111008,153.61574287801767,172.25866756182748,141.36096481952097
1968-01-31,384.7416746593023,271.1272519617782,285.6106544123865,320.8532272669538,368.4770585546205,304.97111763400005,293.4052822525735,202.1400064637601,283.6074063552921,260.2006733670189,292.98248631495727,227.71025189180466,247.19344463678362,258.81583170789327,270.01917439086776,263.8630478492064,236.42578079534502,206.23727101562923,206.7621197112751,196.63896293263093,206.8098712298201,153.969309307548,143.29660535018684,162.2506112351529,126.09511150673126
1968-02-29,353.1682338700613,251.99705531785906,268.75191431438657,304.70404263215346,335.17299657127825,283.1318309291117,292.7195941079492,190.79146222087167,263.89272110991027,243.28684899614257,280.0259218226509,221.3908369813033,240.0888578444778,247.5731307943341,246.00474909724156,252.4710246213648,224.3333113850055,199.1719945851758,195.80930994380972,182.70079996204018,203.797892265229,150.79492405755428,138.1724620394695,153.63672628467862,123.48065546475068
1968-03-31,350.2051523878915,249.34226634008544,269.11956693316864,301.3507746429866,331.0399783505578,283.01008424181214,293.76050498459705,190.20058106237363,255.8442570087791,238.6809423709476,277.7196283305195,224.7431370348742,239.59955675219078,250.02459993545963,246.7026645704304,251.50507048116344,217.77604869322178,200.00533021052016,193.46840964343147,187.42489454665866,207.9461983622877,151.6564154586951,141.71050610245217,155.1105633999275,124.84931504992201
1968-04-30,411.562846112012,295.3628697539424,313.12572939851344,351.5401434582268,396.1608387317661,321.5274736970385,332.06863739761843,212.0538670241161,297.2680006610705,278.9044095030692,314.9287818538709,252.21528861974315,266.22913068874277,284.61575336113043,290.8940194696024,281.1768841813197,241.74491616449515,223.34075210750237,217.0131281602178,212.14305191415562,224.05433472602562,159.25925487847041,156.45860189354656,174.10633365726304,140.94364025300746
1968-05-31,462.74644790588627,315.6226950789745,340.93379917493667,393.2929178369038,441.56047468958775,356.5193086594872,352.8747299424036,228.86570965565505,320.02089343166887,294.4918191413767,336.7202789142495,265.3935374501247,284.77545061991265,302.7543153228353,310.21985454708494,290.34831178954596,249.273578088606,234.16496165839246,230.80149128413353,219.02730609182188,230.33637016307392,159.81411412246703,160.44673165581307,176.0648558045736,141.16182100811912
1968-06-30,457.3920087571673,328.6929465048899,348.6859519005763,410.9836265741256,436.170345975052,360.63888927104756,360.8098239946184,232.8001400703454,311.91892447265934,288.87468218307407,339.2184066635143,266.06126759034925,289.2347494011699,299.0240794037426,312.035571355749,292.2692562203456,253.72759838189322,237.75869132496382,231.10522604666352,217.98342195098823,233.37036083086193,162.26534300487742,159.90089187471997,176.8601407582429,139.38896969807814
1968-07-31,445.68506029302756,320.6120304150672,339.9342831938238,394.2459073982678,413.07512615567293,350.1882955377512,357.2024473743202,223.3950144115034,303.75694197598324,266.122623339653,337.91038048741984,258.348151442905,277.5916045640258,286.29043800641364,289.5034827481504,275.5593460344598,246.88760978471413,230.69987353821693,218.24375800671456,204.65133788104382,232.33116261408207,160.93314453880737,158.67733025009463,168.8642937945627,131.00221416928417
1968-08-31,468.1480330168564,333.16976242236456,354.7204047099055,412.4324711065499,429.6708324241032,362.12096170820007,372.15029818959334,228.30054553296563,322.84047185562434,272.2588787886187,357.00569608876395,264.27853325927686,292.46357477854343,296.661595413634,296.95964494632904,283.27583440146276,258.1750644164615,234.77126490641945,224.238477551643,206.79690250738867,236.43529260165988,162.90618489085315,161.19538080383336,172.3334418462782,132.0278305040155
1968-09-30,507.54503073538996,364.25250223779665,378.8931814092667,443.3768669812032,456.8419268541062,391.8351593421281,390.3257466028749,242.9487651354518,352.91144760661643,292.6350055360377,389.8741395105681,280.07789681311624,309.17494344138936,321.1806762745709,311.7636771661934,307.6211261615933,279.6399974471105,252.21735237288038,242.40695171830978,223.5548962989774,251.3174756591787,165.8832954197335,171.2152856745996,179.229364521757,135.90812844252852
1968-10-31,508.08708882821537,357.4216750633313,381.8959098719351,440.9467183732793,456.3700091436659,394.61091961090784,385.0157551460895,246.29805681160914,354.1755764119433,296.81617449513664,397.7375110303568,287.54141260739215,319.18973820934286,327.29499280880987,307.7762197352378,311.93735818276656,282.7456792587581,255.13348940101562,240.31279806241534,227.16508431930959,255.21742024645783,166.5710475625437,176.05348721719244,178.90711012434687,133.48067336041652
1968-11-30,548.350958269496,382.61954573362107,409.7082433001785,473.93041480103733,484.25558581237124,420.2294551229675,420.7867989252024,265.80560180525896,389.3317524777456,324.0998140709041,444.6124676553285,310.44034808320697,335.59321804565917,358.51140733793574,334.5195110204721,333.15627309843285,299.8512273625544,270.71602239967206,258.931032092301,245.1463365686046,263.6743046837445,177.19678125760592,181.24952983892067,187.24221347793005,143.72731725092888
1968-12-31,568.6410404273839,398.25873704593715,412.62782424193557,477.2640413387478,485.5838988842546,422.11796629429017,421.3334009770062,267.05515393934553,384.93541832876696,320.84520373800405,437.3394969094226,304.3246732259678,332.1053977305106,354.8560250287182,325.6855197734435,322.06250236052813,292.1705381736626,264.2875997317694,247.1905812351719,238.71516757506384,256.43354460282416,167.80978177048425,175.12891446579016,178.68299741542694,137.60094035310803
1969-01-31,557.8260564794956,394.9241166406515,405.0478511106112,469.3051861853828,482.5140374755083,423.25852903921736,430.790650495336,265.65979076001247,372.1189935755107,311.60261595392336,420.19972468604544,304.2592434212242,326.4244027969325,344.0680470118201,316.1917868720476,322.6257896771567,290.2956798302022,263.4519223414175,242.408185060015,230.1195118210209,254.11794969506064,166.13990663208617,172.58306543620097,179.7172146044674,132.15552073957414
1969-02-28,497.5055358620853,357.9912081765344,364.2323942977483,422.87353897975953,427.849057141833,383.60555374617826,396.52599294558746,249.88438106510137,339.45587679542666,279.5598957501495,387.2295936880043,281.42762979489555,302.4090330587594,314.13103030936867,291.622420264942,296.66602813657397,269.374941071879,250.16841296504091,225.56808844389576,209.6216163055635,240.32036149841764,160.93142055917025,165.8583662914794,171.0686830860566,125.40224147426117
1969-03-31,515.7868742828736,368.25195218529024,372.5434490708343,436.2608694767807,437.9591303620946,402.709110322738,405.49779006197434,261.0154808196463,351.75809722636967,285.5631649514882,416.55449081799685,287.5880806111058,306.0636462232745,317.50699649210344,296.9273237119816,297.8375622816853,282.00539330885726,255.5445321596596,228.90153365491966,217.45433762043714,251.76393647224927,167.66302094973977,173.85506156385676,177.91929956892082,126.65237641951808
1969-04-30,521.8102334007489,371.3839350386261,376.94318720436087,432.03306539068126,437.9127066942762,420.0731217416338,414.2090990858757,261.67506693967755,351.5955849854511,290.12760658007284,426.8675469016688,288.8761876241629,309.1380555495873,324.82108766329554,299.82592824605797,298.18781925492857,289.87221576060114,258.54666932347135,230.06732916582416,225.51145573794963,253.1111252963123,173.8740975608229,174.36271834362324,184.40303468381146,131.3090043433345
1969-05-31,527.8814954663667,388.6094647135876,370.7394562293515,433.984558747051,438.94311529312785,417.01877007345047,410.1929276611391,260.23506904630847,345.19970969898077,286.54540102162866,424.00924180761524,293.73739610950236,314.58506808837103,322.69870667650355,296.43969421244697,297.9772986545346,294.1727599536255,259.35540330511515,231.25769752692813,221.7160979378799,251.70888966217072,175.2911714559436,177.4257482167657,185.49138139451532,128.00513848505187
1969-06-30,458.05227548308477,337.44864007457915,323.4434823192607,381.18382740709103,374.98120241884385,365.7279634670365,367.6251565931044,236.2551881388983,306.075119801408,252.36827140557594,380.9460151911502,263.94096838555055,283.40622740506444,293.6738942031921,256.0906945538024,263.34905880059245,268.4358793580427,241.44405979746062,214.6568637099576,202.97000185723215,232.23971046458115,169.68290571638215,163.92364877746982,177.3043482939056,121.35603957158435
1969-07-31,410.9599210406688,306.03487127275645,290.3979086176665,337.46547305794434,324.57885405811976,329.06373512946607,331.46775194154617,212.70621600596547,280.4841790348123,227.6223005529022,343.63349584122255,244.39481997175858,259.6924947331731,270.95675011710415,226.25049464300423,243.5525833524343,247.2756158600069,220.10909689751782,199.3554784941207,184.93429046220035,219.60238661965099,159.1606990500036,156.13465268215955,164.56875426030265,112.74971195724672
1969-08-31,427.39955076205865,322.6724570494998,297.9183432571382,354.0343528541433,338.2329127117827,354.82613495275194,346.138846110231,221.424618387618,295.04102744254,243.55608921390592,378.0377378113499,258.84881841452835,284.3427660257406,285.10692447846964,250.76383073559518,262.1821640056454,264.43431812014865,234.2955684107566,209.18709262701526,203.81330750403407,233.05786405261023,167.036607081794,162.85047249797728,170.81775899707483,123.21378722457487
1969-09-30,415.6187095448533,310.6170913816735,284.01091915720843,346.11460438079615,323.24310648622196,352.745079671254,354.994116210269,224.0376503092103,291.48519297980255,242.32905363644628,376.09840421637773,254.71836781908772,284.0774742250386,282.1438082123649,249.62461065256338,262.4855087693999,258.0588067102719,233.06387660762127,208.9057359874319,198.7161404966657,228.96303738120588,159.2613870953506,159.67260837765176,171.5726026740829,121.07467266456904
1969-10-31,469.6445699798793,338.964007141165,310.3444115814648,378.27245838842026,365.0749666259234,381.6391346372858,386.8938874929238,241.40213647172627,317.25015215767326,267.2329681496102,408.90960509861867,270.3621510970648,310.4515110095654,301.1797688086449,270.09981971672926,286.8436390121827,272.4448110079494,250.3241211814285,220.47702470377578,215.2954255305835,239.6157716584039,164.88586224201,166.1583500573436,181.77636850031595,130.43640850433886
1969-11-30,432.0067844971217,317.7462161501566,287.4934422123099,358.4676255570362,335.6298451927096,359.33118230033256,372.18456878433034,230.6310145444943,307.0448492630652,256.41323973516876,379.1667471525604,260.2733170667267,299.6797749320665,288.32089857935983,256.1767142099713,276.8758225565093,267.42637758918295,241.60433074419458,213.37920784748712,206.0375069373429,234.2260941064914,161.5434609285022,160.6585086704455,178.1806501550112,126.96966963911053
1969-12-31,396.7243584004573,292.0335568468536,265.6249660369883,340.8328107177578,309.0415844863883,335.6656306340326,347.9769400614599,213.67663677228492,292.4869318249555,246.78030714479794,366.7156695095646,252.16294023361044,288.79031095036,280.58726711676564,247.72032087390014,270.79562949316835,261.4919188441014,236.20133309576215,207.3081426258104,202.89440476901373,232.80059409775927,159.13468638259732,158.71807520272387,176.75110679881755,121.6765580511953
1970-01-31,385.41454039117707,281.9779653839459,253.65988944185221,332.51921679873027,292.8107204691632,309.8724122448523,323.7462617941602,208.88878437212833,278.2571501047396,231.2111843473398,333.5858424947315,237.7271162311167,278.3288819361832,256.14643262729265,229.7821492784584,247.72113390405548,238.26725258004367,219.74613102431277,191.07861006406358,184.57973553372918,213.00416277806224,146.77151259753333,145.78112361102504,162.180629309857,112.96269134635895
1970-02-28,391.8282237578266,290.24217559341855,267.75272557946266,344.5507596201587,301.42521186536595,327.4434175087844,334.0860699033421,220.64922293227914,285.28397791633455,239.99512845187962,358.3819453390499,247.26163768179808,288.23238021323647,263.0892816836554,241.5904241477291,261.19369549256146,253.69648678811703,233.4585093463609,201.03265917674094,189.78783735154886,222.90161420570763,156.37829518309226,155.07933523718344,168.98832340576757,118.38975792671206
1970-03-31,378.78818047116613,279.07713958269096,262.39606455151994,326.69545015512284,285.82525145048584,312.30374365684827,326.43883976325463,215.9427750071336,277.2469576904756,231.66945745075543,353.9132808626173,247.65775082536433,282.6392308751986,263.0185106668825,230.15570778239294,256.55306710474514,254.3659918167509,226.56097768772264,203.7954510118069,187.00592723164988,220.15658082676435,155.5363544418265,157.66807458029777,167.88263280572363,115.91186029330598
1970-04-30,305.3847129185612,234.33325994767725,223.51893883543764,276.4575306120687,228.31892581015683,247.60034174227877,279.6598275863405,185.17783973741732,231.89989079670602,184.1614651502439,290.0659093418776,224.90345199503153,242.75968331640075,224.9684117842366,182.9592878774121,221.7052074468405,227.7323462775862,199.63986951397902,173.36206492586078,155.89842626630107,193.994053387635,144.20490887532168,146.54001954449492,151.09336222935443,102.20215319339462
1970-05-31,270.22210630369227,213.86471835776754,204.6407527803354,248.8510345202087,205.65050958002124,221.70134599603642,250.8137553502922,164.97327082150744,204.13451687161643,163.19431401995837,260.0681631954687,200.96652779229635,218.7094814902449,200.83852490467117,157.18563003483317,198.07985713089028,210.82003131362757,181.59601882756658,161.04035616125523,138.38885041862773,181.087823009809,137.9020007181991,140.9889370641299,140.05795633220907,94.77297647561358
1970-06-30,246.69440795204238,196.4852158851419,191.90002415298449,229.0820594868888,182.7920441391827,202.11070655709668,226.13042124500393,150.74927541127707,188.23202973828376,148.95675248191515,239.2021142578067,188.2312789260985,206.43922345019772,188.93864146554452,148.15940241571292,189.0846546588623,203.65720992971578,173.46796262086352,153.75231380282145,128.94228910020178,167.43796617479862,131.63587170756486,136.84766901574523,132.36065116810354,88.139341987203
1970-07-31,256.12232814074554,208.91113742293422,202.7477487183044,241.96884166126424,190.0532753005676,218.33029286901024,250.2567281484759,163.6953216850467,200.32499648881986,159.3351652543401,259.46277253755716,205.6938711346305,220.73121732887836,203.81642584910736,158.0816375954932,205.89012059563262,225.49903838025793,190.87009516302592,166.9138193689706,134.6437302973454,179.7542006527183,143.44097668229927,147.5457355410511,137.60875098691884,90.53611511386102
1970-08-31,277.152276382054,222.276018528429,211.9279640325205,256.3231592551354,202.1153865240687,237.54335864148314,269.4887074499581,175.8279278423773,215.53807737217377,173.50930288503568,277.0743271490889,220.16566913217858,237.73348080606985,211.94136384915618,172.89025116052622,221.07101685751041,232.5386673604128,203.8429629209713,176.63421255374195,147.0698655227571,185.23957983983667,150.0815766978063,154.18912982952247,143.70646996065116,97.6522537618105
1970-09-30,322.54704773067067,249.5537315222378,239.44341931471877,290.17345198952785,240.04213668992364,272.4491674770559,299.73423355318926,199.42895894080394,244.1412734679255,201.6473065339019,303.616939392663,236.13164312630596,253.84135053156592,235.4293416150112,203.8493626553393,233.10258587896357,254.53077928735647,218.81645160529416,189.442665842864,159.64610386333914,194.02549311164012,151.39268935183836,157.3797654930848,154.82317135739726,105.95123054775797
1970-10-31,301.25926512749413,234.8081006340518,220.45962670118993,270.1868849633932,215.04174815366812,258.4338374037012,286.59808103348723,190.2368793653044,228.85265864081705,189.46780921925424,294.0484515477033,232.1450325954045,242.0488967512715,219.86251811808506,187.09722588168617,218.13600125001886,243.70176728257587,215.03289634058703,181.89034452637236,150.57405436520102,196.54219778279122,150.84146856990833,156.20838789851976,153.91234664030168,103.73028085301586
1970-11-30,298.94770278617085,232.4071878050686,218.8057385816776,266.16245131186344,207.91246907712954,262.2710630214713,295.57891850075254,196.93949533598217,230.99037132518094,190.20654420740013,306.92395109562256,241.39276211387505,249.8268959994769,224.72983454418323,191.40345563257907,224.8087815282569,259.5674834379734,229.98112316259926,187.22791668649873,156.7106999508548,205.29029100610327,160.0254513837872,161.7426948733764,162.76230657211906,108.3353866714855
1970-12-31,325.1534584124066,255.54727427325585,239.0227324094089,294.5289807228766,229.50625811548022,279.13981325288637,321.71252857999656,215.3478238440271,253.31882457895824,209.99848616490112,334.3601900080114,262.1182618834481,272.7882361838928,251.53853069646252,199.94560045400542,247.24829486528134,282.15141190197767,248.28141107601675,205.6357909992819,169.5782155238195,216.4925716057243,168.55192748441817,174.01330441994511,168.57487406442254,114.08496231291458
1971-01-31,376.1134593355494,293.5318211212326,273.47092762698526,333.25777451405054,266.6757146423147,320.0307253564884,348.9213656846498,234.0695176055553,285.20735817343126,230.8943855307396,370.46105972317633,281.49954828537216,304.9044135945311,267.6475612793253,220.38763875322203,273.71424684425085,303.64711721772983,266.48639726175463,220.27006770153685,185.63286350032155,230.39117821024018,172.08275326136174,181.7414092825393,176.3033577407801,121.85232288702706
1971-02-28,398.16273477563664,308.77815744209056,286.4126658060047,354.95552169711135,283.23547649445857,328.8437314713554,355.2480078872439,241.44130299302464,294.87389116400334,242.67300081981924,385.64107210639315,295.2192732697046,309.3956556067785,276.7384783457389,223.45168809480808,280.1599436431861,317.08593133155205,278.1169295838466,225.4116116218261,191.3124865919774,240.14225443681042,172.95400824112403,185.81641516147238,179.09018491658856,124.39379678548177
1971-03-31,430.70178794970604,326.74287064207135,298.61642308333273,377.71810939250366,299.57221554318244,349.8249480704223,374.6758109425815,259.0399595681862,303.00533358674187,258.85006840047004,411.54072650905846,317.95529038129763,335.5968267018385,298.7840190077171,240.59065602336793,298.7196994297163,327.7701417877687,296.2562719651642,235.82427560908474,205.887245758014,249.72585152687464,178.2285866304536,191.94408308425227,188.85597270009015,131.18358339542374
1971-04-30,437.86134377079395,332.6088853987085,301.8307302614017,391.752981183201,305.85454447533857,362.8342382392652,381.4604405271298,268.5949075168183,316.1800054910934,263.121871079283,433.21781119647005,332.9831292258793,359.04900414541635,314.5717665720849,255.48610471908665,315.49848622698397,346.8555416037869,308.9754424894447,250.30695184706545,213.24421471068513,263.2145436712472,184.63465671971198,200.99942909191802,194.6230675384328,140.48738549699397
1971-05-31,413.45582819169744,314.65931428928184,285.76246950520573,370.8271039403191,285.51429970409515,339.6912191874119,365.30635379168683,264.95437214033535,300.5641911998938,253.35873405288618,412.58624615604936,326.52025967073416,343.6371846914785,304.05814898971266,239.0414861027379,308.30417424555003,334.7353684135258,297.86437660208173,243.2540528648707,206.43895208662303,253.66485681231072,177.38220740376173,197.24375475933553,185.14005857262265,137.62720281566067
1971-06-30,404.2142635199566,311.09013368729853,277.9931594842982,363.77842234862146,277.49505956830626,345.1595684338908,363.3658464403454,264.3410027688305,296.73740791753676,254.76791533168836,406.8496469894956,326.3325105214235,340.2499529619746,299.97556022322783,236.00565922923315,309.2007227842561,335.17353701077906,299.74598586907706,240.12872479366285,207.06673293991847,252.78793740231055,177.27063399530476,201.44839987954032,184.260087874227,139.25271770811642
1971-07-31,374.19771652522815,294.4965859564181,260.66278792888755,335.74238311663555,255.7458292845211,327.08011023932363,350.2741383589462,253.16519385376986,276.4376018418981,235.89216048476356,381.1375629990535,316.98928441268464,321.2429100896128,282.41109124547717,214.63629080866298,285.9627424634053,318.7724903242306,286.119233605483,232.30677171223405,194.11325932739598,240.84724639117496,169.21882452860402,196.74175946475472,172.84849211200034,134.583713336081
1971-08-31,388.2387374424043,306.9358272506312,275.63708310703834,352.7893668769996,266.3930396492943,348.3059739933045,369.01380476114986,263.2074975983673,295.9596252839729,250.8906558327058,396.30455118103794,330.5459651391619,343.14396672788223,305.59901871436955,229.2152462255506,308.251822461973,338.23673858342806,301.21917615901236,246.14923531825096,211.37128687441677,253.27062905452453,174.33803240824332,205.20086815470134,185.84739011279123,139.71471740701907
1971-09-30,385.1347687365523,305.8385316682101,276.62055621956426,354.59282612047485,269.6243872202402,342.1897210899821,379.4347546076047,258.63637298757646,298.06774569487067,248.19082148529006,392.37558786062914,331.5111593573683,340.6012699344286,301.79858931763766,232.80040189176444,312.7405855006642,333.5183360801893,299.6281364705404,244.02078288045405,213.40150808484557,250.84708240510176,173.34587466580803,205.35374280147659,183.20612700450823,139.75621267808896
1971-10-31,362.23542565701433,286.4899628007525,255.29975022838514,331.21948539391764,249.55489595750157,320.8699327071918,355.707940532482,239.39046456445192,280.7941236963615,235.8579713748645,354.75736312566704,313.22268322910037,328.16659877166245,286.1811159176285,213.81808992191185,296.83053369448896,318.3082323632522,281.6001107553809,233.56498037559237,203.1371089474726,235.69642032199846,167.95915161056806,197.02213074853506,173.9073168222674,132.46778643071394
1971-11-30,344.25840595250804,271.36014137528196,244.56618282953312,317.19167774851445,238.17693958611122,311.55283247117313,354.9278730188942,236.58480831975655,268.9339414996746,230.05350669932903,349.44841918649144,308.4773595781795,323.3674904312257,281.4697162062766,204.39961687894157,299.1879617930906,310.51477360207036,272.14904783820884,232.48591016625713,201.8372345873177,235.12721346692084,168.72386962785097,198.5443237306982,176.30584653588014,132.8626729020639
1971-12-31,390.45444144727514,305.3851754219044,270.9710153249065,361.1481004509036,271.7567917675383,361.1146570606873,398.8249974259981,272.19981219459606,304.5047582060705,258.69217758780843,390.1448326365311,343.4358648297363,358.92045253417723,317.94678407802905,229.48210706500714,332.8537880058963,341.89725971093725,302.7892205381214,259.2324841872443,226.17719038067153,256.57833940593497,182.16610032110185,216.2012675287167,192.57587897175077,144.0948832692044
1972-01-31,452.01231732252813,343.3613489114953,302.07117166679194,400.72162585401225,306.15957106455795,391.7249020810935,430.76689146984626,306.34809523384473,322.7853968602137,277.1224430878743,415.0856213524866,356.74366115602373,380.3354413346289,329.2186334671634,247.74314573470505,339.380385081116,352.72548782324236,315.5823678950776,264.1851207976416,242.45810307584338,262.4432070880759,186.84048245534132,218.8988107436725,197.4245544525015,147.3917741984038
1972-02-29,469.75832090061056,358.5413541468726,313.48160810533335,414.45515741528095,322.22713151359704,409.49158501498147,462.26887424303607,311.131414392826,331.9563755558062,290.4489842535271,426.86741162895555,370.14045586341587,394.77107301048477,346.772241784999,258.2573648396859,353.62960992913173,363.28820528159713,329.6967892991849,274.25136645539413,248.57701822316844,275.6288786985949,188.83556512699946,230.58472375522348,205.02618949714062,154.31904019395458
1972-03-31,464.3983784591346,357.8730330627428,313.02298451267524,418.4828326350426,317.78104155297245,400.3398575814817,457.6868651615391,316.84752073805106,333.9444622890099,295.0976202465048,433.03095018546605,375.74512264609973,395.78563466812165,361.64911772981725,260.375591746101,351.4699939012945,364.55789755905636,334.7573053181381,272.29924522896465,254.21399926541523,270.17942013784506,190.40252264642328,232.67220725937952,208.33715743132993,154.6190364080916
1972-04-30,469.5926743222,362.4963947768804,315.3894382755911,412.06497991375164,318.9615981223417,407.784577573067,470.1061982476975,319.9729046826112,336.07436006948916,299.35882988286437,432.41474714335214,375.55461986891817,395.1844362890608,359.81881154498666,269.0231858991726,345.37339538708267,373.6568981242328,338.35795489413994,274.2578936998966,255.00384216113287,272.81907307259183,190.33550095845172,233.36231302611083,213.1857880962293,158.00689411482932
1972-05-31,459.6837993013273,355.4918769406067,309.2901219287794,405.64459546171554,307.20531153874845,401.7326466573051,462.9854996628396,313.70591537149755,327.04303379134177,296.9504880964567,431.03015512299913,368.8873987023852,399.7745035165582,363.9247040035265,264.21385840485306,347.3164661095304,371.81663790097093,345.35147546384695,277.375657435477,262.777634289415,276.02988074358313,192.7049876098835,242.5672894634258,217.32116601372,164.2536966736591
1972-06-30,445.9204066664463,341.47021083843833,301.0459937287678,384.6942690399043,293.64404026618195,403.2154418561172,457.30188966897856,297.72981421937334,318.2573497315712,286.6433366546287,422.70998003865986,360.70953396055205,375.08522972838256,351.2397445207796,262.1149435136849,324.68706176016394,351.1466073667802,332.560347515617,265.7624934099685,251.41670604854647,265.4537958628927,188.60172030870623,239.26546351924964,216.28193619784238,162.84899905970596
1972-07-31,429.5328317214544,329.72841616854777,288.06729884713315,372.21170939809747,278.7695014064985,379.0862233845634,432.5156699470303,287.69751039943736,303.9755511623669,278.4413242195932,402.8958724343277,352.57300900300385,363.504098175289,348.677099344756,252.41197253469534,320.6145119445062,340.22208526499224,325.7960700471493,259.45834130379063,234.55192482351603,258.3489250166224,189.12452427740197,241.54087807731764,218.8098394681228,163.0066368907958
1972-08-31,427.3709929794004,333.44412569035114,292.3629584075416,383.91106784789844,273.35133737716177,375.58346668049,441.1171090752669,290.3618770432465,303.1672801718262,282.7830597881493,415.476698946962,364.28901009217367,374.2321946247363,356.9846799137441,249.9002209960026,327.17845284754605,350.51210223383197,339.27099550429944,265.30782960848455,235.4190632895886,269.35872280513075,195.86965043575552,253.3075419528542,223.81336406724034,165.67244743050784
1972-09-30,406.6896558871412,319.4007928927763,278.8525737365707,368.17877619855943,261.0076110352213,361.87805039785223,429.62203832987444,273.2218154413837,292.7286243809499,275.7338436737503,404.9352241412797,349.4915905022296,365.81758372859906,350.5635964761356,248.73818496837114,317.7050007453454,337.8260177176829,330.1279814464541,259.20283114136373,228.29175114849627,264.98891624506314,194.09996814406844,255.4186070074893,222.8279138252523,163.7627411289764
1972-10-31,395.46949497087087,309.2026449765028,272.0335128984166,356.43645048925873,253.72419364928348,355.7225047605848,422.7055531348018,266.3289754814285,294.01399577060664,272.84966766892285,399.696577146564,348.2792041747774,362.4919360749224,344.770182480771,239.0938593225925,315.83594222596054,338.0043898550378,328.0719443780056,255.34589301398026,224.18546742058828,261.1688360284743,192.66401657973861,260.5476680548067,230.1547184597404,164.52374658700273
1972-11-30,418.6060423046467,318.68589009793214,287.87157605287535,374.9155418284239,262.313265052699,377.73034468511264,441.6406483874752,281.5366263103935,314.1345495571723,287.9516239247301,432.54843821539436,371.0803471136918,384.465109763976,361.9487015930578,244.94042146460785,341.6953258316533,367.2167572526493,355.3498142652592,271.06473084202787,242.86751497714815,281.4713178348198,200.69675742299765,271.8007218380938,236.991464371587,174.28823094694135
1972-12-31,410.48885253831725,313.2038554164675,281.51968972726866,376.88197384531395,253.11708660648148,363.01737002928286,426.78385697572054,272.2585867903345,315.03705811805,287.6596409780704,426.8379337340747,371.02097425815356,379.71773458861037,362.01819574376367,246.74024368152976,342.33087913770015,359.75858491284794,353.40889357974237,266.19505295245085,238.8116274770298,278.91189914174777,206.07924376032497,277.1277441853986,244.566422547296,176.31956027862793
1973-01-31,401.4080181424646,303.9508739158988,273.53607284629305,367.93554955017385,238.35377941307186,339.4255971858198,405.3354074595488,260.81691968047073,292.68265854810943,263.49019028345197,396.35316850678703,347.6804157885474,356.32826129115574,336.91114781434646,227.90236629717603,308.373367581636,345.4276016828447,331.3660740693867,251.53089987540622,228.72828413006715,263.67940468202033,206.68573497471158,277.4625145003746,238.4099519925129,167.27842218622072
1973-02-28,362.4104263638879,285.2040958653879,249.58443369965306,336.85161845307607,216.72770265314446,310.39690183769693,370.2337665089593,237.12848376741164,274.7368213392321,237.1456505883416,367.71268855048663,322.07166708322615,316.4736579222626,308.25786542617976,209.07238908660446,288.847782693102,326.3807237260526,312.1925702915838,233.6068079502848,208.45952723188125,249.86524067072926,201.0601626401699,265.63040303202064,235.50135057820424,160.61555535212136
1973-03-31,357.5160735558436,277.03528015161146,242.91154428025914,326.532842825003,209.78092960000322,301.8166002801975,355.9508882645767,230.62713212796052,270.1970701034226,234.297294179125,357.8749032810069,316.2412036940185,310.1520966052654,299.08873521907805,196.2842673357332,275.1410888609662,320.89426376021765,304.9462685425459,222.22968918949002,202.69416208722913,244.2357767984177,202.45491698840473,269.7091578705773,232.73632922106557,156.58410491278312
1973-04-30,324.2420525900012,262.70563028576936,227.63435143738508,309.4953386849228,192.34519741722855,279.7381123365005,330.2113676323886,217.81740932817723,249.39027452303847,211.66487845330403,334.52714459095404,297.8033927950462,290.1475965263224,280.5275874001173,178.30855413312676,249.85397194811023,302.3481797861959,286.5512997315224,210.1192822771088,179.4907478822936,235.21053213838576,191.55697126183588,263.14173987642874,222.93882796984636,143.58919004607125
1973-05-31,296.7038508214798,241.78349118418043,206.76210248538837,282.723991888677,171.80042219069952,251.97214652031644,299.95046769118886,192.87992976901288,230.05778983228703,191.82383607684824,305.49286465761594,279.63708803115554,266.0781125088848,264.5164753492556,160.81309711013853,236.2159427432946,284.41469985035747,270.8500078140334,195.9143783180471,167.15309234510835,225.62429169055372,189.36287771300283,260.66215526157316,224.34557197433608,140.86271850547644
1973-06-30,292.27435903256594,232.98547350697046,197.37820446408904,272.89028600280506,162.9782987107849,243.10575062855958,290.4987285037719,190.3408583735336,220.80302506291378,182.5723642866979,295.61200344313005,266.3224477216401,256.76697503974884,257.53059523528174,153.13041220879876,222.50573321053105,279.0941540602568,262.6175218265259,185.15103828763193,160.7907441911765,222.21962112894323,187.41887841040113,261.5953257774096,222.92748361388632,139.23758532207876
1973-07-31,335.65021210787097,265.1279164465186,220.78153554560052,310.2222229085607,189.29293779892694,269.829150266404,331.3021799094117,217.04720353020736,252.49510405321888,211.01093118217972,338.9617300760444,299.7214132455155,278.17492158368793,293.24957373322485,178.50810290251414,253.39197654321808,310.391772496574,291.0726555514736,203.17752852635408,188.0840082731636,239.6503059906764,190.95359845722132,270.5573200432179,244.60316870063173,145.68609561110023
1973-08-31,318.04435153217685,254.35258766629923,206.68220590412295,294.09314909509885,176.3916776232411,258.6714450737379,317.5123892750422,208.99127952398015,237.37746468824054,200.05060139471493,329.8684037432944,290.11114585121135,269.51172000080714,285.103980323637,174.3251225271995,249.93064214363773,303.0193471162354,280.62372936248676,198.93071182509624,188.4498316692549,237.73669829734084,183.18675179357228,261.7709710748143,234.90171782362728,141.77311276908168
1973-09-30,349.3316465698032,274.5657334555524,225.57192611273024,323.56187082072586,192.13304732601674,284.78536213971205,341.16071202824736,228.9583063697012,267.9827785879601,226.51549550382316,375.31965162146787,321.283588472924,298.04061360977255,311.6203611176172,196.6403071367838,277.86713953052714,339.7716546699222,313.04839817167533,216.23151690181305,213.37024895936548,257.12436378018725,186.66180447509635,267.8061008129442,251.94853548608793,149.54015275213584
1973-10-31,358.9913652607514,281.06360610351146,226.18164702901296,323.06002635908294,188.37050586023133,288.3639750003597,346.711396812947,232.93416735981108,262.6911906419623,220.32052321728912,371.6734212059653,327.8920706042236,302.48201483378534,305.8292083266074,195.25143664747668,280.52660592297383,344.21043156653,310.64136903813335,213.65446968337727,208.9793026060307,264.5328880737858,189.27301645789848,266.8594062465705,252.33955961316235,141.0410381704682
1973-11-30,289.49386786855723,231.8400935757852,186.95044035183065,259.15907620528264,145.65975410249422,229.15218146571084,289.64547458871044,192.62234742235484,210.6967232781987,169.45446306054393,280.6494853323608,273.0665490467738,256.91430922713494,241.6503373008522,151.9321719071209,236.2917680680097,284.2383038642619,253.12114929881835,178.05151616427867,163.66402164963637,229.25954371225106,175.0837862330992,236.07423828255983,225.89134569098758,117.37562133480716
1973-12-31,280.4758443905838,229.85206477337283,181.27555973495083,249.96877704489094,137.3481172138977,228.9519024591098,285.0496698434114,191.90039886421584,203.34656808663874,165.6473296389627,287.4709517228491,274.72105926744825,257.60258266155444,241.626897218134,151.93490668621524,244.63097714666594,298.16285413226825,259.09050536273236,178.21229668337503,168.9588800780454,239.5363320186964,178.95839042243767,237.21636544737086,223.3672357942365,114.70814296435235
1974-01-31,322.67820326850176,261.33628119777035,207.9941270354047,285.6708175951045,157.56548537154902,256.2541878754561,315.7438182921499,212.24395204821022,218.53574333643832,178.15154961141909,313.60608582778025,286.49285665705844,273.6290697392604,260.2855678482155,162.87741060066315,255.8392346265947,302.9716246437134,263.5486756885089,181.7703051866586,170.34569456572598,232.44342169129078,174.63761904407832,232.56526417004423,221.41880339640335,123.39304059261234
1974-02-28,325.002777044848,260.75663732607364,207.12429559614262,286.785219454543,157.08853464732934,258.41620445856137,317.135932787,215.26864060884927,220.70165108864575,180.93730539269282,320.58068517659007,288.1914728041781,278.51389589224567,258.20354359099764,161.3183480263936,260.6111480308499,307.52892382160417,265.4356842064387,178.2183316530061,171.66604404430495,236.0600088893856,175.33948763501647,229.59633600764943,221.30742973829496,124.03628851322162
1974-03-31,329.2034379381527,259.6690213917866,210.8140077978923,287.7703266833694,157.84884315502242,256.99233117199475,323.3324517777252,214.46030686336303,220.1139225917967,180.19582431519353,318.9127038716163,283.86370145707775,275.32713989544663,256.259529111301,157.96631407275316,251.21090392137714,295.3603118349071,263.867490184147,174.5814301589632,163.09390013495258,229.63469150742543,171.82515828434782,227.35111343783063,214.5810117188292,119.18944650327896
1974-04-30,313.58438082517705,245.1787109910607,203.14986454439992,272.3032471647916,149.68805796390777,245.67027702988136,309.6671290357915,203.73707705988804,208.82868178051527,169.98376655960288,301.12120194802657,272.18327786952193,268.0747477034607,239.27362248368752,151.7429151972289,239.91244230660928,279.90765104032846,251.76362454191002,162.77344054873157,154.6670014088797,222.92453618688697,165.730519920002,220.07906072340816,208.58647657545197,116.55965055563063
1974-05-31,290.40641848524575,230.95662950260225,188.6126633874672,253.2542735093786,137.31289714785763,230.63476473509854,286.5266334843339,189.05435712741308,192.7787357849102,156.78350718365039,277.61778877237725,251.44944449453322,251.30586801036608,224.55111649226623,139.58648677494853,221.10762525373264,262.9729582447375,236.6769411048606,154.50536363605875,144.79275070493404,210.30968253314342,159.48496527681672,220.24367986082927,205.45309052433555,121.75797785111062
1974-06-30,284.6203610033457,228.24843206505471,187.53493062887122,246.86846700283965,132.05752063531767,225.35207544884113,280.5531262294525,187.88070767836612,188.3419331808205,152.2656336406463,274.3105280547319,247.1911481520183,252.07260221366573,218.75612582895033,133.82002941978863,216.58884871642212,256.92510615102503,231.06178067714777,152.0125740991546,139.07662249260463,207.60341753830693,158.7559595005364,218.42468730885872,204.28611697015734,117.6285560322902
1974-07-31,269.1933681962424,220.00021847551983,177.13649379536156,236.1790623816167,123.28018546877064,215.27478133891984,271.6161063934133,179.56980457421358,181.60588394060844,142.23909393104339,271.23248961942977,240.19588585046435,246.42012618162647,207.9340415280663,123.65024246400236,209.5317342586949,244.5395175588026,214.36387003473305,139.2945940997229,127.55356801260238,204.29442666616384,146.93626080380247,194.72822983209522,175.71037064225476,104.16655593717476
1974-08-31,251.62311705407365,206.37846494817106,166.37279474988642,218.36738221304466,112.16401114505159,200.9542723346922,251.3168766821016,164.33546149374646,165.93039046239087,130.18660654589036,258.8661867202111,220.741220076006,226.4539354577602,185.7044369504253,110.2801890468547,193.4246107827605,225.05460879971722,190.4955249257157,127.06856828099613,113.00455293794893,186.54818699938085,136.41077563364368,178.55624507276954,156.5734027548655,95.75073154989855
1974-09-30,229.54142717075933,188.15400822245786,153.77354937627229,200.9233222523378,100.89792137360915,186.52374603833795,229.16279136882096,146.89125225618528,155.03025718252596,114.9862787388053,235.3386156077713,206.49811359182175,209.59240187751084,168.6933534124555,92.1475895232037,178.19493720355828,204.72902686057955,169.74160897163372,115.31370916645773,99.17889790420263,163.92250359097395,120.13765215442815,157.87211108729485,133.33665719882143,78.23878450600606
1974-10-31,251.00263244551667,206.3838737711154,168.3299073337796,222.02428955527833,109.27194435801184,210.70151357106545,250.0003348251965,166.49388986977323,167.58088668299453,124.74355440746537,275.46479092335875,231.11681869423876,231.4051023257071,190.17543980941122,101.96222928332016,204.8270615433161,242.78098743802116,194.010585255962,133.03108401133815,112.14743141525827,196.26539708449465,140.1517440397908,188.49124916056462,152.52460218967502,96.25741129409276
1974-11-30,238.75470799270525,197.95701382116698,158.19947685061808,207.2954202104707,101.55570600717083,201.9085180067177,239.97482139803648,160.2422107990531,158.60693020112018,115.91220972963445,272.84925273354145,225.00447219023224,223.93650264814488,184.4155962639036,91.88989046356737,204.17632596879298,239.58089124260061,186.29575433325869,128.53742702451916,105.94152900303213,187.18812246933675,133.9026580765446,180.79741335232868,143.37983714079087,92.37332849096482
1974-12-31,220.37823562792275,185.3550703213115,145.60300170586447,190.46800717946553,91.68794427727808,189.54040982769823,227.40014075677934,149.99888771593444,149.15728790666762,106.29590098604451,252.94135270634408,212.72912820542192,212.58113047186276,174.64027875274286,87.20993834225787,194.09879504795126,238.02169880239376,175.27002640879908,123.81547610534642,98.76176564096764,184.64854121179525,131.35984659967104,178.86523139583235,138.29200361984994,88.53216837232503
1975-01-31,276.32433603736973,235.7879606948965,184.31097729736172,249.30319366118806,122.23580004802737,236.7505664863518,276.08696569308734,183.05339260745632,190.89388357955974,142.67014571166698,305.70011299518603,259.0619577868192,260.1370174263318,212.69893614021314,113.19570925022377,231.1912688804098,266.0961201544373,218.2832188598089,146.85035491093728,125.19752497361671,208.78432133067145,143.6281994728473,192.96607191292279,159.20866916735224,103.14254358664145
1975-02-28,295.00994028888874,251.3292167602185,192.60110074521975,258.64009687018694,127.44781232627523,250.27920410708137,295.5541337310726,191.0930976107758,197.50186625354976,151.945845235111,330.9925175439557,277.77970236083246,275.034544140303,224.88254390126068,116.89879368263558,238.62915438283036,279.24871918143083,230.64612552637192,154.99908110494522,132.290465553472,223.10776091124086,155.0877189959879,209.5113688508806,170.0065195276204,111.33041126672339
1975-03-31,318.6355163469841,266.5713284398587,209.01398874742517,283.94001250593175,142.9110553958222,275.4612965075195,313.1029559754888,207.73539548169825,213.81394039116296,162.41886456378626,345.237442521495,295.6623262597157,292.9181153039379,244.0567042419139,131.77065821494048,256.8990797006886,297.0067037316164,256.52761921006265,164.71674849481977,149.10868472975042,232.98094865484603,155.43030776725,213.89413717587215,176.51334905602053,120.15813356729568
1975-04-30,335.07424127084136,276.7986040267823,218.97789460500366,293.5383206886823,150.37658601864453,290.00014373718636,330.38655224829176,217.32030662922378,220.46291249550697,167.37475137822108,366.09945069818383,308.50914999802666,317.3088209290662,260.08488423629734,136.7004620800778,279.17813858957146,314.1196359872247,273.86375571627866,174.44113117570842,157.95649586424435,253.88726110143995,162.49259466127054,222.967954263147,181.91483405048385,127.82133869368353
1975-05-31,364.1201518754042,300.627919048844,238.58473733214646,322.23081092103894,163.9933362592188,316.4420668429992,362.6603626046662,237.5728206446144,236.74101210252522,183.50365192003196,381.2321714927932,332.61111883247247,337.2662765302208,273.8290699437645,146.83680134331559,290.7707316163648,331.23538671289657,288.5968041825473,183.46113318654199,167.61901062925187,266.65499757497025,168.9069898355242,237.3783731471742,192.1833806881315,135.7221034596788
1975-06-30,393.338973462646,317.8511931590713,259.5689807347207,348.76168473822264,176.3833608002753,341.0014520927513,387.43804389854216,247.77158426206708,252.7832933056286,201.5991305395182,394.92221877109944,347.5486841792388,353.10396360980343,293.40620547032404,158.20285078809627,312.4785113559161,352.50467336450504,307.67132135818866,198.43192857683016,178.056814040146,279.2173811657247,174.4130198901826,249.58413171602874,202.22573106260913,140.38130754934613
1975-07-31,391.2424767340901,315.4396561565734,259.00130337385383,345.16211539003945,175.37885756051776,326.94128022006294,371.159447046101,245.56393944629207,245.4032850575708,194.3336994740045,381.44075898891043,340.0127860601804,335.22878165998435,278.65902277097456,149.67492611636396,302.1895314124999,331.1425376539427,289.1227404074676,186.56867572686437,166.63856472619355,263.33884713359225,165.27674266927517,231.11216054359375,187.37245334179156,129.70867826159952
1975-08-31,366.303507539629,301.191246887981,244.59176586064947,324.17902007124815,162.0448030201916,310.5468097234279,356.0922292932645,232.5713969741282,232.05923602928033,182.88064289550405,364.5600981998562,329.9181464548397,329.7913708214594,268.99401322518605,140.3941826475927,298.1084617907741,318.9882819518924,281.67002352798426,180.60706026268812,159.065508513647,261.6029174532876,163.0921146846727,229.00279985431234,184.50265684640868,125.94103028413484
1975-09-30,350.58798815565626,292.9898092352213,237.70186040812084,315.19699196213406,156.13843199490864,300.12982753806523,343.2700603008726,225.5116922189785,226.3542917707365,173.75581321823287,353.48950169782114,315.56109847556445,316.8589320060667,260.94705731955463,133.47064353032664,290.25419814797255,310.7194677071355,271.02684001895585,173.6215403858479,152.67155226792391,254.80490404034649,161.13468312422728,222.01134437476023,174.55132154674078,119.22232820053682
1975-10-31,358.44361320626007,298.50358445521886,243.92964915081362,323.9657722785206,158.3776132481476,306.70177037166627,359.8321541702691,235.72714636480603,232.91720810633723,179.6986095419229,360.2096906145984,331.44865310051364,327.2202190826651,273.0769203319968,137.27882793153393,294.6762208567569,327.9898771612335,291.25384411641056,188.361835543066,163.04069875485675,257.1728060135934,170.6318002128861,238.23371330822397,190.03908575626156,128.98174876470455
1975-11-30,365.57879177074386,314.4478549153099,250.34426713453257,330.70944379427027,161.64510178707013,316.4775826004927,371.6490421132208,238.44295881807494,244.12401957437365,186.75052207617654,367.5803013039543,341.6678779729087,342.35677197699096,282.86782023358023,141.55547525808498,297.05160587308325,346.20840287803134,299.1992489839062,198.42638513980307,171.64028041068167,255.71283599385427,176.72352611228635,245.39454226284252,194.961668194606,133.73330740744754
1975-12-31,362.3291618906937,309.8367915708318,246.44490482964508,327.7009799840738,159.2601899553037,307.9709816577741,370.3768874420672,237.08502616760597,241.43792298699682,182.8212910916938,377.53768408597705,344.25806215582134,336.01974812769686,279.7769235618879,137.85521513483863,301.18092024632494,342.425729868186,295.87723972243793,197.22511180416672,167.898179017168,256.1314379063762,176.64011260796133,239.81500655541228,191.4410503903478,130.10632637725016
1976-01-31,446.5467783055952,374.46936596609044,299.3061046910798,395.9506076833968,196.88843577585337,368.9994352960236,444.58041533353565,276.56703266032355,289.44278377657844,217.59426629991614,441.76137460121083,397.5929309514363,387.30644228442725,332.1788615681059,165.0508784109942,342.8291214407475,386.70582827463073,342.8504144235324,231.9625679713464,192.79412100183367,288.67165643519184,195.9620679656958,262.78664621834866,216.06170955789926,147.3878292846348
1976-02-29,509.69787024035077,410.23006700775414,328.78386502379016,442.54053188707144,221.7292590523855,403.11011209422327,470.67906403527553,297.6873506764618,310.72666943880535,243.1313469871406,470.1507275785831,415.483420065458,403.2096321110681,353.47351966779087,179.3718479780809,355.08251989928266,394.68588974690607,351.95137867440513,237.54033988078538,205.00647180257383,286.0744775422444,196.13529843377748,255.87194119640526,214.0642190530365,142.66036466033015
1976-03-31,513.080735005136,417.05055210182513,332.416926732303,450.4845769749763,227.8121795452286,407.1803148960386,473.47207360126094,302.4095651202425,317.93832470981056,243.2526695292872,476.067104334432,423.589086107515,408.8194877226295,358.1125061399109,182.55964446034733,363.63290697845747,397.0105896375153,357.0722712341177,241.13622554590074,208.63467634053578,293.83596419244304,201.00494562329132,269.6496217420669,217.686613767852,146.9745567480232
1976-04-30,504.8206482522883,415.68596269534794,327.4605903547244,444.5584523648705,222.37908687525442,402.3898384912867,469.59149648602505,299.5079453429138,309.48784197734847,239.19667451755586,479.67902545501727,426.53430102322056,402.69864235244626,350.22507819217935,180.57193505146307,360.93693260611917,392.11147896138834,351.1120208826778,234.82617279581558,208.0926434514031,293.2479984280939,201.44615147893444,265.559845929105,214.03122014946226,144.4368940512118
1976-05-31,489.13183214590373,403.6643246541985,317.4956371296398,431.0918877258339,215.017449583336,399.00734950892894,462.0461003204876,290.54067745934697,300.3251449277671,233.88124601642676,482.1306649541179,416.1750624542696,393.92464433287114,343.9402891640207,174.90901859631413,360.0815120758426,388.24918089361864,335.7161098789933,234.78789612964985,206.33280396573457,292.3647354568285,202.0085891338636,263.0054257711129,211.9084585080199,142.23466472761297
1976-06-30,504.4915499389494,410.2295212303744,323.5880609105204,442.8145694287625,222.74431665156277,410.8562717599461,477.3929615426326,297.67228892826404,314.38817016415476,245.55121854890842,519.2590653315694,432.8828265115588,414.2200359335449,365.88161597095024,185.28077358103837,383.2171093082276,407.8386815647871,351.23089418094105,248.69109618686318,216.70020203379687,310.52058552869755,211.30401436285834,271.5386368102567,221.13304561533252,146.18238784712787
1976-07-31,502.94124740598704,410.93593646593314,324.5494410394856,446.3114760835415,220.8567813122574,414.3797751465593,482.30438033098324,298.67931428170834,313.50316746514267,245.5976277292142,514.301699034849,429.5652125291742,419.8579848426364,364.636886713417,183.52912914760324,390.74655907191567,401.78186930486845,345.8078891747873,248.87960403777285,214.09416540413844,308.32893123603594,212.04421232517143,268.8145612057762,218.9767772875374,141.88813402173065
1976-08-31,487.48083346072696,399.0545457348936,324.79058127417795,439.43113836823767,216.0317232109285,402.1501848426589,476.58617959777905,291.5199711183758,308.193677820953,235.7106040297192,499.30980450798313,426.6493238665261,414.58162954711906,357.1370352274955,178.75516944021578,384.45671171053505,397.10472656429044,344.00934234318925,250.64117387515216,209.82855325262636,305.7395848715157,212.35718958256336,269.9027225495372,220.2227551503035,142.60012867825168
1976-09-30,496.6951961748016,404.74586166616467,332.9327563561403,449.52706877224796,220.6528578021335,415.40988073729113,485.17902841592695,304.7022126923776,319.4988383107812,245.56142159332927,515.3311582052308,435.0206102501112,432.12962618096003,362.78944308404107,185.57378537851284,392.00205913456597,404.5623533291678,354.53086807875576,256.166307912056,217.6948158855141,308.25368147791426,221.7289370732211,278.7973667711572,224.79700199753046,144.8987001524164
1976-10-31,481.32148646279916,399.88122115479905,325.5346575771505,439.81413739728595,216.00392274110033,407.2582926475833,478.0871665575714,296.8853821279674,310.6158121092265,236.63256274277424,499.08688943628545,428.83244206930334,427.3628042745578,356.97138878530234,178.92170746783464,384.62889240430394,389.15985541321976,346.46919066951295,252.64171568149405,213.38576469987623,297.09458995473227,216.0222994197676,271.8059652046369,222.1821632702952,140.9975924482129
1976-11-30,501.84118407368123,412.85616713760874,334.5298312353223,451.024120131268,221.9230782359747,425.65903682598633,492.19982162718435,309.63839060265633,324.94203459532827,243.23958052711527,530.9421083283353,441.4568403313816,452.1494195596778,370.99144007984506,184.4450205773667,395.73005149687697,405.0963406522465,358.79621800434353,263.761740797215,216.59231258602128,297.63916433811926,213.51644074649826,272.64747647291045,222.90225566145426,139.36667329636444
1976-12-31,552.0002104218457,455.37704950344533,373.6009083446206,491.66996281337777,244.24787413727907,470.2387334118087,544.4384652959423,336.4846583446879,349.75688295126974,264.45809885523704,562.991897755467,475.80438979336475,485.8259604779022,398.12686698160513,200.48601957195973,430.1803311299376,436.6626628048915,383.1835969420988,280.4211961077079,233.6220997554098,311.9198914430622,227.94267906553546,285.84088785943453,231.58831076006976,145.05854760046125
1977-01-31,576.3732277128119,480.63818057055005,387.9468096241457,512.5349610252891,254.63402648921863,479.1939598509032,566.7582646192147,342.0968859612189,352.9302271502866,267.6144062650743,556.4443019845709,475.225811655376,483.9215227128288,401.2386265739334,203.06386881161598,422.1282156918474,424.26362649454666,372.28278997628996,275.849489347564,229.44283401288524,293.6030196578513,221.1650314462008,276.2489251855355,218.53529880069993,133.20856978843196
1977-02-28,572.8164285245961,480.92848603161474,384.14415499620986,508.7473276633122,255.43816074487157,474.4370014114633,562.8391312193728,335.90903748795233,351.3632169417394,266.361168000535,535.128590108448,467.6388315722979,474.3103573502293,391.46164496020634,199.4259796018559,414.34163862519557,414.63666054575884,363.8963755664941,271.54375466833784,222.19702931475834,288.4491122507774,214.72337874029876,274.22540180855145,217.3056006743484,130.6439051942953
1977-03-31,570.1574146633849,483.7760635974079,395.3331217987844,515.5604718753793,257.295962487969,470.4322786825491,556.48186323225,342.38334827649516,352.18435277973225,266.9503589041522,531.1836221421685,465.8711567889545,481.6721284066622,388.41568190077095,202.2869447052241,415.4272137183936,421.2729202977937,363.65329278761567,269.28804069830795,223.77729458724488,288.70669730801734,208.91597023888866,272.73882590534726,213.21243238004638,129.1553485385115
1977-04-30,584.3195546862088,493.6126822985339,398.8464472522102,524.2115765934482,260.6477569912998,483.72199055533116,566.6988702411941,352.4685921833276,354.7123320639851,269.3547807868019,545.7146813094896,478.74084749524945,488.97861292246284,393.3854605506914,201.36532538514712,425.5773468311751,425.17348626683093,367.40219458296315,273.56379620851567,226.92807889503334,293.20388153198434,212.9043850267193,270.2852674275028,211.18627463513883,126.54163175013764
1977-05-31,583.578053171312,498.83115557579407,403.06783804992756,525.9834117223339,261.83370428561017,490.34172599608087,558.5882760103021,352.68747517907343,357.6943986396471,265.9711460305581,538.8828792141761,477.10451127851064,489.4700364284499,403.58594554277084,202.44826810506845,424.28742189292973,423.48384683240647,363.17706934525916,271.0981657132884,226.90583994330163,291.3045067874201,211.9763348123878,264.52278552594845,208.64422544735564,122.20960552880342
1977-06-30,620.4572682414731,529.9462477359898,427.0366701074046,562.2920466335266,280.3254478170771,531.3132095951354,608.1479036227641,374.9000850533267,386.5628404706571,283.3526263948011,591.0187200123893,503.78324134018237,523.9913791576756,429.04656850328206,216.71560735150504,443.44315041655176,447.20868238349834,383.9446237016291,284.6110537832672,241.50496168525368,303.9864484904105,222.29216314603266,281.4363724324776,216.19568589897176,126.16357510608233
1977-07-31,622.481820307745,535.6898051689524,433.09503934621836,568.6459467604856,282.34463201770353,524.4730833348076,600.7662043685909,378.63483970062794,383.6404253966989,283.2058497343286,578.7296677671717,502.97063897190066,516.4563831253882,424.2288045855587,214.5582034803208,429.88310231996405,441.49111937922527,375.1987491183297,278.96721658674505,235.07609960519224,295.6617795985006,219.20563646075,279.5484972462005,212.61851208008738,121.03489961444498
1977-08-31,615.1371573099339,531.8483735760858,429.27167633886995,562.823580911605,280.1174975603479,525.665735126311,597.2817603832532,374.78450201571223,377.31611298403436,280.20839902074044,581.510463820793,504.35481417035135,512.0747671709524,421.16544838764634,211.54516262884667,428.32606572336107,429.344815702864,365.1077787607922,270.4885659730241,232.0755882698316,289.3331392061947,218.45858365169173,272.32356633487245,210.37049655186465,120.05911625375332
1977-09-30,624.3420697319198,549.3020416517322,437.83092429339064,569.8149754336888,283.64445697213023,526.8469060331399,602.9828147861112,378.81830761090737,383.2120545655228,280.0453177325104,579.310609736159,515.2483738016167,524.7593712285442,426.4460207795306,213.24556264605735,429.1150423364235,428.83604209625616,369.9958417028417,271.39253876050594,232.42416580341282,286.1391906824975,217.57076796773129,274.87115329793517,208.80323635255326,120.19490311423631
1977-10-31,609.1368429656685,535.8858885864304,431.62379527968324,557.7423055491753,275.3149538486867,514.2642213763504,586.52258990808,367.9447069092439,370.4909472021657,270.9351635013541,559.567124845741,507.8607426180492,509.11786865033497,409.72763098088984,205.84935355124148,411.7564806438305,420.0333246601463,352.0621432555049,262.6281881137742,224.96056099113363,277.21908755216134,208.74522733588822,263.9277080716845,198.95189966143977,114.87519689730333
1977-11-30,662.1012914615335,576.4406608628741,466.40922018886346,610.6915713264863,298.1347091133889,562.2677008565045,632.2261896814872,411.5031051472809,405.6249742162944,292.5503708454921,602.432764444549,546.5907107108442,538.5932476558461,436.9630460674516,222.66168780383197,443.3336733879252,446.23206321917365,372.7552998496338,280.65787585597286,241.76309025212242,288.6912450523324,216.11623005834576,270.7990659513308,205.2075442424944,118.70502108666253
1977-12-31,681.8663392142432,605.115125096837,485.971822111245,620.846150774503,304.789672090218,574.3626413696288,651.65323603802,417.61310325250776,413.8989124403583,291.84649465323787,612.0903640913594,557.0579228209568,548.2609964512685,437.6888416869696,223.91282382760173,454.7379888021562,446.7746814080482,376.72178899533367,280.89054123505747,241.3018062759214,289.2256125469243,217.02175706229022,274.93173049681405,205.80695547922673,118.38641681006592
1978-01-31,675.2624637189532,609.6849545215683,479.890856701167,609.3344214468423,297.5777388692193,549.716740428458,632.4666098093526,400.7465452383455,395.979159026253,280.28061807013006,575.5038867585266,530.7430636048176,527.492321644698,416.71829390406356,213.85667499668028,426.28412336682777,420.50969143743185,360.4123725843587,266.0937893038771,228.86945461297339,268.92284222296786,204.08834545016305,259.2078349662402,194.0483808848766,110.53550319288958
1978-02-28,703.9320821410688,630.4069267558473,495.27951680300345,626.0295752600642,307.5528422538543,564.0434581175045,639.4300671833536,409.40427360167473,400.02487809402425,283.9164182477358,593.4975912819187,540.9073240159134,523.577273633451,425.65565115342406,213.94841951025384,419.2193165902693,417.83945489680417,356.1800500931006,265.5299365643422,225.98272418193997,266.7784514790819,198.7400062692961,259.3265521546548,187.7763491179156,108.26875162891298
1978-03-31,768.5973950027937,688.0670963115708,529.3621767518022,665.3580052370519,331.20119540043765,598.0659954676942,682.7808680181162,442.629068021545,426.8837484838913,305.3932757060858,644.3900097343433,570.2693962854694,545.6313955534392,452.6881902468757,221.67045981563743,444.52381375897454,441.4511446535676,369.5364457915418,276.59510008085147,236.1191792751209,277.0803681613981,199.39525206996598,266.3957939663907,193.8710060812358,111.30839683089474
1978-04-30,825.1231218208792,747.0014192448496,573.9524703483135,726.2901606406507,360.34458218730833,656.1214577797343,743.6596585532155,473.54892156819,456.2682913107799,330.06935777641314,710.7099851461923,616.3243527294838,573.748872629099,490.6632971503056,238.66748566292108,486.53086963538385,469.03566087839044,386.33261632565893,298.12139033974375,254.5879492396623,305.79531503543643,220.55806714841185,283.18352411056475,211.0251004413157,121.41375225398117
1978-05-31,897.9493136759118,806.8877760242899,608.074518662991,770.9853308363157,390.2870548995806,698.4380111992382,785.3209599446839,515.5863328847198,481.3228957232375,351.55555269022653,765.6926417270571,645.3587766622172,594.5489905085218,518.2037373560552,251.71806244645526,508.66364542596705,484.8163656886439,396.2513199172039,310.70509422598434,266.26640764718405,318.2684001404168,219.07216745003296,285.4807088581496,216.70863947150164,122.71421495437356
1978-06-30,898.6999993021449,810.5123159141909,610.0799484255416,771.0493226187751,392.96754639263094,694.9751555397124,771.5841257133314,527.6768323908664,481.4841388933048,349.12349137671555,754.2600848934304,650.7475224473468,597.9414870483633,520.2812161391155,250.05093371887236,516.7198602422235,481.27866066821383,393.8738119977006,307.7984480695003,261.49704375340764,316.1299547598733,214.75556946259755,279.77708977587264,212.74395491237055,121.39626428576358
1978-07-31,949.0901082630162,848.0722671459704,641.215378593439,815.6498996363356,415.36355279663974,735.6006232319419,830.0239073948591,564.6611738963098,508.0548410981319,375.0706983793245,823.3186297461032,679.8886472500615,621.0519255227827,542.5242786914949,266.0964520846787,549.9387466174755,519.7506329660488,417.92414083209223,324.2062599407411,282.16550859463325,335.801773454716,225.2208231180794,299.3433005493483,224.11788497385064,127.92325583135194
1978-08-31,1039.1729958888004,918.5640339911436,701.8467811470988,879.3619445967289,457.29118054303814,797.8743651928884,902.2998991790812,608.5364764304009,556.3276718250709,411.9491497267732,897.2221799080027,736.5838816555968,649.5079036983111,578.1426251604275,299.1131676664414,583.1039026097357,541.516230222768,443.0367845305518,334.8068320220235,305.79207312578774,342.84320084228796,233.59746119231013,308.3038429079925,229.0361519596018,129.91374169208777
1978-09-30,1040.9780393826593,916.7765083809968,702.534590992623,877.0852765221681,453.01825175204397,793.7397802324588,896.7642892976177,603.6852236402977,548.373298773316,398.96986786633175,877.7883474911953,720.0519930157186,637.4205616104856,564.8407196407364,289.7859217590988,578.1411052946243,537.9330173273839,434.367440730858,331.42293937077693,295.97370124186494,334.554280775524,233.47809288964086,304.21789207793285,227.68163215691274,130.33388273271999
1978-10-31,791.3233991316342,732.496179207841,559.3566362791444,687.6199463436789,344.2064388089653,622.7420381576395,695.3680684428693,492.90053350917213,429.1574919932959,308.94670585084054,692.8190313311557,599.9293192808714,539.6937907866123,471.63861185569715,230.38067715624885,484.81814621907125,470.71290748215404,380.1562122904432,288.49670884053455,246.72012567080367,296.978816730221,216.57007635875885,278.6447276340777,206.44440023584454,118.7109677383815
1978-11-30,850.6726540665067,769.2770098544044,591.6309548358147,723.6347286533754,368.6891543885694,663.2240070901149,743.3359485401954,524.3722325737327,460.9829532845347,334.09682138733405,742.6250986745212,626.7563586511541,561.2788439491229,492.34118872310296,247.07982053991952,507.4407305579456,489.215219736555,388.2193255531235,297.98651958113516,254.12641712331555,310.73309364826446,223.00177448646127,287.4309531858354,211.00062814904965,123.0942515111535
1978-12-31,877.6117556754848,788.7781820542135,594.934622087618,740.4483815736365,373.0688128535512,667.3101301977971,765.6077802303569,536.8900465097329,472.40703283283204,343.6486495107979,751.3754502122031,628.7231201046014,566.0098633247701,502.2362619340599,257.46211459900695,513.766486705081,494.80792812858334,391.59217505352905,298.1822967244999,257.2069375516844,315.13058838957465,227.7851625491959,290.9723899600381,215.38901921329358,122.83870784501633
1979-01-31,965.3518685608971,874.0324830833611,656.9833284982461,809.832097168994,412.75475395847343,738.8197510599233,824.7525124687124,585.1124367071441,515.420637986327,372.05464687936046,815.1799993178727,677.6151448164158,609.5303617158116,544.1292952507656,273.6358846381166,543.7725045946045,521.5785214641242,416.6626892848061,317.94075025235543,277.11424010430966,328.8280545445159,235.812083892267,304.6347075582217,222.96338946294827,129.29584736159745
1979-02-28,937.6549581000164,866.5367805084381,645.5275101992221,794.5465163349293,398.57580265049194,713.9555111577527,818.5685181302221,568.9884932888052,499.26683977119757,359.85832350000817,808.6381798233468,661.4811282183368,590.3234504877847,527.5817792528945,261.0486339447632,525.7420958872566,501.58798147196865,401.6869989065316,311.439179850445,262.9656183473039,316.101751177534,231.4658313740486,291.9061555723165,216.10525856645745,125.19160927879827
1979-03-31,1018.1713893520648,949.908017234716,693.6612689972271,870.871449240579,436.3552086805215,777.1534250944146,908.569308130122,614.052950945772,547.1590113762497,399.2984358972856,888.9432288234236,710.573611630189,647.91186437667,573.9055697984157,295.0353387439338,567.8156585948261,539.5401345020637,428.90450657844036,335.5034623991292,286.4518666187567,332.8516668706804,242.46393035178656,310.5639213180322,228.44162725172365,131.75640688615988
1979-04-30,1054.2431653340298,970.2626462280215,721.5797477518275,900.989667441115,446.79238891695087,789.7666251836969,930.4676455946742,634.2141514841745,563.0693011090483,407.16181999541084,893.5443989758136,714.2643309689961,666.1531750063308,596.8491666678168,300.55604000251026,574.4307110174558,551.1364706129166,432.70846064728454,336.09394849295165,294.58996414939554,328.4776631163328,241.94675478834617,310.9924995294511,229.9513979662303,134.1448870301922
1979-05-31,1030.2243432982245,952.368092243638,716.304278216014,898.0452332079175,442.40176011106394,783.1231083326517,921.7687035760096,631.50732548564,554.754456739571,396.82235273844736,882.6163509763395,700.7968770085757,656.908301243593,585.3174439186279,291.57211941079527,573.3731840784726,544.5090545537962,426.75569035415987,334.00478850911946,288.87226753522,321.4886438782066,237.53558155504507,306.7704653558393,225.0479143559984,132.57633086614814
1979-06-30,1096.5924257178397,1011.173964835406,755.3292515975006,938.4716374260049,461.7338322243972,850.2007350537765,974.6054074336898,669.4994376941816,587.3207623680108,417.1460063562996,920.9942751494926,730.2086211397486,678.0508949191179,617.5233656353626,311.63811266864616,615.3567153630664,573.5428218516591,448.29148951219224,351.9218073791142,302.3221603116598,335.1805237323355,243.8069959792614,322.169115634841,233.34858162910498,139.61639918780236
1979-07-31,1128.6414359518692,1047.0039031053839,777.581251349563,962.2074620797836,471.61124236334155,881.1106329773917,1011.730076613654,689.8682885865893,603.0110365346723,426.5209457031512,953.3441990641187,754.3551598235979,704.5565824524011,632.9348962715242,321.4353916547231,638.1366056090917,591.4316224652124,454.83744184204926,358.73712510081816,306.10451285931896,342.68689156132115,247.29953119666428,323.495163714794,232.2807785195702,140.65905445693687
1979-08-31,1224.8468319524068,1107.6631212356974,826.9094507726767,1047.2021338276772,511.4590910643473,952.7625496511133,1083.3130147242998,739.6912662566014,652.5471871639226,465.91783241585983,1014.5079028434754,805.3797428340661,766.5646072740369,677.2966702162992,347.0901145688615,680.3180733764583,624.2253230676635,485.9797066475325,389.23157442001315,334.1715417479028,367.47309174105993,258.8949116154135,345.55235795752355,245.92030583423937,150.84122275002008
1979-09-30,1224.866429501718,1107.8181940726704,833.2642499018647,1048.5917710592666,503.1274224709091,943.448342965724,1071.862396158664,737.3878676534785,651.6727739331228,468.70355513587424,1002.0385862096261,793.4512634629506,761.8188057904033,686.1211685325472,347.13107120238067,674.1101709568981,627.7690502267186,480.64413544824924,392.1757220489261,334.9274377753365,380.31921608214395,261.7769297715162,339.8656028026166,241.42537448420111,149.32903949195114
1979-10-31,1089.4966414460469,999.195512325651,753.5258607717557,942.1544633378958,446.4169119196781,842.0257592002228,967.2647042295208,658.3841315130848,581.7704421644125,423.8851837866717,901.0651619544547,724.470990971272,697.6820423497151,626.6962141259434,318.5587127317127,613.5339568845403,569.4844605274691,443.2976054797848,363.48806798104715,306.4803758478883,362.67925020182196,249.45351902559233,317.23361244638755,222.898632671658,138.04887317776863
1979-11-30,1164.197978666795,1068.9593429962279,810.6958678285089,1026.0655663061586,485.3748229890845,919.4635001708305,1054.4355666393894,717.5866910028728,616.5428614925795,473.34580257163566,990.0597637400482,774.8036130690011,746.7835091262034,676.4678007556116,351.30527416568185,638.8833393811389,607.110298834519,481.02400489653644,391.81614707108207,342.57916691713183,393.2070507290599,257.38040349966855,331.5601996180789,237.91130137935954,145.35773271929244
1979-12-31,1264.6356666823367,1141.2915458994107,880.4513830799451,1112.3032989574924,526.4011299022369,993.1732111255252,1129.3869555872507,769.8140855474438,651.7770529411574,501.85731364373555,1057.4174897063385,797.5154313788927,784.5401365641151,701.4260802644899,370.01122609918195,657.7904529267843,627.7921182746156,501.5031208810015,406.16210347994263,358.7492461747874,409.3163503903788,256.630654384274,339.24244944322976,243.19198062477585,148.05164757977906
1980-01-31,1402.5378629557122,1269.0500041304824,962.686422710995,1225.9006102734231,588.3406452533135,1084.7805286001103,1210.9738692588737,824.0890578348807,686.0566152635447,544.3044052317227,1119.6253606257624,847.6089706546638,837.498164862466,758.9710758893888,397.3446953935807,714.1124448777343,662.1266970151727,542.4929769630893,424.25418821735315,389.12562109614515,460.9606129518336,271.9468850992363,346.8448727352525,257.3776120465996,148.5889270088461
1980-02-29,1400.33026835942,1257.2935248922176,953.0980659407936,1217.3217578027297,581.2852642354358,1073.4141982214385,1183.9715739221394,809.3609381932557,675.1771294586954,540.7784012946316,1092.906621019789,831.6044180707624,823.089846434172,742.590962129544,386.79876983313966,682.6529352310905,650.0799638896785,533.3926572745335,416.40675849789676,391.7860729675795,483.98467364755186,284.4735744675624,331.85319680101674,247.7377909650063,143.0511662881534
1980-03-31,1125.0211366091528,1042.3076477773725,777.4096870536633,991.7240376814545,463.58022979513817,881.8934901463729,996.529930225082,668.5547970538987,559.0817724025317,433.1359197385339,925.9771566318477,716.8097442002745,686.95078583396,625.1650532879992,319.87059189014167,589.8947370448252,554.6215719121543,463.82225298621603,360.038192006795,340.8930620890909,417.07379251577777,255.76222554370025,313.65834972681057,222.54657369072964,132.4165995351258
1980-04-30,1179.77929039133,1103.4421182424587,832.0211627498092,1054.0112493161137,491.61246271062043,918.7054882120627,1062.2710097220308,694.7113349338354,582.9702183737471,462.1161778563997,994.1225935198553,775.541550591324,729.7505675945589,670.543283845962,338.3127308655678,617.8362810544274,592.5721075918153,497.4646724620652,380.1376841137663,352.2315062272362,441.7812439844124,269.1030389902852,322.8673588747898,228.33790317788348,135.82963738814368
1980-05-31,1250.2073949105309,1189.4146040010833,899.3516433241746,1120.5298992604537,525.2844751190589,986.2330977121139,1164.3350706071333,756.0800501278857,635.0364545171433,503.94554792742736,1075.8404648297808,840.8025965320335,783.0975233374239,715.5628893800961,364.8509964128555,671.4360497810233,642.523565973375,535.7535333721255,417.3805333017602,376.0708868002017,454.56727674780933,282.33537362351547,344.10137646590806,240.69897556641823,145.9076531637944
1980-06-30,1303.4799822150635,1259.4247370071912,937.1289091020067,1175.0918616451431,543.5349589225956,1034.9579439045808,1216.1782539609865,776.3535805920146,656.9706136561654,532.5893089260744,1126.2801691828604,878.1964512101989,827.7560088983106,737.4526737291226,377.95717390599816,705.913619501229,664.4528952800463,563.9909591020366,441.03390550450416,391.956497129529,468.53931113320675,288.918587530295,348.8417170281024,252.33628963710345,146.7639851802127
1980-07-31,1422.4942219912098,1362.3159597464676,1042.5568485048916,1307.301446998838,609.6679444446256,1157.033303304014,1321.931034034164,855.2536186340004,740.5937751860041,609.4243707569124,1263.6300358147103,934.2587562625557,889.6589142677619,810.0792253959879,430.5117409804533,757.254011133934,711.2157611440655,613.0497126795273,486.893934100579,435.08974181264523,492.86774632448737,301.9857974071152,371.38631067447756,275.2254621337954,165.81204252479696
1980-08-31,1522.8483443642456,1444.5807712917178,1128.0944676973238,1435.7032878216169,672.6417657621998,1238.901508745896,1401.0353871107682,924.5787664532353,788.2835707453316,647.9576642955012,1318.9593405628932,974.4515022157271,929.8563729911223,841.7087687515742,456.7785538328937,790.7821897309,714.279678643074,624.013493741088,497.7828300428044,456.2664297261503,504.734523052742,306.05233815499935,377.49041607672325,272.1577991328521,171.82753761555404
1980-09-30,1597.8471024758405,1481.775836990937,1162.9266405764142,1467.83719880964,706.2092804407965,1273.0852791752127,1445.5490834300515,978.2034103287565,821.9022884704784,670.3640403268397,1395.0395532452421,985.0603557203499,954.5449895504096,871.3183998187171,473.19060727210956,838.8799348569025,726.5102895804795,634.1193922722249,518.4388263582606,474.55723836101214,533.8440772007629,312.9311705073711,383.52384539687756,275.914665392082,183.66112830359967
1980-10-31,1682.4515087048337,1535.5124377194134,1226.4270868584488,1532.9020183212751,751.2760256721259,1342.905095141019,1465.123263568778,990.514100247744,849.6932705505309,705.9362377627431,1432.430798390874,1013.3374982916582,965.0898480499728,893.3235460061388,485.64214491186783,868.5997731890128,732.2032242096321,638.8239240434925,516.818705025891,485.6063545417716,551.3173276916211,317.2643284253867,396.9191827450543,274.3681636925594,190.83419733062505
1980-11-30,1813.4320411090134,1670.1384906964627,1310.7549869237487,1616.8529302566583,823.668983505892,1492.2670285378888,1567.9544049456163,1066.2052257322757,918.075735271167,772.7545145394622,1585.8555963449237,1079.9249186419013,997.4261484987354,950.0290447359705,536.3528976835651,986.2437950695057,773.072611575341,668.3216187362009,556.3899628136083,567.4946397145051,649.3283169393268,356.82592112271874,436.63213773624517,298.0074503081467,225.90150776370606
1980-12-31,1721.3441486294566,1570.1773617512981,1259.18071045326,1532.1427715346515,783.7506898892625,1429.4291562331869,1529.9863890298582,1028.5244668496712,895.8105625393706,735.0162750674131,1516.3554748351075,1058.7713493355436,1008.6202621633367,907.2178858930334,509.0627258965275,923.2879086550389,759.9125965084941,650.4547085809072,541.21498296783,553.7987240796352,612.5808794987794,337.7967515751652,420.19905060040384,296.47807607316525,226.24894428264665
1981-01-31,1710.7355046414532,1578.807056531483,1257.4153390972044,1536.924589124611,773.4443683172187,1415.2492190033533,1515.9258141146736,1032.2857808249405,909.8918087719271,699.6494969599943,1467.4818215256971,1054.7342541805274,1010.4125803692009,920.7281746497523,483.8676844037307,889.5417355936972,759.0744129145453,639.1101280085477,526.3640438351927,506.8044719516855,559.9626322733523,327.144668810994,407.1594336621721,281.333975947348,201.34346049601294
1981-02-28,1693.9891147865178,1579.4859435657916,1239.477051869644,1561.8919290749404,764.9202379339947,1452.664162606145,1542.809242502183,1057.5499430248503,938.8400166680059,699.059692434057,1499.6343482353254,1082.6530698886859,1034.7958567586704,954.1478452050145,482.31834007826996,903.769066112783,780.93727415531,659.925944877786,545.4705322623663,508.11557512062444,563.6852638527055,330.97880432945885,415.7268824652915,292.31190902278945,203.8330723850461
1981-03-31,1776.806548619316,1692.9467368358967,1348.2758685286574,1700.773797516355,839.4066408635313,1542.6610654720837,1660.502445566462,1133.3508927410994,1001.7291540245288,767.8373793338741,1639.0103645603165,1173.0719236735094,1090.7824517927415,1020.5546269355931,530.9784727720865,973.0944798670963,840.2869451165651,717.5427592731756,591.4035148431158,549.4843127846452,570.2488150650064,349.2259967909463,419.6093558206348,308.83308580884847,213.2328345180825
1981-04-30,1826.3172630965933,1737.7691946403636,1404.1052756926917,1759.304226984083,884.8655469061368,1566.4226738635502,1699.4677959541245,1134.2485066481504,1051.8386514962979,794.9620025962224,1654.87598488926,1181.4206765542938,1109.0083357797464,1015.675355264214,555.6588831650058,977.9949836677071,830.8908564962717,731.2729399718679,584.0837135399025,546.5753428327633,542.2724081979171,337.8024652099176,411.77105305390535,309.1480955563735,201.86667150693066
1981-05-31,1891.8144791030265,1784.6542075117607,1465.9617295080577,1848.2599266130792,928.5080005450943,1625.719604182655,1783.7172124707542,1173.3846171215382,1080.2803686327577,828.1429216225862,1683.1545057190478,1211.4405759455383,1134.2360574020643,1048.147512047366,577.4501575860879,998.206228000184,860.4481369344137,737.5187421521675,596.7419757797393,570.5137031228099,537.3198342938456,339.3685174386308,407.26010116769976,310.34759016713224,204.5474609045427
1981-06-30,1867.1603528113558,1773.1878042284975,1456.4740251946816,1837.4494543023193,898.5951867995336,1558.3253979912631,1756.8865381607693,1135.6215799887157,1058.6358711668317,785.0256604083062,1600.8819134795008,1189.5280388078354,1130.9751287370332,1053.2415089559163,553.5633543673819,967.8547694316103,869.3511938072742,732.8310730270483,579.5021000994626,541.4865364216245,545.2426152505084,340.23526463216905,409.28947825181837,300.95988591216667,191.2473759016075
1981-07-31,1821.4429315727698,1717.6444694488441,1408.028786168656,1786.7505489592097,862.8859126713071,1540.0431244220295,1741.8862408979526,1117.365327468817,1042.4736773217278,754.8539841761734,1607.9866274115225,1174.3996212102775,1115.6639874441912,1030.171306943746,534.3480632105814,962.2199189639796,882.5540303876254,716.4354434302143,574.8991149183726,536.3608248678574,569.4726518296255,346.1400476498603,410.3491287110123,302.97992866640914,188.41825346989503
1981-08-31,1651.423984010973,1611.7310761736896,1325.0719541739575,1634.4926009296507,770.2913511543745,1401.0357519254485,1582.9077674636783,1030.8521996242166,965.2576520425075,692.6336348224839,1490.8351536848286,1108.9538535190923,1078.309325816585,970.5254184430099,492.04586443845255,911.2953919727299,826.5868665505941,690.5943334211298,545.103243590383,500.6574301997036,528.6636721268627,334.2214073891327,389.84439309845175,283.35137398775584,171.5122372590552
1981-09-30,1483.150485736191,1471.188126331344,1228.1813678128035,1492.590856794741,690.7148625406695,1263.8169093461179,1500.200836613701,956.3751899057662,898.3768798477863,629.8179978467981,1371.848618398935,1032.2541691942977,1039.817996122236,908.9562564224038,459.7056579523708,833.3650552327899,774.7325926512756,648.4984652331115,502.96185693165415,465.6179186323169,486.3859096032054,320.62026721543197,367.6680947970463,270.06927833207976,160.73663792878057
1981-10-31,1622.1320683030722,1580.1708003537171,1307.3904687671545,1603.960523574481,753.2791240747407,1372.8463941154077,1608.3428139209996,1012.8787925005888,972.0806174473786,684.9850159141947,1458.6852640949692,1106.2895027172513,1109.1385026517212,964.4462179644788,494.44515481817353,894.9140647520629,820.0319820761883,683.1412532458643,541.0526672426591,496.79941940728594,527.8104247522912,337.38485974759243,380.16366266681877,286.2799166946846,172.4143154109444
1981-11-30,1653.630628805381,1608.8872443085454,1343.0116294791846,1634.5159715485745,753.4388192490446,1429.2415511392746,1666.0662375126244,1056.2492495166714,1017.0325414399978,695.7564052894454,1472.7003121123937,1153.147500894343,1154.0142464690098,990.1429229959244,494.27852680099977,934.2133209915851,859.6633077379485,709.3677290992263,575.8396484830259,513.339859277032,564.7080681154496,353.10125866921453,401.4429435209313,296.5656678216079,175.86932587746432
1981-12-31,1620.2868208061495,1564.547920742646,1342.850468083647,1608.9913701368723,734.1311960669686,1388.678246676391,1629.8576199727624,1056.6601304747333,994.9619182582085,691.2646019368968,1429.2497621038297,1147.365619324859,1128.238184259878,971.4143696074565,489.94222128537456,914.7676707151453,841.3946027852094,688.4470560326318,563.537986072483,498.8482750496415,541.7735793450768,342.34650053266756,390.1174351983188,289.8072328176213,171.45817144580576
1982-01-31,1606.5305856975056,1527.0472716303657,1323.9981903622206,1604.7452419110812,716.9745500148836,1335.7251677741267,1573.2852619835078,1024.8187341030077,967.9795459969641,660.6464189233059,1401.3165047532725,1100.2582290922383,1091.1417127614131,934.0848582121812,469.21178601834777,856.0359271845501,810.0879924047772,671.4134989722725,546.705106428498,472.20528752751517,514.9649973183443,333.4872577918832,385.27256677059086,290.092113327481,167.03112145907505
1982-02-28,1535.1942015701934,1475.8545388962293,1300.7130341883203,1551.9747993760773,680.2969999343222,1257.4356442405497,1516.4629181764494,984.9368882466551,926.2112285871953,622.0930758541984,1326.7272298382652,1070.6326760157006,1074.9415317520443,893.1485893010324,448.44118788667356,790.3368818449902,786.5816691291678,656.776684694677,531.4924901370186,441.66068850379787,481.4464406078907,312.51924645821856,367.54925815401015,278.3143735263853,150.4861877851893
1982-03-31,1516.7442376557228,1475.887007696085,1308.369031107553,1531.5694347138806,671.8354658491392,1248.2261855821318,1515.55607335138,978.9868845047572,926.512247236486,616.9856917014355,1351.1841195931038,1073.1411683756053,1081.8104081399397,900.897546461808,434.3045278797341,784.4370170220172,789.8129466259504,659.2382837089127,522.3880237809715,432.322656566762,487.02784919385795,311.04790584589324,363.852080166239,276.2598568210135,147.2107054218569
1982-04-30,1603.3230322295872,1545.6152893746864,1374.463909452013,1636.1036433414067,712.7334498327056,1330.127298522918,1611.0436837528837,1035.203248373674,995.4975696289731,650.352277908649,1408.9621037310246,1133.608380648897,1154.3933956636808,944.7541399211152,461.4190281643217,831.5353999610362,816.2211323093358,686.5525035178241,554.9077230373845,462.55757387641506,514.8205804359546,322.47269542761285,376.1295409072884,289.0830105950745,155.2660752225409
1982-05-31,1566.2093106795369,1531.349260253758,1359.8932175479122,1615.7030670125828,699.5507319445999,1287.7228402460073,1572.7958956569064,1007.0001710749814,963.1259796597782,629.4961307083965,1355.8357786477427,1104.337478652162,1141.1490402352315,930.0792738657206,437.39432362489003,792.3667564812715,795.8825341344517,667.5638343755281,534.4305182418589,434.34202442752763,519.65680496857,317.5520845680829,371.3568331627159,276.3179720962278,147.86221242555405
1982-06-30,1539.5994144910915,1493.1237200193036,1319.727411474417,1582.0398936113754,674.7061876995874,1254.8833323740537,1572.6590624139844,1001.7063711756404,951.1523974806478,610.1964088370078,1332.2944020230818,1097.9312169385007,1116.6782402164272,906.7519555978944,431.4068327287889,781.7165549074068,785.5066135369409,655.1571605136589,526.3071743645827,417.8196538183046,504.97182331696314,305.76899691809956,363.8015783920204,278.66584590512946,145.34101384148593
1982-07-31,1513.6309911668704,1500.4534643608786,1302.9272815263478,1546.3300891327794,659.33368191904,1238.8760405862902,1565.6465756546804,1003.096739618832,943.7391156946836,594.1299373923295,1294.1734622979955,1067.861076768989,1101.4478656981153,889.0476236648456,431.76964587511384,747.994866161811,762.235980110909,632.7226138661897,515.8247143727633,408.5219130618858,512.2737158821263,297.84224144199476,361.53873257442206,267.4668228898941,139.6622497486714
1982-08-31,1612.808634601097,1588.4790673010739,1377.7048840677082,1630.5416794568614,691.8797111259277,1357.4724050755751,1747.5606169265734,1109.773068587076,1019.0787530397058,636.56032100114,1435.0701271383782,1165.9046058103802,1217.1076017314772,986.7095051244288,484.8963101821713,842.7508558071893,870.0824622288612,716.3115983840521,567.4314295716151,460.66319891362656,581.0029189734518,336.51258885961613,405.44291164206214,303.68370297694605,154.14271112711313
1982-09-30,1672.2116022307248,1650.529825107056,1417.4062057118874,1698.2091591543212,709.7869418092888,1396.4820895802318,1773.5136396485498,1140.338438442101,1068.0383535719925,642.8769090664342,1484.9775609498697,1188.305131001815,1260.0130789077155,1030.1138695453474,497.04975130057727,853.8911793701045,886.8071873178245,720.6295246991111,583.3904385283167,481.8486387684653,588.9190837444651,342.225226568097,407.7352858644864,303.73229236942234,156.09230813744887
1982-10-31,1901.7995663705947,1867.239439554137,1603.685981485161,1913.3994309657205,816.5679991220202,1553.8265195774159,1997.5332415271168,1288.8253275269624,1186.12601413468,758.6397540820269,1655.203508716675,1326.503829432195,1407.9877548815587,1184.567082917238,569.3287379357021,962.3020573941125,1001.7985884901394,804.1396771688676,662.9870631802432,560.5802971000387,671.5126295632913,372.3112729113781,448.46681771649094,333.43305831105863,177.231265059271
1982-11-30,2080.294866471873,2044.151040254694,1743.6460718332971,2119.838008972043,899.2463256011238,1664.7339950652931,2206.2914455326327,1394.3298576636469,1277.4316224507393,832.694373676744,1800.8647278907595,1420.9867176911619,1519.9579810885148,1278.9439115474202,623.5316804308706,1018.0809338489047,1065.1312934558975,841.6069571471967,701.2652842600178,608.493095093179,716.5127054082161,387.7487875313755,468.8312474421791,338.0897844034309,185.43370523747913
1982-12-31,2134.351328577144,2106.6652673677627,1779.5006660084052,2151.7182527889736,922.0206380432978,1685.210223204596,2270.4195126884842,1442.640598571977,1288.1786546904173,836.6763181716661,1803.4345618574598,1413.7780520723145,1563.8406879605213,1303.6121817133467,633.5368697750642,1057.9500012993617,1071.5604259431973,868.6107579742217,706.999530489412,616.1978346632488,704.5820523504639,389.86395716735916,484.2196954769738,345.84184507001714,181.46764914985994
1983-01-31,2339.458222550751,2282.611843833051,1935.3635703427492,2360.783501666456,1025.3192202264788,1814.6394239773788,2425.1871996099203,1540.1948411286114,1358.8816283317556,905.1607848429715,1883.8154437140083,1464.6033730443141,1667.477974192353,1326.3028553482493,676.4254152482268,1076.5942541722602,1103.4736385486374,894.4675630175983,735.246989730586,664.9014953171975,721.5857310198376,405.5111470882712,509.7656739512525,355.90238434310396,186.7440025165413
1983-02-28,2502.885755603479,2395.801999945044,2065.0445417371357,2484.3327454426685,1079.2325554644276,1945.0013055564896,2575.2262560881873,1616.9658529846668,1432.2218286944487,960.3909804517352,1979.8655417426542,1531.5708976733924,1743.808445938982,1389.4746603484864,705.0422688657183,1130.3324563692686,1152.5870432531601,913.1646184873551,763.1341728040775,692.2548779330516,748.0650410053416,417.10430527237776,519.8860518762066,359.8511212973907,192.6576248442326
1983-03-31,2635.4886429353514,2489.9905597708835,2165.8021950175735,2678.4783808335224,1130.6061835696453,2043.838491899648,2737.187385786085,1677.6877716617998,1486.5674859842593,984.6437338810828,2081.204959496752,1592.1276793965008,1793.4407219272973,1454.6799272093203,734.8429954861344,1170.8808725766035,1184.6036061406467,946.4239002219015,784.5156660577022,703.7255412604023,777.2253643687708,432.7553101191132,527.2772718757305,371.67223063201004,201.18657789608682
1983-04-30,2832.2990283238346,2660.968251548111,2333.801305482892,2877.4330764834554,1223.2616215255448,2181.9365711203236,2894.0391717411712,1820.6552904995035,1602.5717797530413,1058.5806318582136,2240.960333392682,1682.0176160475476,1875.6520446204447,1529.9247011241496,780.9213255180925,1251.992474143475,1259.7726279683013,989.6281512670314,814.0518963691086,748.5120421572968,836.9854454097211,458.6059485690784,569.7420742435144,399.35660840286596,211.55010089667005
1983-05-31,3098.790043898824,2888.752455817132,2586.1505730421463,3197.48995758071,1356.5053936502145,2300.2498997527523,3077.686215462351,1919.4567911490403,1693.7484985903109,1127.9557721476733,2341.4472357023433,1765.405321380721,1943.9389086089413,1593.7898778478761,810.7821951632534,1305.1808704225123,1310.13455831659,1018.5648784100792,851.6000400891338,788.470609015822,810.8648036293746,454.74356927022967,560.6244918293954,395.57510067789923,220.6734105479398
1983-06-30,3277.599525801918,3035.4750818005405,2688.143179341783,3362.7010661989475,1411.5673040838706,2440.831972626041,3221.3772294898577,2034.2998104202784,1762.2741753462776,1210.7341903540466,2471.8073105500707,1825.2613888021344,2017.8610734866136,1681.430789440853,845.6855578828362,1378.722591747339,1339.8156567352523,1042.9737671562984,882.6876995525876,842.3972678488502,846.3190563032654,472.5476894942977,584.4145921401757,409.40915309880677,230.26542168422708
1983-07-31,3219.271364640747,3006.030973507075,2632.038943045741,3332.3056112615755,1348.9205355613244,2336.6328557146358,3161.6786666729513,1979.7114093074608,1715.6602611341932,1131.8318539028637,2381.064792372467,1801.841459922414,2000.0635388184617,1642.8873514545003,812.1625823683606,1301.4824159898778,1300.7774479449574,1019.4213335463749,867.1179712201795,816.9299136472438,832.4885102851574,464.8985600444536,559.963270019623,395.662012556055,215.78149639486753
1983-08-31,3106.165484515459,2860.5210382034916,2526.467861040176,3264.833087244751,1287.5338598289995,2215.927075654129,3103.0769525861683,1908.2161114717312,1641.6037859623355,1089.5737798055463,2301.2419762729724,1767.5343985254913,1943.7977513444207,1647.318218641373,784.6327073138203,1323.2366945731487,1311.5947132020676,1014.6545193907119,864.229601258045,799.8283028349523,804.271312229042,484.9477753449307,577.4341240442351,403.3445818538559,213.42235729478242
1983-09-30,3068.1988237982264,2865.4697395995836,2526.4324904901214,3305.4476108500758,1272.1916063552771,2251.5724785931016,3121.620940454823,1962.663241780354,1670.6404737284374,1115.3618120259841,2405.7897004970296,1821.2161857431088,1993.5123226328055,1705.906738405572,823.3496236235135,1368.9452597137888,1324.972979276729,1042.7848012863,884.0740413621322,824.9965000402597,836.9102506219209,485.22807515908005,584.716723216681,413.04582573660485,216.45210107893917
1983-10-31,2872.0458047939824,2709.009360877967,2389.4922702080853,3162.5531106330272,1169.7916317681345,2096.8151474219617,2971.7831353129914,1888.9220584601824,1563.851464007242,1005.2733704553953,2286.9605298203796,1724.150826691558,1948.50878194937,1630.3163049200825,775.4331455774959,1313.9752628099816,1319.5432400076527,1033.1463413680108,851.3933603491396,775.945508133866,843.415554000005,483.73891019641684,579.2560537385605,403.426401501025,211.29166653711619
1983-11-30,2975.183841689939,2848.271405092621,2468.4697687230037,3234.820611764102,1209.4148139193846,2220.8962805858037,3082.0154871511563,1991.7209747257023,1651.2817078054948,1075.3580140234342,2369.0166736303345,1814.5808134007036,2039.4982965400598,1714.952545573704,822.9408326744467,1414.8964468453648,1364.9553206125163,1070.1360798280098,881.8494036355489,804.8417188567712,855.9242500813791,485.5422888536291,596.8590659556215,403.6014885592765,221.3973243642534
1983-12-31,2906.2756087325583,2843.3524403760257,2443.5949988635816,3182.6429552963473,1178.4429099497231,2202.2496354140053,3061.1564063341175,1967.1530965024608,1646.532621613846,1044.2565095418483,2363.124929163016,1774.391477545505,2010.6557116303904,1688.4719633175002,805.5274046550554,1400.6441949362913,1340.3451761818726,1033.4154303847913,881.3405765296512,785.3202829659001,856.8974359537217,484.0162294397621,598.2306480891875,401.65411137697805,216.82214865626608
1984-01-31,2918.548810628236,2865.0699663156183,2446.4637793922475,3182.8848361609494,1170.0959988185493,2143.5530758813156,3101.6401998078863,1953.5305613091814,1607.9593018872984,985.716533873442,2291.153596320427,1712.6462029098764,1933.8969191831886,1627.3526551893333,756.1292420919888,1371.457571202209,1293.6006381625298,1016.121223157302,848.6569425896256,737.7864168785402,829.6720906186,487.6758761505561,599.4366810757354,406.92461662646673,206.91012413044487
1984-02-29,2747.2650180300866,2707.9237437331726,2342.35695972399,3010.337466307828,1084.1910608732878,2019.2312845863512,2938.0752038710175,1909.56830955748,1509.1566346235315,920.5961567796269,2137.6279761381875,1617.3494302413624,1848.0415654560509,1547.7539547660574,707.8912209634883,1289.2770906206301,1239.4996722732965,958.8160506561227,805.5180128839097,714.3705515796489,784.2765821804032,476.4949313380523,584.4765398261281,396.3095810771487,196.6726250087187
1984-03-31,2796.7597445949164,2687.1404290000205,2368.0127955038465,3033.1287312652444,1098.5023828768153,2038.2988856067002,3003.1976407648185,1925.0281745916575,1516.9740659908814,925.5646142377666,2225.8991857848378,1640.6214711931052,1870.8427022906476,1574.4774745490483,711.8249724783825,1333.0609406181068,1277.000734857925,976.4630600684486,823.5036190755816,712.0859945556972,784.1863903734526,479.96047897367396,604.1874266552245,396.0499983015432,199.63530143185005
1984-04-30,2739.2331934083436,2660.7231514425216,2311.123656104662,3017.1987391686393,1070.451026027673,2012.9954432407785,3051.2878445863853,1946.6327657950994,1495.367804368973,922.2779342926083,2238.8338859534338,1633.8014077373557,1862.354688950355,1562.3114871032078,730.8235809938305,1330.1202081831032,1259.0346115192087,969.4549846863373,810.1702719791289,700.415617190924,791.979634720984,496.0809115809628,609.7344714193463,400.49486743248144,200.34221003422022
1984-05-31,2608.432069189902,2536.509951840579,2215.6650046129153,2921.34836962273,1012.4208054556867,1936.0285624684675,2917.324103057665,1886.0029416716454,1429.6837735620659,864.7241020810125,2096.591813843268,1560.78192142135,1777.8577943579883,1483.9271951722656,675.9884260647015,1208.2146911031218,1201.8127474602722,929.495019672551,772.2340489937062,684.6562658041282,757.4873376696156,470.3268710562371,583.7256378064826,384.17870653328214,189.30215220807446
1984-06-30,2697.523066513083,2608.280500927908,2254.359378253475,2967.3946626247234,1026.751621956912,2021.37838164489,2943.2737009543634,1905.6173722650303,1463.6273257139765,896.9809052609404,2132.724477163043,1611.2076637386313,1857.0471362342819,1535.382370664864,702.114702743676,1258.2516943204666,1242.2537464123104,950.9570596767903,802.1658407327022,717.1343050850786,783.1275265623945,475.1693565206322,599.9327801401796,396.3710019638224,198.5754967382914
1984-07-31,2511.245611155022,2489.0507826694916,2160.7223071183384,2850.5594325732004,967.4813578278272,1914.4434224991119,2775.6071713057972,1827.1459544925285,1379.3999640011143,851.4609182807583,2029.3961089689706,1556.708564512672,1811.0220800098514,1488.3612855632525,669.6770034769182,1191.1378071971071,1184.4802514279131,927.0024513435319,780.7223434782356,687.3789684984886,771.417420657707,461.0668051884564,584.3459265793575,401.39500441371376,198.1932389070702
1984-08-31,2755.039846331563,2758.8116174444285,2377.023574394727,3164.032602813843,1057.216221247716,2158.904446448291,3119.9101384775963,2017.2239481383865,1560.3689628782763,974.6766792260852,2273.518255105175,1764.0014336717443,2047.4093590472971,1667.1358013786826,765.6825683723727,1335.336950136389,1347.210070770337,1022.5699150598906,876.0649367861412,771.4344182823577,858.3808493232917,518.5627579290673,637.4734895320996,443.0224761364468,221.30078682448442
1984-09-30,2732.848000369362,2776.291447852556,2386.068149095299,3137.160473918145,1039.1357094319376,2116.5661713489935,3039.410217084597,1979.3082068091774,1547.4974793034935,946.0699186907997,2280.9844890549407,1745.140730342926,2090.8922390147436,1637.8158840398355,744.5390099293379,1322.2439713403019,1326.8510321808558,1030.6717364969102,883.2977289042475,764.4853370424702,849.805624638552,513.8386512043336,647.5073222573349,437.77886210889585,221.20031626726612
1984-10-31,2606.557628576293,2710.590510739125,2341.007252099634,3103.693245982386,1004.2051625593832,2067.8534009153964,2940.7388037971627,1988.2586385203683,1535.1747568757996,921.6736136975201,2208.6430659845632,1721.2043800855427,2112.773426296033,1619.0628921675795,740.3122619699691,1320.5951331080405,1319.642250523017,1039.3592685638425,893.0449193427058,757.8014417407079,862.3377081850969,510.56087444830104,646.861109949722,442.4740404050138,224.61697635233034
1984-11-30,2508.4155207451386,2640.5949319803085,2304.6022483222328,2988.7914183228722,960.9199032324234,2000.2159840248548,2927.76426419481,1954.3409344058493,1471.9808231837642,890.2279533453881,2225.9764967664105,1718.2645630043562,2118.3976291568333,1620.3468090410684,712.6282849336021,1311.349646581151,1314.454736836211,1033.3153944171438,881.5987626114904,732.7864161488471,838.8631510928822,511.89343833061105,641.6959239867734,436.9232035681329,219.52266332865946
1984-12-31,2491.8298773219717,2689.0128806530993,2336.4541559962945,3005.9082267756075,966.0473718360716,2008.1448401855293,2984.665362669436,2001.2470711725239,1488.7584606064129,914.5356276114837,2276.76660249313,1752.6917117887117,2163.483485898178,1678.8640137027776,722.5865525872642,1339.2132038717073,1343.519959977133,1051.0377867467923,916.9226618318075,747.9016015547494,863.3051067262753,523.2021881702109,659.6364586295956,441.98364811185905,228.4800660831221
1985-01-31,2794.1860228063424,2975.900975877098,2601.707123418242,3417.9220556032865,1102.0649096958468,2266.8079526153074,3340.4046425806437,2239.7036646910146,1628.2521508483126,1050.701751742185,2470.9133209875263,1936.6209327155307,2369.613701984099,1852.10263354874,820.5555599735981,1488.6774327030132,1485.0060469623252,1131.4148504504665,997.8410867384646,830.558190755377,925.5778939897618,555.0803742932337,688.7660046426786,485.4430162634019,249.14951526133174
1985-02-28,2890.725149894302,3087.104443543674,2719.642507322791,3505.253382046006,1145.8874187649924,2332.411641571947,3430.1746769453557,2280.7417549391484,1667.362767511689,1084.9346655156971,2503.65045157729,1955.2822120231774,2375.7201964941123,1875.3743031392798,833.5859822659787,1495.881142799863,1521.2639546049572,1151.1410683680704,1005.9804764829902,844.1535977798519,941.7218236167313,565.6774137188659,713.4837502512903,488.9896629402223,246.42780595661696
1985-03-31,2829.0110586692085,3079.118104348226,2695.192921181959,3429.9114658523094,1113.1345186744327,2228.992509384647,3381.0888773182674,2235.3549940158596,1638.2789587579825,1051.253953759428,2469.055009637395,1904.1730902831034,2384.8144534062912,1859.2704639982226,799.4939827632646,1439.9875438991462,1563.351243173058,1165.3829856659202,988.065976157781,820.0547008704326,936.1675483010399,570.3793243816971,726.276513893296,486.70950414193203,241.34375389192599
1985-04-30,2776.278292535615,3041.635999663995,2649.512096360846,3399.498440884597,1099.2181109219648,2168.972428084446,3307.7327730359707,2200.858995748207,1622.3876528580302,1013.528654374817,2465.7909189146544,1882.1322867630765,2339.6627613599503,1873.082984275265,790.1630884904346,1381.2230922201659,1551.443196753809,1155.9795103545819,986.9524258026512,805.3781818889545,915.2470120991566,570.4283770035939,734.5858434887492,481.87404521828194,232.5774247193096
1985-05-31,2827.3479317268075,3098.0370560057645,2717.2415740801184,3514.0955333268166,1129.2377575312437,2238.201690044046,3436.1323438196814,2297.7650181899958,1677.847352383329,1063.5655505126474,2547.1151692113785,1977.833067148119,2437.2290381714215,1963.39929961105,843.8617818211561,1444.4112862430538,1609.9388110442146,1236.8738005096852,1048.7780866122068,873.034781436718,976.1933106348395,600.0336097700805,775.005694940874,512.5911062307213,252.18905090391593
1985-06-30,2813.3214586375107,3103.294424889806,2706.4894491714836,3574.2884757171714,1136.5608643888338,2259.2788353591905,3476.950159931915,2317.4384822757384,1709.5133654648596,1077.3685042272004,2586.136973603697,1977.0063329260508,2550.77710183079,1999.2097394366556,850.312261281397,1481.9977567336705,1642.660817378688,1265.309529183403,1075.2964405321964,883.5356437878388,993.2044552659621,610.6482043269132,788.2544172958884,516.6159715968449,254.9303458872415
1985-07-31,2884.4422251118667,3159.0016631110034,2751.571443926333,3694.7455716373156,1168.6516603948526,2326.4968992687973,3550.9083667838268,2356.78858770478,1769.5104465392142,1121.5707792186342,2670.641585353171,1999.8447100840128,2595.4182518899306,2070.621511329333,863.8883468450157,1523.8078774466408,1642.0891714142404,1246.2805391740137,1082.1288741153378,878.5807758974768,983.6855837666931,598.6581268349543,787.3368891541559,520.4993738553384,259.2888900108756
1985-08-31,2841.764017949112,3164.4067149565863,2695.72279832896,3700.941659960951,1155.0964697859326,2326.0060084230518,3533.6367484877906,2348.520973339112,1765.5219699927147,1097.3751327985506,2661.929952501749,2002.186528239521,2621.79808300214,2019.3322164937053,831.9002891380384,1537.1396725664213,1651.4720689397013,1239.2116359558188,1073.4372149984433,869.6772383145318,975.4924665395004,600.5433012763576,789.8154256812131,517.2306377875269,254.31598838935705
1985-09-30,2660.2207654264503,3038.912673454838,2551.0352685742496,3499.040488643441,1077.7130919855636,2179.7886187215618,3353.61562433608,2204.5730773202376,1655.1291777749802,1032.6892582206074,2527.2709019945432,1892.917198460849,2508.961137105894,1952.8921479066294,783.3397735601837,1462.2302449032418,1596.6167726978001,1180.2102915446903,1024.2072374441848,819.5916564827596,950.5169329186895,583.7196812344017,765.991433180965,501.2373492364988,247.38409749382834
1985-10-31,2682.4070066101067,3136.7960506668187,2648.2271612716604,3587.468239872438,1094.3497489865447,2253.652935855561,3446.1519402583854,2311.018683785568,1708.5137142749345,1066.0606116000063,2553.98920997043,1939.6343949188629,2638.0948578715975,2016.2263931553894,796.0580781237068,1514.589785512737,1692.0178181000392,1243.9310253954795,1070.7236575471875,852.641690030427,1010.1447611545448,608.3719145319742,798.9474486021429,519.3169804234594,256.37527251724157
1985-11-30,2804.1909671172125,3323.0307689909587,2775.0640011607666,3765.2990405229148,1164.4877187488412,2398.1661767143632,3651.2393345270425,2508.449009941369,1823.1549845027826,1165.7788551484593,2655.4030135199355,2042.9024697387383,2765.3486395307496,2198.3460745699363,874.2134681177362,1598.9736408227936,1805.9193815610797,1324.655929288519,1150.2259598437238,924.8399777754435,1065.3875578525647,644.6661662091228,845.62195854948,566.416433962965,280.6850322325989
1985-12-31,2914.064777590799,3443.424173751501,2885.250692390856,3896.975313269042,1219.365366982599,2464.5378238211097,3751.845583150601,2594.937823355137,1933.825961527055,1226.4529814435161,2748.342118993133,2130.1139761718846,2894.4268179781266,2340.007495615223,913.1710428974667,1657.390543816614,1855.4665857135894,1381.2041662539168,1204.0668867980487,956.8792091255182,1085.2527742562834,662.2404105661496,884.7057598516784,597.8004357359849,306.08562422448796
1986-01-31,3020.2037589849892,3462.0909761974076,2968.3141745740963,4022.500785084751,1252.652822135857,2536.1277185274653,3824.207428912827,2599.4633949190684,1925.1411491338367,1239.6790503954028,2760.6601883704607,2173.2594347592462,2977.6386945681793,2392.8986850386136,918.4646954331434,1661.719647917063,1921.333794039836,1396.02863057032,1216.6120596915976,970.6850623547812,1078.74993963294,667.3635023822894,885.1339574394466,605.3117982110075,300.53567968604955
1986-02-28,3197.607507584009,3686.9537851014293,3119.7694370175645,4253.613567691796,1336.2648927077812,2710.9379299101265,4092.1734676641777,2797.903831023795,2038.9246916122431,1318.910657543324,2982.664198738648,2301.1253268627415,3135.003921937413,2540.121776635615,995.6827777722941,1730.149263018288,2068.306222614913,1503.8969707972278,1314.976361329723,1043.1302006135056,1171.850374423021,714.9051435649989,966.7495042530655,659.1548879736749,313.5906490759318
1986-03-31,3369.6515819220585,3859.422109260904,3264.5672958978607,4477.451474464441,1397.3696137215227,2895.360326343983,4313.650080081098,2960.881729180931,2112.729687599223,1382.656247443708,3150.5464358288514,2427.7125322187876,3346.7891118838947,2688.85352702296,1067.999217921896,1832.710781180749,2137.803380000997,1575.24485088579,1384.4123731133777,1109.5765512623852,1229.031985293367,761.2445800657385,1040.9194929688651,689.5610438010126,316.2085038144177
1986-04-30,3432.3338406489725,3929.432026322897,3295.110587518281,4553.550239724439,1428.7028325700005,2945.308187333743,4316.553166584992,2971.691908374171,2155.839936874685,1396.5021671056093,3133.5366356218115,2441.732572092351,3407.7776498697554,2692.6824544454407,1098.8761433112356,1790.365998581568,2124.933803653391,1572.831575774233,1384.3943757525271,1113.0328822195675,1209.757076668011,749.3212062081689,1032.396444160436,677.5695772493129,324.3790153444785
1986-05-31,3642.3823746951675,4107.3331318826395,3378.8459377682957,4736.735012318314,1478.6574271108104,3042.088069061342,4443.364865512926,3063.757895387511,2228.597378904269,1447.595991893502,3271.2931731970175,2537.0040935902507,3686.4963760749533,2827.5912307780663,1145.6849703878645,1889.4162070870943,2262.1684034947384,1642.99244670637,1450.1005016144936,1161.3963870177722,1284.342229715824,794.1366089090671,1103.7340060554782,716.3800850645765,326.8815994478611
1986-06-30,3658.456208114698,4135.164421184276,3367.5842442577136,4748.245278398247,1471.5983165537837,3045.6564383663517,4462.515768083287,3083.607982791726,2217.378619698865,1454.5068151588018,3311.6642022474416,2597.836377746358,3751.463501710522,2815.517416222644,1124.427931447288,1897.5180237830841,2324.1880124449503,1677.9158941535607,1462.388653265175,1180.8451309147717,1302.9664763889332,813.8979042851602,1145.7288775178772,727.5735238937104,317.0006224597512
1986-07-31,3279.2828313370665,3800.431131618251,3166.4519076851775,4336.03586104466,1338.8910519652798,2756.9038427577143,4123.047731089423,2829.315166882823,2027.3559241265311,1278.8038463944338,2975.917750430989,2389.809434125563,3579.1400257594496,2616.299850402979,998.2794862461482,1770.2894402884283,2185.7942372439156,1578.0345947222816,1370.7422187536997,1073.2630544176504,1214.8729129202775,790.958191852883,1097.6896114124302,680.4980617507396,297.6718265058903
1986-08-31,3347.603409845143,3852.174001475233,3228.0330643858383,4383.094858244578,1345.2132955126597,2869.799055118643,4303.488791992821,2973.2141362704833,2093.8815814208187,1318.2114657249247,3137.0160819328203,2567.5467311697835,3821.0326252603763,2760.596636052254,1045.6528392659593,1922.6193060463668,2377.733200804779,1674.6182020922588,1469.0120991583713,1122.786631537644,1301.0924435502297,859.1031948719682,1181.1711017395683,720.9495885334505,309.62305266827525
1986-09-30,3127.4449239932674,3683.2369106405367,3048.3672000882516,4127.954906546161,1258.7766152094937,2724.4896497617656,3985.2242783809916,2842.8089642536597,2014.6532901430178,1212.9232795345433,2948.280646379414,2433.949572106826,3599.9018251713073,2591.7695881778423,977.327791442643,1832.6637939550692,2216.7773072427008,1549.7352242894306,1375.800343442574,1051.093336754071,1199.3053795064081,786.5072566988971,1076.3090936693327,660.9961417005974,282.5260815909585
1986-10-31,3189.534088069305,3758.5554222262244,3118.6686444566863,4229.989695926169,1282.168461049932,2785.9078199363453,4218.296135077825,2962.6532617597013,2131.7368807529692,1278.4550984812358,3030.576004061803,2534.1844833853293,3730.520662995823,2748.286553607902,1024.7213480330709,1964.2673809989826,2342.5882865379526,1665.773198943326,1435.4013901208496,1117.1450931290335,1272.0636389649235,834.4118406899134,1146.9192754504156,685.95072903822,305.034369459147
1986-11-30,3198.474352118164,3719.6618907170277,3146.484050096595,4210.569813232171,1275.0703764495593,2804.7851313242336,4222.5186495090375,2946.806029462549,2132.0417191269166,1284.8039065002936,3059.9180409331293,2603.522305035235,3775.2011089765233,2750.4824345642346,1027.845723423224,1940.1834986405543,2356.524344254567,1704.7956019017722,1461.1410078484967,1136.7666295447518,1286.329832675915,853.8461268714223,1182.844227915349,707.6507803513441,312.0550405066187
1986-12-31,3056.4940756276387,3565.8687501834415,3072.1578038652133,4159.3355997447625,1226.912243401436,2760.1245376781576,4099.723584662665,2893.4305318508937,2074.107749493081,1253.990454410697,2983.413970073719,2564.2299464076436,3692.282591818963,2701.790644025144,991.1053780394607,1872.8824134397107,2269.0572301688703,1658.651899345097,1411.643395066621,1077.0943388600592,1245.9815248143695,831.4967045005628,1161.4607699630953,686.9392573120209,297.42652431774945
1987-01-31,3454.333457499483,3943.7616909841317,3359.668764097743,4511.656281056742,1352.1493106466376,3142.683318849426,4528.120100918406,3197.85414496799,2336.1733377492815,1421.6489781654072,3378.149472454173,2873.888918965777,4107.040387640579,3052.2291012990695,1125.7510080676334,2104.7321460466533,2561.202886667573,1873.1786187025928,1602.220899974195,1226.7576743390034,1427.1173349657834,945.1240551573828,1319.8166542614035,776.9344824732115,334.87460571502436
1987-02-28,3784.2603003587155,4291.463440469748,3596.498534616521,4858.548509194633,1473.531754263386,3367.457457863494,4967.619437913546,3461.8434003433877,2489.1903551985215,1552.528826393271,3698.7730170342707,3064.154734845906,4347.524030498485,3232.0420221148006,1214.9521406938886,2194.0864445749176,2670.2332935530117,1957.690818442598,1672.7122106894594,1335.5465448993864,1519.0550879189489,953.6405680184063,1351.8367261104397,822.5490828736962,358.318172237316
1987-03-31,3934.851154751191,4431.579721801086,3715.9094789628584,4955.325936949282,1497.2836126103575,3471.1852499380625,5072.570333778345,3555.62473805869,2550.994462527746,1528.672668446912,3739.0489564167565,3104.3196751102664,4422.284053726938,3302.8075821890043,1218.8229782141393,2281.1280479176494,2710.9650322128696,1972.5908032617647,1708.1603278583905,1366.4150321916457,1580.8745537768984,987.2115769343584,1387.5333267001117,846.2837366600168,364.3411423944531
1987-04-30,3927.733009012246,4422.70769919804,3628.9720607930435,4820.605490701441,1457.7523306702187,3303.0688059130625,5002.365960358853,3423.51550091612,2454.4010572041325,1499.054635495753,3751.5074675395367,3124.7523072118424,4249.151633023528,3244.8135838533476,1184.9750452861545,2259.867934511057,2700.923617733553,1954.1056548443987,1664.296478799315,1328.6309237214823,1607.5138708825928,976.5980652707372,1361.297846558866,850.5346198692599,356.0939162952123
1987-05-31,3949.877567717057,4511.144162351205,3697.50519816112,4805.179553131196,1452.3615625514005,3314.236481545855,5005.632505330967,3412.368534445137,2459.6780194771213,1505.8018804101196,3858.3053821254525,3135.8795501778236,4227.425720723878,3331.0250359627476,1206.361474903479,2356.789150486367,2694.433298280139,1993.1799515186672,1651.0070714161025,1324.2982582792265,1610.8816124420919,983.2194001532728,1375.7289650302364,856.7392699212062,363.759193937383
1987-06-30,4005.58269105457,4576.785821057577,3838.19527095115,4903.623266636196,1465.374722151861,3391.7564728492125,5084.130834279567,3540.8237355557894,2566.6002229837914,1538.2519109329576,3933.295405532443,3238.2440663342786,4396.632662621571,3515.9069185337885,1224.793471878529,2450.110930478176,2832.320922319625,2046.6988263968947,1715.3385619538308,1386.6343015946882,1685.7280048009886,1034.7735261809096,1450.913928698104,888.6031168481157,391.8359473214399
1987-07-31,4165.810004279445,4721.371061930607,3912.8980655096725,5015.832877846631,1504.9574241466273,3518.499628726642,5355.053998176657,3592.7003441054167,2652.5068990472823,1600.3172990352805,4149.913783401331,3418.9801824085935,4535.7069470056185,3637.061555039544,1284.3196594052974,2567.4246919404018,3007.0128121664543,2137.2406890790403,1797.599338030889,1482.2607629355628,1824.7331360768783,1080.580880637886,1499.2728899416118,922.7743497065098,416.5306242294791
1987-08-31,4190.675724194988,4780.709253436949,4023.863941749462,5067.962428946092,1532.3912930313963,3597.979016839948,5544.756786062065,3652.6948471516334,2776.087195473895,1646.147185845053,4251.428974370894,3511.155888126329,4659.622460797811,3693.5596692355284,1340.8721069678909,2672.252642112328,3086.0762000367467,2228.6761202392204,1868.9712221480672,1498.750913923221,1880.11926095622,1142.2550344002932,1548.7503945825752,957.1864507557651,433.29764797721253
1987-09-30,4186.640103472589,4813.2467606158425,3984.5346955828027,4967.596501003243,1508.8874753788807,3529.664189247208,5534.659783954647,3614.8529285351424,2737.879907402588,1619.7034774516383,4197.89923215459,3430.2904568668914,4557.63730399833,3590.815919916404,1314.7519183241563,2595.1848759138084,3079.8886172556727,2216.2245067554436,1853.0214217382554,1489.3012894109352,1872.2848039958155,1111.4849682836182,1525.7344149686833,924.8756649240536,420.56216350786633
1987-10-31,2855.0582853626142,3391.2933363609072,2840.056794970554,3476.830726245172,1015.8102083996195,2374.6451172714656,3895.371041184255,2684.4295481124104,1949.688088139901,1062.1124568215246,2932.7825384593934,2442.3119206419165,3500.6574062788613,2586.6909285187407,891.5332758156104,1885.8923022929296,2303.812123702354,1741.7485696551573,1426.7801692029132,1046.2803241511538,1490.394872524789,888.1342868769616,1235.3535896430137,746.2461038762867,312.4726407403826
1987-11-30,2686.846816363905,3279.5129167011155,2716.03719484778,3303.8375366301175,940.8708418953543,2262.0703161969777,3770.465968748682,2601.03505977075,1858.2769621274617,988.9945110690172,2836.0095130378495,2319.6077274369463,3380.8964157526552,2496.2731471123684,829.9729031205425,1755.497936727792,2208.1209833322528,1656.3593460278132,1348.9378967315406,982.420604566588,1345.950272664304,817.6732650932911,1136.976206531792,670.3469051432374,297.72643187856244
1987-12-31,2785.634113261157,3410.122798121654,2853.3328750473356,3545.8072939753706,979.9790793095765,2433.139383859374,4169.222908671604,2786.728154757903,2064.456507629428,1095.1235120518336,3149.8763578647745,2548.638835620888,3623.4486864115825,2765.825714083856,931.4180011502572,1975.022953715602,2403.095858039507,1767.4381164911304,1500.2428648563307,1106.8117542549955,1440.4144466009757,868.3281238658203,1223.7991205911794,718.8887355853747,321.3679946547435
1988-01-31,2974.11290299852,3573.83256329108,2990.609572998738,3729.2212678708347,1037.8047048423969,2520.3430993768943,4272.273591305241,2870.73964843939,2130.2115118539327,1126.4002395560337,3237.931151448884,2617.796150425461,3765.7161521861603,2830.747941070547,945.7720839659838,1978.1750903497318,2497.953260843901,1837.479921609557,1531.3654030877751,1129.3896072300433,1513.6840082562276,895.6491999551345,1296.5246071314307,745.3395277225029,332.07372666067687
1988-02-29,3205.373974109879,3814.9125865130068,3156.453826869383,4051.358859432053,1118.5230791756287,2786.405639005716,4737.818972276183,3063.6992846488915,2327.5159625048677,1241.9880529385553,3492.0277985588355,2890.42391271537,4025.3472180147874,3036.670700043724,1046.945106876161,2191.948559663466,2695.6038126081744,1934.939856651728,1654.4488973609552,1247.4130799647974,1571.5264152637226,933.7760907480247,1335.8598671871912,782.14439360144,357.8436440707254
1988-03-31,3328.3225036348113,4079.8697103840946,3343.0475948447665,4316.410910092676,1170.545587588087,2961.3529034563285,4961.624064888564,3206.397206229983,2413.648018213323,1291.9793140573852,3554.1858933731833,2946.3044782198963,4084.36685892532,3055.461618335595,1073.2925274358063,2276.9084858360216,2779.930386677996,1955.9649131341057,1631.033482116606,1241.6051246644813,1499.3210625880156,895.9927087880873,1285.1145584123512,757.2260553656918,360.59080972625634
1988-04-30,3410.9414531425386,4202.698267884918,3395.663820940028,4463.043705119435,1187.7139797212415,3070.3425357151355,5070.824448932696,3321.4363251951027,2485.9971175592677,1326.7477693779833,3578.5000790697495,2996.8925261109316,4094.945369089937,3084.1554583933844,1097.8580468037571,2263.782108415177,2818.913350490381,1972.8566261239318,1649.9404222413016,1247.4245278837839,1503.5626418740771,910.2497447703232,1285.5322206438352,773.6374156636324,364.2691965762739
1988-05-31,3318.2150097388585,4097.992243238834,3343.336641459342,4416.056780991938,1163.7209696168927,3024.4347741211227,4940.047886394722,3235.5938033704356,2437.2740600522234,1297.4120494492668,3545.524200841122,3008.9969750238934,4084.003675063728,3070.4494715362844,1104.124620534913,2278.881535078306,2823.798527326781,1985.849859863584,1623.5314758429074,1244.6926681677182,1528.4526178476606,916.0143564039537,1295.6635000747292,770.2643565313389,362.4926557045714
1988-06-30,3489.4315860263737,4312.120533932549,3535.1472079165064,4774.8702265610955,1228.8299941459882,3281.4330946172918,5400.559150364438,3402.780170784389,2629.4458078651614,1416.646811617753,3733.34479985648,3172.069566085313,4297.48271516666,3308.218937713111,1197.5622706723004,2449.711052710846,2954.656174881631,2090.3512370391854,1706.052333697051,1348.4676746835337,1570.0586265580916,968.6293050214405,1335.1760541730084,812.1736699058525,378.44052009229404
1988-07-31,3484.616170437657,4353.2624759468,3510.2067443646556,4744.306282240877,1218.1772669267368,3257.56723172014,5478.521622259099,3318.5749726781587,2591.9052100662707,1399.5450513079036,3661.634712940837,3118.0365330966156,4207.802845866561,3174.3915570258023,1163.5718607438084,2432.100079952908,2896.6533195125303,2007.0800051604926,1693.988837645479,1308.3548067647228,1567.5543830487316,970.1568334354592,1334.989129525424,794.4674717282351,376.87150569599135
1988-08-31,3401.6439748033663,4262.566605522925,3471.134633093133,4639.708561636313,1183.0718344484421,3158.934611078118,5292.914788218583,3232.49445646186,2544.8958252712987,1344.5737207826317,3501.811680990395,3044.6410711440544,4138.929528885417,3102.850294505112,1123.684617357511,2408.080659563293,2824.8192138419386,1963.6066522487163,1640.6519051033733,1267.1259300939528,1528.511306030137,943.6405068640012,1304.400523600608,751.0863699019866,357.68949979907677
1988-09-30,3457.247247215502,4413.836569219722,3492.853522492396,4803.745457832965,1201.728877277694,3286.078570239401,5464.410520271653,3352.7885051646317,2592.844207515235,1360.053798030002,3628.6613073225917,3154.7231137123395,4219.005398480764,3182.9938147618846,1142.0680976974795,2481.0695843546564,2913.038317890223,2046.1566759092523,1695.0969385742287,1301.869255971199,1602.1565092659748,976.2508355002075,1373.4254861079814,776.8200911075685,379.9556711615692
1988-10-31,3406.4568279066593,4291.869023302474,3408.218188788883,4706.839500712101,1170.527188708056,3255.833503078918,5460.487073518098,3304.5921704028897,2574.507613279688,1340.2704554838579,3559.6949705156185,3164.7172765365804,4245.171669962141,3174.492038282656,1157.3992198409705,2471.1974084785093,2934.7899750099086,2055.877966276497,1709.9680240163402,1310.779249159066,1683.9305774989105,1011.4661556383711,1399.964186776046,805.299092467663,390.38431446794084
1988-11-30,3249.7836590207485,4172.829744072156,3282.0084610398417,4497.789931127473,1120.3349828562546,3164.7450491632794,5260.092658407057,3162.577321879826,2499.195542068417,1287.5871044196983,3528.106237347263,3011.2474769282153,4120.159854625096,3153.4610285290332,1120.1483259503889,2461.79203114184,2870.324378418841,2023.2141771482957,1662.6241393353996,1281.8844313906036,1710.967766851233,1004.6842750648159,1378.9087254069343,785.7061655479248,383.3745737173545
1988-12-31,3376.924945112617,4354.765120913702,3405.4874653695433,4648.830214804666,1153.5966081622742,3348.4521697771092,5476.024722127325,3299.1026222880564,2608.6103229001724,1350.5076234513758,3712.9190263782248,3181.8918601982605,4260.331813039297,3262.0441521243733,1148.5586479414685,2533.954540950701,2967.780502039296,2055.9760843188583,1706.8466161934425,1335.4761738137504,1729.8106548675655,1022.714339065129,1405.1217802769202,807.6642957564926,391.95526342629637
1989-01-31,3616.4569853193457,4500.0879877637135,3537.9404948476263,4889.672161743051,1213.8478054099814,3469.8268640271904,5823.796100180187,3435.3060740492188,2714.848586910605,1411.4506304672427,3904.769265390214,3327.5397782069754,4417.286697363477,3431.5171319596907,1223.4354833180687,2720.66137943703,3095.4514514565244,2131.862161591067,1810.6058219918416,1402.2232729809616,1846.3341602007542,1094.7522916801986,1502.2662796781453,868.4903015342097,416.2545299824096
1989-02-28,3629.0386391712714,4522.066417495952,3604.821721962226,4857.874623675236,1214.959689999737,3505.7048738012318,5899.983000762743,3467.1960203346175,2772.6884360547347,1435.7487530707363,3904.320216924694,3333.9452922800233,4419.508592572251,3476.686191967676,1230.2023049763009,2738.7184090123537,3066.236580657678,2114.014211574227,1804.6579818665987,1416.1333278489326,1830.8748042773934,1062.497604910425,1465.8693722541034,837.8456212445751,399.4515833706096
1989-03-31,3716.3932282547626,4716.2665597953155,3750.705252228315,4967.672305919544,1248.52902623443,3678.602732472235,6020.23645428429,3520.954894629906,2813.840677822659,1466.7034961869413,4061.4300624537436,3362.3938474590486,4451.563288394177,3524.702704964942,1274.057786946401,2758.470046178151,3150.1441446873755,2108.428986027248,1805.5242176978948,1433.4667997818035,1867.2542866383853,1087.8700477156858,1519.414648683801,827.0432776498689,405.24203352315
1989-04-30,3846.2960371551794,4948.547404131794,3835.182386624254,5094.402594115858,1279.8908268444122,3863.8130228467467,6282.195003119561,3660.972707924654,2983.7600748343357,1531.0580454891356,4268.428968446823,3532.2149111188155,4620.927465264422,3638.3743672000605,1334.1818479701885,2952.0567155488875,3289.654578423145,2222.0374650813537,1916.6181228128462,1508.0070733704574,1954.1656374099691,1139.321949492447,1613.7672595377676,869.0554220679269,422.5531627111919
1989-05-31,4001.2633044921613,5093.069731069463,3998.3847379046624,5205.812084446577,1330.1367809246703,4081.2297816423334,6522.495244183888,3708.0271901396095,3085.0736481753356,1584.9451644581711,4524.410922113548,3720.160534324537,4853.484881808785,3837.95739311282,1391.5743485243222,3092.261697197166,3372.886128911829,2329.68407007722,1985.3250492794411,1569.72527886229,2061.201151867825,1182.3974337588575,1693.6971519026733,886.5425552707777,438.2408714300076
1989-06-30,3906.2973212233446,5028.092347440479,3995.513897662847,5133.118124499365,1305.0131574065651,4004.747535534356,6426.686311542072,3603.334750453208,3052.6803748694947,1530.402446513672,4402.233729572793,3699.7294126700262,4860.085621248045,3731.2583396268906,1345.250230036296,3104.754434453843,3369.8741415987106,2336.3656039902016,1944.663606945149,1561.9441506549695,2024.6519330429048,1182.6185420789704,1682.0224974346083,870.6654646484333,444.70098011575726
1989-07-31,4047.3888741686105,5232.569778933841,4148.350295276246,5281.860488392984,1328.2175963584114,4206.094227378417,6660.662680086385,3765.398334189591,3152.087858596745,1613.4788129202202,4598.56454944428,3846.3422898353137,5016.92544433134,3960.1449199546223,1405.255116547065,3401.947738428634,3618.614661612536,2512.452806831736,2090.8867528785686,1647.5261945576567,2217.8766149247876,1282.4930431946236,1837.28158406031,948.6004717200439,474.40878439141034
1989-08-31,4093.0879419468483,5291.938515645625,4250.495124596833,5378.8618562623205,1344.0672169357563,4358.628234534294,6871.918918310685,3856.9577600837447,3262.54647342555,1676.7836541451452,4774.174532458458,3964.594237194011,5125.526829424781,4072.1140574214187,1416.492941714092,3478.556199550308,3709.7349974066015,2597.7606294349007,2188.5018918234573,1745.8176073249665,2283.658835323457,1293.2929171113653,1860.003245410384,968.388277560124,485.5474282401363
1989-09-30,4080.9887739904534,5352.086688814453,4280.898916223074,5430.864692688665,1328.7892048808476,4306.237523155191,6980.508981057831,3918.43766677948,3306.819229069935,1710.745230276201,4822.670597359172,3983.0851047162837,5054.169244905529,4107.838714047177,1383.362588300341,3419.4833581695448,3606.4856529587805,2557.547294891248,2154.216821186151,1739.255078939032,2268.2578401380356,1310.3320512943076,1860.5352063385712,965.7455459506625,475.24362626545235
1989-10-31,3824.702678983853,5120.352039362165,4110.373588794244,5145.760588916588,1243.4636636678335,3996.4597144519767,6820.383085541345,3709.490896636131,3145.4729052451553,1569.2614674966685,4495.886437682114,3868.455898487654,4798.974131391759,3953.3305764957204,1288.5828839255316,3281.2404849654663,3465.2268229036913,2437.3860503353726,2080.100991453241,1689.6706558935591,2154.4434664934292,1308.2551749930062,1851.1543878282123,933.928093193772,466.63648895015876
1989-11-30,3801.4905584250996,5144.642989436899,4141.990582439249,5158.43459724709,1219.836610594481,4127.1239648159835,6944.957382598758,3758.2892493813792,3176.984252809901,1562.8259262184645,4648.332955011039,3935.0977882509014,4887.45761642636,4050.278102223125,1290.8366153895172,3329.4451889300935,3603.2710638477056,2495.6639507988916,2100.556704603192,1685.6306533553177,2171.457106548328,1345.4161632386824,1905.0674082193207,947.3187541939843,468.8833436444538
1989-12-31,3742.76133078799,5196.44439969754,4128.5539649898155,5215.177377816807,1198.4736120331397,4141.403813734247,7119.025794436213,3829.0014616084904,3225.3157142478985,1560.0737897623937,4717.760456027085,4003.9147783718327,5014.863861571363,4058.419161208594,1292.2126472215225,3399.8130129981314,3717.30017993423,2560.0895156887645,2134.1551090933203,1730.4246023375822,2206.7324272442056,1415.6253603011298,1974.0765700146576,960.1596599070838,477.65333770397973
1990-01-31,3493.998698937166,4849.841558237714,3799.755927218026,4820.9673350050125,1116.2163756712453,3737.9565370078835,6537.707505139936,3535.929689736976,2956.7178721967616,1430.2319683880494,4307.367191717744,3579.571882330429,4582.020931951415,3805.2306234174343,1177.537820269143,3117.2001564796483,3439.881784805918,2381.223741496138,2023.2708120901584,1615.9950842342023,2010.6068760404496,1311.784993246961,1835.602994934409,904.4041486159393,458.9412681994263
1990-02-28,3582.145298113953,4976.165381305132,3867.862752457482,4970.475173998188,1124.179463295284,3918.761494702955,6774.653638248722,3629.9571320464615,3026.815739510803,1473.9055317747468,4344.2296401444655,3678.0029499507514,4739.527901487245,3943.615445499257,1219.372206409845,3194.3072195503296,3487.9610125121503,2379.4806857173626,2074.599169322074,1688.9007024594284,2096.0898379821856,1313.5362262129458,1844.2340002165906,919.0455473778828,467.2343369157899
1990-03-31,3682.377305700479,5095.180328729806,3988.5980882754425,5160.8294617367965,1164.6094535132356,4121.914009349851,7036.521099981589,3792.7389296759534,3181.649471849738,1559.9521367197565,4587.224125065946,3737.660157798952,4887.481743987973,4057.077205481716,1282.6161652674978,3249.07361682952,3585.606481057428,2499.99424400689,2145.4488055535917,1757.0005565839974,2179.7846091229767,1342.560122667347,1884.7112480533444,951.5402407965225,485.25182741593665
1990-04-30,3620.8410985449186,4942.569487523691,3845.682630174445,5031.230712293663,1140.206227024319,3901.956312068915,6709.5410009865445,3732.4230024773174,3088.4812303655626,1525.928020665762,4428.414425856163,3564.6999339968056,4822.942547558611,3942.9232241510776,1247.322416247832,3081.0900126922,3464.6352895995124,2377.4420261714286,2049.6609527320406,1716.034331606685,2092.8591584803703,1319.1337910869245,1853.6059736154718,932.7891888113862,481.1960926423942
1990-05-31,3889.90942141889,5160.5961127573355,4106.000733093583,5369.123135700593,1210.479417208282,4309.605393859691,7249.786532844981,4027.586745936226,3296.119823483039,1679.9887654882189,4813.070931300455,3794.968855633197,5249.816369500476,4283.434073788764,1379.5560548839298,3322.1082789350476,3747.8934769713,2563.7146089219596,2239.104965610205,1911.2967300972152,2356.8963627734124,1438.8306721563606,2034.2083644427482,1022.042189553615,526.0238394368671
1990-06-30,3924.817468566703,5261.960541604115,4177.371237836216,5490.030419593434,1216.9276410637506,4357.627326763469,7189.308813587988,4060.8304469371838,3312.251033899165,1675.444395877573,4843.008232493144,3774.768236414662,5291.867398620176,4337.156903942223,1390.5994011032756,3264.8882859386704,3731.3577709509027,2556.964348356668,2237.3853329966164,1861.5877247408466,2336.068469615584,1435.401938664612,2030.1867345062446,1000.311528519326,534.6611508804205
1990-07-31,3797.30407383044,5033.417809400624,4064.9414683410923,5372.823760165534,1150.808311541834,4195.480013934601,6917.042499508597,3939.6593272310256,3184.9744756705563,1586.560395231872,4794.917160744488,3712.0391378619233,5124.702599365162,4187.954369289707,1323.0830189809094,3105.2189243148396,3696.7233081209365,2536.4268107106673,2212.543643644355,1789.0211736427236,2365.4211699363036,1440.6311079271672,2055.624974289608,998.680020416311,504.2801003039424
1990-08-31,3269.949673273164,4427.0771998267965,3626.187946014228,4679.299669203367,967.486849129843,3624.126959196945,6189.805402237761,3503.247504916336,2731.4595901308744,1349.4775022515828,4268.037278370401,3297.9871563073907,4569.210461106976,3690.3332552219654,1121.2003965297074,2759.4062188085177,3328.9843635989896,2317.431719873908,2007.1288792247697,1602.5175053116432,2206.7960262803754,1350.614713779446,1900.1375012343417,899.0027662585794,443.6459653234967
1990-09-30,2969.2352914699436,4140.0210871128265,3407.4526629227043,4305.559325324425,867.9053627226065,3374.6601799606233,5852.002962216037,3306.249387972376,2475.8769162823287,1195.6046795348482,3971.8610994751657,3138.733952503619,4359.218686735421,3436.969735251446,995.6820121382066,2523.8384693150538,3102.8031789829834,2224.8364180746266,1937.8267332828968,1482.112352550053,2083.37213132654,1332.7906514016988,1862.6686898475014,849.0658596012141,406.0775813339377
1990-10-31,2761.2106669495597,3821.102842709264,3195.3830315403843,4040.763121257647,814.0110434136208,3212.801353749172,5483.777379824517,3157.2830155478923,2346.123634730721,1107.542416863709,3703.2242740121633,3082.192799083219,4251.5590628291175,3324.536144302165,936.9158640997975,2470.065566887827,3063.6271860451443,2212.2616426396685,1937.2996444114438,1428.6481136565146,2106.8954860613476,1356.7342354541304,1864.188627498417,859.5407851111142,403.6971545521581
1990-11-30,2838.215310029449,3916.9475653129402,3398.900172202222,4190.481476426486,844.4013317084249,3413.1098797513714,5875.099733648795,3246.2363072279386,2497.6574141743436,1241.1208926768072,4049.846066059701,3262.1897763568804,4543.913270225498,3673.6889037852116,1039.2720484209722,2696.8793375673017,3312.7736033230794,2339.55075303387,2074.4895187304405,1565.5754634618097,2269.9481277276354,1428.0048415767715,1950.1295874147213,921.8815591736532,417.99166709769554
1990-12-31,2852.72994312494,3923.915815031632,3455.3423084618125,4260.8941366748795,846.9193364795794,3505.0966041205506,6140.6013657121175,3391.6839249732866,2690.1743500014873,1289.827440989016,4281.634955804562,3348.950975648868,4800.208154319297,3780.457324395921,1101.85908972098,2822.855965183746,3472.065009265267,2434.246409313669,2143.6488503058763,1598.501081033875,2372.270579481214,1443.3444695849892,1986.8095748244052,949.7546481152685,434.3568768479045
1991-01-31,3143.948026638906,4242.2474094418885,3758.6280689024316,4529.436989638814,935.6527692012181,3872.3886670731354,6564.382687764008,3571.778949705443,2917.208924095513,1406.3736689019015,4764.676166613565,3574.0976007907657,4983.129686455944,4158.692079701733,1197.1478638000501,3056.850964705722,3628.627364663056,2507.3541317245868,2311.6659035440007,1740.0131847356415,2474.593726385978,1472.6934360295304,2032.5936146666588,1003.5819927972013,472.8265623596929
1991-02-28,3566.963089675144,4834.757862871227,4102.7906066595515,5069.6312333341075,1060.5408938758892,4234.453135055806,7230.496856622173,3883.0952029617692,3240.578616122576,1556.8739343321006,5177.740237525795,3906.3099727842678,5408.270378785618,4471.9247671448675,1292.1882355592722,3356.8533752329067,3913.986249247523,2646.8482714889524,2494.2805749262657,1889.0174737972934,2661.821487724341,1564.1609526478885,2121.037860621649,1073.5045609813608,504.66102915024635
1991-03-31,3848.5712586419068,5295.539295750032,4512.212184088715,5437.1034532823305,1157.9536960601774,4522.865972537593,7447.361148842841,4092.549358209527,3439.6084735675927,1659.208814909684,5592.327076084723,4036.905727794391,5633.660046821508,4673.769563434719,1374.1491509643258,3473.547669116129,4083.990241983589,2678.1498991475805,2602.040978604806,2011.0593367094414,2736.914133714532,1578.7139061513246,2153.3709617689656,1121.8938525721564,511.60667889444113
1991-04-30,3858.1657467897016,5306.310422677588,4441.248623069551,5532.388691301103,1174.664125848022,4477.610175616382,7518.200448090634,4077.7711624770327,3441.7203931703634,1630.9259414507335,5510.192568318267,4054.809404697159,5671.794291678443,4672.222545709222,1316.4280158780696,3476.732912328708,4110.152283473735,2677.3946608760207,2572.835670660945,2003.9361645388165,2696.33664476808,1556.4177296547496,2186.698684144264,1141.6088932434072,511.2894827535266
1991-05-31,3987.425873804397,5495.071803343498,4635.477749102252,5729.319599156657,1210.8919421533005,4708.565308474675,7886.644897450212,4251.427125202279,3579.1861473939803,1706.6906060608271,5943.310234765788,4170.898597953638,5914.700225808156,4874.562487496251,1376.247821347585,3676.3808230862724,4317.1148915557715,2764.575985823466,2692.652627843626,2110.044584451147,2848.1781465815498,1574.660501864033,2239.9513571992293,1196.2828263586205,545.510599123703
1991-06-30,3763.228866623871,5206.470632231898,4478.386043662927,5577.698885284574,1135.2814275013643,4400.672222953515,7605.036468096957,4117.179810869768,3321.370210824897,1640.4710105456672,5564.079495305852,4018.2395383699372,5770.505749003179,4651.546379130811,1292.4838739490856,3500.1939485206863,4139.478565112926,2692.238090578409,2541.083211422308,2023.8133924183821,2746.6064175181587,1500.66563022094,2145.506048174281,1163.1254552604387,506.356030361
1991-07-31,3870.702919825782,5403.722978604636,4574.846000657381,5735.938202660098,1176.213999369926,4578.2041417719065,7848.177089018484,4236.965040287212,3452.949613096937,1698.925914064441,5818.0741601870695,4199.606798173803,6029.699555731155,4804.745059127484,1340.5435943180084,3615.7703527008393,4305.926998216117,2801.9225626266634,2636.6558920871125,2134.127412812323,2913.410571860454,1582.9021067570477,2233.7314023812555,1214.4041672065057,538.7304095181609
1991-08-31,3929.9711229341547,5590.697197387335,4708.3354321105635,5944.055248467215,1230.0951864670628,4833.475648308824,8112.08773999091,4369.8447378806995,3485.4487748554056,1775.4744189744424,6073.731974934009,4382.541670302254,6284.297589772347,4954.696347677794,1413.0187432012171,3729.750281529028,4388.768727734797,2843.7496626415546,2682.3596853205504,2183.240086963373,2985.310631363398,1614.6171333680318,2279.346431349283,1244.6598326282888,562.4232341983601
1991-09-30,3964.8260368234583,5649.354792382323,4767.8958753267625,5984.95034857667,1265.4444318405667,4813.382890038804,8160.711593904416,4498.409939913887,3468.9800293942144,1805.5367518365176,5933.295144209585,4332.164353802129,6363.605425355274,4889.5569547948735,1401.684919862,3671.5102308829523,4364.827994325004,2837.3313196529725,2646.2041591221146,2160.957938635825,2953.9171047639807,1596.0458071000326,2255.9193087278754,1230.2516504057837,542.7412331175884
1991-10-31,4183.597207883302,5883.735224008681,4871.23048263272,6113.740495127691,1315.3497638990632,5113.709102079886,8171.508215343151,4529.997774511962,3501.290109387992,1861.5210299007128,5971.0190347364705,4427.424315777884,6473.186710779892,5011.2482482858095,1410.9682790862462,3714.6908627083662,4469.204126153297,2874.7074851267616,2674.335955537742,2195.5181389484273,3037.4627422380204,1626.779265161551,2308.3198024310063,1259.5168766656363,541.9618567068316
1991-11-30,4113.521954651256,5757.117241988014,4708.224496992381,5860.154766870785,1272.3654489646055,4826.67149647104,7784.1950689523155,4281.898856397491,3341.081577852725,1766.5462269551786,5563.061101226171,4202.515587960684,6305.427603983319,4799.963999641583,1358.3081209741893,3587.198957609352,4330.926950490115,2800.827502759004,2585.1174337250472,2076.6066810248412,2875.0313846341,1595.7077811969652,2228.029514743049,1214.3367467827632,535.9623389530869
1991-12-31,4304.368805737302,6140.506707600965,4959.761390744199,6099.0908571804075,1336.0384331271414,5173.656083680848,8373.941255766282,4588.773983637787,3568.8197214439,1924.9418278488874,6286.014269697118,4590.449801885334,6905.836725862216,5370.626919594972,1525.8988935562268,3931.1324192670213,4708.098716754398,3047.5607999595527,2910.2941854784535,2374.7305659728104,3126.2286267723507,1769.8760940990517,2444.9281880032845,1352.4517653515943,605.4455684996431
1992-01-31,4999.446889225372,6843.901750956654,5336.981003078639,6913.911098427138,1522.275510512899,5638.048627408123,9027.577614426375,4933.693768891905,3721.1833418115048,2051.4105059385597,6708.560148906159,4768.13234236691,7067.681915369522,5494.795813976008,1614.2972682577263,4085.162049718742,4769.699480364413,3049.5112388715265,2933.957787500579,2385.6638254985496,3111.926130804867,1697.94125013049,2416.3151934190823,1322.9006942786618,584.4353963815684
1992-02-29,5210.588529698027,7142.603842877156,5534.097059446346,7158.79491562233,1592.8619036598718,5781.869609844677,9051.293060819473,5123.443631243487,3805.732348520804,2082.214486095733,7095.026881964345,4934.192087454521,6882.671205870894,5599.537611782018,1698.1228825065455,4142.472788114246,4857.266393124423,3100.0294420546725,2958.426995448334,2426.9119530414196,3169.0766541970984,1682.6529871143152,2416.943435369371,1325.4115597964028,588.4557274732773
1992-03-31,5004.212749802277,6792.209126157131,5364.764757621407,7018.360835762567,1532.8428671299678,5469.001081516762,8875.743231904877,4899.041923638653,3619.5445048341207,1995.785927206871,6786.1519816849095,4837.491790924588,6712.001607978914,5464.672748402248,1626.122472288268,4075.526285385532,4792.203309788521,2984.9749493422555,2862.0444023636223,2338.019022025418,3041.8382265310847,1626.6122293784729,2369.5350898846004,1304.4051119851895,584.8025943171232
1992-04-30,4662.309922097536,6412.748778906111,5048.967880164023,6854.51720205169,1419.0369484599034,5215.6058544068455,8445.970868872811,4727.031662657777,3480.4164531573065,1913.310073765047,6499.504921978539,4781.197898953598,6580.520208480215,5337.761188493354,1579.4511312111226,4094.302234982303,4869.559055615129,3052.1368857024563,2828.4897937903115,2282.1193252278126,3061.16910846069,1692.0410796929925,2492.2604207949935,1330.611915090084,592.1874814781598
1992-05-31,4621.496061039494,6379.0882605656325,5088.193311625017,6811.278907541148,1410.0558636131004,5254.769838767586,8496.57068034823,4760.361962911176,3452.4478265397343,1935.8450398138518,6465.798489453158,4705.473286629972,6574.630642893625,5440.107421521525,1561.3316678338686,4105.708961008964,4865.307930559577,3080.4668202755465,2838.188685293218,2282.975119974773,3059.363018686698,1708.9411859969662,2513.7187830180383,1345.3111849160844,589.2733268818058
1992-06-30,4300.468458655447,6068.885956630847,4843.466477915787,6423.935098627097,1302.1217274769722,5002.7037843717435,8209.106204520007,4512.185252336765,3328.0423215582014,1777.022505212404,6115.824214614527,4635.531131697504,6375.892707820236,5126.958518016481,1508.5461668077412,3914.497883276855,4689.9914245897935,3011.9479967921575,2846.9416591986624,2220.2206998769066,2904.583724845301,1697.0520821659854,2461.076484264074,1291.4624141174481,587.4171159021281
1992-07-31,4354.31892469473,6264.540770986669,4858.466693597892,6559.165356388296,1307.9773688854361,5160.604123917869,8494.060699091307,4554.247843259049,3512.425850299491,1832.3874183848015,6281.275607092493,4911.0671021656035,6549.986458207268,5459.047002103963,1541.9242592945295,4031.772325361947,4870.921913767618,3140.33529210342,2979.5379669758404,2339.593086026488,3097.160530386269,1781.830015982669,2561.382578533225,1358.5616353053342,612.3241890334942
1992-08-31,4184.452589123464,6106.856015240163,4843.779548783145,6380.395304599933,1253.5210391092598,5024.900877875325,8209.535147853845,4532.93851760044,3453.7613137477883,1772.017582498696,5924.618496846175,4841.433081723997,6412.390892679707,5364.80201465964,1502.0778525858402,3807.5332121699666,4770.200990434732,3114.4526486259037,2930.751012304578,2315.4204102616623,3053.5432186368394,1736.0066934616427,2532.0112045051847,1351.2118168583322,595.9457416252263
1992-09-30,4219.133332182119,6210.6847812112765,4989.679032572043,6457.13869932366,1260.6097005854228,5180.7984276114075,8473.299302619242,4549.275228017871,3575.5651139997312,1794.1536261392696,6159.037876910887,4908.835513087759,6448.242570160679,5441.738640351873,1530.4686260775652,3876.053579856177,4889.036237508442,3144.015033166661,2991.7633868787348,2361.1545942051503,3106.7481556783678,1724.0942155311088,2528.4714528412865,1370.9962602807718,607.0732405128526
1992-10-31,4318.0340366218015,6353.679587613884,5100.005825661244,6628.214132023541,1296.6038893662385,5475.611762134635,8698.248452505177,4640.010522440689,3693.6410007593445,1861.8901021405318,6343.698150536428,5056.73381826158,6666.515581160617,5599.848356547297,1566.9794856212718,3906.007721921305,5011.213253083778,3184.752035951402,3094.8954543512186,2435.412906192902,3173.7327526629488,1746.7781231248518,2509.8214474051288,1384.2099222373581,626.7490913111146
1992-11-30,4744.1333173216035,6980.539969407457,5570.76696340473,7231.706400530152,1412.027567597621,5852.711668581085,9334.273077600808,4898.621508908921,3987.6437434967856,2023.8466126752262,6744.975120746762,5383.995517511833,7112.1788142767855,5906.171261347148,1715.9475243808292,4193.860960988296,5216.05160601683,3261.3166596477095,3218.8893458343464,2574.250925149147,3251.0607511815815,1783.7486821007897,2552.518529868385,1426.9570930558923,653.0750601425466
1992-12-31,4950.564790358218,7319.668562201208,5740.94832336978,7475.03885749519,1436.42034382787,6200.509059486517,9434.177802350368,4988.726752943791,4060.497994690472,2066.638825453631,7244.602407840956,5398.408473512213,7442.027443325314,6071.355059184505,1747.442025243315,4423.059656367268,5274.054099875738,3374.3538950710986,3290.1587748404645,2588.2960381967605,3228.8039892789916,1796.409730246341,2551.477102308199,1439.4172823924562,666.2880747593507
1993-01-31,5268.193027307601,7712.990952391091,5899.605171234428,7681.544280972352,1509.281329348195,6396.147521331435,9676.438054136925,5077.840378931625,4155.282199380531,2102.753338928433,7487.347300720484,5576.663921307587,7402.867494918536,6094.5294214454125,1749.510996601203,4536.294406629926,5416.57486381668,3484.6244060081267,3347.549014350007,2597.955559011311,3237.2021084551066,1787.533669769194,2564.724371423383,1420.7869045064506,656.8800871437486
1993-02-28,5106.6333517391595,7437.189821915492,5784.079102771315,7466.775984420646,1416.02283600777,6215.59067295177,9598.552404239177,4864.723418227866,4036.943917624373,1974.3066512199898,7423.802184179269,5437.392316536851,7434.470336254344,5990.331251926959,1654.3708390950328,4520.948122652298,5507.064163491602,3536.9669492107746,3307.3683835307634,2485.2328652613687,3184.565202171626,1817.2675048321348,2664.9076348199233,1430.6613734927703,653.6042261491627
1993-03-31,5217.682200606079,7726.585752265868,5951.898373859122,7698.813514912503,1435.174544864775,6395.078284814599,9820.845279368952,4906.92975860441,4099.282405600328,2009.5717166240813,7720.078705547679,5678.970219768267,7678.692686800299,6155.083332348708,1750.9414280855271,4705.782565698813,5658.789288259959,3666.3704220146,3378.311435357498,2596.0419430247775,3201.7140857853205,1858.8393162726745,2715.407634499761,1451.2085321388736,661.2801541810585
1993-04-30,5034.322412712379,7468.347803253639,5798.041800894864,7480.274994478196,1399.2305983886367,6266.063975496749,9534.04713467554,4873.852145101658,3940.1892554389797,1976.351486576569,7618.7217922225445,5505.460642643687,7463.305356935551,6147.8449543498655,1671.9249433188832,4596.674291130521,5484.662683070912,3561.992522470267,3321.5017502605265,2548.0878562532234,3141.729972388133,1835.691190267131,2674.695527835706,1400.805157400626,632.8259304268017
1993-05-31,5318.665976904787,7824.879259033163,6097.22655586284,7790.781209498987,1472.6160455823256,6634.370683848498,9996.238671670342,5147.93322048145,4101.567586773994,2128.63134496878,8173.197126816916,5781.240177154994,7756.687890516688,6605.220027573678,1795.602247151011,4823.699437695166,5609.340035182479,3706.7091546731895,3456.128859202086,2719.4161875319774,3243.4371967842535,1886.4443802956366,2727.108861399174,1434.2928054934455,664.4317886960379
1993-06-30,5328.377860978617,7697.646722281283,6263.028437596418,7685.979620668806,1468.8432032735436,6699.944803687656,9983.533452318648,5234.902404308263,4027.4317526430536,2153.4171283495966,8394.18403073179,5811.337313517263,7687.723178482103,6580.450452470276,1767.7255222639915,4990.314839972594,5649.429988413929,3716.246517328163,3455.109301188621,2728.5099152630846,3246.9206483336,1866.7970620748576,2729.364180427551,1416.9636798174736,655.7171013555006
1993-07-31,5345.918880896958,7623.564570226048,6299.241268022601,7742.89429975986,1466.3358879255557,6812.517276279216,9916.633794654663,5297.841635915261,4050.158550023219,2154.4830698281294,8418.846143414083,5838.621542204227,7669.764657137169,6558.530972013098,1735.4309446977506,4850.3065668223235,5718.290890542707,3745.9764894667883,3405.113869600422,2701.0802050849447,3256.9438923750063,1847.6138554649765,2728.411632328582,1382.6519043106935,637.8947105406581
1993-08-31,5534.196797963269,7832.351133110829,6536.395103281116,8117.425839933543,1527.391181627,7121.546684965793,10355.742339081971,5509.463920061895,4186.0454195350485,2255.920441721778,8896.27048936095,6038.489234836962,7979.83790269591,6803.374050260291,1808.3572238558397,5080.269301768503,5963.857174546172,3844.634272269875,3595.1703002321688,2933.2785649150724,3368.367199877048,1916.2046722352582,2872.433568752678,1435.9572831775838,653.8216656734373
1993-09-30,5714.31830114658,7988.363735331263,6740.487503985964,8368.05948016733,1561.671949307436,7357.754145412739,10647.536090970283,5664.340460318755,4336.6551476845,2298.17834343611,9079.498076359829,6122.677851749058,8037.093239647753,6898.621286963935,1830.543958635327,5127.531047082856,5900.08564977875,3844.172916157203,3586.2039455033896,2913.789862129777,3389.9954856674585,1913.1617392157484,2847.6329773200673,1423.1672116563211,637.3303218001563
1993-10-31,5996.645625451329,8374.24164556644,7034.487347447321,8734.17881854361,1630.9711420579536,7503.481824016783,10931.835952135281,5823.236538911616,4471.0350807458,2385.6447130089455,9193.100756291244,6259.3543894336535,8176.826142712268,6914.460521438804,1873.9370031747776,5200.331732889339,5859.640562649517,3883.2143362936954,3690.8888248765784,3021.0144152662906,3521.673080317239,1979.5178409787075,2873.9080868018,1445.2775374566136,646.9801402025324
1993-11-30,5883.512909081564,8186.005441857398,6909.948783448112,8527.204983080584,1564.3606496451646,7343.882765619946,10654.221978130807,5635.658443520195,4357.019215151701,2309.766897266983,9053.38401099713,6026.96333901715,8014.875924129708,6854.7956415993085,1878.6986770998446,5103.699168628789,5718.733786039484,3832.1228852710797,3582.7531640853445,3005.374623638457,3509.484569786261,1988.009972516506,2796.870106626991,1438.2419264042746,653.7384947470881
1993-12-31,5921.243877367504,8311.030302970887,6902.679517327924,8706.131325240563,1572.5109686298158,7476.212189173652,10965.026941676839,5861.231308380534,4592.564030942017,2372.9505707417215,9384.203716142974,6359.458852504049,8431.320862271565,7130.063670179013,1976.6822066039867,5360.547932989202,5976.025337807187,3980.3570627191357,3708.909068499118,3130.5274390906334,3554.9113380575745,2015.863980241435,2832.2924665274213,1449.6284877356172,631.635596239689
1994-01-31,6218.656114839919,8699.363193877201,7199.06677044295,9085.527116131896,1659.3465968285227,7817.710609550727,11189.184987445537,5990.219425784064,4725.876979632202,2427.5213150170684,9790.830647367166,6506.8647492462405,8586.33912764529,7309.149479382899,2065.0794348833174,5475.285100946902,6138.82422005973,4164.297323301512,3828.781009593009,3213.326759327141,3661.2351812675383,2062.170391731561,2884.6360636013146,1475.9146011037271,658.6544405044378
1994-02-28,6128.417195957476,8732.490368919485,7195.661611860531,9110.7031117707,1644.4705545879551,8091.994986286815,11020.798942569469,6026.088859705659,4665.428287185727,2395.6722353640444,9819.331755381652,6509.077083260983,8599.072668571587,7372.709843255612,2073.2137827773226,5451.4730860428845,6066.834228431089,4148.956051962469,3820.196882569502,3112.0908997745396,3620.6430668128255,2025.828762918076,2801.9422015660557,1432.9891008452264,648.1956666436679
1994-03-31,5797.329456945874,8351.404489219838,6864.697156023006,8591.08327049397,1550.3246153377945,7648.909708817693,10336.793056198894,5742.284178768961,4370.941788270276,2214.7295070992336,9369.714373634482,6094.722254294756,8233.76686346533,6943.2568675958155,1945.0850245741183,5236.505147840955,5757.959564193206,3936.828226937732,3626.975144446019,2940.203895198192,3471.519640820006,1962.8761341103968,2697.819227413659,1378.4194428959393,617.7687138557475
1994-04-30,5691.441234414757,8285.035877744009,6864.4912151083245,8367.749469794207,1519.3646327694987,7711.057100201836,10371.359292178824,5680.738376940915,4451.861033596524,2222.684815488734,9449.038375521672,6108.246442977035,8284.865620619994,6941.458564067108,1930.4424245091245,5239.599922383329,5811.278269757634,3988.1841511581342,3633.8845320961887,2921.6453282117013,3472.210473228529,1994.849423458921,2736.808110888241,1393.2167756154272,622.4464585570631
1994-05-31,5540.561127290422,8115.4743334701,6828.7684028249005,8328.538195778752,1485.238183752863,7626.297160556417,10229.44798298394,5484.292763127922,4291.772110828393,2207.317172674445,9108.211561316606,5984.707158667825,8246.34928034973,6886.155963687186,1909.4546544698612,4958.05002055406,5782.2102558523075,3942.790639149652,3607.7968750402706,2947.6742664407393,3522.5783583531816,2063.0293870539,2742.610144083324,1408.07403931059,630.4461404424385
1994-06-30,5256.795748595116,7810.900581734967,6485.738879645797,8056.020097474675,1404.4813279876687,7235.876503718893,10135.766698355774,5277.918826451418,4154.98045833996,2101.2864849678554,8720.019584573292,5836.890876555888,8183.561576929148,6733.007855054782,1844.9666424244506,4741.4129829559715,5645.547716455238,3810.9594913390447,3554.405089086549,2797.6435416274385,3438.659974122133,2009.8898761021658,2700.4644539991955,1359.2490719974953,620.2707397356976
1994-07-31,5347.3282849774205,7793.919683870276,6482.632210722447,8142.7512098440875,1404.6287985271074,7365.528938912528,10422.8622900867,5383.793878110033,4245.471777742146,2135.041551062379,9028.542597495081,6043.656898967003,8458.619265091313,6790.965586671094,1894.3361048090865,4885.983406219282,5939.946093225229,3916.0124006772967,3646.346885525951,2932.808891697626,3555.144580745521,2071.219655781547,2765.013655843138,1413.3499035611394,632.520466574738
1994-08-31,5530.447542096473,8248.29740752023,6764.743399268666,8273.369082001196,1457.688651391469,7932.048597248986,10899.416399714044,5767.911419931549,4529.077783438877,2276.577725565406,9779.771512862259,6477.60355162663,8886.18555170315,7215.686156392678,2054.1763966606677,5150.842794703617,6176.789563800398,4102.14438609389,3869.3173512289777,3112.1442898071527,3813.1840847051917,2166.996995104197,2846.9824856706077,1475.735168304328,661.6322210488402
1994-09-30,5674.847527420612,8331.143306681362,6881.739636359018,8369.944119295396,1481.345480514901,7987.422228506381,11079.46385922092,5788.92392123436,4518.529561281248,2247.0778313975293,9919.367971436854,6449.639737094259,8827.403434278634,7141.905765443564,2029.7666185391492,5147.592612900158,6046.385182529444,4062.4807520247473,3795.5720318319045,3082.255256047845,3762.4229781695967,2152.49978520695,2778.777326261397,1447.1191876557389,642.5209743438444
1994-10-31,5752.121926201498,8354.170586781029,6943.702820044794,8440.176320400404,1483.7023011744002,7958.979017950669,11170.06063519777,5954.649235251459,4534.457377984763,2286.055643460951,10120.195495386564,6612.177108108772,8902.409881259699,7283.808291097161,2031.3234495355687,5168.013112795534,6020.627581651868,4141.382253190573,3861.531482601079,3083.6545999340906,3840.132062360711,2224.1478930573485,2856.5886489513687,1484.4780166042594,662.7218337772148
1994-11-30,5564.257624091758,8040.788939729699,6767.353599524116,8345.485982261831,1429.133214239507,7634.252674018282,10797.796024408533,5778.570257365073,4381.2063219810125,2218.050060179275,9715.853204563888,6241.729885626977,8525.303798689538,7022.268586788735,1927.2424986282651,4909.328216434553,5768.706461752809,4039.7610154617823,3744.380340481927,2976.5777776059795,3669.922048828635,2181.006096375715,2769.7140749594596,1443.39805645077,638.4688655483039
1994-12-31,5526.120202336233,7907.352047274885,6766.216684119397,8202.644644189439,1401.196518167553,7685.722805546513,11059.631780204416,6001.0163194223405,4467.301407414262,2262.3201213303932,9902.232416587036,6457.032116301795,8823.851412415846,7154.048479088412,1917.7045755025538,4948.485018288835,5897.2274730142,4065.1630327270063,3809.6561229575486,2980.783682005737,3724.148817022127,2195.2022650570248,2801.4134525473705,1468.8191830209807,636.9627174944754
1995-01-31,5574.8992653622545,8173.339555441119,6883.488751688553,8391.166026046843,1419.68810861781,7533.130464965193,10933.972243917733,5932.286679515997,4411.049148092101,2225.9533253800073,9715.189148470123,6415.235747412974,8765.24339133458,7105.672803272816,1867.637144445333,4956.897442819926,5973.148379501785,4158.653652153662,3847.245999922771,2948.1947740103683,3818.0532294433397,2274.615902197728,2905.578408953439,1484.595769865809,645.0228437216505
1995-02-28,5709.811827584021,8412.352524060883,6985.887530358673,8601.331170335212,1467.1227277029484,7933.689611178786,11381.106104860506,6080.6828308040895,4528.73152831405,2329.362213063861,10246.65857083718,6664.608791386412,9306.690006104098,7528.687716597253,1916.6196638327008,5211.374643739417,6228.661747731733,4324.080735782683,3977.6445558441537,3061.1165302445133,3958.866850598439,2352.257641403345,2977.726826426162,1539.6727883320607,672.0886472670546
1995-03-31,5757.15187744652,8473.762697486527,7039.427372391341,8749.10203984157,1487.8252965135646,8306.890370488636,11785.613378039458,6188.164980521383,4635.337868490562,2409.0753173571193,10677.991663376572,6863.407407024678,9452.469998359711,7716.024053049343,1989.938032452957,5347.829277411089,6444.640593834331,4413.442188268368,4114.121518199722,3130.870192619195,4096.924414279359,2409.6974207487733,3080.0147206407273,1592.1848684509139,702.782935787741
1995-04-30,5955.62968842149,8768.700481935242,7235.602134405142,9060.02762813346,1523.9824268694374,8403.233685005564,12017.966745787504,6261.915530759237,4706.52738747484,2479.1697727909423,10640.800218413031,7067.532006717,9665.954033272666,7967.851930068714,1977.839209215643,5416.457970528107,6575.5570228574825,4435.072468433072,4200.588010147727,3184.7274216726305,4208.241947539743,2474.335144362938,3181.1408439635247,1651.8838400934808,715.4787095227466
1995-05-31,6054.445496211778,9068.844330731405,7427.4468893967605,9149.296080353459,1545.6885085753388,8567.701774688492,12256.45127789091,6315.893242634383,4743.5865841238165,2484.423133539486,10960.428575373722,7158.455805983413,9785.125580548885,8008.169260834862,2005.71091935191,5526.254990048681,6745.311602959572,4549.022785364522,4267.77221478203,3240.2563289969144,4320.164350376511,2573.937031264124,3283.4622392096117,1716.1272545185564,733.5481243317436
1995-06-30,6544.552859130123,9676.039734051194,7951.037330417897,9810.854232035575,1642.0390017573827,9250.590444640038,12992.965948081932,6689.86991331725,4943.813373839684,2681.2490718710183,11341.29250793938,7465.789789101698,10194.036193434442,8467.365694420394,2074.13775307652,5742.657609203998,6896.629178148764,4699.0632038942,4513.416647920454,3438.9294055530313,4418.301203759664,2608.198707087281,3361.5429712580158,1773.289737239315,778.9400822653919
1995-07-31,7004.818172607025,10314.98734184953,8304.938001994797,10318.54631683495,1752.9324637020657,9786.98593157249,13630.53078715431,7082.612106318366,5242.394982552731,2929.189536045075,12005.722129517011,7900.649646947505,10578.014954732536,8978.34581198158,2244.4244626041022,6178.554035030627,7231.639837106518,4962.220141438684,4685.635086955155,3676.047026995318,4542.822186585222,2681.3013004495233,3512.879635824052,1825.587598169977,811.0113822725048
1995-08-31,7352.887587603868,10894.44207076527,8691.21727834358,10706.461747070043,1802.7017222114946,9947.032512511496,14034.049020577226,7107.450826975224,5236.822316686277,2941.2665845021893,11909.616323870227,8108.025898880584,10619.406727250405,9204.007555619926,2241.8815296879716,6120.376770236779,7367.066756336011,5046.930201473184,4692.897821339935,3684.880568001188,4562.356321987539,2680.7355458751285,3483.613835578002,1818.414864496767,808.1598662524347
1995-09-30,7584.907955430708,11210.435363027815,8830.546182532706,10915.387641602369,1843.1471380510313,10149.20594832829,14216.940747413386,7255.328448881272,5358.567961904599,2966.5291231964784,12005.893662232393,8297.340195593548,10784.411068978423,9211.646881891093,2289.703104597746,6366.819861267132,7575.2084934027735,5101.482470020907,4854.033160933463,3655.3646746514987,4786.577885787938,2823.9511616779614,3567.5340928770756,1873.1291493546103,844.5327173528578
1995-10-31,7187.534627645692,10519.300812461788,8289.50744847511,10476.709127674012,1726.1773343760367,9496.764243940006,13345.428062656196,6853.680721279653,5060.535128999389,2683.9345923916585,11573.669484498365,7988.986141904704,10418.140115842709,9047.154503521162,2149.339724879695,6423.828366304917,7350.792941785716,4976.9144710679375,4731.701817211617,3493.9583920775876,4835.951436679841,2900.892535029039,3630.782904809694,1874.0338707337487,797.9744731779122
1995-11-30,7343.4466287885825,10747.927296319831,8369.509484860344,10722.41938684535,1754.8249734173414,10113.759520104544,13843.999909648968,7178.325869685229,5353.843745076194,2794.217464793032,11805.976178391216,8560.725924136255,10919.86732568158,9484.566329457404,2262.745336783522,6771.203309041222,7693.33989287293,5136.305133918359,4839.991545000322,3682.9221437963197,5137.545548028379,2988.7373627747884,3740.1094088564187,1941.834542143025,832.8563313239382
1995-12-31,7466.500763947192,11107.810893909806,8740.195059944806,10832.860306529856,1765.0556030123646,10430.360648121896,14084.387124080113,7536.230019221865,5543.626798151654,2825.7781510578693,12041.954030244899,8763.580885634587,11063.758417432085,9628.48513894059,2305.214804009612,6724.319497329421,7776.966497508458,5122.360065479771,4793.779305728659,3670.2234282445106,5280.795730544055,3075.2762531139324,3785.8397265985063,1965.0841271161034,813.2675504111992
1996-01-31,7623.566074017586,11348.017304490606,8770.567237778114,10986.90358008871,1768.237998264596,10462.225399901909,14136.893719278683,7531.316397249333,5505.946766804617,2794.078571759302,12040.725750933814,8649.934768709678,11120.316350461999,9454.748753093547,2326.8861283821066,6736.840180233449,7865.235067255179,5262.338798989137,5015.678556011533,3648.0736298550546,5525.286011276783,3157.878173272573,3974.5411219310827,1998.6300782501025,817.8934162379381
1996-02-29,8002.19048308367,11756.114702794697,8938.82179966765,11443.376463130657,1824.9064896329799,10888.372764890713,14488.336897139954,7781.408820852791,5742.966763222023,2922.279278867334,12678.860134281806,9062.839404894037,11465.02391669362,9694.833188180852,2424.6665372689795,7037.363883833483,7937.980626392224,5340.947615968436,5164.839820588761,3799.9246946977714,5534.198297612973,3170.2381084427616,4051.0947584805967,2017.8529023427118,829.0601150498346
1996-03-31,8251.770802060566,11845.990199697562,9118.49211784097,12000.886321037917,1909.8084391566647,11027.983480482142,14808.978281010555,7975.2748402155175,5901.11658194763,2973.16785022953,12790.598928645231,9434.796459749698,11723.984411899979,9813.110153076657,2531.2573029138607,7196.619428524635,8163.681229542433,5403.014768213606,5078.51985266726,3903.73483743222,5510.102398225166,3195.8472918827624,4059.492677914927,2064.9435355246833,830.6676626129163
1996-04-30,9035.87881898477,12741.085065176909,9647.501438057514,13110.872298643357,2114.9352341811646,11883.192571410053,15884.095295233643,8458.70409993002,6577.821224865893,3202.2207014112128,13116.311530363182,9753.107622708734,12139.388627582417,10385.381297873628,2695.806746404382,7760.76242552668,8431.319354971753,5491.4783290135665,5351.0179924018275,4076.3150508602607,5584.235315890888,3234.072821340972,4115.854674255097,2134.3751969631653,849.5994093115271
1996-05-31,9753.219166666333,13705.50875810041,10299.556765252944,14128.302210762678,2321.21332731179,12448.357210106315,16610.33201622702,8779.42432458297,7162.753977287091,3396.7876312289577,13423.941500996321,10139.203894168904,12225.481171729232,10657.5613709283,2798.33636439038,7896.956045332247,8440.5600809848,5588.238177170786,5446.838671591767,4141.332275921482,5722.80811525472,3327.2270548868773,4169.77237048784,2202.493781374245,876.0346949322553
1996-06-30,9316.65532354718,13124.395186756954,9594.263717081953,13363.692623418414,2150.0400929158372,11796.299811083736,15954.074408597908,8710.99749139717,6742.300318820339,3143.2887670979712,12744.421582215888,9935.233529429908,11930.370281724861,10113.82324734491,2629.7981618358767,7520.318623706172,8417.82965268671,5502.6207800583525,5375.479638155243,4032.4318023938504,5713.760355624502,3399.06521422894,4169.08852781908,2197.99849156646,866.2239823837091
1996-07-31,8335.164318522131,12046.816719948274,8592.459482535407,12027.523816465922,1918.869932165619,10464.013914120129,14483.12470219959,7731.14964957485,5985.888388352205,2754.9480130780858,11537.563091644788,8901.601638728609,11080.307538411402,9193.343965957554,2371.31793030719,6979.051211083543,7849.407287559387,5135.689518581721,5077.672690721804,3624.591649899736,5195.990819718521,3241.192231288863,3969.1640565560433,2135.8632722083676,810.4790042213879
1996-08-31,8655.192952531788,12630.19586642849,9052.164657310534,12571.264113160712,1985.2973714773284,11108.659955313413,15297.192175460825,8200.391777555795,6296.573953372849,2924.942080225069,12539.658133969595,9468.07286221238,11651.497392016508,9927.138294632354,2503.990797189947,7230.946106445181,8245.095908925256,5409.180392514753,5393.92537891803,3869.0014894441256,5297.1723489509,3295.9943095354943,4058.3868953833667,2198.3287294673737,823.6598242670402
1996-09-30,8899.814670949192,12760.034279935375,9327.59487133852,12991.78546901005,2039.8791521113549,11618.680751181762,15896.551462087553,8483.77271621279,6523.458402634734,3047.666800027152,13402.574708458715,9690.970233534585,12184.192201282112,10390.785288683157,2650.086140251995,7568.956682190961,8551.524898380463,5644.696106804845,5703.434211085725,3999.731180770954,5522.837188188558,3464.7459221894023,4227.361892159549,2374.962244551348,895.8700810605314
1996-10-31,8527.099332344511,12550.284836441799,9341.231815040417,12612.646193667932,1986.603628295663,11433.502217369427,15728.652085544985,8383.66419816148,6412.892306168477,2931.0996402597134,12892.164455836482,9531.272735056167,12080.224489228573,10021.87084779375,2543.8494870615727,7470.310469751967,8725.582636162098,5558.320966978517,5686.187026031402,3890.2745372779755,5459.23067229219,3573.708716696337,4261.666933914424,2435.0654140742085,854.2802084173774
1996-11-30,8802.499059481243,12858.883790285066,9521.256034579876,12927.773158816726,2013.5320404772106,11672.348078690275,16172.986506961632,8795.93926877027,6514.58153946739,3019.220219844482,13080.802606154282,9861.683835689626,12635.39536608005,10573.995756540404,2676.2848352074852,8022.127363531606,9193.230237547208,5855.168656540972,5923.852585158437,4139.621683744807,5934.571346159343,3787.63092047778,4517.49906162424,2647.3130207611594,929.0596264611925
1996-12-31,8870.480759717615,13122.452331334538,9776.606600171273,13217.445771986335,1995.7082548549063,11866.844414725492,16654.40779631436,8945.435052582288,6649.348687774353,3105.8537248326993,12993.919915244205,9995.694257332812,12828.679008994975,10593.251002813065,2707.3324155807272,7936.194335213455,9199.012779366625,5824.850593237402,5870.164709179146,4034.6532967100907,5916.613333265866,3749.5993184052622,4473.114633343782,2564.200628474363,900.797632624243
1997-01-31,9300.45070310265,13670.131001835116,10255.015067544055,13977.818992357163,2118.705750309869,12301.621860392206,17066.65435249653,9283.19678929769,6770.725898720985,3156.4480820102235,12948.805025298478,10072.98096533051,12837.479482795146,11025.61454249288,2798.3718827194602,8066.911392108755,9648.890499341549,5913.0796051731695,6157.708857293576,4123.427773197603,6080.52127243733,4062.4883831289076,4670.450558508376,2774.7112432695944,937.0574397302667
1997-02-28,8999.004494913686,13210.62321833943,9756.395724929927,13310.615758394979,2050.256723634608,11635.673560979872,16343.745007433483,8972.209696856218,6449.90182273599,3012.024800017846,12484.862290047058,9704.612051428372,12909.138293268108,10747.074442305882,2647.5704203315913,7777.470611359892,9479.079675443638,5968.461508755221,6027.768884986967,4088.1188611757116,6120.786484303409,4034.859399635248,4725.683306813296,2699.658078850395,952.6706907910523
1997-03-31,8534.772850034573,12613.7276294652,9236.643255475736,12643.780530130909,1922.7492077350482,10843.307462824267,15557.30034142079,8590.110202496202,6131.495969354804,2859.420563524942,12112.963212151137,9385.136222695352,12344.002037065418,10272.128981477057,2503.878830908935,7373.773221806646,9062.132876839574,5774.546194335764,5755.880341660745,3961.2318279625397,5830.814224609536,3937.591044088241,4594.980357913455,2575.16064688613,902.1562800825475
1997-04-30,8227.418610159128,12157.312508920631,8950.067161831344,12053.859661936593,1841.0938943809565,10530.478042521785,15543.656589021364,8581.66612416715,6014.114610517477,2828.7847316073357,12068.629766794664,9366.656889472864,12513.559249046548,10580.529109887942,2575.692579658234,7476.460387693525,9260.783891632775,5849.828953071319,5845.988648409444,3968.2234021388936,5929.37247744811,4215.2935900636085,4788.240636786937,2784.716919687136,916.0630191400198
1997-05-31,9083.876432639474,13327.769928029475,9796.081210370616,13683.155764721238,2056.5442251830996,12000.9224049454,17176.377820788755,9629.26443460873,6901.39498135095,3252.301895269391,13807.14002196097,10531.203973884134,13550.50784977804,11511.033742457035,2872.4922113048324,8140.317734897995,9923.078112426783,6233.928722129983,6353.870604217312,4311.573932008961,6411.128061868291,4396.201345068368,5156.11637667064,2955.8099272327136,964.686728132953
1997-06-30,9558.51806012132,13812.167726063706,10508.109373146404,14261.953253568947,2169.4814078532545,12570.546186896136,17875.679691006528,10007.93525849972,7139.500009602539,3405.937384500022,14298.549942482583,10934.675460531582,14211.650678276561,11901.695205608543,2994.3634383538624,8458.123879586148,10108.838134691414,6417.2186944180485,6550.027297510708,4416.94879890726,6512.750852776966,4620.785686982531,5325.004968588488,3085.2950927149964,1005.2759222191472
1997-07-31,10232.422258914054,14456.42247747822,10924.903023322882,15017.137940298675,2284.735107645459,13326.425699660385,18862.524464028236,10489.196849210453,7479.3259310596,3610.0177466418786,14999.850921511526,11807.80929605503,14879.981974723873,12663.308485205845,3112.9821516008124,9063.361850037696,10705.037190199244,6742.359914008128,6996.680208955261,4782.2613832184825,7109.5988791780055,5026.153352944448,5657.679328996084,3283.0532522727503,1091.629123937772
1997-08-31,10857.36744837723,15199.916285494925,11327.431075217213,15794.860497088806,2383.6778462171533,13773.460649755492,19601.482722431007,10909.394074989823,7764.011513973522,3680.1170712461703,15345.282488383014,12096.61650362724,15233.426186569488,12913.345511246234,3190.834722230197,9072.615542486583,10899.269384978219,6781.0812869942765,7026.157222675591,4820.01255457761,6887.87892853196,4795.407678664121,5410.676364850774,3041.7324229644414,1023.7898320306591
1997-09-30,11804.74875982028,16507.169885712632,12399.074019519214,17157.609471056632,2602.663946271277,14416.750129402322,20979.01612371529,11854.791256134367,8334.177227525195,3970.4378268797095,16214.071001745308,12826.429570524078,16319.904609047995,13494.807632926631,3427.904169587734,9472.463854675052,11501.02894699225,7079.828604174097,7421.940659028907,5025.7162303693185,7228.42255063751,5038.285486773101,5650.277346315461,3158.8664968403787,1093.740272304154
1997-10-31,11320.71864642137,16043.054297205932,12028.31690818755,16372.95767472627,2486.9156725887547,13821.107681055935,20152.25407729579,11215.92470055003,7866.696558478851,3723.4130670425616,15403.27016723203,12177.976597156661,15456.141017804914,13048.58832373628,3224.6637313728775,8686.57141850808,10976.259998198888,6799.722265278552,7007.2248808243485,4605.621636388977,6958.990328485046,4913.325930130155,5543.526656411523,3062.789572338979,1004.372942134726
1997-11-30,11072.557172973167,15676.614894003453,11587.070130727598,15996.134053842445,2391.3832939419303,13700.546158754081,19772.081804127607,11033.879026735402,7611.831323377254,3602.618100321567,15201.394908420289,12037.966400219151,15380.282277689526,13145.330557568463,3108.656453636738,8861.345235448462,11026.366625090664,7004.013121016581,7110.784657338053,4595.516902518741,7417.615627093525,5098.690977496176,5711.340295354413,3280.357892399651,1025.0218454520739
1997-12-31,10538.959570250418,15225.63003673276,10991.749641551076,15352.305654309343,2304.2269384109227,13496.47652371944,19721.12914931837,10905.24606504172,7555.199298331327,3544.1656216438496,15273.662339814919,12019.247362466811,15602.911863659083,13405.739555913893,3106.952909900145,8901.33648649604,11201.454300730478,7210.617500060329,7130.929510272293,4440.969669087035,7394.873217580855,5102.902496243588,5725.675759495753,3367.1167979378374,1058.6958631188654
1998-01-31,10705.72806649006,15180.486043673849,10779.465980723799,15565.027201455454,2264.720967551868,13566.361279159259,19793.012665067632,10745.298821005754,7414.121061833586,3494.9336169935946,15199.585077466816,11836.939418472915,15219.173849284252,13262.995241122522,3110.382985912675,9097.468534639494,10942.700706383604,7140.753827102245,6991.840730174433,4451.2549548406405,7715.389207450463,5168.954466154964,5871.823633256882,3362.4634425230875,1104.961931033023
1998-02-28,11386.226965308433,16279.386247889357,11506.39004859989,16676.6347491018,2389.430092351079,14958.36491092995,21037.8744036244,11548.585124967682,8104.294177358613,3800.841661555427,16680.34385529871,12885.18326255462,16191.405113124227,14398.984046519905,3450.5811249968738,9882.607361584487,11574.81675538856,7615.721067911952,7619.624125655334,4854.983779244687,8341.068695228656,5488.457879616935,6163.054341819157,3607.7282509476063,1232.9364119614056
1998-03-31,12081.21948681693,16875.87923939827,12133.706927659507,17476.145972243237,2515.5681069262923,15774.388591915915,21935.58154230145,12088.331347953295,8636.260047160431,3904.612240599213,17441.21774025816,13525.267626305285,16817.591514469193,14949.126029985295,3604.0940286668592,10278.613321170538,12052.09274948025,8035.507228896326,7971.909827480883,5025.801528533632,8636.918060779723,5700.680080448084,6486.053856819556,3827.53270236484,1273.7589365614476
1998-04-30,12518.136789557664,17200.318017775702,12305.083404305771,18026.17271442765,2574.8751406151864,15918.6138268118,22029.882607351807,12323.292244363463,8646.658104257212,3959.6477501304585,17422.102165614837,13778.20365618482,17249.971792306194,14897.880425954505,3603.178588783578,10151.076287081456,12103.145414367047,7834.60347715946,8017.971522464068,5166.860700034986,8703.543246700576,5882.389258012367,6576.287838075629,3795.5536666365815,1278.6183269044295
1998-05-31,11802.237064699651,16557.576534087464,11931.636428068496,16997.112592679117,2425.6817252176616,14867.284895233839,20359.070220762424,11801.09273550856,8080.267411795947,3718.1171566680005,16509.4976099756,12785.56675197864,16000.05608620748,14350.800460952603,3309.0511205811745,9826.861061548361,11504.802214516983,7614.3414350026,7797.62162908371,4911.442108189456,8457.058901954017,5717.88824241205,6427.262579376998,3847.742529552834,1236.389399421757
1998-06-30,11777.039288566517,16504.24458007117,11820.194943830335,16729.629031808126,2423.350645079727,14988.97362210133,20544.052732788266,11890.438808609097,8000.7252593942285,3637.463759305558,16575.221919960914,13169.555678240815,16399.99348813832,14369.44215075138,3230.9111874197706,9742.114211753567,11341.986253577139,7687.713229070285,7875.668023969209,4920.597036279122,9136.084618250805,5831.29683781205,6663.1881068781895,4058.194807206726,1312.0007931433947
1998-07-31,10916.797230772465,15314.123503402234,10965.831253290278,15578.379609984251,2241.192223790374,14170.305860809398,18872.91730729234,10641.253088254241,7505.944407902772,3262.4303333298776,15396.823092783212,11881.336080906654,15543.372628272395,12857.762467050185,2972.7839999232424,9144.601120804087,10868.424301531531,7313.844359314139,7410.090033064246,4460.0439154745045,9123.047425500561,5851.974616398932,6457.6487433453185,4038.512562391774,1293.0345096777137
1998-08-31,8492.831573651747,12114.02299963729,8765.295964030012,12220.039268802675,1691.6070666724988,10993.66337415659,15345.814410484396,8865.408849127109,6088.551889692044,2482.0472103063707,12190.172937718531,9847.417682560568,12740.949173512767,10216.906633942748,2300.331340788605,7308.456661757835,9056.62536519332,6349.221426764197,6250.255330998997,3434.0420330270035,8072.984666825447,5045.882668913829,5816.352561941181,3522.475465681915,1092.1680637718293
1998-09-30,8738.045099677794,12824.437764428018,9241.926462666072,12876.976359854238,1740.5198850053341,11514.290290566525,16899.010324412753,9485.63285221204,6625.4769266364265,2675.4359186973916,13510.429617738137,10572.561825868963,13816.11965141799,11045.824702967791,2463.468539145992,7768.333988742284,9981.234361976638,6851.724207364022,6562.5368381017,3518.783888276011,8655.063007272896,5491.923559197804,6280.299740396982,3870.78840715494,1132.6995127864657
1998-10-31,8915.322558660057,13062.523451524623,9620.263206268233,13299.85626351185,1800.820196421344,12152.538915662919,17183.167183017755,10234.220025642911,6834.709487979605,2863.4147217809887,14395.376268129605,11018.628781864201,14383.713478937543,11843.156513326818,2627.360637586836,8513.223998254804,10400.635848632535,7385.165195528347,7102.023303951526,3842.2692099091128,9668.172752526218,5762.17562562237,6691.081585816867,4151.079937293844,1193.979689127726
1998-11-30,9830.908354789326,14098.786499457523,10375.857919014954,14285.841107607303,1991.3739855056685,12895.204873876912,17903.983863178168,10814.2751482563,7415.63245561992,3084.5247431821945,15501.473794443878,11522.091968165141,14997.337079662499,12577.230883492353,2795.2200813616214,8736.687614984994,10913.917628398398,7647.397641291168,7586.445211490755,4056.6178823223127,10176.090208080182,6218.666703035425,7026.786531140472,4514.46132392461,1257.2212113217545
1998-12-31,9967.705444546218,14671.535602211487,10653.474373496118,14748.559501082702,2040.7023105006297,13803.220725070958,19229.73806027878,11623.528986150615,7866.19886799093,3188.7662568780365,16814.014583567034,12279.819302267584,15719.053931947095,13690.592515760864,3032.123368917263,9361.343306081191,11442.980699352638,8152.294128364494,8122.177212990598,4313.677644289313,10965.999034392198,6713.753415264184,7315.060448580511,4909.639210375675,1388.1142832960961
1999-01-31,10669.880454587279,15531.22890235867,11312.114773163143,15205.941828330278,2184.020833767089,14363.769518716088,19459.64880852748,11764.568886868568,7623.565963907749,3295.6792119386437,17821.308569239365,11721.19804238813,15390.305638014353,13982.078921013928,3215.381873211253,9258.443420460748,11284.243671091219,7998.117941808864,8170.382334749696,4483.623602441378,11682.835425271382,7279.648976883386,7354.956788267069,5191.560513113867,1447.6865958780313
1999-02-28,9737.418261899988,14491.708220694904,10517.35952554502,13918.181026772643,2015.914566171202,12998.450134653567,17641.65057823961,10498.313043868244,6885.0711289840065,2962.4366084234675,16949.543617957883,10956.073397775159,14337.501000234706,12412.227028078169,2937.5439409289424,8809.723701644696,10879.545556071203,7758.830249225826,7537.488178335315,4181.077648995839,11047.709760211927,6885.2521546138,7287.276475901434,4991.617943072313,1380.049230432014
1999-03-31,9595.884887463271,14298.96850135966,10317.456073042986,13394.245020200813,1917.9270068533185,13112.49853613502,18140.732873098004,10580.9137708974,6849.6198977408685,2914.3829241982303,17845.801585388257,11328.985268015234,14564.922441100429,12678.010045430405,3068.9344063188123,8699.196908083863,11146.790713110537,8181.391662259163,7717.08390916051,4409.268323845085,11828.495599805145,7181.2353742363375,7513.772316048926,5179.222911844744,1466.7839445154355
1999-04-30,10789.411453881066,15634.620850103167,11058.383546016421,14471.115531334917,2122.1267773459845,14705.50975829299,19480.317151379055,11299.46362507904,7312.8117440858,3087.302006239684,19892.857793644976,12026.035073585675,15387.068618133224,14175.397133886145,3605.8751700483517,9592.569633756442,11964.764509220015,9033.287250483561,8190.3880994771425,4960.021211639927,11590.908437187458,7325.32686202039,7968.160183089668,5279.69465711162,1620.8710646707264
1999-05-31,11281.074144422972,16069.075694285832,11426.56136779749,15118.220404549618,2186.4505620941186,14882.549390273078,20221.913345014902,11294.514460011256,7670.408238371594,3250.527663309576,18928.63108352921,12490.733094864097,15883.455451754202,14581.224578432171,3465.844613694694,9920.06955362252,12227.0082177331,8993.513686719682,8475.266178353158,5064.37509791162,10992.075743688603,7218.355113854305,7845.601911313567,5265.999129171072,1566.5556752936104
1999-06-30,12062.153156034528,17085.091212284136,12620.442779189078,16330.263252602765,2339.366541505857,15882.239997916502,21598.884090417003,12238.713279839278,8277.329290232745,3542.4185464194493,19995.354088241496,13415.6344083395,16800.343801162162,14893.700221147972,3607.1367010611857,10494.669742376997,12776.184291832582,9539.734740482601,9172.034761407927,5512.673581578756,11520.937483944694,7599.49870057604,8062.697561801525,5710.570573653081,1656.3694452695436
1999-07-31,12223.870443397484,17575.10871334366,13181.61076736572,16399.209624055253,2351.163966974671,15475.2099512499,21813.339410550754,12342.216078046877,7998.30879718829,3432.989695102006,20041.2634212281,13000.501017207842,16960.938287557474,14311.192711798654,3384.291402806327,10434.850124845447,12657.71073489442,9235.226407566399,9062.20881717483,5332.089420393399,10997.11501936218,7609.9252127932305,7831.4432703339335,5591.790705721097,1601.432639878289
1999-08-31,11865.173189106426,17087.71579850521,13383.47395465716,15854.772263746245,2272.6750602651555,15056.11031535015,21165.701363451502,12078.820844725278,7569.167536983949,3311.8463547412466,20335.990241100684,12626.008584906152,16474.854757174366,13532.420538000708,3201.7934889099956,10065.039036420925,12592.713390270737,9142.329265132688,8818.462586619278,5205.239013082241,11291.485794200466,7655.683693097757,7850.0351166577075,5512.471154560442,1533.432607123777
1999-09-30,11838.512144950506,16955.644843098566,13340.753905793896,15775.323999932612,2196.00182175699,14910.337055276932,21105.336783162937,12205.092837836037,7520.565912228974,3336.8640421049627,20515.190987105263,13069.863290699943,16523.75212609366,13563.558637658647,3205.2706366389516,9951.595981441424,12230.307691612135,9240.243611562259,8847.237230039416,4999.444683461022,11296.228218234031,7382.176737478146,7533.506000683836,5309.474404293755,1471.3362536982995
1999-10-31,12097.053411684079,17188.038911318075,13096.591427810054,15222.872153454971,2118.140381164774,14888.433770142728,21224.835200029207,11961.100826914857,7463.266720543702,3233.838364804972,20732.118616602915,13247.953247899019,16495.76088999206,13388.792184612415,3079.6400540358877,10563.430053976424,12640.022999281144,9421.093659527754,9415.52181903654,5037.355472495706,12231.668876985992,7699.447929301482,7950.884833639723,5521.5985256940985,1466.0350291762245
1999-11-30,14022.311559207012,19351.978634175197,14377.477359224162,16862.20803278838,2403.1764141177364,16405.163183608478,22429.026225102865,12789.64628119525,8382.547135579951,3500.91137383912,22573.11001763864,13714.599153103014,17395.621142302018,14636.252730037126,3379.972711385576,11466.909663062974,12898.334509294451,9724.499980832847,9967.610356417565,5542.299985058675,13035.791020627928,8011.4757560843545,8092.672962878021,5740.651382405435,1545.3577864998624
1999-12-31,16909.21104070499,22861.518015418773,16220.29614226536,20914.719351516447,2794.2957786918123,18707.82469838613,24132.37619274208,14546.291408271134,9326.866218044437,4075.193873780942,25932.778847113885,15119.85184072656,19546.98979583393,16033.897775733829,3529.8271815175667,13139.106165408122,14078.170963528635,10646.149191016259,11572.385656190436,6569.182868590332,14954.489993581092,8470.557351335257,8191.783928654387,6029.968730775903,1613.2561715653069
