available_date,ticker,sector,market_cap,quality,profitability,valuation,liquidity,filing_accession,filing_form,report_end,filing_price,shares_outstanding
2017-01-20,ADBE,Services,54718859887.49695,0.17310996029468217,0.8599508406454599,0.021359765214462412,2.0770028826643574,0000796343-17-000031,10-K,2016-12-02,110.70999908447266,494254000.0
2017-01-27,NFLX,Services,6126122200.724201,-0.10848798927767854,0.1318898941858199,0.03047245776095224,1.2471590964835608,0001628280-17-000496,10-K,2016-12-31,14.244999885559082,430054212.0
2017-02-02,BIIB,Manufacturing,57047259371.94824,0.19768499090781927,0.8708423590245266,0.06478312964877118,2.553349513143659,0000875045-17-000009,10-K,2016-12-31,264.2300109863281,215900000.0
2017-02-02,SIRI,Transportation Utilities,180819860368.57605,0.1008003278526712,0.14867456479883281,0.0041252824688588945,0.24081869114191293,0000908937-17-000009,10-K,2016-12-31,38.14002990722656,4740947000.0
2017-02-03,CMCSA,Transportation Utilities,56540811563.67282,0.10659279778393352,0.11249580239543301,0.15997294254989727,0.7597399582075691,0001193125-17-030512,10-K,2016-12-31,27.406110763549805,2063073161.0
2017-02-03,GOOG,Services,27461107052.05536,0.21514415183555527,0.2157701169797944,0.7092940558833788,6.290761518262115,0001652044-17-000008,10-K,2016-12-31,39.724266052246094,691293000.0
2017-02-03,GOOGL,Services,28098350593.254086,0.21514415183555527,0.2157701169797944,0.6932079495326791,6.290761518262115,0001652044-17-000008,10-K,2016-12-31,40.64608001708984,691293000.0
2017-02-03,META,Services,379781409072.876,0.24796416311325256,0.36967219046240685,0.026902317374991536,11.965565217391305,0001326801-17-000007,10-K,2016-12-31,129.8397979736328,2925000000.0
2017-02-06,EBAY,Services,30796874429.70276,0.11850547238646371,0.776478449716004,0.23593303328834364,2.306992461658435,0001065088-17-000007,10-K,2016-12-31,28.33199119567871,1087000000.0
2017-02-06,FAST,Retail,2863434821.0542145,0.19258948684169114,0.49590084491912745,0.17443316548623589,6.242726125001814,0000815556-17-000009,10-K,2016-12-31,9.902530670166016,289161924.0
2017-02-06,ISRG,Manufacturing,3039160852.0507812,0.16077016756848417,0.6988980919982252,0.2421392074405754,5.449119865884326,0001035267-17-000021,10-K,2016-12-31,78.32888793945312,38800000.0
2017-02-08,PYPL,Services,48918502189.63623,0.09539920853094885,0.1292197011621472,0.028639470492553488,1.5246474700793933,0001633917-17-000027,10-K,2016-12-31,40.52899932861328,1207000000.0
2017-02-09,REGN,Manufacturing,33709332577.357727,0.21128603767480905,0.18424759799910584,0.02656599616574772,2.561579386143319,0001532176-17-000008,10-K,2016-12-31,357.05096435546875,94410423.0
2017-02-10,AMZN,Retail,19734921524.04785,0.1971535454785257,0.04067300550787943,0.12014235765320042,1.044846631367537,0001018724-17-000011,10-K,2016-12-31,41.37300109863281,477000000.0
2017-02-10,CDNS,Services,8212263660.955429,0.21215952249693357,0.11182638678959056,0.024729600556489272,1.1989063497972887,0000813672-17-000006,10-K,2016-12-31,29.530000686645508,278099000.0
2017-02-10,EXPE,Transportation Utilities,18087141914.276123,0.09914938609591124,0.029780941929642275,0.014445897601642003,0.5631042117457278,0001324424-17-000006,10-K,2016-12-31,117.05599975585938,154517000.0
2017-02-10,HON,Manufacturing,72171107904.05273,0.06495401322350682,0.30919546079079946,0.06714598321592172,1.4119159879982854,0000930413-17-000391,10-K,2016-12-31,94.86212921142578,760800000.0
2017-02-10,MSTR,Finance Real Estate,218055453.84979248,0.1948396434293568,0.8181294553860993,0.4169031243888171,3.6929310028789235,0001564590-17-001395,10-K,2016-12-31,18.934999465942383,11516000.0
2017-02-13,EXC,Transportation Utilities,16746038120.53732,0.07349613590475527,0.038392857142857145,0.0718976029633789,0.92234524782641,0001193125-17-039639,10-K,2016-12-31,18.122730255126953,924035059.0
2017-02-14,AMGN,Manufacturing,93872178648.37646,0.133383144822611,0.33587055804445215,0.08226079453130444,4.106569082470546,0000318154-17-000004,10-K,2016-12-31,127.16361236572266,738200000.0
2017-02-14,CSX,Transportation Utilities,13170240811.777206,0.08586999491726435,0.15484686963592015,0.13014188764622225,1.2191176470588236,0000277948-17-000009,10-K,2016-12-30,14.06083869934082,936661112.0
2017-02-14,ESRX,Retail,42160963336.94458,0.09507023880614321,0.08595787112052848,0.08129795262520677,0.7525763782786811,0001532063-17-000004,10-K,2016-12-31,69.62999725341797,605500000.0
2017-02-14,ILMN,Manufacturing,23388515763.24463,0.16054711956267814,0.6948243663516892,0.018303427388613912,3.289635500557002,0001110803-17-000014,10-K,2017-01-01,159.9805450439453,146196000.0
2017-02-14,INCY,Services,23288828039.007935,,,,3.635006818987865,0001558370-17-000594,10-K,2016-12-31,123.31999969482422,188848752.0
2017-02-14,KDP,Manufacturing,2188428958.3798714,0.09590440200183842,0.5990683229813665,0.3870356388571313,2.603235014272122,0001418135-17-000010,10-K,2016-12-31,11.950801849365234,183119843.0
2017-02-14,TMUS,Transportation Utilities,48678818861.28728,0.09310831524790943,0.03920305031953171,0.029992510791199408,1.5758146752383064,0001283699-17-000010,10-K,2016-12-31,58.907711029052734,826357331.0
2017-02-14,WBD,Transportation Utilities,3858008628.6625843,0.06974235309049372,0.1874711405263968,0.3157069144301607,1.6649583600256246,0001437107-17-000007,10-K,2016-12-31,28.530000686645508,135226377.0
2017-02-15,ALNY,Manufacturing,4046977902.0736084,-0.05436843230573087,-4.099399246309013,-0.10133685182463364,5.101610490588387,0001564590-17-001649,10-K,2016-12-31,47.09000015258789,85941344.0
2017-02-15,FANG,Mining,7707332491.258209,-0.030825769017959952,,-0.021396248337157055,8.560948113613131,0001539838-17-000009,10-K,2016-12-31,85.50028991699219,90143934.0
2017-02-15,PEP,Manufacturing,114333922607.17346,0.1403499305265146,0.5508049491233937,0.05579271535987494,1.2817127986751833,0000077476-17-000010,10-K,2016-12-31,79.72058868408203,1434183120.0
2017-02-16,CHTR,Transportation Utilities,87905240757.82288,0.053942187070243584,0.12912457332000138,0.042602693169539206,0.3447555369828667,0001091667-17-000030,10-K,2016-12-31,324.4599914550781,270927828.0
2017-02-16,TTD,Services,60982079.372406006,0.03809924180983489,,0.3358691637082479,1.5005782597577701,0001193125-17-046742,10-K,2016-12-31,3.3359999656677246,18280000.0
2017-02-17,IDXX,Manufacturing,12752086683.008804,0.15407681694174707,0.5494104785169506,0.017413150139252914,0.904785954580084,0000874716-17-000004,10-K,2016-12-31,142.22999572753906,89658209.0
2017-02-17,INTC,Manufacturing,141873629398.34595,0.16663284124701086,0.6094094667183053,0.07271259672250459,1.7489902472662793,0000050863-17-000012,10-K,2016-12-31,29.99442481994629,4730000000.0
2017-02-17,TRIP,Services,5495273647.629166,0.15617649687220733,0.08108108108108109,0.02183694711031757,2.2458628841607564,0001564590-17-001783,10-K,2016-12-31,41.849308013916016,131310980.0
2017-02-17,VRSN,Services,8923552962.280273,0.28611197255856746,0.3857973483737492,0.04937999492607932,1.2105149384112082,0001014473-17-000004,10-K,2016-12-31,81.07014465332031,110072000.0
2017-02-21,AMD,Manufacturing,13090000000.0,0.02710027100271003,0.23361423220973782,-0.03796791443850268,1.8796433878157504,0000002488-17-000043,10-K,2016-12-31,14.0,935000000.0
2017-02-21,HSIC,Wholesale,5387226612.771988,0.06063521373779492,0.279473019792825,0.10328041495059885,1.4462208477433878,0001000228-17-000011,10-K,2016-12-31,67.84706115722656,79402505.0
2017-02-21,MAR,Services,31267257117.46216,0.06553438276719138,0.045688847235238986,0.02494622400262878,0.654944627938605,0001628280-17-001506,10-K,2016-12-31,80.9822769165039,386100000.0
2017-02-21,PCAR,Manufacturing,11406755906.75457,0.11510787881137076,0.030628239976986257,0.045736053639148413,,0001193125-17-050405,10-K,2016-12-31,32.54077911376953,350537271.0
2017-02-21,VRSK,Services,13519126922.320587,0.11791760234928313,,0.04373063463321041,0.8058236808236808,0001442145-17-000010,10-K,2016-12-31,80.99370574951172,166915772.0
2017-02-22,AAL,Transportation Utilities,22757270198.06909,0.12723797636228887,0.06660029865604779,0.11758879587530903,0.744232987312572,0001193125-17-051216,10-K,2016-12-31,44.860107421875,507294153.0
2017-02-22,HAS,Manufacturing,8974842788.635826,0.1521935370586204,0.10620914446767236,0.05940505171579043,1.9949865841213603,0001193125-17-052143,10-K,2016-12-25,71.92096710205078,124787571.0
2017-02-22,SHPG,Manufacturing,162980698388.67188,0.03966411776464376,0.028727866205710474,0.0020088268318695355,0.9736804721501169,0000936402-17-000008,10-K,2016-12-31,178.667724609375,912200000.0
2017-02-23,INSM,Manufacturing,859595640.2471609,-0.1303266150044546,-15.328086956521739,-0.20506502330481335,6.016899496230662,0001047469-17-000856,10-K,2016-12-31,13.859999656677246,62019889.0
2017-02-23,JBHT,Transportation Utilities,9951021461.054169,0.22807801957070642,0.06591300471866272,0.04342167301026263,1.6500172734473963,0001437749-17-003083,10-K,2016-12-31,89.40316772460938,111305021.0
2017-02-23,KHC,Manufacturing,72425105788.39981,0.04347609561752988,,0.05028642982780886,0.921271445111041,0001637459-17-000007,10-K,2016-12-31,59.536827087402344,1216475740.0
2017-02-23,MAT,Manufacturing,8509343823.7247715,0.09155033251747746,0.46812439866951333,0.03737326950091354,1.9527874105074945,0001628280-17-001638,10-K,2016-12-31,24.87782859802246,342045279.0
2017-02-23,TSCO,Retail,1599171620.6216815,0.2388986378022402,,0.2733415190485113,1.9529345311466635,0000916365-17-000031,10-K,2016-12-31,12.226550102233888,130795000.0
2017-02-23,TXN,Manufacturing,59772360776.73486,0.2187937435335646,0.6163051608077786,0.06014485546970864,3.293727915194346,0001564590-17-002142,10-K,2016-12-31,59.80311584472656,999485728.0
2017-02-23,UAL,Transportation Utilities,23457525424.54248,0.035974090682610864,0.06190502243133822,0.09647223903815241,0.5949047696565196,0001193125-17-054129,10-K,2016-12-31,74.55999755859375,314612744.0
2017-02-23,VRTX,Manufacturing,21286804155.938347,0.08150512964881436,-0.04936678148042184,-0.003947562977721952,2.310983588147935,0000875320-17-000017,10-K,2016-12-31,85.7300033569336,248300517.0
2017-02-24,CSGP,Services,656489229.3739318,0.08967430229700471,0.7924931055477956,0.12958476117137352,4.049739909387787,0001057352-17-000008,10-K,2016-12-31,20.13400077819824,32606000.0
2017-02-24,MDLZ,Manufacturing,55782894325.586685,0.04611784588384413,0.3906955213516954,0.02991956620713489,0.5881944926128876,0001193125-17-055858,10-K,2016-12-31,36.11918640136719,1544411707.0
2017-02-24,MELI,Services,9154130960.60498,0.10421947734261591,,0.014896662565442238,1.5079075478537152,0001562762-17-000024,10-K,2016-12-31,207.3070068359375,44157364.0
2017-02-24,WYNN,Services,8620804072.921783,0.08119307081565763,0.06772254509720245,0.03508593832332469,2.1113922817254243,0001174922-17-000027,10-K,2016-12-31,84.68417358398438,101799471.0
2017-02-24,XEL,Transportation Utilities,16440116206.300793,0.07416543448365079,0.1011422608607967,0.06833157295867878,0.8752828342587394,0000072903-17-000008,10-K,2016-12-31,32.41202163696289,507222795.0
2017-02-27,BKNG,Transportation Utilities,3154258939.305542,0.039180304343375036,0.9601308981862245,0.8088619384436843,1.8895217006510021,0001075531-17-000009,10-K,2016-12-31,63.92255401611328,49345008.0
2017-02-27,BMRN,Manufacturing,15817972486.750765,-0.014820724260566792,-0.5642725011505533,-0.03984138931382438,3.236418474425804,0001564590-17-002483,10-K,2016-12-31,91.62000274658205,172647588.0
2017-02-27,GILD,Manufacturing,65624961318.96973,0.2925566456640399,0.44383020730503453,0.20553154971690815,2.2177025707777416,0000882095-17-000006,10-K,2016-12-31,50.09539031982422,1310000000.0
2017-02-27,NCLH,Transportation Utilities,11537176765.544037,0.04899070141609573,0.1298811736563309,0.05487347666291449,0.1777455035372433,0001571049-17-001650,10-K,2016-12-31,50.77000045776367,227243976.0
2017-02-27,ODFL,Transportation Utilities,2435306672.0840893,0.2097667609829515,,0.12144877004212776,1.3256211976330048,0000878927-17-000005,10-K,2016-12-31,29.54871940612793,82416657.0
2017-02-27,ROP,Manufacturing,20160315.24560547,0.058669827776434744,0.6154237880696848,32.67037206392747,1.2291810814850077,0000882835-17-000006,10-K,2016-12-31,198.28778076171875,101672.0
2017-02-28,AEP,Transportation Utilities,23818375058.48465,0.07124568875191632,0.03772870739494875,0.02594635437902613,0.6352811118130133,0000004904-17-000019,10-K,2016-12-31,48.439693450927734,491711928.0
2017-02-28,AKAM,Services,10845750027.83416,0.19809491839513246,0.13509631635918734,0.02914800720915471,3.4969539867801425,0001086222-17-000080,10-K,2016-12-31,62.599998474121094,173254797.0
2017-02-28,ALGN,Manufacturing,8174866449.943543,0.17738339191104688,0.7549899340108198,0.02320307018609582,2.6894831162600363,0001097149-17-000009,10-K,2016-12-31,102.76000213623048,79553000.0
2017-02-28,DXCM,Manufacturing,1653084077.4536133,0.13952333664349553,0.6600383743240886,-0.0396834020088375,2.734375,0001093557-17-000048,10-K,2016-12-31,19.540000915527344,84600000.0
2017-02-28,MTCH,Services,1327410496.2823868,-0.003476418748424677,-0.005143823876183882,-0.012167298695643368,2.58307540917425,0000891103-17-000003,10-K,2016-12-31,14.76736068725586,89888134.0
2017-02-28,ON,Manufacturing,6338588165.634074,0.08393507018658657,0.3319511633264225,0.029107428212532205,1.9094236656462131,0001193125-17-062207,10-K,2016-12-31,15.130000114440918,418941713.0
2017-02-28,ORLY,Retail,1681917806.6629314,0.20185020132037068,0.5247248488786812,0.6169689124457678,0.9580450672798045,0000898173-17-000091,10-K,2016-12-31,18.11400032043457,92851815.0
2017-03-01,CDW,Retail,8543445034.790039,0.08692648667319094,0.16644375943183687,0.04967551125708505,1.4197833998333844,0001402057-17-000007,10-K,2016-12-31,53.296600341796875,160300000.0
2017-03-01,CTSH,Services,32085635375.976562,0.11365867339784042,0.1151479202194706,0.04840172188588716,3.5566583953680726,0001058290-17-000008,10-K,2016-12-31,52.77242660522461,608000000.0
2017-03-01,FTNT,Manufacturing,1291508017.5132751,0.16155024834796847,0.7351218360993004,0.024922028793885637,1.855126350308642,0001262039-17-000008,10-K,2016-12-31,7.461999893188477,173078000.0
2017-03-01,MPWR,Manufacturing,3378647421.7910767,0.048739449763854706,0.5425572150823974,0.015603877356357078,7.236900285330965,0001437749-17-003558,10-K,2016-12-31,82.8241958618164,40793000.0
2017-03-01,NVDA,Manufacturing,1480941227.6744843,0.1699014327812214,0.5879884225759768,1.1249602407356252,4.774049217002237,0001045810-17-000027,10-K,2017-01-29,2.5315234661102295,585000000.0
2017-03-01,SBAC,Finance Real Estate,13052107729.708532,0.06759824995296121,0.7422750861079219,0.005841048938515196,0.371597818757177,0001034054-17-000003,10-K,2016-12-31,105.19713592529295,124072843.0
2017-03-01,TSLA,Manufacturing,2692898629.6691895,0.01138338928972882,0.22846097759299397,-0.2870683625008808,1.0742733187975642,0001564590-17-003118,10-K,2016-12-31,16.667999267578125,161561000.0
2017-03-01,WTW,Finance Real Estate,15709503250.673037,0.03041020725217334,0.05553442373526055,0.027881212601756515,1.031563201196709,0001140536-17-000008,10-K,2016-12-31,114.88055419921876,136746409.0
2017-03-01,XRAY,Manufacturing,12894052846.5271,0.04833520645842091,0.5342429177902972,0.03345728493087368,2.4417639429312583,0000818479-17-000007,10-K,2016-12-31,56.03673553466797,230100000.0
2017-03-03,NXPI,Manufacturing,31662194682.29323,0.010402441963209896,0.4284059802063592,0.008180102567079572,2.2186600904233456,0001193125-17-068664,20-F,2016-12-31,91.50847625732422,346002862.0
2017-03-06,AXON,Manufacturing,1178887940.9588985,0.06444063372914442,0.635747171429104,0.014672302089994024,2.2710567793026564,0001069183-17-000042,10-K,2016-12-31,22.530000686645508,52325251.0
2017-03-16,ENPH,Manufacturing,85308530.29692173,-0.2014537584975791,0.17981902780920733,-0.7908001669375178,1.4239597931667713,0001463101-17-000024,10-K,2016-12-31,1.3700000047683716,62269000.0
2017-03-20,WDAY,Services,17185500000.0,0.11011001685181769,-0.2601479412287571,-0.02375712082860551,1.9256661277583058,0001327811-17-000008,10-K,2017-01-31,85.5,201000000.0
2017-03-21,ADSK,Services,18425891865.53955,0.03536816656593235,0.8316592811422945,-0.03159141518075737,1.1259266038253866,0000769397-17-000014,10-K,2017-01-31,83.63999938964844,220300000.0
2017-03-28,DLTR,Retail,18076245126.081223,0.10656875732409436,,0.04957888066625752,1.8699843297402536,0000935703-17-000011,10-K,2017-01-28,76.55000305175781,236136439.0
2017-03-28,ROST,Retail,23534365828.674316,0.2936048115861995,0.08686369067201627,0.0474902960265132,1.6051579851937738,0000745732-17-000009,10-K,2017-01-28,60.05303955078125,391893000.0
2017-03-28,ULTA,Retail,17573808029.907227,0.09365690679570104,0.3599018855192362,0.023316517359394596,2.902157958072554,0001193125-17-099261,10-K,2017-01-28,282.8599853515625,62129000.0
2017-03-29,LULU,Manufacturing,8440255588.500977,0.23234357400510758,0.511696422782538,0.03594452760569561,4.815662935029758,0001397187-17-000008,10-K,2017-01-29,66.30000305175781,127304000.0
2017-03-31,BIDU,Services,6024025043.385086,0.08691990211297598,0.16436162894580986,0.2772423733254453,2.163870865333469,0001193125-17-105041,20-F,2016-12-31,172.52000427246094,34917835.0
2017-04-13,TCOM,Services,3080678764.007309,0.011292418245289766,0.7326979046714218,-0.07649816194839096,1.5154778729409941,0001104659-17-023278,20-F,2016-12-31,48.056453704833984,64105412.0
2017-04-21,NTES,Services,148754100978.39355,0.05175305396007431,0.5674296922765252,0.011418347385573659,2.5553975546145793,0001104659-17-025196,20-F,2016-12-31,45.33140563964844,3281480000.0
2017-04-28,CHKP,Services,17263081322.60129,0.15548919089028057,0.4162674919499845,0.041988274657028396,1.6232294155892055,0001193125-17-148090,20-F,2016-12-31,104.01000213623048,165975204.0
2017-05-01,JD,Retail,45320304370.47134,-0.021286062105351975,-0.013123553495219977,-0.01084895626429983,1.0209265298446593,0001104659-17-028187,20-F,2016-12-31,30.963808059692383,1463654092.0
2017-05-24,EA,Services,33569553802.49023,0.12529152630215082,0.7320949432404541,0.02880586395903382,2.1527950310559008,0000712515-17-000035,10-K,2017-03-31,108.99205780029295,308000000.0
2017-05-24,TTWO,Services,7976730674.491882,0.1052438210389203,0.42522255959832517,0.008437416624234615,1.3021249285244845,0001628280-17-005833,10-K,2017-03-31,77.7300033569336,102621000.0
2017-05-30,MCHP,Manufacturing,7991568322.856392,0.05975960861108686,0.5156383562801532,0.02060158824258838,3.2721129959542905,0000827054-17-000098,10-K,2017-03-31,34.8834114074707,229093658.0
2017-06-20,NTAP,Manufacturing,8169291645.050049,0.15407142104708732,0.6142417104547926,0.062306503686695304,1.5036390101892285,0001564590-17-012758,10-K,2017-04-28,30.36911392211914,269000000.0
2017-07-21,PAYX,Services,15588433454.13208,0.128905278253362,0.2141655824580332,0.043294921326498134,1.1157435821464097,0000723531-17-000023,10-K,2017-05-31,43.37349319458008,359400000.0
2017-07-31,CTAS,Manufacturing,3200593423.4877815,0.06806562248093492,0.4471397031322763,0.1501933974094586,1.728323423401117,0000723254-17-000020,10-K,2017-05-31,30.711894989013672,104213479.0
2017-08-02,MSFT,Services,504759678466.7969,0.11959632662203529,0.6191106170094497,0.042008109808626085,2.4772730794861064,0001564590-17-014900,10-K,2017-06-30,65.48516845703125,7708000000.0
2017-08-04,ADP,Services,40760403633.117676,0.057178590640129104,0.2034960848076449,0.04252656611554305,1.0953451011037736,0000008670-17-000010,10-K,2017-06-30,91.5964126586914,445000000.0
2017-08-04,KLAC,Manufacturing,1213312005.9585571,0.195161105771638,0.26611272253502427,0.7632628668075933,3.3963772520380275,0000319201-17-000034,10-K,2017-06-30,7.73598575592041,156840000.0
2017-08-04,STX,Manufacturing,6848315097.163626,0.20673284419507984,0.07167393928140377,0.11272845788298207,1.9196496572734196,0001193125-17-248796,10-K,2017-06-30,23.4692440032959,291799561.0
2017-08-15,LRCX,Manufacturing,2295322174.603462,0.05938686430034732,0.44965433848872294,0.7396621784884312,3.099031054721596,0000707549-17-000100,10-K,2017-06-25,14.192923545837402,161723000.0
2017-08-29,WDC,Manufacturing,18061317306.518555,0.1151038178164769,,0.021980678001638217,2.5451197053406998,0000106040-17-000027,10-K,2017-06-30,61.43305206298828,294000000.0
2017-09-01,INTU,Services,33906162251.77002,0.39306784660766964,0.1875603631446784,0.028637862132253274,0.727880658436214,0000896878-17-000130,10-K,2017-07-31,132.61793518066406,255668000.0
2017-09-07,CSCO,Manufacturing,121763156953.81165,0.09932366852054415,0.6296010832204979,0.07891549661154874,3.0345865206830296,0000858877-17-000016,10-K,2017-07-29,24.435712814331055,4983000000.0
2017-09-07,PANW,Manufacturing,2190967472.076416,0.25259575953232705,0.7294504995458674,-0.09886043620479888,1.6451344376925,0001327567-17-000027,10-K,2017-07-31,23.94499969482422,91500000.0
2017-09-28,CPRT,Retail,1975860970.2145844,0.12253814752174148,0.27228326891029647,0.1995388369644156,1.9435881821461312,0000900075-17-000044,10-K,2017-07-31,8.572500228881836,230488296.0
2017-10-18,COST,Retail,61359916267.578125,0.10961014664208875,0.021510319246742543,0.044230829588567194,0.9898256644755644,0000909832-17-000014,10-K,2017-09-03,140.34619140625,437204000.0
2017-10-26,MU,Manufacturing,44024707977.29492,0.23072786959474756,0.41511662237968705,0.11561689410012874,2.335395575553056,0000723125-17-000131,10-K,2017-08-31,39.5905647277832,1112000000.0
2017-11-01,QCOM,Manufacturing,62824791069.03076,0.07166417249488441,0.11058274639989234,0.03923610342438707,3.996791051618227,0001234452-17-000190,10-K,2017-09-24,42.62197494506836,1474000000.0
2017-11-03,AAPL,Manufacturing,205964285070.858,0.16945052075700937,0.38469860491899105,0.23475429239280868,1.2760628484139107,0000320193-17-000070,10-K,2017-09-30,40.17873764038086,5126201000.0
2017-11-13,SWKS,Manufacturing,16473726543.426514,0.06236640720657688,0.5044092676781509,0.06132188714781712,6.789636504253673,0000004127-17-000033,10-K,2017-09-29,89.97119903564453,183100000.0
2017-11-17,SBUX,Retail,67613544415.2832,0.29057609845742605,0.12886611753354654,0.0426674865953027,1.251782879617125,0000829224-17-000049,10-K,2017-10-01,47.22935485839844,1431600000.0
2017-11-22,ADI,Manufacturing,27866589723.80365,0.052626485398670486,0.5994310722871822,0.02609788306384599,1.4729630177181188,0000006281-17-000144,10-K,2017-10-28,75.59382629394531,368635788.0
2017-12-14,SNPS,Services,13236151605.033875,0.10209613272814132,0.7599219048178268,0.010317424888671068,1.0424283614055805,0000883241-17-000014,10-K,2017-10-31,87.9800033569336,150445000.0
2017-12-15,AMAT,Manufacturing,50730274353.02734,0.18584891086049746,0.4493361766526794,0.06769133508135808,3.139246658566221,0000006951-17-000038,10-K,2017-10-29,47.85874938964844,1060000000.0
2018-01-22,ADBE,Services,97191272280.94484,0.20039501756933137,0.8616051074401784,0.01742907526823387,2.0546850039561075,0000796343-18-000015,10-K,2017-12-01,197.83999633789065,491262000.0
2018-01-29,NFLX,Services,12333922292.160858,-0.09393426787151479,0.0996069945443799,0.04531640355438608,1.403135057054921,0001065280-18-000069,10-K,2017-12-31,28.458999633789062,433392686.0
2018-01-31,CMCSA,Transportation Utilities,64960455813.01982,0.11448576884604893,0.27092255637318696,0.3525221569552199,0.7448634107879969,0001166691-18-000004,10-K,2017-12-31,31.487228393554688,2063073161.0
2018-01-31,SIRI,Transportation Utilities,223916673570.24384,0.09685781908700462,0.11942720624707726,0.0028935227987689264,0.16689514725656715,0000908937-18-000014,10-K,2017-12-31,49.45438003540039,4527742000.0
2018-02-01,BIIB,Manufacturing,73179000000.0,0.19241013672915452,0.8671978751660027,0.036487243608138945,2.33753933851909,0000875045-18-000005,10-K,2017-12-31,346.0,211500000.0
2018-02-01,META,Services,565805399841.3086,0.28649850929913395,0.39195139350109465,0.028161625895526992,12.915691489361702,0001326801-18-000009,10-K,2017-12-31,191.4091339111328,2956000000.0
2018-02-02,AMZN,Retail,34604788818.359375,0.14038534765059782,0.03109644338996773,0.08764682876466101,1.039977195376881,0001018724-18-000005,10-K,2017-12-31,71.49749755859375,484000000.0
2018-02-02,CHTR,Transportation Utilities,104984533350.0,0.08152881880741766,0.24326014285370723,0.09634752546147313,0.23038773669972948,0001091667-18-000025,10-K,2017-12-31,387.5,270927828.0
2018-02-02,ISRG,Manufacturing,15608202346.801758,0.19866273011462313,0.7012368564032088,0.04228545897441156,3.992188609572504,0001035267-18-000013,10-K,2017-12-31,138.98666381835938,112300000.0
2018-02-05,EBAY,Services,38565058925.62866,0.12108848774104153,0.7677432842061253,-0.026345091341862584,2.187906188188754,0001065088-18-000009,10-K,2017-12-31,37.47819137573242,1029000000.0
2018-02-05,FAST,Retail,3025002319.017639,0.2010651090877856,0.4927912538435258,0.19127258063983854,5.514814814814815,0000815556-18-000010,10-K,2017-12-31,10.51839828491211,287591536.0
2018-02-05,NFLX,Services,11019442692.144855,-0.09393426787151479,0.0996069945443799,0.05072207511895581,1.403135057054921,0001628280-18-000941,10-K/A,2017-12-31,25.426000595092773,433392686.0
2018-02-06,GOOG,Services,37211049160.94971,0.1879976684660027,0.11422128005051645,0.3402752753686894,5.140305173055452,0001652044-18-000007,10-K,2017-12-31,53.55780029296875,694783000.0
2018-02-06,GOOGL,Services,37341066536.31592,0.1879976684660027,0.11422128005051645,0.339090475299778,5.140305173055452,0001652044-18-000007,10-K,2017-12-31,53.74493408203125,694783000.0
2018-02-07,CSX,Transportation Utilities,14082612785.668797,0.09714877304905006,0.4795757363253857,0.38849324931859064,1.0110876451953537,0000277948-18-000009,10-K,2017-12-31,15.757244110107422,893723083.0
2018-02-07,MSTR,Finance Real Estate,154175546.73099518,0.17912406907510578,0.8084424915220308,0.11443448960673011,4.130797693364636,0001564590-18-001547,10-K,2017-12-31,13.35200023651123,11547000.0
2018-02-07,PYPL,Services,89929165649.41406,0.06207387060381616,0.1370856881014205,0.01996015405055296,1.4278528627039322,0001633917-18-000029,10-K,2017-12-31,74.94097137451172,1200000000.0
2018-02-08,REGN,Manufacturing,30209183120.43759,0.14914072863436909,0.2040982066939851,0.0396737308394534,3.8177850306873813,0001532176-18-000013,10-K,2017-12-31,319.9772033691406,94410423.0
2018-02-08,TMUS,Transportation Utilities,48390262108.07738,0.1128353386335615,0.11171313171116146,0.09373786795924058,0.7742075553625706,0001283699-18-000011,10-K,2017-12-31,56.30659484863281,859406651.0
2018-02-09,EXC,Transportation Utilities,18855624330.24556,0.06409597257926307,0.11478929945423638,0.20413007453834195,1.0961467210077807,0001628280-18-001324,10-K,2017-12-31,19.538911819458008,965029399.0
2018-02-09,EXPE,Transportation Utilities,15659520438.613892,0.09716948299026099,0.03691498595803275,0.023714583179973228,0.7031104155640088,0001324424-18-000006,10-K,2017-12-31,100.13441467285156,156385000.0
2018-02-09,HON,Manufacturing,88238002803.03955,0.10045969656658865,0.31970691271525137,0.01924340925746235,1.378611950585865,0000930413-18-000292,10-K,2017-12-31,117.50965881347656,750900000.0
2018-02-09,MDLZ,Manufacturing,51095298955.346825,0.041087642016194206,0.38867006487488415,0.057461254949615376,0.4761603241942633,0001193125-18-037332,10-K,2017-12-31,34.19144058227539,1494388598.0
2018-02-13,AMGN,Manufacturing,98164056433.10547,0.13979288090652126,0.08661210556260668,0.020160128583812165,5.485144124168515,0000318154-18-000004,10-K,2017-12-31,135.92364501953125,722200000.0
2018-02-13,ILMN,Manufacturing,31522061279.296875,0.16644474034620507,0.6635174418604651,0.021508745700120135,3.994638069705094,0001110803-18-000009,10-K,2017-12-31,214.435791015625,147000000.0
2018-02-13,PEP,Manufacturing,122451618711.08871,0.12523181795398727,0.5468713105076741,0.040081136138999454,1.5133645498000194,0000077476-18-000012,10-K,2017-12-30,86.10356903076172,1422143357.0
2018-02-14,KDP,Manufacturing,2719292621.3339806,0.10357214128916384,0.5971599402092675,0.39569114098215574,0.9022617124394184,0001418135-18-000006,10-K,2017-12-31,15.128779411315918,179743028.0
2018-02-15,ALNY,Manufacturing,12133405462.34928,-0.034419194577712274,-4.906728241421018,-0.04045640785047635,12.233814670262252,0001564590-18-002152,10-K,2017-12-31,121.73999786376952,99666549.0
2018-02-15,FANG,Mining,9392220084.957886,0.0664982624467812,,0.055019686008807696,0.6210315398629785,0001539838-18-000014,10-K,2017-12-31,95.6756591796875,98167289.0
2018-02-15,INCY,Services,18081991350.87213,-0.04038422953015354,,,4.008710801393728,0001558370-18-000722,10-K,2017-12-31,85.58999633789062,211262906.0
2018-02-15,MAR,Services,47286351123.046875,0.10172039418740604,0.05992836551061413,0.02901471497409115,0.45707154742096506,0001628280-18-001756,10-K,2017-12-31,131.68017578125,359100000.0
2018-02-15,VRTX,Manufacturing,40758596698.57434,0.2382793750955298,0.03682113851193337,0.0022482373639523567,3.2814248197606717,0000875320-18-000009,10-K,2017-12-31,160.94000244140625,253253362.0
2018-02-16,IDXX,Manufacturing,15915670375.601454,0.13764666607525552,0.5573131923996144,0.016541496134752105,0.9675661255048195,0000874716-18-000005,10-K,2017-12-31,182.47999572753903,87218713.0
2018-02-16,INTC,Manufacturing,180481897628.78418,0.15321828168991228,0.6225044215356671,0.0531964708158564,1.6933585902072212,0000050863-18-000007,10-K,2017-12-30,38.50691223144531,4687000000.0
2018-02-16,KHC,Manufacturing,56886714717.86499,0.004383192494510613,,0.19319097709378963,0.7171338333991315,0001637459-18-000015,10-K,2017-12-30,46.66670608520508,1219000000.0
2018-02-16,VRSN,Services,11588789783.554077,0.23893780336381082,0.39245555083491046,0.03945606129199887,1.5675162509099485,0001014473-18-000018,10-K,2017-12-31,118.74855041503906,97591000.0
2018-02-20,CDNS,Services,11330630873.519897,0.19462408536106376,0.10504253146628569,0.01801320705601588,1.5255153347301829,0000813672-18-000008,10-K,2017-12-30,40.16999816894531,282067000.0
2018-02-20,SHPG,Manufacturing,115280698658.75243,0.06282312207317631,0.28175006266242764,0.037053037062555104,0.9652879979700584,0000936402-18-000007,10-K,2017-12-31,125.70133972167967,917100000.0
2018-02-20,VRSK,Services,15211727918.16658,0.12349882896201186,,0.03649158090298688,0.44677033492822965,0001442145-18-000008,10-K,2017-12-31,92.2599868774414,164878930.0
2018-02-21,AAL,Transportation Utilities,24508534914.835453,0.09230290294964588,0.04546639183073898,0.07829925398104458,0.6112002138465651,0000006201-18-000009,10-K,2017-12-31,51.541805267333984,475507887.0
2018-02-21,HSIC,Wholesale,8278776177.216736,0.06983722804396487,0.2727674253501352,0.055478369044929414,1.4527909401829469,0001000228-18-000012,10-K,2017-12-30,53.866668701171875,153690146.0
2018-02-21,ON,Manufacturing,9875495452.016335,0.15207571819710636,0.3669066046075301,0.08232498348566454,2.081907871389027,0001193125-18-051397,10-K,2017-12-31,23.229999542236328,425118194.0
2018-02-21,PCAR,Manufacturing,11889723069.202995,0.10135152430440013,0.08610020353199975,0.14089478705682704,,0001564590-18-002675,10-K,2017-12-31,33.81507110595703,351610175.0
2018-02-21,TRIP,Services,4752883607.219925,0.1538393485915493,-0.012210796915167094,-0.0039975731724500516,2.6693548387096775,0001564590-18-002664,10-K,2017-12-31,37.67860412597656,126142773.0
2018-02-22,TSCO,Retail,1439617678.983688,0.22011183193906517,,0.293549465368012,1.9492942886009887,0000916365-18-000031,10-K,2017-12-30,11.489091873168944,125303000.0
2018-02-22,TXN,Manufacturing,81350525602.62021,0.20870649586214715,0.642604104003743,0.0452609245327532,3.8680248007085916,0001564590-18-002832,10-K,2017-12-31,82.54238891601562,985560591.0
2018-02-22,UAL,Transportation Utilities,19141111230.72731,0.03411614610404952,0.05647127411490354,0.1113310494000524,0.5611391606184917,0001193125-18-054235,10-K,2017-12-31,66.69999694824219,286973195.0
2018-02-23,AEP,Transportation Utilities,24825727411.41266,0.0698572975678636,0.1250510538155839,0.07769762263293295,0.5141997025860505,0000004904-18-000009,10-K,2017-12-31,50.458221435546875,492005598.0
2018-02-23,BKR,Manufacturing,2234.9260330200195,-0.014005258545135846,0.1861637406570485,-108280.98846429799,2.0792401933235922,0001701605-18-000029,10-K,2017-12-31,22.349260330200195,100.0
2018-02-23,CSGP,Services,1157219582.8170776,0.08168011801877957,0.7716575324016037,0.10602568589559935,8.781414915522344,0001057352-18-000011,10-K,2017-12-31,35.49100112915039,32606000.0
2018-02-23,INSM,Manufacturing,1981913906.254097,-0.34545619817897316,,-0.09720351595096022,8.720978144034396,0001104506-18-000002,10-K,2017-12-31,25.8700008392334,76610508.0
2018-02-23,JBHT,Transportation Utilities,12326782084.423828,0.19150865923357838,0.09545260577547914,0.055672518204663055,1.452228359679078,0001437749-18-003239,10-K,2017-12-31,112.3138427734375,109753008.0
2018-02-23,MELI,Services,17100381213.864258,0.1607770081885647,,0.0008058299886804725,1.3294178291626724,0001562762-18-000040,10-K,2017-12-31,387.260009765625,44157364.0
2018-02-23,ROP,Manufacturing,27370507299.6521,0.05870471884263188,0.6217719004633996,0.03550434741165181,0.8669528912111851,0000882835-18-000011,10-K,2017-12-31,267.0475769042969,102493000.0
2018-02-23,TSLA,Manufacturing,3961665474.096298,0.009003338012851482,0.1890070637604283,-0.5655646633089589,0.8561306219029613,0001564590-18-002956,10-K,2017-12-31,23.469999313354492,168797000.0
2018-02-23,XEL,Transportation Utilities,17533723786.80305,0.07264699047176389,0.10066643283058575,0.06547382712074287,0.7272504892367906,0000072903-18-000009,10-K,2017-12-31,34.53132247924805,507762881.0
2018-02-26,BMRN,Manufacturing,14777908826.94976,-0.012871226224200729,-0.08909706267898658,-0.007920065103295003,2.7031173838176255,0001564590-18-003114,10-K,2017-12-31,84.04000091552734,175843749.0
2018-02-26,FTNT,Manufacturing,1689644981.775284,0.2632538145794618,0.742272882342317,0.018583193711503555,1.6713216117629766,0001262039-18-000009,10-K,2017-12-31,10.064000129699709,167890000.0
2018-02-26,HAS,Manufacturing,9139392510.482986,0.13693389940950662,0.07612736962890194,0.04339533503403944,2.9031994164721975,0001193125-18-058659,10-K,2017-12-31,73.37601470947266,124555586.0
2018-02-27,AMD,Manufacturing,12116509741.783142,0.0192090395480226,0.3420904484893976,0.003548876773623742,1.7644683714670255,0000002488-18-000042,10-K,2017-12-30,12.529999732971191,967000000.0
2018-02-27,BKNG,Transportation Utilities,3638960035.122925,0.030540606177383023,0.9802432473822029,0.7011233911267218,2.5829462403955783,0001075531-18-000015,10-K,2017-12-31,74.61541748046875,48769546.0
2018-02-27,CTSH,Services,42874908782.958984,0.15813678470534132,0.10155300472653613,0.03507879183168731,3.2092286016202887,0001058290-18-000009,10-K,2017-12-31,72.91651153564453,588000000.0
2018-02-27,DXCM,Manufacturing,1211910026.5502927,0.10175865501603805,0.6848990953375087,-0.04142221691398537,5.361411087113031,0001093557-18-000018,10-K,2017-12-31,13.93000030517578,87000000.0
2018-02-27,ESRX,Retail,44384415655.51758,0.0986309297807792,0.08756443337603907,0.10210115269224343,0.6700006724045185,0001532063-18-000004,10-K,2017-12-31,78.63999938964844,564400000.0
2018-02-27,GILD,Manufacturing,76865542282.10449,0.1692870253119531,0.17788332631095108,0.06041718905665219,2.735109583154276,0000882095-18-000008,10-K,2017-12-31,58.76570510864258,1308000000.0
2018-02-27,MAT,Manufacturing,5489361005.285692,-0.004426382418987376,0.3729715845161084,-0.19197790033945006,1.9162349127326406,0001628280-18-002322,10-K,2017-12-31,15.970000267028809,343729550.0
2018-02-27,NCLH,Transportation Utilities,12859302288.352074,0.04509449502510453,0.14081678225780297,0.05909123084292764,0.20816571426506042,0001144204-18-011097,10-K,2017-12-31,56.27000045776367,228528562.0
2018-02-27,ODFL,Transportation Utilities,3669983409.797764,0.17477832268291474,,0.12636950858193566,1.6654455645793038,0000878927-18-000005,10-K,2017-12-31,44.551639556884766,82375945.0
2018-02-28,ALGN,Manufacturing,21012099920.654297,0.24666733413729797,0.7580678329836916,0.01101355889577332,2.324157921802433,0001097149-18-000010,10-K,2017-12-31,262.5199890136719,80040000.0
2018-02-28,NVDA,Manufacturing,3623513606.071472,0.3115381193843964,0.5993411570928556,0.8408965251005323,8.026886383347788,0001045810-18-000010,10-K,2018-01-28,5.979395389556885,606000000.0
2018-02-28,ORLY,Retail,1372383384.4643269,0.18538144728822478,0.5258216835755514,0.826156898163373,0.9315412821197544,0000898173-18-000077,10-K,2017-12-31,16.279333114624023,84302187.0
2018-02-28,TTD,Services,247859052.80685425,0.06372339945105399,,0.20494712387844338,1.4768866723750897,0001564590-18-003611,10-K,2017-12-31,5.625999927520752,44056000.0
2018-02-28,WBD,Transportation Utilities,3288705447.3721848,0.048725338062513855,-0.0455405208788011,-0.09517422736964792,5.339925173703902,0001437107-18-000028,10-K,2017-12-31,24.31999969482422,135226377.0
2018-02-28,WTW,Finance Real Estate,18546673061.847916,0.026557397251833138,0.07217751767861497,0.03191947138043827,1.0749576414774653,0001140536-18-000008,10-K,2017-12-31,140.4637908935547,132038819.0
2018-02-28,WYNN,Services,15766041448.35086,0.14797473753402432,0.14100889767295532,0.05640312458350264,1.7737148304140828,0001174922-18-000019,10-K,2017-12-31,153.0596466064453,103005866.0
2018-03-01,AKAM,Services,11539154254.996033,0.17401914989949693,0.08722387091309775,0.01892001746189284,2.8214285714285716,0001086222-18-000052,10-K,2017-12-31,67.91999816894531,169893324.0
2018-03-01,AXON,Manufacturing,1996434289.8669548,0.054686021200075714,0.602353707700452,0.002608149953358596,1.9008059286706809,0001069183-18-000020,10-K,2017-12-31,37.689998626708984,52969869.0
2018-03-01,CDW,Retail,9946242004.394531,0.11179311732743007,0.1612678142382253,0.052582673915326394,1.3433945756780403,0001402057-18-000038,10-K,2017-12-31,65.00811767578125,153000000.0
2018-03-01,MNST,Manufacturing,15352339125.640867,0.20616333250678562,,0.05345621883959925,3.7233394782912854,0001104659-18-014057,10-K,2017-12-31,27.11000061035156,566298000.0
2018-03-01,MPWR,Manufacturing,4496615704.711915,0.2050679698238807,0.5484542255838991,0.014500460853631558,6.814175402399988,0001437749-18-003639,10-K,2017-12-31,108.05535888671876,41614000.0
2018-03-01,MTCH,Services,3229813039.9150085,0.07101286510640256,0.10824981200330548,0.11084480605398164,2.6574097693215695,0000891103-18-000003,10-K,2017-12-31,35.93147277832031,89888134.0
2018-03-01,SBAC,Finance Real Estate,16609781565.994415,0.1118097102471857,0.741668856508809,0.006240539623483863,0.930542657894265,0001034054-18-000003,10-K,2017-12-31,141.3085174560547,117542678.0
2018-03-14,WDAY,Services,29145898590.08789,0.09413525099122291,-0.1498901098901099,-0.011021173322453098,1.9219136285173353,0001327811-18-000009,10-K,2018-01-31,138.7899932861328,210000000.0
2018-03-15,BIDU,Services,9173264134.479828,0.058891105999121195,0.2155899953966549,0.3063249851749027,1.8424391404329554,0001193125-18-084050,20-F,2017-12-31,262.7099914550781,34917835.0
2018-03-15,XRAY,Manufacturing,11284184207.15332,0.05801725384355873,0.5480292482596284,-0.13738698088757068,2.0979570455735987,0000818479-18-000014,10-K,2017-12-31,49.75389862060547,226800000.0
2018-03-16,DLTR,Retail,22701991407.0,0.09246424373040753,,0.07551319922847859,1.6006085831205623,0000935703-18-000013,10-K,2018-02-03,95.75,237096516.0
2018-03-16,TRI,Manufacturing,23832835751.999268,0.0766238670694864,0.12309185564281303,0.05853269054996854,0.6207256046705588,0001193125-18-085922,40-F,2017-12-31,33.60040283203125,709302084.0
2018-03-22,ADSK,Services,28686803799.438477,0.00021878646441073513,0.852474958669649,-0.01976169962898051,0.8844668425018839,0000769397-18-000011,10-K,2018-01-31,131.41000366210938,218300000.0
2018-03-23,LIN,Manufacturing,3139192.9626464844,-0.003776470455451149,,-0.5997229295560228,,0001707925-18-000004,10-K,2017-12-31,125.56771850585938,25000.0
2018-03-26,DLTR,Retail,22573959071.291656,0.09246424373040753,,0.0759414861427721,1.6006085831205623,0000935703-18-000016,10-K,2018-02-03,95.20999908447266,237096516.0
2018-03-27,LULU,Manufacturing,9889911384.96399,0.2448542219273319,0.5280084675226041,0.026154127163692663,4.908721180595903,0001397187-18-000013,10-K,2018-01-28,78.70999908447266,125650000.0
2018-04-02,ENPH,Manufacturing,387472159.66415405,-0.16814959768721882,0.1958408755757148,-0.11663289573932405,1.421894245757077,0001463101-18-000030,10-K,2017-12-31,4.510000228881836,85914000.0
2018-04-03,ROST,Retail,26685220548.599243,0.2938243647251659,0.09641166171385492,0.05106770609289693,1.6357733224944742,0000745732-18-000004,10-K,2018-02-03,70.29492950439453,379618000.0
2018-04-03,ULTA,Retail,12430800656.982422,0.26794426488652784,0.35632710715224014,0.04466598856511493,2.6375469894077233,0001558370-18-002733,10-K,2018-02-03,204.3800048828125,60822000.0
2018-04-11,NXPI,Manufacturing,35326548509.23693,0.0944737826936671,0.4990276577355229,0.06431423662591702,2.2236938925680647,0001193125-18-114230,20-F,2017-12-31,102.09900665283205,346002862.0
2018-04-20,NTES,Services,148860808791.4009,0.16738030269305773,0.4789598197449337,0.011201632004677942,2.6083147094259527,0001104659-18-025392,20-F,2017-12-31,45.33992385864258,3283217000.0
2018-04-23,TCOM,Services,2888732960.977127,0.04362189233841429,0.8192695192771722,0.11496991223711443,1.4048129774322224,0001104659-18-025739,20-F,2017-12-31,42.732322692871094,67600654.0
2018-04-27,CHKP,Services,15224391216.108887,0.14850759464799634,0.43292240402273624,0.052739251678610925,1.62763303436419,0001193125-18-138808,20-F,2017-12-31,95.7300033569336,159034688.0
2018-04-27,JD,Retail,47141315429.16644,0.13485793566144993,-3.230418960918054e-05,-3.816185406839442e-05,0.9727529161411448,0001104659-18-027777,20-F,2017-12-31,32.20796203613281,1463654092.0
2018-05-17,TTWO,Services,12986647126.785276,0.10539426369393455,0.49895978118034995,0.01336241743583561,1.3950643020066256,0001628280-18-006877,10-K,2018-03-31,113.87999725341795,114038000.0
2018-05-18,MCHP,Manufacturing,9375026169.757164,0.05563205444945018,0.6080938504823151,0.02724259062058869,1.6636760186378508,0001628280-18-006982,10-K,2018-03-31,39.889015197753906,235027767.0
2018-05-23,EA,Services,39644140594.48242,0.12150512581547064,0.7520388349514563,0.026309058144778203,2.4102769971898836,0000712515-18-000024,10-K,2018-03-31,129.55601501464844,306000000.0
2018-06-06,WTW,Finance Real Estate,18267873627.424072,0.026557397251833138,0.07217751767861497,0.03240661787320877,1.0749576414774653,0001140536-18-000016,10-K,2017-12-31,138.352294921875,132038819.0
2018-06-08,VOD,Transportation Utilities,399242401233.2714,,,0.006109070560806813,,0001104659-18-039071,20-F,2018-03-31,14.966001510620115,26676624411.0
2018-06-19,NTAP,Manufacturing,16527550090.789795,0.1498226051697922,0.6257824395195398,0.004598382675140222,1.8923544024289263,0001564590-18-015820,10-K,2018-04-27,62.8423957824707,263000000.0
2018-07-20,PAYX,Services,19838594120.025635,0.17101437624770557,0.19962140258511046,0.03401954775206258,1.0940384324406114,0000723531-18-000026,10-K,2018-05-31,55.26070785522461,359000000.0
2018-07-27,CTAS,Manufacturing,5019290016.521282,0.06694893258528697,0.4490795524587471,0.16786955868789802,2.5493512335391704,0000723254-18-000015,10-K,2018-05-31,47.20643997192383,106326383.0
2018-08-03,ADP,Services,49484180908.203125,0.06781580373536954,0.1803855228598139,0.032753901757143475,1.0538048767656574,0000008670-18-000011,10-K,2018-06-30,112.7716064453125,438800000.0
2018-08-03,MSFT,Services,766333951789.856,0.16953578934355298,0.652473722363175,0.021623732005213437,2.900800164136233,0001564590-18-019062,10-K,2018-06-30,99.82205963134766,7677000000.0
2018-08-03,STX,Manufacturing,11476227917.262451,0.22454835281615304,0.10568669527896996,0.10299551459953535,1.3510971786833856,0001193125-18-238271,10-K,2018-06-29,39.963134765625,287170363.0
2018-08-06,KLAC,Manufacturing,1647915906.9213867,0.21872969073324416,0.19874273571413884,0.48683612836699913,3.734556676351283,0000319201-18-000045,10-K,2018-06-30,10.560314178466797,156048000.0
2018-08-14,LRCX,Manufacturing,2488771797.8782654,0.05768935207065552,0.4662844572148519,0.9565686183159038,2.9044496601602128,0000707549-18-000115,10-K,2018-06-24,15.862961769104004,156892000.0
2018-08-24,WDC,Manufacturing,13192513275.146484,0.14383444501453738,,0.051165383420279716,2.387342908438061,0000106040-18-000029,10-K,2018-06-29,44.56930160522461,296000000.0
2018-08-31,INTU,Services,53542197513.549805,0.4078794901506373,0.20305164319248825,0.02261767458635845,1.1361058601134215,0000896878-18-000171,10-K,2018-07-31,207.03358459472656,258616000.0
2018-09-06,CSCO,Manufacturing,173265781860.35156,0.12562509192528312,0.6204338130954794,0.0006348628033702442,2.287294248196782,0000858877-18-000011,10-K,2018-07-28,37.55218505859375,4614000000.0
2018-09-13,PANW,Manufacturing,3683159857.1777344,0.17808689678859693,0.7161145572126171,-0.0401557373926556,1.9313826306441058,0001327567-18-000024,10-K,2018-07-31,39.349998474121094,93600000.0
2018-09-13,ZS,Services,5082783995.529175,0.03865059035555327,0.8008402831091527,-0.00661960060266088,2.1175942942154546,0001628280-18-011833,10-K,2018-07-31,42.439998626708984,119764000.0
2018-10-01,CPRT,Retail,3077524062.915229,0.1052702736666583,0.23149369079495707,0.13582574545462267,2.5576218368583548,0000900075-18-000048,10-K,2018-07-31,13.157500267028809,233898841.0
2018-10-15,MU,Manufacturing,47934550998.687744,0.4011434894872741,0.588694021256293,0.2949438287298663,2.7874522071602366,0000723125-18-000092,10-K,2018-08-30,41.287296295166016,1161000000.0
2018-10-26,COST,Retail,86112716937.60681,0.09757531227038942,0.022454370797310278,0.036916730920281526,1.0182174043962662,0000909832-18-000013,10-K,2018-09-02,196.5195770263672,438189000.0
2018-11-05,AAPL,Manufacturing,226643310303.03192,0.2117273907990977,0.38343718820007905,0.26266383031735846,1.1238426916297297,0000320193-18-000145,10-K,2018-09-29,47.66434860229492,4754986000.0
2018-11-07,QCOM,Manufacturing,63709574119.56787,0.11916416814538335,-0.2139714939292627,-0.07634645290316047,1.5471698113207548,0001728949-18-000095,10-K,2018-09-30,52.26380157470703,1219000000.0
2018-11-15,SWKS,Manufacturing,10723901191.711426,0.05906914618236037,0.5043174767321613,0.0856404757542747,5.804978188350013,0000004127-18-000046,10-K,2018-09-28,60.450401306152344,177400000.0
2018-11-16,SBUX,Retail,75740167193.98499,0.49418787567683925,0.18277068710936709,0.05965130745524422,2.198057774181063,0000829224-18-000052,10-K,2018-09-30,57.85667037963867,1309100000.0
2018-11-27,ADI,Manufacturing,28845717915.29889,0.11943214643053111,0.6826869207936471,0.051842426123388956,1.5020758986671294,0000006281-18-000126,10-K,2018-11-03,77.92779541015625,370159553.0
2018-12-13,AMAT,Manufacturing,30171916839.59961,0.21307601417881056,0.4530806236596534,0.10980409423811618,2.6418387413962634,0000006951-18-000041,10-K,2018-10-28,31.201568603515625,967000000.0
2018-12-17,SNPS,Services,12781561540.031433,0.08964453803416676,0.7642152116365668,0.03383921429673266,0.7342969870363368,0000883241-18-000012,10-K,2018-10-31,85.62999725341797,149265000.0
2018-12-21,AVGO,Manufacturing,8240964422.74069,0.17716064160881015,0.514821565617805,1.5301607133751347,3.895209580838323,0001730168-18-000084,10-K,2018-11-04,20.216398239135746,407637618.0
2019-01-25,ADBE,Services,119453050361.77063,0.2146823096049046,0.8676635723910765,0.021688638273812913,1.1292482480169146,0000796343-19-000019,10-K,2018-11-30,244.9499969482422,487663000.0
2019-01-29,NFLX,Services,14359727588.851364,-0.10319695546384132,0.07374008196986503,0.08434992882040371,1.4943204589876868,0001065280-19-000043,10-K,2018-12-31,32.88999938964844,436598597.0
2019-01-30,EBAY,Services,27582959890.3656,0.11648187913580788,0.7783361250697934,0.09172329619649336,1.5999101930848676,0001065088-19-000006,10-K,2018-12-31,30.14531135559082,915000000.0
2019-01-30,SIRI,Transportation Utilities,209684872178.97034,0.23008427043281465,0.203769842507623,0.00560790574818555,0.17063430047975545,0000908937-19-000008,10-K,2018-12-31,48.252159118652344,4345606000.0
2019-01-31,CHTR,Transportation Utilities,89690654152.17554,0.08052419078902347,0.03451436952834945,0.0167910471189653,0.225713104588673,0001091667-19-000029,10-K,2018-12-31,331.04998779296875,270927828.0
2019-01-31,CMCSA,Transportation Utilities,57122581605.115776,0.09653772190524626,0.12551451215253898,0.2076586818502206,0.7915081694018766,0001166691-19-000005,10-K,2018-12-31,27.68810272216797,2063073161.0
2019-01-31,META,Services,482662936080.9326,0.3007582139848357,0.39600272216053584,0.04581250878623975,7.193957531708707,0001326801-19-000009,10-K,2018-12-31,165.2389373779297,2921000000.0
2019-02-01,AMZN,Retail,39923946769.714355,0.18889257783680094,0.023749715527272883,0.2523047147142579,1.098112324721089,0001018724-19-000004,10-K,2018-12-31,81.3115005493164,491000000.0
2019-02-01,INTC,Manufacturing,189392351303.1006,0.14757390808280518,0.6173357046070461,0.11116077209637207,1.7314447251293155,0000050863-19-000007,10-K,2018-12-29,41.93807601928711,4516000000.0
2019-02-04,ISRG,Manufacturing,19939410804.748535,0.1490562911797316,0.6992374201170721,0.056420924921817814,5.280526444065318,0001035267-19-000012,10-K,2018-12-31,174.14332580566406,114500000.0
2019-02-05,GOOG,Services,39506691401.916504,0.2060680779408227,0.22464716157843576,0.777994787954047,3.919006354708261,0001652044-19-000004,10-K,2018-12-31,56.79872131347656,695556000.0
2019-02-05,GOOGL,Services,39707410931.21338,0.2060680779408227,0.22464716157843576,0.7740620523772027,3.919006354708261,0001652044-19-000004,10-K,2018-12-31,57.08729553222656,695556000.0
2019-02-06,BIIB,Manufacturing,65714926074.21875,0.24468047246024935,0.8649882181537066,0.06808194526380572,2.3187970381160476,0000875045-19-000006,10-K,2018-12-31,333.239990234375,197200000.0
2019-02-06,CSX,Transportation Utilities,17334589630.74964,0.126357918810749,0.2701224489795918,0.1908900106945826,1.3394255874673628,0000277948-19-000011,10-K,2018-12-31,20.52838897705078,844420361.0
2019-02-06,FAST,Retail,3659319402.787488,0.20298058106277284,0.48315240377837304,0.20547536774932515,5.295381801554641,0000815556-19-000015,10-K,2018-12-31,12.799212455749512,285901919.0
2019-02-07,PYPL,Services,105742125900.26855,0.12653466260500323,0.13313054171251051,0.01945298510396958,1.2725061766522545,0001633917-19-000043,10-K,2018-12-31,90.06995391845703,1174000000.0
2019-02-07,REGN,Manufacturing,38059708859.10791,0.18706378627125145,0.3642486737795792,0.06422539933368515,4.468810645966177,0001532176-19-000009,10-K,2018-12-31,403.13037109375,94410423.0
2019-02-07,TMUS,Transportation Utilities,55513170877.894455,0.05380305790141856,0.06668205957053798,0.05202369013206579,0.8065647219246128,0001283699-19-000015,10-K,2018-12-31,65.29576110839844,850180317.0
2019-02-08,AMD,Manufacturing,23165249233.24585,0.007462686567164179,0.3779150579150579,0.014547652676076151,1.784274193548387,0000002488-19-000011,10-K,2018-12-29,23.049999237060547,1005000000.0
2019-02-08,EXC,Transportation Utilities,25323540176.17015,0.07223438570688416,0.05791301931360289,0.08229497082564612,1.1715187653454928,0001628280-19-001107,10-K,2018-12-31,26.155603408813477,968187955.0
2019-02-08,EXPE,Transportation Utilities,19455940598.89984,0.10952143292851993,0.03956323775994936,0.02045647692933979,0.644789081885856,0001324424-19-000006,10-K,2018-12-31,127.25533294677734,152889000.0
2019-02-08,HON,Manufacturing,91729888476.56248,0.11136690149377737,0.3051528634993541,0.0744359348234092,1.2873599661805115,0000930413-19-000366,10-K,2018-12-31,125.7262725830078,729600000.0
2019-02-08,MDLZ,Manufacturing,56627206642.131386,0.06293739737601428,0.3991055594109029,0.059953513537326336,0.45432275796140287,0001103982-19-000005,10-K,2018-12-31,38.950218200683594,1453835415.0
2019-02-12,ILMN,Manufacturing,41783462493.896484,0.16410403793648512,0.6900690069006901,0.018715538476837112,2.488913525498891,0001110803-19-000013,10-K,2018-12-30,284.2412414550781,147000000.0
2019-02-13,AMGN,Manufacturing,94621244409.17969,0.17007949891592386,0.3534762285762412,0.08871157901602968,2.788997627520759,0000318154-19-000008,10-K,2018-12-31,150.28787231445312,629600000.0
2019-02-13,VRTX,Manufacturing,47270673762.0,0.2033792418640202,0.6848356262327335,0.04415217372420409,3.4304529533371655,0000875320-19-000006,10-K,2018-12-31,185.25,255172328.0
2019-02-14,ALNY,Manufacturing,8400726767.702911,-0.35726142080083717,-10.165763336359268,-0.09064656202456435,6.689337805163404,0001564590-19-003022,10-K,2018-12-31,83.02999877929688,101177007.0
2019-02-14,INCY,Services,17791371746.682434,0.1270813474530211,0.05818268192018314,0.006154275317214773,4.308377833741303,0001558370-19-000682,10-K,2018-12-31,83.41999816894531,213274660.0
2019-02-15,IDXX,Manufacturing,18103385527.03857,0.2602427945768983,0.5609607986835601,0.02082743028572507,0.8490844240463941,0000874716-19-000004,10-K,2018-12-31,210.2599945068359,86100000.0
2019-02-15,PEP,Manufacturing,129798433371.09375,0.12125231815371935,0.5456148219173845,0.09675771635928622,0.9889330562833137,0000077476-19-000017,10-K,2018-12-29,91.953369140625,1411568000.0
2019-02-15,VRSN,Services,20739859005.264282,0.36446358952501534,0.47942704710984396,0.028085485048483218,1.389877478656381,0001014473-19-000005,10-K,2018-12-31,172.7788848876953,120037000.0
2019-02-19,BKR,Manufacturing,2134.389114379883,0.03360094586090505,0.17423613236001223,132590.63124589712,1.6597560975609755,0001701605-19-000021,10-K,2018-12-31,21.343891143798828,100.0
2019-02-19,CTSH,Services,37620891281.12793,0.16288569094451077,0.13029457364341085,0.05584663011569695,3.124594886568239,0001058290-19-000009,10-K,2018-12-31,65.20085144042969,577000000.0
2019-02-19,TSLA,Manufacturing,3516958633.1863403,0.07053897875069932,0.18834026954977684,-0.30213093494287363,0.8312845221482174,0001564590-19-003165,10-K,2018-12-31,20.375999450683594,172603000.0
2019-02-19,VRSK,Services,19397833859.85756,0.15836482890700473,0.2499686860673876,0.03086427094516812,0.4865619809753888,0001442145-19-000012,10-K,2018-12-31,118.30081939697266,163970410.0
2019-02-20,HSIC,Wholesale,9109838086.335266,0.08054865304233491,0.27231369198367367,0.061705377710629956,1.2971246979101394,0001000228-19-000015,10-K,2018-12-29,60.16999816894531,151401668.0
2019-02-20,MSTR,Finance Real Estate,160247301.9104004,0.012418085275448486,0.800057471495344,0.14041422059374864,3.013907979664613,0001564590-19-003468,10-K,2018-12-31,14.041999816894531,11412000.0
2019-02-20,ON,Manufacturing,9348515251.076092,0.16793188887131635,0.3808413997244101,0.06737968362703299,2.1559926495610156,0001193125-19-045025,10-K,2018-12-31,22.59000015258789,413834227.0
2019-02-21,AEP,Transportation Utilities,31062190275.389328,0.06572116251082805,0.11924770155041153,0.062175267837766585,0.47566136342614,0000004904-19-000009,10-K,2018-12-31,62.97506332397461,493245876.0
2019-02-21,DXCM,Manufacturing,3290625000.0,0.06430062630480167,0.6435633966653742,-0.03862488129154796,7.641636690647482,0001093557-19-000041,10-K,2018-12-31,36.5625,90000000.0
2019-02-21,NVDA,Manufacturing,2337429913.043976,0.2815979536563346,0.6120689655172413,1.7716039214229446,7.943566591422122,0001045810-19-000023,10-K,2019-01-27,3.857145071029663,606000000.0
2019-02-21,PCAR,Manufacturing,12452625159.98111,0.11742614510407183,0.09342560553633218,0.17627608410268167,,0001564590-19-003670,10-K,2018-12-31,35.636436462402344,349435196.0
2019-02-21,TSCO,Retail,2095687771.156311,0.225068081738277,,0.2540249589309137,1.9127871340902478,0000916365-19-000035,10-K,2018-12-29,17.2020206451416,121828000.0
2019-02-22,INSM,Manufacturing,2202491255.5957127,-0.4267214286186888,-32.97173360447382,-0.14723191257905452,6.508628906837907,0001104506-19-000009,10-K,2018-12-31,28.489999771118164,77307521.0
2019-02-22,JBHT,Transportation Utilities,11095337558.257864,0.21365208546468362,0.068096581046316,0.04412529113506956,1.111386270397856,0001437749-19-003134,10-K,2018-12-31,102.06285858154295,108710825.0
2019-02-22,MAT,Manufacturing,4856271467.75834,-0.005209722959912958,0.3978682962775103,-0.1093417045413046,1.8780336705497649,0001628280-19-001744,10-K,2018-12-31,14.06999969482422,345150787.0
2019-02-22,TRIP,Services,6112049801.392181,0.1868943239501615,0.06996904024767801,0.01848806925203084,2.3282442748091605,0001564590-19-003889,10-K,2018-12-31,48.85679626464844,125101322.0
2019-02-22,TTD,Services,905465021.8410493,0.07747130261783103,0.18466605488441087,0.09734224721435195,1.4797427418552895,0001564590-19-003906,10-K,2018-12-31,19.77300071716309,45793000.0
2019-02-22,TXN,Manufacturing,84165527302.92845,0.41950166306821496,0.6511023821591485,0.06629792717767301,3.272837510105093,0001564590-19-003839,10-K,2018-12-31,87.62284088134766,960543238.0
2019-02-22,XEL,Transportation Utilities,22647154950.431824,0.06788875116880858,0.10930051139811042,0.055680283141965076,0.6937219730941704,0000072903-19-000010,10-K,2018-12-31,44.07358169555664,513848752.0
2019-02-25,AAL,Transportation Utilities,16317164317.606163,0.058319577418289865,0.03170112929660313,0.0865346436743581,0.47728779840848806,0000006201-19-000009,10-K,2018-12-31,35.425052642822266,460610870.0
2019-02-25,FANG,Mining,13279352251.354958,0.0437538754844891,,0.07115520261190358,0.9072284359148381,0001539838-19-000008,10-K,2018-12-31,80.83687591552734,164273447.0
2019-02-25,ROP,Manufacturing,31557668640.13672,0.09378012393848979,0.6317421790722761,0.029926165039925096,1.1122082585278277,0000882835-19-000010,10-K,2018-12-31,305.19989013671875,103400000.0
2019-02-26,GILD,Manufacturing,63140710479.73633,0.13191990577149587,0.24675735526732046,0.08647352806953719,3.379160773220179,0000882095-19-000006,10-K,2018-12-31,49.25172424316406,1282000000.0
2019-02-26,HAS,Manufacturing,8196656083.428955,0.12274339215669881,0.04813341467877648,0.02689316201098736,2.4189327047124594,0001193125-19-052025,10-K,2018-12-30,64.7918701171875,126507478.0
2019-02-27,AXON,Manufacturing,3263402345.8417015,0.0887719932178892,0.6155741451384061,0.00894924894480561,3.362156724554397,0001069183-19-000023,10-K,2018-12-31,55.4900016784668,58810637.0
2019-02-27,BKNG,Transportation Utilities,3458698072.272873,0.23528893198748183,0.8562676395677015,0.7376648515385968,2.3648382559774963,0001075531-19-000009,10-K,2018-12-31,74.6541976928711,46329586.0
2019-02-27,CDNS,Services,16086861963.634491,0.24497195637784802,0.161727521980597,0.021494372288495656,1.3414896287917042,0000813672-19-000008,10-K,2018-12-29,57.45000076293945,280015000.0
2019-02-27,CDW,Retail,12794242053.222656,0.12638642800340416,0.16667590283550382,0.05025698258053817,1.3545003745852806,0001402057-19-000046,10-K,2018-12-31,86.6231689453125,147700000.0
2019-02-27,FTNT,Manufacturing,2985083987.045288,0.2075698505523067,0.7499444814568066,0.1112866510428807,1.7676695319961795,0001262039-19-000006,10-K,2018-12-31,17.579999923706055,169800000.0
2019-02-27,LBTYA,Transportation Utilities,10534791898.83532,0.11218619246861924,0.07108271519246691,0.08068502996190863,0.40183968717555624,0001570585-19-000039,10-K,2018-12-31,13.529109001159668,778675957.0
2019-02-27,LBTYK,Transportation Utilities,10314398390.021229,0.11218619246861924,0.07108271519246691,0.08240907204266429,0.40183968717555624,0001570585-19-000039,10-K,2018-12-31,13.24607276916504,778675957.0
2019-02-27,NCLH,Transportation Utilities,11953372969.949768,0.13647080718954463,0.17694811602662996,0.0798806330564964,0.17467481352166322,0001144204-19-010508,10-K,2018-12-31,54.91999816894531,217650644.0
2019-02-27,ODFL,Transportation Utilities,3936111617.823532,0.2538911562208151,,0.15387470143311213,1.9797186683560768,0001564590-19-004755,10-K,2018-12-31,48.45570373535156,81231131.0
2019-02-27,ORLY,Retail,1939000004.089634,0.21646418668630382,0.5284962042391553,0.6830773580229312,0.9098828460048998,0000898173-19-000060,10-K,2018-12-31,24.53066635131836,79043919.0
2019-02-27,WTW,Finance Real Estate,20035110983.35692,0.03977149915084144,0.0839891929989428,0.03568734910397788,1.0731324750016338,0001564590-19-004912,10-K,2018-12-31,154.18910217285156,129938567.0
2019-02-28,AKAM,Services,11347931549.57428,0.18461542686711452,0.1192063431184069,0.026293161771071268,2.0941068415283937,0001086222-19-000066,10-K,2018-12-31,69.66000366210938,162904550.0
2019-02-28,ALGN,Manufacturing,20660108757.385254,0.2702520587510195,0.7362689499881007,0.019372356878660197,1.8819965523868147,0001097149-19-000009,10-K,2018-12-31,258.9700012207031,79778000.0
2019-02-28,BMRN,Manufacturing,16623870870.829393,0.004564584534262393,-0.051777346212342715,-0.004644586125574723,3.9297665893918863,0001564590-19-005033,10-K,2018-12-31,93.26000213623048,178252954.0
2019-02-28,CSGP,Services,1667513777.9388428,0.1012563700645677,0.773514220124984,0.14292775457279674,7.870432475560947,0001057352-19-000017,10-K,2018-12-31,45.75299835205078,36446000.0
2019-02-28,KDP,Manufacturing,29423279416.27584,0.03297354756940186,0.5216339693630745,0.02001816288615971,0.3786390740091196,0001418135-19-000007,10-K,2018-12-31,20.92776107788086,1405944922.0
2019-02-28,MELI,Services,20738620066.8649,0.10310562223406008,0.4841500000347306,-0.0017641000163966373,1.2957399264635268,0001562762-19-000047,10-K,2018-12-31,458.7900085449219,45202859.0
2019-02-28,MNST,Manufacturing,17351420037.750244,0.2566620225669229,0.6029064008743472,0.05722897594776636,3.0012226667442965,0001104659-19-011581,10-K,2018-12-31,31.915000915527344,543676000.0
2019-02-28,SBAC,Finance Real Estate,18512453037.963867,0.1179169045817913,0.7487290259125956,0.0025631935380303877,0.3099233261956811,0001034054-19-000002,10-K,2018-12-31,164.6531982421875,112433000.0
2019-02-28,UAL,Transportation Utilities,23701215206.918396,0.03223789962493302,0.051545892550177955,0.08982661780896972,0.5445049954586739,0000100517-19-000009,10-K,2018-12-31,87.80999755859375,269914769.0
2019-02-28,WYNN,Services,12678719375.413666,0.07275041087617087,0.11954817600176251,0.06334109748949293,1.4034471747226316,0001174922-19-000021,10-K,2018-12-31,118.23631286621094,107232026.0
2019-03-01,MAR,Services,39936812254.333496,0.09946826468602296,0.09186819539454669,0.04775043105232,0.42038216560509556,0001628280-19-002337,10-K,2018-12-31,117.77296447753906,339100000.0
2019-03-01,MPWR,Manufacturing,5456068946.609497,0.17827740751570392,0.5540487171650222,0.01929374445779603,7.220502492572011,0001437749-19-003798,10-K,2018-12-31,128.3629913330078,42505000.0
2019-03-01,MTCH,Services,4798558897.797165,0.14373638554181817,0.177754210052706,0.15791136800422576,3.1268337788803904,0000891103-19-000006,10-K,2018-12-31,53.38367462158203,89888134.0
2019-03-01,NXPI,Manufacturing,27454990402.53916,0.20292614955875524,0.5156798129052833,0.08224370021237268,1.5435745937961596,0001564590-19-005657,20-F,2018-12-31,83.5252914428711,328702719.0
2019-03-01,WBD,Transportation Utilities,3932383032.843046,0.07913978494623657,0.06453141286837866,0.17317743320330842,1.0585439079309482,0001437107-19-000013,10-K,2018-12-31,29.079999923706055,135226377.0
2019-03-08,XRAY,Manufacturing,9540842296.600342,0.057534246575342465,0.517804377222417,-0.10595500570848035,1.8632191848416066,0000818479-19-000010,10-K,2018-12-31,42.7840461730957,223000000.0
2019-03-13,MRNA,Manufacturing,6566113887.11171,-0.1686237895287259,-2.848446708324696,-0.05859386642001059,7.015192793633838,0001682852-19-000009,10-K,2018-12-31,19.969999313354492,328798904.0
2019-03-13,TRI,Manufacturing,24258715181.350357,0.12095969965389805,0.717869478276677,0.16278685703173254,1.8395613322502031,0001193125-19-073387,40-F,2018-12-31,48.37297058105469,501493187.0
2019-03-15,BIDU,Services,5952792361.614914,0.12086693315464775,0.22075826835170745,0.5516738700943189,2.727899383238602,0001193125-19-076779,20-F,2018-12-31,170.47999572753906,34917835.0
2019-03-15,ENPH,Manufacturing,968666770.4153061,0.047455852113774025,0.2987262738052689,-0.012003095755019077,1.5106040323183452,0001463101-19-000033,10-K,2018-12-31,9.050000190734863,107035000.0
2019-03-15,TCOM,Services,2866417595.23407,0.03833062009767648,0.86438787732015,0.055818803326503616,1.1541229385307346,0001104659-19-015257,20-F,2018-12-31,41.468467712402344,69122824.0
2019-03-18,LIN,Manufacturing,86498851383.24457,-3.7262544706915386e-07,0.2954362416107383,0.050890849180139495,1.3331275084902747,0001628280-19-003050,10-K,2018-12-31,156.96966552734375,551054569.0
2019-03-18,WDAY,Services,41252198791.5039,0.10988696092883099,-0.14820387076657052,-0.010139047426634198,1.1110404407635524,0001327811-19-000038,10-K,2019-01-31,187.5099945068359,220000000.0
2019-03-25,ADSK,Services,33938986535.64453,0.07973864501395585,0.8887462059304226,-0.0023807428638194465,0.7039805318964019,0000769397-19-000016,10-K,2019-01-31,154.69000244140625,219400000.0
2019-03-26,DOCU,Services,9098343504.169464,0.047099912901746116,0.7254928534642758,-0.046872048720139954,1.9068297718631915,0001261333-19-000012,10-K,2019-01-31,53.7400016784668,169303000.0
2019-03-27,DLTR,Retail,24812871312.70703,0.1308031878647824,0.30440383292512474,-0.06411188692964076,2.048623371665792,0000935703-19-000024,10-K,2019-02-02,104.22000122070312,238081664.0
2019-03-27,LULU,Manufacturing,17850880371.09375,0.35629830705551035,0.6856032109546308,0.027102360776750687,2.855839529089249,0001397187-19-000011,10-K,2019-02-03,146.8000030517578,121600000.0
2019-04-02,ROST,Retail,32187927808.929443,0.34026706330631573,0.10594671846928573,0.04931839692891365,1.6939766626656396,0000745732-19-000009,10-K,2019-02-02,87.40971374511719,368242000.0
2019-04-02,ULTA,Retail,20346222484.86328,0.2996162538402819,0.358709111658179,0.03236762993670888,2.3246052133207726,0001558370-19-002739,10-K,2019-02-02,347.29998779296875,58584000.0
2019-04-15,JD,Retail,38036223843.60871,0.0998323700208594,-0.006061520860736498,-0.010708791747434282,0.8675658975443623,0001104659-19-021236,20-F,2018-12-31,25.98716735839844,1463654092.0
2019-04-23,CHKP,Services,18415696101.357986,0.19612889920117882,0.4285498115028894,0.044598096942935345,1.7433435695676005,0001193125-19-114952,20-F,2018-12-31,118.5199966430664,155380498.0
2019-04-24,PDD,Services,42104950430.08442,0.17988778408842127,0.7785630924687523,-0.035293237132948234,1.6581215036099963,0001104659-19-023251,20-F,2018-12-31,23.940000534057617,1758769820.0
2019-04-26,NTES,Services,154115728327.36206,0.15426247262522194,0.42294513202506967,0.0061129451888184555,1.9572106964740081,0001104659-19-023833,20-F,2018-12-31,48.17594909667969,3199018000.0
2019-05-14,TTWO,Services,11616342892.349241,0.198798510039323,0.4290033630715704,0.028738562824266473,1.4488388631177265,0001628280-19-006691,10-K,2019-03-31,103.5500030517578,112181000.0
2019-05-17,SMCI,Manufacturing,96655589.81655884,-0.0634849814867371,0.14083219279102138,0.6915275166894601,1.8752561224034616,0001375365-19-000039,10-K,2017-06-30,1.9850000143051147,48692992.0
2019-05-24,EA,Services,26684136627.197266,0.11376576978899185,0.7329292929292929,0.03818748248206033,2.8172185430463577,0000712515-19-000019,10-K,2019-03-31,89.54408264160156,298000000.0
2019-05-30,MCHP,Manufacturing,8455918230.353638,0.025033514986376022,0.5479577530610338,0.04208886489966871,0.9327437355232681,0000827054-19-000143,10-K,2019-03-31,35.5904541015625,237589501.0
2019-06-07,KHC,Manufacturing,24756507377.62451,0.02487893989039348,,-0.4141941285816349,1.2095161935225909,0001637459-19-000049,10-K,2018-12-29,20.292219161987305,1220000000.0
2019-06-18,NTAP,Manufacturing,12164163208.007812,0.15341494108225603,0.641880898145135,0.09610196607937926,1.4507370054305664,0001564590-19-022779,10-K,2019-04-26,50.68401336669922,240000000.0
2019-07-24,PAYX,Services,24718777494.81201,0.1465537113877363,0.17889993373094765,0.027303130186824502,1.1718679050567595,0000723531-19-000032,10-K,2019-05-31,68.79704284667969,359300000.0
2019-07-26,CTAS,Manufacturing,6294215870.890881,0.14359426312504187,0.45392490724798373,0.14060226375342608,1.9829871077639831,0000723254-19-000021,10-K,2019-05-31,60.94062423706055,103284401.0
2019-08-01,MSFT,Services,990761894073.4863,0.18211100099108027,0.6590195720063889,0.039605883345660356,2.5288389513108616,0001564590-19-027952,10-K,2019-06-30,129.62997436523438,7643000000.0
2019-08-02,STX,Manufacturing,9500066647.649872,0.19819921215531794,0.19364773820981712,0.21178798787666706,1.9547491039426523,0001193125-19-212028,10-K,2019-06-28,35.303375244140625,269097971.0
2019-08-09,ADP,Services,62435205172.72949,0.0641787445956689,0.16174727693436425,0.03672287123357531,1.0525504402700772,0000008670-19-000021,10-K,2019-06-30,143.7936553955078,434200000.0
2019-08-09,FOX,Transportation Utilities,32.05787658691406,0.12937618535035111,0.14426200719992976,51251055.1204339,3.7838785046728973,0001564590-19-031285,10-K,2019-06-30,32.05787658691406,1.0
2019-08-09,FOXA,Transportation Utilities,32.277462005615234,0.12937618535035111,0.14426200719992976,50902391.26342,3.7838785046728973,0001564590-19-031285,10-K,2019-06-30,32.277462005615234,1.0
2019-08-16,KLAC,Manufacturing,2005494669.9619296,0.12794915388949746,0.2571769947453481,0.5858988396225981,2.4399825613547406,0000319201-19-000031,10-K,2019-06-30,12.575605392456056,159475000.0
2019-08-20,LRCX,Manufacturing,2750767818.632126,0.264638353089611,0.45148727013529416,0.7966612031580812,3.6094739948980665,0000707549-19-000124,10-K,2019-06-30,19.045286178588867,144433000.0
2019-08-27,WDC,Manufacturing,11345766124.725342,0.05866514979142966,0.22644697929869032,-0.06645650824379679,2.2208540738800107,0000106040-19-000058,10-K,2019-06-28,38.46022415161133,295000000.0
2019-08-30,INTU,Services,71343558573.6084,0.3698869966576476,0.22951061320754718,0.02182397445725352,1.8280773143438453,0000896878-19-000132,10-K,2019-07-31,274.2084655761719,260180000.0
2019-09-05,CSCO,Manufacturing,167927058219.90967,0.16188275234423732,0.6293541923551171,0.0692026652713803,1.5058968213925328,0000858877-19-000012,10-K,2019-07-27,39.51224899291992,4250000000.0
2019-09-09,PANW,Manufacturing,3407037338.256836,0.16012863687388126,0.7212029245413161,-0.024038480318476056,1.7848341693858667,0001327567-19-000032,10-K,2019-07-31,35.1966667175293,96800000.0
2019-09-18,ZS,Services,6610793.447086334,0.09604543152333314,0.8029659617746899,-4.33457802446233,1.8938266609149108,0001713683-19-000030,10-K,2019-07-31,51.95000076293945,127253.0
2019-09-30,CPRT,Retail,4614763162.299637,0.2538238675593702,0.327681585206804,0.12821741423998595,2.436727847831946,0000900075-19-000022,10-K,2019-07-31,20.082500457763672,229790268.0
2019-10-11,COST,Retail,119019909156.79932,0.14,0.10782368388309332,0.031120843783541064,1.0106726341610364,0000909832-19-000019,10-K,2019-09-01,270.73052978515625,439625000.0
2019-10-17,MU,Manufacturing,49071830749.51172,0.2697854235277272,0.45723318807143465,0.12956516809928198,2.5826291079812207,0000723125-19-000094,10-K,2019-08-29,44.368743896484375,1106000000.0
2019-10-31,AAPL,Manufacturing,265394602893.2495,0.20498587954483688,0.3781776810903472,0.2082031789554733,1.540125617208044,0000320193-19-000119,10-K,2019-09-28,59.73002624511719,4443236000.0
2019-11-06,QCOM,Manufacturing,83337676086.42578,0.22107594744667294,0.18069459893709058,0.052629257329559746,1.8763290430889759,0001728949-19-000072,10-K,2019-09-29,72.78399658203125,1145000000.0
2019-11-12,MAT,Manufacturing,4145261030.868746,-0.005214934448214806,0.39839616728057214,-0.12865269425222023,1.8628127901716627,0001628280-19-013975,10-K/A,2018-12-31,12.010000228881836,345150787.0
2019-11-14,SWKS,Manufacturing,14183796649.932861,0.28254401190181005,0.47494669509594883,0.0601813478483591,5.974866310160428,0000004127-19-000049,10-K,2019-09-27,83.38504791259766,170100000.0
2019-11-15,SBUX,Retail,86265752937.3169,0.2625965160565256,0.13560127656685,0.04166891121453419,0.9165464360400084,0000829224-19-000051,10-K,2019-09-29,72.82268524169922,1184600000.0
2019-11-26,ADI,Manufacturing,37591897731.020424,0.10532126444790056,0.6699560094908,0.03625810566289284,1.3158450834928597,0000006281-19-000144,10-K,2019-11-02,102.06803131103516,368302369.0
2019-12-13,AMAT,Manufacturing,51690278625.48828,0.17067914213624896,0.437157721796276,0.05235026917935168,2.295030357544412,0000006951-19-000046,10-K,2019-10-27,56.43043518066406,916000000.0
2019-12-19,SMCI,Manufacturing,112982540.44282103,0.15604120780176323,0.141563153504211,0.6365762330897381,2.346276789736769,0001375365-19-000079,10-K,2019-06-30,2.265000104904175,49881914.0
2019-12-20,AVGO,Manufacturing,10870578187.178478,0.14367415880165352,0.5524184626277825,0.2505846472097387,1.437454703580229,0001730168-19-000144,10-K,2019-11-03,27.343183517456055,397560810.0
2019-12-20,SNPS,Services,21028301014.038086,0.12497939161551,0.775955204490501,0.025316691046252483,0.9922759697407006,0000883241-19-000019,10-K,2019-10-31,139.8800048828125,150331000.0
2020-01-21,ADBE,Services,168818650000.0,0.21297215158170538,0.8502662672024565,0.01748300913435808,0.7929403201440421,0000796343-20-000013,10-K,2019-11-29,350.0,482339000.0
2020-01-24,INTC,Manufacturing,259102390823.36426,0.24277782660924085,0.5855624261793928,0.081234294801814,1.4002241147467502,0000050863-20-000011,10-K,2019-12-28,60.396827697753906,4290000000.0
2020-01-29,NFLX,Services,15058089797.345604,-0.08498194239461412,0.057781810454987426,0.12398093152088219,0.9012219911734709,0001065280-20-000040,10-K,2019-12-31,34.316001892089844,438806649.0
2020-01-30,CMCSA,Transportation Utilities,70306979354.62732,0.0975536607773315,0.12229443189954288,0.18949754522661247,0.8382411197675954,0001166691-20-000008,10-K,2019-12-31,34.07876205444336,2063073161.0
2020-01-30,META,Services,597362437744.1406,0.2722678742802303,0.2614679547929898,0.03094436280561284,4.399455258088088,0001326801-20-000013,10-K,2019-12-31,207.70599365234375,2876000000.0
2020-01-31,AMZN,Retail,50017126510.62012,0.17098487000994458,0.01971681365454403,0.23168064238035593,1.0970482394205803,0001018724-20-000004,10-K,2019-12-31,100.43599700927734,498000000.0
2020-01-31,CHTR,Transportation Utilities,140194319829.88403,0.07927767430561179,0.04352766366576348,0.014208849562643852,0.522486879289463,0001091667-20-000024,10-K,2019-12-31,517.4600219726562,270927828.0
2020-01-31,EBAY,Services,23986433845.52002,0.17134367778144602,0.7677777777777778,0.07445875495717233,1.1574028529267093,0001065088-20-000006,10-K,2019-12-31,30.133710861206055,796000000.0
2020-02-04,AMD,Manufacturing,57856500892.63916,0.08178500331785003,0.4260882484029119,0.005893892557255981,1.9487070792708774,0000002488-20-000008,10-K,2019-12-28,49.45000076293945,1170000000.0
2020-02-04,GOOG,Services,49368174777.145386,0.19760138306470612,0.2121811228430034,0.695650591803909,3.374051878552,0001652044-20-000008,10-K,2019-12-31,71.72114562988281,688335000.0
2020-02-04,GOOGL,Services,49309084007.0343,0.19760138306470612,0.2121811228430034,0.6964842420333892,3.374051878552,0001652044-20-000008,10-K,2019-12-31,71.63529968261719,688335000.0
2020-02-04,SIRI,Transportation Utilities,261365103378.2959,0.1809130863754597,0.5659481652553247,0.003497023849725991,0.30458548436076527,0000908937-20-000011,10-K,2019-12-31,59.23959732055664,4412000000.0
2020-02-06,BIIB,Manufacturing,58747206298.828125,0.2599148867420863,0.8639996105133573,0.10023455362365823,1.7233027673835273,0000875045-20-000005,10-K,2019-12-31,337.239990234375,174200000.0
2020-02-06,FAST,Retail,9292288163.62101,0.22176899392089267,0.47160507715094585,0.08511358947049731,4.511107031393427,0000815556-20-000011,10-K,2019-12-31,16.185020446777344,574128911.0
2020-02-06,PYPL,Services,139423496658.3252,0.08885122630666432,0.13836371820841772,0.017636912421054026,1.430030833240462,0001633917-20-000028,10-K,2019-12-31,118.86061096191406,1173000000.0
2020-02-06,TMUS,Transportation Utilities,67826162309.402466,0.07850807054681838,0.07707009200408907,0.05113071242598146,0.7440428594274748,0001283699-20-000026,10-K,2019-12-31,79.15245056152344,856905400.0
2020-02-07,ISRG,Manufacturing,22404625793.457035,0.16420087946410225,0.6944735960701127,0.06167476362865814,4.525917297612114,0001035267-20-000032,10-K,2019-12-31,193.1433258056641,116000000.0
2020-02-07,MDLZ,Manufacturing,71584845389.68668,0.061426203349393485,0.39960569042832844,0.05427126340570007,0.49797676543532177,0001103982-20-000003,10-K,2019-12-31,49.7177619934082,1439824371.0
2020-02-07,REGN,Manufacturing,35757175555.690796,0.16413152135736092,0.269069359310222,0.05917134021686643,3.6674139082323762,0001532176-20-000008,10-K,2019-12-31,378.7418212890625,94410423.0
2020-02-11,EXC,Transportation Utilities,27143487152.09961,0.053281803851908754,0.08792612811429235,0.11155530544150358,0.848572435671484,0001109357-20-000053,10-K,2019-12-31,27.896697998046875,973000000.0
2020-02-11,ILMN,Manufacturing,42326848388.671875,0.1436577364680153,0.6963025684448207,0.02338940974081496,6.693233082706767,0001110803-20-000018,10-K,2019-12-29,287.937744140625,147000000.0
2020-02-12,AMGN,Manufacturing,110008341162.10938,0.15324836283852813,0.3356733156407842,0.07128550360053108,1.436696532917803,0000318154-20-000017,10-K,2019-12-31,186.013427734375,591400000.0
2020-02-12,CSX,Transportation Utilities,19005195193.59116,0.12677418511644928,0.2790483371031247,0.1752678657635289,1.5239423523942353,0000277948-20-000008,10-K,2019-12-31,24.292863845825195,782336546.0
2020-02-13,ALNY,Manufacturing,14595659484.74121,-0.11624694067221292,-4.032382252559727,-0.06071092580135726,4.866401583691157,0001178670-20-000004,10-K,2019-12-31,130.10000610351562,112188000.0
2020-02-13,BKR,Manufacturing,1864.7737503051762,0.03983585976877963,0.18592163772128534,145325.94099184952,1.5200718993409228,0001701605-20-000019,10-K,2019-12-31,18.64773750305176,100.0
2020-02-13,DXCM,Manufacturing,5775609153.747559,0.1313152400835073,0.6310975609756098,0.01750464709586526,5.4675180455302606,0001093557-20-000029,10-K,2019-12-31,63.0525016784668,91600000.0
2020-02-13,INCY,Services,16872680291.222382,0.2073848398628438,0.20701986650663645,0.026486959527852395,4.834004753185024,0001558370-20-000774,10-K,2019-12-31,78.05000305175781,216177830.0
2020-02-13,LBTYA,Transportation Utilities,8468753038.038153,0.09349125214338289,1.0083784603387775,1.3742519055315459,1.22210663800178,0001570585-20-000023,10-K,2019-12-31,10.875837326049805,778675957.0
2020-02-13,LBTYK,Transportation Utilities,8255595455.399186,0.09349125214338289,1.0083784603387775,1.4097347747809734,1.22210663800178,0001570585-20-000023,10-K,2019-12-31,10.602093696594238,778675957.0
2020-02-13,PEP,Manufacturing,166836679399.1161,0.12284364775230117,0.5513467637468173,0.04407304213008064,0.8623723180685205,0000077476-20-000015,10-K,2019-12-28,119.64461517333984,1394435338.0
2020-02-13,TSLA,Manufacturing,9701599723.815918,0.07009822495555103,0.1655545609895028,-0.07988373279279866,1.1346207931002157,0001564590-20-004475,10-K,2019-12-31,53.599998474121094,181000000.0
2020-02-13,VRTX,Manufacturing,62181628421.539314,0.18865620039274072,0.28269531646928847,0.018925364772086936,3.6130742036233907,0000875320-20-000007,10-K,2019-12-31,240.08999633789065,258993000.0
2020-02-14,CTSH,Services,33933099700.92774,0.15422117995556653,0.1097539176547697,0.05428328140472352,2.5514582634931275,0001058290-20-000008,10-K,2019-12-31,61.92171478271485,548000000.0
2020-02-14,EXPE,Transportation Utilities,16535749687.215088,0.12920246544639521,0.04740200546946217,0.03459171859877947,0.7219525854022774,0001324424-20-000009,10-K,2019-12-31,120.84646606445312,136832712.0
2020-02-14,HON,Manufacturing,110988869070.43457,0.11753779035089214,0.3369745838895094,0.05613175494243827,1.342855564150735,0000773840-20-000009,10-K,2019-12-31,156.08053588867188,711100000.0
2020-02-14,IDXX,Manufacturing,24682315275.665283,0.250567129155923,0.5673457398454781,0.017331923493488777,0.9369975611336524,0000874716-20-000006,10-K,2019-12-31,288.7799987792969,85471000.0
2020-02-14,KHC,Manufacturing,23825704296.11206,0.035012321340561856,,0.08113086505129806,1.028190476190476,0001637459-20-000027,10-K,2019-12-28,19.51327133178711,1221000000.0
2020-02-14,MELI,Services,36537314509.99878,0.09433712885253355,0.47995309003908004,-0.00470748883180593,2.1621941197954713,0001562762-20-000055,10-K,2019-12-31,735.010009765625,49709955.0
2020-02-14,MSTR,Finance Real Estate,153721950.1876831,0.06640729414306147,0.7944304963532767,0.22348792711811874,2.7924230407163346,0001564590-20-004679,10-K,2019-12-31,14.883999824523926,10328000.0
2020-02-14,VRSN,Services,24094650078.186035,0.40662801529010917,0.4971327337635924,0.025412238734039208,1.3247348124571316,0001014473-20-000006,10-K,2019-12-31,206.4382781982422,116716000.0
2020-02-18,VRSK,Services,26799448714.112732,0.1355454133121669,0.17256722028307314,0.016787658761169975,0.49932966885641505,0001442145-20-000012,10-K,2019-12-31,164.25099182128906,163161564.0
2020-02-19,AAL,Transportation Utilities,12130976962.310741,0.06358863238603217,0.036837965390665965,0.13898303535141213,0.44814592321555347,0000006201-20-000023,10-K,2019-12-31,28.329999923706055,428202506.0
2020-02-19,ON,Manufacturing,8596434520.69667,0.0824520799952525,0.35767230286884505,0.024882409036562424,1.6608007039155301,0001193125-20-041751,10-K,2019-12-31,20.899999618530273,411312664.0
2020-02-19,PCAR,Manufacturing,13850954357.759445,0.10085292883562344,0.09327843685668191,0.1723996728544755,,0001564590-20-005276,10-K,2019-12-31,40.046287536621094,345873618.0
2020-02-19,TRIP,Services,3592938352.32967,0.21370967741935484,0.08076923076923077,0.03506878984391739,1.2252873563218392,0001564590-20-005269,10-K,2019-12-31,28.84000015258789,124581773.0
2020-02-20,AEP,Transportation Utilities,40459092399.52748,0.05626526011202718,0.1233693626537458,0.047450397083608854,0.3959375091027371,0000004904-20-000007,10-K,2019-12-31,81.87290954589844,494169471.0
2020-02-20,HSIC,Wholesale,9879920131.791977,0.09146661472128557,0.30952803695406367,0.0727878353678114,1.5828841588544567,0001000228-20-000018,10-K,2019-12-28,68.91999816894531,143353459.0
2020-02-20,NVDA,Manufacturing,4696378435.134888,0.2749639041293676,0.619893753434695,0.5953523632342661,7.673766816143497,0001045810-20-000010,10-K,2020-01-26,7.673820972442627,612000000.0
2020-02-20,TSCO,Retail,2103019797.5826263,0.15346471383185725,0.34384503416036366,0.26740309370668464,1.4330610772683552,0000916365-20-000050,10-K,2019-12-28,17.79731559753418,118165000.0
2020-02-20,TXN,Manufacturing,103118271647.78902,0.369019869019869,0.6371410693179448,0.048652871308162295,4.12670748940179,0000097476-20-000009,10-K,2019-12-31,110.31341552734376,934775441.0
2020-02-21,ENPH,Manufacturing,7274510828.784943,0.19498389704201913,0.3543701838602156,0.02215241736424997,2.506921344030184,0001463101-20-000021,10-K,2019-12-31,59.09000015258789,123109000.0
2020-02-21,XEL,Transportation Utilities,30429412943.321228,0.06468046305106248,0.11892173008581088,0.04508795495185957,0.6814798598949212,0000072903-20-000011,10-K,2019-12-31,58.01172637939453,524539000.0
2020-02-24,CDNS,Services,19978848279.190063,0.21732234211290574,0.42330649196449627,0.0495013018858609,1.7390818734932503,0000813672-20-000007,10-K,2019-12-28,71.38999938964844,279855000.0
2020-02-24,SBAC,Finance Real Estate,30209424610.90088,0.09939045738083868,0.7552764879172261,0.00487543215062936,0.31887172765629457,0001034054-20-000003,10-K,2019-12-31,270.26995849609375,111775000.0
2020-02-25,DDOG,Services,3143838907.436371,0.02334589866874237,0.7548128342245989,-0.005315157834733362,4.514315393105239,0001564590-20-006422,10-K,2019-12-31,44.310001373291016,70951000.0
2020-02-25,GILD,Manufacturing,69531905090.33203,0.14837652327713502,0.23894160096218095,0.07714444172112624,3.1044164361102573,0000882095-20-000006,10-K,2019-12-31,54.922515869140625,1266000000.0
2020-02-25,INSM,Manufacturing,2362234087.2644463,-0.3376658192992312,0.8225798178314171,-0.10766799165722461,6.513303613327077,0001104506-20-000007,10-K,2019-12-31,26.34000015258789,89682387.0
2020-02-25,MAT,Manufacturing,4125914198.7385364,0.03398484871815769,0.43972644675819295,-0.05174901602783681,1.7604837313915578,0001628280-20-002192,10-K,2019-12-31,11.899999618530272,346715490.0
2020-02-25,UAL,Transportation Utilities,17728339930.504845,0.13132234703769174,0.06955777988395478,0.16972824369316533,0.5485339402865176,0000100517-20-000010,10-K,2019-12-31,70.56999969482422,251216381.0
2020-02-26,BKNG,Transportation Utilities,2751246512.9104614,0.22731520418652462,0.8256338776052038,0.9273469273027783,1.8324636600819977,0001075531-20-000011,10-K,2019-12-31,65.73170471191406,41855700.0
2020-02-26,CSGP,Services,2502004354.522705,0.11878091928720032,0.7933592385328769,0.12588427331497748,5.791500850011591,0001057352-20-000036,10-K,2019-12-31,68.23400115966797,36668000.0
2020-02-26,FTNT,Manufacturing,3648968538.8565063,0.20795264444730407,0.7653742695482794,0.08947734038351472,1.879071661237785,0001262039-20-000011,10-K,2019-12-31,21.25200080871582,171700000.0
2020-02-26,ODFL,Transportation Utilities,5317182937.470642,0.24624483928192437,,0.11576016985655921,2.367848996817679,0001564590-20-006626,10-K,2019-12-31,66.72471618652344,79688356.0
2020-02-26,WTW,Finance Real Estate,24092631121.08743,0.030514311522610513,0.11870782166168824,0.044536439154660906,1.0601742377100187,0001564590-20-006736,10-K,2019-12-31,187.38526916503903,128572706.0
2020-02-27,BMRN,Manufacturing,16153059344.597763,0.010290319547449392,-0.013994910941475827,-0.0014763766721364604,2.0827203773070972,0001048477-20-000009,10-K,2019-12-31,89.81999969482422,179838114.0
2020-02-27,FANG,Mining,7306213354.6212845,0.11618715736687774,0.07946518668012109,0.04311398869850386,0.6880443388756928,0001539838-20-000021,10-K,2019-12-31,45.95035171508789,159002338.0
2020-02-27,HAS,Manufacturing,7883662612.248657,0.07374530637465801,0.11026037518958304,0.06601677742923487,5.36760609093122,0000046080-20-000028,10-K,2019-12-29,62.44329833984375,126253142.0
2020-02-27,KDP,Manufacturing,33769365244.919273,0.04996163011430187,0.5703237410071943,0.03713424847950522,0.35109669447018843,0001418135-20-000007,10-K,2019-12-31,24.00459861755371,1406787332.0
2020-02-27,MAR,Services,37237824371.33789,0.06726278392080157,0.06069998092695022,0.034185670658563864,0.4683240976486446,0001628280-20-002376,10-K,2019-12-31,114.93155670166016,324000000.0
2020-02-27,MRNA,Manufacturing,8803807476.248531,-0.2887640916005944,-8.537278479961467,-0.05838621543993986,7.887391258777906,0001682852-20-000006,10-K,2019-12-31,26.15999984741211,336536985.0
2020-02-27,NCLH,Transportation Utilities,7402483315.791752,0.10923876564249461,0.1723865515851506,0.12566431565141664,0.2037013271435307,0001558370-20-001661,10-K,2019-12-31,34.7400016784668,213082411.0
2020-02-27,NXPI,Manufacturing,28735945042.72365,0.11855515587529976,0.5202207953137321,0.009465496944527122,1.8241206030150754,0001413447-20-000009,10-K,2019-12-31,102.80200958251952,279527075.0
2020-02-27,WBD,Transportation Utilities,3336034730.906954,0.10075589150733659,0.19858219669777458,0.6633623983280177,1.610682309354739,0001437107-20-000006,10-K,2019-12-31,24.670000076293945,135226377.0
2020-02-28,AKAM,Services,14014693274.001137,0.15103770776347725,0.1909851234280838,0.03410955849364251,3.2186602166914744,0001086222-20-000045,10-K,2019-12-31,86.51000213623047,162000843.0
2020-02-28,ALGN,Manufacturing,17125846028.71704,0.2988240901954731,0.7245720036097784,0.025854255565391768,1.6822548585435184,0001097149-20-000008,10-K,2019-12-31,218.3500061035156,78433000.0
2020-02-28,AXON,Manufacturing,4603341777.245476,0.07766079852040883,0.5788456466865087,0.00019159993819267677,3.165637176196271,0001069183-20-000016,10-K,2019-12-31,77.37000274658203,59497759.0
2020-02-28,CDW,Retail,15066366622.924807,0.12840963072230419,0.16857988953217543,0.048903628754055,1.2413644956178038,0001402057-20-000042,10-K,2019-12-31,105.35920715332033,143000000.0
2020-02-28,MNST,Manufacturing,16747661049.053192,0.21624968545839196,0.5995461837322674,0.06614863990590675,3.5037354578828825,0001104659-20-027209,10-K,2019-12-31,31.204999923706055,536698000.0
2020-02-28,MPWR,Manufacturing,6592976750.488281,0.22616965102600967,0.5515423118513316,0.016508324557938006,6.6704606770170525,0001437749-20-003943,10-K,2019-12-31,151.1595916748047,43616000.0
2020-02-28,MTCH,Services,5609826533.091072,0.11255954613231407,0.11431862780648952,0.09694060891047723,3.6790320355617663,0000891103-20-000004,10-K,2019-12-31,62.40897750854492,89888134.0
2020-02-28,ORLY,Retail,1858807450.0217094,0.15941527419577575,0.5314974357104961,0.7483518532184459,0.8577524590959871,0000898173-20-000007,10-K,2019-12-31,24.58133316040039,75618659.0
2020-02-28,ROP,Manufacturing,35177746609.49707,0.0807227385429264,0.6385741969143623,0.050256203719504684,0.8340285309084842,0000882835-20-000006,10-K,2019-12-31,337.9226379394531,104100000.0
2020-02-28,TTD,Services,1373227368.2365417,0.03482551954839333,0.16385551645997778,0.07887841628083687,1.5576774046538324,0001564590-20-007498,10-K,2019-12-31,28.725000381469727,47806000.0
2020-02-28,WYNN,Services,11214436286.287148,0.06495939344030302,0.04635215238639645,0.02776581827663942,1.4404962670534434,0001174922-20-000024,10-K,2019-12-31,104.4525375366211,107363943.0
2020-03-02,JBHT,Transportation Utilities,9689547075.552797,0.20076335431360443,0.07181516330327496,0.053286288406885464,1.4301483153530816,0001437749-20-004119,10-K,2019-12-31,91.2275848388672,106212908.0
2020-03-02,LIN,Manufacturing,96537040650.0,-4.017688080173648e-07,0.0842780218223041,0.024643390598901686,0.8513157894736842,0001707925-20-000015,10-K,2019-12-31,180.65223693847656,534380544.0
2020-03-02,XRAY,Manufacturing,9748139046.478271,0.07355659138197584,0.5373523280055594,0.026989766841195258,2.0089402310396784,0000818479-20-000006,10-K,2019-12-31,44.04943084716797,221300000.0
2020-03-03,WDAY,Services,36643199462.890625,0.1268415056998855,-0.13251907942366659,-0.013117686420553673,1.0421694050388564,0001327811-20-000022,10-K,2020-01-31,166.55999755859375,220000000.0
2020-03-10,TRI,Manufacturing,32036991385.939972,0.04058976582827407,0.2648154419234677,0.048818566673723,0.9540229885057471,0001193125-20-069151,40-F,2019-12-31,64.40119934082031,497459546.0
2020-03-13,BIDU,Services,3501909704.1182327,0.0944547134935305,-0.02125866874068313,-0.09366318029681725,2.8851146427271623,0001193125-20-073092,20-F,2019-12-31,100.29000091552734,34917835.0
2020-03-19,ADSK,Services,32741061062.62207,0.229006521774311,0.9007726842378524,0.006551406491980738,0.8260748011928429,0000769397-20-000013,10-K,2020-01-31,149.22999572753906,219400000.0
2020-03-20,DLTR,Retail,17984117280.082855,0.0955217475708316,0.29819828214207056,0.04598502039996649,1.2038347666713662,0000935703-20-000006,10-K,2020-02-01,75.97000122070312,236726563.0
2020-03-20,ZM,Services,33198606503.75595,0.11775988587776051,0.8146719386886542,0.0007622307881247094,3.2816763023095588,0001585521-20-000095,10-K,2020-01-31,130.5500030517578,254298014.0
2020-03-23,CRWD,Services,609952621.544838,-0.05301706527183711,,-0.2296522632286168,1.177556676853102,0001535527-20-000006,10-K,2019-01-31,12.862500190734863,47421000.0
2020-03-26,LULU,Manufacturing,24923697978.790283,0.2039755539938696,0.5587385306345645,0.02590289773810424,2.914064388847519,0001397187-20-000012,10-K,2020-02-02,200.8000030517578,124122000.0
2020-03-27,DOCU,Services,14966142724.685669,0.061177978550481245,0.7502656649941323,-0.013922024120238111,1.3601406410986145,0001261333-20-000033,10-K,2020-01-31,82.56999969482422,181254000.0
2020-03-27,ULTA,Retail,9875439877.243042,0.22642310488433906,0.36240056187642505,0.0714849170037255,1.80725180939116,0001558370-20-003272,10-K,2020-02-01,174.4499969482422,56609000.0
2020-03-31,ROST,Retail,29225096518.707275,0.23229147935676894,0.10355511194443719,0.05683225028655845,1.270507717805098,0000745732-20-000016,10-K,2020-02-01,81.91464233398438,356775000.0
2020-04-02,CHKP,Services,14366669689.178465,0.19155579454977537,0.41392620814116704,0.05747330577398528,1.5280303572707095,0001193125-20-095941,20-F,2019-12-31,98.73999786376952,145500000.0
2020-04-09,TCOM,Services,1829931267.8428116,0.03669309961046188,0.7932448262397501,0.5486544864515874,0.9822884170272718,0001193125-20-102627,20-F,2019-12-31,24.699960708618164,74086404.0
2020-04-15,JD,Retail,57195405880.64923,0.0954137881501361,0.020610718325597324,0.029860859866331163,0.993411805488881,0001193125-20-108084,20-F,2019-12-31,39.07713317871094,1463654092.0
2020-04-24,PDD,Services,220868486904.39172,0.1948658268827335,0.7897021233547309,-0.0045313571620257224,1.5950394994930892,0001104659-20-051022,20-F,2019-12-31,49.56999969482422,4455688688.0
2020-04-29,NTES,Services,202597192504.55475,0.15354790223410927,0.5326584842418871,0.015194623192672289,2.2253741627247186,0001104659-20-052796,20-F,2019-12-31,62.75212860107422,3228531000.0
2020-05-20,EA,Services,33413229492.1875,0.273488120950324,0.7527541990247426,0.09095199854029562,2.4463213213213213,0000712515-20-000019,10-K,2020-03-31,116.01815795898438,288000000.0
2020-05-22,MCHP,Manufacturing,9573699766.85471,0.0885912510544528,0.6147093398050889,0.05960078275856166,1.3540979601807743,0000827054-20-000119,10-K,2020-03-31,39.02445602416992,245325643.0
2020-05-22,TTWO,Services,15948727436.49292,0.13855350110894854,0.50065879565033,0.025359954366925928,1.71365423962946,0001628280-20-008291,10-K,2020-03-31,140.50999450683594,113506000.0
2020-06-15,NTAP,Manufacturing,8067229877.471924,0.14091996809359214,0.6694382852919438,0.10152183741374368,1.1819690265486726,0001564590-20-029349,10-K,2020-04-24,36.836666107177734,219000000.0
2020-07-17,PAYX,Services,22016540341.186523,0.16851251944285264,0.167033782947655,0.030654225847530595,1.2344078248887482,0000723531-20-000048,10-K,2020-05-31,61.361595153808594,358800000.0
2020-07-29,CTAS,Manufacturing,7436050349.934814,0.16838361983263112,0.4564140056907999,0.11780944974473975,2.609254458057264,0000723254-20-000025,10-K,2020-05-31,71.90469360351562,103415368.0
2020-07-30,MSFT,Services,1467302336044.3115,0.2013700130430021,0.6778100199279796,0.030178511212199655,2.5157654542940118,0001564590-20-034944,10-K,2020-06-30,193.8056182861328,7571000000.0
2020-08-05,ADP,Services,50793954968.26172,0.07726698242075296,0.1690564641050597,0.048558927957887445,1.0477153080666255,0000008670-20-000032,10-K,2020-06-30,118.1529541015625,429900000.0
2020-08-07,STX,Manufacturing,9625198648.140717,0.19193729003359464,0.09553715862593967,0.10430953549139903,1.511388684790595,0001137789-20-000057,10-K,2020-07-03,37.4931526184082,256718840.0
2020-08-10,FOX,Transportation Utilities,22.6910457611084,0.10873563218390804,0.08632040965618142,46802602.717422046,3.9275970619097587,0001564590-20-038975,10-K,2020-06-30,22.6910457611084,1.0
2020-08-10,FOXA,Transportation Utilities,22.56471061706543,0.10873563218390804,0.08632040965618142,47064640.80229869,3.9275970619097587,0001564590-20-038975,10-K,2020-06-30,22.56471061706543,1.0
2020-08-10,KLAC,Manufacturing,2959682843.1129456,0.19168724865193384,0.20925530068076323,0.4105254057296412,2.778905697540749,0000319201-20-000047,10-K,2020-06-30,19.038105010986328,155461000.0
2020-08-18,LRCX,Manufacturing,5111780533.588409,0.14605701870458968,0.4588167374433733,0.4405026751841586,3.4320107688931527,0000707549-20-000138,10-K,2020-06-28,35.17336654663086,145331000.0
2020-08-28,WDC,Manufacturing,8598336669.921875,0.032109734237393814,0.22592017208413,-0.029075390927007224,2.053563322741716,0000106040-20-000049,10-K,2020-07-03,28.4713134765625,302000000.0
2020-08-31,INTU,Services,86642697569.58008,0.2208398133748056,0.23779137908581846,0.02107505942475528,2.2612638141116466,0000896878-20-000148,10-K,2020-07-31,331.02581787109375,261740000.0
2020-08-31,SMCI,Manufacturing,143547441.81535172,-0.0158101077530717,0.15758182674653615,0.5873598228831899,2.250822811195037,0001375365-20-000064,10-K,2020-06-30,2.739000082015991,52408703.0
2020-09-03,CSCO,Manufacturing,146212122970.58105,0.16263059681823452,0.6426441654327498,0.07669678664235208,1.7201452765386285,0000858877-20-000010,10-K,2020-07-25,34.50840759277344,4237000000.0
2020-09-04,PANW,Manufacturing,3782182646.9421387,0.11424757870584862,0.7067539021241638,-0.07059415816839706,1.9055615410335476,0001327567-20-000032,10-K,2020-07-31,39.275001525878906,96300000.0
2020-09-17,ZS,Services,16895650448.402405,0.04326087644222011,0.7780202147615526,-0.006813351184765128,3.731515141507097,0001713683-20-000163,10-K,2020-07-31,127.20999908447266,132817000.0
2020-09-28,CPRT,Retail,6245269259.417625,0.2656485284324397,0.38761086451477134,0.11206994781603166,2.706853647302019,0000900075-20-000021,10-K,2020-07-31,26.540000915527344,235315337.0
2020-10-07,COST,Retail,146996182528.8391,0.1594967240262078,0.09873411649006662,0.027612961984258787,1.1318628240218966,0000909832-20-000017,10-K,2020-08-30,333.1320495605469,441255000.0
2020-10-19,MU,Manufacturing,57120794277.19117,0.15473750884906293,0.30566829951014696,0.04744331787210681,2.707611152976639,0000723125-20-000082,10-K,2020-09-03,51.32146835327149,1113000000.0
2020-10-30,AAPL,Manufacturing,1792599268468.071,0.24907992886429878,0.38233247727810865,0.03202667824865431,1.3636044481554577,0000320193-20-000096,10-K,2020-09-26,105.59134674072266,16976763000.0
2020-11-04,QCOM,Manufacturing,129100148414.61182,0.1633421363151093,0.22090008924397603,0.04026331544799123,2.1354935424354244,0001728949-20-000067,10-K,2020-09-27,114.14690399169922,1131000000.0
2020-11-12,SBUX,Retail,96856545190.42969,0.05439411734667824,0.03931881962751935,0.009547109058886491,1.0625578483149125,0000829224-20-000078,10-K,2020-09-27,82.550537109375,1173300000.0
2020-11-17,SWKS,Manufacturing,19998102722.16797,0.23586660661483932,0.48064487290282204,0.04074386512160433,5.168599464763604,0000004127-20-000058,10-K,2020-10-02,120.76148986816406,165600000.0
2020-11-24,ADI,Manufacturing,45875034991.97902,0.0935546202051433,0.6586544914061184,0.026610573707757233,1.8444789909933141,0000006281-20-000156,10-K,2020-10-31,124.15943145751952,369484899.0
2020-12-11,AMAT,Manufacturing,77095773086.54785,0.1701784995302644,0.44715730728985004,0.04694161372423498,2.9982058757568963,0000006951-20-000048,10-K,2020-10-25,84.34986114501953,914000000.0
2020-12-15,SNPS,Services,37046494158.35572,0.12345022989859854,0.7843610839987507,0.01790849620382666,1.1912663171835236,0000883241-20-000015,10-K,2020-10-31,242.7400054931641,152618000.0
2020-12-18,AVGO,Manufacturing,15852592864.990234,0.15883739612553172,0.5658070997990623,0.1867202435089992,1.8670538377020875,0001730168-20-000226,10-K,2020-11-01,38.949859619140625,407000000.0
2020-12-23,MELI,Services,83016122434.99878,0.09433712885253355,0.47995309003908004,-0.0020718746546452395,2.1621941197954713,0001562762-20-000435,10-K/A,2019-12-31,1670.010009765625,49709955.0
2021-01-15,ADBE,Services,219420313568.11523,0.23583429418547192,0.8661796705004663,0.0239722563260631,1.477866473149492,0000796343-21-000004,10-K,2020-11-27,458.0799865722656,479000000.0
2021-01-22,INTC,Manufacturing,208064074401.85547,0.2311305040792731,0.5600832188218372,0.10044501944932416,1.908742021491476,0000050863-21-000010,10-K,2020-12-26,51.222076416015625,4062000000.0
2021-01-28,META,Services,758657804931.6406,0.24320846619297498,0.3390449601582039,0.03841784769172212,5.051064681930446,0001326801-21-000014,10-K,2020-12-31,262.6931457519531,2888000000.0
2021-01-28,NFLX,Services,23854339027.781815,0.06178856461062385,0.046594390731081736,0.11576070067520872,1.2505571188547981,0001065280-21-000040,10-K,2020-12-31,53.86000061035156,442895261.0
2021-01-29,AMD,Manufacturing,103710039260.86426,0.11950457487168042,0.44525248386766364,0.024009247491815575,2.5415804716590813,0001628280-21-001185,10-K,2020-12-26,85.63999938964844,1211000000.0
2021-01-29,CHTR,Transportation Utilities,164604910518.2351,0.10098054172503225,0.07642888329833461,0.02233226207180963,0.39554430379746836,0001091667-21-000022,10-K,2020-12-31,607.5599975585938,270927828.0
2021-02-02,SIRI,Transportation Utilities,214468853588.10425,0.19529662247169263,0.5603233830845771,0.0006108113034053447,0.3053362803915377,0000908937-21-000015,10-K,2020-12-31,51.394405364990234,4173000000.0
2021-02-03,AMZN,Retail,83310127166.74805,0.20568190662992886,0.014326640142567036,0.2560433014020646,1.0502274795268425,0001018724-21-000004,10-K,2020-12-31,165.62649536132812,503000000.0
2021-02-03,BIIB,Manufacturing,40119300000.0,0.1718110882289623,0.8657304791514809,0.10121063926838204,1.8403880070546736,0000875045-21-000010,10-K,2020-12-31,263.25,152400000.0
2021-02-03,GOOG,Services,69277044651.71814,0.20375700841009212,0.22061941520980458,0.5812747960373811,3.0667558151810534,0001652044-21-000010,10-K,2020-12-31,102.59891510009766,675222000.0
2021-02-03,GOOGL,Services,68899107435.4706,0.20375700841009212,0.22061941520980458,0.5844633043717594,3.0667558151810534,0001652044-21-000010,10-K,2020-12-31,102.03919219970705,675222000.0
2021-02-04,CMCSA,Transportation Utilities,83775334557.75992,0.09032420609853616,0.10332741106948361,0.12773449436506953,0.9286359216557856,0001166691-21-000008,10-K,2020-12-31,40.607059478759766,2063073161.0
2021-02-04,EBAY,Services,38077592514.038086,0.1252718798549974,0.7592250024340376,0.14882768646444083,1.7966016991504248,0001065088-21-000006,10-K,2020-12-31,55.66899490356445,684000000.0
2021-02-05,MDLZ,Manufacturing,69693549312.27759,0.05845745465270609,0.39298747225461794,0.0512099044347461,0.6582888053301669,0001103982-21-000004,10-K,2020-12-31,48.731201171875,1430162763.0
2021-02-05,PYPL,Services,313072359863.28125,0.08317822077608378,0.19586091171809453,0.013421817249644823,1.3263713683772467,0001633917-21-000018,10-K,2020-12-31,267.1265869140625,1172000000.0
2021-02-05,TXN,Manufacturing,134580308627.31674,0.31724458684305723,0.6409653550930088,0.04157368976982969,4.284100418410042,0000097476-21-000006,10-K,2020-12-31,146.6108856201172,917942130.0
2021-02-08,FAST,Retail,12019996447.193815,0.27790248946956897,0.4546951640607016,0.0714725668825439,4.079647462053207,0000815556-21-000008,10-K,2020-12-31,20.93494033813477,574159575.0
2021-02-08,REGN,Manufacturing,46340970628.00589,0.15254059534005698,0.41345870944204494,0.07581196406526752,3.6253799955512718,0001804220-21-000008,10-K,2020-12-31,490.8459167480469,94410423.0
2021-02-08,TSLA,Manufacturing,276294404296.875,0.1139641021707448,0.2102359208523592,0.0031198605060194827,1.8751403705783267,0001564590-21-004599,10-K,2020-12-31,287.8066711425781,960000000.0
2021-02-09,AMGN,Manufacturing,115244267457.58057,0.16675668805998603,0.2857142857142857,0.06303133474880869,1.814468377241912,0000318154-21-000010,10-K,2020-12-31,199.28111267089844,578300000.0
2021-02-09,INCY,Services,19635515171.391518,-0.03499069621934568,-0.11088490577499849,-0.015059294213518959,3.738771694959561,0001558370-21-000825,10-K,2020-12-31,89.45999908447266,219489329.0
2021-02-10,CSX,Transportation Utilities,20835799232.48291,0.10712939461714371,0.26126807143532077,0.13270429270067924,2.199603764239723,0000277948-21-000014,10-K,2020-12-31,27.30773162841797,763000000.0
2021-02-10,ISRG,Manufacturing,30919396325.683594,0.1329405760638917,0.6564794419970631,0.034502614111965986,6.8647948611686695,0001035267-21-000028,10-K,2020-12-31,262.6966552734375,117700000.0
2021-02-11,ALNY,Manufacturing,19254697828.49121,-0.18049603455881771,-1.741454348456842,-0.04457514771953471,4.467642284757463,0001178670-21-000010,10-K,2020-12-31,165.3800048828125,116427000.0
2021-02-11,DXCM,Manufacturing,9855055293.273924,0.11084955133434332,0.6644002698915243,0.05008596961773335,5.576941866145579,0001093557-21-000024,10-K,2020-12-31,102.5500030517578,96100000.0
2021-02-11,PEP,Manufacturing,156801947833.59308,0.11421898878581115,0.5481583584380151,0.045758360142404024,0.9841263049803183,0000077476-21-000007,10-K,2020-12-26,113.46373748779295,1381956485.0
2021-02-11,VRTX,Manufacturing,54706845000.0,0.2768514427737417,0.43696189444417316,0.04956686864322006,4.331949957737095,0000875320-21-000006,10-K,2020-12-31,210.5,259890000.0
2021-02-12,CTSH,Services,37297168960.57129,0.19494179518997815,0.08359356233485467,0.03732186755170488,1.9353107344632767,0001058290-21-000031,10-K,2020-12-31,70.37201690673828,530000000.0
2021-02-12,EXPE,Transportation Utilities,19801741240.180664,-0.20513643659711076,-0.5247162915945374,-0.13776566246934305,1.042175360710322,0001324424-21-000015,10-K,2020-12-31,144.7149658203125,136832712.0
2021-02-12,HON,Manufacturing,125303397546.38672,0.0961199021459759,0.32074026411741274,0.03882576287046806,1.4676772412356098,0000773840-21-000015,10-K,2020-12-31,179.82691955566406,696800000.0
2021-02-12,IDXX,Manufacturing,46491093380.31006,0.28243441773829503,0.5804359994162537,0.012521344577508788,1.8236258088650408,0000874716-21-000008,10-K,2020-12-31,544.0800170898438,85449000.0
2021-02-12,MSTR,Finance Real Estate,1001625801.6357422,0.03658471682819191,0.810592114158528,-0.007511787323881486,0.9544916636906637,0001564590-21-005783,10-K,2020-12-31,103.43099975585938,9684000.0
2021-02-16,ENPH,Manufacturing,24954147000.0,0.18026301097740025,0.44675856280466153,0.00536964857985328,1.7471701716902945,0001463101-21-000016,10-K,2020-12-31,193.5,128962000.0
2021-02-16,LBTYA,Transportation Utilities,10530780356.019428,0.07083446855533763,-0.12242802647724142,-0.13927742773227908,1.0855383926572644,0001570585-21-000025,10-K,2020-12-31,13.52395725250244,778675957.0
2021-02-16,LBTYK,Transportation Utilities,10546779000.674282,0.07083446855533763,-0.12242802647724142,-0.13906615469104172,1.0855383926572644,0001570585-21-000025,10-K,2020-12-31,13.544503211975098,778675957.0
2021-02-16,ON,Manufacturing,17235613395.22802,0.10201892016612829,0.3265080875356803,0.013715786875647342,1.9015228426395938,0001628280-21-002219,10-K,2020-12-31,41.849998474121094,411842629.0
2021-02-17,AAL,Transportation Utilities,11180416458.534626,-0.10551864275577345,-0.512487742977447,-0.7946931165714843,0.6696239966201943,0000006201-21-000014,10-K,2020-12-31,17.989999771118164,621479522.0
2021-02-17,HSIC,Wholesale,9241547372.055138,0.07705468436797687,0.2781207416716498,0.0453844992742518,1.6606419686899665,0001000228-21-000019,10-K,2020-12-26,64.87000274658203,142462571.0
2021-02-17,ILMN,Manufacturing,70193616943.35938,0.14238628872775214,0.6801481938870022,0.009345579107703474,3.6036977491961415,0001110803-21-000015,10-K,2021-01-03,480.7781982421875,146000000.0
2021-02-17,KHC,Manufacturing,34667070178.985596,0.049373935690674144,,0.01041334032948738,1.342513335814415,0001637459-21-000009,10-K,2020-12-26,28.345928192138672,1223000000.0
2021-02-17,PCAR,Manufacturing,18372986836.362213,0.1057041755130927,0.06932749552820568,0.0706689669765789,,0001564590-21-006370,10-K,2020-12-31,53.03370666503906,346439802.0
2021-02-17,SHOP,Services,17593516545.0,0.05474213583703524,0.5262074537863404,0.0181606104261631,15.690745827363733,0001594805-21-000008,40-F,2020-12-31,142.5,123463274.0
2021-02-17,XEL,Transportation Utilities,27515320860.24256,0.05278277146616751,0.12767617231515993,0.05353381148930621,0.7725878744987025,0000072903-21-000012,10-K,2020-12-31,51.19716262817383,537438394.0
2021-02-18,MAR,Services,41129339810.18067,0.06635358892352536,-0.025257780720840034,-0.006491716162531497,0.49113351877607786,0001628280-21-002433,10-K,2020-12-31,126.78588104248048,324400000.0
2021-02-18,TSCO,Retail,3637063841.911316,0.19782835181035466,0.354183081690701,0.20592379802891075,1.868728488047354,0000916365-21-000052,10-K,2020-12-26,31.287647247314453,116246000.0
2021-02-19,FTNT,Manufacturing,5587725257.873535,0.2679441216466807,0.7802960222016652,0.08742376860989468,1.4978955998906804,0001262039-21-000008,10-K,2020-12-31,34.38600158691406,162500000.0
2021-02-19,TRIP,Services,4867469608.1783905,-0.09852717115286948,-0.478476821192053,-0.05937376568605958,2.3677685950413223,0001564590-21-006939,10-K,2020-12-31,39.91999816894531,121930607.0
2021-02-19,TTD,Services,4425330935.1501465,0.14710284005381957,0.28984142970432986,0.054756808824237335,1.5666533078634526,0001564590-21-006726,10-K,2020-12-31,90.33499908447266,48988000.0
2021-02-19,VRSN,Services,22125732350.15869,0.4132542121556842,0.6441537581063861,0.03682987695519852,1.2318687398413866,0001014473-21-000005,10-K,2020-12-31,194.99191284179688,113470000.0
2021-02-22,CDNS,Services,37143784581.51245,0.22904865741871552,0.220152067303517,0.015901556792195612,1.8556377446009578,0000813672-21-000009,10-K,2021-01-02,133.16000366210938,278941000.0
2021-02-22,ROP,Manufacturing,38911916781.61621,0.06348023708834205,0.6410233214524796,0.02440640499233084,0.7168630338733432,0000882835-21-000011,10-K,2020-12-31,370.9429626464844,104900000.0
2021-02-22,WBD,Transportation Utilities,7476666508.133446,0.08035321383518644,0.12697966451129228,0.18123049871570057,1.9889682024659312,0001437107-21-000018,10-K,2020-12-31,55.290000915527344,135226377.0
2021-02-23,JBHT,Transportation Utilities,14554108666.040161,0.18940504167434166,0.07038461838040895,0.03476921957994976,1.6981120074336078,0001437749-21-003667,10-K,2020-12-31,137.75302124023438,105653644.0
2021-02-23,TMUS,Transportation Utilities,141577494307.33887,0.04316503632058033,0.044797286430691405,0.021641857803674756,1.1005390959775145,0001283699-21-000039,10-K,2020-12-31,114.0093765258789,1241805706.0
2021-02-23,VRSK,Services,29077367713.83191,0.14126266232907508,0.2559434030022265,0.024510471752949403,0.5550740844282919,0001437749-21-003789,10-K,2020-12-31,178.58868408203125,162817526.0
2021-02-23,WTW,Finance Real Estate,27096285582.377197,0.04604085022449456,0.10906757912745936,0.037643535934068564,1.0501241464928617,0001564590-21-007578,10-K,2020-12-31,210.2028350830078,128905424.0
2021-02-24,BKNG,Transportation Utilities,3919670855.3967285,0.003885891926488068,1.8303413772807533,0.6509117969656064,3.5637956204379564,0001075531-21-000019,10-K,2020-12-31,95.70697784423828,40954912.0
2021-02-24,CSGP,Services,3295916965.3015137,0.0702930552301957,0.8137646404290728,0.06891193024312799,11.753096569442345,0001057352-21-000032,10-K,2020-12-31,83.62300109863281,39414000.0
2021-02-24,EXC,Transportation Utilities,23022583587.64649,0.03274898118576831,0.05914222585429341,0.08487318517320888,0.983634797588286,0001109357-21-000022,10-K,2020-12-31,23.588712692260746,976000000.0
2021-02-24,HAS,Manufacturing,10122912204.58413,0.09024822096828686,0.04124844042834222,0.022270369972971785,1.6005406640172992,0000046080-21-000035,10-K,2020-12-27,73.87335968017578,137030619.0
2021-02-24,ODFL,Transportation Utilities,12385990628.289549,0.21353546588669867,,0.05430990707062197,3.332187173371211,0001564590-21-008056,10-K,2020-12-31,105.8109893798828,117057696.0
2021-02-25,AEP,Transportation Utilities,31365043429.809654,0.04746202196212845,0.14724670710862353,0.07003656809581313,0.43836320227265857,0000004904-21-000010,10-K,2020-12-31,63.15903854370117,496604194.0
2021-02-25,BKR,Manufacturing,2178.664970397949,0.034309469308285316,0.21405457618932625,-7234246.758518882,1.6089762393663831,0001701605-21-000026,10-K,2020-12-31,21.786649703979492,100.0
2021-02-25,FANG,Mining,8738104987.959183,0.12021113570577217,-1.6608602915037327,-0.534669703149351,0.48705501618122976,0001539838-21-000015,10-K,2020-12-31,55.27361297607422,158088182.0
2021-02-25,GILD,Manufacturing,64196233474.731445,0.11940298507462686,0.003604844262627081,0.0013863741715474892,1.403527244011582,0000882095-21-000008,10-K,2020-12-31,51.19316864013672,1254000000.0
2021-02-25,INSM,Manufacturing,3818675293.9196014,-0.275509165928745,0.6827623119826292,-0.07701361790783141,5.242889728719688,0001104506-21-000005,10-K,2020-12-31,37.15999984741211,102763060.0
2021-02-25,KDP,Manufacturing,37729833623.88787,0.04933807428835453,0.558271647443622,0.03511809813974646,0.31037171822199117,0001418135-21-000005,10-K,2020-12-31,26.810834884643555,1407260676.0
2021-02-25,MAT,Manufacturing,6832030875.432953,0.05225454615928126,0.48947653185445694,0.018534459563895846,1.8318787586350387,0001628280-21-003197,10-K,2020-12-31,19.6299991607666,348040304.0
2021-02-25,MTCH,Services,38746350926.54236,0.3150639238422831,0.07855285206306777,0.0048479662086404,2.0402771000487965,0000891103-21-000014,10-K,2020-12-31,145.67214965820312,265983244.0
2021-02-25,NXPI,Manufacturing,45376813287.48712,0.1250566836297677,0.49175568973525313,0.0017630149453897502,2.1437778879524045,0001413447-21-000011,10-K,2020-12-31,162.20510864257812,279749594.0
2021-02-25,SBAC,Finance Real Estate,25927390176.589962,0.12295597147767126,0.7712451119416956,0.0009274747607151074,0.7693383712778606,0001034054-21-000003,10-K,2020-12-31,236.0920257568359,109819000.0
2021-02-26,AKAM,Services,15376068540.0,0.1564888789857975,0.22255489021956087,0.03622863663431615,2.5449846340530486,0001086222-21-000075,10-K,2020-12-31,94.5,162709720.0
2021-02-26,ALGN,Manufacturing,44722293444.82422,0.1371050646595232,0.7132997915403321,0.03970923365526833,1.3952448738345853,0001097149-21-000007,10-K,2020-12-31,567.1099853515625,78860000.0
2021-02-26,AXON,Manufacturing,10552727537.230148,0.027864126810342768,0.6113497297368734,-0.0001633700854985318,3.83079689932158,0001558370-21-001873,10-K,2020-12-31,165.49000549316406,63766555.0
2021-02-26,BMRN,Manufacturing,14072205608.032951,0.014597248299424421,0.46176876086763724,0.061049420675717884,4.755311157491249,0001048477-21-000008,10-K,2020-12-31,77.43000030517578,181740999.0
2021-02-26,CDW,Retail,20794157125.854492,0.14064656971331344,0.17382428590767565,0.03791930566012775,1.5272041659184772,0001402057-21-000022,10-K,2020-12-31,146.54092407226562,141900000.0
2021-02-26,MRNA,Manufacturing,61736319457.57727,0.27627641666950625,-0.9298838055999851,-0.012100883346525905,1.4349862194928555,0001682852-21-000006,10-K,2020-12-31,154.80999755859375,398787678.0
2021-02-26,NCLH,Transportation Utilities,9330200937.352173,-0.1389314070734256,-0.7435848540864594,-0.43005654722144876,1.8587901267723599,0001558370-21-001998,10-K,2020-12-31,29.559999465942383,315636032.0
2021-02-26,NVDA,Manufacturing,8468816165.924072,0.20221597026848667,0.623448275862069,0.5115236787675996,4.090445859872611,0001045810-21-000010,10-K,2021-01-31,13.659380912780762,620000000.0
2021-02-26,ORLY,Retail,2121033392.411333,0.244605550468834,0.5244254962280558,0.8261548386128261,0.8550798995974663,0000898173-21-000012,10-K,2020-12-31,29.82200050354004,71123109.0
2021-02-26,PLTR,Services,42832134417.95302,-0.11024254191779681,0.6773536089937245,-0.02723168050927458,3.7385608034142455,0001193125-21-060650,10-K,2020-12-31,23.899999618530273,1792139544.0
2021-02-26,WYNN,Services,13747851807.916138,-0.07732228024462515,-0.34639234495345106,-0.16925888004263498,2.0273120993913514,0001174922-21-000029,10-K,2020-12-31,127.42667388916016,107888336.0
2021-03-01,DDOG,Services,6925527153.305054,0.05771140330690875,0.7842513082758598,-0.0035444233278741086,5.7683888209935406,0001564590-21-009770,10-K,2020-12-31,97.61000061035156,70951000.0
2021-03-01,LIN,Manufacturing,122024704951.87888,-3.944054675900214e-07,0.09639173365635209,0.02152023232537688,0.7950509461426492,0001628280-21-003574,10-K,2020-12-31,233.18551635742188,523294529.0
2021-03-01,MELI,Services,85440807335.58716,0.18119703380091604,0.4301560476813059,-8.274734544854021e-06,1.4705675104788938,0001562762-21-000079,10-K,2020-12-31,1713.280029296875,49869727.0
2021-03-01,MNST,Manufacturing,23117446980.812073,0.21992994681684605,0.5923232052620798,0.060975331798965096,4.1880070081121294,0001104659-21-029943,10-K,2020-12-31,43.775001525878906,528097000.0
2021-03-01,MPWR,Manufacturing,16924803313.934326,0.22160115383565124,0.5517826945758907,0.009712077413902278,5.7290857255611725,0001437749-21-004587,10-K,2020-12-31,373.8883361816406,45267000.0
2021-03-01,UAL,Transportation Utilities,16624469746.174255,-0.06940619332303352,-0.46037121458808206,-0.4252165697872421,1.163064833005894,0000100517-21-000016,10-K,2020-12-31,53.310001373291016,311845232.0
2021-03-01,XRAY,Manufacturing,11695814772.033691,0.06797259687433098,0.4958108916816278,-0.0070965556156433384,1.3599088838268794,0000818479-21-000007,10-K,2020-12-31,53.47880554199219,218700000.0
2021-03-02,WDAY,Services,54551201477.05078,0.14548992930019014,-0.0654078882889192,-0.005177356178283557,1.1212831407110742,0001327811-21-000020,10-K,2021-01-31,247.9600067138672,220000000.0
2021-03-09,BIDU,Services,9228085391.17569,0.07273975289272407,0.1776965265082267,0.3159918744129102,2.680946474573037,0001193125-21-074038,20-F,2020-12-31,264.2799987792969,34917835.0
2021-03-10,TRI,Manufacturing,39114678824.57904,0.09758962026732286,0.1875,0.028684883366470418,1.498868778280543,0001193125-21-076253,40-F,2020-12-31,78.6829605102539,497117528.0
2021-03-15,TCOM,Services,3271556415.223572,-0.0204892326991428,0.7798361239757748,-0.153138120335841,0.9938513135830073,0001193125-21-081372,20-F,2020-12-31,43.64787673950195,74953392.0
2021-03-16,DLTR,Retail,25448104232.6287,0.13124758407421724,0.3053121802636685,0.05273084343467366,1.3539929764362115,0000935703-21-000014,10-K,2021-01-30,109.04000091552734,233383199.0
2021-03-18,CRWD,Services,2254987182.094574,-0.05301706527183711,,-0.062118756644056694,1.177556676853102,0001535527-21-000007,10-K,2019-01-31,47.5525016784668,47421000.0
2021-03-18,ZM,Services,94303746441.63226,0.277685719856557,0.6899755145268405,0.007129260770314346,3.8039637577521934,0001585521-21-000048,10-K,2021-01-31,316.32000732421875,298127669.0
2021-03-19,ADSK,Services,57425400000.0,0.19742300612654193,0.9110647952722668,0.021039470338909263,0.8293237471963621,0000769397-21-000014,10-K,2021-01-31,261.5,219600000.0
2021-03-22,MDB,Services,18668696664.754456,-0.030318402552051694,0.7000643653240286,-0.014299016412001413,3.22074738887745,0001441816-21-000051,10-K,2021-01-31,309.7699890136719,60266318.0
2021-03-26,ULTA,Retail,17046780000.0,0.15920627414430225,0.31683580807590694,0.010314851250500095,1.8715134853945745,0001558370-21-003523,10-K,2021-01-30,303.0,56260000.0
2021-03-30,LULU,Manufacturing,39683813041.68701,0.1919461724188602,0.5597589120464238,0.014840131400209936,2.4053803423545426,0001397187-21-000009,10-K,2021-01-31,317.0899963378906,125150000.0
2021-03-30,ROST,Retail,40515399656.00586,0.17659667301128404,0.006813354916165699,0.0021073962178562214,1.6870268031549018,0000745732-21-000017,10-K,2021-01-30,113.646728515625,356503000.0
2021-03-31,DOCU,Services,39033776561.59973,0.12709313517999304,0.7494520135962567,-0.006232217874591177,1.063279096721196,0001261333-21-000059,10-K,2021-01-31,202.4499969482422,192807000.0
2021-04-02,CHKP,Services,15585919790.649414,0.19882860665844637,0.4099956414354206,0.05431825720724596,1.4759683896877833,0001193125-21-104893,20-F,2020-12-31,113.5999984741211,137200000.0
2021-04-16,JD,Retail,98796718210.76715,0.10074721212360571,0.06615328864241674,0.07653355432180693,1.3493034422942793,0001193125-21-119536,20-F,2020-12-31,67.50004577636719,1463654092.0
2021-04-28,NTES,Services,342688087517.62396,0.17542384457139074,0.529183128901357,0.00551432065727355,2.306867503667421,0001104659-21-055902,20-F,2020-12-31,102.31526184082033,3349335000.0
2021-04-30,PDD,Services,596750353349.4014,0.1774392927661301,0.6759449135714103,-0.0018438933363408353,1.7825484236620426,0001104659-21-058237,20-F,2020-12-31,133.92999267578125,4455688688.0
2021-05-14,CDNS,Services,34666787139.49585,0.22904865741871552,0.220152067303517,0.017037748483103,1.8556377446009578,0000813672-21-000021,10-K/A,2021-01-02,124.27999877929688,278941000.0
2021-05-18,MCHP,Manufacturing,17468135107.908096,0.11630094424351288,0.6212856722565461,0.02000213519311636,0.8902722443559097,0000827054-21-000106,10-K,2021-03-31,63.86219024658203,273528594.0
2021-05-19,TTWO,Services,20654484752.89917,0.15134124213822392,0.5448595398680967,0.028511289777748677,1.8886144318179277,0001628280-21-010627,10-K,2021-03-31,179.35000610351562,115163000.0
2021-05-26,EA,Services,40067401641.8457,0.1455448524984949,0.7345887368982057,0.020889799829841016,2.433535762483131,0000712515-21-000064,10-K,2021-03-31,140.09580993652344,286000000.0
2021-06-21,NTAP,Manufacturing,15641652328.49121,0.1424145299145299,0.6641713091922006,0.04667026121468688,1.738412514484357,0001564590-21-033645,10-K,2021-04-30,70.45789337158203,222000000.0
2021-07-16,PAYX,Services,34616041989.13574,0.13658531298768858,0.16636265036481956,0.019496740852458453,1.2493418654570492,0000723531-21-000035,10-K,2021-05-31,96.20912170410156,359800000.0
2021-07-28,CTAS,Manufacturing,9694172994.173452,0.165202044526148,0.4657803027961002,0.11460162725254974,1.4701055020849652,0000723254-21-000021,10-K,2021-05-31,93.15821075439452,104061391.0
2021-07-29,MSFT,Services,2067372546875.0,0.2299126068446487,0.689258007710247,0.02963713535454268,2.0799936835218875,0001564590-21-039151,10-K,2021-06-30,274.953125,7519000000.0
2021-08-04,ADP,Services,80487968528.74756,0.06342303552206674,0.17317099177629386,0.03228432829773688,1.0694845490723144,0000008670-21-000027,10-K,2021-06-30,189.9645233154297,423700000.0
2021-08-06,KLAC,Manufacturing,5131495844.604492,0.2127348477148168,0.30025045044367943,0.4048240635689555,2.7083372360662925,0000319201-21-000029,10-K,2021-06-30,33.58836364746094,152776000.0
2021-08-06,STX,Manufacturing,18050720287.291565,0.18743515850144093,0.12302218893362045,0.07279487904563614,1.2937350222526531,0001137789-21-000049,10-K,2021-07-02,79.38465881347656,227382980.0
2021-08-10,FOX,Transportation Utilities,31.702930450439453,0.11510948268341621,0.17050120071268107,69425758.71466452,2.914390406395736,0001564590-21-043103,10-K,2021-06-30,31.702930450439453,1.0
2021-08-10,FOXA,Transportation Utilities,34.67155075073242,0.11510948268341621,0.17050120071268107,63481440.903058104,2.914390406395736,0001564590-21-043103,10-K,2021-06-30,34.67155075073242,1.0
2021-08-17,LRCX,Manufacturing,7832203819.564819,0.22578207155330504,0.4652834819826133,0.4990240410032084,3.3029552984848918,0000707549-21-000136,10-K,2021-06-27,54.96244812011719,142501000.0
2021-08-27,PTON,Manufacturing,30664757294.352997,-0.05343766720171215,0.3610323735640758,-0.006163427226433809,2.267176186645213,0001639825-21-000256,10-K,2021-06-30,104.33999633789062,293892643.0
2021-08-27,SMCI,Manufacturing,180729762.37853622,0.05484253984452917,0.15025993542514776,0.6189960000372688,1.9272027131910958,0001375365-21-000060,10-K,2021-06-30,3.572999954223633,50582078.0
2021-08-27,WDC,Manufacturing,14655443038.94043,0.07263125669677024,0.2671670015364614,0.05602014199219714,2.0034907597535936,0000106040-21-000040,10-K,2021-07-02,47.58260726928711,308000000.0
2021-09-03,PANW,Manufacturing,7592967686.462402,0.14675441337291048,0.7004534667888442,-0.06570553446309209,0.9082611839662282,0001327567-21-000029,10-K,2021-07-31,78.03666687011719,97300000.0
2021-09-08,INTU,Services,149525202116.39404,0.20946120134055168,0.21405584968338004,0.013790317423512923,1.9423728813559322,0000896878-21-000233,10-K,2021-07-31,547.2402954101562,273235000.0
2021-09-09,CSCO,Manufacturing,214875682323.4558,0.1585074412546027,0.6402103657312618,0.04928896506798381,1.4895837300529382,0000858877-21-000013,10-K,2021-07-31,50.95463180541992,4217000000.0
2021-09-16,ZS,Services,38047468211.18164,0.08949203833575992,0.7766795424156886,-0.006886897139794263,2.5663568011885505,0001713683-21-000175,10-K,2021-07-31,274.3900146484375,138662000.0
2021-09-27,CPRT,Retail,8693091395.778088,0.2171985840864699,0.5186340993357128,0.10772864995470091,4.043908880818752,0000900075-21-000022,10-K,2021-07-31,36.6775016784668,237014273.0
2021-10-06,COST,Retail,188440236696.62476,0.1511439562664507,0.08403554348769197,0.02695284239202493,1.0021738392038313,0000909832-21-000014,10-K,2021-08-29,426.5042419433594,441825000.0
2021-10-08,MU,Manufacturing,76620398643.49365,0.21186426277421877,0.3762136798411839,0.07649398990039967,3.0988480697384806,0000723125-21-000065,10-K,2021-09-02,68.47220611572266,1119000000.0
2021-10-29,AAPL,Manufacturing,2402198131245.2695,0.2964028694993191,0.4177935962516778,0.03941390128004099,1.0745531195957954,0000320193-21-000105,10-K,2021-09-25,146.2366485595703,16426786000.0
2021-11-03,QCOM,Manufacturing,140500691413.8794,0.2554801163918526,0.2694095215396532,0.06436267258900254,1.6797757509831812,0001728949-21-000076,10-K,2021-09-26,124.8895034790039,1125000000.0
2021-11-19,SBUX,Retail,117282395935.0586,0.1907806298299599,0.14453590084168944,0.03581355894473526,1.1968986922491842,0000829224-21-000086,10-K,2021-10-03,99.39186096191406,1180000000.0
2021-11-24,SWKS,Manufacturing,22621767585.754395,0.20626957058214115,0.4917500146796892,0.06623266702392984,4.351404707668944,0000004127-21-000058,10-K,2021-10-01,136.85279846191406,165300000.0
2021-12-03,ADI,Manufacturing,87965801800.40698,0.052273714471279244,0.6183158187586547,0.015806392615562645,1.9414120142424391,0000006281-21-000294,10-K,2021-10-30,167.4484405517578,525330672.0
2021-12-13,SNPS,Services,55443649941.589355,0.1705413230411345,0.7950196387273372,0.013641940976051082,1.1636045650188689,0000883241-21-000022,10-K,2021-10-31,362.2300109863281,153062000.0
2021-12-17,AMAT,Manufacturing,125419125366.21094,0.21072604065827685,0.4732255127260114,0.04694658795305458,2.5389344262295084,0000006951-21-000043,10-K,2021-10-31,140.60440063476562,892000000.0
2021-12-17,AVGO,Manufacturing,24048704650.878906,0.18213576816196902,0.6136247723132969,0.28009824636246344,2.6406623149180066,0001730168-21-000153,10-K,2021-10-31,58.22930908203125,413000000.0
2022-01-21,ADBE,Services,237457251739.50195,0.26540875885613596,0.8818498574596135,0.020306812972340323,1.2505770340450086,0000796343-22-000032,10-K,2021-12-03,499.9100036621094,475000000.0
2022-01-27,INTC,Manufacturing,181378550758.36182,0.17808747906844175,0.5544518121077141,0.10953886177240864,2.1017405869929355,0000050863-22-000007,10-K,2021-12-25,44.564754486083984,4070000000.0
2022-01-27,NFLX,Services,17168052534.769272,0.008805942976399755,0.039217527036642795,0.29800864073769906,0.950625199818211,0001065280-22-000036,10-K,2021-12-31,38.66999816894531,443963107.0
2022-01-28,CHTR,Transportation Utilities,159974746661.8213,0.11396509253215993,0.1029371928330947,0.03325524878777409,0.28624177235511317,0001091667-22-000024,10-K,2021-12-31,590.469970703125,270927828.0
2022-02-01,SIRI,Transportation Utilities,224688047725.6775,0.19447148140938292,0.5488730450781969,0.0058481081361491365,0.3959731543624161,0000908937-22-000007,10-K,2021-12-31,56.639286041259766,3967000000.0
2022-02-02,CMCSA,Transportation Utilities,82894114968.5895,0.10563781011580073,0.11885552261889419,0.16687553760893215,0.8452705465449094,0001166691-22-000009,10-K,2021-12-31,40.1799201965332,2063073161.0
2022-02-02,GOOG,Services,97161427437.28638,0.25510760769119434,0.2951167728237792,0.7825430523761717,2.928113424845146,0001652044-22-000019,10-K,2021-12-31,146.74270629882812,662121000.0
2022-02-02,GOOGL,Services,97132613211.6394,0.25510760769119434,0.2951167728237792,0.7827751924509013,2.928113424845146,0001652044-22-000019,10-K,2021-12-31,146.69918823242188,662121000.0
2022-02-03,AMD,Manufacturing,144936562210.08298,0.28351719140027376,0.4824753559693319,0.021816441288408213,2.024292452830189,0000002488-22-000016,10-K,2021-12-25,120.08000183105467,1207000000.0
2022-02-03,BIIB,Manufacturing,32364989730.83496,0.15244185900415877,1.059890545179708,0.053378666712632104,1.8278581731887766,0000875045-22-000007,10-K,2021-12-31,220.1699981689453,147000000.0
2022-02-03,ISRG,Manufacturing,102159122183.22754,0.15414238288454446,0.6932453021838497,0.016915767902748475,5.0834058097060355,0001035267-22-000014,10-K,2021-12-31,285.6000061035156,357700000.0
2022-02-03,META,Services,673838458602.9053,0.347515166850416,0.3338449405998525,0.05842646631008166,3.154293825408091,0001326801-22-000018,10-K,2021-12-31,235.6902618408203,2859000000.0
2022-02-03,PYPL,Services,143935851928.71094,0.08363785074469349,0.1643214693941902,0.028964291690612546,1.2218271398359246,0001633917-22-000027,10-K,2021-12-31,123.23274993896484,1168000000.0
2022-02-04,AMZN,Retail,80238503387.45117,0.11015838820208822,0.01177254364418865,0.41581034779392373,1.1357597739445826,0001018724-22-000005,10-K,2021-12-31,157.63949584960938,509000000.0
2022-02-04,MDLZ,Manufacturing,82814529124.02875,0.06172121862517141,0.3918523676880223,0.052092308507110587,0.7382924043403769,0001103982-22-000003,10-K,2021-12-31,59.36643981933594,1394972132.0
2022-02-04,TXN,Manufacturing,139876782154.8203,0.3548387096774194,0.6746620148277366,0.05554174095455678,5.3269754768392374,0000097476-22-000009,10-K,2021-12-31,151.45948791503906,923526047.0
2022-02-07,FAST,Retail,13851020920.48315,0.17913468248429867,0.4620273170407094,0.06678208092459759,4.187335092348285,0000815556-22-000009,10-K,2021-12-31,24.06928062438965,575464682.0
2022-02-07,REGN,Manufacturing,58275939968.89453,0.2784098951043452,0.5024546252107742,0.138570051453658,3.5638652256834074,0001804220-22-000007,10-K,2021-12-31,617.26171875,94410423.0
2022-02-07,TSLA,Manufacturing,312427394897.46094,0.18504450274420176,0.25279155751258753,0.018064997155106607,1.3752854605430094,0000950170-22-000796,10-K,2021-12-31,302.4466552734375,1033000000.0
2022-02-08,INCY,Services,15491386152.840385,0.15192266840071417,0.317647752193625,0.061232803226332025,3.650526508004139,0001558370-22-000902,10-K,2021-12-31,70.06999969482422,221084433.0
2022-02-09,VRTX,Manufacturing,62153963592.93516,0.19679880885911036,0.30921261089987323,0.03768223077998873,4.463398692810458,0000875320-22-000007,10-K,2021-12-31,244.2400054931641,254479046.0
2022-02-10,ALNY,Manufacturing,18130656593.35327,-0.17612941439967678,-1.010111490523957,-0.047037678729883764,4.036992425004671,0001178670-22-000013,10-K,2021-12-31,150.86000061035156,120182000.0
2022-02-10,PEP,Manufacturing,201420840965.95306,0.12574558602249478,0.5334952311447769,0.03812415817138809,0.8307780320366133,0000077476-22-000010,10-K,2021-12-25,145.6770782470703,1382652943.0
2022-02-11,BKR,Manufacturing,2644.4564819335938,0.06723688682451569,0.21617403180177544,-124789.34792631115,1.6504163014899211,0001701605-22-000050,10-K,2021-12-31,26.444564819335938,100.0
2022-02-11,ENPH,Manufacturing,19507017186.88965,0.16930478979019417,0.4011594379070496,0.00745623990620944,3.325316737760234,0001463101-22-000016,10-K,2021-12-31,145.69000244140625,133894000.0
2022-02-11,EXPE,Transportation Utilities,28488646919.25049,0.17393725635789864,0.0017445917655268667,0.0005265255328733822,0.8657142857142858,0001324424-22-000009,10-K,2021-12-31,189.76617431640625,150125000.0
2022-02-11,HON,Manufacturing,115048688378.90625,0.0936559640142702,0.30437311002558737,0.04876196399148669,1.3005946278449867,0000773840-22-000018,10-K,2021-12-31,168.0033416748047,684800000.0
2022-02-11,TMUS,Transportation Utilities,148705740108.59146,0.06737411830773178,0.03774432711750168,0.020335462489825495,0.8890165538959105,0001283699-22-000018,10-K,2021-12-31,119.03947448730467,1249213681.0
2022-02-14,DXCM,Manufacturing,9869750000.0,0.09098198865038243,0.6863385746375332,0.015674155880341448,5.111542730299667,0001093557-22-000014,10-K,2021-12-31,101.75,97000000.0
2022-02-14,ON,Manufacturing,25368855437.889885,0.18512362351963432,0.40272708388972966,0.039859898389018884,2.4501749384475833,0001628280-22-002416,10-K,2021-12-31,58.65999984741211,432472818.0
2022-02-15,HSIC,Wholesale,11223991964.477966,0.08366612267218923,0.2961248916520664,0.058849471925002526,1.6665994656871799,0001000228-22-000016,10-K,2021-12-25,81.83999633789062,137145558.0
2022-02-15,MAR,Services,56798664990.234375,0.04606112785191563,0.07931009598037093,0.0193490463233415,0.5659434992976432,0001628280-22-002666,10-K,2021-12-31,174.06884765625,326300000.0
2022-02-16,AMGN,Manufacturing,108845209103.39355,0.15141012016676203,0.2268370607028754,0.054141105966383496,1.5910210111621799,0000318154-22-000010,10-K,2021-12-31,194.95828247070312,558300000.0
2022-02-16,CSX,Transportation Utilities,72759432792.66357,0.12580493942907897,0.301948570515892,0.051965770689477435,1.734437975817286,0000277948-22-000009,10-K,2021-12-31,33.04243087768555,2202000000.0
2022-02-16,CTSH,Services,43473254013.06152,0.13976025095227426,0.1154698222294267,0.049156660767973315,2.080476055539813,0001058290-22-000023,10-K,2021-12-31,82.80619812011719,525000000.0
2022-02-16,IDXX,Manufacturing,42958342445.80078,0.310005362704707,0.5876268909235669,0.01733875092922281,1.2515469912085062,0000874716-22-000007,10-K,2021-12-31,508.010009765625,84562000.0
2022-02-16,MSTR,Finance Real Estate,435849971.0083008,0.02637889486000488,0.8200551333106222,-1.2285878986322147,0.8589034729233778,0001564590-22-005287,10-K,2021-12-31,43.49800109863281,10020000.0
2022-02-16,SHOP,Services,9512234922.52594,0.037812705863162786,0.5379925132094324,0.3064115871547486,12.151585310494882,0001594805-22-000011,40-F,2021-12-31,74.68499755859375,127364735.0
2022-02-16,TTD,Services,40336873225.70801,0.10580850576126395,0.11514065995969801,0.003415287031028468,1.714434884836453,0001564590-22-005385,10-K,2021-12-31,80.91000366210938,498540000.0
2022-02-17,INSM,Manufacturing,2792724070.6740646,-0.2921589567578174,0.5956404773401394,-0.155638003970471,6.1926815915244955,0001104506-22-000008,10-K,2021-12-31,23.520000457763672,118738266.0
2022-02-17,KHC,Manufacturing,36922845932.006836,0.057434096408762875,,0.027733506834378068,0.9922771403353927,0001637459-22-000018,10-K,2021-12-25,30.16572380065918,1224000000.0
2022-02-17,LBTYA,Transportation Utilities,8250836809.179671,0.07564422277639235,1.319920863518664,1.6495417755515112,1.4542939678809244,0001570585-22-000038,10-K,2021-12-31,14.497681617736816,569114223.0
2022-02-17,LBTYK,Transportation Utilities,8393689594.025067,0.07564422277639235,1.319920863518664,1.6214681097676238,1.4542939678809244,0001570585-22-000038,10-K,2021-12-31,14.748690605163574,569114223.0
2022-02-17,TSCO,Retail,4462641086.578369,0.14660120216796543,0.3516704166684667,0.22343584900853297,1.574183399988958,0000916365-22-000049,10-K,2021-12-25,39.448760986328125,113125000.0
2022-02-18,ILMN,Manufacturing,47645221405.0293,0.035815206676743115,0.6968625718073354,0.01599320934039285,2.4821591948764867,0001110803-22-000013,10-K,2022-01-02,303.4727478027344,157000000.0
2022-02-18,TRIP,Services,3518962532.5617313,0.047182175622542594,-0.164079822616408,-0.042057850468859376,2.6330532212885154,0000950170-22-001481,10-K,2021-12-31,27.969999313354492,125812035.0
2022-02-18,UAL,Transportation Utilities,15358347528.569221,0.030319031903190317,-0.07972720630023544,-0.12787834084015975,1.192854020979021,0000100517-22-000009,10-K,2021-12-31,47.43000030517578,323810825.0
2022-02-18,VRSN,Services,22668381832.458496,0.40687904407984016,0.5911751944898069,0.03462223310868244,1.1813274040471475,0001014473-22-000007,10-K,2021-12-31,205.10845947265625,110519000.0
2022-02-22,AAL,Transportation Utilities,11289892178.520775,0.010591722208012999,-0.06669566963389331,-0.17652958668566548,0.9121330106282227,0000006201-22-000026,10-K,2021-12-31,17.43000030517578,647727595.0
2022-02-22,CDNS,Services,37425589018.37158,0.2509993048809486,0.23289764825094605,0.01859569931306539,1.7666030013642564,0000813672-22-000012,10-K,2022-01-01,135.2100067138672,276796000.0
2022-02-22,ROP,Manufacturing,45002266479.49219,0.0848405365629441,0.6780089307348818,0.025612043351755338,0.7755461592670895,0000882835-22-000012,10-K,2021-12-31,426.561767578125,105500000.0
2022-02-22,VRSK,Services,29213395804.24211,0.14801296089957863,0.22220369505769358,0.022808029729403996,0.4896918402777778,0001437749-22-004083,10-K,2021-12-31,180.7182159423828,161651639.0
2022-02-23,BKNG,Transportation Utilities,3972410334.4561005,0.11928429423459244,1.135152400073006,0.6422700036473775,2.1045469100224143,0001075531-22-000008,10-K,2021-12-31,96.73826599121094,41063485.0
2022-02-23,CSGP,Services,21129076000.0,0.06472913739268618,0.8162468141358497,0.0138465117925649,11.775183132608381,0001057352-22-000027,10-K,2021-12-31,53.5,394936000.0
2022-02-23,GILD,Manufacturing,65403411300.65918,0.16753002119142923,0.2271012635048526,0.09481156833691795,1.2723514211886304,0000882095-22-000007,10-K,2021-12-31,52.15583038330078,1254000000.0
2022-02-23,HAS,Manufacturing,10625242770.586807,0.0814819980473809,0.06779951404896892,0.04096847567615242,1.518017834602386,0000046080-22-000023,10-K,2021-12-26,77.0241470336914,137946906.0
2022-02-23,MELI,Services,46414200787.87964,0.09553785813468119,0.42507824911530795,0.001794795527789279,1.4006161356190534,0001562762-22-000049,10-K,2021-12-31,920.5700073242188,50418980.0
2022-02-23,ODFL,Transportation Utilities,15864958989.018616,0.2514974456315238,,0.06519871880639415,2.980796322544234,0001564590-22-006303,10-K,2021-12-31,137.94276428222656,115011172.0
2022-02-23,PCAR,Manufacturing,18072592449.37952,0.07462706941918046,0.07873804857518185,0.10248114680766718,,0001564590-22-006237,10-K,2021-12-31,52.0557975769043,347177323.0
2022-02-23,XEL,Transportation Utilities,30530857312.65969,0.037838585331282086,0.13842420039871717,0.052307735208529514,0.8400713436385255,0000072903-22-000010,10-K,2021-12-31,56.12029266357422,544025269.0
2022-02-24,AEP,Transportation Utilities,37406259637.47162,0.043800124787980205,0.14817174845164363,0.06651560525200313,0.6284210611023039,0000004904-22-000024,10-K,2021-12-31,74.18756103515625,504212015.0
2022-02-24,EBAY,Services,30328299385.0708,0.09978967926087283,0.7456813819577736,0.44868984664199735,1.9712245781047166,0001065088-22-000006,10-K,2021-12-31,51.057743072509766,594000000.0
2022-02-24,FANG,Mining,18555691172.087776,0.17224211721547733,0.3348536118875975,0.12265778616878747,1.0055632823365785,0001539838-22-000008,10-K,2021-12-31,104.50887298583984,177551347.0
2022-02-24,KDP,Manufacturing,46073856588.0054,0.0568006640578679,0.5501064416936056,0.04655568599739091,0.47139552814186586,0001418135-22-000005,10-K,2021-12-31,32.489410400390625,1418119197.0
2022-02-24,MTCH,Services,30766174749.584305,0.18524306735070176,0.0927014152557741,0.008988897783067317,1.0427606041282382,0000891103-22-000020,10-K,2021-12-31,108.53401947021484,283470334.0
2022-02-24,NXPI,Manufacturing,46762496862.87619,0.14747891104294478,0.5484045918828527,0.04075915804044961,2.132137030995106,0001413447-22-000008,10-K,2021-12-31,175.84298706054688,265933249.0
2022-02-24,PLTR,Services,23985017265.316013,0.10280404625167439,0.7798777992449522,-0.02169600272719019,4.33785665264271,0001193125-22-050913,10-K,2021-12-31,11.829999923706056,2027474000.0
2022-02-24,WBD,Transportation Utilities,3749827372.308277,0.08127341911871497,0.09818718726929702,0.3192146947455781,2.1000289100896214,0001437107-22-000031,10-K,2021-12-31,27.729999542236328,135226377.0
2022-02-24,WTW,Finance Real Estate,25790094809.136307,0.058936231055190164,0.47077128250722383,0.16424910537744009,1.2556370551480576,0000950170-22-001932,10-K,2021-12-31,206.9729766845703,124606097.0
2022-02-25,ABNB,Services,95518532934.5398,0.15973287763466598,-0.058753020815252945,-0.0036855046783565437,1.9477639142280527,0001559720-22-000006,10-K,2021-12-31,155.08999633789062,615891000.0
2022-02-25,ALGN,Manufacturing,40343597407.836914,0.19732788521249187,0.7426420286071087,0.019136121952526522,1.2962489429963864,0001097149-22-000011,10-K,2021-12-31,512.5599975585938,78710000.0
2022-02-25,AXON,Manufacturing,9510104220.567993,0.07374319545554167,0.6265020888808069,-0.006310971847206046,2.6509780871210764,0001558370-22-002006,10-K,2021-12-31,134.13999938964844,70896856.0
2022-02-25,BMRN,Manufacturing,14345176092.0,0.05072788829523639,-0.034707722305723686,-0.004467006859242115,4.21321287387324,0001048477-22-000012,10-K,2021-12-31,78.0,183912514.0
2022-02-25,DDOG,Services,49883438811.76758,0.12035690614139652,0.7723088617241326,-0.0004158694848260185,3.5387973428964847,0001561550-22-000009,10-K,2021-12-31,161.41000366210938,309048000.0
2022-02-25,EXC,Transportation Utilities,35786475139.61792,0.022644403178636675,0.05032052163864968,0.051108693797427954,0.8663025262243188,0001109357-22-000039,10-K,2021-12-31,36.55411148071289,979000000.0
2022-02-25,FTNT,Manufacturing,10529028533.935547,0.2533662212160632,0.7657231763509066,0.05762165028279464,1.5532548207583796,0001262039-22-000008,10-K,2021-12-31,64.99400329589844,162000000.0
2022-02-25,JBHT,Transportation Utilities,19784255775.913696,0.18013472374391185,0.10582082261409866,0.038455123539508716,1.337516766882516,0001437749-22-004457,10-K,2021-12-31,188.25347900390625,105093706.0
2022-02-25,MPWR,Manufacturing,20631806422.36328,0.20179401888606877,0.5675278481997817,0.01173057729630818,4.95651790750141,0001437749-22-004460,10-K,2021-12-31,446.0352478027344,46256000.0
2022-02-25,MRNA,Manufacturing,60985990737.91504,0.5521099355466375,0.660603107574035,0.20007873697481818,1.760626643295355,0001682852-22-000012,10-K,2021-12-31,151.3300018310547,403000000.0
2022-02-28,AKAM,Services,17377041479.750866,0.17257887127299498,0.26034480278833844,0.03750016944825424,2.4298802668721478,0001086222-22-000058,10-K,2021-12-31,108.26000213623048,160512111.0
2022-02-28,CDW,Retail,21930780993.652344,0.0594420958528418,0.1713911088911089,0.045078193990726594,1.271212715855573,0001402057-22-000020,10-K,2021-12-31,162.69125366210938,134800000.0
2022-02-28,LCID,Manufacturing,477461589870.2374,-0.13425165316219964,-95.1555088340526,-0.005403075461423225,16.4275702409234,0001628280-22-004253,10-K,2021-12-31,289.79998779296875,1647555590.0
2022-02-28,LIN,Manufacturing,140331949401.41336,-4.264199497579805e-07,0.12863313090637482,0.028225931563665048,0.7446309462728139,0001628280-22-004180,10-K,2021-12-31,275.8742370605469,508680879.0
2022-02-28,MAT,Manufacturing,8751524089.766506,0.07592603192983806,0.4812727463615441,0.10318054212475944,1.7985444106784094,0001628280-22-004260,10-K,2021-12-31,24.979999542236328,350341243.0
2022-02-28,MNST,Manufacturing,22337431003.8414,0.14808110000225502,0.5609665294678988,0.06166667061056008,4.851545370520042,0001104659-22-028182,10-K,2021-12-31,42.20000076293945,529323000.0
2022-02-28,ORLY,Retail,2901195587.0942,0.27369145759852176,0.5267241280345102,0.7461354931151403,0.7667331391078394,0000898173-22-000012,10-K,2021-12-31,43.28266525268555,67029042.0
2022-02-28,WDAY,Services,50391000671.38672,0.15723229164533425,0.005715928121712509,0.0005829017008721308,1.028850470267993,0001327811-22-000030,10-K,2022-01-31,229.0500030517578,220000000.0
2022-02-28,WYNN,Services,9684597028.935333,-0.017763473852402067,-0.15064620716142227,-0.10449479694161855,2.2330628629996583,0001174922-22-000031,10-K,2021-12-31,83.69357299804688,115714943.0
2022-03-01,DASH,Services,34503238312.79755,0.10163019532971068,-0.09574468085106383,-0.013563944223357573,2.59375,0001628280-22-004350,10-K,2021-12-31,102.43000030517578,336847000.0
2022-03-01,NCLH,Transportation Utilities,7704162398.362026,-0.1317688456124845,-0.8351447089836782,-0.5849548292177928,0.8850363711227011,0001558370-22-002516,10-K,2021-12-31,18.479999542236328,416891915.0
2022-03-01,SBAC,Finance Real Estate,32002968762.08496,0.12139691292295346,0.7637404854571614,0.007425061148749471,0.9969415784700104,0001034054-22-000002,10-K,2021-12-31,293.7237854003906,108956000.0
2022-03-01,XRAY,Manufacturing,10660671724.700928,0.07125813449023861,0.5553987297106563,0.03949094493028399,1.548903878583474,0000818479-22-000015,10-K,2021-12-31,49.03712844848633,217400000.0
2022-03-07,OKTA,Services,22856757496.45996,0.011310281298696078,0.6951202160281372,-0.03711860705226458,2.4465869974879424,0001660134-22-000010,10-K,2022-01-31,154.39999389648438,148036000.0
2022-03-07,ZM,Services,32992562519.422413,0.2125809030953272,0.7427831752467887,0.04169542754340995,3.9145674692075856,0001585521-22-000037,10-K,2022-01-31,107.87999725341795,305826505.0
2022-03-10,MRVL,Manufacturing,54320252852.36359,0.037061058193787695,0.46258355681258195,-0.007750958029306742,1.795732502149737,0001835632-22-000016,10-K,2022-01-29,64.15563201904297,846695000.0
2022-03-10,TRI,Manufacturing,46135750466.5166,0.08004876066639577,0.8961877756773787,0.12331001322128353,0.9504068190623789,0001193125-22-071339,40-F,2021-12-31,94.91139221191406,486092864.0
2022-03-11,APP,Services,16710230701.829529,0.058707935762647,0.012651874044074262,0.002114752371200417,5.054021499866426,0001751008-22-000005,10-K,2021-12-31,44.54999923706055,375089360.0
2022-03-14,ADSK,Services,41174339334.106445,0.17791746061253894,0.9045914645267189,0.01207062476381531,0.6893300743253354,0000769397-22-000019,10-K,2022-01-31,188.6999969482422,218200000.0
2022-03-15,DLTR,Retail,34003635360.31897,0.06590153670506127,0.2935238514961324,0.03905170685219181,1.3430062730450605,0000935703-22-000020,10-K,2022-01-29,151.05999755859375,225100198.0
2022-03-16,CRWD,Services,10769938137.954712,0.15885115470150876,,-0.02157653990426079,1.827478799854993,0001535527-22-000006,10-K,2022-01-31,47.415000915527344,227142000.0
2022-03-18,MDB,Services,26574411507.92862,0.0028494587661272016,0.703024324144924,-0.011547424104140364,4.019861979932983,0001441816-22-000059,10-K,2022-01-31,398.1000061035156,66753105.0
2022-03-18,NVDA,Manufacturing,66093718578.33862,0.20612397311426436,0.6492903321691313,0.1475480606896295,6.650288350634371,0001045810-22-000036,10-K,2022-01-30,26.374189376831055,2506000000.0
2022-03-25,DOCU,Services,19972874693.20679,0.19929720041003202,0.7786407923641322,-0.0035035517457985333,0.9620578009228375,0001261333-22-000049,10-K,2022-01-31,100.4499969482422,198834000.0
2022-03-25,ULTA,Retail,20666507153.137203,0.2223301294880193,0.3902905019401825,0.047702158506758054,1.4641645432314299,0001558370-22-004330,10-K,2022-01-29,395.0700073242187,52311000.0
2022-03-28,BIDU,Services,5148634664.189224,0.052954591186531626,0.060964373464373466,0.2313234629529791,2.8637180254940544,0001193125-22-086036,20-F,2021-12-31,147.4499969482422,34917835.0
2022-03-29,LULU,Manufacturing,42410469240.50903,0.2810549687828656,0.5767597728932424,0.02299719898096307,1.8606630167632747,0001397187-22-000014,10-K,2022-01-30,343.9700012207031,123297000.0
2022-03-29,ROST,Retail,32076632153.320312,0.12747920566886722,0.09106400826718031,0.0537023024040163,1.7730253581970183,0000745732-22-000014,10-K,2022-01-29,91.1993408203125,351720000.0
2022-03-31,GFS,Manufacturing,33150053451.2558,0.18892102678790668,0.15387347668873827,-0.007550907885203352,1.672960761134151,0001709048-22-000008,20-F,2021-12-31,62.33017349243164,531846000.0
2022-03-31,RIVN,Manufacturing,45216001510.62012,-0.11761011931461379,-8.454545454545455,-0.10368010977040738,14.134805788271136,0001874178-22-000008,10-K,2021-12-31,50.2400016784668,900000000.0
2022-04-14,CHKP,Services,18432897842.407227,0.2040439307142131,0.37640760568580395,0.04424697662695273,1.365516032942001,0001193125-22-105648,20-F,2021-12-31,142.77999877929688,129100000.0
2022-04-25,PDD,Services,158622510493.95862,0.15883813757178067,0.6623936870590897,0.007685378299736533,1.7167359351090141,0001104659-22-049283,20-F,2021-12-31,35.599998474121094,4455688688.0
2022-04-27,TCOM,Services,13830397009.595415,0.012887368386089613,0.7705283259070655,-0.007302754933927568,0.9983639688191704,0001193125-22-123585,20-F,2021-12-31,21.565195083618164,641329557.0
2022-04-28,JD,Retail,74136013848.61176,0.08519868569668344,-0.00469442695846671,-0.009455593356171882,1.3520802783288766,0001193125-22-125563,20-F,2021-12-31,50.65132141113281,1463654092.0
2022-04-28,NTES,Services,270798846778.41187,0.1622369710532738,0.5361595083018865,0.009837320327216287,2.2399461939541387,0001104659-22-052206,20-F,2021-12-31,82.71609497070312,3273835000.0
2022-05-17,TTWO,Services,14199370571.243284,0.03940961950707729,0.561914802556494,0.029439473947287676,1.8390281258966898,0001628280-22-014580,10-K,2022-03-31,123.08000183105467,115367000.0
2022-05-20,MCHP,Manufacturing,33700013446.138412,0.17548072471372572,0.6523479306249909,0.03814538537364595,1.753109363831308,0000827054-22-000094,10-K,2022-03-31,60.77544021606445,554500524.0
2022-05-25,EA,Services,37608149414.0625,0.1376086956521739,0.734086682877986,0.020979495462889644,1.1816111585539426,0000712515-22-000011,10-K,2022-03-31,134.3148193359375,280000000.0
2022-06-16,NTAP,Manufacturing,12642613906.860352,0.12078595651306603,0.6679328901551124,0.07411442023801336,1.5039210726030863,0000950170-22-011708,10-K,2022-04-29,57.466426849365234,220000000.0
2022-07-15,PAYX,Services,36455342198.944084,0.15625,0.1463451655571698,0.01851306171580933,1.2490700675624382,0000950170-22-012734,10-K,2022-05-31,101.29297637939452,359900000.0
2022-07-27,CTAS,Manufacturing,10030369201.184502,0.18872918685751375,0.46244381694525366,0.12320154674406876,1.8368353467467844,0000723254-22-000019,10-K,2022-05-31,98.61615753173828,101711215.0
2022-07-28,MSFT,Services,1996141655273.4375,0.24403848262251945,0.684016744842891,0.036439297686033274,1.7846069708251824,0001564590-22-026876,10-K,2022-06-30,267.4359130859375,7464000000.0
2022-08-03,ADP,Services,92814553875.73242,0.04914521105723645,0.17873962771921956,0.03177195684146932,0.9935857806656067,0000008670-22-000038,10-K,2022-06-30,223.05828857421875,416100000.0
2022-08-05,KLAC,Manufacturing,5397562967.376709,0.2629736332714354,0.3606276805730164,0.615474061178867,2.4969361735623803,0000319201-22-000023,10-K,2022-06-30,38.06354522705078,141804000.0
2022-08-05,STX,Manufacturing,15110986108.94278,0.18526386404293382,0.1414115427493354,0.10912590271154515,1.1344585091420534,0001137789-22-000055,10-K,2022-07-01,72.00845336914062,209850169.0
2022-08-12,FOX,Transportation Utilities,31.89149284362793,0.08492224475997295,0.08823529411764706,38662348.170583025,3.606707317073171,0001628280-22-022584,10-K,2022-06-30,31.89149284362793,1.0
2022-08-12,FOXA,Transportation Utilities,34.643280029296875,0.08492224475997295,0.08823529411764706,35591318.11298715,3.606707317073171,0001628280-22-022584,10-K,2022-06-30,34.643280029296875,1.0
2022-08-24,LRCX,Manufacturing,6088278117.94281,0.1802593821500716,0.45694486440763266,0.7564184668942319,2.691321710521848,0000707549-22-000107,10-K,2022-06-26,44.448097229003906,136975000.0
2022-08-25,WDC,Manufacturing,11355157356.262207,0.07159450093301345,0.31256318842122066,0.1320985656947124,1.8050410540385717,0000106040-22-000055,10-K,2022-07-01,36.048118591308594,315000000.0
2022-08-29,SMCI,Manufacturing,362305992.1860695,-0.1375321092129768,0.1539618471472541,0.7870750309135085,1.9090266553471236,0001375365-22-000103,10-K,2022-06-30,6.926000118255615,52311000.0
2022-09-02,INTU,Services,114808022436.64551,0.14022499459147617,0.16234480590916234,0.017995258137471014,1.390358126721763,0000896878-22-000028,10-K,2022-07-31,407.2188415527344,281932000.0
2022-09-06,PANW,Manufacturing,8806963888.549805,0.1619687275576157,0.6875942924656911,-0.030316917768577957,0.7722933195285506,0001327567-22-000028,10-K,2022-07-31,88.42333221435547,99600000.0
2022-09-07,PTON,Manufacturing,2891648383.5417614,-0.5014273302718133,0.1949694313391586,-0.9778851454050455,2.3831750339213027,0001639825-22-000117,10-K,2022-06-30,8.970000267028809,322368818.0
2022-09-08,CSCO,Manufacturing,166812122726.44043,0.14069913406097742,0.6254824757064996,0.07081020136270796,1.4320202808112326,0000858877-22-000013,10-K,2022-07-30,40.586891174316406,4110000000.0
2022-09-15,ZS,Services,25173258405.7312,0.11364280633255257,0.7779156805194758,-0.015503674324144916,1.9892044317627884,0001713683-22-000081,10-K,2022-07-31,175.99000549316406,143038000.0
2022-09-27,CPRT,Retail,6476499909.07151,0.22164496962061941,0.60371768211132,0.16832085467538965,4.9954863922665345,0000900075-22-000050,10-K,2022-07-31,27.207500457763672,238040974.0
2022-10-05,COST,Retail,203127132292.23633,0.11520119689555217,0.07254774095191097,0.02911969431779388,1.0218138633664604,0000909832-22-000021,10-K,2022-08-28,458.8742980957031,442664000.0
2022-10-07,MU,Manufacturing,56891601539.61182,0.22903308540651449,0.4518499252227063,0.1526938909243312,2.88910996153336,0000723125-22-000048,10-K,2022-09-01,52.003292083740234,1094000000.0
2022-10-28,AAPL,Manufacturing,2437546691871.643,0.3462771612025343,0.43309630561360085,0.040944036203617244,0.8793560286267226,0000320193-22-000108,10-K,2022-09-24,152.88726806640625,15943425000.0
2022-11-02,QCOM,Manufacturing,115892132812.5,0.18557963030970742,0.29266968325791853,0.11162103661452968,1.7465026125063206,0000804328-22-000021,10-K,2022-09-25,103.3828125,1121000000.0
2022-11-07,XRAY,Manufacturing,5553719786.071777,0.07111159216365408,0.5547151973528717,0.07400445392127102,1.4686756542426644,0001140361-22-040131,10-K/A,2021-12-31,25.54608917236328,217400000.0
2022-11-09,VOD,Transportation Utilities,238419176012.6804,,,0.010229881844194785,,0001104659-22-116238,20-F,2018-03-31,8.937381744384766,26676624411.0
2022-11-18,SBUX,Retail,103275855020.90454,0.15716767220427186,0.10180990564428859,0.03179252303779419,0.7669201687099806,0000829224-22-000058,10-K,2022-10-02,89.9693832397461,1147900000.0
2022-11-22,ADI,Manufacturing,80595911695.98465,0.0889700381791308,0.6269771489866824,0.03410298292012417,2.0215675156745427,0000006281-22-000250,10-K,2022-10-29,158.24966430664062,509295941.0
2022-11-23,SWKS,Manufacturing,13557719448.85254,0.16054001667831144,0.47476073284112663,0.09405711667148614,2.6325698915967073,0000004127-22-000038,10-K,2022-09-30,84.62995910644531,160200000.0
2022-12-12,SNPS,Services,50945056941.986084,0.18463409819849827,0.7906743661668053,0.019205710204901694,1.085842525082907,0000883241-22-000017,10-K,2022-10-31,334.3399963378906,152375000.0
2022-12-16,AMAT,Manufacturing,85826626068.11525,0.20201302102821223,0.465115377157262,0.0760253583173771,2.158151511044857,0000006951-22-000043,10-K,2022-10-30,101.69031524658205,844000000.0
2022-12-16,AVGO,Manufacturing,21952518272.399902,0.22848093489330912,0.6654519169954523,0.5236301301455807,2.6239364719228586,0001730168-22-000118,10-K,2022-10-30,52.51798629760742,418000000.0
2023-01-17,ADBE,Services,159103562255.85938,0.2885330388367385,0.8770305577643985,0.029892479669007842,1.106791338582677,0000796343-23-000007,10-K,2022-12-02,344.3800048828125,462000000.0
2023-01-26,NFLX,Services,16249367598.45752,0.041697019728543616,0.036838707534741603,0.2764368504055751,1.168390288506809,0001065280-23-000035,10-K,2022-12-31,36.48699951171875,445346776.0
2023-01-27,CHTR,Transportation Utilities,106856645633.64734,0.10327075967147098,0.10827070452778498,0.05473688571558763,0.3329465395772897,0001091667-23-000024,10-K,2022-12-31,394.4100036621094,270927828.0
2023-01-27,INTC,Manufacturing,112336355615.61584,0.08474874109707144,0.426079233672725,0.07136603244840853,1.5676255636759446,0000050863-23-000006,10-K,2022-12-31,27.154062271118164,4137000000.0
2023-01-31,TSLA,Manufacturing,548068083862.3047,0.17882387233112293,0.25598438535759005,0.022966124776501905,1.53195552061103,0000950170-23-001409,10-K,2022-12-31,173.22000122070312,3164000000.0
2023-02-02,META,Services,505616408905.02936,0.271769855756029,0.19895548371051977,0.045884586796228144,2.203396729075705,0001326801-23-000013,10-K,2022-12-31,187.1267242431641,2702000000.0
2023-02-02,SIRI,Transportation Utilities,181836506607.05566,0.19716623428457394,0.5463734310785294,0.0066708276717021625,0.34820530023482055,0000908937-23-000006,10-K,2022-12-31,46.73258972167969,3891000000.0
2023-02-03,AMZN,Retail,1058920373748.7793,0.10104717134057384,0.010761056299527417,-0.002570542665416478,0.9446435811136924,0001018724-23-000004,10-K,2022-12-31,103.38999938964844,10242000000.0
2023-02-03,CMCSA,Transportation Utilities,68226080644.65551,0.10266446409484015,0.04055934841509714,0.07218647111873631,0.7826585864381252,0001166691-23-000010,10-K,2022-12-31,33.07012176513672,2063073161.0
2023-02-03,GOOG,Services,1340155934806.8235,0.25049005650707434,0.2120380715326196,0.044750016354361516,2.377994227994228,0001652044-23-000016,10-K,2022-12-31,104.30040740966795,12849000000.0
2023-02-03,GOOGL,Services,1334485090141.2964,0.25049005650707434,0.2120380715326196,0.044940179881402885,2.377994227994228,0001652044-23-000016,10-K,2022-12-31,103.85906219482422,12849000000.0
2023-02-03,MDLZ,Manufacturing,81639230567.0287,0.05491772178580964,0.35915671831343665,0.0333908095540153,0.6031319108242185,0001103982-23-000006,10-K,2022-12-31,59.7818717956543,1365618508.0
2023-02-03,TXN,Manufacturing,150385474663.875,0.320505752196126,0.6875873776712602,0.058177161188969866,4.69715242881072,0000097476-23-000007,10-K,2022-12-31,165.700927734375,907571712.0
2023-02-06,ON,Manufacturing,34727688425.082664,0.21981884209208163,0.48968316879248636,0.05482080974398941,2.7793732414863683,0001628280-23-002350,10-K,2022-12-31,80.4000015258789,431936415.0
2023-02-06,REGN,Manufacturing,73117420962.90326,0.17165790959968508,0.35639822885261524,0.05933469675032881,5.056537102473499,0001804220-23-000008,10-K,2022-12-31,774.4634399414062,94410423.0
2023-02-07,FAST,Retail,14103501717.076675,0.2068768412258717,0.46067673265908377,0.07706596714800051,3.9564446695365914,0000815556-23-000009,10-K,2022-12-31,24.707801818847656,570811674.0
2023-02-07,INCY,Services,18033574166.309288,0.16605780806795567,0.10035246793837924,0.018890320735000406,3.5372321807451015,0000879169-23-000008,10-K,2022-12-31,80.95999908447266,222746719.0
2023-02-09,AMGN,Manufacturing,114775549438.47656,0.14927596320695322,0.24890779926300194,0.05708532899258379,1.414292088990884,0000318154-23-000017,10-K,2022-12-31,214.93548583984375,534000000.0
2023-02-09,DXCM,Manufacturing,41426811174.77416,0.1241723389654469,0.647157880266685,0.008236212016428756,1.9946718860436035,0001093557-23-000024,10-K,2022-12-31,107.23999786376952,386300000.0
2023-02-09,PEP,Manufacturing,211467873516.5694,0.11727250046101945,0.5303268821187147,0.04245562151215625,0.8041441105096135,0000077476-23-000007,10-K,2022-12-31,153.4923858642578,1377709209.0
2023-02-10,EXPE,Transportation Utilities,15709703435.043333,0.15954733082881128,0.029399160023999314,0.021833639407531812,0.8156429764334756,0001324424-23-000007,10-K,2022-12-31,106.32121276855467,147757000.0
2023-02-10,HON,Manufacturing,122731785290.52734,0.08468887996788438,0.2951559239835335,0.04047036379567243,1.2529842511786538,0000773840-23-000013,10-K,2022-12-31,183.84030151367188,667600000.0
2023-02-10,ISRG,Manufacturing,85844501495.36134,0.11490673655002312,0.6743595512841117,0.01566087491430823,4.397018493776809,0001035267-23-000019,10-K,2022-12-31,245.27000427246097,350000000.0
2023-02-10,PYPL,Services,91000696533.20312,0.07384681834927652,0.08790609782687696,0.026582214116541266,1.2752932307487639,0001633917-23-000033,10-K,2022-12-31,80.10624694824219,1136000000.0
2023-02-10,VRTX,Manufacturing,76435256598.52551,0.22753141717490594,0.3719753210834537,0.043461618994081894,4.826519820575472,0000875320-23-000007,10-K,2022-12-31,297.3999938964844,257011628.0
2023-02-13,CDNS,Services,50635746667.86194,0.24175137933659083,0.23835463672306453,0.016765863167153065,1.2664332312331565,0000813672-23-000011,10-K,2022-12-31,185.6999969482422,272675000.0
2023-02-13,ENPH,Manufacturing,29003264369.32373,0.24148812688860932,0.41812804153672495,0.013700595730882044,3.547796289361489,0001463101-23-000025,10-K,2022-12-31,212.57000732421875,136441000.0
2023-02-14,BKR,Manufacturing,3020.8717346191406,0.055235364676282143,0.2094913972395538,-191335.49874896358,1.3175620767494356,0001701605-23-000044,10-K,2022-12-31,30.208717346191406,100.0
2023-02-14,EXC,Transportation Utilities,36691000732.421875,0.05107552255398588,0.11379599538735717,0.05916982248133678,0.691358024691358,0001109357-23-000018,10-K,2022-12-31,36.9124755859375,994000000.0
2023-02-14,MAR,Services,54419754147.33887,0.09522466250251864,0.11351273287440428,0.043329853964717086,0.4514238997138575,0001628280-23-003485,10-K,2022-12-31,175.20848083496094,310600000.0
2023-02-14,TMUS,Transportation Utilities,174042428300.61136,0.07940360938401991,0.032549546945495215,0.014881428771646839,0.7706329318567617,0001283699-23-000016,10-K,2022-12-31,141.04380798339844,1233960078.0
2023-02-15,BIIB,Manufacturing,40173121582.03125,0.05637754998146949,1.1441012837399493,0.07372093288674568,2.9916890735761426,0000875045-23-000009,10-K,2022-12-31,278.9800109863281,144000000.0
2023-02-15,CSX,Transportation Utilities,62237394893.64624,0.13406661576636764,0.280482057496802,0.06693724901434303,1.557668959935249,0000277948-23-000006,10-K,2022-12-31,30.12458610534668,2066000000.0
2023-02-15,CTSH,Services,32131591957.092285,0.143849428635447,0.11787111385628989,0.0712694224132439,2.1708993128174483,0001058290-23-000027,10-K,2022-12-31,63.12689971923828,509000000.0
2023-02-15,TTD,Services,33145029025.650024,0.1252623166408678,0.033835194052459286,0.0016106487630071712,1.8950245968729473,0001671933-23-000007,10-K,2022-12-31,66.30000305175781,499925000.0
2023-02-16,CEG,Transportation Utilities,27241348823.547363,-0.05016094992432156,-0.013011456628477905,-0.01167343078567099,1.1940298507462686,0001868275-23-000014,10-K,2022-12-31,83.30687713623047,327000000.0
2023-02-16,IDXX,Manufacturing,41977521094.055176,0.19768127233309002,0.5952317032753605,0.01617744407723428,0.8913046820569298,0000874716-23-000006,10-K,2022-12-31,506.3999938964844,82894000.0
2023-02-16,KHC,Manufacturing,40537703514.09912,0.027277849590666533,,0.0584147545303449,0.8747230837394772,0001637459-23-000009,10-K,2022-12-31,33.092002868652344,1225000000.0
2023-02-16,MSTR,Finance Real Estate,321550361.618042,0.0013322147873766944,0.7937183534162287,-4.570969824459158,0.8335333944543687,0001564590-23-002012,10-K,2022-12-31,28.402999877929688,11321000.0
2023-02-16,SHOP,Services,56868102647.83281,-0.01268439942880787,0.49181890845920545,-0.060849893681688944,7.068243521088588,0001594805-23-000011,40-F,2022-12-31,44.90999984741211,1266268155.0
2023-02-16,UAL,Transportation Utilities,16016316974.531689,0.09005611805576175,0.016394171949727504,0.04601557281689286,1.0033013205282113,0000100517-23-000048,10-K,2022-12-31,48.9900016784668,326930321.0
2023-02-17,ABNB,Services,89488004150.39062,0.21386706571891756,0.2253839742826527,0.02115367325455919,1.8627475557783906,0001559720-23-000003,10-K,2022-12-31,131.60000610351562,680000000.0
2023-02-17,ILMN,Manufacturing,32557530242.919926,0.031994776363042765,0.6483420593368238,-0.13526824569126245,1.28416877028489,0001110803-23-000023,10-K,2023-01-01,206.0603179931641,158000000.0
2023-02-17,TRIP,Services,2802947088.2063603,0.15570260801868432,0.013404825737265416,0.007135346965396425,2.382739212007505,0000950170-23-003200,10-K,2022-12-31,21.88999938964844,128046924.0
2023-02-17,VRSN,Services,21233839155.57861,0.4794623283719857,0.4728752894939996,0.03173236808770766,0.9299847792998478,0001014473-23-000005,10-K,2022-12-31,201.65089416503903,105300000.0
2023-02-21,HSIC,Wholesale,10807010994.0,0.06994306959451609,0.30291768798924645,0.052373408365573096,1.7931654676258992,0001000228-23-000011,10-K,2022-12-31,82.0,131792817.0
2023-02-21,PLTR,Services,17779165810.513496,0.06464072547431715,0.7856365934525474,-0.02087240784832312,5.173269086523988,0001321655-23-000011,10-K,2022-12-31,8.470000267028809,2099075000.0
2023-02-22,AAL,Transportation Utilities,10123996966.180443,0.03357747697632734,0.002593371587265933,0.012544452593599922,0.7103181987346483,0000006201-23-000018,10-K,2022-12-31,15.5600004196167,650642461.0
2023-02-22,CSGP,Services,29334552910.79239,0.056961821940453225,0.8102968338970097,0.012594465002535478,13.917493928049058,0001057352-23-000030,10-K,2022-12-31,72.12999725341797,406690060.0
2023-02-22,GILD,Manufacturing,92559229553.22266,0.14361020088331672,0.16736923133316228,0.04933057483343134,1.2853074664056243,0000882095-23-000007,10-K,2022-12-31,74.22552490234375,1247000000.0
2023-02-22,HAS,Manufacturing,6916462009.256233,0.04011445906259749,0.0346611573070159,0.02935026603606397,1.3696396766680368,0000046080-23-000017,10-K,2022-12-25,50.07802200317383,138113722.0
2023-02-22,LBTYA,Transportation Utilities,5297629956.898498,0.06615689474297703,0.2760398571369012,0.3749412503629984,1.6060698801326192,0001570585-23-000028,10-K,2022-12-31,10.659454345703123,496988850.0
2023-02-22,LBTYK,Transportation Utilities,5547540590.817834,0.06615689474297703,0.2760398571369012,0.35805055726634605,1.6060698801326192,0001570585-23-000028,10-K,2022-12-31,11.162303924560549,496988850.0
2023-02-22,MAT,Manufacturing,6559972549.496075,0.07168441259564097,0.45657680009906737,0.060047964687025966,2.29765488975776,0001628280-23-004416,10-K,2022-12-31,18.510000228881836,354401538.0
2023-02-22,ODFL,Transportation Utilities,18486673931.100784,0.3496008151101246,,0.07449468764000629,1.7624619426832744,0000950170-23-003783,10-K,2022-12-31,167.72093200683594,110222819.0
2023-02-22,PCAR,Manufacturing,22685633609.396553,0.09096782918363361,0.10449796493370854,0.1327536207211146,,0001564590-23-002203,10-K,2022-12-31,65.23217010498047,347767575.0
2023-02-23,AEP,Transportation Utilities,41342273185.48758,0.05657466507755479,0.11739606405458387,0.05576858315592905,0.6465601274077736,0000004904-23-000011,10-K,2022-12-31,80.45339965820312,513866081.0
2023-02-23,ALNY,Manufacturing,24319042680.74036,-0.15262808982395748,-1.0903570209886468,-0.04651317960372787,3.50591797269229,0001178670-23-000005,10-K,2022-12-31,196.2400054931641,123925000.0
2023-02-23,BKNG,Transportation Utilities,3686571881.2290344,0.2584282954142187,0.7278525453481568,0.6920684262229614,1.8642907717724806,0001075531-23-000016,10-K,2022-12-31,95.04073333740234,38789388.0
2023-02-23,EBAY,Services,22935337833.40454,0.10810551558752998,0.7263910158244002,-0.05532946622446278,2.175134628892531,0001065088-23-000006,10-K,2022-12-31,42.5516471862793,539000000.0
2023-02-23,FANG,Mining,22206701054.98182,0.2413293143576634,0.47308928756611013,0.20543348553686083,0.8111888111888111,0001539838-23-000022,10-K,2022-12-31,123.47977447509766,179840797.0
2023-02-23,INSM,Manufacturing,2763266614.3151417,-0.24174748782777472,0.4575151411407005,-0.17426259105994563,6.693455212543957,0001104506-23-000009,10-K,2022-12-31,20.3700008392334,135653731.0
2023-02-23,KDP,Manufacturing,46054429984.44527,0.05472924744873353,0.5209504161627658,0.031158783215527074,0.4710252600297177,0001418135-23-000003,10-K,2022-12-31,32.699954986572266,1408394293.0
2023-02-23,TSCO,Retail,4813874073.818207,0.1598328148796406,0.35003893424979887,0.2261612961421879,1.328911309260285,0000916365-23-000045,10-K,2022-12-31,43.66286087036133,110251000.0
2023-02-23,XEL,Transportation Utilities,32385429392.51822,0.06426096620252338,0.15047239316980152,0.053604353333078114,0.8463310299440605,0000072903-23-000007,10-K,2022-12-31,58.92781066894531,549578018.0
2023-02-24,CDW,Retail,26196831382.751465,0.10173247534554317,0.19734132815690963,0.042543313109760665,1.3268379454629986,0001402057-23-000052,10-K,2022-12-31,193.3345489501953,135500000.0
2023-02-24,DDOG,Services,24182484122.46704,0.1392437963666763,0.793001611844069,-0.002074228592313981,3.0855415216624458,0001561550-23-000006,10-K,2022-12-31,76.66999816894531,315410000.0
2023-02-24,FTNT,Manufacturing,45999090476.989746,0.2778741168914579,0.7544030425136958,0.0186221073311982,1.237785862785863,0001262039-23-000010,10-K,2022-12-31,58.86000061035156,781500000.0
2023-02-24,JBHT,Transportation Utilities,18447569797.160095,0.22819794359065376,0.134827433303364,0.05254627089955374,1.4103649271057643,0001437749-23-004530,10-K,2022-12-31,177.81924438476562,103743382.0
2023-02-24,MELI,Services,58142187222.279175,0.21403610949330226,0.4899876625225396,0.008290021807354801,1.2792571829011914,0001099590-23-000007,10-K,2022-12-31,1156.8800048828125,50257751.0
2023-02-24,MPWR,Manufacturing,22162339779.235844,0.11980950854467345,0.5844289322842932,0.019748456361546266,5.355425208807897,0001437749-23-004540,10-K,2022-12-31,470.4680786132813,47107000.0
2023-02-24,MRNA,Manufacturing,53615097885.131836,0.1926289736251837,0.4340964543425219,0.15596353135296412,2.728214503351615,0001682852-23-000011,10-K,2022-12-31,139.25999450683594,385000000.0
2023-02-24,MTCH,Services,11098921257.258743,0.22423904384756108,0.11286820956691816,0.032428286646741585,1.586013581280983,0000891103-23-000013,10-K,2022-12-31,39.69211196899414,279625364.0
2023-02-24,NVDA,Manufacturing,57295973453.52173,0.13697732018843184,0.5692889449099132,0.07623572367687068,3.515617857687033,0001045810-23-000017,10-K,2023-01-29,23.234376907348633,2466000000.0
2023-02-24,WBD,Transportation Utilities,37786500463.48572,0.0321191632898262,-0.21577904604193157,-0.1931112939937722,0.9322101618166079,0001437107-23-000019,10-K,2022-12-31,15.550000190734863,2430000000.0
2023-02-24,WTW,Finance Real Estate,24278227224.623795,0.025559507696181812,0.11549740581998647,0.04217770887988991,1.0714527369916773,0000950170-23-004303,10-K,2022-12-31,224.3048858642578,108237621.0
2023-02-27,ALGN,Manufacturing,23538620011.84082,0.09561820238142674,0.705229560586242,0.01536084102713392,1.258843847016985,0001097149-23-000013,10-K,2022-12-31,304.6400146484375,77267000.0
2023-02-27,AMD,Manufacturing,126977234588.62305,0.052752293577981654,0.4492606245498072,0.01039556424642965,2.358140995446695,0000002488-23-000047,10-K,2022-12-31,78.7699966430664,1612000000.0
2023-02-27,BMRN,Manufacturing,19228523831.685535,0.02759215030288276,0.06753738837874677,0.00736203159634803,4.672324260805184,0001048477-23-000009,10-K,2022-12-31,103.23999786376952,186250719.0
2023-02-27,DASH,Services,20126869959.941864,0.037491061395443864,-0.20780799027798877,-0.06796883980085851,1.8553459119496856,0001628280-23-005131,10-K,2022-12-31,54.189998626708984,371413000.0
2023-02-27,ROP,Manufacturing,44472665924.07227,0.02722676866512483,0.6986112662422279,0.10219086051101861,0.6680726015557477,0000882835-23-000016,10-K,2022-12-31,419.1580200195313,106100000.0
2023-02-27,WDAY,Services,40684598388.671875,0.1228804504265756,-0.059002531927414864,-0.009014443168305103,1.751930246235766,0001327811-23-000024,10-K,2023-01-31,184.92999267578125,220000000.0
2023-02-27,WYNN,Services,11530274463.62794,-0.005312819136644527,-0.10559748483847053,-0.06152221286992687,2.2245422521409965,0001174922-23-000048,10-K,2022-12-31,101.70531463623048,113369439.0
2023-02-28,AKAM,Services,11361523402.807861,0.15351253703302262,0.2092180730612434,0.04609170631735713,2.40522526219122,0001086222-23-000078,10-K,2022-12-31,72.5999984741211,156494816.0
2023-02-28,APP,Services,5047294720.5,0.07058547711413742,-0.06849237750873428,-0.03822780532635235,3.3492636771579285,0001751008-23-000006,10-K,2022-12-31,13.5,373873683.0
2023-02-28,AXON,Manufacturing,14317073145.611511,0.0825279621192092,0.612334287166946,0.010277170375783212,2.995586131825317,0001558370-23-002413,10-K,2022-12-31,200.30999755859375,71474581.0
2023-02-28,LCID,Manufacturing,167016440979.4255,-0.2825473732358383,-2.144854903392247,-0.007810368801719912,5.239166815101769,0001628280-23-005540,10-K,2022-12-31,91.3000030517578,1829314736.0
2023-02-28,LIN,Manufacturing,164525745485.4618,0.11127570363303121,0.12831195300323703,0.026020243745853672,0.791734935372292,0001628280-23-005434,10-K,2022-12-31,332.7923889160156,494379532.0
2023-02-28,NCLH,Transportation Utilities,6245348904.694787,0.011317138864343813,-0.4206514799835068,-0.3634559148959079,0.370509239540394,0001558370-23-002361,10-K,2022-12-31,14.81999969482422,421413565.0
2023-02-28,ORLY,Retail,3450627259.6543465,0.2493075099348835,0.51226771113668,0.6296391457295903,0.7146644654016376,0000898173-23-000011,10-K,2022-12-31,55.34000015258789,62353221.0
2023-02-28,RIVN,Manufacturing,17871799293.518066,-0.28261356008055494,-1.8835946924004825,-0.3778019151350299,5.416666666666667,0001874178-23-000009,10-K,2022-12-31,19.299999237060547,926000000.0
2023-02-28,VRSK,Services,25837979027.65039,0.1521311287009237,0.3821786143372046,0.036934003196564265,0.3988875474301483,0001437749-23-004945,10-K,2022-12-31,167.0186767578125,154701136.0
2023-03-01,MNST,Manufacturing,25903469137.573242,0.10704060783023969,0.5030172475261644,0.046002486912903005,4.755490639515039,0001104659-23-027245,10-K,2022-12-31,49.595001220703125,522300000.0
2023-03-01,NXPI,Manufacturing,43443198848.500305,0.16762781890170425,0.5692540704278682,0.06521158835194286,2.120795107033639,0001413447-23-000006,10-K,2022-12-31,167.64706420898438,259134862.0
2023-03-01,SBAC,Finance Real Estate,25761603654.922485,0.12146386584615024,0.7460939131649916,0.017848228944091465,0.6928213857202725,0001034054-23-000002,10-K,2022-12-31,238.5399932861328,107997000.0
2023-03-01,XRAY,Manufacturing,7360513722.610474,0.06764359544681407,0.5423253442121366,-0.12906707816897783,1.617948717948718,0000818479-23-000017,10-K,2022-12-31,34.1872444152832,215300000.0
2023-03-03,OKTA,Services,13518868132.247925,0.009240356720747824,0.7061356297093649,-0.06028611212324041,2.2040955631399317,0001660134-23-000013,10-K,2023-01-31,85.55000305175781,158023000.0
2023-03-03,ZM,Services,21542621150.74768,0.15874159470919585,0.7494966947115385,0.004814223825144903,3.6559594718642803,0001585521-23-000035,10-K,2023-01-31,70.80999755859375,304231350.0
2023-03-08,TRI,Manufacturing,55711778403.8789,0.08820413615218092,0.2019013128112268,0.024016465428553662,0.5747290942547536,0001193125-23-064643,40-F,2022-12-31,114.61138916015624,486092864.0
2023-03-09,CRWD,Services,7092088397.787094,0.1872077015203301,,-0.02570258431308857,1.7260041383129643,0001535527-23-000008,10-K,2023-01-31,30.420000076293945,233139000.0
2023-03-09,MRVL,Manufacturing,34613599385.83373,0.05722379351836641,0.5046793702277181,-0.004723576943775326,1.3747433695060125,0001835632-23-000013,10-K,2023-01-28,40.43172454833984,856100000.0
2023-03-10,DLTR,Retail,31035370940.098267,0.07014129901268781,0.3149087417980566,0.05205028814116327,1.5069345829783205,0000935703-23-000016,10-K,2023-01-28,140.2899932861328,221222984.0
2023-03-14,ADSK,Services,42832300262.45117,0.2194320830684467,0.9040959040959041,0.019214471204141256,0.83525,0000769397-23-000036,10-K,2023-01-31,199.22000122070312,215000000.0
2023-03-17,MDB,Services,15226931771.220705,-0.005009863289058296,0.7279648609077599,-0.02268336163775365,3.8004050894459245,0001441816-23-000027,10-K,2023-01-31,219.77000427246097,69285760.0
2023-03-22,BIDU,Services,5190885478.972931,0.06693010619906149,0.06090011711560984,0.21036873273807288,2.672787112419886,0001193125-23-076192,20-F,2022-12-31,148.66000366210938,34917835.0
2023-03-24,ULTA,Retail,25886087736.328125,0.27594070546928345,0.3961873247797441,0.04799520161775641,1.6109788764846664,0001558370-23-004581,10-K,2023-01-28,513.97998046875,50364000.0
2023-03-27,DOCU,Services,11542851310.302734,0.16820647122865717,0.7869212592635284,-0.008442801295812938,0.7385716394619988,0001261333-23-000050,10-K,2023-01-31,57.16999816894531,201904000.0
2023-03-27,TCOM,Services,23216644090.928535,0.013672507465908682,0.7750257997936016,0.008657582000774046,1.0031535082779592,0001193125-23-080422,20-F,2022-12-31,35.935359954833984,646066830.0
2023-03-28,LULU,Manufacturing,39143483251.64795,0.17236605138042582,0.5538906392908567,0.021837606901373877,2.1173148603603544,0001397187-23-000012,10-K,2023-01-29,320.30999755859375,122205000.0
2023-03-28,ROST,Retail,34186565277.48871,0.1259179114495378,0.08087584669286395,0.04422909958128066,1.8988591530936025,0000745732-23-000013,10-K,2023-01-28,99.7411117553711,342753000.0
2023-04-14,GFS,Manufacturing,36017762249.79401,0.14707695756964295,0.27614701529353725,0.0402023865324471,1.726704376302471,0001709048-23-000013,20-F,2022-12-31,65.75524139404297,547755000.0
2023-04-20,JD,Retail,48296978161.36838,0.09713451444329861,0.009275496077526535,0.029132257411612274,1.3170409853032499,0001193125-23-107486,20-F,2022-12-31,32.997535705566406,1463654092.0
2023-04-26,PDD,Services,290288124822.0414,0.2045709840164225,0.7590159601599044,0.01575189823146636,1.853185406453929,0001104659-23-049927,20-F,2022-12-31,65.1500015258789,4455688688.0
2023-04-27,CHKP,Services,15465986510.457092,0.19188443264393515,0.3420318468603803,0.051525972782996296,1.267833840800348,0001193125-23-122355,20-F,2022-12-31,128.07000732421875,120761971.0
2023-04-27,NTES,Services,262917281556.1074,0.1603905606953117,0.5468229794954133,0.01094263177746282,2.3157815081154487,0001104659-23-050589,20-F,2022-12-31,81.5595474243164,3223623596.0
2023-05-24,EA,Services,33679667083.740234,0.11516457389107661,0.7586856988957716,0.02381258692391253,1.2082191780821918,0000712515-23-000028,10-K,2023-03-31,123.36874389648438,273000000.0
2023-05-25,MCHP,Manufacturing,37526276048.11537,0.221193258523057,0.6752106367094458,0.05963021742767308,0.9841916244468671,0000827054-23-000080,10-K,2023-03-31,68.7975082397461,545459814.0
2023-05-26,TTWO,Services,23473721278.381348,6.934769040669268e-05,0.42716686293201744,-0.04791315303874796,0.651183923564233,0001628280-23-019851,10-K,2023-03-31,138.97999572753906,168900000.0
2023-06-14,NTAP,Manufacturing,14560488403.320312,0.11275208800162966,0.6615844074190507,0.08749706498234512,1.3498702047880011,0000950170-23-027948,10-K,2023-04-28,68.68154907226562,212000000.0
2023-07-14,PAYX,Services,39465868968.96362,0.16113555336418114,0.13478860018773342,0.01710085239807461,1.2967409653081614,0000950170-23-032988,10-K,2023-05-31,109.4753646850586,360500000.0
2023-07-27,CTAS,Manufacturing,12496958307.96405,0.18695851190846718,0.4733980665781964,0.10786704786723514,2.3888706422928276,0000723254-23-000025,10-K,2023-05-31,122.84178161621094,101732148.0
2023-07-27,MSFT,Services,2401097800048.828,0.21259005378954113,0.6892008588349102,0.03013663166845119,1.76916725076573,0000950170-23-035122,10-K,2023-06-30,323.0755920410156,7432000000.0
2023-08-03,ADP,Services,95247423670.95946,0.08254890035510389,0.1894271660319117,0.035822491239102194,0.9860408346505298,0000008670-23-000030,10-K,2023-06-30,231.12696838378903,412100000.0
2023-08-04,KLAC,Manufacturing,6618933912.277222,0.260781118614316,0.3227260792053701,0.5117668562480923,2.236811492443443,0000319201-23-000031,10-K,2023-06-30,48.401710510253906,136750000.0
2023-08-04,STX,Manufacturing,12920457169.037537,0.12466913710958179,-0.07164138678223185,-0.04094282370036338,1.1207561728395061,0001137789-23-000049,10-K,2023-06-30,62.30047607421875,207389381.0
2023-08-07,XRAY,Manufacturing,7836861194.610596,0.06764359544681407,0.5423253442121366,-0.12122200156528412,1.617948717948718,0000818479-23-000062,10-K/A,2022-12-31,36.39972686767578,215300000.0
2023-08-11,FOX,Transportation Utilities,31.143604278564453,0.08231958291411323,0.08402065312143767,40232979.74096132,1.9285144831251662,0001628280-23-029065,10-K,2023-06-30,31.143604278564453,1.0
2023-08-11,FOXA,Transportation Utilities,33.3143310546875,0.08231958291411323,0.08402065312143767,37611441.09251734,1.9285144831251662,0001628280-23-029065,10-K,2023-06-30,33.3143310546875,1.0
2023-08-15,LRCX,Manufacturing,8510164072.143555,0.2757446726039889,0.4462184273176213,0.5300639284694518,3.160972807591451,0000707549-23-000102,10-K,2023-06-25,63.8436279296875,133297000.0
2023-08-18,TEAM,Services,47749994882.18689,0.21138488338427755,0.8206992098503755,-0.010193948736559676,1.349564754215596,0001650372-23-000040,10-K,2023-06-30,186.3000030517578,256307000.0
2023-08-22,WDC,Manufacturing,9792837406.158447,-0.016701461377870562,0.15319045299561618,-0.1742089579601458,1.4512329775487671,0000106040-23-000024,10-K,2023-06-30,30.412538528442383,322000000.0
2023-08-23,PTON,Manufacturing,1875488428.6922493,-0.13997327651583547,0.32979787158060136,-0.6727314232910331,2.1527449435250854,0001639825-23-000132,10-K,2023-06-30,5.409999847412109,346670699.0
2023-08-28,SMCI,Manufacturing,1349821955.5530548,0.180579302582585,0.18011023260815426,0.4741299379278359,2.312895190928322,0001375365-23-000036,10-K,2023-06-30,25.516000747680664,52901000.0
2023-09-01,INTU,Services,150519891208.55713,0.18164146868250539,0.16592427616926503,0.015838438234696706,1.46622691292876,0000896878-23-000034,10-K,2023-07-31,536.7639770507812,280421000.0
2023-09-01,PANW,Manufacturing,37415288188.17139,0.1915371937301308,0.722938761298185,0.011751880615983293,0.7816478190630048,0001327567-23-000024,10-K,2023-07-31,121.36000061035156,308300000.0
2023-09-07,CSCO,Manufacturing,213333315353.3936,0.19524407964497506,0.6272676234253833,0.05912344248298094,1.3845220224216679,0000858877-23-000023,10-K,2023-07-29,52.46761322021485,4066000000.0
2023-09-14,ZS,Services,23433719241.226196,0.1281325892375864,0.7756074391818681,-0.008634352827955645,1.881876567517521,0001713683-23-000113,10-K,2023-07-31,159.22999572753906,147169000.0
2023-09-28,CPRT,Retail,41577457247.81825,0.2024687590857598,0.6854651533066215,0.029769521320713994,6.620960328267403,0000900075-23-000034,10-K,2023-07-31,43.43000030517578,957344162.0
2023-10-06,MU,Manufacturing,76093841079.71191,0.024263080897687302,-0.09111969111969112,-0.0766553497265259,4.458342077649528,0000723125-23-000054,10-K,2023-08-31,69.3022232055664,1098000000.0
2023-10-11,COST,Retail,241032196664.4287,0.16041974664463576,0.0679557554996079,0.02610439637141044,1.0683679242473871,0000909832-23-000042,10-K,2023-09-03,544.3450927734375,442793000.0
2023-11-01,QCOM,Manufacturing,116559678253.17384,0.22137539184952978,0.20189838079285316,0.062045469826123835,2.333194848358953,0000804328-23-000055,10-K,2023-09-24,104.63166809082033,1114000000.0
2023-11-03,AAPL,Manufacturing,2712599421998.8555,0.31352334060348913,0.4413112957720756,0.03575721472672382,0.9880116717592975,0000320193-23-000106,10-K,2023-09-30,174.44300842285156,15550061000.0
2023-11-17,SBUX,Retail,113120843351.7456,0.20406174118286324,0.11465270905836178,0.036462776246941324,0.7815051416219918,0000829224-23-000058,10-K,2023-10-01,99.00301361083984,1142600000.0
2023-11-17,SWKS,Manufacturing,13632605136.871338,0.22029976147246252,0.4415598021959601,0.07209187019888637,3.326880820341111,0000004127-23-000030,10-K,2023-09-29,85.47087860107422,159500000.0
2023-11-21,ADI,Manufacturing,86097879989.19705,0.09873318042258798,0.640135958286752,0.03849780041524704,1.3695912896430489,0000006281-23-000203,10-K,2023-10-28,173.49290466308594,496261678.0
2023-12-12,SNPS,Services,86223173808.77686,0.1648361953409862,0.7908141879523549,0.014127582483817179,1.1491141539419003,0000883241-23-000019,10-K,2023-10-31,567.0599975585938,152053000.0
2023-12-14,AVGO,Manufacturing,44426399002.075195,0.24821234954227914,0.6892989754041151,0.31697369843867423,2.8152599594868333,0001730168-23-000096,10-K,2023-10-29,107.31014251708984,414000000.0
2023-12-15,AMAT,Manufacturing,132202982452.39258,0.28312017963487257,0.4670211562393936,0.051859646982388645,2.5972599023331524,0000006951-23-000041,10-K,2023-10-29,158.70706176757812,833000000.0
2024-01-17,ADBE,Services,271225488891.60156,0.24520635347056652,0.878716059559998,0.020012868341328215,1.3433523209307963,0000796343-24-000006,10-K,2023-12-01,596.0999755859375,455000000.0
2024-01-26,INTC,Manufacturing,182113184112.54883,0.059878270310901385,0.400365125027661,0.009197576815552375,1.5424018821516416,0000050863-24-000010,10-K,2023-12-30,43.07312774658203,4228000000.0
2024-01-26,NFLX,Services,24685472111.287354,0.14927157092203414,0.03453624359445045,0.2190758181824367,1.119345353136986,0001065280-24-000030,10-K,2023-12-31,57.04199981689453,432759584.0
2024-01-29,TSLA,Manufacturing,608112026672.3633,0.12433172635014725,0.18248891736331416,0.024623752439067687,1.7258939752330598,0001628280-24-002390,10-K,2023-12-31,190.92999267578125,3185000000.0
2024-01-31,AMD,Manufacturing,270987043945.3125,0.024556234808867938,0.46119929453262787,0.003151442178070862,2.506802212587831,0000002488-24-000012,10-K,2023-12-30,167.69000244140625,1616000000.0
2024-01-31,CMCSA,Transportation Utilities,81683150268.43909,0.10762770428720861,0.12426381074589543,0.18494634389532202,0.5967212299119359,0001166691-24-000011,10-K,2023-12-31,39.59294891357422,2063073161.0
2024-01-31,GOOG,Services,1751386505432.129,0.2528529394222549,0.24006649446638517,0.04213518819010894,2.096584936563424,0001652044-24-000022,10-K,2023-12-31,140.5607147216797,12460000000.0
2024-01-31,GOOGL,Services,1730303027954.1016,0.2528529394222549,0.24006649446638517,0.04264859900710843,2.096584936563424,0001652044-24-000022,10-K,2023-12-31,138.86862182617188,12460000000.0
2024-01-31,ISRG,Manufacturing,133246906430.05371,0.11746268173428748,0.6638733313681728,0.01363859055860309,4.75553144028456,0001035267-24-000021,10-K,2023-12-31,378.2200012207031,352300000.0
2024-02-01,SIRI,Transportation Utilities,181114627532.95898,0.17833044148833624,0.5349045012844856,0.006945877409990372,0.3939863608183509,0000908937-24-000008,10-K,2023-12-31,47.128448486328125,3843000000.0
2024-02-02,AMZN,Retail,1783903204650.879,0.16092707453197286,0.009622728498482041,0.017055297574822378,1.0450772206625152,0001018724-24-000008,10-K,2023-12-31,171.80999755859375,10383000000.0
2024-02-02,CHTR,Transportation Utilities,86482869660.82288,0.09805493467760015,0.09634295969381215,0.06083285650248556,0.3126986529438474,0001091667-24-000028,10-K,2023-12-31,319.2099914550781,270927828.0
2024-02-02,MDLZ,Manufacturing,97069071352.27608,0.06603073216511886,0.38216348289649044,0.051180050769935696,0.615526218902856,0001103982-24-000019,10-K,2023-12-31,71.32734680175781,1360895585.0
2024-02-02,META,Services,1237878144805.9082,0.3096945863437025,0.28982520644616094,0.03158469205071096,2.6709949937421777,0001326801-24-000012,10-K,2023-12-31,470.8551330566406,2629000000.0
2024-02-02,TMUS,Transportation Utilities,185810041147.80176,0.08936258318005412,0.10587082155859365,0.044760767225622,0.9085913608562691,0001283699-24-000008,10-K,2023-12-31,155.3845977783203,1195807331.0
2024-02-02,TXN,Manufacturing,135655309007.42184,0.19846667491034994,0.628974256521491,0.047989275522153214,4.554819277108434,0000097476-24-000007,10-K,2023-12-31,149.36654663085938,908204093.0
2024-02-05,BKR,Manufacturing,27462334824.348442,0.08287995669238056,0.17376303614835725,0.0717346144310124,1.2547917789238703,0001701605-24-000033,10-K,2023-12-31,27.292198181152344,1006233893.0
2024-02-05,ON,Manufacturing,33083321231.866272,0.14963829529632544,0.47055616139585604,0.0660635002357261,2.707592965744642,0001628280-24-003201,10-K,2023-12-31,77.58999633789062,426386426.0
2024-02-05,REGN,Manufacturing,87675175125.38892,0.1388746138173288,0.3014057878205715,0.045093722303328705,5.690015773792137,0001804220-24-000009,10-K,2023-12-31,928.659912109375,94410423.0
2024-02-06,FAST,Retail,18930289527.34108,0.3210244459880347,0.4565995617079777,0.06101332989819462,4.5681233933161955,0000815556-24-000009,10-K,2023-12-31,33.09593200683594,571982367.0
2024-02-06,GEHC,Manufacturing,37179132921.54434,0.04973192826770198,0.4051759410801964,0.04341144812080136,1.0477675091860594,0001932393-24-000013,10-K,2023-12-31,81.65095520019531,455342290.0
2024-02-08,DXCM,Manufacturing,48965071176.14745,0.1194827999042222,0.6318913397565082,0.011058903561112008,2.844408740359897,0001093557-24-000021,10-K,2023-12-31,127.0500030517578,385400000.0
2024-02-08,PYPL,Services,59654724243.16406,0.058941654699023925,0.14262201471230393,0.07117625726828428,1.2909874963892214,0001633917-24-000024,10-K,2023-12-31,55.64806365966797,1072000000.0
2024-02-09,ENPH,Manufacturing,16621873505.67627,0.20596438913015974,0.46201958629046974,0.026407131533644868,4.58920572674566,0001463101-24-000024,10-K,2023-12-31,122.47000122070312,135722000.0
2024-02-09,EXPE,Transportation Utilities,17032580647.949219,0.1242953516310877,0.053586727938312956,0.04039317436508587,0.7833319188661632,0001324424-24-000007,10-K,2023-12-31,129.503662109375,131522000.0
2024-02-09,PEP,Manufacturing,210668846441.79883,0.1337578984029056,0.5421390386023985,0.0434568288317335,0.851581508515815,0000077476-24-000008,10-K,2023-12-30,153.22886657714844,1374863961.0
2024-02-13,INCY,Services,13309182425.30346,0.07320542126510242,0.16170339769821215,0.04490125545682227,3.7451472493487876,0000879169-24-000045,10-K,2023-12-31,59.34000015258789,224286862.0
2024-02-13,MAR,Services,66672407328.85666,0.12347121601620316,0.13001307299793363,0.04624101818902883,0.42656531821695437,0001628280-24-004372,10-K,2023-12-31,229.47756958007812,290539975.0
2024-02-13,SHOP,Services,99987569089.65869,0.08354721656783787,0.4978753541076487,0.0013201641084166753,6.987750556792873,0001594805-24-000007,40-F,2023-12-31,77.18000030517578,1295511385.0
2024-02-14,AMGN,Manufacturing,143904925720.21484,0.08719146921382548,0.23827598439162823,0.046676651034582614,1.64919530230535,0000318154-24-000011,10-K,2023-12-31,268.78021240234375,535400000.0
2024-02-14,BIIB,Manufacturing,31985226795.959476,0.05763499821194421,1.1833950140306642,0.03631363965025022,1.997292024575605,0000875045-24-000009,10-K,2023-12-31,220.7400054931641,144900000.0
2024-02-14,CDNS,Services,81712859786.6211,0.2379712746699836,0.25455930655997355,0.01274149506844781,1.2422264086186965,0000813672-24-000034,10-K,2023-12-31,300.739990234375,271706000.0
2024-02-14,CSX,Transportation Utilities,69895074302.67334,0.13084795321637427,0.25346250938118303,0.05315109880150609,1.0496277915632755,0000277948-24-000010,10-K,2023-12-31,35.69717788696289,1958000000.0
2024-02-14,CTSH,Services,36566449401.85547,0.1260617865065195,0.10985376944143027,0.05814072831178741,2.252025202520252,0001058290-24-000017,10-K,2023-12-31,73.42660522460938,498000000.0
2024-02-15,ALNY,Manufacturing,18545808498.657227,0.027195630150291916,-0.24079414010453473,-0.023738086157412595,3.0819799005151967,0001178670-24-000008,10-K,2023-12-31,147.42999267578125,125794000.0
2024-02-15,KHC,Manufacturing,37039396076.20239,0.04401199924727969,,0.0768371059329593,0.986562150055991,0001637459-24-000018,10-K,2023-12-30,30.41001319885254,1218000000.0
2024-02-15,LBTYA,Transportation Utilities,4228280263.82794,0.051461346372710444,-0.5170996075499906,-0.9161644352526853,1.3020679468242244,0001570585-24-000022,10-K,2023-12-31,9.933024406433104,425679037.0
2024-02-15,LBTYK,Transportation Utilities,4550976797.824773,0.051461346372710444,-0.5170996075499906,-0.8512018786497786,1.3020679468242244,0001570585-24-000022,10-K,2023-12-31,10.691099166870115,425679037.0
2024-02-15,MSTR,Finance Real Estate,1189438850.55542,0.0026691706589441573,0.7784552886485135,0.36077600777847285,0.8286958700541028,0000950170-24-015847,10-K,2023-12-31,71.80000305175781,16566000.0
2024-02-15,TTD,Services,37868778762.0697,0.12238909956804353,0.09194705362464801,0.004725264607139396,1.718133149171711,0001671933-24-000014,10-K,2023-12-31,75.70999908447266,500182000.0
2024-02-15,VRSN,Services,19739710673.52295,0.48816466552315607,0.5475855602437881,0.04141904678960944,0.8315523769457299,0001014473-24-000006,10-K,2023-12-31,194.86387634277344,101300000.0
2024-02-15,VRTX,Manufacturing,109852897962.07553,0.15562115599510784,0.36675718396627893,0.032949517647223044,3.987201894345154,0000875320-24-000062,10-K,2023-12-31,426.2900085449219,257695221.0
2024-02-16,ABNB,Services,100961616363.52539,0.18813271978687335,0.483210648381567,0.04746358242468883,1.6591959798994975,0001559720-24-000006,10-K,2023-12-31,152.50999450683594,662000000.0
2024-02-16,HON,Manufacturing,120456908685.30272,0.08679398618447785,0.2855272489225901,0.04708737806661027,1.2677059172555154,0000773840-24-000014,10-K,2023-12-31,184.8065490722656,651800000.0
2024-02-16,ILMN,Manufacturing,22181118667.60254,0.0472752447829097,0.6092362344582594,-0.05234181455851196,1.6617834394904458,0001110803-24-000010,10-K,2023-12-31,139.50389099121094,159000000.0
2024-02-16,TRIP,Services,3340579964.5,0.09262908947575876,0.005592841163310962,0.002993492179881629,2.2674825174825175,0000950170-24-016553,10-K,2023-12-31,26.75,124881494.0
2024-02-20,DASH,Services,45377636359.10034,0.15435003229080174,-0.06543138390272148,-0.012451067206956693,1.6413489736070381,0001628280-24-005600,10-K,2023-12-31,115.4800033569336,392948000.0
2024-02-20,PLTR,Services,51482994360.71777,0.1574781229097221,0.8062459887856784,0.0042222680071200384,5.547611451734409,0001321655-24-000022,10-K,2023-12-31,23.399999618530273,2200128000.0
2024-02-21,AAL,Transportation Utilities,9676700484.721458,0.0603095562815186,0.015571720845646737,0.08494631008760226,0.6151754147402774,0000006201-24-000010,10-K,2023-12-31,14.789999961853027,654273192.0
2024-02-21,EXC,Transportation Utilities,32914097328.186035,0.046313985779843615,0.10714778846596401,0.07072957148991639,0.8108643519966635,0001109357-24-000053,10-K,2023-12-31,32.947044372558594,999000000.0
2024-02-21,NVDA,Manufacturing,165956017089.84375,0.42736733203505356,0.7271757329043695,0.17932462179957478,4.171291505973097,0001045810-24-000029,10-K,2024-01-28,67.35227966308594,2464000000.0
2024-02-21,PCAR,Manufacturing,53082763825.34674,0.10263721297099213,0.13097468073355842,0.08667220145389533,,0000950170-24-017900,10-K,2023-12-31,101.48196411132812,523075842.0
2024-02-21,VRSK,Services,33452863888.03651,0.2429399235015231,0.22913403445961064,0.018366140550965596,1.0501685247601762,0001437749-24-004939,10-K,2023-12-31,233.43214416503903,143308729.0
2024-02-21,XEL,Transportation Utilities,30495886619.401726,0.08313175923469468,0.15350611077403137,0.058073405836749005,0.7199221514508138,0000072903-24-000034,10-K,2023-12-31,54.95331573486328,554941703.0
2024-02-22,BKNG,Transportation Utilities,5332326894.672195,0.3017007641114124,0.5822139012403463,0.47847029081228987,1.2778694673668418,0001075531-24-000014,10-K,2023-12-31,152.8330841064453,34889873.0
2024-02-22,CSGP,Services,33656007498.168945,0.05487852730472998,0.79979633401222,0.011133227850046846,12.014260640631855,0001057352-24-000013,10-K,2023-12-31,82.47000122070312,408100000.0
2024-02-22,FANG,Mining,29069851048.00296,0.20413089203820559,0.39657631954350925,0.11475806994990352,0.7689753320683111,0001539838-24-000019,10-K,2023-12-31,162.65231323242188,178723871.0
2024-02-22,IDXX,Manufacturing,47437011717.28516,0.27807694962307417,0.5981966990562293,0.017813980463952425,1.5713926900090063,0000874716-24-000057,10-K,2023-12-31,571.3099975585938,83032000.0
2024-02-22,INSM,Manufacturing,4017601557.550888,-0.4032426530469524,0.367798353909465,-0.18657076598131664,4.1176577478958825,0001104506-24-000008,10-K,2023-12-31,27.149999618530273,147977960.0
2024-02-22,KDP,Manufacturing,39231960424.35133,0.025493957414156915,0.5454299986499257,0.05559242965197962,0.3785329744279946,0001418135-24-000007,10-K,2023-12-31,28.215377807617188,1390446043.0
2024-02-22,NXPI,Manufacturing,59076201277.89842,0.14425327475054409,0.5689213618559807,0.047768812803740075,1.912916565312576,0001413447-24-000013,10-K,2023-12-31,229.1877899169922,257763301.0
2024-02-22,ROP,Manufacturing,58341366613.76953,0.07224993343392207,0.6972061251578232,0.02372587548666208,0.499932505399568,0000882835-24-000008,10-K,2023-12-31,545.7564697265625,106900000.0
2024-02-22,WTW,Finance Real Estate,27780875109.65094,0.04623581986937092,0.11220078034377307,0.03829972942898302,1.0635787806809185,0000950170-24-018575,10-K,2023-12-31,269.03704833984375,103260407.0
2024-02-23,DDOG,Services,45366314995.788574,0.16766817273667758,0.8074065512444094,0.0010705740592884532,3.168466839206741,0001561550-24-000009,10-K,2023-12-31,129.50999450683594,350292000.0
2024-02-23,GILD,Manufacturing,84611063919.06738,0.1288692152917505,0.20699955745685206,0.0663388419907942,1.4259751773049645,0000882095-24-000007,10-K,2023-12-31,67.9061508178711,1246000000.0
2024-02-23,JBHT,Transportation Utilities,21496898358.387833,0.2043294535420566,0.10129774139419781,0.03387870137627697,1.171680001528587,0001437749-24-005368,10-K,2023-12-31,208.2628631591797,103220027.0
2024-02-23,MELI,Services,82602353476.43286,0.2912841437152896,0.497892627651489,0.011948812091432713,1.2652916703549615,0001099590-24-000008,10-K,2023-12-31,1629.3199462890625,50697442.0
2024-02-23,MRNA,Manufacturing,36847719650.268555,-0.1692174101812656,-0.688376168224299,-0.12793193295926641,3.4245439469320065,0001682852-24-000015,10-K,2023-12-31,96.45999908447266,382000000.0
2024-02-23,MTCH,Services,9516219227.351341,0.1989382606392442,0.19363091855441397,0.06845912062718681,2.390724902589099,0000891103-24-000014,10-K,2023-12-31,35.390689849853516,268890470.0
2024-02-23,TSCO,Retail,5037465687.286377,0.14519058295842113,0.3591860421259213,0.21979822171184843,1.4992264875645473,0000916365-24-000046,10-K,2023-12-30,46.653568267822266,107976000.0
2024-02-23,WBD,Transportation Utilities,20999789162.635803,0.06090895020243245,-0.0745141695505917,-0.14662051967066211,0.9273415079572137,0001437107-24-000017,10-K,2023-12-31,8.609999656677246,2439000000.0
2024-02-23,WYNN,Services,11373619185.032501,0.08915826791270759,0.11644188601387984,0.06877467825099902,1.9276117564829802,0001174922-24-000046,10-K,2023-12-31,101.78897094726562,111737245.0
2024-02-26,AEP,Transportation Utilities,39316870121.32694,0.05184104919117951,0.11656121755530152,0.05627609708433538,0.5250612935529542,0000004904-24-000020,10-K,2023-12-31,74.7206802368164,526184585.0
2024-02-26,APP,Services,20049917711.36856,0.19807295397604152,0.10865109575226,0.01779114533710731,1.7118158458334833,0001751008-24-000012,10-K,2023-12-31,58.9900016784668,339886712.0
2024-02-26,BMRN,Manufacturing,16992693387.622055,0.023278024170651234,0.06929695696061468,0.009865710877954004,2.511493393507694,0001048477-24-000016,10-K,2023-12-31,90.0999984741211,188598154.0
2024-02-26,CDW,Retail,31892113146.972656,0.1203423512939795,0.21764595808383233,0.0346261157080093,1.2320837927232635,0001402057-24-000015,10-K,2023-12-31,237.8233642578125,134100000.0
2024-02-26,FTNT,Manufacturing,52052401161.19385,0.2666381958698976,0.7667772583320767,0.022050855952745342,1.1907233127184726,0001262039-24-000014,10-K,2023-12-31,68.4000015258789,761000000.0
2024-02-26,ODFL,Transportation Utilities,23930744046.021877,0.28465586542904325,,0.051795380771123514,2.099175996680486,0000950170-24-020176,10-K,2023-12-31,219.61769104003903,108965466.0
2024-02-26,RIVN,Manufacturing,10357599815.368652,-0.29002264870663963,-0.4578258908434822,-0.5244458269125222,4.950944913550463,0001874178-24-000014,10-K,2023-12-31,10.699999809265137,968000000.0
2024-02-27,AXON,Manufacturing,20468433623.2041,0.055068820386139035,0.611096008612049,0.00851198500126004,2.9959273421845096,0001069183-24-000006,10-K,2023-12-31,271.82000732421875,75301424.0
2024-02-27,CEG,Transportation Utilities,48621466384.887695,-0.10443673903621103,0.06328758327313588,0.03243423362669613,1.313340718468112,0001868275-24-000014,10-K,2023-12-31,153.38002014160156,317000000.0
2024-02-27,LCID,Manufacturing,72886342902.99133,-0.292474506967105,-4.751482938023186,-0.03880589816070904,4.7174809849168495,0001628280-24-007209,10-K,2023-12-31,31.700000762939453,2299253664.0
2024-02-28,AKAM,Services,16354326578.814758,0.13620545054528585,0.2187894027797088,0.03348526748324773,2.158819335963198,0001086222-24-000040,10-K,2023-12-31,108.13999938964844,151232908.0
2024-02-28,ALGN,Manufacturing,22701930349.731445,0.1291571147805914,0.7008495026228166,0.019604191940676304,1.1838793077168368,0001097149-24-000011,10-K,2023-12-31,302.3900146484375,75075000.0
2024-02-28,EBAY,Services,23776262874.60327,0.1122109158186864,0.7198378164556962,0.11637657333253933,2.4371681415929203,0001065088-24-000036,10-K,2023-12-31,45.9889030456543,517000000.0
2024-02-28,HAS,Manufacturing,6412293176.990463,0.11093274625816019,-0.2973637399316451,-0.23202307800565694,1.1299358101536665,0000046080-24-000034,10-K,2023-12-31,46.21001434326172,138764146.0
2024-02-28,HSIC,Wholesale,9886161268.746986,0.04729026766291497,0.31291028446389496,0.04410205216642804,1.6727543794260156,0001000228-24-000011,10-K,2023-12-30,76.48999786376953,129247765.0
2024-02-28,LIN,Manufacturing,211890527817.57,0.11514521537909443,0.19300541790953918,0.029925830405497733,0.8029522173442769,0001628280-24-007424,10-K,2023-12-31,436.9863586425781,484890486.0
2024-02-28,NCLH,Transportation Utilities,7957721183.666267,0.10289411732114981,0.030795517195050196,0.02088261151208602,0.2174553765785059,0001558370-24-001935,10-K,2023-12-31,18.700000762939453,425546570.0
2024-02-28,ORLY,Retail,4304279822.544556,0.2187043244807628,0.5125648152539961,0.5451738959231454,0.7254987467618318,0000898173-24-000009,10-K,2023-12-31,72.86399841308594,59072792.0
2024-02-28,SBAC,Finance Real Estate,21052034587.860107,0.15173178289288114,0.7740722765733977,0.02362788251767551,0.35522743660595674,0001034054-24-000002,10-K,2023-12-31,194.83604431152344,108050000.0
2024-02-29,MNST,Manufacturing,61556844510.68878,0.17733434146951815,0.5313993910667285,0.026495640134977905,4.811094879954962,0001104659-24-029425,10-K,2023-12-31,59.099998474121094,1041571000.0
2024-02-29,MPWR,Manufacturing,33943645361.572266,0.26216945529263835,0.5607241229341838,0.012590692468282497,7.7413959623034865,0001437749-24-006133,10-K,2023-12-31,706.7470092773438,48028000.0
2024-02-29,UAL,Transportation Utilities,14921572987.678562,0.09719565706570657,0.048736898933298585,0.1754506714648519,0.8326352294734946,0000100517-24-000027,10-K,2023-12-31,45.4900016784668,328018739.0
2024-02-29,XRAY,Manufacturing,6291855194.091797,0.051153324287652645,0.5261034047919294,-0.02097950380739073,1.3845614035087719,0000818479-24-000021,10-K,2023-12-31,30.36609649658203,207200000.0
2024-03-01,OKTA,Services,17752652310.44006,0.05695850483924797,0.7432611577551922,-0.019997011927689812,1.6722783389450055,0001660134-24-000025,10-K,2024-01-31,108.48999786376952,163634000.0
2024-03-04,ZM,Services,21506921737.4116,0.1610140312089084,0.7619289436528875,0.02963985305675455,4.497944315784874,0001585521-24-000030,10-K,2024-01-31,69.70999908447266,308519897.0
2024-03-07,CRWD,Services,20080396253.89099,0.17546129403056035,,0.004511116158001478,1.763743016573369,0001535527-24-000007,10-K,2024-01-31,82.41999816894531,243635000.0
2024-03-07,TRI,Manufacturing,72062673712.92188,0.1252943695140227,0.3966735354724757,0.03739800178295005,0.9034952056913084,0001193125-24-062308,40-F,2023-12-31,148.248779296875,486092864.0
2024-03-08,WDAY,Services,58150401611.328125,0.13062241672744956,0.19024659043945447,0.023748761173318724,1.9661721068249258,0001327811-24-000044,10-K,2024-01-31,264.32000732421875,220000000.0
2024-03-13,MRVL,Manufacturing,58120287483.21533,0.06455943660644888,0.4164351725765746,-0.016059796680626508,1.6881821188402601,0001835632-24-000009,10-K,2024-02-03,67.15226745605469,865500000.0
2024-03-15,BIDU,Services,3626566364.412155,0.09001413834633712,0.16014347505011078,0.8371555060435568,3.011887072808321,0001193125-24-068527,20-F,2023-12-31,103.86000061035156,34917835.0
2024-03-15,MAT,Manufacturing,6771469352.34951,0.13514839285486765,0.47484139123972036,0.03165516800657539,2.3258052261486206,0001628280-24-011371,10-K,2023-12-31,19.170000076293945,353232620.0
2024-03-15,MDB,Services,25654819116.05493,0.0423317612440855,0.7477823971441661,-0.006883696946024567,4.401892878664351,0001441816-24-000049,10-K,2024-01-31,355.44000244140625,72177636.0
2024-03-20,DLTR,Retail,27913914418.600037,0.12189252389493041,0.3041975179552866,-0.03576710829688331,1.3057465880298933,0000935703-24-000011,10-K,2024-02-03,128.10000610351562,217907206.0
2024-03-21,DOCU,Services,12052636356.651306,0.3296635468096349,0.7926699982113645,0.006138076169465926,0.9440245546696086,0001261333-24-000045,10-K,2024-01-31,58.70000076293945,205326000.0
2024-03-21,LULU,Manufacturing,57990396596.49658,0.3237708830347009,0.583141998806979,0.026731839942161266,2.4892258197799126,0001397187-24-000010,10-K,2024-01-28,478.8399963378906,121106000.0
2024-03-26,ULTA,Retail,24854967457.76367,0.2586758637752757,0.3909147455012147,0.05194152847690585,1.7106099357673512,0001558370-24-003941,10-K,2024-02-03,514.3400268554688,48324000.0
2024-04-02,CHKP,Services,18544880634.75,0.18223158634009307,0.34799353957013296,0.04531169634089845,1.178278795469965,0001178913-24-001196,20-F,2023-12-31,164.25,112906427.0
2024-04-02,ROST,Retail,47087779117.67578,0.1758371212415234,0.09199221806648997,0.03980905523948026,1.7674387380560352,0000745732-24-000009,10-K,2024-02-03,140.4884033203125,335172000.0
2024-04-18,JD,Retail,34951447106.61235,0.09463120583387895,0.021437314673596428,0.09370141356408712,1.1587331284244287,0001193125-24-099869,20-F,2023-12-31,23.879581451416016,1463654092.0
2024-04-25,NTES,Services,285362491536.371,0.19002974187368268,0.6094956593222415,0.014489914136010366,2.650185612132356,0001104659-24-051449,20-F,2023-12-31,88.87628936767578,3210783141.0
2024-04-25,PDD,Services,692284156545.5166,0.2705212551649869,0.41192014634029,0.012212560290543246,1.9277222814031865,0001104659-24-051610,20-F,2023-12-31,125.79000091552734,5503491148.0
2024-04-29,GFS,Manufacturing,26974269201.141357,0.11776767900687209,0.28422619047619047,0.037813814060876985,2.04162633107454,0001709048-24-000013,20-F,2023-12-31,48.729774475097656,553548000.0
2024-04-29,TCOM,Services,31491053803.349876,0.10037259031265187,0.8175147551443611,0.04474286598342152,1.2254142562996373,0001193125-24-122196,20-F,2023-12-31,48.892391204833984,644089050.0
2024-05-22,EA,Services,35570579681.396484,0.1725037257824143,0.7738693467336684,0.03578800265281543,1.3744336569579287,0000712515-24-000023,10-K,2024-03-31,133.72398376464844,266000000.0
2024-05-22,TTWO,Services,25724188104.248047,-0.001317846589560363,0.4190593689247794,-0.14555172683493514,0.9390375664893617,0001628280-24-024623,10-K,2024-03-31,150.61000061035156,170800000.0
2024-05-23,MCHP,Manufacturing,49883887478.925514,0.18223798603936195,0.6543670753431835,0.03822677213770899,1.1959196634119236,0000827054-24-000098,10-K,2024-03-31,92.9518585205078,536663691.0
2024-05-29,ARM,Manufacturing,125515876050.46835,0.13750473066733948,0.952366223321992,0.0024379386068815808,2.788704318936877,0001973239-24-000012,20-F,2024-03-31,120.6500015258789,1040330497.0
2024-06-10,ADSK,Services,46694799346.92383,0.13246569814366424,0.9070402037474986,0.01940258899644861,0.8225695242472995,0000769397-24-000090,10-K,2024-01-31,218.1999969482422,214000000.0
2024-06-10,NTAP,Manufacturing,24294378463.745117,0.17042581167189239,0.7072431397574984,0.04058552069860208,1.1926449098879688,0000950170-24-071327,10-K,2024-04-26,117.93387603759766,206000000.0
2024-07-11,PAYX,Services,39358376135.25391,0.18276815209330546,0.3202546274368641,0.04294892640364506,1.3658623872219398,0000950170-24-082958,10-K,2024-05-31,109.2984619140625,360100000.0
2024-07-25,CTAS,Manufacturing,18785044395.86731,0.22683198933951892,0.4883405242369315,0.08366187307738003,1.7419600233850454,0000723254-24-000036,10-K,2024-05-31,185.52764892578125,101251994.0
2024-07-30,MSFT,Services,3095341959045.41,0.23146537332841302,0.6976444382797138,0.02847375222709828,1.2749549031815206,0000950170-24-087843,10-K,2024-06-30,416.3763732910156,7434000000.0
2024-08-02,STX,Manufacturing,19178275743.36574,0.11861997674118104,0.05113723095710578,0.017467680853211483,1.0751855437237818,0001137789-24-000068,10-K,2024-06-28,91.24592590332033,210182269.0
2024-08-05,KLAC,Manufacturing,9309373275.566101,0.21437527788457963,0.2814743656575298,0.2966790479063747,2.152248532110761,0000319201-24-000021,10-K,2024-06-30,69.25328826904297,134425000.0
2024-08-07,ADP,Services,100717412379.45555,0.07647890925211588,0.1953902075760574,0.03725274420141216,1.010259538598048,0000008670-24-000024,10-K,2024-06-30,246.79591369628903,408100000.0
2024-08-08,FOX,Transportation Utilities,35.86733627319336,0.08374294556708538,0.1111587982832618,43326328.673072755,2.540989159891599,0001628280-24-036123,10-K,2024-06-30,35.86733627319336,1.0
2024-08-08,FOXA,Transportation Utilities,38.48689270019531,0.08374294556708538,0.1111587982832618,40377382.81719256,2.540989159891599,0001628280-24-036123,10-K,2024-06-30,38.48689270019531,1.0
2024-08-16,TEAM,Services,39960901669.784546,0.2778438309229638,0.8156530888452103,-0.007520325804540843,1.1785883133611175,0001650372-24-000036,10-K,2024-06-30,154.2100067138672,259133000.0
2024-08-20,WDC,Manufacturing,16625366123.199463,-0.01215478749793286,0.2264861954933477,-0.0479989429457707,1.3241333990471498,0000106040-24-000031,10-K,2024-06-28,48.470455169677734,343000000.0
2024-08-22,PTON,Manufacturing,1663235889.42243,-0.030248947464762952,0.44676911683021664,-0.3318230465743804,1.8476357267950962,0001639825-24-000128,10-K,2024-06-30,4.550000190734863,365546334.0
2024-08-29,LRCX,Manufacturing,10218756925.27771,0.24819079796730045,0.4731706377815375,0.3745829388045625,2.9695526362252957,0000707549-24-000106,10-K,2024-06-30,78.37852478027344,130377000.0
2024-09-04,INTU,Services,171587291838.13477,0.15199800821610857,0.18194657660423702,0.01726817859445627,1.2919503404084902,0000896878-24-000039,10-K,2024-07-31,612.2257690429688,280268000.0
2024-09-05,CSCO,Manufacturing,187722272968.29224,0.08745066833851768,0.6473244986339052,0.054974829767499823,0.9082889808791642,0000858877-24-000017,10-K,2024-07-27,46.84858322143555,4007000000.0
2024-09-06,PANW,Manufacturing,54587542190.55176,0.16295414413558168,0.7434817813765182,0.04721956506124106,0.8915745766462312,0001327567-24-000029,10-K,2024-07-31,167.91000366210938,325100000.0
2024-09-12,ZS,Services,25421608923.797607,0.1657494801239881,0.7798987992735396,-0.002269958607772477,1.0911468999677791,0001713683-24-000109,10-K,2024-07-31,166.7100067138672,152490000.0
2024-09-30,CPRT,Retail,50459472845.77105,0.17472772137425774,0.7544723776717552,0.0269988353656409,7.028978613258412,0000900075-24-000024,10-K,2024-07-31,52.400001525878906,962967011.0
2024-10-04,MU,Manufacturing,112686548301.69676,0.12255099688832546,0.22352753773246783,0.006904107115935908,2.63538062283737,0000723125-24-000027,10-K,2024-08-29,101.61095428466795,1109000000.0
2024-10-09,COST,Retail,399097737380.249,0.16237774054503015,0.06470743123484494,0.018459137474339853,0.965655312429506,0000909832-24-000049,10-K,2024-09-01,900.6416625976562,443126000.0
2024-11-01,AAPL,Manufacturing,3344610584901.7944,0.32400131514055563,0.4620634981523393,0.028025983181163765,0.8673125765340832,0000320193-24-000123,10-K,2024-09-28,221.25143432617188,15116786000.0
2024-11-06,QCOM,Manufacturing,185462167465.20996,0.22123508721035645,0.26030491247882553,0.05468500739862481,2.402037319116527,0000804328-24-000075,10-K,2024-09-29,166.63267517089844,1113000000.0
2024-11-15,SWKS,Manufacturing,12480466314.697266,0.22028660075090845,0.4118717089516515,0.04775462590673696,5.543388086942094,0000004127-24-000131,10-K,2024-09-27,78.05169677734375,159900000.0
2024-11-20,SBUX,Retail,107173820774.07837,0.19450338712096313,0.10399931446641715,0.03510465496915428,0.7549503858875414,0000829224-24-000057,10-K,2024-09-29,94.55123138427734,1133500000.0
2024-11-26,ADI,Manufacturing,105876705099.70438,0.07988112451124887,0.5708341337690674,0.015445068851170416,1.8353882500970458,0000006281-24-000204,10-K,2024-11-02,213.3334197998047,496296854.0
2024-12-13,AMAT,Manufacturing,136814419250.48828,0.2521723967566625,0.47457315278186635,0.05245792102409839,2.5059045819555976,0000006951-24-000044,10-K,2024-10-27,167.25479125976562,818000000.0
2024-12-19,SNPS,Services,76031156140.625,0.10762400542591265,0.7967683383392336,0.02940649746091867,2.4412728480219763,0000883241-24-000024,10-K,2024-10-31,493.3500061035156,154112000.0
2024-12-20,AVGO,Manufacturing,1018863288665.7715,0.12051073077967943,0.6303369915073487,0.005785859659071296,1.1735641133137689,0001730168-24-000139,10-K,2024-11-03,217.4270782470703,4686000000.0
2025-01-13,ADBE,Services,180148500000.0,0.26649024148197153,0.89035108114392,0.03086342656197526,1.067579127459367,0000796343-25-000004,10-K,2024-11-29,408.5,441000000.0
2025-01-27,NFLX,Services,41573286071.20285,0.1372610976011467,0.029862747502202896,0.2095487709362096,1.2180280603231866,0001065280-25-000044,10-K,2024-12-31,97.18900299072266,427757100.0
2025-01-30,META,Services,1786985379516.6016,0.3308338223680874,0.3790858414234564,0.03489676004896528,2.9778842719371355,0001326801-25-000017,10-K,2024-12-31,683.6210327148438,2614000000.0
2025-01-30,SIRI,Transportation Utilities,7297876865.386963,0.06326078267504814,0.5306357052534774,-0.28432926976906114,0.420725009154156,0000908937-25-000005,10-K,2024-12-31,21.527660369873047,339000000.0
2025-01-30,TSLA,Manufacturing,1287300476074.2188,0.12224952895879414,0.17862626676220697,0.00555658926019662,2.024912390270983,0001628280-25-003063,10-K,2024-12-31,400.2799987792969,3216000000.0
2025-01-31,CHTR,Transportation Utilities,93602852649.94043,0.09618717504332755,0.10625397113551784,0.06253014554897462,0.3138810618419101,0001091667-25-000034,10-K,2024-12-31,345.489990234375,270927828.0
2025-01-31,CMCSA,Transportation Utilities,60958686963.84561,0.10395137691530403,0.12831869135463222,0.2604550850876528,0.6771178090497966,0001166691-25-000011,10-K,2024-12-31,29.547515869140625,2063073161.0
2025-01-31,INTC,Manufacturing,84131901321.41113,0.04218133699773519,0.32664168283083184,-0.22860531734001477,1.3268659227275277,0000050863-25-000009,10-K,2024-12-28,19.43000030517578,4330000000.0
2025-01-31,ISRG,Manufacturing,203932409741.21094,0.12884672841350464,0.6745848349516887,0.011462131021578543,4.074371168280525,0001035267-25-000017,10-K,2024-12-31,571.8800048828125,356600000.0
2025-01-31,TMUS,Transportation Utilities,259889831414.46857,0.10715985290936621,0.1392997542997543,0.04363002560849226,0.9122633092098741,0001283699-25-000012,10-K,2024-12-31,227.06137084960935,1144579681.0
2025-02-04,BKR,Manufacturing,46135470674.791664,0.0868545212835284,0.15925832764382478,0.06519929147798996,1.324840274035871,0001701605-25-000035,10-K,2024-12-31,46.623817443847656,989525809.0
2025-02-04,PEP,Manufacturing,185672198400.6466,0.12574019524063257,0.5455396607659982,0.05184405679965535,0.8189370877727042,0000077476-25-000007,10-K,2024-12-28,135.33067321777344,1371989025.0
2025-02-04,PYPL,Services,76518236595.15381,0.09128671380083567,0.13042110890964556,0.05419623065728942,1.2628576153464528,0001633917-25-000019,10-K,2024-12-31,77.0576400756836,993000000.0
2025-02-05,AMD,Manufacturing,181680223464.96585,0.04392858174674255,0.49350397517936784,0.009032353487370302,2.6162615025408598,0000002488-25-000012,10-K,2024-12-28,112.01000213623048,1622000000.0
2025-02-05,GOOG,Services,2348164344085.6934,0.2782839095980953,0.28603671811164,0.042636709075396094,1.8369313974102914,0001652044-25-000014,10-K,2024-12-31,192.29910278320312,12211000000.0
2025-02-05,GOOGL,Services,2324190828536.9873,0.2782839095980953,0.28603671811164,0.04307649732144476,1.8369313974102914,0001652044-25-000014,10-K,2024-12-31,190.33583068847656,12211000000.0
2025-02-05,MDLZ,Manufacturing,73190802906.74838,0.07168197147320321,0.3912351472242803,0.06316367380051992,0.6773748017801422,0001103982-25-000030,10-K,2024-12-31,54.7346076965332,1337194254.0
2025-02-05,REGN,Manufacturing,67111531637.50964,0.11707018649660747,0.3107027179270525,0.06575025025257704,4.731105646122252,0001804220-25-000011,10-K,2024-12-31,710.8487548828125,94410423.0
2025-02-06,FAST,Retail,20847845648.112534,0.24974457215836526,0.4508216273522396,0.05519035488945928,4.67457429777325,0000815556-25-000065,10-K,2024-12-31,36.363338470458984,573320452.0
2025-02-07,AMZN,Retail,2427385885345.4595,0.18543464971659193,0.008669836149345021,0.02440815049543224,1.063734806137178,0001018724-25-000004,10-K,2024-12-31,229.1499938964844,10593000000.0
2025-02-07,EXPE,Transportation Utilities,24640713472.442627,0.13779703412542432,0.08940179680081806,0.0496738863251213,0.7211079274116523,0001324424-25-000008,10-K,2024-12-31,199.89059448242188,123271000.0
2025-02-10,ENPH,Manufacturing,8350846298.950195,0.15807514349122806,0.4728999092742466,0.012293125310294046,3.5253987707755448,0001463101-25-000024,10-K,2024-12-31,63.04999923706055,132448000.0
2025-02-10,INCY,Services,13211563621.814651,0.06159389543821986,0.007690009730697581,0.0024686706989130954,1.9727964907814188,0001628280-25-004633,10-K,2024-12-31,68.30000305175781,193434305.0
2025-02-10,ON,Manufacturing,19895811725.147026,0.13530355292481086,0.4541038928031854,0.07914228490661715,5.058435720707222,0001628280-25-004557,10-K,2024-12-31,47.040000915527344,422955173.0
2025-02-11,MAR,Services,78603802322.45514,0.10499579864028721,0.0946215139442231,0.030214823326956564,0.40293675569429993,0001628280-25-004818,10-K,2024-12-31,284.1049499511719,276671710.0
2025-02-11,SHOP,Services,160853613661.9281,0.11605860384946855,0.5036036036036036,0.012551785154441141,3.708588957055215,0001594805-25-000012,10-K,2024-12-31,123.58999633789062,1301509980.0
2025-02-12,BIIB,Manufacturing,19454092932.128906,0.1025159273136941,1.2029268595169442,0.08390008239882427,1.3487194327883085,0000875045-25-000009,10-K,2024-12-31,133.42999267578125,145800000.0
2025-02-12,CTSH,Services,42389665946.96045,0.1063808474406491,0.11349817592217268,0.052843067996873876,2.093165969316597,0001058290-25-000017,10-K,2024-12-31,85.63568878173828,495000000.0
2025-02-12,EXC,Transportation Utilities,40855118579.8645,0.051668151117048915,0.1068264721208963,0.060212773466588695,0.8723337842055977,0001109357-25-000043,10-K,2024-12-31,40.651859283447266,1005000000.0
2025-02-12,ILMN,Manufacturing,16467629951.47705,0.1327939076630176,0.654391582799634,-0.07426691051497086,1.7750484809308338,0001110803-25-000019,10-K,2024-12-29,103.56999969482422,159000000.0
2025-02-13,ABNB,Services,90970795669.55566,0.21556371964311274,0.23851558277787785,0.029108242711415364,1.6907784666863497,0001559720-25-000010,10-K,2024-12-31,141.0399932861328,645000000.0
2025-02-13,AEP,Transportation Utilities,51705131980.99846,0.06601117600263878,0.15089268962999397,0.05755328119254392,0.44497398015266004,0000004904-25-000027,10-K,2024-12-31,97.02455139160156,532907715.0
2025-02-13,ALNY,Manufacturing,34248689553.95508,-0.00196038521852564,-0.12372194642660958,-0.008121683008098571,2.777849430821936,0001178670-25-000026,10-K,2024-12-31,264.8900146484375,129294000.0
2025-02-13,GEHC,Manufacturing,42609752686.27178,0.06195412372691831,0.4170902806018707,0.04811105136173388,1.036428347116089,0001932393-25-000005,10-K,2024-12-31,93.2638931274414,456872979.0
2025-02-13,KHC,Manufacturing,31858590412.139893,0.04739089560184399,,0.08619339288010751,1.0554253412381083,0001637459-25-000011,10-K,2024-12-28,26.659908294677734,1195000000.0
2025-02-13,VRSN,Services,21461719970.703125,0.6417348027017419,0.5044946706048542,0.03660936779869181,0.4335445104826595,0001014473-25-000006,10-K,2024-12-31,225.912841796875,95000000.0
2025-02-13,VRTX,Manufacturing,118855478455.4328,-0.02186107610104202,-0.04860209979945736,-0.004506313103613762,2.692139370476351,0000875320-25-000053,10-K,2024-12-31,462.5799865722656,256940382.0
2025-02-13,WYNN,Services,8551664664.362663,0.10989421067081175,0.0952289934292596,0.07480602024374124,1.897768415637459,0001174922-25-000039,10-K,2024-12-31,79.31311798095703,107821567.0
2025-02-14,AMGN,Manufacturing,150432717904.6631,0.12511024728056708,0.12236716132120631,0.027188234427779484,1.256764362093597,0000318154-25-000010,10-K,2024-12-31,280.1875915527344,536900000.0
2025-02-14,DASH,Services,91805040060.79102,0.16597898014791748,0.010912143256855064,0.0012744398338318409,1.6642631816133393,0001628280-25-005715,10-K,2024-12-31,213.3800048828125,430242000.0
2025-02-14,HON,Manufacturing,126122792980.95703,0.08108144050215436,0.27191022910281054,0.04551120272817514,1.3129469326307865,0000773840-25-000010,10-K,2024-12-31,194.09478759765625,649800000.0
2025-02-14,TXN,Manufacturing,161033876142.29218,0.17792672280266975,0.5814206252797136,0.02980118292476252,4.124622563821027,0000097476-25-000007,10-K,2024-12-31,176.53030395507812,912216614.0
2025-02-18,CEG,Transportation Utilities,101052395782.4707,-0.04655556815175906,0.15860488798370673,0.0369907113142232,1.5740578439964943,0001868275-25-000023,10-K,2024-12-31,322.8511047363281,313000000.0
2025-02-18,DXCM,Manufacturing,35370070523.07129,0.1525946487778549,0.6045623605256633,0.01629060930551876,1.4670532060027286,0001093557-25-000036,10-K,2024-12-31,90.52999877929688,390700000.0
2025-02-18,LBTYA,Transportation Utilities,4160770888.1382637,0.07991053353616591,0.3790736774223266,0.39557573446118244,1.0530967803695077,0001570585-25-000021,10-K,2024-12-31,11.09000015258789,375182221.0
2025-02-18,LBTYK,Transportation Utilities,4220799986.25,0.07991053353616591,0.3790736774223266,0.389949773825296,1.0530967803695077,0001570585-25-000021,10-K,2024-12-31,11.25,375182221.0
2025-02-18,MSTR,Finance Real Estate,64305589765.045166,-0.0020520293448863815,0.7206466201753781,-0.018142450823678883,0.7100038268464535,0000950170-25-021814,10-K,2024-12-31,333.9700012207031,192549000.0
2025-02-18,PLTR,Services,291460639323.6924,0.1819722612809192,0.8024817248745161,0.0016054243244842965,5.958013810995384,0001321655-25-000022,10-K,2024-12-31,124.62000274658205,2338795000.0
2025-02-19,AAL,Transportation Utilities,10521058656.0,0.06446757198582134,0.015605688882330155,0.08041015905918736,0.5414282774233381,0000006201-25-000010,10-K,2024-12-31,16.0,657566166.0
2025-02-19,PCAR,Manufacturing,54634848192.17904,0.10688663231910528,0.12363428965238624,0.07617848566834289,,0000950170-25-023145,10-K,2024-12-31,104.20520782470705,524300554.0
2025-02-20,BKNG,Transportation Utilities,6562969710.514251,0.300382560993215,0.5239900585534353,0.3887508418502338,1.3095801112034255,0001075531-25-000010,10-K,2024-12-31,198.29672241210935,33096713.0
2025-02-20,CSGP,Services,32076135749.816895,0.04241206464436954,0.7958848037424164,0.004324086949931048,8.962882491399602,0001057352-25-000016,10-K,2024-12-31,78.33000183105469,409500000.0
2025-02-20,DDOG,Services,45274207873.87084,0.15048435363943236,0.8079440444812845,0.004058513856540504,2.6365387475150492,0001561550-25-000025,10-K,2024-12-31,126.23999786376952,358636000.0
2025-02-20,INSM,Manufacturing,14998182221.836472,-0.3376809855270831,0.30864129642816884,-0.060925516604912404,5.450448361162647,0001104506-25-000009,10-K,2024-12-31,83.61000061035156,179382635.0
2025-02-20,NXPI,Manufacturing,60811325827.27814,0.11408652860364979,0.5643729189789123,0.04180142375484494,2.357972885732731,0001413447-25-000019,10-K,2024-12-31,239.2681121826172,254155580.0
2025-02-20,TRIP,Services,2102013969.0,0.056228035923467395,0.0027247956403269754,0.0023786711571563302,2.1019108280254777,0000950170-25-023736,10-K,2024-12-31,16.5,127394786.0
2025-02-20,TSCO,Retail,29842497042.76657,0.14490206246809822,0.3625931089828546,0.03690173776081268,1.4271848009199752,0000916365-25-000076,10-K,2024-12-28,56.07478713989258,532191000.0
2025-02-21,CDNS,Services,70746666337.12769,0.14045947164415729,0.22741304954857125,0.014919204743447883,2.9312198700099628,0000813672-25-000024,10-K,2024-12-31,258.3399963378906,273851000.0
2025-02-21,CDW,Retail,24097395410.15625,0.08701902114671899,0.2191754727673618,0.04472682552014494,1.346832529592284,0001402057-25-000018,10-K,2024-12-31,181.72998046875,132600000.0
2025-02-21,FTNT,Manufacturing,84385337425.23193,0.2312892421464494,0.8056348433459821,0.02068131802573287,1.470559263181225,0001262039-25-000011,10-K,2024-12-31,110.0199966430664,767000000.0
2025-02-21,IDXX,Manufacturing,36947842183.47168,0.2820759308723424,0.6103719200801333,0.02403028018770688,1.3108680832574846,0000874716-25-000037,10-K,2024-12-31,452.7699890136719,81604000.0
2025-02-21,JBHT,Transportation Utilities,16649416214.929565,0.17842971895763732,0.07940477091252214,0.034288649681787964,1.0553878334247098,0001437749-25-004736,10-K,2024-12-31,165.57501220703125,100555126.0
2025-02-21,MELI,Services,114576067500.0,0.3142562311478012,0.46094238821774075,0.01667887580449556,1.2131542492320664,0001099590-25-000007,10-K,2024-12-31,2260.0,50697375.0
2025-02-21,MRNA,Manufacturing,13714579528.808594,-0.21241691415641353,-1.1004326328800988,-0.2596506872500049,3.671350861287398,0001682852-25-000022,10-K,2024-12-31,35.529998779296875,386000000.0
2025-02-21,TTD,Services,36168642214.59961,0.12098526313447212,0.16077839327135496,0.010867867189145779,1.8571508614164431,0001671933-25-000029,10-K,2024-12-31,72.05999755859375,501924000.0
2025-02-24,AKAM,Services,11649448933.32013,0.14651388759628056,0.20172545221806187,0.04334265104642137,1.2327588803833744,0001086222-25-000028,10-K,2024-12-31,77.6500015258789,150025096.0
2025-02-24,BMRN,Manufacturing,13164441102.000206,0.08196393158333024,0.14956962628529583,0.03242515171685815,5.325355690722057,0001048477-25-000007,10-K,2024-12-31,69.01000213623047,190761349.0
2025-02-24,RIVN,Manufacturing,13526760043.144226,-0.11135626216742375,-0.2414486921529175,-0.3508600718030344,4.701466015104398,0001874178-25-000007,10-K,2024-12-31,11.960000038146973,1131000000.0
2025-02-24,ROP,Manufacturing,61151123999.02344,0.07637539213715147,0.693019093078759,0.025335593177727066,0.4025624967381661,0000882835-25-000008,10-K,2024-12-31,569.907958984375,107300000.0
2025-02-25,HSIC,Wholesale,9413499086.990631,0.08299080054805245,0.31689418448670403,0.04227970878013175,1.4209775240813414,0001000228-25-000014,10-K,2024-12-28,75.81999969482422,124155884.0
2025-02-25,KDP,Manufacturing,45233180397.47916,0.04153097510761744,0.5555989837795583,0.031857145293287994,0.4942500309138123,0001418135-25-000013,10-K,2024-12-31,33.341461181640625,1356664609.0
2025-02-25,LCID,Manufacturing,79118546720.2728,-0.2093375253201956,-3.359537626635241,-0.03430222258246558,4.18259130122862,0001628280-25-007725,10-K,2024-12-31,26.100000381469727,3031361899.0
2025-02-25,ODFL,Transportation Utilities,37936806346.89281,0.3021605621158194,,0.03126443984648024,1.333292015784537,0000950170-25-026661,10-K,2024-12-31,178.1198272705078,212984747.0
2025-02-25,SMCI,Manufacturing,26781482518.40973,-0.25299702058560003,0.13752588438208152,0.04303962632418322,3.8077674199105522,0001375365-25-000004,10-K,2024-06-30,45.540000915527344,588087000.0
2025-02-25,WTW,Finance Real Estate,32920012444.32129,0.054622304107510566,-0.008862034239677744,-0.0026731460125914994,1.198999841244642,0000950170-25-026278,10-K,2024-12-31,326.8290710449219,100725472.0
2025-02-26,FANG,Mining,42639427243.65578,0.09530107590798312,0.3344478583047171,0.086797601169717,0.438578258158387,0001539838-25-000021,10-K,2024-12-31,146.5351104736328,290984373.0
2025-02-26,LIN,Manufacturing,215443548686.3423,0.1175714624377706,0.20412058778972883,0.031270372406500754,0.8900577557755776,0001628280-25-007990,10-K,2024-12-31,452.46240234375,476157903.0
2025-02-26,MAT,Manufacturing,7159125000.0,0.12233430988966523,0.5082339662120187,0.07568201421263074,2.3765769846692657,0001628280-25-007887,10-K,2024-12-31,21.25,336900000.0
2025-02-26,NVDA,Manufacturing,3208548661376.953,0.5742690477683892,0.7498869705816992,0.022714319678955232,4.439851498864077,0001045810-25-000023,10-K,2025-01-26,131.084228515625,24477000000.0
2025-02-26,SBAC,Finance Real Estate,22420346635.22339,0.11691571483925847,0.7829080389336752,0.03339274865731979,1.100550853867991,0001034054-25-000002,10-K,2024-12-31,208.44308471679688,107561000.0
2025-02-26,VRSK,Services,39959825423.86377,0.2682486458602012,0.3322691466842489,0.023961566144084973,0.7358140285737348,0001437749-25-005160,10-K,2024-12-31,284.58447265625,140414637.0
2025-02-27,APP,Services,108979973611.3899,0.3576279390635172,0.3354624772362806,0.014496021128003758,2.1865259789384495,0001751008-25-000018,10-K,2024-12-31,320.489990234375,340041739.0
2025-02-27,CSX,Transportation Utilities,59481182098.38867,0.12269666074268076,0.23865199449793673,0.058337778059962285,0.8608058608058609,0000277948-25-000008,10-K,2024-12-31,31.305885314941406,1900000000.0
2025-02-27,EBAY,Services,29269657379.15039,0.1246578879421637,0.7199260916075075,0.06747602045409827,1.2408986552968186,0001065088-25-000037,10-K,2024-12-31,62.143646240234375,471000000.0
2025-02-27,HAS,Manufacturing,8723016579.226372,0.1336529817201079,0.08310331022566847,0.04521371665614542,1.600299721687005,0000046080-25-000027,10-K,2024-12-29,62.52994918823242,139501418.0
2025-02-27,MTCH,Services,7742013569.695177,0.20885956758642574,0.1584518245097608,0.071210544264353,2.5438784554317775,0000891103-25-000027,10-K,2024-12-31,30.7882022857666,251460397.0
2025-02-27,NCLH,Transportation Utilities,10433509283.291227,0.10264608913925125,0.1686855967421368,0.08724360857738764,0.17473232812044565,0001558370-25-001743,10-K,2024-12-31,23.719999313354492,439861281.0
2025-02-27,UAL,Transportation Utilities,30222521292.66759,0.12749213719746771,0.055184620507158756,0.10419382186899118,0.8099425238054387,0000100517-25-000046,10-K,2024-12-31,92.16999816894533,327899771.0
2025-02-27,WBD,Transportation Utilities,26994000000.0,0.051405891354246364,-0.2920068156964472,-0.4253537823219975,0.8904490828589501,0001437107-25-000031,10-K,2024-12-31,11.0,2454000000.0
2025-02-27,XEL,Transportation Utilities,38776513881.33362,0.06626686656671664,0.16780792233682934,0.04992712872345027,0.6696082984982196,0000072903-25-000029,10-K,2024-12-31,67.51190185546875,574365598.0
2025-02-27,XRAY,Manufacturing,3250559807.58667,0.08013210498870155,0.516214078565779,-0.27995177872934324,1.0988042794210195,0000818479-25-000035,10-K,2024-12-31,16.35090446472168,198800000.0
2025-02-28,ALGN,Manufacturing,13811978379.852295,0.11878978534418949,0.6999626407722708,0.03050699823094467,1.2229676054340792,0001097149-25-000012,10-K,2024-12-31,187.02999877929688,73849000.0
2025-02-28,AXON,Manufacturing,40489486402.24457,0.09125130626551539,0.596093398113637,0.009311898803910212,2.30304053986323,0001069183-25-000019,10-K,2024-12-31,528.4500122070312,76619331.0
2025-02-28,GILD,Manufacturing,136874714157.10449,0.1835409780489872,0.01669332962370453,0.003506856638612279,1.5972175941352882,0000882095-25-000006,10-K,2024-12-31,109.8512954711914,1246000000.0
2025-02-28,MNST,Manufacturing,53178768834.80072,0.24983945644362957,0.54037571724726,0.028376888616730513,3.3179416483905975,0001410578-25-000248,10-K,2024-12-31,54.650001525878906,973079000.0
2025-02-28,ORLY,Retail,5263988274.986389,0.2047555412706586,0.5119849029944616,0.4533976664311949,0.7050028943062145,0000898173-25-000008,10-K,2024-12-31,91.57599639892578,57482184.0
2025-02-28,ZM,Services,23220627231.88394,0.1770325326996481,0.7578730634434145,0.04350605993161353,4.558399280405444,0001585521-25-000042,10-K,2025-01-31,73.69999694824219,315069582.0
2025-03-03,MPWR,Manufacturing,27361235923.095703,0.21796761325449662,0.5531557247066287,0.06530041278185979,5.313062902497564,0001437749-25-005903,10-K,2024-12-31,572.135498046875,47823000.0
2025-03-05,OKTA,Services,20364252232.54395,0.07947440924022464,0.7632183908045977,0.0013749584163593015,1.3539437177962743,0001660134-25-000049,10-K,2025-01-31,116.30999755859376,175086000.0
2025-03-06,ADSK,Services,55723463134.765625,0.14834302593925966,0.9057250040776382,0.019955687199674926,0.6759852455833819,0000769397-25-000019,10-K,2025-01-31,260.3900146484375,214000000.0
2025-03-06,TRI,Manufacturing,81650873256.57422,0.1332646309052449,0.3044915954808487,0.027066458836948925,1.0157159487776484,0001193125-25-048443,40-F,2024-12-31,167.97381591796875,486092864.0
2025-03-10,CRWD,Services,18898370353.69873,0.15879039411012577,,-0.0008781709580980818,1.766326692766646,0001535527-25-000009,10-K,2025-01-31,77.21499633789062,244750000.0
2025-03-11,WDAY,Services,53444598388.671875,0.13689714635367414,0.06227800142079091,0.009841967492667903,1.9006849315068493,0001327811-25-000056,10-K,2025-01-31,242.92999267578125,220000000.0
2025-03-12,MRVL,Manufacturing,60243675323.48633,0.08320918607240961,0.4130529017044371,-0.014690338782417843,1.5395204262877442,0001835632-25-000057,10-K,2025-02-01,69.56544494628906,866000000.0
2025-03-17,CHKP,Services,24967023947.827103,0.18288296116083066,0.3297076023391813,0.03387267948984372,1.1281761135685628,0001178913-25-000867,20-F,2024-12-31,230.38999938964844,108368523.0
2025-03-18,DOCU,Services,17212570202.537537,0.253512780032422,0.7911610658509194,0.06204099605313846,0.8129553307749835,0001261333-25-000024,10-K,2025-01-31,85.01000213623047,202477000.0
2025-03-20,GFS,Manufacturing,21052227870.19516,0.10250610155366391,0.24459259259259258,-0.012587741384614956,2.107752956636005,0001709048-25-000024,20-F,2024-12-31,38.07513046264648,552912823.0
2025-03-21,MDB,Services,14338568053.85431,0.043783723431205436,0.7332114592839168,-0.00900173570437562,5.2021167749431925,0001441816-25-000057,10-K,2025-01-31,192.5399932861328,74470596.0
2025-03-26,DLTR,Retail,14885549428.870193,0.1439873417721519,0.35735130983872343,-0.20355983596569088,1.0607158247824922,0000935703-25-000015,10-K,2025-02-01,69.20999908447266,215078018.0
2025-03-27,LULU,Manufacturing,39674173838.1958,0.29891170824427105,0.5922493744407651,0.04573796564487001,2.1636426890189875,0001397187-25-000013,10-K,2025-02-02,341.5299987792969,116166000.0
2025-03-27,ULTA,Retail,17022677931.671143,0.22303789947269878,0.3884018579180984,0.0705598734124722,1.7020766764185902,0001558370-25-003810,10-K,2025-02-01,370.3399963378906,45965000.0
2025-03-28,BIDU,Services,3260278349.8546987,0.04963655598402894,0.18159885952407062,1.0158641823167052,2.0857451988098457,0001193125-25-066199,20-F,2024-12-31,93.37000274658205,34917835.0
2025-04-01,ROST,Retail,41951448259.38416,0.15813052671352776,0.098949705618556,0.04983689685927166,1.6171126114772647,0000745732-25-000010,10-K,2025-02-01,127.5845184326172,328813000.0
2025-04-11,TCOM,Services,35753506042.366394,0.0810038215027232,0.8126540673788003,0.06600751258361906,1.51494230200217,0001193125-25-078429,20-F,2024-12-31,54.72999954223633,653270717.0
2025-04-15,NTES,Services,301507197779.18445,0.2024414455442034,0.6249768117155671,0.013747940448956575,3.087012290943518,0001410578-25-000728,20-F,2024-12-31,95.17395782470705,3167959016.0
2025-04-17,JD,Retail,49068743247.987564,0.08320265947437747,0.038536640673225916,0.12468222324505764,1.291051323292879,0001193125-25-083473,20-F,2024-12-31,33.52482223510742,1463654092.0
2025-04-28,PDD,Services,574065494677.5496,0.24142774609590945,0.26628450975477413,0.02683224151741095,2.2059333014744347,0001410578-25-000951,20-F,2024-12-31,103.08999633789062,5568585848.0
2025-05-07,AXON,Manufacturing,46111046343.59674,0.09125130626551539,0.596093398113637,0.008176652448754445,1.3692801907174252,0001069183-25-000075,10-K/A,2024-12-31,601.8200073242188,76619331.0
2025-05-13,EA,Services,37367397949.21875,0.16809508408796894,0.7932466836392872,0.029999412897933318,0.9470945359930616,0000712515-25-000022,10-K,2025-03-31,148.2833251953125,252000000.0
2025-05-20,TTWO,Services,42061250000.0,-0.004923371856176544,0.5435600681624538,-0.10648518529525394,0.7787764810000554,0001628280-25-026694,10-K,2025-03-31,237.5,177100000.0
2025-05-23,MCHP,Manufacturing,29470417911.79689,0.05841452785763532,0.5606824790985097,-1.6966165919209852e-05,2.589645918102329,0000827054-25-000077,10-K,2025-03-31,54.70608139038086,538704604.0
2025-05-28,ARM,Manufacturing,143265772903.44238,0.04444693237796686,0.9698028450212128,0.005528187116498429,5.199138858988159,0001973239-25-000016,20-F,2025-03-31,135.5399932861328,1057000000.0
2025-06-09,NTAP,Manufacturing,20260385032.65381,0.13914811050540515,0.7019172245891662,0.05853788060239306,1.255040755040755,0000950170-25-083705,10-K,2025-04-25,100.79793548583984,201000000.0
2025-07-11,PAYX,Services,49615666267.39502,0.11476023448300843,0.2974496114291868,0.033402756118768404,1.281787731983957,0000950170-25-095300,10-K,2025-05-31,137.63014221191406,360500000.0
2025-07-28,CTAS,Manufacturing,87966875967.40724,0.22044293875335985,0.5003939486165667,0.020601857006624532,2.089489097611313,0000723254-25-000017,10-K,2025-05-31,218.30825805664065,402948000.0
2025-07-30,MSFT,Services,3785191659118.6523,0.2199698547503001,0.6882374238616519,0.026902732852293842,1.3534464445042416,0000950170-25-100235,10-K,2025-06-30,509.1729431152344,7434000000.0
2025-08-01,STX,Manufacturing,32653601057.96846,0.13498691262619966,0.16148180718918326,0.04498738125060543,1.3795317220543806,0001137789-25-000157,10-K,2025-06-27,153.54222106933594,212668547.0
2025-08-06,ADP,Services,118949118237.30469,0.09255695690218908,0.19842030261321245,0.03429785828139522,1.0478193142643957,0000008670-25-000037,10-K,2025-06-30,293.484130859375,405300000.0
2025-08-06,FOX,Transportation Utilities,48.9875373840332,0.143306747143781,0.14067484662576688,46807823.427094154,2.9095616154642734,0001628280-25-038077,10-K,2025-06-30,48.9875373840332,1.0
2025-08-06,FOXA,Transportation Utilities,53.68805694580078,0.143306747143781,0.14067484662576688,42709684.99222893,2.9095616154642734,0001628280-25-038077,10-K,2025-06-30,53.68805694580078,1.0
2025-08-07,PTON,Manufacturing,2773170210.745691,0.15668376229238226,0.5091938333065682,-0.04287511799285786,1.7882821246423684,0001639825-25-000138,10-K,2025-06-30,7.110000133514404,390037997.0
2025-08-08,KLAC,Manufacturing,12000122365.463257,0.2540404405646379,0.33412215138297763,0.33846679861278256,2.618532990519593,0000319201-25-000024,10-K,2025-06-30,90.89418029785156,132023000.0
2025-08-11,LRCX,Manufacturing,128699188269.9585,0.2892100634988752,0.48705023885591736,0.0416336503130124,2.210118102893768,0000707549-25-000075,10-K,2025-06-29,101.43858337402344,1268740000.0
2025-08-14,WDC,Manufacturing,26383780929.56543,0.12076846164833595,0.3878151260504202,0.07159701655509138,1.080841638981174,0000106040-25-000038,10-K,2025-06-27,76.03395080566406,347000000.0
2025-08-15,TEAM,Services,43718429000.0,0.24170808527682197,0.828418247526894,-0.005871368342169843,1.2233289812594648,0001650372-25-000036,10-K,2025-06-30,167.0,261787000.0
2025-08-28,SMCI,Manufacturing,26124204615.264893,0.11838159611180397,0.11059154174200105,0.040149279775091244,5.246373239076217,0001375365-25-000027,10-K,2025-06-30,43.970001220703125,594137000.0
2025-08-29,PANW,Manufacturing,127248310853.57668,0.15761657943179985,0.734143035297945,0.0089109237866801,0.9417626439659489,0001327567-25-000027,10-K,2025-07-31,190.52000427246097,667900000.0
2025-09-03,CSCO,Manufacturing,262536984558.10547,0.11605923575733292,0.6493804497475907,0.038775489164449256,0.9977754962354551,0000858877-25-000111,10-K,2025-07-26,66.2972183227539,3960000000.0
2025-09-03,INTU,Services,184574443093.68896,0.1679473997510688,0.2054590834262652,0.02096173194485066,1.3603664416586307,0000896878-25-000035,10-K,2025-07-31,661.2514038085938,279129000.0
2025-09-11,ZS,Services,45378565239.715576,0.15147507246232333,0.7687424596397835,-0.0009140438835139331,2.0144335862819194,0001713683-25-000158,10-K,2025-07-31,286.6600036621094,158301000.0
2025-09-26,CPRT,Retail,43410767786.92127,0.17835372893325097,0.8574886677982716,0.035667717456646514,8.422051835189329,0001628280-25-042946,10-K,2025-07-31,44.869998931884766,967478690.0
2025-10-03,MU,Manufacturing,210539321228.02734,0.21165970192516728,0.39790786023864305,0.04055774451154293,2.5179849834119086,0000723125-25-000028,10-K,2025-08-28,187.64645385742188,1122000000.0
2025-10-08,COST,Retail,403762097437.8052,0.17295944175670241,0.05982160699039003,0.020058841707517025,1.0342783227336423,0000909832-25-000101,10-K,2025-08-31,910.9395141601562,443237000.0
2025-10-31,AAPL,Manufacturing,3982977836224.365,0.31032649391355666,0.4690516410716045,0.028122175067431223,0.8932929222186667,0000320193-25-000079,10-K,2025-09-27,269.60723876953125,14773260000.0
2025-11-05,QCOM,Manufacturing,190110766204.83398,0.2794407993139621,0.1251241983560654,0.02914616626198789,2.8164916885389326,0000804328-25-000085,10-K,2025-09-28,177.0118865966797,1074000000.0
2025-11-07,SWKS,Manufacturing,10021653018.188477,0.16430466085638498,0.41158335168465093,0.04760691665677336,2.3254232164449817,0000004127-25-000085,10-K,2025-10-03,67.39511108398438,148700000.0
2025-11-14,SBUX,Retail,95210725811.76758,0.1482680974525058,0.049932229644689706,0.019500954164247332,0.7230177074355559,0000829224-25-000114,10-K,2025-09-28,83.74591064453125,1136900000.0
2025-11-25,ADI,Manufacturing,122249628799.07544,0.10026943257551271,0.614669518890112,0.018546821141899022,2.1899250755052453,0000006281-25-000153,10-K,2025-11-01,249.665283203125,489654097.0
2025-12-12,AMAT,Manufacturing,205042579345.70312,0.2192346896608722,0.4867456288776086,0.034129496528627484,2.6104513064133017,0001628280-25-056742,10-K,2025-10-26,258.565673828125,793000000.0
2025-12-18,AVGO,Manufacturing,1555245348754.8828,0.16094849554625582,0.6776652527118193,0.014869679577254158,1.7053581073782003,0001730168-25-000121,10-K,2025-11-02,328.0416259765625,4741000000.0
2025-12-22,SNPS,Services,89507750743.65234,0.03149040898559758,0.7698457566565516,0.014895369271633168,1.61507365760697,0000883241-25-000028,10-K,2025-10-31,481.239990234375,185994000.0
