available_date,ticker,sector,market_cap,quality,profitability,valuation,liquidity,filing_accession,filing_form,report_end,filing_price,shares_outstanding,cash_accrual_quality
2015-01-09,CTAS,Manufacturing,2010610146.9299698,0.0941648354011041,0.0980122184574397,0.2200058527882318,2.5194537454036565,0000723254-15-000002,10-Q,2014-11-30,17.143230438232422,117283038.0,
2015-01-09,MU,Manufacturing,35148568153.38135,0.16369443705083844,0.34306353247676,0.10498293938739056,2.1887304820095044,0000723125-15-000010,10-Q,2014-12-04,32.69634246826172,1075000000.0,
2015-01-20,ADBE,Services,35565130097.25952,0.11936792248421517,0.8499951170285491,0.00754657720261457,1.8450382551559772,0000796343-15-000022,10-K,2014-11-28,71.48999786376953,497484000.0,0.09448388250917013
2015-01-23,KLAC,Manufacturing,866156996.9861698,0.10674512357825754,0.1472386662969638,0.49045727446427717,4.293830252350531,0000319201-15-000013,10-Q,2014-12-31,5.266129016876221,164476980.0,0.021567296244149717
2015-01-26,MSFT,Services,327847959800.7202,0.11824556185944363,0.6581813901729155,0.06306276852406566,2.45411789518085,0001193125-15-020351,10-Q,2014-12-31,39.89388656616211,8218000000.0,
2015-01-27,SBUX,Retail,26259720489.501953,0.2781047841892625,0.1475825177086089,0.09560650125745555,1.2778917779339425,0000829224-15-000006,10-Q,2014-12-28,34.99429702758789,750400000.0,0.07483543975840208
2015-01-28,AAPL,Manufacturing,148666078084.3773,0.1697709760437429,0.39255255255255256,0.2990729329307055,1.1330235970167502,0001193125-15-023697,10-Q,2014-12-27,25.515857696533203,5826419000.0,
2015-01-28,QCOM,Manufacturing,85027533805.84717,0.17483022684583152,0.2990283340750631,0.09482810613337493,3.553629976580796,0001234452-15-000024,10-Q,2014-12-28,51.4072151184082,1654000000.0,0.008400932978306191
2015-01-29,META,Services,202117091766.35742,0.1358003185347402,0.2358414888496711,0.014546023665324507,9.599719101123595,0001326801-15-000006,10-K,2014-12-31,77.32099914550781,2614000000.0,0.06263687039617759
2015-01-29,NFLX,Services,383036441.15872574,0.002335810570765084,0.048467878828395455,0.696536860025393,1.4796249109139012,0001065280-15-000006,10-K,2014-12-31,6.340000152587891,60415841.0,-0.035472350836111916
2015-01-30,AMZN,Retail,8242822294.2352295,0.1255297679112008,-0.0027082303231896437,-0.029237558617337633,1.1152764427355903,0001018724-15-000006,10-K,2014-12-31,17.726499557495117,465000000.0,0.12995138060728373
2015-01-30,STX,Manufacturing,11118848153.268799,0.28342888847789904,0.14300817592331547,0.1824829309683036,2.352607307555871,0001104659-15-005719,10-Q,2015-01-02,33.812835693359375,328835128.0,0.09580173848714629
2015-02-03,LRCX,Manufacturing,1056932133.2359314,0.08825538742762791,0.4382058254632264,0.6772544589106692,2.8764198293863714,0001193125-15-031451,10-Q,2014-12-28,6.635103225708008,159294000.0,
2015-02-03,MCHP,Manufacturing,3630360199.3611145,0.15047580243931788,0.5752958807712902,0.10497636021545957,5.051117857972279,0000827054-15-000017,10-Q,2014-12-31,18.02164077758789,201444488.0,0.06814509743855852
2015-02-04,BIIB,Manufacturing,91742279414.67285,0.2055043394156375,0.3024543381877741,0.03198983084706982,2.1050864393753046,0000875045-15-000005,10-K,2014-12-31,391.1199951171875,234563000.0,0.0005095498157064139
2015-02-04,EA,Services,16413925514.221191,0.1373439273552781,0.6815629912418594,0.05160252489668913,1.2231997393287717,0000712515-15-000012,10-Q,2014-12-31,52.94814682006836,310000000.0,
2015-02-04,SWKS,Manufacturing,12393787005.615234,0.17499216546537136,0.4528301886792453,0.04505483269536636,4.777410633823971,0000004127-15-000006,10-Q,2015-01-02,64.95695495605469,190800000.0,
2015-02-05,ADP,Services,32224309952.545166,0.04495081959676437,0.12357250963126032,0.0445936624280298,1.063796226291943,0000008670-15-000004,10-Q,2014-12-31,67.54204559326172,477100000.0,0.0119186908519163
2015-02-05,FAST,Retail,2310454147.993349,0.21168732848346533,0.5082090377760106,0.21387570077041948,4.21806939068024,0000815556-15-000014,10-K,2014-12-31,7.809074878692627,295867844.0,0.0022220319426629284
2015-02-05,SIRI,Transportation Utilities,166883587626.6413,0.058890868602732085,0.117969335784047,0.0029555992114904594,0.6697862210604929,0000908937-15-000003,10-K,2014-12-31,29.557220458984375,5646119122.0,
2015-02-06,EBAY,Services,24834279418.94531,0.12578658158291234,0.6798123114735783,0.0018522784262831485,1.5133763048314415,0001065088-15-000054,10-K,2014-12-31,20.28944396972656,1224000000.0,0.12476734910927945
2015-02-06,EXPE,Transportation Utilities,9422129415.405273,0.04413229011395994,0.06907227137747388,0.04225127701484417,0.6985330631070686,0001193125-15-035706,10-K,2014-12-31,73.0896224975586,128912000.0,
2015-02-06,ISRG,Manufacturing,2083231304.1687012,0.16797999696923777,0.6632265328141859,0.20103384543134983,3.6851556264964085,0001035267-15-000014,10-K,2014-12-31,56.918888092041016,36600000.0,0.062206394908319446
2015-02-06,TTWO,Services,2543999640.899658,0.013308528017790257,0.49647822161694055,-0.026519657831453693,2.5540945121304475,0001047469-15-000639,10-Q,2014-12-31,28.790000915527344,88364000.0,0.043242622075074386
2015-02-10,WDC,Manufacturing,15260377380.371094,0.16381531144725545,,0.10176681488870461,2.6330191547582853,0000106040-15-000003,10-Q,2015-01-02,65.7774887084961,232000000.0,0.06123257810951846
2015-02-11,CSX,Transportation Utilities,9981762394.479086,0.10114059238193204,0.15210355987055016,0.19305208076940641,1.2206929283341243,0000277948-15-000010,10-K,2014-12-26,10.027917861938477,995397303.0,0.04284028681208967
2015-02-11,HSIC,Wholesale,4677793094.020519,0.07592305801436663,0.28070634697952734,0.09963608706759007,1.63650806045241,0001000228-15-000007,10-K,2014-12-27,55.68235397338867,84008537.0,
2015-02-12,REGN,Manufacturing,37617741999.14228,0.1919396192030274,0.12344988946845196,0.009252921135137149,3.3108193566125927,0001532176-15-000008,10-K,2014-12-31,398.4490356445313,94410423.0,0.10204045790269038
2015-02-13,INTC,Manufacturing,126064585517.8833,0.12727826351733437,0.6373545731161625,0.09284129997270082,1.7310693551407703,0000050863-15-000015,10-K,2014-12-27,26.55109214782715,4748000000.0,
2015-02-13,VRTX,Manufacturing,27478942362.04767,-0.21981565774138542,-1.2724602224270565,-0.02687712613786947,4.199576922450265,0000875320-15-000012,10-K,2014-12-31,113.66000366210938,241764398.0,0.09652547523663853
2015-02-17,ADI,Manufacturing,14550331530.537357,0.12941823937174285,0.6397419197007433,0.04504990134584185,6.008821173344035,0000006281-15-000005,10-Q,2015-01-31,46.69144058227539,311627385.0,0.03332147806031705
2015-02-17,IDXX,Manufacturing,3719462672.856476,0.17038298351913111,0.5492745693081268,0.0489065265602732,0.9250730290678836,0000874716-15-000003,10-K,2014-12-31,78.00499725341797,47682364.0,0.03896804750142861
2015-02-17,INCY,Services,13143676990.169632,,,,3.156508588583166,0001047469-15-000858,10-K,2014-12-31,77.80000305175781,168941857.0,
2015-02-17,TRIP,Services,9750035108.363525,0.1153649821337417,0.18138041733547353,0.023179403713750577,1.9606299212598426,0001564590-15-000721,10-K,2014-12-31,74.93035888671875,130121292.0,
2015-02-18,CSCO,Manufacturing,106535753854.75159,0.08247078782333543,0.599671401534846,0.08122155883739558,3.3883398223020866,0000858877-15-000013,10-Q,2015-01-24,20.86073112487793,5107000000.0,
2015-02-18,ILMN,Manufacturing,27750575395.538334,0.15009731587835815,0.6971845287150564,0.012733105348756511,2.616606061277449,0001110803-15-000064,10-K,2014-12-28,193.21011352539065,143629000.0,0.04429219915919081
2015-02-18,TSCO,Retail,1947592021.6827393,0.20111266699466374,,0.19043259361863252,2.1124271049406973,0000916365-15-000042,10-K,2014-12-27,14.280418395996094,136382000.0,0.018821166722616217
2015-02-19,AMAT,Manufacturing,26597044073.374557,0.11382238200872026,0.4232225949572557,0.04387705629168942,2.7500991669972232,0000006951-15-000008,10-Q,2015-01-25,21.77458381652832,1221471983.0,0.024554425151074734
2015-02-19,AMGN,Manufacturing,85625082409.66797,0.12396933733281167,0.25709016597717194,0.06023935808110367,4.953339041095891,0000318154-15-000005,10-K,2014-12-31,112.60531616210938,760400000.0,0.04922546334536075
2015-02-19,BKNG,Transportation Utilities,2497831160.935913,0.16209248607298132,0.89838380160273,0.9695423124966511,3.8169625743936013,0001075531-15-000007,10-K,2014-12-31,47.70857238769531,52356024.0,
2015-02-19,INTU,Services,23627926105.381775,0.29571020019065775,0.17568747271933655,0.034069854307553625,1.222380275011854,0000896878-15-000034,10-Q,2015-01-31,82.76084899902344,285496420.0,0.14223069590085796
2015-02-19,MAR,Services,20807442321.777344,0.17829570284049526,0.054581037982023774,0.0361889745195593,0.6277777777777778,0001628280-15-000842,10-K,2014-12-31,74.31229400634766,280000000.0,0.06860888565185724
2015-02-19,TMUS,Transportation Utilities,24590248093.720837,0.07318235574462076,0.008354755784061696,0.010044632289133833,1.593436645396536,0001283699-15-000010,10-K,2014-12-31,30.457963943481445,807350358.0,0.06882248071593737
2015-02-20,CDNS,Services,5394304000.0,0.09868093904577456,0.1005090668036323,0.029456626841942907,1.32922759532579,0000813672-15-000008,10-K,2015-01-03,18.5,291584000.0,0.04917315666092132
2015-02-20,MDLZ,Manufacturing,47838465983.495575,0.05331138217466138,0.36786006307674335,0.04565363782261511,0.8388662811451417,0001193125-15-055355,10-K,2014-12-31,28.476579666137695,1679923170.0,0.020624111352241264
2015-02-20,XRAY,Manufacturing,6391331911.891796,0.12050947634167085,0.5473818012605128,0.05051435357304689,1.8466719298889827,0000818479-15-000005,10-K,2014-12-31,45.158931732177734,141529741.0,0.051082465192843846
2015-02-23,ESRX,Retail,62967392886.35254,0.08455563217835309,0.07855414616933186,0.03188316854127089,0.6210355587680483,0001532063-15-000004,10-K,2014-12-31,86.72000122070312,726100000.0,0.04723888406640284
2015-02-24,CHTR,Transportation Utilities,19910184836.504288,0.09608961303462321,-0.020092226613965744,-0.009191275796921736,0.22691131498470948,0001091667-15-000049,10-K,2014-12-31,177.77000427246094,111999687.0,0.10354378818737271
2015-02-24,JBHT,Transportation Utilities,9050813759.560349,0.1903905576404934,0.06078915347837187,0.04140975717284076,1.1414398173966047,0001437749-15-003305,10-K,2014-12-31,77.63929748535156,116575163.0,0.08006406608898074
2015-02-24,SHPG,Manufacturing,139420011383.05664,0.3101796495037448,0.565500406834825,0.024426192238956177,1.7151791918991364,0000950103-15-001422,10-K,2014-12-31,232.71575927734375,599100000.0,0.060364874083963585
2015-02-24,SNPS,Services,7221686630.741119,0.05504028119731062,0.775687505776765,0.03553421979121031,1.05447753859716,0000883241-15-000004,10-Q,2015-01-31,47.060001373291016,153457000.0,
2015-02-24,TXN,Manufacturing,45820733426.34102,0.15918067938155964,0.5693369106937524,0.061566015841603455,2.9181066867017282,0000097476-15-000003,10-K,2014-12-31,43.37852478027344,1056299947.0,
2015-02-24,VRSK,Services,10648055663.99282,0.20869216698716173,,0.037569488047735446,0.4985063596405928,0001442145-15-000011,10-K,2014-12-31,64.56487274169922,164920261.0,0.03812256697351758
2015-02-25,AAL,Transportation Utilities,32931121922.43269,0.07036622421237806,,0.0875463644023649,0.9015258652772609,0001193125-15-061145,10-K,2014-12-31,47.21480178833008,697474535.0,0.004500696808389116
2015-02-25,GILD,Manufacturing,107436529464.72168,0.36977844449573044,0.4861955719810712,0.1126365218635774,3.0748134004513106,0000882095-15-000008,10-K,2014-12-31,71.67213439941406,1499000000.0,0.02067629240710824
2015-02-25,MAT,Manufacturing,7661523727.904224,0.13218653963391502,0.49819259177608094,0.06511420152404393,2.9257118561108,0001193125-15-062193,10-K,2014-12-31,22.611919403076172,338826775.0,0.057971932950176185
2015-02-26,ALGN,Manufacturing,4525968174.476624,0.22965555563427825,0.75945739070154,0.03222117221733752,3.256314076041445,0001097149-15-000005,10-K,2014-12-31,56.43000030517578,80205000.0,0.08205186857854832
2015-02-26,HAS,Manufacturing,5443348838.814983,0.10026406939588389,0.156942813016824,0.07641068252582318,2.529550651481858,0001193125-15-064946,10-K,2014-12-28,43.31039047241211,125682285.0,0.008490687184999941
2015-02-26,PCAR,Manufacturing,10089332487.079048,0.06590102236793606,0.0715270832236669,0.13467689777694944,,0001193125-15-065702,10-K,2014-12-31,28.49254608154297,354104279.0,
2015-02-26,TSLA,Manufacturing,1736081048.0699704,-0.05026934217731467,0.27566380978227567,-0.1693688208432935,1.5179900397026147,0001564590-15-001031,10-K,2014-12-31,13.812666893005373,125687607.0,
2015-02-27,CMCSA,Transportation Utilities,43117519977.9409,0.10634559021959471,0.12184660123591422,0.19435255098825818,0.7771970132107984,0001193125-15-068526,10-K,2014-12-31,20.899656295776367,2063073161.0,0.05375331839662606
2015-02-27,CTSH,Services,33355044227.607727,0.12569507282072848,0.14024278840977322,0.04314990530903656,2.6041868080401405,0001058290-15-000006,10-K,2014-12-31,54.73441696166992,609398000.0,0.0028793618795458554
2015-02-27,MELI,Services,5724682436.255798,0.0751522089463239,,0.012692536889002251,1.820607949665383,0001193125-15-069727,10-K,2014-12-31,129.6509552001953,44154572.0,
2015-02-27,NCLH,Transportation Utilities,11226732738.132706,0.029236131410859876,0.10824212438029471,0.03013806491097397,0.13597964918031688,0001571049-15-001498,10-K,2014-12-31,49.31999969482422,227630430.0,
2015-02-27,ORLY,Retail,1409774539.8672438,0.18201455865716273,0.5139771851230606,0.5519903913666083,1.0835249329107073,0000898173-15-000076,10-K,2014-12-31,13.875332832336426,101602935.0,0.0630319613730316
2015-03-02,AKAM,Services,12682521401.672768,0.16445393855274937,0.170045532452693,0.0263313571034821,3.7799803000499983,0001086222-15-000066,10-K,2014-12-31,71.12999725341797,178300603.0,0.08099919381159182
2015-03-02,BMRN,Manufacturing,16164732934.74138,-0.05379302480311815,-0.1783779825308905,-0.008287733582784574,6.04748896024841,0001564590-15-001140,10-K,2014-12-31,108.41999816894533,149093647.0,
2015-03-02,SBAC,Finance Real Estate,14753133122.595047,-0.003098534967877696,-0.015910967736020437,-0.0016468366277255133,0.9874278809847455,0001034054-15-000004,10-K,2014-12-31,114.27967834472656,129096733.0,
2015-03-02,WYNN,Services,12455267793.170197,0.12118877250793099,0.13463372116883995,0.05873450592536799,2.118797713920185,0001174922-15-000021,10-K,2014-12-31,122.78543090820312,101439297.0,0.04046878794676427
2015-03-06,NXPI,Manufacturing,21844054253.35312,,,,2.0,0001193125-15-080293,20-F,2014-12-31,86.76831817626953,251751500.0,
2015-03-11,COST,Retail,54004308150.37537,0.12976190476190477,0.01957850860883627,0.04192258131880657,0.9895336730779769,0000909832-15-000003,10-Q,2015-02-15,122.68743133544922,440178000.0,0.062380952380952384
2015-03-12,NVDA,Manufacturing,297188482.48648643,0.12576166083999596,0.5552650033418726,2.121841986351788,6.376234054663349,0001045810-15-000036,10-K,2015-01-25,0.5453870296478271,544913000.0,0.038196770391403415
2015-03-13,DLTR,Retail,16847504539.064056,0.25982618446874123,,0.03557796934318553,2.314995357474466,0000935703-15-000034,10-K,2015-01-31,81.91000366210938,205683113.0,0.09178581440986823
2015-03-18,ADSK,Services,13990010242.462158,0.14410435915177663,0.8638245362630363,0.005847029314655004,1.907935147489465,0000769397-15-000012,10-K,2015-01-31,61.630001068115234,227000000.0,0.12745736497211935
2015-03-25,ADBE,Services,36568508866.57715,0.11071741254105266,0.8495418133767656,0.008374336539598261,2.2213666562276306,0000796343-15-000084,10-Q,2015-02-27,73.12999725341797,500048000.0,0.082898984068743
2015-03-25,PAYX,Services,12591729071.044922,0.11817488630483919,0.24553305539011316,0.05238359214039722,1.1139491398653703,0000723531-15-000004,10-Q,2015-02-28,34.66885757446289,363200000.0,0.02836251736063833
2015-03-25,WDAY,Services,15569620399.475098,-0.10513801850478646,-0.31475389028507605,-0.015927299037320156,3.28887277490585,0001327811-15-000006,10-K,2015-01-31,83.26000213623047,187000000.0,
2015-03-31,ROST,Retail,9796059350.43335,0.2919042919040793,0.08374851030328093,0.09439754976158785,1.3636456771493726,0000745732-15-000009,10-K,2015-01-31,47.21675109863281,207470000.0,0.09528561167936103
2015-04-01,ULTA,Retail,9690500045.776367,0.12965857692482238,0.35071199854135704,0.026534750403522576,3.5049389033187426,0001193125-15-115602,10-K,2015-01-31,150.97999572753906,64184000.0,
2015-04-02,CTAS,Manufacturing,2101820516.5165772,0.10609242663393921,0.10076780217739864,0.2153499770523484,2.9524058622553007,0000723254-15-000006,10-Q,2015-02-28,18.38139915466309,114344969.0,
2015-04-10,MU,Manufacturing,29536532020.568844,0.16344781257872198,0.34198725513334904,0.13180288049013225,2.4072815533980583,0000723125-15-000039,10-Q,2015-03-05,27.323341369628903,1081000000.0,
2015-04-15,CSX,Transportation Utilities,9099275827.931213,0.1035553813214318,0.1553926206244087,0.21661064432729932,1.2055937193326791,0000277948-15-000017,10-Q,2015-03-27,9.209966659545898,987981408.0,0.04411809052802992
2015-04-17,FAST,Retail,2212559513.36574,0.22120995718948142,0.5072992499585993,0.23042318044790375,3.3084269126640304,0000815556-15-000031,10-Q,2015-03-31,7.5268635749816895,293955044.0,0.010880645825365923
2015-04-17,JD,Retail,42563122301.06194,,,,1.722418044819313,0001104659-15-028403,20-F,2014-12-31,29.080041885375977,1463654092.0,
2015-04-17,NFLX,Services,494968184.652503,-0.015935933344775558,0.0408733514977368,0.47958638021685135,1.8409218940531744,0001065280-15-000017,10-Q,2015-03-31,8.164999961853027,60620721.0,-0.041624669151202526
2015-04-22,ISRG,Manufacturing,2113669396.9726562,0.15086520285007998,0.6526306216179346,0.22307178250076146,4.288246881155614,0001035267-15-000036,10-Q,2015-03-31,57.436668395996094,36800000.0,0.03659541466724832
2015-04-22,QCOM,Manufacturing,81998771682.73926,0.12714900472728044,0.26033974755374484,0.08728179524067857,3.361971146052845,0001234452-15-000134,10-Q,2015-03-29,50.21357727050781,1633000000.0,-0.02456913912619507
2015-04-23,EBAY,Services,26527762794.49463,0.12608996231127761,0.6776315789473685,0.11301367639724909,1.5055363125319403,0001065088-15-000116,10-Q,2015-03-31,21.923770904541016,1210000000.0,0.05923150687986441
2015-04-23,META,Services,227432230957.03125,0.13978622610517294,0.20804027541274894,0.012355328829935688,8.593356242840779,0001326801-15-000015,10-Q,2015-03-31,81.69261169433594,2784000000.0,0.07289261313590592
2015-04-23,MSFT,Services,300515121505.7373,0.11319708177923173,0.6500917895803,0.06655239143970387,2.9056149995091785,0001193125-15-144151,10-Q,2015-03-31,37.04118347167969,8113000000.0,
2015-04-24,AAL,Transportation Utilities,34720622408.71986,0.07133079522607691,,0.09605242557986048,0.9926930373076653,0001193125-15-145178,10-Q,2015-03-31,50.044090270996094,693800651.0,
2015-04-24,AMZN,Retail,10370829608.917236,0.15666500249625562,-0.004414770997346788,-0.03914826636925031,1.1184363808948528,0001018724-15-000038,10-Q,2015-03-31,22.2549991607666,466000000.0,0.16477284073889167
2015-04-24,BIIB,Manufacturing,94246978345.77765,0.2346027656445494,0.32358051652154735,0.03477464272621777,2.7020924032142126,0000875045-15-000014,10-Q,2015-03-31,401.7099914550781,234614474.0,0.019259626527995025
2015-04-24,CHKP,Services,16090898496.035477,,,,1.8736807688390766,0001193125-15-146312,20-F,2014-12-31,87.55000305175781,183790953.0,
2015-04-24,JBHT,Transportation Utilities,9534807095.904236,0.21676221938951828,0.06421654556090182,0.0417480915970487,1.054019841774767,0001437749-15-008003,10-Q,2015-03-31,81.80464172363281,116555820.0,0.10067579528357709
2015-04-24,KLAC,Manufacturing,779329833.4461164,0.10955587468534664,0.12638338717649333,0.4527864645443446,4.062103285327381,0000319201-15-000029,10-Q,2015-03-31,4.791013240814209,162664930.0,0.03757420107624709
2015-04-24,NTES,Services,65362006878.6602,,,,4.104599694014925,0001104659-15-030142,20-F,2014-12-31,20.000497817993164,3268019000.0,
2015-04-27,AMGN,Manufacturing,89098369760.13184,0.12678384963452838,0.27742405832320777,0.06406402289252788,5.534090909090909,0000318154-15-000010,10-Q,2015-03-31,117.17302703857422,760400000.0,0.0440016243183664
2015-04-27,CDNS,Services,5490545546.987534,0.10948730884079196,0.1004413328475078,0.029521110172545852,1.4135625503491418,0000813672-15-000013,10-Q,2015-04-04,18.760000228881836,292673000.0,0.05656206480515515
2015-04-27,INTC,Manufacturing,119089657920.8374,0.1313668132996896,0.6392542093867983,0.09879951127092183,1.7602926504822083,0000050863-15-000028,10-Q,2015-03-28,25.11380386352539,4742000000.0,
2015-04-27,TCOM,Services,1159137662.788971,,,,1.343065837938699,0001104659-15-030417,20-F,2014-12-31,32.97972106933594,35146982.0,
2015-04-28,AAPL,Manufacturing,167131483426.79977,0.18303636377558444,0.3965847174827021,0.2860502343410297,1.1560046995521804,0001193125-15-153166,10-Q,2015-03-28,29.004411697387695,5762278000.0,
2015-04-28,ESRX,Retail,63813750000.0,0.08431541409225683,0.07843845890910729,0.03322794852206617,0.6155286506221394,0001532063-15-000007,10-Q,2015-03-31,87.5,729300000.0,0.043463937069767714
2015-04-28,IDXX,Manufacturing,3147047577.2536316,0.1311545519470809,0.5500785435265082,0.05780497292600633,1.0068007144235138,0000874716-15-000009,10-Q,2015-03-31,66.77999877929688,47125601.0,0.004031407100140181
2015-04-28,MAT,Manufacturing,8445298791.258754,0.07399927853507579,0.4949575785977947,0.05351083616695142,3.2646822771084034,0001193125-15-152155,10-Q,2015-03-31,24.96732711791992,338254021.0,
2015-04-28,SBUX,Retail,60404485382.08008,0.29466724634352415,0.14566809029896277,0.042687227342308454,1.2056685220947405,0000829224-15-000017,10-Q,2015-03-29,40.242828369140625,1501000000.0,0.08315355147776583
2015-04-28,SIRI,Transportation Utilities,174248177252.21634,0.05905783257070256,0.11841011130824829,0.0028978495383002773,0.7848982250688733,0001564590-15-002906,10-Q,2015-03-31,31.639842987060547,5507239000.0,
2015-04-28,TMUS,Transportation Utilities,26322335408.1179,0.06853141907422469,0.010995503331473398,0.012726834257141363,1.3452422245346283,0001283699-15-000018,10-Q,2015-03-31,32.48530960083008,810284271.0,0.06260829590862478
2015-04-28,VRSK,Services,10919269877.966728,0.2194278309119696,,0.0350911740695386,0.6396339659326261,0001442145-15-000022,10-Q,2015-03-31,69.06189727783203,158108455.0,0.06007238930022429
2015-04-30,INCY,Services,16846275822.521942,,,,3.068086615394845,0001104659-15-032614,10-Q,2015-03-31,97.16000366210938,173386941.0,
2015-04-30,LRCX,Manufacturing,1026098993.897438,0.08201522296648356,0.4376264612107372,0.7384287524949418,3.493360791609894,0001193125-15-161955,10-Q,2015-03-29,6.474423408508301,158485000.0,
2015-04-30,MAR,Services,19827107302.093506,0.19168014111421433,0.05622146118721461,0.03974356864033295,0.6033003300330033,0001628280-15-003091,10-Q,2015-03-31,71.75934600830078,276300000.0,0.07584889019550198
2015-04-30,MDLZ,Manufacturing,48959627379.12317,0.06007226738934056,0.3696688146261052,0.04789660635775037,0.720515000607312,0001193125-15-160034,10-Q,2015-03-31,29.68185234069824,1649480188.0,0.023549201009251473
2015-04-30,STX,Manufacturing,11394757721.65343,0.2985253088880032,0.13640873015873015,0.16893733478351428,1.9162011173184357,0001104659-15-032642,10-Q,2015-04-03,35.82394790649414,318076549.0,0.10671582303706656
2015-05-01,ALGN,Manufacturing,4777838144.638062,0.23779639344421702,0.7602198967260648,0.03130390680309035,3.2771382275956626,0001097149-15-000012,10-Q,2015-03-31,59.18000030517578,80734000.0,0.09236244475668633
2015-05-01,CHTR,Transportation Utilities,20997438067.571655,0.09463334698893897,-0.024492878722485973,-0.010810842697546884,0.8754813863928113,0001091667-15-000103,10-Q,2015-03-31,187.44000244140625,112022182.0,0.10393281442031954
2015-05-01,EXPE,Transportation Utilities,12199576341.293333,0.0450458841600586,0.07690443090225892,0.037422938897860095,0.6476231312872156,0001193125-15-163181,10-Q,2015-03-31,95.6356964111328,127563000.0,
2015-05-01,ILMN,Manufacturing,26749878482.055664,0.15174303740998024,0.7045704653834843,0.01607603564586186,2.900778738783895,0001110803-15-000116,10-Q,2015-03-29,186.0214080810547,143800000.0,0.028844903522141307
2015-05-04,CMCSA,Transportation Utilities,42873463422.01831,0.11151634258646863,0.12377925455070789,0.19984389681006678,0.6983569343854719,0001193125-15-169012,10-Q,2015-03-31,20.78135871887207,2063073161.0,0.0575470687906675
2015-05-04,CTSH,Services,33570434200.286865,0.13220918179102903,0.13702804933865081,0.04388650415452209,3.4002972241388463,0001058290-15-000012,10-Q,2015-03-31,54.988426208496094,610500000.0,0.0027848445982746805
2015-05-04,HSIC,Wholesale,4672422030.210194,0.07870082892425728,0.28140620979950076,0.10003912253169742,1.8116003022939038,0001000228-15-000017,10-Q,2015-03-28,55.70980453491211,83870731.0,
2015-05-04,VRTX,Manufacturing,30764158784.94726,-0.2514596041142714,-1.1735814932561497,-0.022906655921461693,4.490847710935795,0000875320-15-000029,10-Q,2015-03-31,126.3000030517578,243580032.0,0.07391449086192019
2015-05-05,BMRN,Manufacturing,18259360803.474323,-0.044648543220161555,-0.20349373156342182,-0.008946370125339624,4.98428181443245,0001564590-15-003273,10-Q,2015-03-31,113.91999816894533,160282313.0,
2015-05-05,SHPG,Manufacturing,140938180780.02927,0.25703263322830816,0.5817122832065156,0.025440231881494954,0.5193422404933197,0000950103-15-003615,10-Q,2015-03-31,234.81869506835935,600200000.0,0.054213357619228096
2015-05-05,TXN,Manufacturing,41866138811.37987,0.17237403435950652,0.5779594308204662,0.07141809789221049,3.3648293963254594,0001564590-15-003271,10-Q,2015-03-31,39.981327056884766,1047142301.0,
2015-05-06,ADP,Services,31357058213.043213,0.05574913830971264,0.12389224461002601,0.04480649908082192,1.0676581571690429,0000008670-15-000012,10-Q,2015-03-31,66.56136322021484,471100000.0,0.017885968529103437
2015-05-06,HAS,Manufacturing,6103141078.811588,0.1238372603349291,0.1548837758575089,0.06726208598145908,2.93070411964027,0000046080-15-000047,10-Q,2015-03-29,49.09548568725586,124311655.0,0.02749245336954527
2015-05-06,PCAR,Manufacturing,10127619990.44228,0.0719887045673692,0.07523470678361731,0.1444860689264563,,0001193125-15-174512,10-Q,2015-03-31,28.56747055053711,354515811.0,
2015-05-06,SWKS,Manufacturing,14256491981.506348,0.19558131111915972,0.4571846282372598,0.04545297685016703,5.62257200267917,0000004127-15-000012,10-Q,2015-04-03,74.64131927490234,191000000.0,
2015-05-06,TRIP,Services,8926621051.012207,0.1055396370582617,0.1664156626506024,0.024757408064828783,1.9778761061946903,0001564590-15-003419,10-Q,2015-03-31,68.2963638305664,130704192.0,
2015-05-06,XRAY,Manufacturing,6148787000.354542,0.12804760959945996,0.5542465563007358,0.05105673687865562,1.8132701149685797,0000818479-15-000015,10-Q,2015-03-31,43.80996322631836,140351339.0,0.05645144737652315
2015-05-07,BKNG,Transportation Utilities,2468667703.5047684,0.1439135016362187,0.9084619209909937,0.9818502492493592,3.5036178235051674,0001075531-15-000074,10-Q,2015-03-31,47.52996063232422,51939191.0,
2015-05-07,MELI,Services,6347738384.299866,0.045100897538143066,,0.0069400765017285735,1.8200736477286792,0001562762-15-000125,10-Q,2015-03-31,143.7605743408203,44154932.0,
2015-05-07,REGN,Manufacturing,43880185771.43637,0.14341253564008533,0.11707534269604421,0.008173438505209407,4.309956093066286,0001532176-15-000020,10-Q,2015-03-31,464.7811584472656,94410423.0,0.05799017904416572
2015-05-07,TSCO,Retail,1970383240.2648926,0.20825362509205386,,0.1929147549737067,1.896817095410118,0000916365-15-000078,10-Q,2015-03-28,14.443930625915527,136416000.0,0.04455234904242445
2015-05-08,GILD,Manufacturing,105271825019.83643,0.44234184911667235,0.5168995198250668,0.13495412468932683,2.700861604738826,0000882095-15-000017,10-Q,2015-03-31,71.27408599853516,1477000000.0,0.07160864799979123
2015-05-08,NCLH,Transportation Utilities,12319588030.92865,0.022913398276869387,0.07812537223881519,0.021561516451128998,0.1367552260661714,0001571049-15-003821,10-Q,2015-03-31,54.099998474121094,227718824.0,
2015-05-08,ORLY,Retail,1493798163.0977478,0.18434415853315275,0.5166607330054055,0.5470524868670138,1.1089764498552186,0000898173-15-000123,10-Q,2015-03-31,14.739333152770996,101347744.0,0.06391667194737176
2015-05-08,SBAC,Finance Real Estate,13658442000.914864,-0.013913755784113266,-0.06580603327215573,-0.007668004886134511,1.134520867367598,0001034054-15-000008,10-Q,2015-03-31,105.73514556884766,129175989.0,
2015-05-08,WYNN,Services,10359136271.27472,0.09551055106821917,0.09178586377553076,0.044410748922737046,1.9100221874519059,0001174922-15-000044,10-Q,2015-03-31,102.03573608398438,101524590.0,0.04524032745900206
2015-05-11,AKAM,Services,13597870543.549484,0.16774281254695048,0.1663766846612611,0.024922578790159425,4.609862956733536,0001086222-15-000101,10-Q,2015-03-31,76.0999984741211,178684242.0,0.08274120854907042
2015-05-11,TSLA,Manufacturing,2017500479.566471,-0.06510082466916012,0.28047237764285354,-0.19748148961313453,1.3325316174515287,0001564590-15-003789,10-Q,2015-03-31,15.965999603271484,126362303.0,
2015-05-12,WDC,Manufacturing,14084949714.660645,0.1624934106483922,,0.11089851448842279,2.6193287756370416,0001628280-15-004065,10-Q,2015-04-03,60.97380828857422,231000000.0,0.0595677385345282
2015-05-19,ADI,Manufacturing,15901461561.474838,0.1402273541439815,0.6413886553254796,0.042348056962981676,3.787389102796337,0000006281-15-000015,10-Q,2015-05-02,50.71562194824219,313541685.0,0.04468952503910421
2015-05-20,CSCO,Manufacturing,107528727140.42664,0.08387941098934207,0.603040575243965,0.08285227805556866,2.982619918261992,0000858877-15-000051,10-Q,2015-04-25,21.1130428314209,5093000000.0,
2015-05-20,NVDA,Manufacturing,279602584.99998593,0.13724235358661363,0.5599221518398552,2.2462989746680333,6.60475651189128,0001045810-15-000097,10-Q,2015-04-26,0.5085160732269287,549840211.0,0.05109902619668084
2015-05-21,AMAT,Manufacturing,21783523386.33291,0.09928608228453668,0.4207931404072883,0.05825503879671628,2.762240356083086,0000006951-15-000014,10-Q,2015-04-26,17.687198638916016,1231598278.0,0.005887981158460293
2015-05-21,DLTR,Retail,16223816062.927246,0.07897545357524013,,0.03270500589639109,9.195823483057525,0000935703-15-000050,10-Q,2015-05-02,78.68000030517578,206200000.0,0.03015861332940787
2015-05-21,EA,Services,18859769744.873047,0.142345859768993,0.6834994462901439,0.04639505210491052,1.3542045868219876,0000712515-15-000033,10-K,2015-03-31,60.83796691894531,310000000.0,
2015-05-22,INTU,Services,26905085107.02436,0.3093484419263456,0.07338195077484047,0.01196799782342753,1.3485418626528691,0000896878-15-000050,10-Q,2015-04-30,97.2264175415039,276726077.0,0.24853635505193578
2015-05-22,SNPS,Services,7651914663.406372,0.0523312154514339,0.7747499966436289,0.03252728381698914,1.1659854283424325,0000883241-15-000008,10-Q,2015-04-30,49.349998474121094,155054000.0,
2015-05-22,TTWO,Services,2408584580.2230835,0.0953852359822509,0.26600876504472093,-0.11603080178073524,1.843507958520481,0001047469-15-004959,10-K,2015-03-31,27.260000228881836,88356000.0,0.2206463179597508
2015-05-27,MCHP,Manufacturing,3930472512.690113,0.07718702210318837,0.5726797314996116,0.0938841319481563,7.527762082876611,0000827054-15-000103,10-K,2015-03-31,19.45005226135254,202080306.0,
2015-05-28,ADSK,Services,12393995264.456863,0.12058460185514772,0.861585223287351,0.005857675305734556,1.8428717625757696,0000769397-15-000024,10-Q,2015-04-30,54.54999923706055,227204316.0,0.10538327854435812
2015-06-04,COST,Retail,51621873150.146484,0.12239109014362068,0.019897536741875388,0.04469035816057856,1.0536567877629064,0000909832-15-000008,10-Q,2015-05-10,117.389404296875,439749000.0,0.0535069123047983
2015-06-04,ULTA,Retail,10006441108.24585,0.13192226380699063,0.3516242942220518,0.027395154484455383,3.4540665790900373,0001193125-15-213217,10-Q,2015-05-02,155.89999389648438,64185000.0,
2015-06-05,WDAY,Services,15002819480.895996,-0.10499248497729964,-0.2845599945397461,-0.01667359927369202,3.1820272626073804,0001327811-15-000014,10-Q,2015-04-30,79.37999725341797,189000000.0,
2015-06-10,ROST,Retail,9118684473.79889,0.2597778101473466,0.08522844738474261,0.1056090933694521,1.362387103172755,0000745732-15-000017,10-Q,2015-05-02,43.94773864746094,207489276.0,0.06467926067994868
2015-06-24,ADBE,Services,41556219160.30884,0.11847081286866738,0.8458330383193305,0.0087881671475256,2.1571119335602438,0000796343-15-000151,10-Q,2015-05-29,83.4000015258789,498276000.0,0.08576230658634817
2015-07-10,MU,Manufacturing,18555211887.35962,0.14234563971992362,0.3347404720851418,0.1928299187161233,2.1918528252299607,0000723125-15-000063,10-Q,2015-06-04,17.133159637451172,1083000000.0,
2015-07-15,CSX,Transportation Utilities,8979829657.162872,0.10302868816058265,0.1595489443378119,0.22216457061729045,1.501124859392576,0000277948-15-000034,10-Q,2015-06-26,9.128280639648438,983737246.0,0.04396482813749001
2015-07-17,FAST,Retail,2270133311.7864604,0.21669961127511758,0.506035956551895,0.22891519070792019,4.194336016299524,0000815556-15-000057,10-Q,2015-06-30,7.824015617370605,290149384.0,0.007234781122578128
2015-07-17,NFLX,Services,4889257546.141927,-0.03983744561418336,0.03152773821524046,0.03941232348295001,1.7392515501997008,0001065280-15-000031,10-Q,2015-06-30,11.47700023651123,426004831.0,-0.059795992920043076
2015-07-21,EBAY,Services,30812964408.87451,0.11643085549082308,0.6802939064140103,0.07805156193629102,1.6734466588511137,0001065088-15-000186,10-Q,2015-06-30,25.29800033569336,1218000000.0,0.06375662534495598
2015-07-21,PAYX,Services,12125195915.222168,0.10411106826070189,0.24634983209227623,0.05566095630279422,1.1159413951454187,0000723531-15-000011,10-K,2015-05-31,33.5692024230957,361200000.0,
2015-07-22,AAPL,Manufacturing,159376395719.14673,0.18574707762373194,0.3971123800353932,0.3183470160123887,1.0868193306272498,0001193125-15-259935,10-Q,2015-06-27,27.934307098388672,5705400000.0,
2015-07-22,ISRG,Manufacturing,2260617797.8515625,0.15009760018371798,0.6499340079190498,0.2220631901938881,4.559865092748735,0001035267-15-000071,10-Q,2015-06-30,61.0977783203125,37000000.0,0.034814559650935814
2015-07-22,QCOM,Manufacturing,74289287269.59229,0.10404436370589923,0.23015424067579288,0.08215181790414146,4.2623705408515535,0001234452-15-000208,10-Q,2015-06-28,47.078128814697266,1578000000.0,-0.012658954010899703
2015-07-23,CMCSA,Transportation Utilities,45751577346.006,0.114182647143555,0.12251297121725559,0.1904415214825511,0.7582692855109593,0001193125-15-260886,10-Q,2015-06-30,22.176420211791992,2063073161.0,0.05961521600260531
2015-07-23,TRIP,Services,10900245302.005219,0.09266578831796222,0.14964539007092198,0.019357362532124323,1.9386973180076628,0001564590-15-005617,10-Q,2015-06-30,83.03166198730469,131278178.0,
2015-07-24,AAL,Transportation Utilities,25573378852.66316,0.08721901896883096,,0.1632557052415162,0.9377866400797608,0001193125-15-261937,10-Q,2015-06-30,37.70277786254883,678288983.0,
2015-07-24,AMZN,Retail,12388428314.208984,0.17124332570556827,-0.001962237368096943,-0.015175452061531666,1.1036717965874874,0001018724-15-000087,10-Q,2015-06-30,26.47100067138672,468000000.0,0.1748283752860412
2015-07-24,BIIB,Manufacturing,70575910198.2146,0.21642794861392606,0.3388930366410451,0.04945278056206058,2.1984954410149022,0000875045-15-000024,10-Q,2015-06-30,300.0299987792969,235229512.0,0.008173315971297149
2015-07-27,CDNS,Services,5527478399.925232,0.16306492378351653,0.11932327907620531,0.03563722655210458,2.0237066309164655,0000813672-15-000024,10-Q,2015-07-04,18.969999313354492,291380000.0,0.08032123959266638
2015-07-27,INTC,Manufacturing,104876751598.35815,0.12902798037395571,0.6345043528623916,0.11133067931694776,1.9742774780102004,0000050863-15-000055,10-Q,2015-06-27,22.065380096435547,4753000000.0,
2015-07-28,ESRX,Retail,62421164144.134514,0.08754564488950756,0.07938120882542714,0.03532936352977684,0.607336408550111,0001532063-15-000010,10-Q,2015-06-30,92.37999725341795,675700000.0,0.04502793640755922
2015-07-28,MAT,Manufacturing,6907264673.807373,0.06760452372838606,0.49782013741815917,0.05968194639525353,2.8434033140228894,0001193125-15-265703,10-Q,2015-06-30,20.415191650390625,338339448.0,
2015-07-28,SBUX,Retail,67950302764.89258,0.2735608603754818,0.14610905815385783,0.03962601917045714,1.1757137212288846,0000829224-15-000029,10-Q,2015-06-28,45.57975769042969,1490800000.0,0.06432612209374612
2015-07-28,SIRI,Transportation Utilities,170345562067.65366,0.05801960996761326,0.11208782422105036,0.002863784615687578,0.6291749701691367,0001564590-15-005695,10-Q,2015-06-30,31.719945907592773,5370298000.0,
2015-07-28,VRSK,Services,11034350996.25206,0.09663271558607212,,0.041542180428708275,0.3567064880445226,0001442145-15-000034,10-Q,2015-06-30,69.63233947753906,158465895.0,0.017266762274737984
2015-07-29,HSIC,Wholesale,4807325425.748703,0.07683356301221202,0.28316174112716147,0.09758378275939968,1.7750732858324647,0001000228-15-000029,10-Q,2015-06-27,57.46666717529297,83654154.0,
2015-07-29,PYPL,Services,45826223167.41943,,,,1.5665130324221233,0001633917-15-000008,10-Q,2015-06-30,37.6241569519043,1218000000.0,
2015-07-30,ALGN,Manufacturing,4993102888.870239,0.23115437675788295,0.7605552415049306,0.029103145525783386,2.9512436918246046,0001097149-15-000024,10-Q,2015-06-30,62.36000061035156,80069000.0,0.08987721919809913
2015-07-30,CTAS,Manufacturing,2117071591.4476032,0.10271248861050553,0.0961869478025574,0.20340266325408185,2.7949193151042255,0000723254-15-000017,10-K,2015-05-31,18.95269203186035,111702949.0,
2015-07-30,HAS,Manufacturing,6984642538.299316,0.1373742143604499,0.16008714430408777,0.05996641885441197,2.9852587718373056,0000046080-15-000079,10-Q/A,2015-06-28,56.110870361328125,124479312.0,0.03838262657975797
2015-07-30,IDXX,Manufacturing,6608651900.756836,0.125958967624901,0.5510356546259327,0.02748049113907812,1.0742892957179777,0000874716-15-000012,10-Q,2015-06-30,71.33999633789062,92636000.0,0.0030317388331968296
2015-07-30,JBHT,Transportation Utilities,8875943948.31601,0.22933564778286256,0.06591567105015762,0.04597494107400502,1.012908750265579,0001437749-15-014312,10-Q,2015-06-30,76.35164642333984,116250852.0,0.11225386259629593
2015-07-30,MAR,Services,17459666798.40088,0.20677108052523335,0.05878630194782364,0.04788178432343101,0.5419391526869491,0001628280-15-005584,10-Q,2015-06-30,65.31861877441406,267300000.0,0.07451352634076887
2015-07-30,SHPG,Manufacturing,154762235168.45703,0.244396817474531,0.5180730640596861,0.020819032475803207,0.5902528330745521,0000950103-15-005935,10-Q,2015-06-30,257.7222900390625,600500000.0,0.0552068347963947
2015-07-30,TMUS,Transportation Utilities,30279765101.65869,0.07111631810869413,0.009694542449381774,0.0100727333576076,1.4105759922555663,0001283699-15-000038,10-Q,2015-06-30,37.16158676147461,814813568.0,0.0657830314051899
2015-07-30,XRAY,Manufacturing,6756860496.918068,0.12262195235854469,0.5587216310571551,0.03966975492867723,2.0724077569485115,0000818479-15-000034,10-Q,2015-06-30,48.32714080810547,139815027.0,0.06301387044349305
2015-07-31,EXPE,Transportation Utilities,14743650333.702087,0.06903483000147229,0.133805849770308,0.055401137541417816,0.8361597445673993,0001193125-15-271360,10-Q,2015-06-30,114.3920669555664,128887000.0,
2015-07-31,ILMN,Manufacturing,30740398114.01367,0.14160418565400845,0.7099488544398904,0.015799209828014395,3.0862447296956224,0001110803-15-000140,10-Q,2015-06-28,213.32684326171875,144100000.0,0.010451713080168776
2015-07-31,MDLZ,Manufacturing,56995439199.6409,0.05781811480696582,0.377262964099417,0.037353866026764715,0.7081248510841077,0001193125-15-272328,10-Q,2015-06-30,35.039127349853516,1626622679.0,0.025123621732854203
2015-07-31,META,Services,260563790496.82617,0.1452753229095853,0.1870346335132181,0.010507983456870039,9.011695906432749,0001326801-15-000028,10-Q,2015-06-30,93.1916275024414,2796000000.0,0.08323136188533878
2015-07-31,MSFT,Services,322462641441.3452,0.06919074127667785,0.646954477452447,0.037812132113970366,2.501343816438686,0001193125-15-272806,10-K,2015-06-30,40.17224884033203,8027000000.0,
2015-08-04,CHTR,Transportation Utilities,21452324644.5,0.1275477798949131,-0.032206801567962705,-0.014170958394382694,0.2787286063569682,0001091667-15-000185,10-Q,2015-06-30,191.5,112022583.0,0.145100756394711
2015-08-04,INCY,Services,19774214605.589428,,,,3.808294193441124,0001104659-15-055876,10-Q,2015-06-30,109.73999786376952,180191498.0,
2015-08-04,REGN,Manufacturing,54397500555.04596,0.11441295170942153,0.1356045585461552,0.008466565472690235,3.795813093682569,0001532176-15-000029,10-Q,2015-06-30,576.1810913085938,94410423.0,0.012676028336834571
2015-08-04,TXN,Manufacturing,38646020518.26256,0.17128678986995208,0.5805961070559611,0.07770528400410341,2.5242718446601944,0001564590-15-006014,10-Q,2015-06-30,37.14665603637695,1040363377.0,
2015-08-04,VRTX,Manufacturing,34281141395.971695,-0.2156256357744686,-1.1688222782617557,-0.021416148065777962,3.463374377713517,0000875320-15-000047,10-Q,2015-06-30,140.3000030517578,244341701.0,0.09361927792447831
2015-08-05,AMGN,Manufacturing,97123987487.03003,0.13100872080776307,0.2799903684083795,0.05986162790913423,5.4761282832680305,0000318154-15-000022,10-Q,2015-06-30,127.94623565673828,759100000.0,0.049361737982558385
2015-08-05,BKNG,Transportation Utilities,2743422361.7260284,0.13886151135943323,0.9161279359285994,0.8618589076865317,2.4304222285972905,0001075531-15-000055,10-Q,2015-06-30,52.92417907714844,51836843.0,
2015-08-05,BMRN,Manufacturing,23130483710.87079,-0.058059757902084834,-0.24590243857140204,-0.009158563333478373,3.491271311230242,0001564590-15-006130,10-Q,2015-06-30,143.66000366210938,161008514.0,
2015-08-05,GILD,Manufacturing,120393374565.12451,0.47038805627186153,0.5152894625138625,0.12495101208299986,2.0272268907563027,0000882095-15-000026,10-Q,2015-06-30,81.73345184326172,1473000000.0,0.08630773355120382
2015-08-05,SWKS,Manufacturing,13466483619.689941,0.21146576471591394,0.46588926933264424,0.05524827572003761,5.699373040752351,0000004127-15-000027,10-Q,2015-07-03,70.5051498413086,191000000.0,
2015-08-05,TSCO,Retail,2142271909.2264175,0.20961356421737617,,0.18673446553498174,1.9440786694223855,0000916365-15-000093,10-Q,2015-06-27,15.771597862243652,135831000.0,0.03348479044763503
2015-08-06,CTSH,Services,35811028997.421265,0.1316180409574829,0.13440954778197625,0.04248638038604144,3.4609762330692564,0001058290-15-000021,10-Q,2015-06-30,58.754764556884766,609500000.0,0.0026527429307655792
2015-08-06,MCHP,Manufacturing,3509061462.878271,0.14910484590749198,0.57248972172452,0.116773959172517,6.0584623483782245,0000827054-15-000134,10-Q,2015-06-30,17.33661460876465,202407537.0,0.06473830987742396
2015-08-06,MELI,Services,5297152696.875962,0.08730919476600352,,0.016822399711557082,1.5834169851220352,0001562762-15-000219,10-Q,2015-06-30,119.9656219482422,44155589.0,
2015-08-06,PCAR,Manufacturing,9930666393.180573,0.07430668727498564,0.07972404947871002,0.16024100870942073,,0001193125-15-281040,10-Q,2015-06-30,27.98973846435547,354796684.0,
2015-08-06,SBAC,Finance Real Estate,14340706182.105385,-0.008638052555882373,-0.04136395224931663,-0.004669295859610822,1.09688779636623,0001034054-15-000012,10-Q,2015-06-30,110.7779769897461,129454487.0,
2015-08-07,ADP,Services,29356211697.387695,0.057552740067350235,0.13251165463950443,0.04947845501908725,1.0625329630408245,0000008670-15-000021,10-K,2015-06-30,62.942134857177734,466400000.0,0.013684480753839417
2015-08-07,KLAC,Manufacturing,678037422.9969978,0.1255500400744963,0.1301178479834573,0.5400262398224902,3.8977043472358233,0000319201-15-000053,10-K,2015-06-30,4.295426845550537,157851000.0,0.049678285093364874
2015-08-07,NCLH,Transportation Utilities,13990586829.960117,0.026738825367894466,0.08401762475531255,0.02233694724875889,0.161642188960134,0001571049-15-006416,10-Q,2015-06-30,61.060001373291016,229128505.0,
2015-08-07,ORLY,Retail,1623085447.6568909,0.18496262904821983,0.518054103525632,0.5206423366187664,1.033976870957797,0000898173-15-000163,10-Q,2015-06-30,16.297332763671875,99592091.0,0.05823371920265105
2015-08-07,TSLA,Manufacturing,2054883411.3941822,-0.08050882898371027,0.2665151090062136,-0.25341875705088696,1.102430057524195,0001564590-15-006666,10-Q,2015-06-30,16.167333602905273,127100947.0,
2015-08-07,WYNN,Services,9113218738.297348,0.07611233472820655,0.06736317363766223,0.034303028268846986,1.701344644647092,0001174922-15-000064,10-Q,2015-06-30,89.75288391113281,101536779.0,0.04243684343989826
2015-08-10,AKAM,Services,13411033856.34652,0.1773314887905294,0.15854997820703884,0.024845810067231737,3.30653970514757,0001086222-15-000161,10-Q,2015-06-30,75.01000213623047,178789941.0,0.09667316613835765
2015-08-10,KHC,Manufacturing,28365448335.81546,,,,1.7297399170750094,0001637459-15-000021,10-Q,2015-06-28,48.29542922973633,587331944.0,
2015-08-10,TTWO,Services,2732992127.1743774,0.17249481850749213,0.23481639506493296,-0.11382762390963559,1.724646117689596,0001047469-15-006749,10-Q,2015-06-30,30.940000534057617,88332000.0,0.3047270173815908
2015-08-11,EA,Services,22279774063.11035,0.17164831323195245,0.7257992895204263,0.04407585091385386,1.6392311483489403,0000712515-15-000053,10-Q,2015-06-30,71.63914489746094,311000000.0,
2015-08-12,STX,Manufacturing,10039768599.76007,0.26886744540375823,0.12679234296528133,0.17350997512448943,2.3764404609475034,0001047469-15-006787,10-K,2015-07-03,31.8272647857666,315445536.0,0.09192483494159472
2015-08-13,LRCX,Manufacturing,981443950.0350952,0.07000551435569174,0.43434122181760654,0.6679719203287742,2.3831199899975717,0001193125-15-290023,10-K,2015-06-28,6.190864562988281,158531000.0,
2015-08-18,ADI,Manufacturing,14604094741.642044,0.13624761570246602,0.6431517355899514,0.04856637898805167,3.9232460742883615,0000006281-15-000027,10-Q,2015-08-01,46.55807876586914,313674772.0,0.03683658221977347
2015-08-19,NVDA,Manufacturing,299949659.127018,0.1529376701533171,0.5571880643428225,1.7539443169602589,5.9914529914529915,0001045810-15-000143,10-Q,2015-07-26,0.5579834580421448,537560128.0,0.07755509385298753
2015-08-20,AMAT,Manufacturing,16940404076.698818,0.08355508249068654,0.41360544217687073,0.07656251846932018,2.3321192052980133,0000006951-15-000026,10-Q,2015-07-26,14.10972023010254,1200619417.0,-0.015053599939177374
2015-08-21,WDC,Manufacturing,11680933380.126953,0.1476846057571965,,0.1254180596982463,2.6270820481184454,0000106040-15-000010,10-K,2015-07-03,50.78666687011719,230000000.0,0.051182399051445886
2015-08-24,SNPS,Services,7125955418.964386,0.04816882291623772,0.771885870238972,0.0334870183673812,1.115253233818232,0000883241-15-000011,10-Q,2015-07-31,45.70000076293945,155929000.0,
2015-08-31,ADSK,Services,10642741892.75,0.10425324796884945,0.8580713779248405,-0.018247177462068494,2.2071852641193486,0000769397-15-000040,10-Q,2015-07-31,46.75,227652233.0,0.14060803474484257
2015-09-01,DLTR,Retail,16346855358.12378,0.031137753469644012,,0.019031183257236985,2.1823662759851445,0000935703-15-000082,10-Q,2015-08-01,69.6500015258789,234700000.0,0.012357305419224756
2015-09-01,INTU,Services,21320942135.60486,0.3027375201288245,0.08352402745995423,0.01711931854035986,1.4678899082568808,0000896878-15-000116,10-K,2015-07-31,76.77523040771484,277706000.0,0.2292673107890499
2015-09-03,ULTA,Retail,10172632041.19873,0.13587676224414083,0.3507578386676328,0.028262400412756992,3.554930391611338,0001193125-15-311849,10-Q,2015-08-01,158.92999267578125,64007000.0,
2015-09-04,WDAY,Services,13387189300.53711,-0.10244225994359797,-0.25677746370241517,-0.01870123700947109,3.030745988437866,0001327811-15-000021,10-Q,2015-07-31,70.08999633789062,191000000.0,
2015-09-08,CSCO,Manufacturing,96060893983.84094,0.07914100157735657,0.6037509407863957,0.09349277971024042,3.229183422935275,0000858877-15-000070,10-K,2015-07-25,18.89103126525879,5085000000.0,
2015-09-09,ROST,Retail,9147777184.013042,0.25318574451361275,0.08511869020594325,0.10735875833490346,1.4143902958660395,0000745732-15-000022,10-Q,2015-08-01,44.476070404052734,205678629.0,0.04961358156534083
2015-09-23,ADBE,Services,42639277500.0,0.12293112984043388,0.845718569141259,0.01160859257054719,2.1961652046230276,0000796343-15-000188,10-Q,2015-08-28,85.5,498705000.0,0.07992061447317371
2015-09-30,PAYX,Services,12304506227.493286,0.11912084238676249,0.25491809142284855,0.057921869177288685,1.133896797153025,0000723531-15-000015,10-Q,2015-08-31,34.131778717041016,360500000.0,
2015-10-09,CTAS,Manufacturing,2196730752.3143234,0.1020364307198561,0.09198047357292205,0.1915077665102057,1.807468993856103,0000723254-15-000031,10-Q,2015-08-31,19.966346740722656,110021667.0,
2015-10-14,COST,Retail,54920678374.51172,0.07108253588516747,0.02045628619867641,0.043280601594009954,1.045888754534462,0000909832-15-000014,10-K,2015-08-30,125.4034194946289,437952000.0,
2015-10-14,CSX,Transportation Utilities,7519826634.798288,0.10445391738938703,0.1630666012109311,0.2650327057777257,1.3017689906347554,0000277948-15-000039,10-Q,2015-09-25,7.713079452514648,974944791.0,0.045862119653094224
2015-10-16,FAST,Retail,2043837020.319992,0.22780436801204837,0.5050616529051957,0.25581687522136215,4.542712066905615,0000815556-15-000067,10-Q,2015-09-30,7.056125640869141,289654284.0,0.018269314388743213
2015-10-16,NFLX,Services,4230716734.647705,-0.054774140309049764,0.025281225964173364,0.038488513935821166,1.666871070904628,0001065280-15-000038,10-Q,2015-09-30,9.89900016784668,427388288.0,-0.07119503740671766
2015-10-21,BIIB,Manufacturing,64986662775.28458,0.17408837975088054,0.34064203830626766,0.055379655552473324,3.519736382522491,0000875045-15-000034,10-Q,2015-09-30,276.3399963378906,235169225.0,0.00046453247067014633
2015-10-21,ISRG,Manufacturing,2069777062.6068115,0.14580441236144628,0.6540257718585142,0.26360326909451587,5.012118679481822,0001035267-15-000104,10-Q,2015-09-30,55.4900016784668,37300000.0,0.029280481814492876
2015-10-22,KLAC,Manufacturing,847148370.9109287,0.1672955509816305,0.1417382663679476,0.4707817587740284,4.015792561740569,0000319201-15-000060,10-Q,2015-09-30,5.3776655197143555,157530878.0,0.08005122368294693
2015-10-22,MSFT,Services,332128175468.44476,0.07098486951693504,0.6477225148196303,0.036952601153725506,2.4627219174477215,0001193125-15-350718,10-Q,2015-09-30,41.58880233764648,7986000000.0,
2015-10-22,SIRI,Transportation Utilities,166437239845.94537,0.06365564120148667,0.11606467744594236,0.0031135640105523195,0.5847273778309969,0001564590-15-008553,10-Q,2015-09-30,31.800039291381836,5233869000.0,
2015-10-23,AAL,Transportation Utilities,27876949167.284546,0.10111875192445859,0.11864161849710983,0.17670513263269816,0.967869500741473,0001193125-15-351246,10-Q,2015-09-30,43.5504150390625,640107543.0,
2015-10-23,AMZN,Retail,14047253471.374512,0.1747110083585275,0.003260826341114248,0.02334976019820517,1.0822298083055109,0001018724-15-000126,10-Q,2015-09-30,29.951499938964844,469000000.0,0.16887782322603592
2015-10-23,JBHT,Transportation Utilities,8131481869.493408,0.2436230984660429,0.06813250083952085,0.05174899320364784,1.411954459900597,0001437749-15-018776,10-Q,2015-09-30,70.95417022705078,114601888.0,0.12405377942660738
2015-10-27,CDNS,Services,6470538000.0,0.16619164872122652,0.14077049598897934,0.0366388389960773,2.044717225844555,0000813672-15-000032,10-Q,2015-10-03,21.75,297496000.0,0.06449333802345633
2015-10-27,CMCSA,Transportation Utilities,45263173044.17761,0.11610614124485713,0.1111963505349535,0.17932900974656973,0.6625381646408203,0001193125-15-354626,10-Q,2015-09-30,21.93968391418457,2063073161.0,0.06504233822770795
2015-10-27,ESRX,Retail,56843017063.90381,0.09421211043050974,0.08080067524462896,0.04019315156040195,0.6415966229127378,0001532063-15-000013,10-Q,2015-09-30,84.05000305175781,676300000.0,0.050272614502899236
2015-10-27,MAT,Manufacturing,7284258916.536331,0.045745639165474854,0.4930256888254619,0.04175949859627465,2.208118351995494,0001193125-15-354462,10-Q,2015-09-30,21.512022018432617,338613400.0,
2015-10-27,MU,Manufacturing,17631577743.530273,0.12007621256678955,0.32207262845849804,0.164420906748618,2.201280409731114,0000723125-15-000112,10-K,2015-09-03,16.26529312133789,1084000000.0,
2015-10-27,TMUS,Transportation Utilities,30449594377.119095,0.07757426504540557,0.016802252816020026,0.017635702904585188,1.4311885106864186,0001283699-15-000055,10-Q,2015-09-30,37.314598083496094,816023646.0,0.06839053922323124
2015-10-27,VRSK,Services,12867853404.546814,0.11227088622958457,,0.03817186787552612,0.40094680670163646,0001442145-15-000046,10-Q,2015-09-30,76.37309265136719,168486740.0,0.024856484947670416
2015-10-28,AAPL,Manufacturing,149105572602.40176,0.1838136319665105,0.4005990201741437,0.3580952681250757,1.1087706239920605,0001193125-15-356351,10-K,2015-09-26,26.72740173339844,5578753000.0,
2015-10-28,EBAY,Services,30061051488.876343,0.25269931290217035,0.695147346500915,0.0755462596123875,1.866546438232642,0001065088-15-000252,10-Q,2015-09-30,24.988405227661133,1203000000.0,0.12885810884502127
2015-10-28,IDXX,Manufacturing,6285503833.0078125,0.11757976184834926,0.5499669919429456,0.027633425197814865,1.0104635739106607,0000874716-15-000015,10-Q,2015-09-30,68.91999816894531,91200000.0,
2015-10-28,INTC,Manufacturing,128844838047.02759,0.11636496468869226,0.6292375185816322,0.08900628208181882,2.4008620689655173,0000050863-15-000072,10-Q,2015-09-26,27.23992347717285,4730000000.0,
2015-10-29,ALGN,Manufacturing,5227354557.189941,0.21327816281047313,0.7593443186984677,0.025765231442881467,2.9108424569855753,0001097149-15-000026,10-Q,2015-09-30,65.69999694824219,79564000.0,0.08852015910156157
2015-10-29,CHTR,Transportation Utilities,21700617210.50949,0.06449163344452581,-0.020516559050197874,-0.009078082806999331,0.22197922361946418,0001091667-15-000263,10-Q,2015-09-30,193.3300018310547,112246506.0,0.06983429609741545
2015-10-29,MAR,Services,17885763130.18799,0.22005525759791972,0.05955784922240045,0.04774747343928534,0.4910230834995725,0001628280-15-007991,10-Q,2015-09-30,69.45927429199219,257500000.0,0.08126117341134406
2015-10-29,MDLZ,Manufacturing,58128368169.30725,0.057614098508811565,0.38013632563822264,0.14615927244429391,0.8927183398108088,0001193125-15-357422,10-Q,2015-09-30,36.075286865234375,1611307164.0,-0.07035698147311342
2015-10-29,PYPL,Services,43362837867.73682,,,,1.5723684210526316,0001633917-15-000052,10-Q,2015-09-30,35.6016731262207,1218000000.0,
2015-10-30,EXPE,Transportation Utilities,16726293318.725586,0.06796367378191225,0.13317665466825745,0.05039801610176641,0.5341425014214191,0001193125-15-358395,10-Q,2015-09-30,128.6746826171875,129989000.0,
2015-10-30,SHPG,Manufacturing,133950305136.1084,0.23663313012788192,0.5090089372480923,0.02385287586133845,0.6345644272482119,0000950103-15-008508,10-Q,2015-09-30,223.02748107910156,600600000.0,0.05357061007471238
2015-10-30,STX,Manufacturing,7016166665.188375,0.31600396519440466,0.10831586303284417,0.19882651974638432,1.7961736571008093,0001104659-15-074539,10-Q,2015-10-02,23.46660041809082,298985219.0,0.1623526820134376
2015-10-30,VRTX,Manufacturing,30641915070.30295,-0.19362750837820816,-0.8686381441899871,-0.021514941167594653,3.625601732456082,0000875320-15-000056,10-Q,2015-09-30,124.73999786376952,245646269.0,0.07722742012815978
2015-10-30,XRAY,Manufacturing,7344047586.682938,0.12803166598518922,0.5640813336825521,0.03775438499374344,1.2943004071137776,0000818479-15-000045,10-Q,2015-09-30,52.52943420410156,139808237.0,0.06504724910272136
2015-11-02,AMGN,Manufacturing,89264932237.24367,0.13165620782256607,0.2998089201659132,0.07206637409305044,5.421353803210049,0000318154-15-000025,10-Q,2015-09-30,118.2473602294922,754900000.0,0.04214612698103494
2015-11-02,BMRN,Manufacturing,18837693153.971252,-0.08557947039507534,-0.34717109938503377,-0.016467674542973577,3.0105405758391357,0001564590-15-009051,10-Q,2015-09-30,116.83999633789062,161226410.0,
2015-11-02,ILMN,Manufacturing,20950533546.447754,0.149928968370033,0.7118905835906219,0.02436033425442446,3.785906480525197,0001110803-15-000157,10-Q,2015-09-27,144.78599548339844,144700000.0,0.013232721261384613
2015-11-03,INCY,Services,22312889680.284595,,,,4.863941780096648,0001558370-15-002176,10-Q,2015-09-30,119.98999786376952,185956247.0,
2015-11-03,LRCX,Manufacturing,1041993570.3582764,0.0837126245422996,0.4382627820950004,0.770806099814837,2.8554555091476947,0001193125-15-364406,10-Q,2015-09-27,6.5906829833984375,158101000.0,
2015-11-04,GILD,Manufacturing,109198730278.01514,0.3648649604044473,0.5377937482112761,0.15487359566308873,2.768162393162393,0000882095-15-000033,10-Q,2015-09-30,75.36144256591797,1449000000.0,0.030879929695677075
2015-11-04,HAS,Manufacturing,6787242002.292595,0.10854067663614575,0.17288215617951003,0.06570945898928532,2.644575514804435,0000046080-15-000099,10-Q,2015-09-27,54.3402214050293,124902730.0,0.011169050745309312
2015-11-04,HSIC,Wholesale,5065881323.128372,0.07566061550408863,0.28408303220611747,0.09516132914505386,1.7360518472069755,0001000228-15-000035,10-Q,2015-09-26,60.7529411315918,83384956.0,
2015-11-04,NCLH,Transportation Utilities,13524018385.952885,0.030919460142085346,0.08864474693186028,0.026857106344758068,0.1814664033213753,0001571049-15-008804,10-Q,2015-09-30,58.939998626708984,229453999.0,
2015-11-04,QCOM,Manufacturing,67921889007.56836,0.10839436176076857,0.20845694395000197,0.0775891259357168,3.6227868852459015,0001234452-15-000271,10-K,2015-09-27,44.56816864013672,1524000000.0,0.00464603512087566
2015-11-04,REGN,Manufacturing,52811285591.663635,0.24064450217686378,0.15526289528831558,0.011195296485895963,3.640376059538225,0001532176-15-000037,10-Q,2015-09-30,559.3798217773438,94410423.0,0.12657008652466806
2015-11-05,ADP,Services,31796946598.815918,0.04713745953351192,0.13456740080169347,0.04698249862946372,1.1349817394018948,0000008670-15-000026,10-Q,2015-09-30,68.61663055419922,463400000.0,0.003685249983275306
2015-11-05,CTSH,Services,35770821289.0625,0.14570869607747236,0.13106593894042545,0.04369642473034103,3.4006295809058447,0001058290-15-000033,10-Q,2015-09-30,58.833587646484375,608000000.0,0.018295265577619093
2015-11-05,MELI,Services,5102856659.222534,0.09448230117474467,,0.019789959966342856,1.7021379702758697,0001562762-15-000287,10-Q,2015-09-30,115.56422424316406,44156024.0,
2015-11-05,META,Services,302739556640.625,0.15827756138500937,0.17744870427307524,0.009341362692675976,10.680245535714286,0001326801-15-000032,10-Q,2015-09-30,107.813232421875,2808000000.0,0.0974197852331662
2015-11-05,PCAR,Manufacturing,8426242823.883349,0.07672469074991403,0.083057915679439,0.19594735572064464,,0001193125-15-368291,10-Q,2015-09-30,23.73800468444824,354968454.0,
2015-11-05,TRIP,Services,9709115137.003418,0.10509554140127389,0.15703602991162474,0.02379207546109036,2.648876404494382,0001564590-15-009651,10-Q,2015-09-30,73.9076919555664,131368128.0,
2015-11-05,TSCO,Retail,2134993647.2511292,0.19875062792296605,,0.19238698931439305,2.054745717114044,0000916365-15-000103,10-Q,2015-09-26,15.856464385986328,134645000.0,0.030452932205626025
2015-11-05,TSLA,Manufacturing,2022594947.049141,-0.08955233768228063,0.2551631256820331,-0.3341726928498939,1.1742615136596037,0001564590-15-009741,10-Q,2015-09-30,15.451333045959473,130901000.0,
2015-11-05,TXN,Manufacturing,44197555818.09828,0.1798669891172914,0.5801987767584098,0.06731141450998018,2.9156,0001564590-15-009541,10-Q,2015-09-30,43.06134796142578,1026385794.0,
2015-11-06,KHC,Manufacturing,53535250792.30589,,,,1.8118691263487643,0001637459-15-000049,10-Q,2015-09-27,44.12833786010742,1213171703.0,
2015-11-06,ORLY,Retail,1798772132.4260864,0.18747573895991684,0.5200738903595569,0.4971824856958354,1.0172852838611404,0000898173-15-000189,10-Q,2015-09-30,18.222000122070312,98714308.0,0.05547826461721208
2015-11-06,TTWO,Services,2974305666.3513184,0.15090012451898388,0.2877571281046462,-0.07228107132100199,1.6184465579523595,0001047469-15-008367,10-Q,2015-09-30,34.20000076293945,86968000.0,0.2398660210494604
2015-11-06,WYNN,Services,6537990366.203857,0.04705824007870809,0.045693229552870945,0.02982124308531303,2.108933201491217,0001174922-15-000106,10-Q,2015-09-30,64.38641357421875,101543012.0,0.027524387134393362
2015-11-09,AKAM,Services,11020184061.675476,0.17728431572384784,0.15320498063663335,0.029953492441923302,3.6474792624229684,0001086222-15-000181,10-Q,2015-09-30,61.83000183105469,178233604.0,0.09840544693915541
2015-11-09,BKNG,Transportation Utilities,2603785700.8200417,0.15040364687564137,0.925311854285632,0.9597264472314232,2.716033603591594,0001075531-15-000066,10-Q,2015-09-30,51.355106353759766,50701593.0,
2015-11-09,MCHP,Manufacturing,3925334066.9440403,0.12240929407675946,0.5707543567150695,0.09706817139684532,7.474627194870029,0000827054-15-000218,10-Q,2015-09-30,19.33162498474121,203052463.0,0.0565598899056376
2015-11-09,SBAC,Finance Real Estate,12437549310.428467,-0.027888302941410675,0.7199283491019497,-0.016585502083359672,1.161669563286814,0001034054-15-000015,10-Q,2015-09-30,97.3912353515625,127707070.0,
2015-11-10,EA,Services,21377358703.61328,0.13983333333333334,0.7188727188727189,0.03924713111812963,1.443960396039604,0000712515-15-000070,10-Q,2015-09-30,68.73748779296875,311000000.0,
2015-11-10,WDC,Manufacturing,9457681617.736816,0.12843195072406788,,0.14009775900207,2.6787372330547816,0000106040-15-000014,10-Q,2015-10-02,40.942344665527344,231000000.0,0.04160933097437914
2015-11-12,SBUX,Retail,72780499602.12708,0.3012268903511944,0.14388369071164292,0.037883774020141765,1.1913781305597373,0000829224-15-000038,10-K,2015-09-27,49.007137298583984,1485100000.0,0.07969564763259174
2015-11-18,NVDA,Manufacturing,407534422.6570487,0.15426944521884584,0.5598508410511833,1.4701285748914086,6.823391812865497,0001045810-15-000173,10-Q,2015-10-25,0.7559797167778015,539081160.0,0.07075564538611653
2015-11-19,CSCO,Manufacturing,100715777938.84277,0.08573626904529716,0.6084922779144321,0.09514894484376664,3.345972850678733,0000858877-15-000073,10-Q,2015-10-24,19.818138122558594,5082000000.0,
2015-11-20,INTU,Services,26212123853.96486,0.3717714583876859,0.09476309226932668,0.015946819202014916,0.7562268150503445,0000896878-15-000140,10-Q,2015-10-31,94.52397918701172,277306606.0,0.26271849726063135
2015-11-24,ADI,Manufacturing,15282079812.36637,0.12854363059101598,0.6577005797806871,0.04560099204795942,3.662630742572924,0000006281-15-000044,10-K,2015-10-31,48.97150039672851,312060682.0,0.029866140445624564
2015-11-24,DLTR,Retail,17412768859.86328,0.02921133001976166,,0.014931571313698665,2.141402924301314,0000935703-15-000109,10-Q,2015-10-31,74.16000366210938,234800000.0,0.013641535421282712
2015-11-24,SWKS,Manufacturing,12065206856.155396,0.2146313921600258,0.47707463785907195,0.06616546317999723,4.127398146152188,0000004127-15-000037,10-K,2015-10-02,63.40098190307617,190300000.0,
2015-12-03,ULTA,Retail,10405810505.67627,0.13368270864527557,0.34968200024733614,0.028777095242763978,3.031141369853442,0001193125-15-394322,10-Q,2015-10-31,163.19000244140625,63765000.0,
2015-12-04,WDAY,Services,16239360351.5625,-0.10682582861338995,-0.25183816626486116,-0.01651887723362141,2.8696681171933305,0001327811-15-000027,10-Q,2015-10-31,84.58000183105469,192000000.0,
2015-12-09,ADSK,Services,14307090165.5,0.09603448275862068,0.8550626884621488,-0.017382989631232852,2.0954087858450277,0000769397-15-000050,10-Q,2015-10-31,63.25,226199054.0,0.14367816091954022
2015-12-09,AMAT,Manufacturing,19601685256.958008,0.07597334726940162,0.40915208613728127,0.07024906185100623,2.438388625592417,0000006951-15-000034,10-K,2015-10-25,16.89800453186035,1160000000.0,-0.013979618500130651
2015-12-09,ROST,Retail,19905593916.84503,0.23510681881352127,0.08573899389445683,0.05048982734192609,1.3916085874708986,0000745732-15-000030,10-Q,2015-10-31,48.77955627441406,408072468.0,0.030156383729990653
2015-12-14,SNPS,Services,7048782557.350159,0.04477718724650641,0.7685677217710555,0.032052911004384156,0.9907802627168953,0000883241-15-000014,10-K,2015-10-31,45.43000030517578,155157000.0,
2015-12-18,COST,Retail,58192450060.913086,0.0665989675890666,0.020256878844817378,0.040572273508481214,1.0308861313070574,0000909832-15-000017,10-Q,2015-11-22,132.3226318359375,439777000.0,
2015-12-23,PAYX,Services,14065731391.525269,0.12114412976997739,0.2564833386114923,0.05182098105749189,1.1477842340207984,0000723531-15-000030,10-Q,2015-11-30,38.97404098510742,360900000.0,
2016-01-08,CTAS,Manufacturing,2057062996.6971436,0.1450031814562442,0.1382145457660513,0.3137380824195622,1.8066439666095186,0000723254-16-000037,10-Q,2015-11-30,19.028717041015625,108103084.0,
2016-01-08,MU,Manufacturing,14129452290.534971,0.08618992947351156,0.29567773398356606,0.14876726689597775,2.1142857142857143,0000723125-16-000146,10-Q,2015-12-03,12.998576164245604,1087000000.0,
2016-01-19,ADBE,Services,44394606771.91925,0.12531492847976783,0.844788803528967,0.014180799105494217,2.178346515742091,0000796343-16-000224,10-K,2015-11-27,89.18000030517578,497809000.0,0.07162861941767311
2016-01-26,SBUX,Retail,69872311212.1582,0.3059373430679492,0.12475041808138651,0.035231409370807376,1.0695911857197802,0000829224-16-000049,10-Q,2015-12-27,47.033058166503906,1485600000.0,0.11574921775408506
2016-01-27,AAPL,Manufacturing,116568659828.41492,0.18320467533176035,0.40133113180247504,0.46093864404969737,1.0016690322241497,0001193125-16-439878,10-Q,2015-12-26,21.024246215820312,5544487000.0,
2016-01-27,QCOM,Manufacturing,53072693901.06201,0.11708375639570766,0.20019201068581208,0.09036662071348199,3.1274796247885592,0001234452-16-000352,10-Q,2015-12-27,35.50012969970703,1495000000.0,0.021601067112624182
2016-01-28,KLAC,Manufacturing,852355972.3289909,0.18676850994069785,0.18638365265760198,0.6226987517313222,4.292876865541225,0000319201-16-000065,10-Q,2015-12-31,5.465723037719727,155945694.0,0.07069215285413982
2016-01-28,META,Services,303173024894.71436,0.17404416378246,0.20571173583221777,0.012164670657228706,11.247792207792207,0001326801-16-000043,10-K,2015-12-31,108.16019439697266,2803000000.0,0.0993988706053798
2016-01-28,MSFT,Services,359653800868.98804,0.06334329087496807,0.6400254302711048,0.03171939229457948,2.9972562905986915,0001193125-16-441821,10-Q,2015-12-31,45.38218307495117,7925000000.0,
2016-01-28,NFLX,Services,4040185687.510148,-0.07345373669822935,0.01808994778531962,0.030355287970830907,1.5389287924152828,0001065280-16-000047,10-K,2015-12-31,9.440999984741213,427940440.0,-0.08547398080403056
2016-01-29,AMZN,Retail,13823850179.672241,0.18214045596234948,0.005569729083144093,0.043113893181250536,1.0759609428006727,0001018724-16-000172,10-K,2015-12-31,29.350000381469727,471000000.0,0.173033433164232
2016-01-29,STX,Manufacturing,5390495255.679596,0.20554797635288768,0.05152436519023749,0.11631584302747934,1.548247341473021,0001104659-16-092467,10-Q,2016-01-01,18.195262908935547,296258168.0,0.1342655752614825
2016-02-01,EBAY,Services,25072400512.695312,0.22676412707337645,0.7189009661835749,0.06880075161237764,3.4927087936367656,0001065088-16-000265,10-K,2015-12-31,21.176013946533203,1184000000.0,0.12977228001124544
2016-02-02,ISRG,Manufacturing,2241298834.991455,0.1572962728995578,0.6617597718503607,0.2627048168711714,4.463305549908518,0001035267-16-000130,10-K,2015-12-31,59.92777633666992,37400000.0,0.037311760030974264
2016-02-02,SIRI,Transportation Utilities,147202185796.5641,0.06334601851053269,0.11153556475650855,0.003462747494146909,0.22507187099311954,0001564590-16-012174,10-K,2015-12-31,28.59601402282715,5147647000.0,
2016-02-03,ADP,Services,29910311251.831055,0.04489279314277121,0.13370438864784123,0.05027697596787596,1.0982841619928483,0000008670-16-000030,10-Q,2015-12-31,65.20669555664062,458700000.0,0.007203097783180241
2016-02-03,BIIB,Manufacturing,59115996398.92578,0.19052233296419344,0.32953518861989173,0.06000134001064481,2.5993327384877993,0000875045-16-000042,10-K,2015-12-31,270.42999267578125,218600000.0,0.008667661293630285
2016-02-03,LRCX,Manufacturing,981371323.677063,0.08709521363231393,0.43913390550956904,0.865335046491993,3.000565457179102,0001628280-16-010687,10-Q,2015-12-27,6.188961982727051,158568000.0,
2016-02-03,SWKS,Manufacturing,10085945211.791992,0.2438366620022898,0.4892741959345504,0.09502332006319901,5.748029355803207,0000004127-16-000044,10-Q,2016-01-01,52.64063262939453,191600000.0,
2016-02-04,TTWO,Services,3058309639.6331787,0.13195737422964485,0.24052638785079244,-0.09727334215762468,1.4476602331038217,0001047469-16-010014,10-Q,2015-12-31,35.08000183105469,87181000.0,0.2470409193933174
2016-02-05,CMCSA,Transportation Utilities,43890987468.32657,0.11273067825711096,0.10955576432693598,0.1859835121251427,0.6768071294971945,0001193125-16-452423,10-K,2015-12-31,21.274566650390625,2063073161.0,0.06372543133982495
2016-02-05,FAST,Retail,2393961880.538601,0.21597165130217155,0.5037063341730447,0.21569307523135142,4.461221011560538,0000815556-16-000087,10-K,2015-12-31,8.266965866088867,289581682.0,0.012074810994202479
2016-02-05,MCHP,Manufacturing,3500541174.7012177,0.1334291615265655,0.5633982029687423,0.1017496958967783,4.747468843955175,0000827054-16-000265,10-Q,2015-12-31,17.201801300048828,203498524.0,0.06803385554129374
2016-02-08,EA,Services,16943405570.983887,0.10077279752704792,0.6812543880177861,0.03848104781936935,1.3201907790143084,0000712515-16-000086,10-Q,2015-12-31,54.65614700317383,310000000.0,
2016-02-10,CHTR,Transportation Utilities,18111646620.121643,0.060001017397497206,-0.02778347344679106,-0.014962747765789828,0.17494929006085191,0001091667-16-000396,10-K,2015-12-31,161.0800018310547,112438828.0,0.06689388544104181
2016-02-10,CSX,Transportation Utilities,6715173804.806382,0.09617854390821656,0.1666243332486665,0.29306761927612435,1.5194672131147542,0000277948-16-000046,10-K,2015-12-25,6.887747764587402,974944791.0,0.040012557435999886
2016-02-10,HSIC,Wholesale,5066118236.9869995,0.07364752472812133,0.2833808682995289,0.09456115660753169,1.5049392244143798,0001000228-16-000042,10-K,2015-12-26,61.47058868408203,82415320.0,
2016-02-10,WDC,Manufacturing,6060470764.160156,0.14968317599896547,,0.18777419185483044,2.757473035439137,0000106040-16-000019,10-Q,2016-01-01,26.122718811035156,232000000.0,0.07610241820768136
2016-02-11,EXPE,Transportation Utilities,12726749247.276306,0.04930819594561647,0.11457264395561542,0.060067577756637715,0.5026581935218883,0001193125-16-457822,10-K,2015-12-31,97.77848052978516,130159000.0,
2016-02-11,GOOG,Services,23271532300.14038,,,,4.666701191092698,0001652044-16-000012,10-K,2015-12-31,33.85698699951172,687348000.0,
2016-02-11,GOOGL,Services,24062392584.777832,,,,4.666701191092698,0001652044-16-000012,10-K,2015-12-31,35.00758361816406,687348000.0,
2016-02-11,PYPL,Services,40676204223.63281,,,,1.5163398692810457,0001633917-16-000113,10-K,2015-12-31,33.23219299316406,1224000000.0,
2016-02-11,REGN,Manufacturing,34387267871.27417,0.23725239484469254,0.15499467800984862,0.018496846053051432,3.593727270261674,0001532176-16-000045,10-K,2015-12-31,364.231689453125,94410423.0,0.12385588358412675
2016-02-12,INCY,Services,12759410588.682266,,,,5.013927991095609,0001558370-16-003196,10-K,2015-12-31,68.36000061035156,186650241.0,
2016-02-12,INTC,Manufacturing,107889792108.53577,0.11080386164071217,0.6264836058169994,0.10584875340673217,2.5758600880832323,0000050863-16-000105,10-K,2015-12-26,22.833818435668945,4725000000.0,
2016-02-12,XRAY,Manufacturing,6627260591.125488,0.11297099638874378,0.5673313575083965,0.037898011787302635,2.514075630252101,0000818479-16-000056,10-K,2015-12-31,47.30378723144531,140100000.0,0.05592677553430694
2016-02-16,AMGN,Manufacturing,81804978958.12988,0.12681625125740473,0.3203305327301265,0.08482368785342,4.444213684089074,0000318154-16-000031,10-K,2015-12-31,108.49466705322266,754000000.0,0.02987034760254834
2016-02-16,ESRX,Retail,46469186032.86743,0.09105934455602864,0.08257249503202892,0.05329122826142154,0.7029606010970371,0001532063-16-000017,10-K,2015-12-31,68.6500015258789,676900000.0,0.04454832814645223
2016-02-16,PCAR,Manufacturing,8379221388.136642,0.07598366635401567,0.08391271821753483,0.1914259005342613,,0001193125-16-465258,10-K,2015-12-31,23.70656394958496,353455752.0,
2016-02-16,VRTX,Manufacturing,21027213729.16188,-0.14623860737331798,-0.5389078749554409,-0.026457808778936817,2.779018029066908,0000875320-16-000067,10-K,2015-12-31,85.37000274658203,246306818.0,0.07639517783002352
2016-02-17,ADI,Manufacturing,13336431455.807,0.1261963382596211,0.6505244666114111,0.051184981699341235,7.817025609951103,0000006281-16-000060,10-Q,2016-01-30,43.01809310913086,310019122.0,0.036354574266844485
2016-02-17,BKNG,Transportation Utilities,2409261224.634804,0.14645670421326507,0.9314634766939719,1.0589802275951772,2.468708617323579,0001075531-16-000084,10-K,2015-12-31,48.39440155029297,49783883.0,
2016-02-17,IDXX,Manufacturing,6505712218.48143,0.13022299088877032,0.5557615619529905,0.029524515310459742,0.9590002346045163,0000874716-16-000020,10-K,2015-12-31,71.5199966430664,90963542.0,
2016-02-17,TMUS,Transportation Utilities,28839642765.905434,0.08671279390095457,0.022868374255139923,0.025416403592438436,1.5627623845507976,0001283699-16-000073,10-K,2015-12-31,35.23943328857422,818391219.0,0.0749727721186495
2016-02-18,CDNS,Services,6429165972.442627,0.16086668949368677,0.14829818147208346,0.039261235606910215,1.7988969004693207,0000813672-16-000040,10-K,2016-01-02,20.780000686645508,309392000.0,0.05350157272497198
2016-02-18,CSCO,Manufacturing,97436048309.32617,0.09173310132987696,0.6154994051100042,0.10604904631596157,3.28983727356463,0000858877-16-000090,10-Q,2016-01-23,19.28662872314453,5052000000.0,
2016-02-18,MAR,Services,15598295809.555054,0.2351200263071358,0.05929863316305398,0.05507011858781406,0.4280853696257346,0001628280-16-011346,10-K,2015-12-31,58.7949333190918,265300000.0,0.09388359092403814
2016-02-18,TRIP,Services,7428284966.397278,0.09304511278195489,0.13270777479892762,0.026654874024849118,2.7724358974358974,0001564590-16-012862,10-K,2015-12-31,56.08660888671875,132443111.0,
2016-02-19,MDLZ,Manufacturing,49501617787.19878,0.0593224384577439,0.38844648400593873,0.14680328289955932,0.820179454312397,0001193125-16-469394,10-K,2015-12-31,31.149402618408203,1589167484.0,-0.056314943589580384
2016-02-22,SNPS,Services,6775482664.94751,0.04650425074296639,0.769156618646563,0.0325851324426214,0.8376076724608277,0000883241-16-000017,10-Q,2016-01-31,44.720001220703125,151509000.0,
2016-02-23,JBHT,Transportation Utilities,7888865997.686005,0.24014626981986031,0.06904661320314705,0.05415683320331701,1.6140863270706984,0001437749-16-025879,10-K,2015-12-31,69.23229217529297,113947780.0,0.1226629400750763
2016-02-23,SHPG,Manufacturing,95653000074.76807,0.14070006863417983,0.2031262175261427,0.013626336852803208,0.608591241466771,0000950103-16-011313,10-K,2015-12-31,159.1299285888672,601100000.0,0.06222832303820636
2016-02-23,TSCO,Retail,1937516840.0115967,0.18102551600159608,,0.2118149331788743,2.2128205051811154,0000916365-16-000140,10-K,2015-12-26,14.434950828552246,134224000.0,0.00792339884917746
2016-02-24,AAL,Transportation Utilities,24336890979.480526,0.15718269131467522,0.185655037814101,0.31269400871361575,0.7339213524439544,0001193125-16-474605,10-K,2015-12-31,38.96256637573242,624622381.0,
2016-02-24,GILD,Manufacturing,88250265815.73486,0.39215648450008683,0.5547964092037133,0.20518918365423638,2.5035891214235164,0000882095-16-000039,10-K,2015-12-31,62.060665130615234,1422000000.0,0.04284419066725824
2016-02-24,HAS,Manufacturing,6703893765.09021,0.1170256552129687,0.1645157860702749,0.06739933773307935,2.6915944909439466,0001193125-16-475520,10-K,2015-12-27,53.79315185546875,124623554.0,0.021311804965220324
2016-02-24,TSLA,Manufacturing,1568338341.6891096,-0.10981370312611986,0.2282495111249958,-0.5666270959383067,0.9912274160823841,0001564590-16-013195,10-K,2015-12-31,11.93333339691162,131425000.0,
2016-02-24,TXN,Manufacturing,40224234068.33638,0.1839802834257548,0.5815384615384616,0.07423385601145635,2.768688845401174,0001564590-16-013126,10-K,2015-12-31,39.65275573730469,1014412071.0,
2016-02-24,VRSK,Services,11541341335.52163,0.11105682107335085,,0.04397903027421892,0.408697744881383,0001442145-16-000057,10-K,2015-12-31,68.12065887451172,169424981.0,0.020675126297047666
2016-02-25,ALGN,Manufacturing,5124569927.215576,0.2054118948795693,0.7570911877902177,0.02810382179295443,2.694462440001178,0001097149-16-000031,10-K,2015-12-31,64.45999908447266,79500000.0,0.08111023939418263
2016-02-25,AMAT,Manufacturing,19069003350.06491,0.09830406723698033,0.40901956680966833,0.06896008018140727,2.9952319029042047,0000006951-16-000041,10-Q,2016-01-31,16.864410400390625,1130724579.0,-0.000375206363499925
2016-02-25,CTSH,Services,30532824966.430664,0.16480934376291578,0.1307667525773196,0.05317555783931124,2.9143236172016067,0001058290-16-000049,10-K,2015-12-31,50.13600158691406,609000000.0,0.04054219541690266
2016-02-25,INTU,Services,24273499372.962265,0.3140951942975397,0.11224038886433937,0.02092817323924256,0.6245210727969349,0000896878-16-000197,10-Q,2016-01-31,91.94356536865234,264004330.0,0.1972867325822028
2016-02-25,MAT,Manufacturing,10418184286.572662,0.05637624492784565,0.49211791156089324,0.03545876995822745,1.9427062443940466,0001628280-16-011701,10-K,2015-12-31,30.700037002563477,339354128.0,
2016-02-26,MELI,Services,4279775527.3731236,0.10540889552274497,,0.02471835247511966,1.7151335585460856,0001562762-16-000352,10-K,2015-12-31,96.92211151123048,44156854.0,
2016-02-26,NXPI,Manufacturing,22019656243.797073,,,,1.8885400313971743,0001193125-16-481954,20-F,2015-12-31,63.640098571777344,346002862.0,
2016-02-26,ORLY,Retail,1713202367.9580116,0.1919330014719882,0.5225070085709544,0.5435528326463432,0.9880606539263747,0000898173-16-000276,10-K,2015-12-31,17.528667449951172,97737171.0,0.052460173343534006
2016-02-26,SBAC,Finance Real Estate,10889459651.220886,-0.023726448576733217,0.7287726262363639,-0.016130460612919995,1.0753152309498812,0001034054-16-000018,10-K,2015-12-31,86.32074737548828,126151128.0,
2016-02-29,AKAM,Services,9564141624.893463,0.1824653020290478,0.14626330179371708,0.03360531583550031,3.7696667067741547,0001086222-16-000245,10-K,2015-12-31,53.970001220703125,177212181.0,0.1057194195216008
2016-02-29,BMRN,Manufacturing,13224137665.92453,-0.04606651850930238,-0.19305536046387495,-0.012991319686778921,2.4461148887546944,0001564590-16-013653,10-K,2015-12-31,81.87000274658203,161526044.0,
2016-02-29,NCLH,Transportation Utilities,11192565981.462994,0.03482637283396646,0.09830432252992372,0.038162562606949973,0.14384460889601985,0001571049-16-012414,10-K,2015-12-31,49.130001068115234,227815301.0,
2016-02-29,WYNN,Services,7386950215.3713,0.05443821521595315,0.042407007266891616,0.023398831041304375,2.2571099407208437,0001174922-16-000144,10-K,2015-12-31,72.72631072998047,101571909.0,0.038011514447610535
2016-03-02,ILMN,Manufacturing,22415374501.831055,0.17886151083574878,0.6979532039921397,0.02059117950325998,3.4346332642089847,0001110803-16-000175,10-K,2016-01-03,152.9182891845703,146584000.0,0.05370135207214595
2016-03-09,COST,Retail,56562628358.39844,0.07129183648264789,0.019689773085811255,0.04082200680932747,1.006220436726495,0000909832-16-000023,10-Q,2016-02-14,128.7691650390625,439256000.0,
2016-03-17,NVDA,Manufacturing,432548790.2164459,0.15943012211668928,0.5612774451097804,1.417181168610498,2.5746490854955337,0001045810-16-000205,10-K,2016-01-31,0.8025023937225342,539000000.0,0.0762550881953867
2016-03-22,WDAY,Services,13968000000.0,-0.10619341312057387,-0.24942487004730088,-0.020755870561282933,2.560270690023291,0001327811-16-000032,10-K,2016-01-31,72.0,194000000.0,
2016-03-23,ADSK,Services,12855876205.444336,0.07506391311442714,0.8519627810390958,-0.023133390151505506,1.881269641734758,0000769397-16-000067,10-K,2016-01-31,57.290000915527344,224400000.0,0.12898663717295522
2016-03-28,DLTR,Retail,18994818565.0412,0.04910950116972304,,0.014867212289131307,1.8783525818459483,0000935703-16-000127,10-K,2016-01-30,80.83999633789062,234968078.0,0.03134983523256107
2016-03-29,ROST,Retail,21147234609.214783,0.2723802807037577,0.08548250297173392,0.04826451395944002,1.4799884206040876,0000745732-16-000037,10-K,2016-01-30,52.56073760986328,402339000.0,0.06276104568403443
2016-03-30,ADBE,Services,46954988928.80249,0.14995895494222675,0.8469147369697998,0.017015657297065334,2.2113884450530197,0000796343-16-000290,10-Q,2016-03-04,93.77999877929688,500693000.0,0.08279989328116864
2016-03-30,PAYX,Services,13987830810.165405,0.1046904846126636,0.2560030447719881,0.052895978657555034,1.0921574853151295,0000723531-16-000034,10-Q,2016-02-29,38.844295501708984,360100000.0,
2016-03-30,ULTA,Retail,12333749438.781738,0.14344229595171135,0.3527757589225191,0.025945719230664757,3.470669590916318,0001193125-16-523101,10-K,2016-01-30,194.11000061035156,63540000.0,
2016-04-08,CTAS,Manufacturing,2150197394.047117,0.15783593818316746,0.13981324932441994,0.310593344522194,2.0479923242090163,0000723254-16-000041,10-Q,2016-02-29,20.0832462310791,107064235.0,
2016-04-08,MU,Manufacturing,11394283590.316772,0.04315242354647649,0.262065953264905,0.09399450097153718,1.9961459986397643,0000723125-16-000176,10-Q,2016-03-03,10.453471183776855,1090000000.0,
2016-04-13,CSX,Transportation Utilities,7154765966.632427,0.09921987864778965,0.1650587616207683,0.2630414480050158,1.541371158392435,0000277948-16-000056,10-Q,2016-03-25,7.485105514526367,955867082.0,0.04484253106038717
2016-04-15,FAST,Retail,2528868449.450857,0.19986408257059515,0.501298894312693,0.20364127683740454,4.399548886781038,0000815556-16-000097,10-Q,2016-03-31,8.754270553588867,288872549.0,0.005000414336261688
2016-04-18,JD,Retail,37625855311.604095,,,,1.1925239712602516,0001104659-16-111984,20-F,2015-12-31,25.70679473876953,1463654092.0,
2016-04-19,ISRG,Manufacturing,2640372264.8620605,0.1614495976480787,0.672756253065228,0.2379209963534512,5.313314197394568,0001035267-16-000174,10-Q,2016-03-31,69.30110931396484,38100000.0,0.04306202061700243
2016-04-20,NFLX,Services,4144554762.8375244,-0.07553066103701615,0.017671819475893615,0.03054682764363394,1.4093428160031238,0001065280-16-000057,10-Q,2016-03-31,9.677000045776367,428289216.0,-0.08677199649022924
2016-04-20,QCOM,Manufacturing,57610808692.93213,0.09802237315221735,0.21698947554612188,0.08517498905725317,2.868915456874466,0001234452-16-000429,10-Q,2016-03-27,39.27117156982422,1467000000.0,
2016-04-21,BIIB,Manufacturing,61140893007.872345,0.1908836887596918,0.33792363126635655,0.0604406939153504,2.5935676726932217,0000875045-16-000050,10-Q,2016-03-31,279.6000061035156,218672717.0,0.012143586122168641
2016-04-21,MSFT,Services,385426393051.14746,0.055968856704551075,0.6286052988974058,0.026409711902239164,2.8953645668936288,0001193125-16-550254,10-Q,2016-03-31,48.97412872314453,7870000000.0,
2016-04-22,AAL,Transportation Utilities,21443789100.864784,0.14782904886894147,0.18173309030001478,0.34406232803802667,0.7070759965961904,0001193125-16-551225,10-Q,2016-03-31,36.614845275878906,585658329.0,
2016-04-22,NTES,Services,72646282876.64795,,,,2.9491460681268906,0001104659-16-113375,20-F,2015-12-31,22.101547241210938,3286932000.0,
2016-04-22,TCOM,Services,2399339228.3690643,,,,1.2059869006843145,0001104659-16-113453,20-F,2015-12-31,46.89210891723633,51167228.0,
2016-04-25,CDNS,Services,7160515370.46051,0.16333165814895803,0.15341193739513753,0.03724871551848182,2.0289558020778307,0000813672-16-000045,10-Q,2016-04-02,23.799999237060547,300862000.0,0.05828341914058315
2016-04-25,ESRX,Retail,46627900772.09473,0.1040569308674248,0.08278796584156467,0.054932775389556335,0.6033451490697284,0001532063-16-000020,10-Q,2016-03-31,73.72000122070312,632500000.0,0.05393914016702017
2016-04-25,LRCX,Manufacturing,1112155183.0530167,0.07844777002037656,0.4400747500172651,0.7070784832753984,2.9637121048456443,0000707549-16-000014,10-Q,2016-03-27,6.980681419372559,159319000.0,
2016-04-26,KLAC,Manufacturing,941521328.8970947,0.15120589230426285,0.2037457462892332,0.6106075161074069,3.915509997073245,0000319201-16-000077,10-Q,2016-03-31,6.04839563369751,155664640.0,0.030986792000672506
2016-04-26,SBUX,Retail,68055629638.671875,0.3142083486429062,0.1260694252257882,0.03735032668855939,0.8925124103695532,0000829224-16-000062,10-Q,2016-03-27,46.47021484375,1464500000.0,0.11117146189114495
2016-04-26,TMUS,Transportation Utilities,30920082056.595436,0.09435009435009435,0.03878444971710166,0.04123533688126274,1.4242715337816203,0001283699-16-000083,10-Q,2016-03-31,37.61104965209961,822101014.0,0.07413221698935984
2016-04-27,AAPL,Manufacturing,121259530953.6705,0.1660066103899082,0.39806183664051686,0.4179300348717536,1.2831172636050685,0001193125-16-559625,10-Q,2016-03-26,22.133928298950195,5478446000.0,
2016-04-27,CMCSA,Transportation Utilities,45489467011.12476,0.10927965580103048,0.10918923217622967,0.18109686794055732,0.7954307273108363,0001193125-16-558907,10-Q,2016-03-31,22.04937171936035,2063073161.0,0.06099097884512805
2016-04-27,EBAY,Services,25548860584.259037,0.17967156262749898,0.7484685014172077,0.06188142891092659,4.605125771238728,0001065088-16-000296,10-Q,2016-03-31,22.352458953857425,1143000000.0,0.09904120767033864
2016-04-28,CHKP,Services,14446865532.921455,,,,1.6424554786711114,0001193125-16-564301,20-F,2015-12-31,82.5999984741211,174901523.0,
2016-04-28,CHTR,Transportation Utilities,23590183136.0,0.05564603691639522,-0.038097157831082445,-0.016023614476445073,0.8374025974025974,0001091667-16-000470,10-Q,2016-03-31,209.75,112468096.0,0.06497384266113908
2016-04-28,MAR,Services,15995164382.17163,0.24522136905734357,0.05907087148185826,0.054453957407954195,0.4385586695411149,0001628280-16-014893,10-Q,2016-03-31,62.92354202270508,254200000.0,0.1029243587649077
2016-04-28,MAT,Manufacturing,9864956104.639406,0.05941317938094588,0.4858299215313573,0.03594886751023845,1.941421655018738,0001628280-16-014896,10-Q,2016-03-31,29.014036178588867,340006335.0,
2016-04-28,MDLZ,Manufacturing,53481899681.60239,0.05558421258304025,0.3920364291009213,0.14017826675253545,0.6836393989983306,0001193125-16-561707,10-Q,2016-03-31,34.08969497680664,1568858264.0,-0.0616021883548261
2016-04-28,META,Services,328974481033.3252,0.18976476236197792,0.2370617696160267,0.01424426595424983,13.163073521282476,0001326801-16-000067,10-Q,2016-03-31,115.71385192871094,2843000000.0,0.09977916466634662
2016-04-28,PYPL,Services,47988954803.4668,0.045402103834407875,0.13858104609010874,0.027881415744094112,1.5295919788330317,0001633917-16-000161,10-Q,2016-03-31,39.725955963134766,1208000000.0,
2016-04-28,SIRI,Transportation Utilities,156666023547.32513,0.07257233066296412,0.12267834351582213,0.0036725959271328153,0.22446094124956378,0000908937-16-000008,10-Q,2016-03-31,31.399545669555664,4989436000.0,
2016-04-29,AMZN,Retail,15566323913.574219,0.18418727915194347,0.010280555114708424,0.07490528955158252,1.082520310781566,0001018724-16-000227,10-Q,2016-03-31,32.97949981689453,472000000.0,0.16511255071325742
2016-04-29,EXPE,Transportation Utilities,16579119807.22046,0.03651369087233689,0.08308633725866081,0.03609727216877708,0.545581176091843,0001193125-16-564423,10-Q,2016-03-31,109.75769805908205,151052000.0,
2016-04-29,IDXX,Manufacturing,7560967018.923233,0.12951231767960844,0.5511803856527171,0.02532784490670509,0.920718633203895,0000874716-16-000026,10-Q,2016-03-31,84.3499984741211,89638022.0,
2016-04-29,JBHT,Transportation Utilities,8489720774.134918,0.2529946876273321,0.06937374943795412,0.05128578566759357,1.4033241836773351,0001437749-16-030364,10-Q,2016-03-31,75.36080169677734,112654332.0,0.13360696777972217
2016-04-29,STX,Manufacturing,4150883647.7521963,0.19572486267016959,0.02754941402833654,0.07588745595665639,1.593625498007968,0001104659-16-116201,10-Q,2016-04-01,13.907681465148926,298459787.0,0.1581084308574158
2016-05-02,AMGN,Manufacturing,88070699992.37062,0.1286410351988924,0.32569055786243006,0.08193417334738008,4.952012202276194,0000318154-16-000035,10-Q,2016-03-31,117.2244110107422,751300000.0,0.03257628201714681
2016-05-02,BMRN,Manufacturing,14098918337.963196,-0.051660856729205645,-0.20516219444706169,-0.013436491754825463,2.558664573942491,0001564590-16-017257,10-Q,2016-03-31,86.9000015258789,162243016.0,
2016-05-02,INTC,Manufacturing,115091338691.71143,0.10879232366522229,0.6233385457388585,0.09969473055426652,1.5632203583247746,0000050863-16-000125,10-Q,2016-04-02,24.40443992614746,4716000000.0,
2016-05-03,GOOG,Services,23567575685.455322,,,,5.1433499208323905,0001652044-16-000021,10-Q,2016-03-31,34.31544876098633,686792000.0,
2016-05-03,GOOGL,Services,24113720782.50122,,,,5.1433499208323905,0001652044-16-000021,10-Q,2016-03-31,35.110660552978516,686792000.0,
2016-05-03,HSIC,Wholesale,5423708424.221924,0.0741395061335612,0.2829451966715044,0.09022664231258029,1.6457843606855633,0001000228-16-000066,10-Q,2016-03-26,66.0941162109375,82060382.0,
2016-05-03,VRSK,Services,12322089269.585533,0.12027080421172026,,0.04070170155623856,0.41413769277404777,0001442145-16-000069,10-Q,2016-03-31,73.33072662353516,168034463.0,0.02840114032466977
2016-05-03,VRTX,Manufacturing,20317076588.39096,-0.06969234368179505,-0.30912364434901274,-0.019656322023621796,2.541179006631754,0000875320-16-000078,10-Q,2016-03-31,82.16000366210938,247286705.0,0.0908277885096945
2016-05-04,BKNG,Transportation Utilities,2435135823.1952477,,0.9378485580100828,,2.447588366521196,0001075531-16-000099,10-Q,2016-03-31,49.07905960083008,49616595.0,
2016-05-04,PCAR,Manufacturing,9064173051.299154,0.029545486470414713,0.033956862407439295,0.06961473445275404,,0001193125-16-577596,10-Q,2016-03-31,25.79750633239746,351358497.0,
2016-05-04,SHPG,Manufacturing,105832069903.56445,0.08999679904220692,0.1976618054718573,0.01239699838806433,0.5517876041043575,0000950103-16-013180,10-Q,2016-03-31,176.0347137451172,601200000.0,0.03545580391847119
2016-05-04,SWKS,Manufacturing,9910484099.578857,0.2526400889293113,0.4986588852536328,0.10090324447849068,6.550662149676625,0000004127-16-000049,10-Q,2016-04-01,52.105594635009766,190200000.0,
2016-05-04,TXN,Manufacturing,43151469282.6172,0.19112584470228228,0.5885829833566651,0.06947619744683156,2.7516528925619834,0001564590-16-017570,10-Q,2016-03-31,42.925777435302734,1005257723.0,
2016-05-05,ADP,Services,31492749456.02417,0.03212089442471091,0.13491682731309043,0.049112891910558024,1.0825102195586631,0000008670-16-000034,10-Q,2016-03-31,69.04790496826172,456100000.0,0.0018679487380099207
2016-05-05,ALGN,Manufacturing,6058022804.260254,0.19297757461326973,0.7557069019997291,0.024494625522975363,2.849874431301183,0001097149-16-000051,10-Q,2016-03-31,75.55999755859375,80175000.0,0.070094239623704
2016-05-05,HAS,Manufacturing,7447974582.3469925,0.10858078284966075,0.14484438738008257,0.06363099051429073,3.284970971129907,0000046080-16-000156,10-Q,2016-03-27,59.68146896362305,124795430.0,
2016-05-05,KHC,Manufacturing,63279487646.30719,,,,1.4579494799405646,0001637459-16-000147,10-Q,2016-04-03,52.05870056152344,1215541052.0,
2016-05-05,REGN,Manufacturing,35369518890.84082,0.2451743258485958,0.16364751469290062,0.02051967407981745,3.4068687997703657,0001532176-16-000055,10-Q,2016-03-31,374.6357421875,94410423.0,0.12225521046801908
2016-05-05,TSCO,Retail,2138022779.6649933,0.17758472514240436,,0.19645394052621526,1.9990853175017858,0000916365-16-000178,10-Q,2016-03-26,15.878961563110352,134645000.0,0.013802929817884616
2016-05-06,CTSH,Services,32149930218.50586,0.15961180599722047,0.13236428312845294,0.052314265958558114,3.692401482637534,0001058290-16-000061,10-Q,2016-03-31,53.035186767578125,606200000.0,0.027552037939996388
2016-05-06,GILD,Manufacturing,79658488128.6621,0.38817125510310896,0.52806114680715,0.21769180419281015,1.765994500458295,0000882095-16-000046,10-Q,2016-03-31,59.09383392333984,1348000000.0,0.02512299801109599
2016-05-06,MELI,Services,5623821030.982041,0.12396755237113383,,0.02388322801526735,1.5661536311113873,0001562762-16-000383,10-Q,2016-03-31,127.3586883544922,44157341.0,
2016-05-06,WYNN,Services,8184779941.044258,0.06604940938669392,0.07351023767727462,0.035757589343649455,2.684370544066861,0001174922-16-000181,10-Q,2016-03-31,80.42394256591797,101770439.0,0.03855996678739424
2016-05-06,XRAY,Manufacturing,12515816531.37207,0.037018848866671235,0.7744085002720508,0.024944357343162058,2.113673612737064,0000818479-16-000065,10-Q,2016-03-31,53.44071960449219,234200000.0,0.010294973635554339
2016-05-09,AKAM,Services,8828918651.181313,0.20428075086668618,0.1422821118385875,0.036076671740245585,3.9936860995159544,0001086222-16-000291,10-Q,2016-03-31,50.150001525878906,176050217.0,0.12814860919098456
2016-05-09,ILMN,Manufacturing,20271128631.591797,0.1667380129087494,0.6974455827000923,0.02044720881273655,4.309387649928932,0001110803-16-000187,10-Q,2016-04-03,137.89883422851562,147000000.0,0.05748125974970122
2016-05-09,INCY,Services,13654119233.321182,,,,4.670455623280867,0001558370-16-005699,10-Q,2016-03-31,72.86000061035156,187402129.0,
2016-05-09,ORLY,Retail,1722960169.3140717,0.183780015911538,0.523625090844526,0.565147133022611,1.1163521054674506,0000898173-16-000311,10-Q,2016-03-31,17.812667846679688,96726677.0,0.052546081935390745
2016-05-09,TRIP,Services,7455050081.393585,0.07317073170731707,0.10938555030384875,0.021730236313813878,2.2314814814814814,0001564590-16-018577,10-Q,2016-03-31,56.104393005371094,132878188.0,
2016-05-09,WDC,Manufacturing,5650326883.31604,0.141566869605941,,0.14654019441687005,3.142754404890327,0000106040-16-000022,10-Q,2016-04-01,24.250329971313477,233000000.0,0.08617113802100757
2016-05-10,NCLH,Transportation Utilities,10644097007.929321,0.04206295167099679,0.11636129618075423,0.04902454380219089,0.15779195040819827,0001571049-16-015066,10-Q,2016-03-31,46.88999938964844,227001432.0,
2016-05-10,ORLY,Retail,1733535590.7980537,0.183780015911538,0.523625090844526,0.5616994569760946,1.1163521054674506,0000898173-16-000313,10-Q/A,2016-03-31,17.922000885009766,96726677.0,0.052546081935390745
2016-05-10,SBAC,Finance Real Estate,11666695539.72696,-0.005830856726125135,0.732282487659299,-0.0036842480249558267,1.212310517486238,0001034054-16-000020,10-Q,2016-03-31,93.14175415039062,125257417.0,
2016-05-10,TSLA,Manufacturing,1862321816.0266876,-0.11061596644451702,0.21534367599675727,-0.5459577347213065,1.0162637689443075,0001564590-16-018886,10-Q,2016-03-31,13.912667274475098,133858000.0,
2016-05-18,ADI,Manufacturing,14111564382.91243,0.12351201248247756,0.6486271643479805,0.045909863883304675,6.759967864446392,0000006281-16-000067,10-Q,2016-04-30,45.913692474365234,307349804.0,0.03793275081066886
2016-05-19,TTWO,Services,3228307249.2599487,0.10087917238194988,0.4242950050152154,-0.002571626353688341,1.6758911547011621,0001047469-16-013278,10-K,2016-03-31,37.290000915527344,86573000.0,0.10408423500652633
2016-05-24,CSCO,Manufacturing,105539106983.18481,0.08634348610244914,0.6211680012941843,0.09707302148797128,3.273382493854935,0000858877-16-000109,10-Q,2016-04-30,20.96525764465332,5034000000.0,
2016-05-24,INTU,Services,25393911741.12085,0.3022267206477733,0.2228213977566868,0.0406790419109492,0.8066317626527051,0000896878-16-000225,10-Q,2016-04-30,98.87777709960938,256821224.0,0.0931174089068826
2016-05-24,MCHP,Manufacturing,4220845363.734127,0.058218433178895794,0.5546611795517854,0.07679314735976128,8.10638754584316,0000827054-16-000344,10-K,2016-03-31,20.682132720947266,204081727.0,
2016-05-24,SNPS,Services,7792410946.464539,0.04724019654145208,0.7710458509185767,0.03010108188742551,0.9447789271834593,0000883241-16-000020,10-Q,2016-04-30,51.18000030517578,152255000.0,
2016-05-25,NVDA,Manufacturing,599785221.2560883,0.17416994935284186,0.5635166537567777,1.1254028543524208,2.4358435002103493,0001045810-16-000275,10-Q,2016-05-01,1.107348084449768,541641088.0,0.07920652785593697
2016-05-26,AMAT,Manufacturing,23175167397.358704,0.11418738049713194,0.4074228959749085,0.05484318530294013,2.576790501723478,0000006951-16-000048,10-Q,2016-05-01,21.27833366394043,1089143904.0,0.016978967495219887
2016-05-27,EA,Services,22112545944.213867,0.16397163120567376,0.6919927206551411,0.05227801461289841,1.8006617038875103,0000712515-16-000111,10-K,2016-03-31,73.46360778808594,301000000.0,
2016-06-01,COST,Retail,56419164275.87891,0.06902252531514776,0.019824143398594164,0.04143981978477433,0.9731160656509207,0000909832-16-000028,10-Q,2016-05-08,128.70274353027344,438368000.0,
2016-06-01,WDAY,Services,15089099464.416504,-0.11129862078927207,-0.2458444692513401,-0.020477166362952885,2.4448607165973377,0001327811-16-000041,10-Q,2016-04-30,77.37999725341797,195000000.0,
2016-06-02,ULTA,Retail,14845882347.106934,0.1554960679600712,0.35633954926617123,0.02324132658017721,2.6998692847373795,0001193125-16-611186,10-Q,2016-04-30,237.05999755859375,62625000.0,
2016-06-06,ADSK,Services,13171015163.580688,0.09449439065621638,0.843258071323064,-0.03716494088880268,1.7829772804340454,0000769397-16-000079,10-Q,2016-04-30,58.66999816894531,224493192.0,0.18852773935761488
2016-06-08,ROST,Retail,19456150539.14276,0.27010093706181854,0.08511315089117834,0.05289278564789218,1.5015871873600717,0000745732-16-000053,10-Q,2016-04-30,48.48430633544922,401287592.0,0.06887794458424103
2016-06-09,DLTR,Retail,21668132287.597656,0.059903243280264494,,0.0205647627624579,2.0360646137328584,0000935703-16-000143,10-Q,2016-04-30,91.97000122070312,235600000.0,0.03215884539471636
2016-06-29,ADBE,Services,47097966775.45166,0.14744020582177814,0.8505532002466542,0.01901464248488064,2.1959196676713097,0000796343-16-000352,10-Q,2016-06-03,94.38999938964844,498972000.0,0.07413522856221642
2016-07-06,MU,Manufacturing,12479248912.81128,0.013518017851190696,0.22656861211078078,0.029248555145437366,2.2466666666666666,0000723125-16-000201,10-Q,2016-06-02,11.438358306884766,1091000000.0,
2016-07-07,ROST,Retail,20588205455.137848,0.27010093706181854,0.08511315089117834,0.04998444387211939,1.5015871873600717,0000745732-16-000055,10-Q,2016-04-30,51.305362701416016,401287592.0,0.06887794458424103
2016-07-14,CSX,Transportation Utilities,7957815383.790321,0.09782923299565846,0.16065930085129507,0.22292550335027259,0.9763365468886941,0000277948-16-000073,10-Q,2016-06-24,8.412147521972656,945990945.0,0.046483357452966716
2016-07-15,FAST,Retail,2415092710.170556,0.19778143820837482,0.4990671113367917,0.2095762195250283,4.355506807204596,0000815556-16-000113,10-Q,2016-06-30,8.35828685760498,288945899.0,0.010259949850618864
2016-07-19,NFLX,Services,3680178573.5880737,-0.07724987788423296,0.018495722020798917,0.038319607915793724,1.329500174858959,0001065280-16-000072,10-Q,2016-06-30,8.583999633789062,428725388.0,-0.08941384173054796
2016-07-20,ISRG,Manufacturing,3007491744.995117,0.15937240520343204,0.6837758811443022,0.2255035283566842,5.776098059244126,0001035267-16-000215,10-Q,2016-06-30,78.11666870117188,38500000.0,0.042053003044561305
2016-07-20,QCOM,Manufacturing,62583693042.75513,0.10174063718347576,0.22636467186541662,0.082561442906063,3.0657606313020604,0001234452-16-000483,10-Q,2016-06-26,42.48723220825195,1473000000.0,
2016-07-21,BIIB,Manufacturing,61871096306.918396,0.1810401676985145,0.3397284199307022,0.061707683036046054,2.9598998489786186,0000875045-16-000065,10-Q,2016-06-30,282.45001220703125,219051491.0,0.0035845557476713702
2016-07-21,EBAY,Services,29969069969.177246,0.15655479417796228,0.784251251706873,0.06449983272714377,4.494106980961015,0001065088-16-000317,10-Q,2016-06-30,26.474443435668945,1132000000.0,0.05987095483419197
2016-07-22,AAL,Transportation Utilities,18769231080.513474,0.12975260034083563,0.16504709224099268,0.35291802693383356,0.7497486089696319,0001193125-16-654354,10-Q,2016-06-30,34.942806243896484,537141492.0,
2016-07-22,PAYX,Services,16085826478.57666,,,,1.113997113997114,0000723531-16-000046,10-K,2016-05-31,44.63325881958008,360400000.0,
2016-07-25,CDNS,Services,7638817824.659348,0.1569953483638529,0.14523363696518324,0.033761114078080634,1.704567639435861,0000813672-16-000050,10-Q,2016-07-02,26.1299991607666,292339000.0,0.04853917766003483
2016-07-25,ESRX,Retail,48771177615.356445,0.09550203898652342,0.08327310054717336,0.05499149561554827,0.5546730070807097,0001532063-16-000023,10-Q,2016-06-30,77.38999938964844,630200000.0,0.042767594861046115
2016-07-26,HAS,Manufacturing,7204567246.44287,0.11145858389622466,0.12782554108577227,0.06721000490891034,3.386964108346085,0000046080-16-000198,10-Q,2016-06-26,57.77423477172851,124702080.0,
2016-07-26,PYPL,Services,45101233005.52369,0.04426887793411903,0.1354916067146283,0.030065696869837826,1.5408920712080405,0001633917-16-000203,10-Q,2016-06-30,37.36639022827149,1207000000.0,
2016-07-26,SIRI,Transportation Utilities,170328803030.22766,0.07930580987721511,0.13441871351069062,0.0037899462012037904,0.3676408957203875,0000908937-16-000021,10-Q,2016-06-30,34.84388732910156,4888341000.0,
2016-07-27,AAPL,Manufacturing,126397079071.38824,0.156402772233166,0.39492845729227194,0.3781495612964645,1.3115994740228856,0001628280-16-017809,10-Q,2016-06-25,23.43653106689453,5393165000.0,
2016-07-27,CMCSA,Transportation Utilities,50615567605.446465,0.11237607930924208,0.10699853895462862,0.16060276283704625,0.8395545707630249,0001193125-16-659869,10-Q,2016-06-30,24.5340633392334,2063073161.0,0.06511032938919092
2016-07-27,MDLZ,Manufacturing,53813381277.21904,0.05522277188601413,0.3913978494623656,0.14039259048006109,0.6909048938134811,0001193125-16-660006,10-Q,2016-06-30,34.67221450805664,1552060693.0,-0.0641842234198922
2016-07-27,SBUX,Retail,68536372329.711914,0.30627765086892406,0.1300860157411243,0.038947202912325785,1.1439272590219542,0000829224-16-000074,10-Q,2016-06-26,46.73784255981445,1466400000.0,0.11331434519850794
2016-07-27,TMUS,Transportation Utilities,35907164087.512024,0.1025043771885943,0.03358197953828464,0.03172068942075343,1.6316270566727604,0001283699-16-000100,10-Q,2016-06-30,43.64525604248047,822704856.0,0.08469859929964982
2016-07-28,JBHT,Transportation Utilities,8543864237.711647,0.2417692712970646,0.06880444108062558,0.05114711421456793,1.496262094819039,0001437749-16-035886,10-Q,2016-06-30,75.82396697998047,112680259.0,0.12357858193026167
2016-07-28,MAR,Services,16611276562.5,0.2219548872180451,0.05869768685653162,0.05285566083356214,0.6038840937114673,0001628280-16-017871,10-Q,2016-06-30,65.2958984375,254400000.0,0.08992481203007519
2016-07-28,MAT,Manufacturing,10552922830.686676,0.05847881344002352,0.481506524915425,0.03286966137867884,1.72286401715078,0001628280-16-017882,10-Q,2016-06-30,30.99736785888672,340445772.0,
2016-07-28,META,Services,353892243530.27344,0.200936507651734,0.27173863995307074,0.017016479196964522,12.216191768430575,0001326801-16-000082,10-Q,2016-06-30,123.91184997558594,2856000000.0,0.09289725326970344
2016-07-28,MSFT,Services,388033122558.59375,0.0851652606688901,0.6157993436474449,0.04251183479191025,2.3528817157201343,0001193125-16-662209,10-K,2016-06-30,49.69686508178711,7808000000.0,
2016-07-29,AMGN,Manufacturing,95614998446.65527,0.12622066754117475,0.33073774139005074,0.0777388497699653,3.9655586334256694,0000318154-16-000046,10-Q,2016-06-30,127.67391967773438,748900000.0,0.027732506525685364
2016-07-29,AMZN,Retail,17983796218.87207,0.1955713319810683,0.016006697779288277,0.10737443732673205,1.0889917869334504,0001018724-16-000286,10-Q,2016-06-30,37.94049835205078,474000000.0,0.16589833425533224
2016-07-29,CTAS,Manufacturing,2513548897.2790093,0.16897017415242643,0.14137721696934313,0.2759126750033611,1.9496355242748804,0000723254-16-000050,10-K,2016-05-31,24.119230270385746,104213479.0,
2016-07-29,EXPE,Transportation Utilities,16575350469.970703,0.010787909669593441,0.023327624205838823,0.010887612924200147,0.5591666437260256,0001193125-16-662614,10-Q,2016-06-30,110.83335876464844,149552000.0,
2016-08-01,INTC,Manufacturing,132501593994.14062,0.09194125520117272,0.6147596000989155,0.0762104039325485,1.6668270001603336,0000050863-16-000142,10-Q,2016-07-02,28.024871826171875,4728000000.0,
2016-08-01,VRTX,Manufacturing,24324525366.467594,-0.014639177522634526,-0.17659503839315696,-0.011306942102934061,2.334652527474292,0000875320-16-000091,10-Q,2016-06-30,98.1999969482422,247703932.0,0.0932611528837787
2016-08-02,IDXX,Manufacturing,9479560139.575293,0.13550056706738534,0.5502626626221534,0.02128716913325483,0.9979751475492722,0000874716-16-000030,10-Q,2016-06-30,105.87999725341795,89531171.0,
2016-08-02,ILMN,Manufacturing,23901384375.0,0.1701735719895912,0.6996381562739605,0.01810158747342433,3.6852883972161985,0001110803-16-000203,10-Q,2016-07-03,162.37353515625,147200000.0,0.061605635004479194
2016-08-02,VRSK,Services,13385388541.126945,0.1368597625047539,,0.0448209626606393,0.8077770878104447,0001442145-16-000081,10-Q,2016-06-30,79.59610748291016,168166371.0,0.009888757038795038
2016-08-03,PCAR,Manufacturing,9381441453.278162,0.031039986559139785,0.03712386342705002,0.07089528867310617,,0001193125-16-670077,10-Q,2016-06-30,26.768718719482425,350462850.0,
2016-08-03,SWKS,Manufacturing,9723853111.26709,0.24713704274843895,0.5029390595009597,0.1005362780385122,5.988760806916426,0000004127-16-000062,10-Q,2016-07-01,51.86054992675781,187500000.0,
2016-08-04,ALGN,Manufacturing,7333105817.596436,0.1968067719834121,0.7571179098387516,0.022798934606782846,2.7606600911739227,0001097149-16-000060,10-Q,2016-06-30,91.72000122070312,79951000.0,0.06319324400031008
2016-08-04,BKNG,Transportation Utilities,2644194032.8323555,,0.9458561747794949,,2.6766521047893987,0001075531-16-000109,10-Q,2016-06-30,53.268070220947266,49639381.0,
2016-08-04,GOOG,Services,26264668522.521973,,,,5.434404013609365,0001652044-16-000032,10-Q,2016-06-30,38.243316650390625,686778000.0,
2016-08-04,GOOGL,Services,27136067363.204956,,,,5.434404013609365,0001652044-16-000032,10-Q,2016-06-30,39.51213836669922,686778000.0,
2016-08-04,HSIC,Wholesale,5246784023.347397,0.07409736740072805,0.2814881833758169,0.09368252968156432,1.71519724613169,0001000228-16-000090,10-Q,2016-06-25,64.12940979003906,81815567.0,
2016-08-04,REGN,Manufacturing,40582292091.010895,0.2609489974545948,0.15645291426479416,0.017922743209497265,3.3725827927315373,0001532176-16-000067,10-Q,2016-06-30,429.8497009277344,94410423.0,0.14372788242078124
2016-08-04,TSCO,Retail,1968764230.1101687,0.1798073186942902,,0.21491501802444019,2.1927916238171816,0000916365-16-000193,10-Q,2016-06-25,14.72490692138672,133703000.0,0.01573000419580528
2016-08-04,TXN,Manufacturing,53460541211.76106,0.19632957369527815,0.5961702457554849,0.05763129085797947,3.359618282270216,0001564590-16-022552,10-Q,2016-06-30,53.23551940917969,1004226911.0,
2016-08-05,ADP,Services,32837452320.098877,0.04258987863521869,0.12791614528874337,0.045451150882569624,1.1019041827301284,0000008670-16-000053,10-K,2016-06-30,72.05936431884766,455700000.0,0.008413098236775819
2016-08-05,CTSH,Services,31761451303.482056,0.14735808707696288,0.11655402804932494,0.04767414390267475,3.659858490566038,0001058290-16-000074,10-Q,2016-06-30,52.299442291259766,607300000.0,0.03212304320362859
2016-08-05,GILD,Manufacturing,75108112079.62036,0.3566026410564226,0.5049581415464459,0.2176329499891035,1.7572769054002297,0000882095-16-000054,10-Q,2016-06-30,56.42983627319336,1331000000.0,0.029551820728291316
2016-08-05,KHC,Manufacturing,68285516327.470276,0.01281187337694356,,0.022830610118310505,0.9743563014698218,0001637459-16-000179,10-Q,2016-07-03,56.0933723449707,1217354448.0,
2016-08-05,KLAC,Manufacturing,1026963383.4886551,0.1530894529134102,0.2360273587507158,0.6859270849628902,3.8586824125144776,0000319201-16-000090,10-K,2016-06-30,6.58499813079834,155955000.0,0.01113849015966365
2016-08-05,MELI,Services,7607279094.103134,0.11464291070728475,,0.01718222749331246,1.5940784411218052,0001562762-16-000414,10-Q,2016-06-30,172.2766571044922,44157341.0,
2016-08-05,SHPG,Manufacturing,179693317666.62598,0.03257188509696623,0.13187998561745082,0.005511056353454629,1.4089543093890413,0000950103-16-015416,10-Q,2016-06-30,198.14016723632812,906900000.0,0.018568873240432406
2016-08-05,STX,Manufacturing,6327755697.528513,0.2035870092098885,0.022222222222222223,0.03919241068312159,1.570920409070698,0001047469-16-014732,10-K,2016-07-01,21.193384170532227,298572217.0,0.1735336888027145
2016-08-05,TRIP,Services,7182973520.313263,0.05786163522012579,0.09406952965235174,0.01921209922460936,1.9252173913043478,0001564590-16-022974,10-Q,2016-06-30,54.076847076416016,132829000.0,
2016-08-05,TSLA,Manufacturing,2269859294.8246,-0.09484493660434384,0.21393479710864136,-0.4959382295487119,1.3816109477368865,0001564590-16-023024,10-Q,2016-06-30,15.335332870483398,148015000.0,
2016-08-05,TTWO,Services,3616027496.6392517,0.04276749725354479,0.4464386086997303,0.005573519564973219,1.567556813543147,0001047469-16-014693,10-Q,2016-06-30,41.369998931884766,87407000.0,0.03482887289574657
2016-08-05,XRAY,Manufacturing,12515479488.372803,0.04141458686274167,1.2803030303030303,0.029843043596291374,2.406089965397924,0000818479-16-000081,10-Q,2016-06-30,53.71450424194336,233000000.0,0.00879848752117645
2016-08-08,AKAM,Services,8792283333.151817,0.19521388043530702,0.14314801134248645,0.03695888629689011,3.6266445708579655,0001086222-16-000345,10-Q,2016-06-30,50.209999084472656,175110207.0,0.11910752034910001
2016-08-08,BMRN,Manufacturing,16168191112.492897,-0.17199828717871646,-0.5457601685552044,-0.032842944291380655,3.033479620385101,0001564590-16-023155,10-Q,2016-06-30,99.0199966430664,163282081.0,
2016-08-08,ORLY,Retail,1819511741.8526,0.19158022034105154,0.5229586711397561,0.5485053913330831,1.0212250959774851,0000898173-16-000359,10-Q,2016-06-30,19.176666259765625,94881546.0,0.053171979186313556
2016-08-09,CHTR,Transportation Utilities,69292499801.02898,0.02221254063473977,0.2058888156449132,0.04056716106464177,0.2639945497899398,0001091667-16-000549,10-Q,2016-06-30,255.7599945068359,270927828.0,0.003371426656389289
2016-08-09,EA,Services,22985951622.009277,0.17471612414837245,0.6953405017921147,0.05020457795164911,2.4072727272727272,0000712515-16-000138,10-Q,2016-06-30,76.36528778076172,301000000.0,
2016-08-09,INCY,Services,16246651013.453636,,,,3.980832822409617,0001558370-16-007827,10-Q,2016-06-30,86.4800033569336,187865985.0,
2016-08-09,MCHP,Manufacturing,5397108478.512238,0.10407438431169616,0.510472598535423,0.01484165091713718,2.9182483407031405,0000827054-16-000385,10-Q,2016-06-30,25.099231719970703,215030824.0,0.0931891205524412
2016-08-09,NCLH,Transportation Utilities,8607618053.104305,0.03924863801575412,0.11089949628208204,0.059084173677593034,0.16974737140970209,0001571049-16-017267,10-Q,2016-06-30,37.90999984741211,227054025.0,
2016-08-09,SBAC,Finance Real Estate,13324961734.800743,-0.005187645182658847,0.7348459035463842,-0.0028950927415610224,0.3618521914360186,0001034054-16-000022,10-Q,2016-06-30,106.15460968017578,125524099.0,
2016-08-09,WYNN,Services,9086208734.476776,0.07129160948586903,0.07666452708759613,0.033743336628030404,2.4341697103747517,0001174922-16-000199,10-Q,2016-06-30,89.26345825195312,101790911.0,0.04239539295165636
2016-08-17,ADI,Manufacturing,16354616626.832268,0.12906690428810316,0.6483959407721106,0.040466371979285376,6.966165851128566,0000006281-16-000073,10-Q,2016-07-30,53.190208435058594,307474197.0,0.04295012669398637
2016-08-17,LRCX,Manufacturing,1262135020.3990936,0.07448534526425724,0.4449489652632149,0.7242085713705757,3.8081260367583796,0000707549-16-000050,10-K,2016-06-26,7.878446578979492,160201000.0,
2016-08-22,SNPS,Services,8862093309.322357,0.047739493645167184,0.7724741705710336,0.02752069872063322,0.9329416516990904,0000883241-16-000022,10-Q,2016-07-31,58.52000045776367,151437000.0,
2016-08-23,NVDA,Manufacturing,824960475.4214101,0.1687441361747755,0.5703254274682846,1.0933857158904932,2.5575405068550063,0001045810-16-000300,10-Q,2016-07-31,1.5450879335403442,533924612.0,0.04784881383192602
2016-08-25,AMAT,Manufacturing,28836329019.782043,0.1562157821738813,0.4113783346806791,0.05017975759006432,2.4962887989203777,0000006951-16-000059,10-Q,2016-07-31,26.678224563598633,1080893856.0,0.05058763413387839
2016-08-25,ULTA,Retail,16939023661.743164,0.15650744994769683,0.3586229842898745,0.021304238497230083,2.795522554825341,0001193125-16-691686,10-Q,2016-07-30,271.45001220703125,62402000.0,
2016-08-29,WDC,Manufacturing,8873428024.29199,0.06034325360598868,,0.02727243623743814,1.8109080443229242,0000106040-16-000033,10-K,2016-07-01,31.244464874267575,284000000.0,0.05297912482502586
2016-08-30,ADSK,Services,15283351283.47165,0.07859492015691247,0.8426883628337734,-0.02304468394840146,1.5943190561682483,0000769397-16-000087,10-Q,2016-07-31,68.02999877929688,224656057.0,0.14837341997860284
2016-09-01,INTU,Services,26761292254.6463,0.3296470588235294,0.2085641244141457,0.036582687812096434,0.717014660151044,0000896878-16-000286,10-K,2016-07-31,103.78507232666016,257853000.0,0.09929411764705882
2016-09-02,DLTR,Retail,19589027143.859863,0.0922814065428001,,0.036438767211762174,2.0410091743119265,0000935703-16-000160,10-Q,2016-07-30,83.11000061035156,235700000.0,0.048568839026541084
2016-09-02,WDAY,Services,17529060661.315918,-0.12283041511002175,-0.2571195239694462,-0.019829128708937133,2.4118731223072136,0001327811-16-000050,10-Q,2016-07-31,88.9800033569336,197000000.0,
2016-09-07,ROST,Retail,22829550141.883102,0.2917533172359967,0.08553318963972263,0.04609626529912849,1.54962850784699,0000745732-16-000059,10-Q,2016-07-30,57.14390563964844,399509797.0,0.08915231774309744
2016-09-08,CSCO,Manufacturing,117606082136.15417,0.08827639496268043,0.6286677361057527,0.09131330459225155,3.1600096342981012,0000858877-16-000117,10-K,2016-07-30,23.38558006286621,5029000000.0,
2016-09-27,ADBE,Services,54523640983.20008,0.15837083839736935,0.8550697309188885,0.018191631778692437,2.162582722517686,0000796343-16-000395,10-Q,2016-09-02,109.6999969482422,497025000.0,0.07817041536725342
2016-09-30,PAYX,Services,15499379801.17798,,,,1.1553204538485127,0000723531-16-000053,10-Q,2016-08-31,42.85147857666016,361700000.0,
2016-10-11,CTAS,Manufacturing,2578602536.2396545,0.1755230499538653,0.14626558132484704,0.28365364173830204,2.2434097338572068,0000723254-16-000065,10-Q,2016-08-31,24.580169677734375,104905807.0,
2016-10-12,COST,Retail,55699313405.670166,0.07086210535838133,0.019794641127367986,0.04219082527794267,0.9770786516853932,0000909832-16-000032,10-K,2016-08-28,127.30573272705078,437524000.0,
2016-10-12,CSX,Transportation Utilities,8246621598.805916,0.09647934027277183,0.15925275131785813,0.20881278222458274,0.9558108705258507,0000277948-16-000082,10-Q,2016-09-23,8.804274559020996,936661112.0,0.04682679276837461
2016-10-14,FAST,Retail,2147039699.0184402,0.19274095136804387,0.49619419632084477,0.23128449847807636,5.369525621856735,0000815556-16-000122,10-Q,2016-09-30,7.42856502532959,289024824.0,0.010875791256297455
2016-10-19,ISRG,Manufacturing,2928859119.415283,0.16214552933745768,0.6942454268292683,0.24647822601454453,5.512971028214353,0001035267-16-000240,10-Q,2016-09-30,75.68111419677734,38700000.0,0.04523296678381136
2016-10-20,AAL,Transportation Utilities,20312027568.627033,0.11090240275495031,0.14162210784068763,0.27904649010788646,0.7602009220394963,0001193125-16-742263,10-Q,2016-09-30,39.124698638916016,519161253.0,
2016-10-20,EBAY,Services,28672842544.555664,0.15832601697395376,0.7798113631259825,0.0630213065618466,2.599787403667287,0001065088-16-000332,10-Q,2016-09-30,25.669509887695312,1117000000.0,0.07018827431470101
2016-10-20,KLAC,Manufacturing,959780553.6456308,0.14725311633198548,0.25145366791246754,0.8102122897221298,4.030980537394036,0000319201-16-000104,10-Q,2016-09-30,6.152636528015137,155995003.0,-0.008393550326674937
2016-10-20,MSFT,Services,396453345611.57227,0.07794884342474262,0.6086727404735696,0.04178549678889744,2.685070566230233,0001193125-16-742796,10-Q,2016-09-30,50.931827545166016,7784000000.0,
2016-10-20,NFLX,Services,5293503875.075583,-0.0940744474638987,0.01994848382448103,0.030812861168949473,1.1773784089196073,0001065280-16-000081,10-Q,2016-09-30,12.335000038146973,429145023.0,-0.10728442033416434
2016-10-24,CDNS,Services,7380044034.376144,0.1690306719833808,0.13700115536338023,0.033195330388121336,1.4911701212637936,0000813672-16-000056,10-Q,2016-10-01,25.739999771118164,286715000.0,0.05737466198924655
2016-10-24,TMUS,Transportation Utilities,40337548435.67048,0.10527134677620115,0.038709860112136826,0.03388902035482063,1.6664613868703042,0001283699-16-000115,10-Q,2016-09-30,48.95269012451172,824010863.0,0.08400236494896689
2016-10-25,ESRX,Retail,43205161811.82861,0.10890937412221342,0.08410958310859491,0.06349241352103842,0.696122915167256,0001532063-16-000026,10-Q,2016-09-30,70.06999969482422,616600000.0,0.055025309717477947
2016-10-25,LRCX,Manufacturing,1389708127.2468567,0.07036875011969426,0.4414730050290043,0.6398501833342511,3.860832288923247,0000707549-16-000085,10-Q,2016-09-25,8.59404182434082,161706000.0,
2016-10-25,PYPL,Services,51783393287.65869,0.0439469320066335,0.1322837669194586,0.026610847851263015,1.5471951844262295,0001633917-16-000243,10-Q,2016-09-30,42.93813705444336,1206000000.0,
2016-10-26,AAPL,Manufacturing,141176637380.45883,0.14202358821956815,0.3907595564809705,0.3236158676656782,1.352669417512594,0001628280-16-020309,10-K,2016-09-24,26.456567764282227,5336166000.0,
2016-10-26,BIIB,Manufacturing,64960539230.15021,0.18033083162556718,0.3403263811634446,0.05980861683175127,3.2371084530143617,0000875045-16-000071,10-Q,2016-09-30,296.4599914550781,219120762.0,0.004568896489013748
2016-10-26,CMCSA,Transportation Utilities,46815235329.6532,0.10376340459971674,0.1064573979624283,0.17878795099633657,0.8442177625013859,0001193125-16-747958,10-Q,2016-09-30,22.69198989868164,2063073161.0,0.056720847103257574
2016-10-26,MDLZ,Manufacturing,54640808090.60499,0.05459574804394215,0.3912207263265075,0.015318221476741207,0.6344486637529555,0001193125-16-747755,10-Q,2016-09-30,35.1266975402832,1555535018.0,0.04136568402750336
2016-10-27,MAT,Manufacturing,10162846887.374662,0.05404484703935272,0.4796266235787516,0.03535790748224354,1.8709702315191248,0001628280-16-020388,10-Q,2016-09-30,29.836400985717773,340619061.0,
2016-10-27,SIRI,Transportation Utilities,159443678325.4547,0.07988861696910075,0.1370341286029886,0.004220223762189607,0.3588492361046021,0000908937-16-000027,10-Q,2016-09-30,32.92145538330078,4843154000.0,
2016-10-28,AMGN,Manufacturing,80716410101.31836,0.11918106206014076,0.3362733800195018,0.09399575613529522,4.348700436349839,0000318154-16-000053,10-Q,2016-09-30,108.3732681274414,744800000.0,0.022098528470889316
2016-10-28,AMZN,Retail,18437600898.742672,0.2059748649449201,0.01643839897494394,0.11411462974792341,1.0630186876828467,0001018724-16-000324,10-Q,2016-09-30,38.81600189208984,475000000.0,0.1762980097888486
2016-10-28,EXPE,Transportation Utilities,18834236227.523804,0.010946166712311597,0.02107347366164867,0.009375532825798887,0.5469186356908246,0001324424-16-000013,10-Q,2016-09-30,125.36183166503906,150239000.0,
2016-10-28,JBHT,Transportation Utilities,8300652836.715088,0.11562485087107378,0.06680905881762465,0.051957359075708,1.4020271451039785,0001437749-16-040530,10-Q,2016-09-30,73.99070739746094,112185072.0,
2016-10-28,MU,Manufacturing,18348963760.375977,-0.010021786492374727,0.20203242196951368,-0.015041721353007057,1.9638055842812823,0000723125-16-000269,10-K,2016-09-01,16.772361755371094,1094000000.0,
2016-10-28,STX,Manufacturing,6844838874.512421,0.17045320776927605,0.034535895576504716,0.05566237671695958,1.5061349693251533,0001193125-16-751593,10-Q,2016-09-30,22.92253875732422,298607364.0,0.12560329605650383
2016-10-31,INTC,Manufacturing,133893390661.23962,0.09238350695527416,0.6158786058314776,0.0774272721663259,1.8024187527994824,0000050863-16-000153,10-Q,2016-10-01,28.253511428833008,4739000000.0,
2016-10-31,VRTX,Manufacturing,18815477208.704865,0.02887945123486334,-0.1316523474695529,-0.011624897820758266,2.0777750570319062,0000875320-16-000107,10-Q,2016-09-30,75.86000061035156,248028962.0,0.11269481127863948
2016-11-01,IDXX,Manufacturing,9310433760.221909,0.14264814679045834,0.5499095901419769,0.022987650791782104,1.0893071369940859,0000874716-16-000034,10-Q,2016-09-30,103.9800033569336,89540618.0,
2016-11-01,INCY,Services,16948955109.381683,,,,3.6860462699287035,0001558370-16-008973,10-Q,2016-09-30,90.02999877929688,188258973.0,
2016-11-01,VRSK,Services,13002769625.158333,0.1210902506717643,,0.04581400864377355,0.8343384427393125,0001442145-16-000089,10-Q,2016-09-30,76.9530258178711,168970219.0,-0.006060766467643575
2016-11-02,HAS,Manufacturing,7352786091.208069,0.10785108897879316,0.11007044765692131,0.07268238098739449,1.9477316290765907,0000046080-16-000219,10-Q,2016-09-25,58.630958557128906,125407912.0,
2016-11-02,HSIC,Wholesale,4936379290.191013,0.07499857166395346,0.2806129581763799,0.10078439494886318,1.611034709301328,0001000228-16-000102,10-Q,2016-09-24,61.21176528930664,80644289.0,
2016-11-02,QCOM,Manufacturing,76012248916.62598,0.10895930021581772,0.2422093911862104,0.0750536930733036,3.143345643550814,0001234452-16-000552,10-K,2016-09-25,51.49881362915039,1476000000.0,
2016-11-02,SHPG,Manufacturing,149836461764.52637,0.032512655678102055,0.01619350540499882,0.0010057632049322595,1.252232488151992,0000936402-16-000012,10-Q,2016-09-30,164.49276733398438,910900000.0,0.030352122469402006
2016-11-02,TSLA,Manufacturing,1878006485.5337143,-0.0694048956683942,0.23314856287142405,-0.46537325974762206,1.2670058470650771,0001564590-16-026820,10-Q,2016-09-30,12.534667015075684,149825000.0,
2016-11-03,ADP,Services,32719280485.534668,0.06105587493520185,0.12843387500315903,0.046596379179977145,1.1274322306347846,0000008670-16-000059,10-Q,2016-09-30,72.21205139160156,453100000.0,0.01665530878866775
2016-11-03,BMRN,Manufacturing,13498869635.961678,-0.12567727454676156,-0.462545272024882,-0.03577203225324717,4.41668808883353,0001564590-16-027187,10-Q,2016-09-30,78.62000274658203,171697649.0,
2016-11-03,CHTR,Transportation Utilities,67032962707.67633,0.036441298347179595,0.1387005649717514,0.04394852742593513,0.3216144327512432,0001091667-16-000576,10-Q,2016-09-30,247.4199981689453,270927828.0,0.016655809049208513
2016-11-03,GOOG,Services,26031051398.07129,0.11331182634356166,0.2186696910102192,0.6962454079493253,6.880262514836278,0001652044-16-000038,10-Q,2016-09-30,37.773460388183594,689136000.0,
2016-11-03,GOOGL,Services,26714879759.58252,0.11331182634356166,0.2186696910102192,0.6784234165792565,6.880262514836278,0001652044-16-000038,10-Q,2016-09-30,38.7657585144043,689136000.0,
2016-11-03,META,Services,341520905456.5429,0.2108958675470054,0.30420331563374003,0.0219752286905171,11.68709055876686,0001326801-16-000087,10-Q,2016-09-30,118.95538330078124,2871000000.0,0.08512920199751986
2016-11-03,TTWO,Services,4218904219.985962,0.06393987405507741,0.4325540690124256,0.0004387395170602283,1.3789687733025289,0001047469-16-016473,10-Q,2016-09-30,48.290000915527344,87366000.0,0.06331854129462787
2016-11-03,TXN,Manufacturing,52475576933.61901,0.20048100641341884,0.6065424115633321,0.06195262996560241,3.309216589861751,0001564590-16-027067,10-Q,2016-09-30,52.30768203735352,1003209756.0,
2016-11-04,KHC,Manufacturing,65088617481.17313,0.02118434093161546,,0.03940781198405276,0.949968132568515,0001637459-16-000207,10-Q,2016-10-02,53.45736312866211,1217580024.0,
2016-11-04,MELI,Services,7345330707.558792,0.09870730388827896,,0.016879022189214023,1.529492477529301,0001562762-16-000445,10-Q,2016-09-30,166.34449768066406,44157341.0,
2016-11-04,PCAR,Manufacturing,8895236887.379734,0.02766477974524176,0.03349713302421194,0.06521467694952864,,0001193125-16-760179,10-Q,2016-09-30,25.37665748596191,350528311.0,
2016-11-04,REGN,Manufacturing,31966747469.704193,0.20171882942915068,0.1652166874450644,0.024455162375868512,3.643095762002112,0001532176-16-000082,10-Q,2016-09-30,338.5934143066406,94410423.0,0.08722705663238488
2016-11-04,TSCO,Retail,1481958301.1245728,0.17441979138251104,,0.28695071897590035,2.2881475865554712,0000916365-16-000207,10-Q,2016-09-24,11.190671920776367,132428000.0,0.013079852928957523
2016-11-04,WYNN,Services,7980407496.471748,0.0831184930107641,0.05237253955124119,0.02699060168233635,1.4383277283310145,0001174922-16-000232,10-Q,2016-09-30,78.43852996826172,101740911.0,0.0634043154532002
2016-11-04,XRAY,Manufacturing,12177283699.035645,0.03910511696395703,2.7329757115184026,0.0313288258226432,2.3910672552583745,0000818479-16-000086,10-Q,2016-09-30,52.57894515991211,231600000.0,0.007186841136508149
2016-11-07,BKNG,Transportation Utilities,2865851625.645813,,0.954124692820327,,2.007443282394624,0001075531-16-000118,10-Q,2016-09-30,57.98155212402344,49426956.0,
2016-11-07,CTSH,Services,29089520308.685303,0.12484052286628708,0.11777395607048033,0.053675687444519685,3.5640457252140654,0001058290-16-000076,10-Q,2016-09-30,47.95502853393555,606600000.0,0.011008478715726086
2016-11-07,GILD,Manufacturing,69069240119.93408,0.31897754773975867,0.47745122878135293,0.2182737203105397,1.9348866612480808,0000882095-16-000060,10-Q,2016-09-30,52.24602127075195,1322000000.0,0.05265947110883428
2016-11-08,AKAM,Services,11526517070.710503,0.20725233052380368,0.1358669505758366,0.027147229130916634,3.214016907048311,0001086222-16-000392,10-Q,2016-09-30,66.37000274658203,173670583.0,0.13537836773179193
2016-11-08,ALGN,Manufacturing,7091391003.120422,0.18105104669756927,0.7550590148749148,0.026925323947866026,2.6578205572932303,0001097149-16-000065,10-Q,2016-09-30,88.79000091552734,79867000.0,0.04054108748812452
2016-11-08,EA,Services,23803842971.801758,0.18224027858386535,0.7026610952276227,0.05276458937692828,2.078048780487805,0000712515-16-000149,10-Q,2016-09-30,79.08253479003906,301000000.0,
2016-11-08,ILMN,Manufacturing,19636984548.950195,0.15314321044829884,0.6991420643270364,0.022578008293218446,3.6221958957152283,0001110803-16-000214,10-Q,2016-10-02,133.9494171142578,146600000.0,0.0482751541158141
2016-11-08,MCHP,Manufacturing,5751962168.260925,0.11399602170983926,0.4892461118057647,0.008540042260891952,2.5755481571450045,0000827054-16-000472,10-Q,2016-09-30,26.63507843017578,215954392.0,0.10705239005563161
2016-11-08,ORLY,Retail,1639292498.4510612,0.1843538048001021,0.523807138019573,0.6162640291189981,1.0589641452657508,0000898173-16-000385,10-Q,2016-09-30,17.30533218383789,94727595.0,0.05005556781533406
2016-11-08,TRIP,Services,7453089073.707672,0.052261747913921824,0.08078750848608282,0.015966533986531483,2.1466666666666665,0001564590-16-028323,10-Q,2016-09-30,56.113285064697266,132822184.0,
2016-11-08,WDC,Manufacturing,10941059914.381462,0.06473629782833505,,-0.037199321015052605,2.327889767797908,0000106040-16-000040,10-Q,2016-09-30,38.32595443725586,285473906.0,0.07876594277835229
2016-11-09,MAR,Services,26520787002.563477,0.05927525797936165,0.04816603576556585,0.02782722850301032,0.7242302543507363,0001628280-16-021074,10-Q,2016-09-30,67.91494750976562,390500000.0,0.029757619390448763
2016-11-09,NCLH,Transportation Utilities,8070832790.150635,0.04629137456019853,0.1251983502607546,0.07423831165616518,0.18590934227448488,0001571049-16-019690,10-Q,2016-09-30,35.529998779296875,227155448.0,
2016-11-09,SBAC,Finance Real Estate,11768264346.447815,0.01288562180430288,0.738800082041882,0.008667293408546505,1.1616655341474837,0001034054-16-000025,10-Q,2016-09-30,94.43667602539062,124615402.0,
2016-11-18,INTU,Services,27723702223.38803,0.3541825578438851,0.2059256146249212,0.03534881424217797,0.5786336542870243,0000896878-16-000316,10-Q,2016-10-31,107.48201751708984,257938052.0,0.10500889905924231
2016-11-18,SBUX,Retail,66341372835.1593,0.31927841166823684,0.13219240097767393,0.042474249168787705,1.0469770612945084,0000829224-16-000083,10-K,2016-10-02,45.42374038696289,1460500000.0,0.12263512334694163
2016-11-22,ADI,Manufacturing,18733729769.747314,0.16070894892248425,0.6509519908318473,0.045995325575341764,6.354128189604743,0000006281-16-000097,10-K,2016-10-29,60.79013442993164,308170560.0,0.05259929452899886
2016-11-22,CSCO,Manufacturing,112512645202.63672,0.08418126964770721,0.633971829834209,0.09448715725111104,3.581039755351682,0000858877-16-000123,10-Q,2016-10-29,22.39503288269043,5024000000.0,
2016-11-22,NVDA,Manufacturing,1230543268.6274083,0.15210153974198917,0.5785272075594656,0.9735537388590096,4.070063694267516,0001045810-16-000353,10-Q,2016-10-30,2.300071477890014,535002186.0,0.02746566791510612
2016-11-22,SWKS,Manufacturing,11863226997.375488,0.25813145198941745,0.5062937062937063,0.083889484726219,9.524738344433873,0000004127-16-000068,10-K,2016-09-30,64.16023254394531,184900000.0,
2016-12-01,ADSK,Services,15359431031.28543,0.06709185786465667,0.8391274710293115,-0.029376088155932106,1.4597521281922885,0000769397-16-000097,10-Q,2016-10-31,69.22000122070312,221892961.0,0.16052348215025264
2016-12-01,ULTA,Retail,16040761788.208008,0.1479166086874378,0.36133674763751256,0.023525378967812555,2.350093180984969,0001193125-16-782523,10-Q,2016-10-29,257.4100036621094,62316000.0,
2016-12-02,WDAY,Services,14280000305.175781,0.10070899951378394,-0.2635977315710752,-0.02687962127429906,2.089612383616733,0001327811-16-000062,10-Q,2016-10-31,71.4000015258789,200000000.0,0.23204584733499875
2016-12-06,DLTR,Retail,20751480072.021484,0.09179993825254708,,0.03872012970695675,2.0346734139255926,0000935703-16-000168,10-Q,2016-10-29,87.93000030517578,236000000.0,0.04218585983328188
2016-12-07,ROST,Retail,24658332787.10702,0.29784797323756557,0.08576339548635416,0.04384915271179024,1.5230197505858225,0000745732-16-000066,10-Q,2016-10-29,62.1774787902832,396579811.0,0.09574146145516718
2016-12-12,SNPS,Services,9075123402.679443,0.0509174456359433,0.7758700401067974,0.02940191423966965,1.0011615526086535,0000883241-16-000027,10-K,2016-10-31,59.91999816894531,151454000.0,
2016-12-15,AMAT,Manufacturing,32169284317.0166,0.1690430490814368,0.4167205542725173,0.05349823710842214,2.2998348017621146,0000006951-16-000068,10-K,2016-10-30,29.841636657714844,1078000000.0,0.05106937208664656
2016-12-16,COST,Retail,59813141216.64429,0.06610642724187014,0.020192645361962573,0.040375742702641645,0.969156098324722,0000909832-16-000040,10-Q,2016-11-20,136.14224243164062,439343000.0,
2016-12-23,PAYX,Services,16538349902.34375,,,,1.1140561824476098,0000723531-16-000061,10-Q,2016-11-30,46.093505859375,358800000.0,
2017-01-06,CTAS,Manufacturing,2790975668.826523,0.1249726247864852,0.10371226696801306,0.18871787593241762,2.1377589792148854,0000723254-17-000002,10-Q,2016-11-30,26.57825469970703,105009742.0,
2017-01-09,MU,Manufacturing,23919452339.172363,-0.010849259951142406,0.2048544435056456,-0.01262570713232515,1.713667508113956,0000723125-17-000005,10-Q,2016-12-01,21.784564971923828,1098000000.0,
2017-01-20,ADBE,Services,54718859887.49695,0.17310996029468217,0.8599508406454599,0.021359765214462412,2.0770028826643574,0000796343-17-000031,10-K,2016-12-02,110.70999908447266,494254000.0,0.08113140403084446
2017-01-25,QCOM,Manufacturing,65059378723.14453,0.09336210518275216,0.20561022794179493,0.07514673665736626,1.9738553915436576,0001234452-17-000028,10-Q,2016-12-25,44.018524169921875,1478000000.0,
2017-01-26,MSFT,Services,444964700736.9995,0.07465384444147634,0.6096769676033984,0.03768388812017446,2.0476782460056224,0001564590-17-000654,10-Q,2016-12-31,57.563350677490234,7730000000.0,
2017-01-26,STX,Manufacturing,8839672951.134567,0.2010279172993809,0.04689213893967093,0.058033821255135544,1.5441999254009697,0001193125-17-019732,10-Q,2016-12-30,29.949604034423828,295151580.0,0.1411050110968345
2017-01-27,KLAC,Manufacturing,1159374041.4006786,0.16837519059934958,0.26499756685921105,0.7449450903321687,3.3943898307367966,0000319201-17-000006,10-Q,2016-12-31,7.416731357574463,156318732.0,-0.0011561587733803177
2017-01-27,NFLX,Services,6126122200.724201,-0.10848798927767854,0.021139734713191038,0.03047245776095224,1.2471590964835608,0001628280-17-000496,10-K,2016-12-31,14.244999885559082,430054212.0,-0.12222784049884408
2017-01-30,LRCX,Manufacturing,1657401290.9946442,0.08671216769222344,0.4443965318459478,0.6027604813801417,3.199328973693933,0000707549-17-000010,10-Q,2016-12-25,10.208375930786133,162357000.0,
2017-01-31,SBUX,Retail,65538696208.19092,0.3163804727015902,0.13296240421124506,0.043974020948555466,1.0497805471539354,0000829224-17-000005,10-Q,2017-01-01,44.975772857666016,1457200000.0,0.11077739650289285
2017-02-01,AAPL,Manufacturing,155665443215.9729,0.13654908332100224,0.38518600023840305,0.29047551637562335,1.228242006418638,0001628280-17-000717,10-Q,2016-12-31,29.619964599609375,5255423000.0,
2017-02-01,ADP,Services,34770680517.578125,0.05520832812492187,0.14057754543191436,0.04872208351353829,1.0865327721861981,0000008670-17-000003,10-Q,2016-12-31,77.45751953125,448900000.0,0.01285519282789242
2017-02-02,BIIB,Manufacturing,57047259371.94824,0.19768499090781927,0.32342254210048216,0.06490758786250776,2.553349513143659,0000875045-17-000009,10-K,2016-12-31,264.2300109863281,215900000.0,0.035826689047419216
2017-02-02,SIRI,Transportation Utilities,180819896539.13116,0.09281853966873636,0.1480664591148086,0.0041084085004950395,0.24081869114191293,0000908937-17-000009,10-K,2016-12-31,38.140037536621094,4740947000.0,
2017-02-03,CMCSA,Transportation Utilities,56540807628.67305,0.10659279778393352,0.10814273099262466,0.15378273435893725,0.7597399582075691,0001193125-17-030512,10-K,2016-12-31,27.406108856201172,2063073161.0,0.05842105263157895
2017-02-03,GOOG,Services,27461104414.981842,0.21514415183555527,0.2157701169797944,0.7092941239964649,6.290761518262115,0001652044-17-000008,10-K,2016-12-31,39.72426223754883,691293000.0,0.09885550188958608
2017-02-03,GOOGL,Services,28098353230.327606,0.21514415183555527,0.2157701169797944,0.6932078844740504,6.290761518262115,0001652044-17-000008,10-K,2016-12-31,40.64608383178711,691293000.0,0.09885550188958608
2017-02-03,META,Services,371731297912.59766,0.24796416311325256,0.36967219046240685,0.02748490659078764,11.965565217391305,0001326801-17-000007,10-K,2016-12-31,129.83978271484375,2863000000.0,0.09068518033897262
2017-02-06,EBAY,Services,30796861989.97497,0.11850547238646371,0.776478449716004,0.23593312858840088,2.306992461658435,0001065088-17-000007,10-K,2016-12-31,28.33197975158691,1087000000.0,-0.1861869417536797
2017-02-06,FAST,Retail,2863435096.8205147,0.19258948684169114,0.49590084491912745,0.17443314868725596,6.242726125001814,0000815556-17-000009,10-K,2016-12-31,9.902531623840332,289161924.0,0.005440850932449668
2017-02-06,ISRG,Manufacturing,3039160852.0507812,0.16077016756848417,0.6988980919982252,0.2421392074405754,5.449119865884326,0001035267-17-000021,10-K,2016-12-31,78.32888793945312,38800000.0,0.0473261496246281
2017-02-07,EA,Services,24014163139.34326,0.16841559787537247,0.7142239515780372,0.054134720100662746,1.7368062648961526,0000712515-17-000010,10-Q,2016-12-31,79.7812728881836,301000000.0,
2017-02-07,SWKS,Manufacturing,13753837847.90039,0.2207983865017094,0.5057225698153518,0.06526905507592846,7.246209624258404,0000004127-17-000012,10-Q,2016-12-30,74.42552947998047,184800000.0,
2017-02-07,WDC,Manufacturing,15347643310.546875,0.08075927523727351,,-0.02756123474079666,2.349804305283757,0000106040-17-000007,10-Q,2016-12-30,53.290428161621094,288000000.0,0.09535806729939603
2017-02-08,MCHP,Manufacturing,6688275064.295254,0.13259965839844212,0.49861400789084975,0.014216819596372155,2.57346677860435,0000827054-17-000018,10-Q,2016-12-31,30.9027156829834,216430010.0,0.11929083035100309
2017-02-08,PYPL,Services,48918502189.63623,0.09539920853094885,0.1292197011621472,0.028639470492553488,1.5246474700793933,0001633917-17-000027,10-K,2016-12-31,40.52899932861328,1207000000.0,0.05307676041446394
2017-02-08,TTWO,Services,5413860487.716675,0.10102751643764088,0.4212708733075228,0.0026639031487275277,1.3151376986045304,0001047469-17-000578,10-Q,2016-12-31,53.709999084472656,100798000.0,0.09635884120256424
2017-02-09,REGN,Manufacturing,33709332577.357727,0.21128603767480905,0.18102792203236465,0.02610176270861569,2.561579386143319,0001532176-17-000008,10-K,2016-12-31,357.05096435546875,94410423.0,0.08511162168138484
2017-02-10,AMZN,Retail,19734921524.04785,0.1971535454785257,0.017435490157147373,0.12014235765320042,1.044846631367537,0001018724-17-000011,10-K,2016-12-31,41.37300109863281,477000000.0,0.16872497062420566
2017-02-10,CDNS,Services,8212263660.955429,0.21215952249693357,0.11182638678959056,0.024729600556489272,1.1989063497972887,0000813672-17-000006,10-K,2016-12-31,29.530000686645508,278099000.0,0.11530930303093889
2017-02-10,EXPE,Transportation Utilities,17601358368.08014,0.01702267260066933,0.030611961114092288,0.015258822324023553,0.5631042117457278,0001324424-17-000006,10-K,2016-12-31,117.05599212646484,150367000.0,
2017-02-14,AMGN,Manufacturing,93872144856.26222,0.133383144822611,0.33587055804445215,0.08226082414356238,4.106569082470546,0000318154-17-000004,10-K,2016-12-31,127.16356658935548,738200000.0,0.03390616546002628
2017-02-14,CSX,Transportation Utilities,13170238131.968271,0.08586999491726435,0.15484686963592015,0.13014191412679077,1.2191176470588236,0000277948-17-000009,10-K,2016-12-30,14.060835838317873,936661112.0,0.03747105664426498
2017-02-14,ESRX,Retail,42160963336.94458,0.09507023880614321,0.08595787112052848,0.08074768056869353,0.7525763782786811,0001532063-17-000004,10-K,2016-12-31,69.62999725341797,605500000.0,0.029278247711368655
2017-02-14,ILMN,Manufacturing,23388515763.24463,0.16054711956267814,0.6948243663516892,0.019781032908768807,3.289635500557002,0001110803-17-000014,10-K,2017-01-01,159.9805450439453,146196000.0,0.05246671027426062
2017-02-14,INCY,Services,23288828039.007935,,,,3.635006818987865,0001558370-17-000594,10-K,2016-12-31,123.31999969482422,188848752.0,
2017-02-14,TMUS,Transportation Utilities,48678822013.59033,0.09310831524790943,0.03920305031953171,0.029992508848969104,1.5758146752383064,0001283699-17-000010,10-K,2016-12-31,58.90771484375,826357331.0,0.07095050917424231
2017-02-15,ADI,Manufacturing,21162089215.361,0.134826225568001,0.659543744701189,0.04320409911779135,8.912643261797921,0000006281-17-000008,10-Q,2017-01-28,68.43994903564453,309206677.0,0.045219663187783726
2017-02-16,CHTR,Transportation Utilities,87905240757.82288,0.053942187070243584,0.12143571354687446,0.040065870585612035,0.3447555369828667,0001091667-17-000030,10-K,2016-12-31,324.4599914550781,270927828.0,0.03031522738097634
2017-02-17,IDXX,Manufacturing,12752086683.008804,0.14506070409432523,0.5494104785169506,0.01741244437240677,0.904785954580084,0000874716-17-000004,10-K,2016-12-31,142.22999572753906,89658209.0,
2017-02-17,INTC,Manufacturing,141873584289.55078,0.09102861630502881,0.6094094667183053,0.07271261984152035,1.7489902472662793,0000050863-17-000012,10-K,2016-12-31,29.994415283203125,4730000000.0,
2017-02-17,SNPS,Services,10606678601.348877,0.05573040358614915,0.7729042882434932,0.02765983688453521,1.0188719272530045,0000883241-17-000003,10-Q,2017-01-31,70.51000213623047,150428000.0,
2017-02-17,TRIP,Services,5495273647.629166,0.05227882037533512,0.07905405405405405,0.02129102343255963,2.2458628841607564,0001564590-17-001783,10-K,2016-12-31,41.849308013916016,131310980.0,
2017-02-21,CSCO,Manufacturing,129137620754.24194,0.07787846144097332,0.635289273213918,0.07613583046191469,3.672362163114321,0000858877-17-000004,10-Q,2017-01-28,25.79141616821289,5007000000.0,
2017-02-21,HSIC,Wholesale,5387226612.771988,0.0752969067496177,0.279473019792825,0.09407029561343036,1.4462208477433878,0001000228-17-000011,10-K,2016-12-31,67.84706115722656,79402505.0,
2017-02-21,MAR,Services,31267268900.299072,0.06553438276719138,0.045688847235238986,0.024946214601830455,0.654944627938605,0001628280-17-001506,10-K,2016-12-31,80.98230743408203,386100000.0,0.033222866611433303
2017-02-21,PCAR,Manufacturing,11406758581.141708,0.02527750994481295,0.030628239976986257,0.04573604291603959,,0001193125-17-050405,10-K,2016-12-31,32.54078674316406,350537271.0,
2017-02-21,VRSK,Services,13519126922.320587,0.11791760234928313,,0.04373063463321041,0.8058236808236808,0001442145-17-000010,10-K,2016-12-31,80.99370574951172,166915772.0,-0.009738296769735706
2017-02-22,AAL,Transportation Utilities,22757272133.24271,0.12723797636228887,0.06659864114880167,0.11758878587609936,0.744232987312572,0001193125-17-051216,10-K,2016-12-31,44.860111236572266,507294153.0,0.07504778250185279
2017-02-22,HAS,Manufacturing,8974839932.47499,0.1082970660526075,0.10984054813098951,0.06143619319658952,1.9949865841213603,0001193125-17-052143,10-K,2016-12-25,71.92094421386719,124787571.0,
2017-02-22,SHPG,Manufacturing,162980698388.67188,0.03966411776464376,0.028727866205710474,0.0020088268318695355,0.9736804721501169,0000936402-17-000008,10-K,2016-12-31,178.667724609375,912200000.0,0.034780131094914034
2017-02-23,AMAT,Manufacturing,35345990608.99045,0.1905667803726056,0.4254600709100118,0.06048776574552102,2.3881302521008405,0000006951-17-000007,10-Q,2017-01-29,32.73289108276367,1079831003.0,0.0503148779847809
2017-02-23,INTU,Services,28791167985.679787,0.31534415732906473,0.19971145919208574,0.03365615457080322,0.5990010702818409,0000896878-17-000030,10-Q,2017-01-31,112.1858901977539,256638049.0,0.09375714612394237
2017-02-23,JBHT,Transportation Utilities,9951023159.434006,0.11284704992546334,0.06591300471866272,0.04342166559931677,1.6500172734473963,0001437749-17-003083,10-K,2016-12-31,89.40318298339844,111305021.0,
2017-02-23,KHC,Manufacturing,72425124350.34653,0.04347609561752988,,0.050148343307368067,0.921271445111041,0001637459-17-000007,10-K,2016-12-31,59.536842346191406,1216475740.0,0.013330013280212483
2017-02-23,MAT,Manufacturing,8509343823.7247715,0.048973219661726256,0.46812439866951333,0.03737326950091354,1.9527874105074945,0001628280-17-001638,10-K,2016-12-31,24.87782859802246,342045279.0,
2017-02-23,TSCO,Retail,1599171994.8291779,0.2388986378022402,,0.27334145508638225,1.9529345311466635,0000916365-17-000031,10-K,2016-12-31,12.226552963256836,130795000.0,0.0754857488498816
2017-02-23,TXN,Manufacturing,59772345525.79297,0.2106992879313493,0.6163051608077786,0.05791976154768893,3.293727915194346,0001564590-17-002142,10-K,2016-12-31,59.8031005859375,999485728.0,
2017-02-23,VRTX,Manufacturing,21286804155.938347,0.08150512964881436,-0.06582864179224605,-0.0052639183965405645,2.310983588147935,0000875320-17-000017,10-K,2016-12-31,85.7300033569336,248300517.0,0.1201866067474067
2017-02-24,MDLZ,Manufacturing,55782911999.97603,0.04611784588384413,0.3906955213516954,0.029740290359899335,0.5881944926128876,0001193125-17-055858,10-K,2016-12-31,36.119197845458984,1544411707.0,0.019158893691702688
2017-02-24,MELI,Services,9154130960.60498,0.09972393568981341,,0.014896662565442238,1.5079075478537152,0001562762-17-000024,10-K,2016-12-31,207.3070068359375,44157364.0,
2017-02-24,WYNN,Services,8620802519.585129,0.08119307081565763,0.054177991297936524,0.02806873251652271,2.1113922817254243,0001174922-17-000027,10-K,2016-12-31,84.68415832519531,101799471.0,0.06095014228819087
2017-02-27,BKNG,Transportation Utilities,3154259315.778076,,0.9601308981862245,,1.8895217006510021,0001075531-17-000009,10-K,2016-12-31,63.92256164550781,49345008.0,
2017-02-27,BMRN,Manufacturing,15817972486.750765,-0.15662488909433878,-0.5642725011505533,-0.03984138931382438,3.236418474425804,0001564590-17-002483,10-K,2016-12-31,91.62000274658205,172647588.0,
2017-02-27,GILD,Manufacturing,65624976310.72998,0.2925566456640399,0.4442579795985522,0.20572959807366095,2.2177025707777416,0000882095-17-000006,10-K,2016-12-31,50.095401763916016,1310000000.0,0.05560138301419871
2017-02-27,NCLH,Transportation Utilities,11537176765.544037,0.04879677377160981,0.1298811736563309,0.05487347666291449,0.1777455035372433,0001571049-17-001650,10-K,2016-12-31,50.77000045776367,227243976.0,
2017-02-28,AKAM,Services,10845750027.83416,0.19809491839513246,0.13509631635918734,0.02914800720915471,3.4969539867801425,0001086222-17-000080,10-K,2016-12-31,62.599998474121094,173254797.0,0.1258055413654152
2017-02-28,ALGN,Manufacturing,8174866449.943543,0.17738339191104688,0.7549899340108198,0.02320307018609582,2.6894831162600363,0001097149-17-000009,10-K,2016-12-31,102.76000213623048,79553000.0,0.0415227292749853
2017-02-28,ORLY,Retail,1681917806.6629314,0.20185020132037068,0.5247248488786812,0.6169689124457678,0.9580450672798045,0000898173-17-000091,10-K,2016-12-31,18.11400032043457,92851815.0,0.05781025456161686
2017-03-01,CTSH,Services,32085635375.976562,0.11365867339784042,0.11522121137976288,0.04843288848079114,3.5566583953680726,0001058290-17-000008,10-K,2016-12-31,52.77242660522461,608000000.0,0.00469779834525312
2017-03-01,NVDA,Manufacturing,1480941088.1996155,0.1699014327812214,0.5879884225759768,1.1114554205535936,4.774049217002237,0001045810-17-000027,10-K,2017-01-29,2.5315232276916504,585000000.0,0.002642007926023778
2017-03-01,SBAC,Finance Real Estate,13052107729.708532,0.010356822391690198,0.7422750861079219,0.005840895706558992,0.371597818757177,0001034054-17-000003,10-K,2016-12-31,105.19713592529295,124072843.0,
2017-03-01,TSLA,Manufacturing,2692898629.6691895,-0.029779021214012873,0.22846097759299397,-0.2506273324083165,1.0742733187975642,0001564590-17-003118,10-K,2016-12-31,16.667999267578125,161561000.0,
2017-03-01,XRAY,Manufacturing,12894048457.717896,0.04833520645842091,2.007927747114902,0.0333409635778651,2.4417639429312583,0000818479-17-000007,10-K,2016-12-31,56.03671646118164,230100000.0,0.011453230497336158
2017-03-03,NXPI,Manufacturing,31662192042.50088,,,,2.2186600904233456,0001193125-17-068664,20-F,2016-12-31,91.50846862792967,346002862.0,
2017-03-09,COST,Retail,61921557434.47876,0.06690990738142015,0.019670940805650444,0.038500323615448286,0.9257688229056203,0000909832-17-000004,10-Q,2017-02-12,141.07034301757812,438941000.0,
2017-03-20,WDAY,Services,17185500000.0,0.11011001685181769,-0.2601479412287571,-0.02375712082860551,1.9256661277583058,0001327811-17-000008,10-K,2017-01-31,85.5,201000000.0,0.2390497924472528
2017-03-21,ADSK,Services,18425891865.53955,0.03536816656593235,0.8316100443131462,-0.0318790539034133,1.1259266038253866,0000769397-17-000014,10-K,2017-01-31,83.63999938964844,220300000.0,0.1577916258518997
2017-03-28,DLTR,Retail,18076245126.081223,0.10656875732409436,,0.04958441278862599,1.8699843297402536,0000935703-17-000011,10-K,2017-01-28,76.55000305175781,236136439.0,0.04948540276150201
2017-03-28,MU,Manufacturing,30942217353.820805,0.021295008499459124,0.2573813887192018,0.022267311748261666,1.9099289418091032,0000723125-17-000037,10-Q,2017-03-02,27.97668838500977,1106000000.0,
2017-03-28,ROST,Retail,23534364333.72116,0.2936048115861995,0.08686369067201627,0.047490299043198375,1.6051579851937738,0000745732-17-000009,10-K,2017-01-28,60.053035736083984,391893000.0,0.08309810370420039
2017-03-28,ULTA,Retail,17573808029.907227,0.1605719395676439,0.3599018855192362,0.023316517359394596,2.902157958072554,0001193125-17-099261,10-K,2017-01-28,282.8599853515625,62129000.0,
2017-03-29,ADBE,Services,64158946306.61011,0.1864784565599903,0.86044057437165,0.020463568614822056,1.9483505632400597,0000796343-17-000088,10-Q,2017-03-03,129.5800018310547,495130000.0,0.08583124763363253
2017-03-31,PAYX,Services,15917441888.427734,,,,1.0906574132013578,0000723531-17-000010,10-Q,2017-02-28,44.31359100341797,359200000.0,
2017-04-07,CTAS,Manufacturing,2936189865.2102394,0.12347243046626166,0.10252969082118278,0.17961066014449947,1.7266909471507508,0000723254-17-000014,10-Q,2017-02-28,27.912858963012695,105191298.0,
2017-04-13,TCOM,Services,3080678764.007309,,,,1.5154778729409941,0001104659-17-023278,20-F,2016-12-31,48.056453704833984,64105412.0,
2017-04-17,FAST,Retail,2603523454.739765,0.2020661068044789,0.49497620714203333,0.19490932531303898,4.899080086580087,0000815556-17-000021,10-Q,2017-03-31,9.00051212310791,289263924.0,0.019949038185472293
2017-04-19,ISRG,Manufacturing,3302595605.46875,0.2237728785357737,0.7008368952264645,0.2359659168411541,3.883375134360444,0001035267-17-000063,10-Q,2017-03-31,89.74444580078125,36800000.0,0.06168885191347754
2017-04-19,QCOM,Manufacturing,60675512031.55517,0.07978030991993437,0.19248806092156778,0.07373650176488387,1.6666338097585016,0001234452-17-000077,10-Q,2017-03-26,41.08023834228515,1477000000.0,
2017-04-20,CSX,Transportation Utilities,13445915813.423363,0.09324596774193548,0.1519434628975265,0.12791988465991175,1.1682037768994291,0000277948-17-000019,10-Q,2017-03-31,14.572562217712402,922687144.0,0.045082885304659495
2017-04-20,EBAY,Services,31018653869.628906,0.11153660109642051,0.7742576443316039,0.2520741239404901,1.915858335213174,0001065088-17-000013,10-Q,2017-03-31,28.774261474609375,1078000000.0,-0.2036439858110287
2017-04-20,NFLX,Services,6084765243.774876,-0.1106789731052707,0.03546344061055139,0.055423995255202536,1.1525282164606863,0001628280-17-003939,10-Q,2017-03-31,14.118000030517578,430993429.0,-0.13416527057135072
2017-04-21,NTES,Services,148754088460.54077,,,,2.5553975546145793,0001104659-17-025196,20-F,2016-12-31,45.33140182495117,3281480000.0,
2017-04-24,ESRX,Retail,39912875000.0,0.10123393920401128,0.08633198403204774,0.08580188723563512,0.7093893214878797,0001532063-17-000007,10-Q,2017-03-31,67.25,593500000.0,0.034158570980883735
2017-04-24,LRCX,Manufacturing,2064222431.6310883,0.12044257664679947,0.4481210881702415,0.6928894764842934,3.219727366283134,0000707549-17-000056,10-Q,2017-03-26,12.589101791381836,163969000.0,
2017-04-24,TMUS,Transportation Utilities,52380937587.57211,0.10026745826475429,0.04388854035968214,0.032053645416197346,1.0401701014066078,0001283699-17-000022,10-Q,2017-03-31,63.04846954345703,830804268.0,0.07559369856571832
2017-04-25,BIIB,Manufacturing,61954456664.40857,0.17900631725947,0.3017073191880479,0.056162222821960345,2.292297410192147,0000875045-17-000017,10-Q,2017-03-31,286.8900146484375,215951945.0,0.01484721101722503
2017-04-25,CDNS,Services,8927660015.327454,0.20724644692081684,0.1196570218282486,0.02473022041844657,1.389315522397391,0000813672-17-000011,10-Q,2017-04-01,31.93000030517578,279601000.0,0.1064874100834338
2017-04-27,AAL,Transportation Utilities,21115900459.314026,0.1169361734470899,0.05474362150111469,0.10466046684858232,0.6951458851236425,0001193125-17-140927,10-Q,2017-03-31,42.59386444091797,495749816.0,0.07494251999923994
2017-04-27,AMGN,Manufacturing,90636277394.104,0.13901518070432303,0.34425157013258895,0.08708433562071084,4.414710633849663,0000318154-17-000009,10-Q,2017-03-31,123.13038635253906,736100000.0,0.037643523156353546
2017-04-27,CMCSA,Transportation Utilities,59736881339.3205,0.10842891510803983,0.11120181295384765,0.15278668379349009,0.7992555310894411,0001166691-17-000009,10-Q,2017-03-31,28.95528984069824,2063073161.0,0.05841220085598891
2017-04-27,INTC,Manufacturing,144921916227.3407,0.0971395960154953,0.615201468229692,0.07751760598015481,1.6924665571462099,0000050863-17-000029,10-Q,2017-04-01,30.7755184173584,4709000000.0,
2017-04-27,MAT,Manufacturing,7531552397.301911,0.04690986836694039,0.4592444412966015,0.03687818730431997,1.6931367629339393,0001628280-17-004404,10-Q,2017-03-31,21.99344062805176,342445392.0,
2017-04-27,MSFT,Services,475093126319.88525,0.07916290769141887,0.6127775167054454,0.037493701788491714,2.8134410152869918,0001564590-17-007547,10-Q,2017-03-31,61.51665496826172,7723000000.0,
2017-04-27,PYPL,Services,55907219467.163086,0.09467649956707372,0.12596469440255478,0.025399224170574823,1.4708434571329398,0001633917-17-000075,10-Q,2017-03-31,46.74516677856445,1196000000.0,0.052279580807930014
2017-04-27,SIRI,Transportation Utilities,189179692972.62573,0.09816377253805754,0.15236280780137904,0.004115748301339434,0.2622487904022342,0000908937-17-000015,10-Q,2017-03-31,40.393035888671875,4683473000.0,
2017-04-28,AMZN,Retail,22107261131.28662,0.21011745235830998,0.01811002083143372,0.116794205517657,1.0551084253589669,0001018724-17-000051,10-Q,2017-03-31,46.2495002746582,478000000.0,0.1782287048129531
2017-04-28,CHKP,Services,17263081322.60129,,,,1.6232294155892055,0001193125-17-148090,20-F,2016-12-31,104.01000213623048,165975204.0,
2017-04-28,EXPE,Transportation Utilities,19255307372.680664,0.017223194237379495,0.03359501118251371,0.015804214085502505,0.6644261893809532,0001324424-17-000015,10-Q,2017-03-31,127.9158935546875,150531000.0,
2017-04-28,IDXX,Manufacturing,14761115342.331131,0.15587202013115017,0.5528289010239058,0.016600710333674662,0.9385851804926304,0000874716-17-000007,10-Q,2017-03-31,167.72999572753906,88005221.0,
2017-04-28,JBHT,Transportation Utilities,9059841451.806702,0.11529136867622623,0.06530952590218761,0.04798030984452977,1.5231081369080601,0001437749-17-007430,10-Q,2017-03-31,82.37478637695312,109983186.0,
2017-04-28,KLAC,Manufacturing,1333435924.2481232,0.18238915041849432,0.2720545186904464,0.7060369252694709,3.4048812586756494,0000319201-17-000017,10-Q,2017-03-31,8.507890701293945,156729320.0,0.005571660520486172
2017-04-28,STX,Manufacturing,8641068079.758625,0.19940445630968273,0.06606770124330702,0.08424884438826635,1.957690928648261,0001193125-17-148855,10-Q,2017-03-31,29.133665084838867,296600790.0,0.12465345518020331
2017-04-28,VRTX,Manufacturing,29443786421.754543,0.17542724869116433,0.08784113452693783,0.006022832711114085,3.821619613063398,0000875320-17-000030,10-Q,2017-03-31,118.3000030517578,248890834.0,0.11524642965375201
2017-05-01,JD,Retail,45320307162.16997,,,,1.0209265298446593,0001104659-17-028187,20-F,2016-12-31,30.963809967041016,1463654092.0,
2017-05-02,CHTR,Transportation Utilities,91489618898.7649,0.06999277321270844,0.10549444550590932,0.0422452300766134,0.49012605042016805,0001091667-17-000072,10-Q,2017-03-31,337.69000244140625,270927828.0,0.044130242766521235
2017-05-02,GOOG,Services,31436605446.07544,0.2195350667994165,0.21840341898380203,0.6583726107293122,7.1312270582066075,0001652044-17-000014,10-Q,2017-03-31,45.421531677246094,692108000.0,0.09973025538910371
2017-05-02,GOOGL,Services,32143353258.010864,0.2195350667994165,0.21840341898380203,0.6438967283179091,7.1312270582066075,0001652044-17-000014,10-Q,2017-03-31,46.442684173583984,692108000.0,0.09973025538910371
2017-05-02,SBUX,Retail,71658675903.32031,0.3042332318894566,0.1346781276022588,0.0413027447505887,1.229819254518637,0000829224-17-000021,10-Q,2017-04-02,49.498291015625,1447700000.0,0.09621237146732828
2017-05-02,SHPG,Manufacturing,166843865231.32327,0.04124086874112947,0.0213731937615011,0.0016985940694137938,1.0150062763893644,0000936402-17-000016,10-Q,2017-03-31,182.5225524902344,914100000.0,0.03695732019752086
2017-05-02,VRSK,Services,12996573985.759796,0.11795249226103986,,0.04673239275715883,0.764128494943486,0001442145-17-000025,10-Q,2017-03-31,78.13196563720703,166341316.0,-0.009947985764525028
2017-05-03,AAPL,Manufacturing,176888487654.64783,0.1366984324369567,0.3841384034074672,0.25852445575362704,1.3906083826456874,0001628280-17-004790,10-Q,2017-04-01,33.97901916503906,5205815000.0,
2017-05-03,MDLZ,Manufacturing,54953652940.86014,0.04405889554739352,0.3909280581098833,0.03157205949288153,0.5588762701733413,0001193125-17-155252,10-Q,2017-03-31,35.997127532958984,1526612169.0,0.016109285392100006
2017-05-03,SWKS,Manufacturing,15175278430.93872,0.21947297686474032,0.5046076764784826,0.060262485737036346,8.647808167853128,0000004127-17-000018,10-Q,2017-03-31,82.2508316040039,184500000.0,
2017-05-03,TXN,Manufacturing,62203194805.59175,0.23726373763925399,0.6219122348154607,0.0609454226884695,4.394506866416979,0001564590-17-008260,10-Q,2017-03-31,62.22561264038086,999639733.0,
2017-05-04,ADP,Services,36293927629.852295,0.0530783771396779,0.143246651164314,0.048203655935022315,1.0850089926822906,0000008670-17-000005,10-Q,2017-03-31,81.03131866455078,447900000.0,0.013186367170665748
2017-05-04,ALGN,Manufacturing,11397172310.974121,0.1813172543142467,0.7557931211164617,0.01917633550118011,2.5117137276571997,0001097149-17-000018,10-Q,2017-03-31,141.88999938964844,80324000.0,0.03154883906110699
2017-05-04,BMRN,Manufacturing,16945683779.98703,-0.14252704065168217,-0.47417479894210735,-0.03312690165167414,3.976379017418858,0001564590-17-008822,10-Q,2017-03-31,97.77999877929688,173304193.0,
2017-05-04,INCY,Services,25570463750.0,,,,2.688322897386419,0001558370-17-003529,10-Q,2017-03-31,125.0,204563710.0,
2017-05-04,KHC,Manufacturing,70423335392.37129,0.039875167629675,,0.05153121447288219,0.9458595331983374,0001637459-17-000081,10-Q,2017-04-01,57.840518951416016,1217543284.0,0.009834274266982334
2017-05-04,META,Services,432310945053.1006,0.2646185639025526,0.38863576333861594,0.027228086946894606,12.612704918032787,0001326801-17-000024,10-Q,2017-03-31,149.5368194580078,2891000000.0,0.09331431731524871
2017-05-04,PCAR,Manufacturing,11107968894.201149,0.0678051493129655,0.08406005468087112,0.1284303200331024,,0001193125-17-158733,10-Q,2017-03-31,31.655935287475582,350896879.0,
2017-05-04,REGN,Manufacturing,40667505795.55948,0.23025111402627355,0.19344273424753178,0.02368151134818694,2.804665852869933,0001532176-17-000017,10-Q,2017-03-31,430.7522888183594,94410423.0,0.107055126631544
2017-05-04,WYNN,Services,11448980724.329865,0.10733792590879365,0.05411687278621297,0.02337063939948781,2.0431450035473455,0001174922-17-000098,10-Q,2017-03-31,111.98739624023438,102234547.0,0.08471910290926231
2017-05-05,CTSH,Services,33611907188.415527,0.13421380879007996,0.12072792474929687,0.04967882335982122,3.0336557059961313,0001058290-17-000020,10-Q,2017-03-31,55.373817443847656,607000000.0,0.011695648983784578
2017-05-05,ILMN,Manufacturing,26632861772.15576,0.17735972161809482,0.6753226292063466,0.027787550820908145,3.4909847434119277,0001110803-17-000025,10-Q,2017-04-02,182.0428009033203,146300000.0,0.0164066985645933
2017-05-05,MELI,Services,12130700870.157349,0.10422769312895394,,0.012747573421781538,1.4841546645255181,0001562762-17-000054,10-Q,2017-03-31,274.7152404785156,44157364.0,
2017-05-08,ORLY,Retail,1545270812.016739,0.18639137201813952,0.5249591336389234,0.6777135708874412,0.9143610107129319,0000898173-17-000113,10-Q,2017-03-31,16.92133331298828,91320866.0,0.04101503611187769
2017-05-08,SBAC,Finance Real Estate,14498186412.563395,0.008248771831256123,0.7408902777115491,0.004151898609045202,1.3179187464183069,0001034054-17-000006,10-Q,2017-03-31,119.84227752685548,120977227.0,
2017-05-08,WDC,Manufacturing,17746141193.389893,0.09688264058679706,,-0.014031219366875536,2.3933627291715016,0000106040-17-000013,10-Q,2017-03-31,60.98330307006836,291000000.0,0.10533822330888346
2017-05-09,AKAM,Services,8728745268.26603,0.18397279098066402,0.13529109688981303,0.03691298005583866,3.6620814086247893,0001086222-17-000143,10-Q,2017-03-31,50.400001525878906,173189385.0,0.1115673163677712
2017-05-09,BKNG,Transportation Utilities,3680656981.5639725,,0.9650622995161467,,2.1513096950032926,0001075531-17-000017,10-Q,2017-03-31,74.85511016845703,49170417.0,
2017-05-09,HSIC,Wholesale,5528792976.832008,0.07798446078818108,0.27819373500847927,0.09654439987837125,1.484295748024881,0001000228-17-000025,10-Q,2017-04-01,69.57254791259766,79468025.0,
2017-05-09,MAR,Services,36065243385.31493,0.0741901776384535,0.0490960182386936,0.025675689752229683,0.5975493011679112,0001628280-17-005211,10-Q,2017-03-31,94.65943145751952,381000000.0,0.0354858934169279
2017-05-09,TRIP,Services,5357173448.690567,0.04529463500439754,0.06866666666666667,0.019226556874908707,2.2190265486725664,0001564590-17-009918,10-Q,2017-03-31,41.72480773925781,128393005.0,
2017-05-10,GILD,Manufacturing,62628077171.32568,0.27176305436647546,0.4342462458334765,0.2017785084704127,2.5868147790388796,0000882095-17-000013,10-Q,2017-03-31,47.91742706298828,1307000000.0,0.05275471828911111
2017-05-10,HAS,Manufacturing,9263262155.114273,0.1229539354308235,0.11337701866004539,0.06166596501693773,2.3295892708855113,0000046080-17-000060,10-Q,2017-04-02,74.52477264404297,124297758.0,
2017-05-10,NCLH,Transportation Utilities,12322796029.169067,0.04754925551673794,0.12567304343678176,0.050456568341164534,0.19481370167614837,0001571049-17-004802,10-Q,2017-03-31,54.06999969482422,227904496.0,
2017-05-10,TSCO,Retail,1357632955.4662702,0.1460918249618163,,0.3165531583994296,2.2326468270092183,0000916365-17-000060,10-Q,2017-04-01,10.495890617370604,129349000.0,0.0017017190554232929
2017-05-10,TSLA,Manufacturing,3559294439.567566,-0.0288549495591993,0.23565932583912189,-0.20310879368772625,1.125283426833566,0001564590-17-009968,10-Q,2017-03-31,21.681333541870117,164164000.0,
2017-05-10,XRAY,Manufacturing,12504854587.936401,0.05564947386579265,1.0933052187664734,0.029164673402266583,2.3018060200668895,0000818479-17-000012,10-Q,2017-03-31,54.392581939697266,229900000.0,0.024193548387096774
2017-05-19,SNPS,Services,10687473188.39264,0.05072826447647679,0.7677329344351064,0.02594710602887663,1.0556470122327402,0000883241-17-000005,10-Q,2017-04-30,70.98999786376953,150549000.0,
2017-05-23,CSCO,Manufacturing,120999249389.64844,0.07938070662961492,0.6318903318903318,0.0826286117511679,3.519764063738005,0000858877-17-000010,10-Q,2017-04-29,24.20953369140625,4998000000.0,
2017-05-23,INTU,Services,30794258571.39759,0.3177701750855303,0.17822754961682058,0.029453542383463725,0.9041700080192462,0000896878-17-000048,10-Q,2017-04-30,120.39102935791016,255785325.0,0.13523847856711613
2017-05-23,NVDA,Manufacturing,1988601991.3509235,0.17481402763018067,0.5916202598780165,0.984108438245375,8.256358087487284,0001045810-17-000075,10-Q,2017-04-30,3.3783445358276367,588632086.0,-0.033156216790648244
2017-05-24,EA,Services,33569549102.783203,0.12529152630215082,0.7320949432404541,0.02880586799182916,2.1527950310559008,0000712515-17-000035,10-K,2017-03-31,108.9920425415039,308000000.0,
2017-05-24,TTWO,Services,7976730674.491882,0.1052438210389203,0.42522336039897807,0.008437416624234615,1.3021249285244845,0001628280-17-005833,10-K,2017-03-31,77.7300033569336,102621000.0,0.08387204944566064
2017-05-25,AMAT,Manufacturing,43892796404.3687,0.18212719298245614,0.4354813784577345,0.060192109330656336,2.9333658774713203,0000006951-17-000015,10-Q,2017-04-30,40.84450149536133,1074631708.0,0.03728070175438596
2017-05-25,DLTR,Retail,18651960722.351074,0.11209963300343238,,0.04632756914207572,1.9093546371507633,0000935703-17-000026,10-Q,2017-04-29,78.80000305175781,236700000.0,0.05807548750523611
2017-05-30,MCHP,Manufacturing,7991569196.779343,0.021418179883362316,0.5156383562801532,0.020601585989689065,3.2721129959542905,0000827054-17-000098,10-K,2017-03-31,34.88341522216797,229093658.0,
2017-05-31,ADI,Manufacturing,26543008112.02265,0.059233060770020815,0.6310903737101016,0.03154427698873943,1.3828366746297953,0000006281-17-000086,10-Q,2017-04-29,72.32201385498047,367011463.0,0.027783187742572754
2017-05-31,ADSK,Services,24684321942.983673,0.011395947104752448,0.8365422984836393,-0.022038280057136744,1.0439597970335674,0000769397-17-000031,10-Q,2017-04-30,111.7699966430664,220849268.0,0.1341562485896105
2017-06-01,COST,Retail,70361116833.99963,0.07125817406191239,0.020594557326519852,0.03608527144317746,0.806581284472282,0000909832-17-000009,10-Q,2017-05-07,160.39317321777344,438679000.0,
2017-06-01,ULTA,Retail,19039644075.775146,0.16472404907517763,0.3596630624619792,0.023425175293453695,2.8634424871459574,0001193125-17-191202,10-Q,2017-04-29,306.7200012207031,62075000.0,
2017-06-02,WDAY,Services,21195230743.408203,0.11098209258446037,-0.22989274801947132,-0.01848057257512142,1.9650485015246881,0001327811-17-000015,10-Q,2017-04-30,104.41000366210938,203000000.0,0.22936548977390495
2017-06-07,ROST,Retail,22280817074.43844,0.29004434559853054,0.08774237551255558,0.05152584827407793,1.581616670700611,0000745732-17-000026,10-Q,2017-04-29,56.854026794433594,391895145.0,0.08330147353445676
2017-06-28,ADBE,Services,70944923235.5957,0.19369265763305374,0.8627147528845939,0.020343062395138015,1.9856966904382565,0000796343-17-000130,10-Q,2017-06-02,143.80999755859375,493324000.0,0.08570554212900958
2017-06-30,MU,Manufacturing,32320535430.908203,0.0766825983707578,0.3392333773921039,0.07892814787840652,2.143301574956251,0000723125-17-000085,10-Q,2017-06-01,29.117599487304688,1110000000.0,
2017-07-17,FAST,Retail,2422140277.3987656,0.1961303219471137,0.4959059567306633,0.2166802661667623,5.471516213847502,0000815556-17-000039,10-Q,2017-06-30,8.410846710205078,287978174.0,0.012069860419443081
2017-07-19,CSX,Transportation Utilities,13981647583.077908,0.0840746214550626,0.1545588362628799,0.12766735746940144,1.5729665071770336,0000277948-17-000045,10-Q,2017-06-30,15.308713912963867,913313010.0,0.03429909930007529
2017-07-19,NFLX,Services,7938150654.836456,-0.1148791779344506,0.0355341621075449,0.04561352079900275,1.3079947178819995,0001065280-17-000046,10-Q,2017-06-30,18.38599967956543,431749744.0,-0.13680096224407698
2017-07-19,QCOM,Manufacturing,66084906829.833984,0.0605166280930117,0.17261852015950377,0.058954460055940544,2.9489250245552765,0001234452-17-000154,10-Q,2017-06-25,44.772972106933594,1476000000.0,
2017-07-20,TMUS,Transportation Utilities,48572098883.156746,0.10250301523250793,0.05185109689912605,0.041896480629657805,0.7680108744902583,0001283699-17-000032,10-Q,2017-06-30,58.44868087768555,831021302.0,0.07220178978245656
2017-07-21,EBAY,Services,34714796203.61328,0.09835170832878506,0.7692475701649012,0.21348245735138804,2.3729329852045256,0001065088-17-000029,10-Q,2017-06-30,32.38320541381836,1072000000.0,-0.17130589819160935
2017-07-21,ISRG,Manufacturing,3823237480.9265137,0.1985792641121353,0.6996724966901261,0.21351014789753,4.405135045015005,0001035267-17-000101,10-Q,2017-06-30,103.0522232055664,37100000.0,0.043117239277824335
2017-07-21,PAYX,Services,15588437567.138672,,,,1.1157435821464097,0000723531-17-000023,10-K,2017-05-31,43.373504638671875,359400000.0,
2017-07-24,CDNS,Services,9826648984.48944,0.23631531345209394,0.12857327621222034,0.024481896156027135,1.6218275276515672,0000813672-17-000017,10-Q,2017-07-01,35.06999969482422,280201000.0,0.13022760075301
2017-07-25,BIIB,Manufacturing,60020116028.37216,0.1823429385541615,0.28100436122182487,0.05485660838182318,2.103352368553422,0000875045-17-000024,10-Q,2017-06-30,282.9599914550781,212115203.0,0.031026242014798474
2017-07-25,ESRX,Retail,36128400793.07556,0.1150368021158742,0.08622419367384752,0.0970344638302371,0.6935211838396119,0001532063-17-000011,10-Q,2017-06-30,62.560001373291016,577500000.0,0.04563541555310076
2017-07-25,GOOG,Services,32648015065.139767,0.20271412655846738,0.1948526819440947,0.5925015643800883,6.014771206850415,0001652044-17-000026,10-Q,2017-06-30,47.11956405639648,692876000.0,0.09441778962160105
2017-07-25,GOOGL,Services,33275815000.091553,0.20271412655846738,0.1948526819440947,0.5813231020771926,6.014771206850415,0001652044-17-000026,10-Q,2017-06-30,48.02564239501953,692876000.0,0.09441778962160105
2017-07-26,AMGN,Manufacturing,97956413760.37598,0.131591842888914,0.35462039045553145,0.08344527618166477,6.198592450415867,0000318154-17-000021,10-Q,2017-06-30,134.05831909179688,730700000.0,0.028886627212987046
2017-07-27,CHTR,Transportation Utilities,99403418439.58777,0.08039602612955907,0.022947126098988562,0.009426235180930522,0.31564692847470144,0001091667-17-000095,10-Q,2017-06-30,366.8999938964844,270927828.0,0.07402014153511159
2017-07-27,CMCSA,Transportation Utilities,59738309744.23811,0.1129371527227628,0.1144667270042395,0.16090177377218307,0.6658286945591668,0001166691-17-000022,10-Q,2017-06-30,28.955982208251953,2063073161.0,0.06042145866000841
2017-07-27,INTC,Manufacturing,136114862001.41907,0.10410541574193126,0.6211696456061319,0.09339171206644188,2.1625492492812266,0000050863-17-000041,10-Q,2017-07-01,28.966772079467773,4699000000.0,
2017-07-27,META,Services,489973310852.0508,0.27551697520414936,0.4102734151267597,0.027777023153225562,12.308898944193063,0001326801-17-000038,10-Q,2017-06-30,168.95631408691406,2900000000.0,0.0912070202998253
2017-07-27,PYPL,Services,71679525581.35986,0.0962312269764806,0.1282421974657709,0.02103808567047984,1.450297730808433,0001633917-17-000136,10-Q,2017-06-30,59.633548736572266,1202000000.0,0.05349957495041088
2017-07-27,SIRI,Transportation Utilities,217456971932.51038,0.09675834217408763,0.1546661907569473,0.003714344004802383,0.18729705014057574,0000908937-17-000029,10-Q,2017-06-30,47.00676727294922,4626078000.0,
2017-07-27,SWKS,Manufacturing,15982823601.531982,0.22637000603220267,0.5046256638684256,0.06104678524428421,8.018617021276595,0000004127-17-000027,10-Q,2017-06-30,87.0050277709961,183700000.0,
2017-07-28,AAL,Transportation Utilities,23897376362.038803,0.10553847307634619,0.05017999610819226,0.08632746828547648,0.6837140019860973,0001193125-17-239325,10-Q,2017-06-30,49.00398254394531,487661923.0,0.0668591570421479
2017-07-28,AMZN,Retail,24480959472.65625,0.19795855595174355,0.012802749726892436,0.07850999476334895,1.0120187561697926,0001018724-17-000100,10-Q,2017-06-30,51.00199890136719,480000000.0,0.17606315717524293
2017-07-28,EXPE,Transportation Utilities,23173445193.66455,0.01768515352424024,0.034857832791202685,0.014212604006332353,0.6891828717061304,0001324424-17-000039,10-Q,2017-06-30,152.87728881835938,151582000.0,
2017-07-28,JBHT,Transportation Utilities,9109478677.597862,0.11315743087914351,0.06317449969665152,0.04693484831919536,1.4937723239246692,0001437749-17-013293,10-Q,2017-06-30,83.24065399169922,109435453.0,
2017-07-28,VRTX,Manufacturing,38656179479.32196,0.20018450240656635,0.12192130591899376,0.006722237000658658,3.4866502719833194,0000875320-17-000047,10-Q,2017-06-30,154.14999389648438,250769906.0,0.1210949983473308
2017-07-31,CTAS,Manufacturing,3200593025.944908,0.07023728762048592,0.08897921785848154,0.15019341606484973,1.728323423401117,0000723254-17-000020,10-K,2017-05-31,30.711891174316406,104213479.0,
2017-08-01,IDXX,Manufacturing,13630934755.244568,0.16076846348228646,0.5575264530021238,0.019309020601007025,0.9172884882869875,0000874716-17-000011,10-Q,2017-06-30,154.67999267578125,88123451.0,
2017-08-01,INCY,Services,26477043855.23529,,,,2.8817032279191297,0001558370-17-005591,10-Q,2017-06-30,128.75999450683594,205630980.0,
2017-08-01,SBUX,Retail,65001554973.220825,0.30282247791388656,0.1293415953856319,0.0445712414294332,1.368260275673662,0000829224-17-000036,10-Q,2017-07-02,44.96199417114258,1445700000.0,0.10332789357350906
2017-08-01,VRSK,Services,13702742784.33374,0.12195378365688857,,0.03405340137694837,0.7091698317959848,0001442145-17-000035,10-Q,2017-06-30,82.87617492675781,165339952.0,0.026698920121664933
2017-08-02,AAPL,Manufacturing,188479459516.0904,0.13515251772299688,0.38507966193452553,0.24751238209072554,1.388342230203439,0000320193-17-000009,10-Q,2017-07-01,36.45791244506836,5169782000.0,
2017-08-02,BMRN,Manufacturing,15358808844.116592,-0.04344092548069448,-0.14538287350771742,-0.011370087470480815,3.897430691178003,0001564590-17-014975,10-Q,2017-06-30,87.63999938964844,175248847.0,
2017-08-02,HAS,Manufacturing,9643253967.632523,0.11945363313326181,0.1143531417227184,0.06085549566253662,2.1020963194355295,0000046080-17-000095,10-Q,2017-07-02,77.09602355957031,125081081.0,
2017-08-02,MAT,Manufacturing,6661018925.210815,0.039039170982843055,0.4514352808109257,0.03614897400886445,1.419930780141844,0001628280-17-007840,10-Q,2017-06-30,19.445030212402344,342556368.0,
2017-08-02,MDLZ,Manufacturing,53721778528.54712,0.044026961135809554,0.38825001955722444,0.03292891725578248,0.5264409175608816,0001193125-17-245459,10-Q,2017-06-30,35.40667724609375,1517278172.0,0.015838870564239847
2017-08-02,MSFT,Services,504759560852.0508,0.0879520171225206,0.6191106170094497,0.04200811959699574,2.4772730794861064,0001564590-17-014900,10-K,2017-06-30,65.48515319824219,7708000000.0,
2017-08-03,ALGN,Manufacturing,13661346778.076172,0.19268792221698608,0.7556771070913884,0.01739118432900637,2.3616559477961188,0001097149-17-000030,10-Q,2017-06-30,170.4600067138672,80144000.0,0.03952328120336233
2017-08-03,CTSH,Services,36232714653.01514,0.14281819486296457,0.1335626132246377,0.05209104584281924,3.353623188405797,0001058290-17-000029,10-Q,2017-06-30,61.411380767822266,590000000.0,0.007404218682737839
2017-08-03,ILMN,Manufacturing,28185953186.035156,0.15982976533552903,0.6626174448599349,0.026525624131470787,3.875366568914956,0001110803-17-000039,10-Q,2017-07-02,193.05447387695312,146000000.0,0.005928983120625772
2017-08-03,REGN,Manufacturing,43738797749.95569,0.16705855997497276,0.220508336809232,0.026397479112264116,3.7512023610883007,0001532176-17-000027,10-Q,2017-06-30,463.2835693359375,94410423.0,0.02462815367612618
2017-08-03,SHPG,Manufacturing,146618990263.3667,0.05001272493745433,0.047048976763650587,0.004677429566034528,0.9624016674510859,0000936402-17-000031,10-Q,2017-06-30,160.1868133544922,915300000.0,0.039805985631982906
2017-08-03,TTWO,Services,9428839762.420654,0.11183139363331128,0.4560326461200661,0.017621043965789653,1.441372715131325,0001628280-17-007899,10-Q,2017-06-30,89.08999633789062,105835000.0,0.06022636563267766
2017-08-03,TXN,Manufacturing,63618029492.08399,0.24747536196617592,0.629653130287648,0.06394413710198588,4.001598295151838,0001564590-17-015153,10-Q,2017-06-30,63.85276412963867,996323814.0,
2017-08-04,ADP,Services,40760403633.117676,0.057178590640129104,0.14001033942390023,0.04252411275416567,1.0953451011037736,0000008670-17-000010,10-K,2017-06-30,91.5964126586914,445000000.0,0.01055944055944056
2017-08-04,KHC,Manufacturing,68533889096.70444,0.03370570107858244,,0.056001491387485794,0.9662860250135944,0001637459-17-000101,10-Q,2017-07-01,56.259090423583984,1218183383.0,0.0015659543109801033
2017-08-04,KLAC,Manufacturing,1213311781.5971377,0.195161105771638,0.26611272253502427,0.7632630079475236,3.3963772520380275,0000319201-17-000034,10-K,2017-06-30,7.735984325408936,156840000.0,0.027762870033167797
2017-08-04,MCHP,Manufacturing,8214709081.386982,0.13715757481942892,0.5566609142706807,0.05460802026652655,3.121439133782248,0000827054-17-000132,10-Q,2017-06-30,35.2977409362793,232726199.0,0.0802869867243348
2017-08-04,MELI,Services,11489812683.0448,0.0953363617958527,,0.012541109587681705,1.4173558547830962,0001562762-17-000120,10-Q,2017-06-30,260.2015075683594,44157364.0,
2017-08-04,PCAR,Manufacturing,11443727905.602776,0.059777901719924004,0.07636917658235914,0.11519847473431877,,0001193125-17-248773,10-Q,2017-06-30,32.57726287841797,351279601.0,
2017-08-04,SBAC,Finance Real Estate,15481664132.443727,0.005023633667279941,0.7425952393860877,0.0023716442680767774,0.32153850417471397,0001034054-17-000008,10-Q,2017-06-30,127.62995910644533,121301176.0,
2017-08-04,STX,Manufacturing,6848316766.854107,0.20673284419507984,0.07167393928140377,0.11272843039861773,1.9196496572734196,0001193125-17-248796,10-K,2017-06-30,23.469249725341797,291799561.0,0.12343547690979716
2017-08-04,TSLA,Manufacturing,3970338326.39122,-0.029417204656557124,0.23901075927505047,-0.1929641599829013,0.9714480806494606,0001564590-17-015705,10-Q,2017-06-30,23.79400062561035,166863000.0,
2017-08-04,WYNN,Services,11829696123.439178,0.11842489338907247,0.050246565405942835,0.023001013480039877,1.9742653624337543,0001174922-17-000131,10-Q,2017-06-30,115.34072875976562,102563043.0,0.09547665034508601
2017-08-07,GILD,Manufacturing,69229916931.15234,0.2367455984600833,0.4290381507763648,0.1764121718092709,3.3669335845501647,0000882095-17-000020,10-Q,2017-06-30,53.009124755859375,1306000000.0,0.034083932097638686
2017-08-07,ORLY,Retail,1203180587.1981905,0.18599743686712958,0.5264378212560359,0.8912028762839174,0.9224526959594609,0000898173-17-000154,10-Q,2017-06-30,13.672666549682615,87998971.0,0.04002383435855925
2017-08-08,AKAM,Services,8131724546.45779,0.17830965603105697,0.12667439650602438,0.037672328698522294,3.1031538800793856,0001086222-17-000215,10-Q,2017-06-30,47.27000045776367,172027173.0,0.11006765590586315
2017-08-08,BKNG,Transportation Utilities,3943936189.236145,,0.971133537607295,,2.2019348115694757,0001075531-17-000029,10-Q,2017-06-30,80.25520324707031,49142436.0,
2017-08-08,EA,Services,34934999382.01904,0.15877966101694915,0.7465657973322716,0.033519393751663004,3.009208103130755,0000712515-17-000063,10-Q,2017-06-30,113.0582504272461,309000000.0,
2017-08-08,HSIC,Wholesale,5404500766.518311,0.07745479507023362,0.27684708377532735,0.10171744324761167,1.553301538827191,0001000228-17-000049,10-Q,2017-07-01,68.24313354492188,79194792.0,
2017-08-08,MAR,Services,36017739120.4834,0.08734977597253046,0.05266454659342777,0.030346157940224727,0.527689725899683,0001628280-17-008302,10-Q,2017-06-30,96.30411529541016,374000000.0,0.04158117331770026
2017-08-08,TRIP,Services,4429258716.267075,0.038834951456310676,0.06262230919765166,0.021674055671534048,1.9001610305958132,0001564590-17-016506,10-Q,2017-06-30,35.17084884643555,125935508.0,
2017-08-09,MNST,Manufacturing,14779667468.246462,,,,3.3502782574295535,0001104659-17-050342,10-Q,2017-06-30,26.01499938964844,568121000.0,
2017-08-09,NCLH,Transportation Utilities,13310085794.522049,0.04839986244257924,0.1322282333909332,0.05071289625178846,0.19362901624526632,0001571049-17-007327,10-Q,2017-06-30,58.36000061035156,228068637.0,
2017-08-09,XRAY,Manufacturing,11232757475.280762,0.05382488479262673,0.7237083434266532,-0.07039233258085068,2.342709300782805,0000818479-17-000025,10-Q,2017-06-30,48.98716735839844,229300000.0,0.1267004608294931
2017-08-10,TSCO,Retail,1170859094.9831011,0.2126147013821703,,0.37065689787912837,2.0217560583666465,0000916365-17-000092,10-Q,2017-07-01,9.202624320983888,127231000.0,0.05847657243359431
2017-08-15,LRCX,Manufacturing,2295321557.6791763,0.14004750566393062,0.44965433848872294,0.7396623772908864,3.099031054721596,0000707549-17-000100,10-K,2017-06-25,14.192919731140137,161723000.0,
2017-08-18,SNPS,Services,11601378543.395996,0.057993579434468305,0.7635080232385596,0.028388178074533706,1.073812144425464,0000883241-17-000007,10-Q,2017-07-31,77.22000122070312,150238000.0,
2017-08-23,NVDA,Manufacturing,2434816707.224202,0.23037651563497127,0.5918024928092043,0.9392904168984779,7.819767441860465,0001045810-17-000123,10-Q,2017-07-30,4.091238975524902,595129427.0,-0.012869602212295257
2017-08-24,AMAT,Manufacturing,42400191863.28554,0.1943075794108397,0.4431301839163361,0.07221665434611856,2.912605811027225,0000006951-17-000026,10-Q,2017-07-30,39.75687026977539,1066487165.0,0.03380857532236083
2017-08-24,DLTR,Retail,18588800000.0,0.10740199455328574,,0.049906395248751935,1.8300954573799588,0000935703-17-000043,10-Q,2017-07-29,78.5,236800000.0,0.04767484532232831
2017-08-29,WDC,Manufacturing,18061310577.39258,0.1151038178164769,,0.021980686191008014,2.5451197053406998,0000106040-17-000027,10-K,2017-06-30,61.43302917480469,294000000.0,0.10180843938379103
2017-08-30,ADI,Manufacturing,26104603445.67753,0.0454017157001458,0.5956858227956681,0.025886851773337136,1.9877292868709455,0000006281-17-000114,10-Q,2017-07-29,71.00052642822266,367667745.0,0.01339763518769481
2017-08-31,ADSK,Services,25226033322.385376,-0.0009186954524575103,0.8378240196329055,-0.023380608138522368,1.2242463418934006,0000769397-17-000051,10-Q,2017-07-31,114.45999908447266,220391696.0,0.13454294901240238
2017-08-31,ULTA,Retail,13624161111.3739,0.17400379022114065,0.36062840882009894,0.03451192305759397,2.7924920696433486,0001193125-17-274347,10-Q,2017-07-29,221.0099945068359,61645000.0,
2017-08-31,WDAY,Services,22815520507.812496,0.11038009443146675,-0.1977963039480187,-0.016050784371743933,1.5425647779340488,0001327811-17-000023,10-Q,2017-07-31,109.69000244140624,208000000.0,0.21786273302991055
2017-09-01,INTU,Services,33906173955.322266,0.39306784660766964,0.1875603631446784,0.028637852247188796,0.727880658436214,0000896878-17-000130,10-K,2017-07-31,132.61798095703125,255668000.0,0.1543756145526057
2017-09-06,ROST,Retail,21129391399.23065,0.2860155963963232,0.0886900569086614,0.05597279058605836,1.642690576781025,0000745732-17-000030,10-Q,2017-07-29,54.29178237915039,389182128.0,0.07154909829196919
2017-09-07,CSCO,Manufacturing,121763166458.12988,0.07401901123110817,0.6296010832204979,0.07891549045173854,3.0345865206830296,0000858877-17-000016,10-K,2017-07-29,24.435714721679688,4983000000.0,
2017-09-27,ADBE,Services,72171536210.08301,0.19955928082742166,0.861490738743583,0.022058807164168148,2.046256946206389,0000796343-17-000157,10-Q,2017-09-01,146.42999267578125,492874000.0,0.08508173870149276
2017-10-06,CTAS,Manufacturing,3605089059.3044815,0.10773007087681341,0.09787462883629075,0.15528825801268994,1.8420388688690126,0000723254-17-000030,10-Q,2017-08-31,33.952754974365234,106179574.0,0.026022512094244766
2017-10-06,PAYX,Services,17459079487.228394,,,,1.0949099107355609,0000723531-17-000038,10-Q,2017-08-31,48.64608383178711,358900000.0,
2017-10-16,FAST,Retail,2708289926.0759144,0.20284704990350153,0.49513346872325703,0.19975889390242316,5.355715871254162,0000815556-17-000045,10-Q,2017-09-30,9.423968315124512,287383174.0,0.016396470912599943
2017-10-18,COST,Retail,61359922938.78174,0.07370622059592263,0.020763417942259253,0.04366041989121817,0.9898256644755644,0000909832-17-000014,10-K,2017-09-03,140.34620666503906,437204000.0,
2017-10-18,CSX,Transportation Utilities,14216618915.624733,0.09597166390239789,0.1544638231738905,0.12583864072165604,1.0467469879518072,0000277948-17-000059,10-Q,2017-09-30,15.907185554504396,893723083.0,0.045680712900233324
2017-10-18,NFLX,Services,8461624885.78537,-0.10943849349380647,0.04043916031413113,0.05201837778692152,1.2023604523491074,0001065280-17-000180,10-Q,2017-09-30,19.554000854492188,432731130.0,-0.13540427595368917
2017-10-20,EBAY,Services,34897869525.909424,0.10708090814477894,0.767782650550861,0.21551458877500076,2.4633228840125394,0001065088-17-000051,10-Q,2017-09-30,33.26774978637695,1049000000.0,-0.18282388312839687
2017-10-20,ISRG,Manufacturing,13797653686.523438,0.20143145661340042,0.6975345760673481,0.0654314146818883,4.757024524930973,0001035267-17-000147,10-Q,2017-09-30,123.1933364868164,112000000.0,0.041490982531977465
2017-10-23,LRCX,Manufacturing,2965308045.227051,0.16329373916109738,0.45562136055040664,0.6827681876959859,3.3094303262066584,0000707549-17-000139,10-Q,2017-09-24,18.288114547729492,162144000.0,
2017-10-23,TMUS,Transportation Utilities,48905632042.225815,0.11050748641844442,0.05544727636181909,0.045373097276078224,0.9192891521658645,0001283699-17-000043,10-Q,2017-09-30,58.78339767456055,831963343.0,0.07783814024704444
2017-10-24,BIIB,Manufacturing,66755347487.43854,0.19976856266144272,0.29442769176190353,0.05221604157863023,2.1946409929242545,0000875045-17-000029,10-Q,2017-09-30,315.7300109863281,211431746.0,0.048697189813289875
2017-10-24,ESRX,Retail,33332639135.742188,0.12167276618846937,0.08648797427601053,0.10873726455441364,0.7304917957227138,0001532063-17-000014,10-Q,2017-09-30,58.849998474121094,566400000.0,0.05089032187508544
2017-10-24,PYPL,Services,83667818466.18652,0.09536294060009004,0.1269159030086773,0.018704921781036738,1.4218712263923103,0001633917-17-000171,10-Q,2017-09-30,69.60717010498047,1202000000.0,0.053918063610603535
2017-10-25,ILMN,Manufacturing,29093483001.708984,0.1706605231866825,0.6568496232860469,0.026870691280039532,4.2180451127819545,0001110803-17-000045,10-Q,2017-10-01,199.2704315185547,146000000.0,0.015733452239397542
2017-10-25,SIRI,Transportation Utilities,206673046722.7173,0.10280723904167345,0.16707226529888178,0.004304049386727426,0.1850879141686956,0000908937-17-000041,10-Q,2017-09-30,44.90997314453125,4601941000.0,
2017-10-26,AAL,Transportation Utilities,22691999383.38028,0.09415850842541174,0.04710600057976616,0.08593337092315402,0.6534265368785523,0001628280-17-010177,10-Q,2017-09-30,47.27500915527344,479999894.0,0.05694547813973016
2017-10-26,AMGN,Manufacturing,98414974282.83691,0.14023228890465697,0.35537980184251694,0.0830971105727983,6.072500915415599,0000318154-17-000027,10-Q,2017-09-30,135.4458770751953,726600000.0,0.03842850207267431
2017-10-26,CDNS,Services,12062419544.677734,0.23457386192335938,0.13454501672520927,0.02130749963123312,1.7901252369581684,0000813672-17-000023,10-Q,2017-09-30,42.720001220703125,282360000.0,0.123079419076733
2017-10-26,CHTR,Transportation Utilities,85691765033.17712,0.08043014815014707,0.019295098657099916,0.009289107298604646,0.3965831653709569,0001091667-17-000105,10-Q,2017-09-30,316.2900085449219,270927828.0,0.07506004263701865
2017-10-26,CMCSA,Transportation Utilities,55180364092.14471,0.11712834793120383,0.11986465158544167,0.18167694550292257,0.7440906335959718,0001166691-17-000031,10-Q,2017-09-30,26.74668312072754,2063073161.0,0.06302718279987696
2017-10-26,INTC,Manufacturing,161500454406.73828,0.10897960468336901,0.6186495280435553,0.08575827263692291,1.6024940789791677,0000050863-17-000048,10-Q,2017-09-30,34.508644104003906,4680000000.0,
2017-10-26,MAT,Manufacturing,5267703283.998087,-0.09657072844357874,0.42837908615020964,-0.1136563636411943,1.3190214680156254,0001628280-17-010230,10-Q,2017-09-30,15.369999885559082,342726306.0,
2017-10-26,MSFT,Services,553956589050.293,0.09269481366696508,0.6310416334343596,0.04168196652301881,3.1198488811392036,0001564590-17-020171,10-Q,2017-09-30,71.75603485107422,7720000000.0,
2017-10-26,MU,Manufacturing,44024716461.18164,0.1440174326465927,0.41511662237968705,0.11559415730677507,2.335395575553056,0000723125-17-000131,10-K,2017-08-31,39.590572357177734,1112000000.0,
2017-10-27,AMZN,Retail,26532895294.189453,0.14524538679760904,0.011951301239807886,0.07258913807351369,1.0319935418082937,0001018724-17-000135,10-Q,2017-09-30,55.04750061035156,482000000.0,0.12853635472424893
2017-10-27,EXPE,Transportation Utilities,18082653093.5669,0.02113249788602524,0.04090745225614776,0.022245740042599674,0.7233317006255382,0001324424-17-000061,10-Q,2017-09-30,118.89598846435548,152088000.0,
2017-10-27,GOOG,Services,35099465911.29303,0.19118267769711295,0.20091590500592757,0.5987270590701085,5.7674092688348715,0001652044-17-000042,10-Q,2017-09-30,50.51809310913086,694790000.0,0.08030664359277394
2017-10-27,GOOGL,Services,35593563949.661255,0.19118267769711295,0.20091590500592757,0.5904157288020044,5.7674092688348715,0001652044-17-000042,10-Q,2017-09-30,51.22924041748047,694790000.0,0.08030664359277394
2017-10-27,JBHT,Transportation Utilities,11109359081.539421,0.10323629728537025,0.06047451408278832,0.03767202022441126,1.4764702862465255,0001437749-17-017754,10-Q,2017-09-30,101.22248077392578,109751895.0,
2017-10-27,KLAC,Manufacturing,1486058402.514782,0.22555838800730635,0.27816509783120597,0.6923758839214028,3.1100761234345584,0000319201-17-000045,10-Q,2017-09-30,9.474970817565918,156840420.0,0.04474309178373815
2017-10-27,SHPG,Manufacturing,129217731198.12012,0.05764970026601854,0.10952785761513446,0.012563291314184733,0.9772687673399365,0000936402-17-000039,10-Q,2017-09-30,141.08279418945312,915900000.0,0.03359095388764977
2017-10-27,STX,Manufacturing,7636939372.7471695,0.17429656096471638,0.07410899490854234,0.10292081181171654,1.9625711960943857,0001193125-17-323042,10-Q,2017-09-29,26.401546478271484,289261062.0,0.08653416703885664
2017-10-30,VRTX,Manufacturing,37783740418.92865,0.23829817169924883,0.0852650405710791,0.005180667605421537,3.275427407247949,0000875320-17-000060,10-Q,2017-09-30,149.52999877929688,252683346.0,0.1770958235951631
2017-10-31,BMRN,Manufacturing,14406412638.816833,-0.03151507292449162,-0.1149891033524715,-0.010020607046269921,4.90990805429084,0001564590-17-020527,10-Q,2017-09-30,82.08999633789062,175495350.0,
2017-10-31,IDXX,Manufacturing,14502622351.083206,0.16608779309592928,0.5590616249364484,0.019117645987609382,0.9459922953650771,0000874716-17-000016,10-Q,2017-09-30,166.1699981689453,87275817.0,
2017-10-31,INCY,Services,23897943199.5,,,,4.817609826996109,0001558370-17-007810,10-Q,2017-09-30,113.25,211019366.0,
2017-10-31,MDLZ,Manufacturing,50422068085.862625,0.03945268679591095,0.388715953307393,0.04388951274730603,0.5085749922045525,0001193125-17-326282,10-Q,2017-09-30,33.44437026977539,1507639931.0,0.004487209871861718
2017-10-31,VRSK,Services,13302923986.747696,0.11984808642194662,,0.03455992084582296,0.45274707006898846,0001442145-17-000045,10-Q,2017-09-30,80.86060333251953,164516754.0,0.03816157919050496
2017-11-01,CTSH,Services,38173628387.45117,0.14880658436213992,0.13417335918028248,0.050768032326659294,3.291153846153846,0001058290-17-000044,10-Q,2017-09-30,64.70106506347656,590000000.0,0.01588477366255144
2017-11-01,QCOM,Manufacturing,62824796691.89453,0.03764163332620713,0.11058274639989234,0.03923609991272804,3.996791051618227,0001234452-17-000190,10-K,2017-09-24,42.621978759765625,1474000000.0,
2017-11-02,ADP,Services,41967247741.69923,0.05722762337673263,0.14081823038344085,0.042082816840170796,1.0960171954211535,0000008670-17-000012,10-Q,2017-09-30,94.52082824707033,444000000.0,0.007703071413949654
2017-11-02,ALGN,Manufacturing,18718690817.871094,0.21040772892450207,0.7576632005072501,0.014358643059769721,2.3863827001814166,0001097149-17-000035,10-Q,2017-09-30,233.47000122070312,80176000.0,0.05208341310173107
2017-11-02,META,Services,515060664550.78125,0.28981746373325906,0.4367771992326665,0.030943927768004944,13.374583963691377,0001326801-17-000053,10-Q,2017-09-30,177.36248779296875,2904000000.0,0.08806552064609231
2017-11-02,TXN,Manufacturing,75687098107.93286,0.25902297832122395,0.6363760683760684,0.057935898054207506,3.888564476885645,0001564590-17-021032,10-Q,2017-09-30,76.4486312866211,990038629.0,
2017-11-03,AAPL,Manufacturing,205964285070.858,0.12882641166580963,0.38469860491899105,0.23475429239280868,1.2760628484139107,0000320193-17-000070,10-K,2017-09-30,40.17873764038086,5126201000.0,
2017-11-03,MELI,Services,11799920870.17163,0.08209210698687258,,0.01125846532884993,1.4367599140974705,0001562762-17-000173,10-Q,2017-09-30,267.22430419921875,44157364.0,
2017-11-03,PCAR,Manufacturing,11950325592.590355,0.0595051051986894,0.07607137916724305,0.11504289061817922,,0001564590-17-021522,10-Q,2017-09-30,34.010032653808594,351376481.0,
2017-11-03,TSLA,Manufacturing,3428554925.0736237,-0.050072341219153584,0.20631813665158766,-0.4104898509011864,1.092718899850671,0001564590-17-021343,10-Q,2017-09-30,20.4060001373291,168017000.0,
2017-11-06,HSIC,Wholesale,8621937233.793915,0.0740049536101608,0.2739634795701355,0.06426050027694312,1.5520315352336154,0001000228-17-000058,10-Q,2017-09-30,54.93333435058594,156952738.0,
2017-11-06,TRIP,Services,4430568937.53746,0.028109028960817718,0.0425531914893617,0.014896506730957952,2.4691943127962084,0001564590-17-021789,10-Q,2017-09-30,35.15306091308594,126036505.0,
2017-11-07,BKNG,Transportation Utilities,3162321862.3884506,,0.9763251260262406,,2.5176331818087756,0001075531-17-000036,10-Q,2017-09-30,64.45954132080078,49059019.0,
2017-11-07,EA,Services,33387223968.50586,0.14983590002524616,0.7519669551534225,0.035552521560932894,2.383362676056338,0000712515-17-000078,10-Q,2017-09-30,108.40007781982422,308000000.0,
2017-11-07,GILD,Manufacturing,69497809452.05688,0.1953388388852804,0.42219229929398067,0.16692612459969633,3.680004167969157,0000882095-17-000027,10-Q,2017-09-30,53.17353439331055,1307000000.0,0.015928984565896507
2017-11-07,KHC,Manufacturing,62266965065.00244,0.019891546092910512,,0.06327592802840014,0.7700010653030788,0001637459-17-000118,10-Q,2017-09-30,51.1223030090332,1218000000.0,-0.012927839001757587
2017-11-07,MCHP,Manufacturing,9079309702.763832,0.1499712359646529,0.590280524718164,0.06650571681855828,3.328069453789639,0000827054-17-000203,10-Q,2017-09-30,38.825828552246094,233847159.0,0.07501019838370206
2017-11-07,ORLY,Retail,1183983456.4487858,0.18364858447176002,0.5261776098273506,0.910079439143421,0.9255838500757889,0000898173-17-000178,10-Q,2017-09-30,13.87399959564209,85338294.0,0.03958229937235003
2017-11-07,SBAC,Finance Real Estate,18180845863.132553,0.013868696125044004,0.7424918009272785,0.005568937813026209,0.3168683357533624,0001034054-17-000010,10-Q,2017-09-30,151.05674743652344,120357721.0,
2017-11-07,WDC,Manufacturing,17420115509.033203,0.13538764137026718,,0.08289267652968281,2.6448869993287087,0000106040-17-000036,10-Q,2017-09-29,59.051239013671875,295000000.0,0.08805113915751517
2017-11-08,AKAM,Services,9124496838.95969,0.17416426302700252,0.11844149942093149,0.03187605904559237,3.0113059078888047,0001086222-17-000249,10-Q,2017-09-30,53.7599983215332,169726509.0,0.10966118993137042
2017-11-08,HAS,Manufacturing,8241878638.62117,0.10724395849835733,0.11340086059015438,0.07214738605996739,2.533909589245917,0000046080-17-000121,10-Q,2017-10-01,65.89228820800781,125081081.0,
2017-11-08,MAR,Services,40863314050.29297,0.09762337019310117,0.06295884315906562,0.034627636864168025,0.5249643366619116,0001628280-17-011156,10-Q,2017-09-30,111.5265121459961,366400000.0,0.039239148374319195
2017-11-08,REGN,Manufacturing,38875292406.16232,0.12849263005223982,0.23168353301223016,0.032877103190544765,3.6322152625791744,0001532176-17-000034,10-Q,2017-09-30,411.7690734863281,94410423.0,-0.018395706806463234
2017-11-08,TTWO,Services,13356922323.234558,0.10369794231112602,0.44125790787127067,0.009506531289705859,1.3269439028502505,0001628280-17-011117,10-Q,2017-09-30,117.6500015258789,113531000.0,0.0693459546908056
2017-11-08,WYNN,Services,14260122723.929947,0.12610345999027675,0.06240578061934483,0.025897322705384467,1.7247584694513927,0001174922-17-000177,10-Q,2017-09-30,138.74070739746094,102782543.0,0.09638827115066567
2017-11-09,MNST,Manufacturing,16546557146.053314,,,,3.2363205305813776,0001104659-17-067073,10-Q,2017-09-30,29.34000015258789,563959000.0,
2017-11-09,NCLH,Transportation Utilities,12997010695.469925,0.05140560711839938,0.13910100973887463,0.05642120462789126,0.3420124951456541,0001144204-17-057704,10-Q,2017-09-30,56.88999938964844,228458619.0,
2017-11-09,TSCO,Retail,1354201713.2463455,0.24109268322001018,,0.3222850744692615,1.9972563443454094,0000916365-17-000109,10-Q,2017-09-30,10.760186195373535,125853000.0,0.09205351407669367
2017-11-09,XRAY,Manufacturing,13133029086.30371,0.05316546120189303,0.548026366411039,-0.060351651914530034,2.324846770391325,0000818479-17-000031,10-Q,2017-09-30,57.19960403442383,229600000.0,0.12393963746763104
2017-11-13,SWKS,Manufacturing,16473727940.368652,0.2208763337414728,0.5044092676781509,0.061321881947832724,6.789636504253673,0000004127-17-000033,10-K,2017-09-29,89.97120666503906,183100000.0,
2017-11-17,SBUX,Retail,67613544415.2832,0.29057609845742605,0.12885775929458115,0.04266452860808683,1.251782879617125,0000829224-17-000049,10-K,2017-10-01,47.22935485839844,1431600000.0,0.08977000612574483
2017-11-20,INTU,Services,37701125559.16406,0.42470472440944884,0.18618732261116366,0.02610001652220746,0.6683986773736419,0000896878-17-000170,10-Q,2017-10-31,147.8629150390625,254973504.0,0.18257874015748032
2017-11-21,CSCO,Manufacturing,140814799949.646,0.0741714040544889,0.6228839272635962,0.06874987574787474,2.8711924600464416,0000858877-17-000019,10-Q,2017-10-28,28.441688537597656,4951000000.0,
2017-11-21,DLTR,Retail,23581965782.928467,0.10238903510444877,,0.04223566470955647,1.9474484043335458,0000935703-17-000053,10-Q,2017-10-28,99.45999908447266,237100000.0,0.03907134047882417
2017-11-21,NVDA,Manufacturing,3199630610.0076942,0.2914547304170905,0.5931372549019608,0.8072806879397209,8.256085686465433,0001045810-17-000172,10-Q,2017-10-29,5.331195831298828,600171277.0,0.02868769074262462
2017-11-22,ADI,Manufacturing,27866592536.271515,0.052626485398670486,0.5994310722871822,0.02609788042988716,1.4729630177181188,0000006281-17-000144,10-K,2017-10-28,75.59383392333984,368635788.0,0.018226556993152832
2017-11-30,ULTA,Retail,13540716950.042725,0.1718874178843285,0.35881941308601667,0.035986203817550626,2.3034285138629267,0001558370-17-009136,10-Q,2017-10-28,221.7100067138672,61074000.0,
2017-11-30,WDAY,Services,21630000000.0,0.09828672802426262,-0.16907665670960254,-0.015611974110032362,2.111274582091583,0001327811-17-000032,10-Q,2017-10-31,103.0,210000000.0,0.17226438621811302
2017-12-05,ADSK,Services,23363700911.614014,-0.0151252408477842,0.8419459023011707,-0.02425985515497871,1.0696571428571429,0000769397-17-000057,10-Q,2017-10-31,106.58999633789062,219192248.0,0.12138728323699421
2017-12-06,ROST,Retail,27235038430.779465,0.2939591585055466,0.0893103408655349,0.044522573488628495,1.5737179767751073,0000745732-17-000034,10-Q,2017-10-28,70.6317367553711,385592082.0,0.08369756222409727
2017-12-14,SNPS,Services,13236151605.033875,0.025306249668761514,0.7599219048178268,0.010317424888671068,1.0424283614055805,0000883241-17-000014,10-K,2017-10-31,87.9800033569336,150445000.0,
2017-12-15,AMAT,Manufacturing,50730262222.29004,0.18584891086049746,0.4493361766526794,0.06769135126786624,3.139246658566221,0000006951-17-000038,10-K,2017-10-29,47.85873794555664,1060000000.0,0.00901179257428292
2017-12-20,MU,Manufacturing,51661296203.61328,0.20400096797612324,0.48248758367523215,0.14686042661603507,2.3926204549525343,0000723125-17-000166,10-Q,2017-11-30,44.612518310546875,1158000000.0,
2017-12-21,COST,Retail,73298204641.57104,0.0704454263802123,0.020898783290013937,0.037845401719795016,0.9772593320235756,0000909832-17-000022,10-Q,2017-11-26,166.89596557617188,439185000.0,
2017-12-21,PAYX,Services,18999801950.073242,,,,1.0892996710107785,0000723531-17-000059,10-Q,2017-11-30,52.894771575927734,359200000.0,
