date,mkt_rf,smb,hml,rf_daily
1928-01-03,0.0045000000000000005,0.0083,-0.0012,0.0001
1928-01-04,-0.0015,0.0052,-0.0005,0.0001
1928-01-05,-0.0073,-0.001,0.0026,0.0001
1928-01-06,0.0062,0.0053,0.0006,0.0001
1928-01-07,0.0011,-0.0001,0.0029,0.0001
1928-01-09,-0.0089,0.0012,-0.0004,0.0001
1928-01-10,-0.0083,-0.004699999999999999,0.001,0.0001
1928-01-11,0.0012,0.0038,0.0029,0.0001
1928-01-12,0.0049,0.002,-0.0011,0.0001
1928-01-13,0.006,0.0027,0.0012,0.0001
1928-01-14,-0.0067,0.0002,-0.0001,0.0001
1928-01-16,-0.0089,-0.005,-0.0038,0.0001
1928-01-17,0.0016,0.0031,0.0040999999999999995,0.0001
1928-01-18,-0.003,-0.0034000000000000002,-0.0013,0.0001
1928-01-19,0.005699999999999999,0.0023,-0.0011,0.0001
1928-01-20,0.005600000000000001,0.0014000000000000002,-0.0006,0.0001
1928-01-21,0.0021,0.0043,-0.004,0.0001
1928-01-23,0.0060999999999999995,0.0016,-0.0008,0.0001
1928-01-24,0.0027,0.0046,-0.0032,0.0001
1928-01-25,-0.0104,-0.0031,-0.0034000000000000002,0.0001
1928-01-26,0.0052,0.0077,-0.0022,0.0001
1928-01-27,0.0028000000000000004,-0.001,-0.0012,0.0001
1928-01-28,-0.0049,0.0046,0.0016,0.0001
1928-01-30,-0.0042,-0.0039000000000000003,-0.0028000000000000004,0.0001
1928-01-31,0.0032,0.006,0.0033,0.0001
1928-02-01,-0.0025,0.0052,-0.006500000000000001,0.0001
1928-02-02,0.0044,0.0013,0.0018,0.0001
1928-02-03,-0.011399999999999999,-0.004699999999999999,-0.0044,0.0001
1928-02-04,0.0005,-0.0045000000000000005,0.0018,0.0001
1928-02-06,0.0019,0.0033,0.0006,0.0001
1928-02-07,-0.0027,-0.0026,-0.0067,0.0001
1928-02-08,0.0008,-0.0003,-0.002,0.0001
1928-02-09,0.0046,-0.0012,-0.0012,0.0001
1928-02-10,-0.0009,-0.0049,-0.0011,0.0001
1928-02-11,-0.0002,0.001,0.0054,0.0001
1928-02-14,-0.0037,0.0058,-0.0042,0.0001
1928-02-15,-0.0029,-0.0053,-0.0004,0.0001
1928-02-16,-0.0032,-0.0062,0.0008,0.0001
1928-02-17,-0.0166,-0.0069,-0.005699999999999999,0.0001
1928-02-18,-0.004699999999999999,-0.0060999999999999995,0.0014000000000000002,0.0001
1928-02-20,-0.0016,0.0017000000000000001,0.003,0.0001
1928-02-21,0.0104,0.0040999999999999995,0.0022,0.0001
1928-02-23,0.0023,0.0008,-0.0013,0.0001
1928-02-24,0.0034000000000000002,-0.0031,0.0046,0.0001
1928-02-25,0.0011,-0.0016,0.0073,0.0001
1928-02-27,-0.0048,0.0005,-0.0027,0.0001
1928-02-28,0.0036,0.0002,0.0038,0.0001
1928-02-29,0.005600000000000001,0.0027,-0.0024,0.0001
1928-03-01,0.0025,-0.0011,-0.0016,0.0001
1928-03-02,0.0007000000000000001,0.0002,-0.0069,0.0001
1928-03-03,0.0049,-0.0001,-0.0062,0.0001
1928-03-05,0.0066,-0.0009,0.001,0.0001
1928-03-06,0.0039000000000000003,0.0025,-0.0015,0.0001
1928-03-07,-0.0043,0.0022,-0.0009,0.0001
1928-03-08,0.0040999999999999995,-0.0003,0.005600000000000001,0.0001
1928-03-09,0.0124,-0.0058,-0.0037,0.0001
1928-03-10,-0.0027,-0.0038,-0.0008,0.0001
1928-03-12,0.0040999999999999995,-0.0018,-0.0005,0.0001
1928-03-13,-0.003,0.0004,-0.0005,0.0001
1928-03-14,0.0012,-0.0002,0.0049,0.0001
1928-03-15,0.0072,-0.0043,0.0023,0.0001
1928-03-16,0.0097,-0.005699999999999999,0.0022,0.0001
1928-03-17,0.0017000000000000001,-0.0001,0.0051,0.0001
1928-03-19,0.0013,0.0121,-0.0076,0.0001
1928-03-20,0.0045000000000000005,0.0038,-0.002,0.0001
1928-03-21,0.0085,0.0015,0.0048,0.0001
1928-03-22,-0.0037,-0.003,-0.0037,0.0001
1928-03-23,0.0070999999999999995,-0.0038,-0.0067,0.0001
1928-03-24,0.0008,-0.0045000000000000005,-0.0006,0.0001
1928-03-26,0.0096,0.0009,-0.0027,0.0001
1928-03-27,-0.0034000000000000002,-0.0025,0.0109,0.0001
1928-03-28,0.0002,0.0048,0.0002,0.0001
1928-03-29,0.0015,0.0027,0.0040999999999999995,0.0001
1928-03-30,0.015,-0.0007000000000000001,-0.006999999999999999,0.0001
1928-03-31,-0.005600000000000001,0.0044,0.0014000000000000002,0.0001
1928-04-02,-0.0087,0.0070999999999999995,0.0051,0.0001
1928-04-03,0.006,0.0026,-0.0038,0.0001
1928-04-04,-0.0007000000000000001,0.0042,0.0013,0.0001
1928-04-05,0.0113,-0.0026,0.0026,0.0001
1928-04-09,0.0034000000000000002,0.0098,0.0013,0.0001
1928-04-10,-0.0073,0.0033,-0.0021,0.0001
1928-04-11,0.0141,0.0002,0.0096,0.0001
1928-04-12,-0.0024,0.0054,-0.0044,0.0001
1928-04-13,0.013999999999999999,0.0005,-0.0054,0.0001
1928-04-14,-0.0044,0.001,-0.0019,0.0001
1928-04-16,0.0051,-0.003,0.0024,0.0001
1928-04-17,-0.0068000000000000005,0.0015,-0.0027,0.0001
1928-04-18,0.0003,0.0019,-0.0012,0.0001
1928-04-19,0.0058,0.0062,0.0063,0.0001
1928-04-20,-0.013300000000000001,0.0003,0.0012,0.0001
1928-04-23,-0.0073,-0.0001,0.0032,0.0001
1928-04-24,0.0036,0.0003,0.0,0.0001
1928-04-25,0.0073,-0.0007000000000000001,0.0147,0.0001
1928-04-26,0.0062,0.0014000000000000002,0.0060999999999999995,0.0001
1928-04-27,0.0104,-0.0013,0.0046,0.0001
1928-04-28,0.005,-0.0017000000000000001,-0.0006,0.0001
1928-04-30,0.0006,0.0024,-0.0054,0.0001
1928-05-01,0.0026,0.0018,0.004699999999999999,0.0001
1928-05-02,0.0008,0.0036,-0.0021,0.0001
1928-05-03,0.0039000000000000003,0.0022,-0.0070999999999999995,0.0001
1928-05-04,0.0118,-0.0068000000000000005,-0.0023,0.0001
1928-05-07,0.0069,0.0032,-0.0023,0.0001
1928-05-08,-0.005600000000000001,-0.0013,-0.003,0.0001
1928-05-09,0.0004,-0.0029,0.0063,0.0001
1928-05-10,-0.0017000000000000001,0.004,-0.0042,0.0001
1928-05-11,0.0077,0.0058,-0.0059,0.0001
1928-05-14,0.0048,0.005699999999999999,0.0008,0.0001
1928-05-15,-0.0005,0.008100000000000001,-0.0059,0.0001
1928-05-16,-0.0152,-0.0018,-0.004,0.0001
1928-05-17,0.0049,-0.0029,-0.0066,0.0001
1928-05-18,-0.0072,0.0013,0.012,0.0001
1928-05-21,-0.011699999999999999,0.006,-0.0018,0.0001
1928-05-22,-0.0141,-0.0049,-0.005600000000000001,0.0001
1928-05-23,0.0173,-0.0013,-0.0024,0.0001
1928-05-24,0.0052,0.0062,0.0029,0.0001
1928-05-25,0.002,0.0032,-0.0003,0.0001
1928-05-28,-0.0147,-0.004699999999999999,-0.0027,0.0001
1928-05-29,0.0088,-0.0032,-0.001,0.0001
1928-05-31,0.0095,0.0052,0.0017000000000000001,0.0001
1928-06-01,0.0031,-0.0004,-0.0034000000000000002,0.0001
1928-06-02,0.006500000000000001,0.0033,-0.0007000000000000001,0.0001
1928-06-04,-0.0184,0.0004,-0.0018,0.0001
1928-06-05,0.0021,0.0034000000000000002,-0.0007000000000000001,0.0001
1928-06-06,-0.0084,0.004,0.0011,0.0001
1928-06-07,-0.0052,-0.0077,-0.0078000000000000005,0.0001
1928-06-08,-0.0139,-0.0019,-0.0074,0.0001
1928-06-09,-0.013000000000000001,-0.0023,-0.0027,0.0001
1928-06-11,-0.023,-0.011399999999999999,-0.0037,0.0001
1928-06-12,-0.0233,-0.0327,0.0015,0.0001
1928-06-13,0.0313,0.0038,0.0070999999999999995,0.0001
1928-06-14,0.0097,0.0152,0.0092,0.0001
1928-06-15,-0.0124,-0.0018,0.005,0.0001
1928-06-16,-0.0003,-0.0058,-0.0001,0.0001
1928-06-18,-0.0202,0.0006,-0.0016,0.0001
1928-06-19,-0.0062,-0.0127,-0.0016,0.0001
1928-06-20,0.0138,0.0007000000000000001,0.0043,0.0001
1928-06-21,0.0015,0.0051,0.0048,0.0001
1928-06-22,-0.0003,0.0015,0.0043,0.0001
1928-06-23,-0.006500000000000001,0.0014000000000000002,-0.0026,0.0001
1928-06-25,0.0009,-0.0068000000000000005,0.0053,0.0001
1928-06-26,0.01,-0.0016,-0.0002,0.0001
1928-06-27,0.0101,0.0059,-0.0023,0.0001
1928-06-28,0.008100000000000001,0.0024,-0.0025,0.0001
1928-06-29,0.0049,-0.0011,0.0033,0.0001
1928-06-30,0.0012,0.0008,-0.0028000000000000004,0.0001
1928-07-02,-0.012,-0.0003,-0.003,0.0001
1928-07-03,0.016200000000000003,-0.0029,0.0013,0.0001
1928-07-05,0.009399999999999999,-0.0002,0.0005,0.0001
1928-07-06,-0.0032,0.0021,0.0031,0.0001
1928-07-07,0.0026,0.0003,0.0039000000000000003,0.0001
1928-07-09,0.0001,0.0007000000000000001,-0.0046,0.0001
1928-07-10,-0.0027,0.001,-0.0074,0.0001
1928-07-11,-0.0233,0.0015,-0.0016,0.0001
1928-07-12,-0.0062,-0.0064,0.0067,0.0001
1928-07-13,0.0068000000000000005,-0.0013,-0.0009,0.0001
1928-07-14,-0.0003,0.0028000000000000004,0.0033,0.0001
1928-07-16,-0.0123,-0.0013,-0.0005,0.0001
1928-07-17,0.0046,-0.0033,-0.004699999999999999,0.0001
1928-07-18,0.0089,-0.0012,-0.0044,0.0001
1928-07-19,-0.0016,0.0034999999999999996,0.0059,0.0001
1928-07-20,0.0011,-0.0007000000000000001,0.0011,0.0001
1928-07-21,-0.0023,0.0018,0.0018,0.0001
1928-07-23,0.0063,-0.0025,-0.0036,0.0001
1928-07-24,0.0003,0.0017000000000000001,0.0060999999999999995,0.0001
1928-07-25,0.0044,-0.0009,-0.0034000000000000002,0.0001
1928-07-26,0.0022,-0.0014000000000000002,0.0029,0.0001
1928-07-27,0.0079,-0.0034999999999999996,-0.0079,0.0001
1928-07-28,0.0025,-0.0017000000000000001,0.0003,0.0001
1928-07-30,-0.0013,-0.0011,0.0007000000000000001,0.0001
1928-07-31,-0.0011,-0.0003,-0.0011,0.0001
1928-08-01,0.0026,-0.0007000000000000001,0.0001,0.0001
1928-08-02,-0.0045000000000000005,0.0011,-0.0001,0.0001
1928-08-03,0.0022,-0.0005,0.0019,0.0001
1928-08-04,0.0022,0.0015,0.002,0.0001
1928-08-06,0.0073,-0.0025,-0.0032,0.0001
1928-08-07,-0.0034999999999999996,0.0012,0.0049,0.0001
1928-08-08,-0.011200000000000002,0.0016,0.0001,0.0001
1928-08-09,0.0012,-0.0002,-0.003,0.0001
1928-08-10,-0.002,0.0005,-0.0004,0.0001
1928-08-11,0.0012,0.0008,-0.0014000000000000002,0.0001
1928-08-13,-0.0005,0.0004,0.0022,0.0001
1928-08-14,-0.0066,0.0054,0.0005,0.0001
1928-08-15,0.0138,-0.0067,-0.003,0.0001
1928-08-16,0.0079,-0.0021,0.0022,0.0001
1928-08-17,0.0028000000000000004,-0.0032,-0.0048,0.0001
1928-08-18,0.0028000000000000004,0.0002,0.0051,0.0001
1928-08-20,0.0023,0.0007000000000000001,-0.0007000000000000001,0.0001
1928-08-21,0.0098,-0.004,-0.0046,0.0001
1928-08-22,0.0013,0.0,-0.0062,0.0001
1928-08-23,0.0001,0.0004,0.0004,0.0001
1928-08-24,0.0137,-0.0036,-0.0019,0.0001
1928-08-25,0.0027,-0.0011,-0.0006,0.0001
1928-08-27,-0.0029,0.0013,-0.0060999999999999995,0.0001
1928-08-28,0.0058,-0.0038,-0.0025,0.0001
1928-08-29,0.0025,0.0004,0.0008,0.0001
1928-08-30,0.0026,0.0003,0.0009,0.0001
1928-08-31,0.0115,-0.0067,-0.0027,0.0001
1928-09-01,0.0025,0.0015,0.0007000000000000001,0.0001
1928-09-04,0.0040999999999999995,-0.0003,-0.001,0.0001
1928-09-05,0.0040999999999999995,0.0001,-0.001,0.0001
1928-09-06,-0.004,0.0018,0.005,0.0001
1928-09-07,0.006500000000000001,0.0034999999999999996,-0.0019,0.0001
1928-09-08,-0.003,0.0019,0.0004,0.0001
1928-09-10,-0.0037,0.0023,-0.0002,0.0001
1928-09-11,0.0063,-0.0018,0.0021,0.0001
1928-09-12,0.0034999999999999996,-0.0005,0.0018,0.0001
1928-09-13,-0.001,0.0006,-0.0031,0.0001
1928-09-14,0.0013,0.0015,0.0042,0.0001
1928-09-15,0.0058,-0.0028000000000000004,0.0070999999999999995,0.0001
1928-09-17,0.0054,0.0072,0.0011,0.0001
1928-09-18,-0.0068000000000000005,0.0064,-0.0070999999999999995,0.0001
1928-09-19,-0.0006,0.0016,0.0045000000000000005,0.0001
1928-09-20,0.0015,0.0053,-0.0011,0.0001
1928-09-21,0.0068000000000000005,-0.0046,0.0018,0.0001
1928-09-22,-0.0024,0.002,0.0069,0.0001
1928-09-24,0.0062,-0.0042,-0.0009,0.0001
1928-09-25,-0.0007000000000000001,0.0024,0.0011,0.0001
1928-09-26,-0.0015,0.0022,-0.0055000000000000005,0.0001
1928-09-27,-0.012199999999999999,-0.0015,-0.0002,0.0001
1928-09-28,0.0001,-0.0011,-0.0046,0.0001
1928-09-29,0.0103,-0.0001,-0.0019,0.0001
1928-10-01,-0.0011,0.0083,-0.0027,0.0002
1928-10-02,-0.0044,0.001,-0.0005,0.0002
1928-10-03,-0.0028000000000000004,0.005600000000000001,0.0015,0.0002
1928-10-04,0.0025,0.0018,0.003,0.0002
1928-10-05,-0.0028000000000000004,0.0046,-0.0006,0.0002
1928-10-06,-0.0005,0.0,0.002,0.0002
1928-10-08,-0.0032,-0.0015,-0.0027,0.0002
1928-10-09,0.0012,0.0009,-0.0105,0.0002
1928-10-10,0.0092,-0.0004,-0.0005,0.0002
1928-10-11,0.0031,0.005,-0.0085,0.0002
1928-10-13,0.0055000000000000005,0.0040999999999999995,-0.0046,0.0002
1928-10-15,0.0038,-0.0046,0.0016,0.0002
1928-10-16,0.003,-0.0016,0.005600000000000001,0.0002
1928-10-17,0.003,0.008,0.0022,0.0002
1928-10-18,0.0029,-0.0029,-0.0037,0.0002
1928-10-19,0.0045000000000000005,-0.0019,-0.005600000000000001,0.0002
1928-10-20,-0.0044,0.0025,-0.0003,0.0002
1928-10-22,-0.0012,0.0028000000000000004,-0.006,0.0002
1928-10-23,0.0067,-0.0009,0.0039000000000000003,0.0002
1928-10-24,0.0022,0.001,0.0063,0.0002
1928-10-25,-0.0026,-0.0006,0.0024,0.0002
1928-10-26,-0.0113,-0.0039000000000000003,-0.0006,0.0002
1928-10-27,0.0087,0.0016,-0.0006,0.0002
1928-10-29,0.0069,-0.0007000000000000001,0.006,0.0002
1928-10-30,-0.0106,-0.0033,-0.0017000000000000001,0.0002
1928-10-31,-0.0051,-0.0031,-0.005699999999999999,0.0002
1928-11-01,0.0128,-0.0021,-0.0028000000000000004,0.0002
1928-11-02,-0.0006,-0.0021,0.0031,0.0002
1928-11-03,0.0003,-0.0003,-0.0034000000000000002,0.0002
1928-11-05,0.0113,-0.003,0.0022,0.0002
1928-11-07,0.011899999999999999,0.0002,0.0085,0.0002
1928-11-08,-0.0025,0.0001,-0.0013,0.0002
1928-11-09,0.0072,-0.0038,0.0045000000000000005,0.0002
1928-11-10,0.0077,0.0,0.004699999999999999,0.0002
1928-11-12,0.0034000000000000002,-0.0046,0.0001,0.0002
1928-11-13,0.0007000000000000001,0.0018,-0.0017000000000000001,0.0002
1928-11-14,0.0014000000000000002,0.0032,-0.003,0.0002
1928-11-15,0.0036,-0.0001,-0.0066,0.0002
1928-11-16,0.0176,-0.0076,0.0023,0.0002
1928-11-17,0.001,-0.0002,-0.0009,0.0002
1928-11-19,0.0017000000000000001,-0.005600000000000001,0.0102,0.0002
1928-11-20,0.0111,-0.0063,0.0097,0.0002
1928-11-21,-0.0151,0.004699999999999999,-0.0025,0.0002
1928-11-22,0.0139,-0.0043,0.0070999999999999995,0.0002
1928-11-23,0.0026,0.0043,-0.003,0.0002
1928-11-26,0.0046,0.0007000000000000001,0.0069,0.0002
1928-11-27,0.0027,0.0088,-0.0019,0.0002
1928-11-28,0.0109,0.0037,-0.0034000000000000002,0.0002
1928-11-30,0.004,-0.004,-0.0046,0.0002
1928-12-01,-0.006,0.0006,0.0066,0.0
1928-12-03,-0.0072,0.0036,-0.0042,0.0
1928-12-04,0.0023,0.0049,-0.0043,0.0
1928-12-05,-0.0069,0.008199999999999999,-0.0034999999999999996,0.0
1928-12-06,-0.0354,0.0001,-0.013500000000000002,0.0
1928-12-07,-0.0235,-0.005,0.0084,0.0
1928-12-08,-0.0189,-0.0062,0.0001,0.0
1928-12-10,0.016200000000000003,-0.0131,0.006999999999999999,0.0
1928-12-11,0.0227,0.013600000000000001,0.0036,0.0
1928-12-12,-0.0077,-0.0019,0.0021,0.0
1928-12-13,-0.0034000000000000002,0.0044,0.0018,0.0
1928-12-14,0.002,-0.0004,-0.0015,0.0
1928-12-15,-0.0034999999999999996,0.0019,0.001,0.0
1928-12-17,-0.0037,-0.0031,-0.0052,0.0
1928-12-18,0.0106,-0.0008,-0.0016,0.0
1928-12-19,0.012,-0.0038,0.0034000000000000002,0.0
1928-12-20,0.0037,-0.0001,-0.002,0.0
1928-12-21,0.010700000000000001,-0.0032,-0.0019,0.0
1928-12-22,0.0012,0.003,-0.003,0.0
1928-12-24,0.0086,0.0018,-0.0088,0.0
1928-12-26,-0.0031,0.0002,0.0024,0.0
1928-12-27,0.006500000000000001,-0.0079,-0.0001,0.0
1928-12-28,0.0134,-0.0052,0.0017000000000000001,0.0
1928-12-29,0.002,0.003,0.0016,0.0
1928-12-31,0.013300000000000001,-0.0033,0.005600000000000001,0.0
1929-01-02,0.0148,0.0045000000000000005,-0.002,0.0001
1929-01-03,0.001,0.0011,-0.0034000000000000002,0.0001
1929-01-04,-0.0003,-0.0043,0.0064,0.0001
1929-01-05,-0.0088,0.0043,-0.0022,0.0001
1929-01-07,-0.013000000000000001,-0.0037,0.0025,0.0001
1929-01-08,-0.0023,0.0021,0.0022,0.0001
1929-01-09,0.0121,0.0009,0.0011,0.0001
1929-01-10,0.0027,0.0028000000000000004,-0.0021,0.0001
1929-01-11,-0.0004,0.0023,0.0001,0.0001
1929-01-12,-0.0024,0.0004,0.0014000000000000002,0.0001
1929-01-14,0.0025,0.0017000000000000001,0.0029,0.0001
1929-01-15,-0.009899999999999999,-0.001,-0.0008,0.0001
1929-01-16,0.0091,-0.0016,0.0039000000000000003,0.0001
1929-01-17,0.0070999999999999995,-0.0034999999999999996,0.0005,0.0001
1929-01-18,0.0004,0.0024,0.0012,0.0001
1929-01-19,0.0019,-0.0026,0.0032,0.0001
1929-01-21,0.0016,-0.0018,0.0,0.0001
1929-01-22,0.0059,-0.0049,-0.0025,0.0001
1929-01-23,0.0053,-0.0076,-0.005600000000000001,0.0001
1929-01-24,-0.008199999999999999,0.0014000000000000002,-0.0066,0.0001
1929-01-25,0.011699999999999999,-0.0062,-0.013300000000000001,0.0001
1929-01-26,0.0034000000000000002,-0.002,-0.0006,0.0001
1929-01-28,-0.0026,0.0012,0.0004,0.0001
1929-01-29,-0.0025,-0.002,-0.0032,0.0001
1929-01-30,0.0032,-0.0074,-0.0033,0.0001
1929-01-31,0.0137,-0.009000000000000001,0.0086,0.0001
1929-02-01,0.005600000000000001,-0.0032,0.0074,0.0002
1929-02-02,-0.0001,0.0031,0.0074,0.0002
1929-02-04,-0.0044,0.0069,0.0011,0.0002
1929-02-05,0.0022,0.0019,-0.0022,0.0002
1929-02-06,-0.0079,-0.0024,-0.0069,0.0002
1929-02-07,-0.0298,-0.0003,0.0040999999999999995,0.0002
1929-02-08,-0.0096,-0.005699999999999999,0.0064,0.0002
1929-02-11,0.0216,-0.008100000000000001,0.0070999999999999995,0.0002
1929-02-13,0.0008,0.0042,-0.009300000000000001,0.0002
1929-02-14,-0.0060999999999999995,-0.0044,0.0051,0.0002
1929-02-15,-0.0159,0.0058,-0.0058,0.0002
1929-02-16,-0.0141,-0.0052,0.0034000000000000002,0.0002
1929-02-18,0.0109,-0.0038,0.0034000000000000002,0.0002
1929-02-19,0.0021,0.0095,-0.0031,0.0002
1929-02-20,0.008100000000000001,0.0032,-0.0016,0.0002
1929-02-21,0.0070999999999999995,-0.0044,0.0007000000000000001,0.0002
1929-02-25,0.0028000000000000004,0.0049,-0.0023,0.0002
1929-02-26,0.0036,0.0017000000000000001,-0.003,0.0002
1929-02-27,0.0105,-0.003,0.0059,0.0002
1929-02-28,0.0105,-0.0038,-0.0015,0.0002
1929-03-01,0.0101,-0.0007000000000000001,0.0034999999999999996,0.0001
1929-03-02,-0.0027,-0.0021,0.0063,0.0001
1929-03-04,-0.0089,-0.0005,0.0040999999999999995,0.0001
1929-03-05,-0.0068000000000000005,-0.005600000000000001,0.0055000000000000005,0.0001
1929-03-06,-0.015700000000000002,-0.0046,-0.0022,0.0001
1929-03-07,0.0075,-0.0059,0.0036,0.0001
1929-03-08,0.0058,0.0003,0.0002,0.0001
1929-03-09,-0.0002,0.0039000000000000003,-0.0025,0.0001
1929-03-11,-0.0132,0.0034999999999999996,-0.0025,0.0001
1929-03-12,0.0026,-0.0046,0.0007000000000000001,0.0001
1929-03-13,0.0097,-0.0029,0.0017000000000000001,0.0001
1929-03-14,0.0155,-0.0015,-0.0039000000000000003,0.0001
1929-03-15,0.010700000000000001,-0.0028000000000000004,-0.0007000000000000001,0.0001
1929-03-16,0.0026,0.0009,0.0001,0.0001
1929-03-18,-0.0042,-0.0003,0.0011,0.0001
1929-03-19,0.0002,-0.0058,0.0058,0.0001
1929-03-20,0.0003,-0.005,0.005600000000000001,0.0001
1929-03-21,-0.0043,0.0028000000000000004,-0.0062,0.0001
1929-03-22,-0.0115,0.0012,-0.0074,0.0001
1929-03-23,-0.01,0.0008,-0.0032,0.0001
1929-03-25,-0.0316,-0.0072,-0.0019,0.0001
1929-03-26,-0.011200000000000002,-0.027200000000000002,0.0012,0.0001
1929-03-27,0.0326,0.008,0.0023,0.0001
1929-03-28,0.016,0.0064,0.0052,0.0001
1929-04-01,-0.0225,-0.0040999999999999995,0.0003,0.0001
1929-04-02,0.011699999999999999,0.0025,0.0038,0.0001
1929-04-03,-0.0108,0.0038,0.0008,0.0001
1929-04-04,0.011899999999999999,-0.0042,0.0017000000000000001,0.0001
1929-04-05,-0.0075,0.0074,-0.0076,0.0001
1929-04-06,0.0011,-0.005,0.0066,0.0001
1929-04-08,-0.0095,0.0024,-0.006500000000000001,0.0001
1929-04-09,-0.0086,-0.008100000000000001,-0.0036,0.0001
1929-04-10,0.005,-0.002,0.0007000000000000001,0.0001
1929-04-11,0.0101,-0.0043,0.0055000000000000005,0.0001
1929-04-12,0.006,0.0058,-0.006,0.0001
1929-04-13,-0.0003,0.0021,0.0022,0.0001
1929-04-15,-0.0058,0.0067,-0.002,0.0001
1929-04-16,0.0005,-0.0004,-0.0026,0.0001
1929-04-17,0.0098,-0.0045000000000000005,0.001,0.0001
1929-04-18,0.0038,0.0025,-0.0044,0.0001
1929-04-19,-0.0003,0.0008,-0.0021,0.0001
1929-04-20,0.0017000000000000001,-0.001,-0.0043,0.0001
1929-04-22,0.008199999999999999,-0.0034999999999999996,0.0006,0.0001
1929-04-23,0.0045000000000000005,0.0026,-0.0012,0.0001
1929-04-24,-0.0023,0.0002,0.0037,0.0001
1929-04-25,-0.0062,0.0004,0.0024,0.0001
1929-04-26,-0.001,-0.0014000000000000002,-0.0040999999999999995,0.0001
1929-04-27,0.0053,0.0018,0.0046,0.0001
1929-04-29,-0.0055000000000000005,0.0004,0.0062,0.0001
1929-04-30,0.0163,-0.0123,0.0139,0.0001
1929-05-01,0.0011,0.0031,-0.0026,0.0002
1929-05-02,0.0014000000000000002,0.0004,-0.0029,0.0002
1929-05-03,0.0077,-0.0007000000000000001,-0.006,0.0002
1929-05-04,0.0031,-0.0045000000000000005,0.0017000000000000001,0.0002
1929-05-06,-0.0052,-0.0015,-0.0031,0.0002
1929-05-07,-0.0068000000000000005,0.0009,-0.0003,0.0002
1929-05-08,0.0009,-0.0009,-0.0005,0.0002
1929-05-09,-0.0055000000000000005,-0.0004,0.0,0.0002
1929-05-10,0.011200000000000002,-0.0021,0.0013,0.0002
1929-05-11,-0.0034000000000000002,0.0028000000000000004,0.0017000000000000001,0.0002
1929-05-13,-0.021099999999999997,-0.0043,-0.0024,0.0002
1929-05-14,0.0091,-0.0045000000000000005,-0.006500000000000001,0.0002
1929-05-15,-0.0028000000000000004,0.0004,0.0006,0.0002
1929-05-16,0.0006,-0.0044,-0.0038,0.0002
1929-05-17,0.0049,0.0018,-0.0007000000000000001,0.0002
1929-05-18,-0.0017000000000000001,-0.001,-0.0013,0.0002
1929-05-20,-0.0194,0.0040999999999999995,0.0079,0.0002
1929-05-21,0.0007000000000000001,-0.0132,-0.0039000000000000003,0.0002
1929-05-22,-0.031400000000000004,0.0098,-0.006999999999999999,0.0002
1929-05-23,0.0151,-0.0132,-0.0018,0.0002
1929-05-24,-0.004699999999999999,0.0063,-0.0003,0.0002
1929-05-25,-0.0036,-0.0052,-0.0008,0.0002
1929-05-27,-0.0317,-0.0070999999999999995,-0.0017000000000000001,0.0002
1929-05-28,0.011000000000000001,-0.012,0.0021,0.0002
1929-05-29,0.001,-0.0021,0.009399999999999999,0.0002
1929-05-31,0.005699999999999999,-0.012,0.0040999999999999995,0.0002
1929-06-01,0.0060999999999999995,0.003,0.0008,0.0002
1929-06-03,0.0127,-0.001,0.0066,0.0002
1929-06-04,0.013999999999999999,0.0039000000000000003,-0.0076,0.0002
1929-06-05,-0.0031,0.0027,-0.006500000000000001,0.0002
1929-06-06,0.0028000000000000004,-0.0017000000000000001,0.004,0.0002
1929-06-07,-0.0045000000000000005,-0.0003,-0.0043,0.0002
1929-06-08,-0.0034999999999999996,-0.0015,0.0095,0.0002
1929-06-10,-0.0052,0.0014000000000000002,0.0033,0.0002
1929-06-11,0.004,-0.002,-0.0043,0.0002
1929-06-12,0.0003,0.0025,-0.0033,0.0002
1929-06-13,0.0124,-0.005,-0.0002,0.0002
1929-06-14,0.003,0.0034000000000000002,0.003,0.0002
1929-06-15,0.0029,-0.0019,0.0077,0.0002
1929-06-17,0.012,-0.0069,-0.0058,0.0002
1929-06-18,0.0016,-0.0004,0.0,0.0002
1929-06-19,-0.0064,0.0038,-0.0051,0.0002
1929-06-20,0.0043,-0.0018,-0.0033,0.0002
1929-06-21,0.0067,-0.0039000000000000003,0.0045000000000000005,0.0002
1929-06-22,0.0031,0.0004,0.0066,0.0002
1929-06-24,-0.0021,0.0023,-0.0072,0.0002
1929-06-25,0.0077,-0.004,-0.0092,0.0002
1929-06-26,0.005600000000000001,-0.0001,0.0003,0.0002
1929-06-27,0.0008,-0.0005,-0.0052,0.0002
1929-06-28,0.0095,-0.009300000000000001,-0.0085,0.0002
1929-06-29,0.0083,-0.0032,-0.0009,0.0002
1929-07-01,0.0037,-0.0024,0.0031,0.0001
1929-07-02,0.0115,-0.009399999999999999,0.0024,0.0001
1929-07-03,0.0033,0.0019,-0.0038,0.0001
1929-07-05,0.0048,0.0021,-0.0044,0.0001
1929-07-06,0.0016,-0.0013,-0.0008,0.0001
1929-07-08,0.0003,0.0060999999999999995,0.01,0.0001
1929-07-09,0.0009,0.003,-0.0003,0.0001
1929-07-10,-0.003,0.0002,-0.0018,0.0001
1929-07-11,0.0025,-0.0022,-0.0037,0.0001
1929-07-12,0.009300000000000001,-0.0079,0.0026,0.0001
1929-07-13,0.004,-0.0049,0.0116,0.0001
1929-07-15,-0.0045000000000000005,-0.003,0.01,0.0001
1929-07-16,0.0048,-0.0025,0.0007000000000000001,0.0001
1929-07-17,0.0027,0.0005,-0.0026,0.0001
1929-07-18,-0.0013,-0.0011,-0.0006,0.0001
1929-07-19,0.0032,-0.0055000000000000005,0.0075,0.0001
1929-07-20,0.0015,-0.0009,0.0019,0.0001
1929-07-22,-0.0111,0.0017000000000000001,-0.0029,0.0001
1929-07-23,0.0105,-0.008199999999999999,0.0021,0.0001
1929-07-24,-0.0049,-0.0027,0.0012,0.0001
1929-07-25,0.0051,-0.005600000000000001,-0.0072,0.0001
1929-07-26,-0.004,0.0,0.001,0.0001
1929-07-27,-0.0045000000000000005,0.0044,-0.0044,0.0001
1929-07-29,-0.0116,0.0024,0.0046,0.0001
1929-07-30,0.0088,-0.0004,-0.0002,0.0001
1929-07-31,0.010700000000000001,-0.0022,0.0003,0.0001
1929-08-01,0.008100000000000001,-0.006500000000000001,-0.0019,0.0002
1929-08-02,0.0095,-0.011699999999999999,-0.0004,0.0002
1929-08-03,0.005,-0.0052,-0.0064,0.0002
1929-08-05,-0.006,-0.0048,0.0078000000000000005,0.0002
1929-08-06,-0.004699999999999999,0.0021,0.0003,0.0002
1929-08-07,-0.0102,0.0014000000000000002,0.0037,0.0002
1929-08-08,0.0091,-0.0074,0.0007000000000000001,0.0002
1929-08-09,-0.036000000000000004,0.0027,0.0038,0.0002
1929-08-10,0.0159,-0.0078000000000000005,0.0049,0.0002
1929-08-12,0.0146,-0.0024,0.0021,0.0002
1929-08-13,0.0070999999999999995,-0.0058,-0.0022,0.0002
1929-08-14,0.0014000000000000002,-0.0052,-0.001,0.0002
1929-08-15,0.003,-0.0005,0.0017000000000000001,0.0002
1929-08-16,0.0183,-0.0039000000000000003,-0.0032,0.0002
1929-08-17,0.0026,0.0015,0.0087,0.0002
1929-08-19,0.0052,-0.006999999999999999,-0.0062,0.0002
1929-08-20,0.0032,-0.0002,0.0014000000000000002,0.0002
1929-08-21,-0.0038,-0.0001,-0.0012,0.0002
1929-08-22,0.0086,-0.005600000000000001,-0.0052,0.0002
1929-08-23,0.0096,-0.012199999999999999,-0.0040999999999999995,0.0002
1929-08-24,0.0023,-0.0058,0.0011,0.0002
1929-08-26,-0.0008,-0.0018,0.003,0.0002
1929-08-27,-0.0009,0.0002,-0.0001,0.0002
1929-08-28,-0.0002,-0.0015,0.0022,0.0002
1929-08-29,0.0077,-0.0014000000000000002,0.0015,0.0002
1929-08-30,0.0108,-0.0053,-0.008100000000000001,0.0002
1929-09-03,0.0036,-0.003,-0.0048,0.0001
1929-09-04,-0.0053,0.0011,-0.0078000000000000005,0.0001
1929-09-05,-0.0192,0.0075,0.0021,0.0001
1929-09-06,0.020499999999999997,-0.012,-0.0024,0.0001
1929-09-07,0.0032,-0.0031,0.001,0.0001
1929-09-09,-0.0058,0.0009,-0.0012,0.0001
1929-09-10,-0.0171,0.013500000000000002,0.0003,0.0001
1929-09-11,0.0118,-0.0111,0.0025,0.0001
1929-09-12,-0.01,0.011399999999999999,-0.0001,0.0001
1929-09-13,0.0025,0.0012,-0.0022,0.0001
1929-09-14,0.0022,-0.0003,0.0006,0.0001
1929-09-16,0.0102,-0.004699999999999999,-0.0016,0.0001
1929-09-17,-0.0063,0.0089,-0.0027,0.0001
1929-09-18,0.0044,-0.0095,0.005,0.0001
1929-09-19,0.0001,-0.0002,-0.003,0.0001
1929-09-20,-0.0087,0.0053,-0.0009,0.0001
1929-09-21,-0.0008,0.002,-0.0013,0.0001
1929-09-23,-0.0029,-0.0018,0.0012,0.0001
1929-09-24,-0.0152,0.0051,0.002,0.0001
1929-09-25,-0.0015,-0.005600000000000001,0.0004,0.0001
1929-09-26,0.009300000000000001,0.0008,-0.0051,0.0001
1929-09-27,-0.0245,0.0062,0.0046,0.0001
1929-09-28,0.003,-0.006500000000000001,0.0039000000000000003,0.0001
1929-09-30,-0.008100000000000001,0.0073,0.0008,0.0001
1929-10-01,-0.0068000000000000005,-0.005,-0.0014000000000000002,0.0002
1929-10-02,0.0075,-0.0006,-0.0015,0.0002
1929-10-03,-0.036699999999999997,0.0128,0.0091,0.0002
1929-10-04,-0.011899999999999999,-0.0175,0.0016,0.0002
1929-10-05,0.039,-0.0055000000000000005,-0.0109,0.0002
1929-10-07,0.0175,0.002,0.005699999999999999,0.0002
1929-10-08,-0.0001,0.0036,0.0007000000000000001,0.0002
1929-10-09,-0.002,-0.0026,0.0027,0.0002
1929-10-10,0.0141,-0.0059,-0.0048,0.0002
1929-10-11,-0.0016,0.0045000000000000005,0.0023,0.0002
1929-10-14,-0.005,0.0027,-0.0034999999999999996,0.0002
1929-10-15,-0.0066,0.003,0.0022,0.0002
1929-10-16,-0.030299999999999997,0.011000000000000001,0.0088,0.0002
1929-10-17,0.0105,-0.0167,0.0,0.0002
1929-10-18,-0.0229,0.013000000000000001,0.0111,0.0002
1929-10-19,-0.0278,0.003,0.0087,0.0002
1929-10-21,-0.0132,-0.0101,0.002,0.0002
1929-10-22,0.02,-0.004,-0.0033,0.0002
1929-10-23,-0.056299999999999996,0.0066,0.0059,0.0002
1929-10-24,-0.0378,-0.0374,0.0141,0.0002
1929-10-25,0.0141,0.001,0.002,0.0002
1929-10-26,-0.0036,0.0118,0.0073,0.0002
1929-10-28,-0.1125,0.0129,0.0392,0.0002
1929-10-29,-0.1155,0.0026,0.021,0.0002
1929-10-30,0.11199999999999999,-0.0725,-0.0206,0.0002
1929-10-31,0.059000000000000004,0.0246,-0.0173,0.0002
1929-11-04,-0.042800000000000005,0.0195,0.016399999999999998,0.0002
1929-11-06,-0.0966,0.0159,0.0239,0.0002
1929-11-07,0.0204,-0.046,-0.005600000000000001,0.0002
1929-11-08,0.0021,0.0264,0.0026,0.0002
1929-11-11,-0.0552,0.0152,0.0191,0.0002
1929-11-12,-0.0593,-0.0106,0.0032,0.0002
1929-11-13,-0.0571,-0.0184,0.0106,0.0002
1929-11-14,0.0766,-0.0288,-0.0167,0.0002
1929-11-15,0.0613,0.0129,-0.0245,0.0002
1929-11-18,-0.0116,0.0227,0.0022,0.0002
1929-11-19,0.0258,-0.015700000000000002,0.0,0.0002
1929-11-20,0.0239,-0.0034000000000000002,0.0022,0.0002
1929-11-21,0.021099999999999997,-0.0113,-0.0086,0.0002
1929-11-22,-0.0051,0.0062,0.0104,0.0002
1929-11-25,-0.0108,0.0045000000000000005,0.009300000000000001,0.0002
1929-11-26,-0.0226,0.009000000000000001,0.0089,0.0002
1929-11-27,0.009899999999999999,-0.0105,-0.0054,0.0002
1929-12-02,0.0005,-0.0026,-0.0024,0.0001
1929-12-03,0.0278,-0.0051,-0.0078000000000000005,0.0001
1929-12-04,0.0182,0.0006,0.0037,0.0001
1929-12-05,-0.0042,0.009399999999999999,-0.0015,0.0001
1929-12-06,0.0202,-0.011399999999999999,-0.0053,0.0001
1929-12-07,0.0108,-0.0014000000000000002,-0.0038,0.0001
1929-12-09,-0.0092,0.0068000000000000005,-0.0004,0.0001
1929-12-10,0.0034999999999999996,-0.0102,-0.0034000000000000002,0.0001
1929-12-11,-0.005,0.004699999999999999,-0.0008,0.0001
1929-12-12,-0.0493,0.0126,0.0096,0.0001
1929-12-13,0.0191,-0.0175,0.0034999999999999996,0.0001
1929-12-14,0.012,0.0021,0.0064,0.0001
1929-12-16,-0.023799999999999998,0.0129,0.0084,0.0001
1929-12-17,0.0062,-0.006999999999999999,-0.003,0.0001
1929-12-18,-0.005600000000000001,0.0014000000000000002,0.0052,0.0001
1929-12-19,-0.024,-0.0028000000000000004,-0.0006,0.0001
1929-12-20,-0.0321,-0.013600000000000001,0.0129,0.0001
1929-12-21,0.015600000000000001,-0.0046,-0.0045000000000000005,0.0001
1929-12-23,-0.013300000000000001,-0.0028000000000000004,-0.0013,0.0001
1929-12-24,0.0043,-0.0004,-0.0026,0.0001
1929-12-26,0.0206,-0.0060999999999999995,-0.006,0.0001
1929-12-27,-0.0018,-0.005699999999999999,-0.0006,0.0001
1929-12-28,-0.0074,0.0,0.0075,0.0001
1929-12-30,0.0074,-0.0104,-0.013300000000000001,0.0001
1929-12-31,0.0265,0.0097,-0.0025,0.0001
1930-01-02,-0.0095,0.0182,-0.0067,0.0001
1930-01-03,0.005699999999999999,-0.0048,0.0060999999999999995,0.0001
1930-01-04,0.006999999999999999,0.0033,-0.0024,0.0001
1930-01-06,0.0001,0.0034000000000000002,-0.0033,0.0001
1930-01-07,-0.0069,0.0077,0.005,0.0001
1930-01-08,-0.001,0.0033,0.0051,0.0001
1930-01-09,0.0125,-0.0009,-0.0040999999999999995,0.0001
1930-01-10,-0.0022,0.0026,0.0027,0.0001
1930-01-11,-0.0038,0.004,0.0038,0.0001
1930-01-13,0.003,-0.0029,-0.0014000000000000002,0.0001
1930-01-14,0.0017000000000000001,-0.0016,0.005,0.0001
1930-01-15,0.002,-0.0038,-0.003,0.0001
1930-01-16,-0.0059,-0.0006,0.0126,0.0001
1930-01-17,-0.0078000000000000005,-0.0015,-0.0017000000000000001,0.0001
1930-01-18,0.0023,-0.0039000000000000003,-0.0014000000000000002,0.0001
1930-01-20,0.0024,0.004,-0.005,0.0001
1930-01-21,0.0059,-0.0026,0.002,0.0001
1930-01-22,0.001,0.0063,0.0004,0.0001
1930-01-23,0.009399999999999999,-0.0021,-0.0008,0.0001
1930-01-24,0.0078000000000000005,0.0028000000000000004,-0.006,0.0001
1930-01-25,0.0074,0.0007000000000000001,0.0059,0.0001
1930-01-27,0.0032,-0.0023,-0.0033,0.0001
1930-01-28,-0.0054,0.0058,0.0005,0.0001
1930-01-29,0.009899999999999999,-0.001,-0.0017000000000000001,0.0001
1930-01-30,0.0025,-0.0006,-0.0038,0.0001
1930-01-31,0.014199999999999999,0.0,-0.0151,0.0001
1930-02-01,0.0079,-0.0029,-0.0064,0.0001
1930-02-03,-0.0059,0.004699999999999999,0.0019,0.0001
1930-02-04,0.0078000000000000005,-0.0027,-0.0028000000000000004,0.0001
1930-02-05,0.0103,-0.0031,0.0016,0.0001
1930-02-06,-0.0079,0.0024,0.0045000000000000005,0.0001
1930-02-07,-0.0026,0.0002,0.0064,0.0001
1930-02-08,0.008100000000000001,-0.0048,-0.0009,0.0001
1930-02-10,-0.0007000000000000001,0.0014000000000000002,0.002,0.0001
1930-02-11,0.0055000000000000005,0.0006,0.002,0.0001
1930-02-13,0.0016,0.0013,-0.001,0.0001
1930-02-14,0.0006,0.0018,0.0095,0.0001
1930-02-15,-0.0076,0.0046,-0.0025,0.0001
1930-02-17,0.0059,-0.0019,-0.008199999999999999,0.0001
1930-02-18,0.0021,0.0033,0.0022,0.0001
1930-02-19,-0.0072,0.0025,-0.001,0.0001
1930-02-20,-0.019,0.0026,0.0049,0.0001
1930-02-21,0.011399999999999999,-0.009000000000000001,0.0023,0.0001
1930-02-24,-0.0088,0.0023,-0.0034999999999999996,0.0001
1930-02-25,0.0,-0.0008,-0.0029,0.0001
1930-02-26,0.016,-0.0054,-0.0021,0.0001
1930-02-27,0.0025,0.0048,-0.0005,0.0001
1930-02-28,0.0054,0.0003,-0.0028000000000000004,0.0001
1930-03-01,0.0060999999999999995,0.0036,-0.0062,0.0001
1930-03-03,-0.001,0.008,-0.0024,0.0001
1930-03-04,0.005,-0.003,-0.0012,0.0001
1930-03-05,-0.006999999999999999,0.0005,0.0043,0.0001
1930-03-06,0.0079,-0.0014000000000000002,-0.0052,0.0001
1930-03-07,0.0009,0.0054,-0.0006,0.0001
1930-03-08,0.001,0.003,-0.001,0.0001
1930-03-10,0.0045000000000000005,-0.0006,-0.0043,0.0001
1930-03-11,0.0018,-0.0031,0.0008,0.0001
1930-03-12,-0.008100000000000001,0.0043,0.0104,0.0001
1930-03-13,0.0040999999999999995,0.002,-0.0036,0.0001
1930-03-14,-0.0068000000000000005,0.005699999999999999,0.006999999999999999,0.0001
1930-03-15,-0.0049,0.0064,0.0037,0.0001
1930-03-17,0.013000000000000001,-0.0021,0.0005,0.0001
1930-03-18,0.0097,-0.0021,0.0068000000000000005,0.0001
1930-03-19,0.003,0.002,-0.0008,0.0001
1930-03-20,0.0055000000000000005,-0.005600000000000001,-0.0026,0.0001
1930-03-21,0.0054,0.0014000000000000002,-0.0005,0.0001
1930-03-22,-0.0087,0.0064,0.0028000000000000004,0.0001
1930-03-24,0.009399999999999999,0.0060999999999999995,0.0,0.0001
1930-03-25,0.0004,-0.0005,0.0007000000000000001,0.0001
1930-03-26,0.009899999999999999,-0.006999999999999999,-0.0043,0.0001
1930-03-27,-0.0017000000000000001,0.0023,-0.0048,0.0001
1930-03-28,0.0087,-0.0026,0.0059,0.0001
1930-03-29,0.008199999999999999,0.0,-0.0036,0.0001
1930-03-31,0.0027,0.0024,0.0006,0.0001
1930-04-01,0.0076,-0.0004,-0.0036,0.0001
1930-04-02,-0.0097,0.0058,-0.0068000000000000005,0.0001
1930-04-03,0.0027,-0.0038,-0.0018,0.0001
1930-04-04,0.0106,-0.0023,-0.0004,0.0001
1930-04-05,0.005,-0.003,-0.0066,0.0001
1930-04-07,-0.0002,0.0034000000000000002,0.0042,0.0001
1930-04-08,-0.0064,-0.0038,0.0019,0.0001
1930-04-09,0.0129,-0.0045000000000000005,-0.011200000000000002,0.0001
1930-04-10,0.0005,0.0040999999999999995,-0.0033,0.0001
1930-04-11,-0.0037,0.0007000000000000001,0.0051,0.0001
1930-04-12,0.0,0.0012,-0.0042,0.0001
1930-04-14,-0.0023,0.0073,0.0021,0.0001
1930-04-15,-0.0003,0.0009,-0.0044,0.0001
1930-04-16,-0.0073,0.0007000000000000001,-0.0034999999999999996,0.0001
1930-04-17,0.0051,-0.0006,-0.0033,0.0001
1930-04-21,-0.015,0.0052,0.0028000000000000004,0.0001
1930-04-22,0.0048,-0.006999999999999999,0.0066,0.0001
1930-04-23,0.0037,0.0009,0.0083,0.0001
1930-04-24,-0.0083,0.0029,0.0074,0.0001
1930-04-25,-0.002,-0.0022,-0.0007000000000000001,0.0001
1930-04-26,0.0001,-0.0064,0.0022,0.0001
1930-04-28,-0.0209,0.001,0.0007000000000000001,0.0001
1930-04-29,-0.0045000000000000005,-0.0091,-0.0008,0.0001
1930-04-30,0.0077,0.0055000000000000005,0.0053,0.0001
1930-05-01,-0.0195,0.0092,-0.0037,0.0001
1930-05-02,-0.024300000000000002,-0.005600000000000001,0.0058,0.0001
1930-05-03,-0.032,-0.008199999999999999,0.0197,0.0001
1930-05-05,-0.0018,-0.024,-0.0013,0.0001
1930-05-06,0.0311,0.0144,-0.0167,0.0001
1930-05-07,-0.0092,0.006,0.0044,0.0001
1930-05-08,0.0021,-0.0044,-0.0058,0.0001
1930-05-09,0.0098,-0.0043,-0.0002,0.0001
1930-05-10,0.0138,0.0017000000000000001,-0.0097,0.0001
1930-05-12,-0.0001,0.0027,-0.0017000000000000001,0.0001
1930-05-13,0.0104,-0.0040999999999999995,0.0019,0.0001
1930-05-14,0.005600000000000001,0.004,0.0013,0.0001
1930-05-15,-0.0125,0.0039000000000000003,0.0074,0.0001
1930-05-16,0.0046,0.0,0.0003,0.0001
1930-05-17,0.0003,-0.0005,0.004,0.0001
1930-05-19,-0.0184,0.0027,0.0019,0.0001
1930-05-20,0.0014000000000000002,-0.0060999999999999995,0.0063,0.0001
1930-05-21,-0.0034999999999999996,-0.003,-0.0045000000000000005,0.0001
1930-05-22,0.0016,0.0001,0.0016,0.0001
1930-05-23,0.0098,0.0018,-0.0105,0.0001
1930-05-24,0.005699999999999999,-0.005,0.0009,0.0001
1930-05-26,0.0012,-0.0001,-0.0002,0.0001
1930-05-27,0.0008,-0.0008,-0.0053,0.0001
1930-05-28,0.0033,-0.0019,-0.004,0.0001
1930-05-29,0.0049,0.001,-0.0011,0.0001
1930-06-02,-0.0017000000000000001,0.0028000000000000004,0.004,0.0001
1930-06-03,-0.008100000000000001,0.0,0.0038,0.0001
1930-06-04,0.0029,-0.0038,-0.0009,0.0001
1930-06-05,-0.0139,0.0017000000000000001,0.0043,0.0001
1930-06-06,-0.0146,0.0004,0.0033,0.0001
1930-06-07,-0.018000000000000002,-0.0027,0.0062,0.0001
1930-06-09,-0.029500000000000002,-0.0060999999999999995,-0.0048,0.0001
1930-06-10,0.0215,-0.0155,0.0014000000000000002,0.0001
1930-06-11,-0.0317,0.0002,0.0072,0.0001
1930-06-12,-0.0049,-0.0043,-0.006500000000000001,0.0001
1930-06-13,0.006999999999999999,-0.002,0.0078000000000000005,0.0001
1930-06-14,-0.0175,0.011699999999999999,-0.0012,0.0001
1930-06-16,-0.0533,-0.0088,0.0088,0.0001
1930-06-17,-0.002,-0.016399999999999998,0.0068000000000000005,0.0001
1930-06-18,-0.0337,-0.017,0.0113,0.0001
1930-06-19,0.042,-0.0027,-0.0104,0.0001
1930-06-20,-0.0172,0.0151,-0.0068000000000000005,0.0001
1930-06-21,-0.0258,0.0012,0.0161,0.0001
1930-06-23,0.0129,-0.0096,-0.0092,0.0001
1930-06-24,-0.0258,0.0225,0.0006,0.0001
1930-06-25,0.0013,-0.0194,-0.0089,0.0001
1930-06-26,0.0217,0.0037,0.0031,0.0001
1930-06-27,-0.0086,0.0054,0.0024,0.0001
1930-06-28,0.0036,0.0004,-0.0054,0.0001
1930-06-30,0.0246,0.0015,-0.0072,0.0001
1930-07-01,-0.0069,0.0106,0.0084,0.0001
1930-07-02,0.0085,-0.0070999999999999995,-0.0002,0.0001
1930-07-03,-0.009300000000000001,0.0054,0.0036,0.0001
1930-07-07,-0.016399999999999998,0.0029,-0.0036,0.0001
1930-07-08,0.004,-0.0166,0.0013,0.0001
1930-07-09,0.013500000000000002,0.005600000000000001,-0.002,0.0001
1930-07-10,0.021400000000000002,-0.013999999999999999,0.0040999999999999995,0.0001
1930-07-11,-0.009000000000000001,0.01,-0.0031,0.0001
1930-07-12,0.015300000000000001,-0.0098,-0.0027,0.0001
1930-07-14,0.019,0.0019,0.0008,0.0001
1930-07-15,0.0045000000000000005,0.0097,0.0064,0.0001
1930-07-16,0.0069,-0.006,0.0027,0.0001
1930-07-17,0.0059,0.0077,-0.0029,0.0001
1930-07-18,0.006999999999999999,0.0034000000000000002,-0.0069,0.0001
1930-07-19,-0.008199999999999999,0.0045000000000000005,0.0048,0.0001
1930-07-21,-0.0255,-0.0039000000000000003,0.0055000000000000005,0.0001
1930-07-22,0.0143,-0.006,-0.008199999999999999,0.0001
1930-07-23,0.013999999999999999,0.0052,-0.006999999999999999,0.0001
1930-07-24,-0.009899999999999999,0.0016,-0.0031,0.0001
1930-07-25,0.0049,-0.0069,-0.0046,0.0001
1930-07-26,0.0092,-0.0027,0.0002,0.0001
1930-07-28,0.0045000000000000005,0.0021,-0.0049,0.0001
1930-07-29,-0.0078000000000000005,0.0018,-0.0011,0.0001
1930-07-30,-0.0231,0.0023,0.002,0.0001
1930-07-31,0.0052,-0.0042,-0.0064,0.0001
1930-08-01,-0.0046,0.0013,0.0019,0.0
1930-08-02,0.0045000000000000005,0.0013,0.0011,0.0
1930-08-04,0.013000000000000001,-0.0073,-0.005600000000000001,0.0
1930-08-05,-0.0012,0.0008,0.0013,0.0
1930-08-06,-0.013500000000000002,0.0052,0.0005,0.0
1930-08-07,-0.0074,0.001,-0.0038,0.0
1930-08-08,-0.0377,0.0055000000000000005,0.0037,0.0
1930-08-09,-0.0017000000000000001,-0.0046,-0.006,0.0
1930-08-11,0.0084,-0.0055000000000000005,-0.0006,0.0
1930-08-12,-0.0226,0.0070999999999999995,0.0064,0.0
1930-08-13,0.0087,-0.013500000000000002,-0.0001,0.0
1930-08-14,0.004,0.0043,-0.0034000000000000002,0.0
1930-08-15,0.021400000000000002,-0.0152,0.0045000000000000005,0.0
1930-08-16,0.0001,0.008,0.0045000000000000005,0.0
1930-08-18,-0.0038,0.0021,-0.0069,0.0
1930-08-19,0.0079,-0.0015,-0.0018,0.0
1930-08-20,0.0074,-0.0036,-0.002,0.0
1930-08-21,-0.006,0.0046,-0.0043,0.0
1930-08-22,0.0012,0.0,0.0013,0.0
1930-08-23,0.0052,-0.0005,-0.0023,0.0
1930-08-25,-0.0077,0.0023,-0.0002,0.0
1930-08-26,0.0115,-0.013000000000000001,0.0045000000000000005,0.0
1930-08-27,0.0054,0.0026,-0.0017000000000000001,0.0
1930-08-28,-0.0012,-0.0003,0.0016,0.0
1930-08-29,0.0137,-0.0039000000000000003,0.0017000000000000001,0.0
1930-09-02,0.0005,0.0023,0.0021,0.0001
1930-09-03,-0.0095,0.0008,0.0,0.0001
1930-09-04,-0.005699999999999999,-0.0021,0.0001,0.0001
1930-09-05,0.0129,0.0034000000000000002,0.0039000000000000003,0.0001
1930-09-06,0.0125,-0.0063,0.0025,0.0001
1930-09-08,0.0011,0.0058,-0.0034000000000000002,0.0001
1930-09-09,0.0040999999999999995,0.0032,-0.0075,0.0001
1930-09-10,0.0038,0.004,-0.0018,0.0001
1930-09-11,-0.0096,0.0027,0.0098,0.0001
1930-09-12,-0.0040999999999999995,0.0036,-0.0051,0.0001
1930-09-13,-0.0013,-0.0040999999999999995,-0.0004,0.0001
1930-09-15,-0.012199999999999999,0.0022,-0.0002,0.0001
1930-09-16,0.0017000000000000001,-0.0088,-0.0039000000000000003,0.0001
1930-09-17,0.0025,0.0026,-0.0016,0.0001
1930-09-18,-0.011000000000000001,0.0023,-0.0004,0.0001
1930-09-19,-0.0161,-0.0037,-0.0034999999999999996,0.0001
1930-09-20,0.0025,-0.0004,0.001,0.0001
1930-09-22,-0.0248,0.0017000000000000001,-0.0011,0.0001
1930-09-23,0.0089,-0.0116,-0.0092,0.0001
1930-09-24,-0.0146,-0.0012,-0.0067,0.0001
1930-09-25,-0.019799999999999998,-0.0018,0.0026,0.0001
1930-09-26,-0.0149,-0.0019,-0.0091,0.0001
1930-09-27,-0.006500000000000001,-0.0058,-0.0015,0.0001
1930-09-29,-0.0202,0.002,-0.0092,0.0001
1930-09-30,-0.0154,-0.0167,-0.0168,0.0001
1930-10-01,0.0377,-0.004699999999999999,0.0155,0.0
1930-10-02,-0.0103,0.011699999999999999,-0.006,0.0
1930-10-03,0.0131,-0.0038,0.0034000000000000002,0.0
1930-10-04,-0.0087,0.0102,-0.0034999999999999996,0.0
1930-10-06,-0.028999999999999998,0.005600000000000001,-0.0043,0.0
1930-10-07,-0.0021,-0.018600000000000002,-0.0027,0.0
1930-10-08,-0.0098,0.0062,0.0077,0.0
1930-10-09,-0.039,0.005600000000000001,-0.0012,0.0
1930-10-10,0.018799999999999997,-0.0354,-0.0115,0.0
1930-10-11,-0.0207,0.030600000000000002,0.0134,0.0
1930-10-14,0.0091,-0.0183,-0.0118,0.0
1930-10-15,0.0177,0.0042,0.0058,0.0
1930-10-16,-0.0141,0.0060999999999999995,0.0022,0.0
1930-10-17,-0.0366,0.0072,-0.0060999999999999995,0.0
1930-10-18,-0.011399999999999999,-0.0091,-0.0144,0.0
1930-10-20,0.028300000000000002,-0.0147,0.0076,0.0
1930-10-21,-0.023799999999999998,0.0144,-0.0088,0.0
1930-10-22,-0.0084,-0.01,0.0018,0.0
1930-10-23,0.0095,0.0033,0.0009,0.0
1930-10-24,0.0281,-0.006999999999999999,-0.006,0.0
1930-10-25,-0.0016,0.010700000000000001,0.0055000000000000005,0.0
1930-10-27,0.0048,-0.0031,-0.010700000000000001,0.0
1930-10-28,0.0060999999999999995,-0.0016,0.0062,0.0
1930-10-29,-0.0131,0.008100000000000001,-0.004,0.0
1930-10-30,-0.0115,-0.0058,0.0101,0.0
1930-10-31,-0.0199,0.0048,0.0,0.0
1930-11-01,0.0027,-0.006,-0.0079,0.0001
1930-11-03,0.0029,0.0008,-0.0016,0.0001
1930-11-05,-0.026099999999999998,0.011699999999999999,-0.0033,0.0001
1930-11-06,-0.0004,-0.0067,-0.005600000000000001,0.0001
1930-11-07,-0.0331,0.0044,-0.011699999999999999,0.0001
1930-11-08,-0.011899999999999999,0.0046,-0.0019,0.0001
1930-11-10,-0.0209,-0.0039000000000000003,-0.0068000000000000005,0.0001
1930-11-11,0.0095,-0.005,-0.0068000000000000005,0.0001
1930-11-12,0.0163,-0.0043,-0.016200000000000003,0.0001
1930-11-13,0.0246,0.0115,0.0008,0.0001
1930-11-14,0.024399999999999998,-0.0070999999999999995,0.0004,0.0001
1930-11-15,0.0102,0.0141,0.006500000000000001,0.0001
1930-11-17,-0.0282,0.009000000000000001,0.0084,0.0001
1930-11-18,0.0069,-0.0078000000000000005,0.0015,0.0001
1930-11-19,0.0194,-0.0052,0.0019,0.0001
1930-11-20,-0.0017000000000000001,0.0111,0.0102,0.0001
1930-11-21,0.0129,-0.0127,0.013300000000000001,0.0001
1930-11-22,-0.009300000000000001,0.0113,-0.005699999999999999,0.0001
1930-11-24,0.0016,0.0009,-0.0008,0.0001
1930-11-25,-0.0108,0.0063,-0.0006,0.0001
1930-11-26,-0.013999999999999999,-0.002,-0.0095,0.0001
1930-11-28,-0.012199999999999999,0.005,-0.0078000000000000005,0.0001
1930-11-29,0.0096,-0.0051,0.0048,0.0001
1930-12-01,0.012,-0.0115,-0.0053,0.0001
1930-12-02,0.0076,0.006,0.0005,0.0001
1930-12-03,-0.0126,0.006999999999999999,-0.0077,0.0001
1930-12-04,-0.0161,-0.0069,-0.0007000000000000001,0.0001
1930-12-05,0.0008,-0.005699999999999999,-0.0040999999999999995,0.0001
1930-12-06,-0.0106,0.0104,-0.0025,0.0001
1930-12-08,-0.0143,-0.0004,-0.0103,0.0001
1930-12-09,-0.0013,-0.0052,-0.0095,0.0001
1930-12-10,-0.0169,-0.005600000000000001,-0.0064,0.0001
1930-12-11,-0.01,-0.0051,-0.0068000000000000005,0.0001
1930-12-12,-0.0108,0.0044,0.0091,0.0001
1930-12-13,-0.0252,-0.0022,-0.0085,0.0001
1930-12-15,-0.0054,-0.0076,-0.005699999999999999,0.0001
1930-12-16,-0.0318,-0.0066,-0.021,0.0001
1930-12-17,0.038,-0.0286,0.0127,0.0001
1930-12-18,0.011399999999999999,0.013000000000000001,0.0052,0.0001
1930-12-19,0.0134,-0.0054,0.0089,0.0001
1930-12-20,0.0011,0.0067,0.0075,0.0001
1930-12-22,-0.030699999999999998,0.0168,-0.0074,0.0001
1930-12-23,0.0034000000000000002,-0.022099999999999998,-0.005,0.0001
1930-12-24,0.012,0.0028000000000000004,-0.0043,0.0001
1930-12-26,-0.0181,0.013000000000000001,-0.0176,0.0001
1930-12-27,-0.0074,-0.004,-0.008100000000000001,0.0001
1930-12-29,-0.0026,-0.0194,-0.0039000000000000003,0.0001
1930-12-30,0.0196,-0.0105,0.0042,0.0001
1930-12-31,0.0163,0.0143,0.025699999999999997,0.0001
1931-01-02,0.0346,0.0004,0.006,0.0001
1931-01-03,0.0182,-0.0026,0.028999999999999998,0.0001
1931-01-05,-0.0079,0.0025,0.0109,0.0001
1931-01-06,0.0151,-0.0027,0.0096,0.0001
1931-01-07,0.0007000000000000001,0.0105,0.01,0.0001
1931-01-08,0.0066,0.0062,0.0116,0.0001
1931-01-09,-0.0054,0.0149,0.0137,0.0001
1931-01-10,0.0042,-0.008,0.0043,0.0001
1931-01-12,-0.0171,0.0091,-0.011000000000000001,0.0001
1931-01-13,-0.011000000000000001,-0.0054,-0.0069,0.0001
1931-01-14,0.0066,0.0052,0.0048,0.0001
1931-01-15,-0.0197,0.0062,-0.0005,0.0001
1931-01-16,0.011399999999999999,-0.0088,-0.0029,0.0001
1931-01-17,-0.0042,0.0058,0.0043,0.0001
1931-01-19,-0.006,0.0019,-0.0121,0.0001
1931-01-20,0.0192,-0.0113,0.0016,0.0001
1931-01-21,0.0004,0.0033,0.0023,0.0001
1931-01-22,0.0169,-0.0092,0.0095,0.0001
1931-01-23,0.0177,0.0044,-0.0031,0.0001
1931-01-24,-0.0075,0.0025,0.0040999999999999995,0.0001
1931-01-26,0.0070999999999999995,-0.006999999999999999,-0.0025,0.0001
1931-01-27,-0.0044,0.0076,0.005600000000000001,0.0001
1931-01-28,-0.0194,0.0106,-0.0037,0.0001
1931-01-29,0.0104,-0.0098,-0.0095,0.0001
1931-01-30,0.0023,0.0028000000000000004,0.0054,0.0001
1931-01-31,-0.0059,0.0022,-0.0043,0.0001
1931-02-02,0.003,-0.0008,0.0006,0.0
1931-02-03,0.0042,0.001,-0.0043,0.0
1931-02-04,0.0042,-0.0021,0.0034999999999999996,0.0
1931-02-05,-0.0058,0.0031,-0.0051,0.0
1931-02-06,0.0031,0.009399999999999999,-0.0029,0.0
1931-02-07,0.013000000000000001,-0.005,0.0011,0.0
1931-02-09,0.0252,0.0026,0.004,0.0
1931-02-10,0.0144,-0.0032,0.0072,0.0
1931-02-11,0.0046,0.0019,-0.0088,0.0
1931-02-13,-0.0023,0.0037,0.0045000000000000005,0.0
1931-02-14,-0.0016,0.001,-0.0046,0.0
1931-02-16,0.0124,0.0016,0.0019,0.0
1931-02-17,-0.0146,0.006,0.0025,0.0
1931-02-18,0.0072,0.0037,-0.0022,0.0
1931-02-19,0.0115,0.006999999999999999,-0.0026,0.0
1931-02-20,0.014199999999999999,0.0005,-0.0034000000000000002,0.0
1931-02-21,0.0127,-0.002,0.0070999999999999995,0.0
1931-02-24,0.012199999999999999,-0.005600000000000001,-0.0043,0.0
1931-02-25,-0.01,0.0025,0.0034000000000000002,0.0
1931-02-26,0.008199999999999999,-0.0036,0.013999999999999999,0.0
1931-02-27,-0.0051,0.0086,0.0070999999999999995,0.0
1931-02-28,-0.0060999999999999995,0.0005,-0.0043,0.0
1931-03-02,-0.0191,0.0151,-0.0177,0.0
1931-03-03,-0.0026,-0.0048,0.0011,0.0
1931-03-04,-0.0101,0.0008,0.0032,0.0
1931-03-05,0.0163,-0.0063,0.0003,0.0
1931-03-06,-0.0172,0.0102,-0.0026,0.0
1931-03-07,0.0158,-0.013500000000000002,0.0032,0.0
1931-03-09,0.0052,0.0074,-0.0115,0.0
1931-03-10,-0.0009,0.0016,0.0074,0.0
1931-03-11,-0.0115,0.0033,-0.0012,0.0
1931-03-12,-0.0053,0.0014000000000000002,-0.0046,0.0
1931-03-13,-0.0055000000000000005,-0.0064,-0.0015,0.0
1931-03-14,0.011899999999999999,-0.0011,0.0001,0.0
1931-03-16,0.0118,-0.0039000000000000003,0.0048,0.0
1931-03-17,-0.0096,0.008199999999999999,-0.0053,0.0
1931-03-18,0.0108,-0.0025,0.0001,0.0
1931-03-19,0.0103,0.009399999999999999,-0.0028000000000000004,0.0
1931-03-20,0.0026,-0.0004,-0.0027,0.0
1931-03-21,-0.0073,0.0036,0.0074,0.0
1931-03-23,-0.0054,0.0006,0.0012,0.0
1931-03-24,0.0077,-0.011399999999999999,-0.0009,0.0
1931-03-25,-0.0044,0.0036,0.0015,0.0
1931-03-26,-0.0123,0.009000000000000001,-0.0043,0.0
1931-03-27,-0.0167,0.0046,-0.0011,0.0
1931-03-28,-0.0195,0.0002,-0.005,0.0
1931-03-30,-0.0109,-0.0028000000000000004,0.0012,0.0
1931-03-31,0.0018,0.0038,-0.004,0.0
1931-04-01,-0.0102,0.0016,-0.0121,0.0
1931-04-02,-0.0097,-0.0008,0.0069,0.0
1931-04-04,0.0178,-0.0049,0.0004,0.0
1931-04-06,-0.008,0.0046,0.004,0.0
1931-04-07,-0.012199999999999999,0.0001,-0.010700000000000001,0.0
1931-04-08,0.0105,-0.0126,0.005699999999999999,0.0
1931-04-09,-0.0033,0.013000000000000001,-0.0138,0.0
1931-04-10,0.0016,-0.0003,0.0058,0.0
1931-04-11,0.0007000000000000001,-0.0005,0.0021,0.0
1931-04-13,0.011200000000000002,-0.0053,-0.005699999999999999,0.0
1931-04-14,-0.009899999999999999,0.0067,-0.0024,0.0
1931-04-15,-0.0184,0.0007000000000000001,-0.0066,0.0
1931-04-16,-0.0103,-0.0017000000000000001,-0.0023,0.0
1931-04-17,-0.015300000000000001,-0.0054,0.0074,0.0
1931-04-18,0.0073,-0.0051,-0.0001,0.0
1931-04-20,0.0033,0.0006,-0.0040999999999999995,0.0
1931-04-21,-0.0233,0.0079,-0.0040999999999999995,0.0
1931-04-22,-0.0194,-0.0029,0.0051,0.0
1931-04-23,0.0003,-0.0102,-0.0176,0.0
1931-04-24,-0.0018,0.0017000000000000001,-0.0039000000000000003,0.0
1931-04-25,-0.0181,0.0072,-0.013500000000000002,0.0
1931-04-27,-0.0144,-0.018500000000000003,-0.011200000000000002,0.0
1931-04-28,-0.0074,-0.0060999999999999995,-0.0003,0.0
1931-04-29,-0.0191,-0.0016,0.0023,0.0
1931-04-30,0.046,-0.0176,0.0204,0.0
1931-05-01,-0.022799999999999997,0.0321,-0.0118,0.0
1931-05-02,0.0078000000000000005,-0.013500000000000002,0.0013,0.0
1931-05-04,0.0173,-0.0055000000000000005,-0.0029,0.0
1931-05-05,-0.01,-0.0001,0.0049,0.0
1931-05-06,0.0046,0.0015,-0.0059,0.0
1931-05-07,-0.0024,-0.0003,-0.011200000000000002,0.0
1931-05-08,0.027200000000000002,-0.009000000000000001,0.0005,0.0
1931-05-09,-0.0118,0.0179,-0.0012,0.0
1931-05-11,-0.0007000000000000001,-0.0054,0.0046,0.0
1931-05-12,-0.0095,0.008100000000000001,-0.0014000000000000002,0.0
1931-05-13,-0.0031,0.0066,-0.0086,0.0
1931-05-14,-0.0219,0.0134,-0.0059,0.0
1931-05-15,-0.0113,-0.0038,-0.0088,0.0
1931-05-16,-0.0052,0.0077,-0.0024,0.0
1931-05-18,-0.0327,0.0202,-0.0187,0.0
1931-05-19,-0.0038,-0.0189,-0.0007000000000000001,0.0
1931-05-20,-0.0053,0.0032,0.009000000000000001,0.0
1931-05-21,0.0091,-0.022000000000000002,0.005,0.0
1931-05-22,0.0039000000000000003,-0.0031,0.0078000000000000005,0.0
1931-05-23,-0.0098,0.0138,0.0013,0.0
1931-05-25,-0.0288,0.0134,-0.0088,0.0
1931-05-26,-0.0022,-0.005600000000000001,-0.0060999999999999995,0.0
1931-05-27,-0.0137,0.0048,0.0003,0.0
1931-05-28,0.0058,-0.0066,-0.0123,0.0
1931-05-29,-0.020499999999999997,0.0097,0.0,0.0
1931-06-01,-0.0436,0.01,-0.009000000000000001,0.0
1931-06-02,-0.013600000000000001,-0.0086,-0.0022,0.0
1931-06-03,0.0632,-0.044800000000000006,0.0137,0.0
1931-06-04,0.0347,0.008,0.0319,0.0
1931-06-05,-0.0044,0.009899999999999999,0.008100000000000001,0.0
1931-06-06,-0.022400000000000003,0.0166,-0.0006,0.0
1931-06-08,0.0291,-0.0241,0.004699999999999999,0.0
1931-06-09,-0.0131,0.0106,0.0018,0.0
1931-06-10,0.021099999999999997,-0.0296,-0.0007000000000000001,0.0
1931-06-11,0.0048,-0.014499999999999999,0.024,0.0
1931-06-12,0.0037,-0.0022,0.014199999999999999,0.0
1931-06-13,-0.0014000000000000002,0.0088,0.0051,0.0
1931-06-15,-0.005699999999999999,0.011899999999999999,-0.0101,0.0
1931-06-16,0.0013,-0.004699999999999999,0.006,0.0
1931-06-17,-0.0091,0.0037,-0.0059,0.0
1931-06-18,-0.0166,0.0167,-0.0106,0.0
1931-06-19,-0.0029,0.0007000000000000001,0.0062,0.0
1931-06-20,0.0504,-0.0333,0.008100000000000001,0.0
1931-06-22,0.039599999999999996,-0.0083,0.0001,0.0
1931-06-23,-0.009300000000000001,0.0208,-0.0009,0.0
1931-06-24,0.041299999999999996,-0.009000000000000001,0.035,0.0
1931-06-25,-0.0051,0.0177,-0.0158,0.0
1931-06-26,0.0253,-0.018799999999999997,0.021,0.0
1931-06-27,0.009899999999999999,-0.0039000000000000003,-0.0007000000000000001,0.0
1931-06-29,-0.0222,0.0086,-0.009899999999999999,0.0
1931-06-30,-0.0163,0.0079,-0.006999999999999999,0.0
1931-07-01,0.011899999999999999,-0.0138,0.005,0.0
1931-07-02,-0.0058,0.0017000000000000001,-0.0021,0.0
1931-07-03,0.0196,-0.0024,0.0036,0.0
1931-07-06,-0.0096,0.0072,-0.0043,0.0
1931-07-07,-0.036699999999999997,0.0179,-0.0191,0.0
1931-07-08,-0.009000000000000001,-0.0003,-0.008100000000000001,0.0
1931-07-09,0.0086,-0.0075,0.004,0.0
1931-07-10,0.0103,-0.005600000000000001,0.0113,0.0
1931-07-11,-0.0151,0.016200000000000003,-0.008,0.0
1931-07-13,-0.0106,-0.005,-0.011399999999999999,0.0
1931-07-14,-0.006999999999999999,0.0046,-0.0073,0.0
1931-07-15,-0.021099999999999997,0.0031,-0.0169,0.0
1931-07-16,0.020099999999999996,-0.0040999999999999995,0.0091,0.0
1931-07-17,0.0104,-0.004699999999999999,0.0194,0.0
1931-07-18,0.0005,-0.0048,0.0002,0.0
1931-07-20,0.011699999999999999,-0.0088,0.0137,0.0
1931-07-21,0.0102,-0.0092,0.0177,0.0
1931-07-22,-0.0204,0.0159,-0.0088,0.0
1931-07-23,-0.0016,0.003,-0.0055000000000000005,0.0
1931-07-24,-0.017,0.0073,-0.0115,0.0
1931-07-25,-0.0039000000000000003,0.005600000000000001,0.005699999999999999,0.0
1931-07-27,0.0054,-0.008199999999999999,-0.0058,0.0
1931-07-28,0.0091,-0.0124,0.0124,0.0
1931-07-29,-0.0271,0.0189,-0.0103,0.0
1931-07-30,0.0051,-0.0046,0.0024,0.0
1931-07-31,-0.0036,0.0034999999999999996,-0.0055000000000000005,0.0
1931-08-01,0.0063,-0.0034000000000000002,0.0012,0.0
1931-08-03,0.0051,-0.0091,0.0014000000000000002,0.0
1931-08-04,-0.0067,0.0025,-0.0126,0.0
1931-08-05,-0.0143,0.0105,-0.0068000000000000005,0.0
1931-08-06,-0.0053,0.0003,-0.0070999999999999995,0.0
1931-08-07,0.0024,-0.0012,-0.0062,0.0
1931-08-08,0.0008,0.0049,-0.0016,0.0
1931-08-10,-0.004,-0.003,-0.0070999999999999995,0.0
1931-08-11,0.0304,-0.0138,-0.001,0.0
1931-08-12,-0.0118,0.01,0.008,0.0
1931-08-13,0.0137,-0.011899999999999999,0.0007000000000000001,0.0
1931-08-14,0.0181,-0.0106,0.0097,0.0
1931-08-15,0.009899999999999999,-0.0042,0.0058,0.0
1931-08-17,-0.0225,0.0138,-0.0033,0.0
1931-08-18,0.003,-0.0102,0.0158,0.0
1931-08-19,0.0027,-0.003,0.0139,0.0
1931-08-20,0.0019,0.0033,-0.0097,0.0
1931-08-21,-0.024900000000000002,0.013000000000000001,-0.0019,0.0
1931-08-22,-0.0012,-0.0026,-0.0031,0.0
1931-08-24,-0.0049,-0.0029,-0.0046,0.0
1931-08-25,-0.0031,0.0055000000000000005,-0.011699999999999999,0.0
1931-08-26,0.015,-0.015600000000000001,0.0098,0.0
1931-08-27,-0.0051,0.0046,-0.0021,0.0
1931-08-28,0.0077,-0.0049,0.0,0.0
1931-08-29,0.006500000000000001,-0.0052,0.0044,0.0
1931-08-31,-0.013500000000000002,0.0104,-0.008100000000000001,0.0
1931-09-01,0.0034000000000000002,0.0029,-0.0095,0.0
1931-09-02,-0.017,0.0105,-0.0149,0.0
1931-09-03,-0.0212,0.006999999999999999,-0.0166,0.0
1931-09-04,-0.005699999999999999,0.0046,-0.009399999999999999,0.0
1931-09-08,-0.0288,0.012,-0.019299999999999998,0.0
1931-09-09,-0.0079,-0.008,-0.0053,0.0
1931-09-10,-0.0104,-0.0016,0.0034999999999999996,0.0
1931-09-11,0.0051,-0.0106,-0.0058,0.0
1931-09-12,-0.0206,0.0223,0.0103,0.0
1931-09-14,-0.0258,-0.0014000000000000002,-0.0392,0.0
1931-09-15,-0.0129,-0.0069,-0.0007000000000000001,0.0
1931-09-16,-0.0097,0.0007000000000000001,0.0052,0.0
1931-09-17,0.013500000000000002,-0.0199,0.0012,0.0
1931-09-18,-0.044500000000000005,0.0291,-0.0202,0.0
1931-09-19,-0.0341,-0.0015,-0.016,0.0
1931-09-21,-0.015600000000000001,-0.0368,0.0116,0.0
1931-09-22,-0.0106,-0.0121,0.0033,0.0
1931-09-23,0.0645,-0.044000000000000004,0.0746,0.0
1931-09-24,-0.0677,0.0554,-0.0187,0.0
1931-09-25,0.016,-0.0401,-0.011000000000000001,0.0
1931-09-26,-0.011699999999999999,0.0353,0.005699999999999999,0.0
1931-09-28,-0.0209,-0.0076,-0.0069,0.0
1931-09-29,-0.0407,0.001,-0.0014000000000000002,0.0
1931-09-30,-0.0311,-0.0083,-0.010700000000000001,0.0
1931-10-01,-0.0178,-0.0229,-0.0101,0.0
1931-10-02,0.0139,0.0037,-0.0038,0.0
1931-10-03,-0.0285,0.0332,0.0031,0.0
1931-10-05,-0.0584,0.0139,-0.0352,0.0
1931-10-06,0.1115,-0.0608,0.013600000000000001,0.0
1931-10-07,-0.0088,0.0358,0.0146,0.0
1931-10-08,0.0791,-0.039900000000000005,0.0313,0.0
1931-10-09,-0.0005,0.0159,0.022099999999999998,0.0
1931-10-10,0.0072,0.0023,0.0009,0.0
1931-10-13,-0.048,0.0323,-0.0148,0.0
1931-10-14,-0.022000000000000002,0.004,-0.013999999999999999,0.0
1931-10-15,0.018600000000000002,-0.011000000000000001,0.0161,0.0
1931-10-16,0.0304,-0.0322,0.0027,0.0
1931-10-17,0.0007000000000000001,0.0066,0.0031,0.0
1931-10-19,0.0073,-0.0022,0.0044,0.0
1931-10-20,0.0425,-0.0187,0.014499999999999999,0.0
1931-10-21,-0.0088,0.0285,-0.0241,0.0
1931-10-22,-0.032400000000000005,0.0048,-0.0022,0.0
1931-10-23,0.030699999999999998,-0.0203,-0.0132,0.0
1931-10-24,0.0077,0.0070999999999999995,0.012,0.0
1931-10-26,-0.025699999999999997,0.0187,-0.0028000000000000004,0.0
1931-10-27,-0.0189,0.0095,-0.011899999999999999,0.0
1931-10-28,-0.026699999999999998,0.016399999999999998,0.0004,0.0
1931-10-29,0.002,-0.0087,0.0002,0.0
1931-10-30,0.0273,-0.024900000000000002,0.0165,0.0
1931-10-31,0.011200000000000002,-0.0064,0.0155,0.0
1931-11-02,-0.0021,0.0092,0.008199999999999999,0.0001
1931-11-04,0.026099999999999998,-0.0079,-0.0052,0.0001
1931-11-05,-0.0026,0.008,0.0012,0.0001
1931-11-06,0.0273,-0.0019,-0.0066,0.0001
1931-11-07,0.0248,-0.0077,0.0239,0.0001
1931-11-09,0.0124,-0.0003,0.0151,0.0001
1931-11-10,-0.019,0.0007000000000000001,-0.0048,0.0001
1931-11-11,-0.0131,0.0032,0.0064,0.0001
1931-11-12,-0.0026,0.012,-0.0024,0.0001
1931-11-13,-0.03,0.0219,-0.022400000000000003,0.0001
1931-11-14,-0.011899999999999999,0.0049,-0.0168,0.0001
1931-11-16,-0.0123,0.003,-0.0060999999999999995,0.0001
1931-11-17,0.012,-0.0088,-0.0105,0.0001
1931-11-18,-0.030299999999999997,0.0215,-0.0002,0.0001
1931-11-19,-0.0048,-0.0207,0.0051,0.0001
1931-11-20,-0.0297,0.016,-0.0134,0.0001
1931-11-21,-0.0055000000000000005,0.006999999999999999,0.008,0.0001
1931-11-23,-0.009399999999999999,0.0001,-0.008100000000000001,0.0001
1931-11-24,0.0155,-0.0127,0.0029,0.0001
1931-11-25,-0.0317,0.0181,-0.0085,0.0001
1931-11-27,-0.0248,0.0072,-0.0143,0.0001
1931-11-28,-0.013000000000000001,0.009000000000000001,-0.0036,0.0001
1931-11-30,0.0336,-0.0348,-0.0026,0.0001
1931-12-01,-0.009000000000000001,-0.0013,-0.0037,0.0
1931-12-02,-0.0311,0.0223,-0.0111,0.0
1931-12-03,0.0148,-0.030600000000000002,-0.0091,0.0
1931-12-04,-0.0197,0.0077,0.0003,0.0
1931-12-05,0.0304,-0.0265,0.0124,0.0
1931-12-07,-0.002,0.0066,-0.0176,0.0
1931-12-08,-0.029900000000000003,0.0176,-0.0021,0.0
1931-12-09,-0.026000000000000002,0.0027,-0.013000000000000001,0.0
1931-12-10,-0.0206,-0.0079,-0.0202,0.0
1931-12-11,-0.0275,0.011399999999999999,-0.003,0.0
1931-12-12,-0.0113,-0.0046,-0.0091,0.0
1931-12-14,-0.023,0.0049,-0.0208,0.0
1931-12-15,0.0096,-0.029900000000000003,-0.0103,0.0
1931-12-16,-0.021,0.0264,0.0011,0.0
1931-12-17,-0.0316,0.005699999999999999,-0.0394,0.0
1931-12-18,0.0793,-0.0626,0.0473,0.0
1931-12-19,0.0064,0.039900000000000005,0.0149,0.0
1931-12-21,-0.026099999999999998,-0.0028000000000000004,0.0207,0.0
1931-12-22,0.0138,-0.0159,-0.028999999999999998,0.0
1931-12-23,-0.0346,0.0285,-0.0216,0.0
1931-12-24,0.0002,0.0091,-0.0089,0.0
1931-12-28,-0.0265,-0.0076,-0.0154,0.0
1931-12-29,0.0213,-0.0229,-0.0015,0.0
1931-12-30,0.0165,-0.0194,-0.0022,0.0
1931-12-31,0.011000000000000001,0.0346,0.0394,0.0
1932-01-02,-0.0346,0.0374,0.0212,0.0001
1932-01-04,-0.0297,0.0109,-0.0076,0.0001
1932-01-05,-0.0031,-0.0104,0.0033,0.0001
1932-01-06,0.0636,-0.0434,0.0296,0.0001
1932-01-07,0.0202,-0.0083,0.0438,0.0001
1932-01-08,0.0374,-0.0225,0.0166,0.0001
1932-01-09,-0.015600000000000001,0.0278,0.002,0.0001
1932-01-11,0.0113,-0.0203,0.0291,0.0001
1932-01-12,-0.0086,0.003,-0.0031,0.0001
1932-01-13,0.0446,-0.0204,0.005699999999999999,0.0001
1932-01-14,0.011000000000000001,0.0070999999999999995,0.0019,0.0001
1932-01-15,-0.001,0.0079,-0.0063,0.0001
1932-01-16,-0.0158,0.0113,-0.0017000000000000001,0.0001
1932-01-18,-0.0236,0.0172,-0.0073,0.0001
1932-01-19,-0.0040999999999999995,-0.0039000000000000003,0.001,0.0001
1932-01-20,0.0167,-0.023399999999999997,0.0194,0.0001
1932-01-21,-0.0008,0.009000000000000001,-0.008,0.0001
1932-01-22,-0.037599999999999995,0.024900000000000002,-0.0009,0.0001
1932-01-23,-0.0078000000000000005,-0.005600000000000001,-0.0147,0.0001
1932-01-25,0.004,-0.0003,0.0060999999999999995,0.0001
1932-01-26,0.0091,-0.0011,-0.011899999999999999,0.0001
1932-01-27,-0.0166,-0.0069,-0.0032,0.0001
1932-01-28,-0.0125,0.0172,0.0040999999999999995,0.0001
1932-01-29,-0.0123,0.0095,-0.0116,0.0001
1932-01-30,-0.0032,0.0199,-0.009000000000000001,0.0001
1932-02-01,0.037200000000000004,-0.0431,0.0222,0.0001
1932-02-02,-0.0172,0.0196,-0.0101,0.0001
1932-02-03,0.0,-0.009899999999999999,-0.0043,0.0001
1932-02-04,-0.0073,0.013000000000000001,-0.0146,0.0001
1932-02-05,-0.026600000000000002,0.0197,-0.0023,0.0001
1932-02-06,-0.0085,0.0029,0.011000000000000001,0.0001
1932-02-08,-0.0092,0.011699999999999999,-0.0199,0.0001
1932-02-09,-0.012199999999999999,0.0029,0.008100000000000001,0.0001
1932-02-10,-0.003,-0.0049,0.0085,0.0001
1932-02-11,0.0736,-0.053899999999999997,0.0104,0.0001
1932-02-13,0.0823,-0.0453,0.0034999999999999996,0.0001
1932-02-15,-0.0278,0.0241,0.0072,0.0001
1932-02-16,0.0383,-0.026600000000000002,-0.006,0.0001
1932-02-17,-0.0345,0.0395,-0.0055000000000000005,0.0001
1932-02-18,0.0229,-0.0213,-0.0116,0.0001
1932-02-19,0.0016,0.0068000000000000005,0.004,0.0001
1932-02-20,-0.022000000000000002,0.013999999999999999,-0.0077,0.0001
1932-02-23,-0.0318,0.011200000000000002,0.0008,0.0001
1932-02-24,0.0202,-0.0143,-0.004,0.0001
1932-02-25,-0.0068000000000000005,0.0101,-0.0088,0.0001
1932-02-26,-0.0004,-0.0029,0.0017000000000000001,0.0001
1932-02-27,-0.0029,0.0042,0.005600000000000001,0.0001
1932-02-29,-0.0026,0.0079,-0.0007000000000000001,0.0001
1932-03-01,0.0039000000000000003,-0.0109,0.0038,0.0001
1932-03-02,0.0391,-0.026000000000000002,0.0019,0.0001
1932-03-03,-0.0019,0.0106,-0.0007000000000000001,0.0001
1932-03-04,0.0011,-0.0017000000000000001,-0.0014000000000000002,0.0001
1932-03-05,0.024900000000000002,-0.0053,0.0068000000000000005,0.0001
1932-03-07,-0.0126,0.0045000000000000005,0.014199999999999999,0.0001
1932-03-08,0.015700000000000002,-0.011699999999999999,0.0073,0.0001
1932-03-09,-0.014499999999999999,0.0089,-0.0013,0.0001
1932-03-10,-0.008,0.0037,-0.0109,0.0001
1932-03-11,-0.022099999999999998,0.0105,0.0,0.0001
1932-03-12,0.0070999999999999995,-0.001,0.0022,0.0001
1932-03-14,-0.0315,0.0204,-0.0079,0.0001
1932-03-15,-0.0033,0.0073,-0.0098,0.0001
1932-03-16,-0.02,0.0086,-0.012,0.0001
1932-03-17,0.0183,-0.032400000000000005,0.0060999999999999995,0.0001
1932-03-18,-0.0246,0.0218,0.0103,0.0001
1932-03-19,-0.0069,0.0023,-0.0103,0.0001
1932-03-21,0.0128,-0.0151,-0.008199999999999999,0.0001
1932-03-22,-0.0064,0.006,-0.0014000000000000002,0.0001
1932-03-23,-0.0144,0.0052,0.0032,0.0001
1932-03-24,-0.009399999999999999,0.0028000000000000004,0.0059,0.0001
1932-03-26,-0.026699999999999998,0.019299999999999998,-0.005699999999999999,0.0001
1932-03-28,-0.008,-0.0007000000000000001,-0.008100000000000001,0.0001
1932-03-29,0.0034000000000000002,-0.0111,0.0023,0.0001
1932-03-30,0.0165,-0.0263,0.0105,0.0001
1932-03-31,-0.0475,0.0296,-0.0191,0.0001
1932-04-01,-0.014199999999999999,0.013000000000000001,-0.0197,0.0
1932-04-02,-0.0108,0.0070999999999999995,-0.0054,0.0
1932-04-04,-0.0088,-0.009000000000000001,-0.0215,0.0
1932-04-05,-0.0369,0.024900000000000002,-0.016,0.0
1932-04-06,-0.023700000000000002,-0.0024,0.001,0.0
1932-04-07,-0.0079,-0.0027,0.0062,0.0
1932-04-08,-0.0393,0.009899999999999999,-0.0006,0.0
1932-04-09,0.0182,-0.0124,0.0067,0.0
1932-04-11,-0.0325,0.0053,0.0174,0.0
1932-04-12,-0.0036,-0.0085,-0.0113,0.0
1932-04-13,-0.0123,0.0084,0.0046,0.0
1932-04-14,0.0322,-0.044500000000000005,0.0167,0.0
1932-04-15,0.0282,-0.009899999999999999,0.0166,0.0
1932-04-16,-0.010700000000000001,0.0271,0.0018,0.0
1932-04-18,-0.0278,0.0046,0.0086,0.0
1932-04-19,-0.0126,0.0029,-0.0046,0.0
1932-04-20,-0.0025,-0.0216,0.0131,0.0
1932-04-21,0.0296,-0.011200000000000002,-0.0017000000000000001,0.0
1932-04-22,-0.0377,0.0407,-0.0096,0.0
1932-04-23,0.009000000000000001,-0.022099999999999998,0.0161,0.0
1932-04-25,0.0012,-0.0053,0.0038,0.0
1932-04-26,0.0134,-0.0089,0.012,0.0
1932-04-27,0.0215,-0.0091,0.0032,0.0
1932-04-28,-0.0341,0.0278,-0.0216,0.0
1932-04-29,-0.0296,0.0089,0.0085,0.0
1932-04-30,0.0006,-0.0029,-0.0039000000000000003,0.0
1932-05-02,-0.0131,0.0043,-0.0132,0.0
1932-05-03,-0.012199999999999999,0.0088,-0.0098,0.0
1932-05-04,0.0075,-0.018500000000000003,0.0001,0.0
1932-05-05,-0.0070999999999999995,0.0040999999999999995,0.0187,0.0
1932-05-06,0.0616,-0.047,0.0036,0.0
1932-05-07,-0.0096,0.022400000000000003,0.0124,0.0
1932-05-09,-0.011399999999999999,0.0072,-0.0019,0.0
1932-05-10,0.0098,-0.016200000000000003,-0.0053,0.0
1932-05-11,-0.0015,0.009000000000000001,0.0049,0.0
1932-05-12,-0.0291,0.023399999999999997,-0.0166,0.0
1932-05-13,-0.0305,0.0103,0.0077,0.0
1932-05-14,-0.013500000000000002,0.019,-0.0146,0.0
1932-05-16,0.016399999999999998,-0.0265,-0.0029,0.0
1932-05-17,0.0001,0.0055000000000000005,-0.0042,0.0
1932-05-18,-0.019,0.011000000000000001,0.0075,0.0
1932-05-19,0.0012,-0.0161,-0.001,0.0
1932-05-20,0.0001,0.008100000000000001,-0.0006,0.0
1932-05-21,0.0008,-0.013300000000000001,-0.0088,0.0
1932-05-23,-0.0075,0.0068000000000000005,-0.001,0.0
1932-05-24,-0.0345,0.015300000000000001,-0.0070999999999999995,0.0
1932-05-25,-0.0298,-0.0095,-0.0256,0.0
1932-05-26,0.0072,-0.0305,-0.0001,0.0
1932-05-27,-0.04190000000000001,0.037599999999999995,-0.0062,0.0
1932-05-28,0.002,-0.0131,0.011000000000000001,0.0
1932-05-31,-0.0682,0.0447,0.0031,0.0
1932-06-01,-0.0118,-0.011399999999999999,0.018600000000000002,0.0
1932-06-02,0.0415,-0.0368,-0.0029,0.0
1932-06-03,0.0414,-0.0203,0.019799999999999998,0.0
1932-06-04,0.064,-0.0398,0.0109,0.0
1932-06-06,-0.021400000000000002,0.0147,0.0086,0.0
1932-06-07,-0.0366,0.0426,-0.0087,0.0
1932-06-08,-0.04769999999999999,0.0313,0.0084,0.0
1932-06-09,-0.0034000000000000002,-0.0083,-0.026699999999999998,0.0
1932-06-10,0.0613,-0.0567,0.021099999999999997,0.0
1932-06-11,-0.005,0.0341,-0.011899999999999999,0.0
1932-06-13,-0.0089,0.001,0.0046,0.0
1932-06-14,0.0196,-0.0174,0.011699999999999999,0.0
1932-06-15,0.0342,-0.0235,-0.0029,0.0
1932-06-16,0.0027,0.0027,0.0373,0.0
1932-06-17,-0.046799999999999994,0.0291,0.0005,0.0
1932-06-18,0.0021,0.006999999999999999,-0.0068000000000000005,0.0
1932-06-20,0.0037,-0.0102,-0.0046,0.0
1932-06-21,-0.0207,0.0101,-0.0067,0.0
1932-06-22,-0.0027,0.0075,-0.008,0.0
1932-06-23,0.009399999999999999,0.0018,0.0076,0.0
1932-06-24,-0.0355,0.035,-0.0115,0.0
1932-06-25,-0.0025,0.0062,-0.0074,0.0
1932-06-27,-0.028900000000000002,0.0109,0.0161,0.0
1932-06-28,0.0019,-0.0027,-0.013500000000000002,0.0
1932-06-29,0.0067,0.0025,-0.0111,0.0
1932-06-30,-0.013600000000000001,-0.014499999999999999,0.0161,0.0
1932-07-01,0.0265,-0.0026,-0.0001,0.0
1932-07-05,-0.009899999999999999,0.0042,0.0222,0.0
1932-07-06,0.0187,-0.009399999999999999,-0.0155,0.0
1932-07-07,-0.029300000000000003,0.028300000000000002,0.0212,0.0
1932-07-08,-0.0124,0.0092,0.0029,0.0
1932-07-09,0.0076,-0.0032,-0.0002,0.0
1932-07-11,0.025699999999999997,-0.021099999999999997,0.0223,0.0
1932-07-12,0.0027,-0.0108,0.004,0.0
1932-07-13,0.0415,-0.0128,0.011699999999999999,0.0
1932-07-14,-0.0183,0.015300000000000001,0.0008,0.0
1932-07-15,0.0424,-0.031,0.025,0.0
1932-07-16,0.0013,0.013999999999999999,0.0067,0.0
1932-07-18,-0.0258,0.023799999999999998,-0.0096,0.0
1932-07-19,-0.0042,-0.0003,-0.0097,0.0
1932-07-20,0.0297,-0.0218,0.027200000000000002,0.0
1932-07-21,0.0246,-0.02,0.0429,0.0
1932-07-22,0.028399999999999998,-0.009399999999999999,0.0275,0.0
1932-07-23,0.002,0.0175,-0.0070999999999999995,0.0
1932-07-25,0.043899999999999995,-0.0292,0.0574,0.0
1932-07-26,-0.009300000000000001,0.018799999999999997,0.0123,0.0
1932-07-27,0.0435,-0.0236,0.0072,0.0
1932-07-28,0.0335,0.026600000000000002,-0.0095,0.0
1932-07-29,0.0273,-0.014499999999999999,0.0137,0.0
1932-07-30,0.0073,0.0195,-0.0043,0.0
1932-08-01,-0.0034999999999999996,0.0174,0.0006,0.0
1932-08-02,-0.0254,0.0222,-0.017,0.0
1932-08-03,0.0787,-0.0622,0.0184,0.0
1932-08-04,0.0177,0.011899999999999999,-0.0052,0.0
1932-08-05,0.0369,-0.0254,0.0073,0.0
1932-08-06,0.0594,-0.0359,0.031400000000000004,0.0
1932-08-08,0.029500000000000002,0.0274,0.0276,0.0
1932-08-09,0.0006,0.0179,0.0169,0.0
1932-08-10,0.0407,0.0046,0.0421,0.0
1932-08-11,-0.0137,0.0262,-0.004,0.0
1932-08-12,-0.0629,0.0327,0.0026,0.0
1932-08-13,-0.0106,-0.011899999999999999,-0.022000000000000002,0.0
1932-08-15,0.0583,-0.0271,0.0297,0.0
1932-08-16,0.0332,-0.0022,0.024700000000000003,0.0
1932-08-17,-0.020099999999999996,0.0072,-0.0364,0.0
1932-08-18,0.009899999999999999,-0.0184,0.011899999999999999,0.0
1932-08-19,-0.009399999999999999,0.016,0.013300000000000001,0.0
1932-08-20,0.0025,0.015600000000000001,-0.0101,0.0
1932-08-22,0.056600000000000004,-0.0108,0.0368,0.0
1932-08-23,0.0206,0.0096,0.0079,0.0
1932-08-24,0.0229,-0.0028000000000000004,0.024399999999999998,0.0
1932-08-25,-0.0042,0.0321,0.0227,0.0
1932-08-26,0.0128,-0.0001,0.0027,0.0
1932-08-27,0.0187,0.016,0.0167,0.0
1932-08-29,0.0032,0.015300000000000001,0.003,0.0
1932-08-30,-0.013500000000000002,0.0248,0.001,0.0
1932-08-31,-0.009000000000000001,-0.021,-0.009000000000000001,0.0
1932-09-01,0.0039000000000000003,0.0113,0.0074,0.0
1932-09-02,0.0454,0.0006,0.0034000000000000002,0.0
1932-09-03,0.0232,-0.0015,0.0012,0.0
1932-09-06,-0.0208,0.0129,0.0002,0.0
1932-09-07,0.0395,-0.0192,0.0046,0.0
1932-09-08,-0.0287,0.0363,-0.0086,0.0
1932-09-09,-0.0215,-0.0046,-0.0177,0.0
1932-09-10,0.0008,-0.0194,0.0040999999999999995,0.0
1932-09-12,-0.0638,0.0078000000000000005,-0.0378,0.0
1932-09-13,-0.041100000000000005,-0.011699999999999999,-0.046799999999999994,0.0
1932-09-14,-0.0512,0.027200000000000002,-0.026600000000000002,0.0
1932-09-15,0.04,-0.045599999999999995,0.014199999999999999,0.0
1932-09-16,-0.0069,0.0239,0.019,0.0
1932-09-17,-0.0089,-0.0026,-0.0038,0.0
1932-09-19,-0.015700000000000002,0.0040999999999999995,-0.0042,0.0
1932-09-20,0.028900000000000002,-0.024900000000000002,0.0018,0.0
1932-09-21,0.1094,-0.0158,0.056799999999999996,0.0
1932-09-22,-0.025099999999999997,0.025699999999999997,-0.008199999999999999,0.0
1932-09-23,0.0134,-0.015600000000000001,-0.0046,0.0
1932-09-24,0.0132,0.0013,0.0007000000000000001,0.0
1932-09-26,-0.0493,0.0197,-0.0147,0.0
1932-09-27,0.0072,-0.0109,0.0074,0.0
1932-09-28,0.0235,-0.0194,-0.0015,0.0
1932-09-29,-0.026600000000000002,0.0134,-0.0158,0.0
1932-09-30,-0.002,-0.025699999999999997,0.0105,0.0
1932-10-01,0.006999999999999999,0.0022,0.0053,0.0
1932-10-03,-0.0134,0.0012,-0.0191,0.0
1932-10-04,0.001,-0.0034000000000000002,-0.0089,0.0
1932-10-05,-0.073,0.025,-0.0252,0.0
1932-10-06,0.0004,-0.0209,-0.016200000000000003,0.0
1932-10-07,-0.050300000000000004,0.0127,-0.0404,0.0
1932-10-08,-0.029500000000000002,0.0126,-0.0337,0.0
1932-10-10,-0.054900000000000004,0.0161,-0.0365,0.0
1932-10-11,0.06849999999999999,-0.040999999999999995,0.0325,0.0
1932-10-13,-0.024900000000000002,0.0163,0.0048,0.0
1932-10-14,0.0645,-0.0358,0.0323,0.0
1932-10-15,0.0076,0.0097,0.009399999999999999,0.0
1932-10-17,-0.0252,0.0026,-0.0077,0.0
1932-10-18,0.015700000000000002,-0.0159,0.0005,0.0
1932-10-19,0.0356,-0.023799999999999998,0.0049,0.0
1932-10-20,-0.0175,0.009899999999999999,0.009000000000000001,0.0
1932-10-21,-0.0546,0.025,-0.026000000000000002,0.0
1932-10-22,-0.0013,-0.0034999999999999996,0.0138,0.0
1932-10-24,0.0043,-0.0123,-0.0176,0.0
1932-10-25,-0.0085,-0.0016,0.0009,0.0
1932-10-26,0.0138,-0.023700000000000002,0.0171,0.0
1932-10-27,0.0098,0.0004,0.0005,0.0
1932-10-28,0.0161,-0.0108,0.0129,0.0
1932-10-29,-0.0113,0.021400000000000002,-0.0265,0.0
1932-10-31,-0.0070999999999999995,-0.006500000000000001,0.0034999999999999996,0.0
1932-11-01,-0.0359,0.018600000000000002,-0.0165,0.0
1932-11-02,-0.0318,0.0066,-0.0176,0.0
1932-11-03,-0.0063,-0.008100000000000001,-0.028999999999999998,0.0
1932-11-04,0.0541,-0.0233,0.0040999999999999995,0.0
1932-11-05,0.011699999999999999,0.0037,0.013300000000000001,0.0
1932-11-07,0.0353,-0.005699999999999999,0.016,0.0
1932-11-09,-0.0374,0.0352,-0.019299999999999998,0.0
1932-11-10,0.0644,-0.0466,0.0253,0.0
1932-11-11,0.0368,-0.0009,0.009899999999999999,0.0
1932-11-12,0.0004,0.0209,-0.0019,0.0
1932-11-14,-0.0282,0.0054,-0.011399999999999999,0.0
1932-11-15,-0.0016,-0.020499999999999997,-0.0059,0.0
1932-11-16,-0.0286,0.0315,-0.023,0.0
1932-11-17,-0.0074,-0.0005,-0.0241,0.0
1932-11-18,-0.001,0.0012,0.0034999999999999996,0.0
1932-11-19,0.0143,-0.0097,-0.0018,0.0
1932-11-21,-0.0054,-0.0034999999999999996,-0.0016,0.0
1932-11-22,-0.0033,0.0012,-0.0064,0.0
1932-11-23,-0.04019999999999999,0.0113,-0.013600000000000001,0.0
1932-11-25,-0.012,-0.0058,0.0013,0.0
1932-11-26,0.004699999999999999,0.0003,0.013300000000000001,0.0
1932-11-28,-0.0037,-0.0037,-0.0131,0.0
1932-11-29,-0.0037,0.0014000000000000002,-0.012199999999999999,0.0
1932-11-30,-0.026699999999999998,0.0039000000000000003,-0.024399999999999998,0.0
1932-12-01,0.0235,-0.013000000000000001,0.0046,0.0
1932-12-02,-0.0316,0.0177,-0.0175,0.0
1932-12-03,-0.0028000000000000004,-0.0077,-0.0199,0.0
1932-12-05,0.009300000000000001,-0.0055000000000000005,-0.0027,0.0
1932-12-06,0.0438,-0.046900000000000004,0.0137,0.0
1932-12-07,0.005,0.0053,0.0072,0.0
1932-12-08,-0.0006,0.0022,-0.0089,0.0
1932-12-09,0.022400000000000003,-0.0172,0.0017000000000000001,0.0
1932-12-10,-0.0055000000000000005,-0.0021,-0.0007000000000000001,0.0
1932-12-12,0.0053,-0.0118,0.0196,0.0
1932-12-13,-0.0128,0.006999999999999999,-0.0262,0.0
1932-12-14,0.0173,-0.023799999999999998,0.0068000000000000005,0.0
1932-12-15,-0.0058,0.0177,-0.0287,0.0
1932-12-16,-0.006500000000000001,0.0026,-0.0126,0.0
1932-12-17,-0.0004,0.0013,-0.001,0.0
1932-12-19,-0.0032,-0.010700000000000001,-0.0151,0.0
1932-12-20,-0.02,0.0004,-0.009899999999999999,0.0
1932-12-21,-0.004,-0.0068000000000000005,-0.011200000000000002,0.0
1932-12-22,-0.0337,0.021099999999999997,-0.0254,0.0
1932-12-23,-0.0018,-0.015600000000000001,-0.0044,0.0
1932-12-24,0.0128,0.0023,0.0139,0.0
1932-12-27,-0.006500000000000001,-0.0154,-0.011699999999999999,0.0
1932-12-28,0.0006,-0.0008,-0.006,0.0
1932-12-29,0.0152,-0.022799999999999997,-0.0077,0.0
1932-12-30,0.027200000000000002,-0.0011,0.0699,0.0
1932-12-31,-0.0004,0.0366,0.0055000000000000005,0.0
1933-01-03,-0.0072,0.018000000000000002,-0.0115,0.0
1933-01-04,0.0434,-0.020499999999999997,0.0378,0.0
1933-01-05,-0.0028000000000000004,0.0255,0.008,0.0
1933-01-06,0.014199999999999999,-0.0095,0.0248,0.0
1933-01-09,-0.0105,0.0067,-0.0053,0.0
1933-01-10,0.025699999999999997,-0.0175,0.0255,0.0
1933-01-11,-0.0022,0.013999999999999999,0.0101,0.0
1933-01-12,-0.0102,0.001,-0.004699999999999999,0.0
1933-01-13,-0.0016,-0.0078000000000000005,-0.023,0.0
1933-01-14,-0.0023,-0.0022,0.0021,0.0
1933-01-16,-0.022400000000000003,0.0204,-0.0123,0.0
1933-01-17,0.0016,-0.0126,-0.005600000000000001,0.0
1933-01-18,-0.0167,0.0146,-0.0022,0.0
1933-01-19,0.0053,-0.0126,0.0053,0.0
1933-01-20,0.012199999999999999,-0.0103,0.0052,0.0
1933-01-21,0.0045000000000000005,-0.0059,0.0084,0.0
1933-01-23,-0.0088,0.0077,-0.0126,0.0
1933-01-24,-0.0043,0.009899999999999999,-0.0021,0.0
1933-01-25,0.0144,-0.0219,0.0096,0.0
1933-01-26,-0.0052,0.0111,-0.0088,0.0
1933-01-27,-0.0018,-0.0102,0.0118,0.0
1933-01-28,-0.008100000000000001,0.0165,-0.01,0.0
1933-01-30,-0.0006,-0.0152,0.0105,0.0
1933-01-31,-0.0021,0.0060999999999999995,0.0053,0.0
1933-02-01,-0.028900000000000002,0.011399999999999999,0.0019,0.0
1933-02-02,-0.0172,-0.0092,-0.0038,0.0
1933-02-03,-0.0006,0.002,0.011699999999999999,0.0
1933-02-04,-0.0097,0.005600000000000001,-0.0052,0.0
1933-02-06,0.0005,-0.0068000000000000005,0.0060999999999999995,0.0
1933-02-07,0.009399999999999999,-0.0051,-0.0014000000000000002,0.0
1933-02-08,0.010700000000000001,-0.0046,0.0007000000000000001,0.0
1933-02-09,0.0191,-0.0040999999999999995,0.0219,0.0
1933-02-10,-0.0102,0.0045000000000000005,-0.0014000000000000002,0.0
1933-02-11,0.0034000000000000002,-0.0109,0.0101,0.0
1933-02-14,-0.0467,-0.0025,-0.022400000000000003,0.0
1933-02-15,-0.001,0.004699999999999999,-0.0016,0.0
1933-02-16,-0.02,0.0036,-0.0064,0.0
1933-02-17,0.0159,-0.021,0.0141,0.0
1933-02-18,-0.0032,0.0232,-0.0042,0.0
1933-02-20,-0.027000000000000003,0.008199999999999999,-0.0105,0.0
1933-02-21,-0.0062,0.0055000000000000005,-0.0129,0.0
1933-02-23,-0.04,0.0101,-0.014499999999999999,0.0
1933-02-24,0.0297,-0.0317,0.0045000000000000005,0.0
1933-02-25,-0.0467,0.0275,-0.019799999999999998,0.0
1933-02-27,-0.0131,-0.0254,-0.0026,0.0
1933-02-28,0.0216,-0.019799999999999998,0.0053,0.0
1933-03-01,0.015700000000000002,-0.0053,0.0172,0.0
1933-03-02,-0.0179,0.01,-0.0115,0.0
1933-03-03,0.030600000000000002,-0.0168,0.021099999999999997,0.0
1933-03-15,0.1567,0.0101,0.0882,0.0
1933-03-16,0.0147,0.0355,0.030899999999999997,0.0
1933-03-17,-0.0347,-0.0001,-0.0087,0.0
1933-03-18,-0.0026,-0.0006,-0.006999999999999999,0.0
1933-03-20,-0.013600000000000001,-0.0013,0.011399999999999999,0.0
1933-03-21,-0.0437,0.019299999999999998,-0.0438,0.0
1933-03-22,-0.012,-0.0106,0.002,0.0
1933-03-23,0.0168,-0.0175,0.0321,0.0
1933-03-24,-0.0038,0.0049,-0.0079,0.0
1933-03-25,-0.005600000000000001,-0.0002,-0.0059,0.0
1933-03-27,-0.020099999999999996,-0.0018,0.0028000000000000004,0.0
1933-03-28,0.0147,-0.0231,0.0024,0.0
1933-03-29,-0.0184,0.0175,-0.0079,0.0
1933-03-30,-0.0048,-0.0089,-0.0161,0.0
1933-03-31,-0.0271,0.0232,-0.013500000000000002,0.0
1933-04-01,0.005,-0.0067,-0.0023,0.0
1933-04-03,-0.001,-0.0078000000000000005,-0.0055000000000000005,0.0
1933-04-04,0.0034000000000000002,-0.0004,0.0002,0.0
1933-04-05,0.0098,0.0264,-0.028900000000000002,0.0
1933-04-06,0.0184,-0.0148,0.0354,0.0
1933-04-07,0.008199999999999999,0.0025,0.0027,0.0
1933-04-08,0.013300000000000001,-0.0161,0.023399999999999997,0.0
1933-04-10,0.049800000000000004,-0.0026,0.0007000000000000001,0.0
1933-04-11,-0.0074,0.016399999999999998,-0.0044,0.0
1933-04-12,-0.0152,-0.0029,-0.0202,0.0
1933-04-13,0.0356,-0.0143,0.0060999999999999995,0.0
1933-04-15,-0.0026,0.022400000000000003,0.0059,0.0
1933-04-17,-0.020099999999999996,0.015300000000000001,-0.019,0.0
1933-04-18,0.0191,0.001,0.0252,0.0
1933-04-19,0.0699,-0.0171,0.0684,0.0
1933-04-20,0.0818,-0.0034000000000000002,0.0146,0.0
1933-04-21,-0.0351,0.006999999999999999,0.0341,0.0
1933-04-22,0.0363,-0.0334,0.0151,0.0
1933-04-24,0.0239,0.0311,0.0013,0.0
1933-04-25,-0.0225,0.0226,-0.0329,0.0
1933-04-26,0.005,-0.005,0.029500000000000002,0.0
1933-04-27,-0.008,0.0060999999999999995,-0.0105,0.0
1933-04-28,0.012199999999999999,-0.0104,-0.0192,0.0
1933-04-29,0.0599,0.0027,0.03,0.0
1933-05-01,0.0141,0.018799999999999997,0.0046,0.0
1933-05-02,0.0006,0.0104,0.013000000000000001,0.0
1933-05-03,-0.0022,0.0179,0.0,0.0
1933-05-04,0.0308,-0.003,0.030699999999999998,0.0
1933-05-05,0.010700000000000001,0.029900000000000003,-0.0173,0.0
1933-05-06,-0.0279,0.0087,-0.009899999999999999,0.0
1933-05-08,-0.0148,0.0070999999999999995,-0.008199999999999999,0.0
1933-05-09,0.0060999999999999995,0.0034999999999999996,-0.0363,0.0
1933-05-10,0.0484,-0.0013,0.0253,0.0
1933-05-11,0.0316,0.0152,0.019299999999999998,0.0
1933-05-12,0.0021,-0.0051,0.0216,0.0
1933-05-13,-0.0179,0.0167,0.0032,0.0
1933-05-15,-0.0101,0.0269,-0.0103,0.0
1933-05-16,0.019299999999999998,0.0323,-0.0192,0.0
1933-05-17,0.0141,0.0179,0.0143,0.0
1933-05-18,-0.0038,0.0127,0.0147,0.0
1933-05-19,-0.0054,0.0053,0.0248,0.0
1933-05-20,-0.017,-0.0037,-0.008,0.0
1933-05-22,-0.0021,-0.0070999999999999995,-0.011000000000000001,0.0
1933-05-23,0.035699999999999996,0.016399999999999998,0.0044,0.0
1933-05-24,0.0209,0.0137,0.0036,0.0
1933-05-25,-0.0055000000000000005,0.0105,-0.0109,0.0
1933-05-26,0.0288,0.0118,-0.0038,0.0
1933-05-27,0.0364,-0.0040999999999999995,0.022099999999999998,0.0
1933-05-29,0.0169,0.0051,0.0345,0.0
1933-05-31,-0.009899999999999999,-0.0005,0.0364,0.0
1933-06-01,0.0134,0.0138,0.0173,0.0
1933-06-02,0.038599999999999995,0.008100000000000001,0.004,0.0
1933-06-03,-0.024900000000000002,0.018500000000000003,-0.0127,0.0
1933-06-05,0.021,0.0060999999999999995,0.0055000000000000005,0.0
1933-06-06,-0.003,0.009000000000000001,-0.0077,0.0
1933-06-07,0.016200000000000003,0.0129,0.0097,0.0
1933-06-08,0.0042,0.0070999999999999995,-0.0106,0.0
1933-06-09,0.0104,-0.0137,0.0003,0.0
1933-06-10,0.0075,0.0022,-0.0121,0.0
1933-06-12,0.0349,-0.023700000000000002,0.0361,0.0
1933-06-13,-0.0248,0.012,-0.0149,0.0
1933-06-14,-0.0148,-0.0191,-0.0189,0.0
1933-06-15,-0.063,0.005699999999999999,-0.0212,0.0
1933-06-16,0.002,-0.038900000000000004,-0.0101,0.0
1933-06-17,0.0165,0.018500000000000003,0.0366,0.0
1933-06-19,0.0727,0.023399999999999997,0.051,0.0
1933-06-20,-0.013600000000000001,0.0104,-0.0139,0.0
1933-06-21,0.0085,-0.0038,0.0060999999999999995,0.0
1933-06-22,-0.0351,-0.0024,-0.0184,0.0
1933-06-23,0.029300000000000003,0.004,-0.0146,0.0
1933-06-24,0.0046,0.012199999999999999,-0.0025,0.0
1933-06-26,0.026099999999999998,-0.004,0.0174,0.0
1933-06-27,0.01,0.0083,-0.009000000000000001,0.0
1933-06-28,-0.011200000000000002,0.0131,-0.034300000000000004,0.0
1933-06-29,-0.009399999999999999,0.0027,-0.0013,0.0
1933-06-30,0.0161,-0.0064,0.0191,0.0
1933-07-01,0.0242,0.0028000000000000004,0.0264,0.0
1933-07-03,0.0354,-0.0171,0.0342,0.0
1933-07-05,-0.0049,-0.0078000000000000005,0.0177,0.0
1933-07-06,0.0255,-0.0001,0.030699999999999998,0.0
1933-07-07,0.005,-0.0055000000000000005,0.0146,0.0
1933-07-08,-0.0016,0.0116,-0.004699999999999999,0.0
1933-07-10,-0.0077,0.0015,-0.002,0.0
1933-07-11,-0.0102,0.015700000000000002,-0.01,0.0
1933-07-12,0.011899999999999999,-0.0104,0.0089,0.0
1933-07-13,0.0137,0.0051,0.0028000000000000004,0.0
1933-07-14,-0.0121,0.008100000000000001,-0.0058,0.0
1933-07-15,0.0059,-0.0063,0.0011,0.0
1933-07-17,0.0195,0.0134,0.005,0.0
1933-07-18,0.004,0.0036,0.0069,0.0
1933-07-19,-0.0478,-0.0054,-0.0131,0.0
1933-07-20,-0.0849,0.0060999999999999995,-0.0329,0.0
1933-07-21,-0.0915,-0.031200000000000002,-0.046,0.0
1933-07-22,0.0015,-0.0337,-0.015600000000000001,0.0
1933-07-24,0.0788,0.0118,0.0596,0.0
1933-07-25,-0.0134,0.0332,0.008100000000000001,0.0
1933-07-26,0.022799999999999997,-0.0062,0.0025,0.0
1933-07-27,0.008100000000000001,0.0018,0.0139,0.0
1933-07-28,-0.020499999999999997,0.014499999999999999,-0.0074,0.0
1933-07-31,-0.0471,-0.012199999999999999,-0.0347,0.0
1933-08-01,0.0288,-0.011000000000000001,0.0248,0.0
1933-08-02,0.023399999999999997,-0.0022,0.0109,0.0
1933-08-03,-0.0086,0.015,-0.0096,0.0
1933-08-04,-0.0182,0.005699999999999999,-0.0053,0.0
1933-08-07,-0.0077,-0.0075,-0.0105,0.0
1933-08-08,0.0291,-0.0181,0.0072,0.0
1933-08-09,0.039599999999999996,-0.0007000000000000001,0.0219,0.0
1933-08-10,-0.011899999999999999,0.011699999999999999,-0.006999999999999999,0.0
1933-08-11,-0.0024,-0.0067,-0.0026,0.0
1933-08-14,-0.0121,-0.0005,-0.0113,0.0
1933-08-15,0.0004,0.0064,0.0003,0.0
1933-08-16,-0.0255,-0.0026,-0.0154,0.0
1933-08-17,0.053399999999999996,-0.0192,0.017,0.0
1933-08-18,-0.0146,0.016399999999999998,-0.011899999999999999,0.0
1933-08-21,0.0184,-0.0075,0.0125,0.0
1933-08-22,0.0141,-0.0089,0.005699999999999999,0.0
1933-08-23,-0.0102,0.0079,-0.0001,0.0
1933-08-24,0.0063,-0.0155,0.0032,0.0
1933-08-25,0.0344,-0.0166,0.0217,0.0
1933-08-28,-0.0016,0.0058,-0.005699999999999999,0.0
1933-08-29,-0.0077,-0.0091,-0.003,0.0
1933-08-30,-0.0084,0.0038,0.0007000000000000001,0.0
1933-08-31,-0.0002,0.0051,-0.0115,0.0
1933-09-01,0.0128,-0.0038,-0.0014000000000000002,0.0
1933-09-05,-0.0311,0.015300000000000001,-0.0106,0.0
1933-09-06,-0.0015,-0.0074,-0.0194,0.0
1933-09-07,-0.0109,0.0092,-0.0009,0.0
1933-09-08,-0.0003,-0.0095,-0.004699999999999999,0.0
1933-09-09,-0.0006,0.0058,-0.0049,0.0
1933-09-11,0.0398,-0.0177,0.0219,0.0
1933-09-12,-0.0039000000000000003,0.0116,-0.0062,0.0
1933-09-13,0.0040999999999999995,-0.0026,0.002,0.0
1933-09-14,0.0040999999999999995,0.001,0.0037,0.0
1933-09-15,-0.0268,0.0113,-0.0236,0.0
1933-09-16,0.024300000000000002,-0.0172,0.0167,0.0
1933-09-18,-0.0089,0.0115,-0.0063,0.0
1933-09-19,0.0016,-0.0158,0.005600000000000001,0.0
1933-09-20,-0.0277,0.017,-0.0246,0.0
1933-09-21,-0.061200000000000004,0.0026,-0.0542,0.0
1933-09-22,0.0195,-0.0227,0.0070999999999999995,0.0
1933-09-23,0.0149,0.0079,0.0159,0.0
1933-09-25,-0.0197,0.0024,-0.0159,0.0
1933-09-26,-0.0087,0.0101,0.0060999999999999995,0.0
1933-09-27,-0.0414,0.01,-0.029500000000000002,0.0
1933-09-28,0.0127,-0.0253,0.0011,0.0
1933-09-29,-0.005,0.0129,0.0042,0.0
1933-09-30,0.0075,-0.0176,-0.0084,0.0
1933-10-02,-0.0179,0.0245,-0.0075,0.0
1933-10-03,0.0036,-0.013600000000000001,0.0002,0.0
1933-10-04,0.057,-0.0187,0.0387,0.0
1933-10-05,-0.009000000000000001,0.0102,-0.01,0.0
1933-10-06,-0.0102,0.0022,-0.0141,0.0
1933-10-07,0.0067,-0.0042,0.0036,0.0
1933-10-09,0.0165,-0.009399999999999999,0.0128,0.0
1933-10-10,-0.0084,0.011399999999999999,-0.0096,0.0
1933-10-11,-0.0008,0.0051,-0.0124,0.0
1933-10-13,-0.0339,0.013600000000000001,-0.0223,0.0
1933-10-14,-0.0006,-0.006,-0.008100000000000001,0.0
1933-10-16,-0.06,0.0183,-0.0417,0.0
1933-10-17,0.026099999999999998,-0.0388,0.0027,0.0
1933-10-18,-0.043,0.0187,-0.0245,0.0
1933-10-19,-0.045899999999999996,0.0073,-0.0602,0.0
1933-10-20,0.025,-0.032,0.030299999999999997,0.0
1933-10-21,-0.030299999999999997,0.0195,-0.0195,0.0
1933-10-23,0.0501,-0.0023,0.0501,0.0
1933-10-24,0.0371,-0.0271,0.039900000000000005,0.0
1933-10-25,0.0274,0.0095,0.0219,0.0
1933-10-26,-0.020099999999999996,0.01,-0.013000000000000001,0.0
1933-10-27,0.0126,-0.012199999999999999,0.0044,0.0
1933-10-28,-0.0129,0.0121,-0.0096,0.0
1933-10-30,-0.036000000000000004,0.0141,-0.0253,0.0
1933-10-31,-0.0096,-0.0209,-0.0014000000000000002,0.0
1933-11-01,0.011699999999999999,-0.0131,0.0053,0.0
1933-11-02,0.015600000000000001,-0.0054,0.0086,0.0
1933-11-03,0.0313,-0.0158,0.019,0.0
1933-11-04,-0.0017000000000000001,0.0066,0.0116,0.0
1933-11-06,-0.008,0.0045000000000000005,-0.009899999999999999,0.0
1933-11-08,0.0353,-0.0181,0.0148,0.0
1933-11-09,0.0075,0.0208,0.0064,0.0
1933-11-10,-0.0134,-0.005600000000000001,-0.0151,0.0
1933-11-11,0.0105,-0.0108,0.011699999999999999,0.0
1933-11-13,-0.0015,0.011200000000000002,-0.0004,0.0
1933-11-14,-0.0079,0.0032,0.0006,0.0
1933-11-15,-0.0086,-0.0034000000000000002,-0.027000000000000003,0.0
1933-11-16,0.044199999999999996,-0.025699999999999997,0.026099999999999998,0.0
1933-11-17,-0.009399999999999999,0.013300000000000001,-0.011899999999999999,0.0
1933-11-18,0.0003,0.0032,-0.0025,0.0
1933-11-20,0.0264,-0.020499999999999997,0.0098,0.0
1933-11-21,-0.0105,0.01,0.0043,0.0
1933-11-22,-0.0058,-0.0072,-0.0088,0.0
1933-11-23,-0.0165,0.0015,-0.006,0.0
1933-11-24,0.0116,0.0043,0.0086,0.0
1933-11-25,0.0028000000000000004,-0.0024,-0.005,0.0
1933-11-27,-0.0322,0.010700000000000001,-0.0213,0.0
1933-11-28,-0.0008,-0.009000000000000001,-0.006,0.0
1933-11-29,0.018000000000000002,-0.0141,0.0134,0.0
1933-12-01,0.004,0.001,-0.0036,0.0
1933-12-02,0.0001,-0.0011,-0.0025,0.0
1933-12-04,-0.0021,0.0013,-0.005600000000000001,0.0
1933-12-05,0.0285,-0.0045000000000000005,0.0182,0.0
1933-12-06,-0.0055000000000000005,0.0038,0.0092,0.0
1933-12-07,0.0074,0.0006,0.0049,0.0
1933-12-08,-0.009399999999999999,0.0060999999999999995,-0.0109,0.0
1933-12-09,0.0191,-0.0086,0.022400000000000003,0.0
1933-12-11,0.003,0.0067,0.009300000000000001,0.0
1933-12-12,-0.0040999999999999995,0.0063,-0.0105,0.0
1933-12-13,-0.009899999999999999,-0.0024,-0.008,0.0
1933-12-14,0.0028000000000000004,0.0055000000000000005,0.0018,0.0
1933-12-15,-0.0138,0.0026,-0.0131,0.0
1933-12-16,-0.0172,0.0125,-0.0204,0.0
1933-12-18,-0.013000000000000001,-0.0182,0.004,0.0
1933-12-19,-0.0028000000000000004,-0.0064,-0.011899999999999999,0.0
1933-12-20,-0.0177,-0.0086,-0.014199999999999999,0.0
1933-12-21,-0.0005,-0.0008,-0.0066,0.0
1933-12-22,0.0273,-0.0063,0.033,0.0
1933-12-23,-0.0034999999999999996,0.0060999999999999995,-0.0096,0.0
1933-12-26,-0.0229,-0.0051,-0.0166,0.0
1933-12-27,0.0076,-0.0148,-0.0072,0.0
1933-12-28,0.0347,0.0158,0.0175,0.0
1933-12-29,-0.003,0.0088,0.0037,0.0
1933-12-30,0.0116,0.0042,0.0021,0.0
1934-01-02,0.0013,0.0063,0.0116,0.0
1934-01-03,-0.0121,0.0054,0.0005,0.0
1934-01-04,-0.0034000000000000002,-0.0060999999999999995,-0.0015,0.0
1934-01-05,-0.0113,0.013300000000000001,-0.0161,0.0
1934-01-06,-0.003,0.0015,0.0025,0.0
1934-01-08,-0.0004,-0.005600000000000001,-0.0067,0.0
1934-01-09,0.0113,-0.0031,0.0148,0.0
1934-01-10,0.0262,-0.0048,0.0075,0.0
1934-01-11,0.005600000000000001,0.0045000000000000005,0.004699999999999999,0.0
1934-01-12,-0.0073,0.021400000000000002,0.005,0.0
1934-01-13,-0.0008,-0.0063,0.0043,0.0
1934-01-15,0.054900000000000004,-0.0075,0.0487,0.0
1934-01-16,0.0052,0.0125,0.0106,0.0
1934-01-17,-0.0004,0.0087,0.0078000000000000005,0.0
1934-01-18,-0.0012,-0.0001,0.006,0.0
1934-01-19,0.0268,0.0078000000000000005,0.0259,0.0
1934-01-20,0.0021,0.0095,0.0069,0.0
1934-01-22,-0.003,0.0063,-0.0066,0.0
1934-01-23,0.0137,0.0067,0.0053,0.0
1934-01-24,0.0066,0.0045000000000000005,0.0083,0.0
1934-01-25,-0.0023,0.0052,-0.0113,0.0
1934-01-26,-0.0043,0.0055000000000000005,0.0026,0.0
1934-01-27,-0.0018,-0.0004,-0.0021,0.0
1934-01-29,0.0177,0.0063,0.0158,0.0
1934-01-30,0.0138,0.0072,0.012199999999999999,0.0
1934-01-31,-0.0125,0.0087,-0.0197,0.0
1934-02-01,0.023399999999999997,-0.0017000000000000001,0.0229,0.0
1934-02-02,-0.001,-0.0040999999999999995,0.011000000000000001,0.0
1934-02-03,0.0123,0.0,0.0154,0.0
1934-02-05,0.0182,0.0051,0.0060999999999999995,0.0
1934-02-06,-0.0009,0.0097,-0.0026,0.0
1934-02-07,-0.0292,-0.0005,-0.0199,0.0
1934-02-08,0.005699999999999999,0.0015,0.0111,0.0
1934-02-09,-0.0258,0.0070999999999999995,-0.0108,0.0
1934-02-10,-0.005600000000000001,-0.0139,-0.008100000000000001,0.0
1934-02-13,0.0070999999999999995,0.0070999999999999995,0.015600000000000001,0.0
1934-02-14,0.0084,0.0013,0.005,0.0
1934-02-15,0.0195,0.0118,0.026699999999999998,0.0
1934-02-16,0.0032,0.015700000000000002,0.0006,0.0
1934-02-17,0.0031,-0.0013,0.0073,0.0
1934-02-19,-0.015700000000000002,0.0067,-0.0089,0.0
1934-02-20,0.0040999999999999995,0.0023,-0.0001,0.0
1934-02-21,0.0034999999999999996,0.0055000000000000005,0.0028000000000000004,0.0
1934-02-23,-0.0255,-0.002,-0.021099999999999997,0.0
1934-02-24,-0.0149,-0.0026,-0.0168,0.0
1934-02-26,-0.020099999999999996,-0.0083,-0.0225,0.0
1934-02-27,0.0078000000000000005,0.0012,0.0103,0.0
1934-02-28,-0.0004,0.0115,-0.0009,0.0
1934-03-01,-0.0025,-0.0039000000000000003,-0.0031,0.0
1934-03-02,0.0302,-0.0002,0.022099999999999998,0.0
1934-03-03,-0.0009,0.0053,-0.0014000000000000002,0.0
1934-03-05,-0.0040999999999999995,0.0038,-0.0043,0.0
1934-03-06,-0.0095,0.005,-0.0031,0.0
1934-03-07,-0.024900000000000002,-0.0001,-0.0148,0.0
1934-03-08,0.015700000000000002,-0.0006,0.0019,0.0
1934-03-09,-0.0029,0.008100000000000001,0.0014000000000000002,0.0
1934-03-10,0.001,0.0,0.0001,0.0
1934-03-12,0.0169,-0.0039000000000000003,0.0036,0.0
1934-03-13,0.0017000000000000001,0.0054,0.0033,0.0
1934-03-14,0.0001,0.0053,-0.0014000000000000002,0.0
1934-03-15,-0.014499999999999999,0.0027,-0.0174,0.0
1934-03-16,0.0029,0.0039000000000000003,-0.0032,0.0
1934-03-17,-0.009300000000000001,0.0051,-0.0038,0.0
1934-03-19,-0.023,-0.0048,-0.015300000000000001,0.0
1934-03-20,0.0149,-0.0073,0.0032,0.0
1934-03-21,-0.0163,0.0034000000000000002,-0.0053,0.0
1934-03-22,0.0163,-0.006999999999999999,0.0037,0.0
1934-03-23,-0.0060999999999999995,0.0088,-0.0040999999999999995,0.0
1934-03-24,0.0147,-0.005,0.0026,0.0
1934-03-26,0.0001,0.0012,0.0027,0.0
1934-03-27,-0.0277,-0.0083,-0.0171,0.0
1934-03-28,0.0026,0.0072,0.006999999999999999,0.0
1934-03-29,0.0154,-0.0001,0.0115,0.0
1934-03-31,0.0127,0.0,0.0095,0.0
1934-04-02,0.0027,0.0108,0.0016,0.0
1934-04-03,0.009000000000000001,-0.0019,0.0068000000000000005,0.0
1934-04-04,0.0043,0.0098,-0.0013,0.0
1934-04-05,0.0017000000000000001,-0.0014000000000000002,-0.0089,0.0
1934-04-06,0.003,-0.0101,0.0037,0.0
1934-04-07,-0.0012,-0.0006,0.004699999999999999,0.0
1934-04-09,-0.0036,0.0021,0.0027,0.0
1934-04-10,0.0131,-0.0029,0.006500000000000001,0.0
1934-04-11,0.0006,0.0009,-0.0009,0.0
1934-04-12,-0.0023,-0.0011,-0.002,0.0
1934-04-13,-0.0026,0.0040999999999999995,-0.0058,0.0
1934-04-14,-0.001,-0.0003,0.0003,0.0
1934-04-16,-0.0158,-0.0017000000000000001,-0.0165,0.0
1934-04-17,0.009899999999999999,-0.0013,-0.0006,0.0
1934-04-18,0.0147,0.0085,0.0018,0.0
1934-04-19,0.0009,-0.0006,0.0015,0.0
1934-04-20,0.0129,0.0031,0.0074,0.0
1934-04-21,-0.0031,0.0104,-0.0029,0.0
1934-04-23,-0.0043,0.0007000000000000001,0.0004,0.0
1934-04-24,-0.0072,-0.0002,0.0003,0.0
1934-04-25,-0.004699999999999999,0.0017000000000000001,0.0002,0.0
1934-04-26,-0.013500000000000002,0.0011,-0.0051,0.0
1934-04-27,0.0014000000000000002,-0.0028000000000000004,-0.0005,0.0
1934-04-28,-0.0084,0.0031,-0.0087,0.0
1934-04-30,-0.0235,-0.0034000000000000002,-0.0216,0.0
1934-05-01,-0.0019,-0.0079,0.0017000000000000001,0.0
1934-05-02,-0.0197,0.0055000000000000005,-0.0068000000000000005,0.0
1934-05-03,0.0019,-0.0033,-0.0045000000000000005,0.0
1934-05-04,0.0028000000000000004,0.0108,0.0103,0.0
1934-05-05,-0.0158,-0.0023,-0.0083,0.0
1934-05-07,-0.0347,-0.0064,-0.037000000000000005,0.0
1934-05-08,0.0215,-0.0152,0.0282,0.0
1934-05-09,-0.013000000000000001,0.009399999999999999,-0.0069,0.0
1934-05-10,-0.0217,-0.0038,-0.019299999999999998,0.0
1934-05-11,-0.0098,0.0101,-0.0059,0.0
1934-05-12,-0.014499999999999999,-0.009300000000000001,-0.018799999999999997,0.0
1934-05-14,0.0024,-0.015300000000000001,-0.0005,0.0
1934-05-15,0.0202,0.005600000000000001,0.0087,0.0
1934-05-16,-0.0036,0.0111,0.0058,0.0
1934-05-17,0.0409,-0.008100000000000001,0.029500000000000002,0.0
1934-05-18,-0.0096,0.0118,-0.0039000000000000003,0.0
1934-05-19,-0.0013,-0.0005,0.0016,0.0
1934-05-21,0.0025,0.0017000000000000001,-0.006500000000000001,0.0
1934-05-22,-0.0177,0.0049,-0.0134,0.0
1934-05-23,-0.011200000000000002,-0.002,-0.0036,0.0
1934-05-24,0.004,-0.0033,0.0067,0.0
1934-05-25,0.0104,0.0008,-0.0008,0.0
1934-05-26,0.0068000000000000005,-0.001,-0.004,0.0
1934-05-28,0.006999999999999999,-0.0054,0.0095,0.0
1934-05-29,-0.0042,0.0023,-0.0096,0.0
1934-05-31,-0.013999999999999999,0.0060999999999999995,-0.0111,0.0
1934-06-01,-0.021,0.0043,-0.009899999999999999,0.0
1934-06-02,-0.0034000000000000002,-0.0051,-0.001,0.0
1934-06-04,0.0143,-0.0068000000000000005,0.0069,0.0
1934-06-05,0.021400000000000002,-0.005699999999999999,0.0134,0.0
1934-06-06,0.0031,0.0019,0.0040999999999999995,0.0
1934-06-07,-0.002,-0.0001,-0.0124,0.0
1934-06-08,0.042199999999999994,-0.0143,0.030600000000000002,0.0
1934-06-09,0.005600000000000001,0.0051,0.0102,0.0
1934-06-11,-0.011699999999999999,-0.0002,-0.015700000000000002,0.0
1934-06-12,0.0125,-0.0034999999999999996,0.0104,0.0
1934-06-13,0.0008,-0.002,-0.008,0.0
1934-06-14,-0.0161,0.009000000000000001,-0.009000000000000001,0.0
1934-06-15,0.0171,-0.0174,0.0019,0.0
1934-06-16,0.014199999999999999,-0.0049,0.0103,0.0
1934-06-18,-0.0002,0.0017000000000000001,-0.006,0.0
1934-06-19,-0.015700000000000002,0.0086,-0.0106,0.0
1934-06-20,-0.009899999999999999,0.0031,-0.006999999999999999,0.0
1934-06-21,-0.008,0.0034999999999999996,0.0,0.0
1934-06-22,-0.0202,-0.0031,-0.011000000000000001,0.0
1934-06-23,0.0068000000000000005,0.0003,-0.0023,0.0
1934-06-25,-0.0087,0.005600000000000001,-0.0132,0.0
1934-06-26,0.0184,-0.0172,0.0017000000000000001,0.0
1934-06-27,-0.0006,0.0068000000000000005,0.0027,0.0
1934-06-28,0.0052,-0.006500000000000001,0.0021,0.0
1934-06-29,-0.0154,0.0111,-0.0076,0.0
1934-06-30,0.0007000000000000001,0.0018,-0.0045000000000000005,0.0
1934-07-02,-0.0121,-0.0018,-0.0103,0.0
1934-07-03,-0.0012,-0.0046,-0.001,0.0
1934-07-05,0.0155,-0.0103,0.0068000000000000005,0.0
1934-07-06,0.0076,-0.0013,0.0028000000000000004,0.0
1934-07-07,-0.0012,0.0025,-0.0044,0.0
1934-07-09,-0.0007000000000000001,0.0021,-0.005699999999999999,0.0
1934-07-10,0.0083,-0.0049,0.0064,0.0
1934-07-11,0.0043,0.0009,-0.0033,0.0
1934-07-12,-0.0075,0.0089,-0.0195,0.0
1934-07-13,0.0,-0.0021,-0.0008,0.0
1934-07-14,0.0014000000000000002,0.0072,-0.0072,0.0
1934-07-16,-0.0203,-0.0006,-0.0131,0.0
1934-07-17,-0.0040999999999999995,-0.0151,0.0022,0.0
1934-07-18,0.013999999999999999,-0.0025,-0.0018,0.0
1934-07-19,-0.0098,0.0022,0.0012,0.0
1934-07-20,-0.0259,-0.0066,-0.018500000000000003,0.0
1934-07-21,-0.0044,-0.0158,-0.0079,0.0
1934-07-23,-0.0338,-0.0187,-0.026699999999999998,0.0
1934-07-24,-0.0104,-0.0072,-0.0195,0.0
1934-07-25,0.0063,-0.0179,0.0144,0.0
1934-07-26,-0.0713,-0.0179,-0.0315,0.0
1934-07-27,0.0231,-0.0167,0.0139,0.0
1934-07-28,0.0148,0.0374,0.0106,0.0
1934-07-30,-0.0054,-0.0009,-0.0024,0.0
1934-07-31,0.0018,0.0025,-0.0075,0.0
1934-08-01,0.03,0.0161,0.0044,0.0
1934-08-02,0.0046,0.0069,0.0076,0.0
1934-08-03,-0.0095,0.013300000000000001,-0.0091,0.0
1934-08-04,-0.0183,0.0075,-0.009000000000000001,0.0
1934-08-06,-0.0046,-0.0078000000000000005,0.0001,0.0
1934-08-07,-0.0032,0.0066,-0.0116,0.0
1934-08-08,0.0175,-0.0029,0.0123,0.0
1934-08-09,0.03,-0.0032,0.0021,0.0
1934-08-10,-0.0169,0.0167,-0.004699999999999999,0.0
1934-08-11,-0.0005,-0.0051,-0.0031,0.0
1934-08-13,0.024300000000000002,-0.008199999999999999,0.0127,0.0
1934-08-14,-0.008199999999999999,0.0105,-0.0131,0.0
1934-08-15,-0.0013,0.0040999999999999995,0.0008,0.0
1934-08-16,0.0075,-0.0017000000000000001,0.0019,0.0
1934-08-17,-0.0074,0.0017000000000000001,-0.002,0.0
1934-08-18,-0.0027,0.0011,0.0033,0.0
1934-08-20,-0.0040999999999999995,0.0034000000000000002,-0.011899999999999999,0.0
1934-08-21,0.0222,-0.0174,0.021,0.0
1934-08-22,0.0225,0.006999999999999999,0.010700000000000001,0.0
1934-08-23,-0.0049,0.0039000000000000003,0.005600000000000001,0.0
1934-08-24,0.0151,-0.0115,0.0109,0.0
1934-08-25,0.0024,0.0043,0.0086,0.0
1934-08-27,-0.014199999999999999,0.0128,-0.006,0.0
1934-08-28,-0.0046,-0.004,-0.0126,0.0
1934-08-29,-0.006,0.0103,-0.0038,0.0
1934-08-30,-0.012199999999999999,-0.0073,-0.0077,0.0
1934-08-31,-0.0004,-0.0064,-0.0026,0.0
1934-09-01,0.0002,0.0034999999999999996,0.0004,0.0
1934-09-04,-0.006500000000000001,-0.004,-0.0036,0.0
1934-09-05,0.0141,-0.0070999999999999995,0.012,0.0
1934-09-06,-0.0139,0.0144,-0.0091,0.0
1934-09-07,-0.0113,-0.0079,-0.0072,0.0
1934-09-08,-0.0018,0.002,-0.0004,0.0
1934-09-10,-0.0216,0.0095,-0.0095,0.0
1934-09-11,-0.0006,-0.0173,0.0079,0.0
1934-09-12,0.0042,0.0019,-0.0062,0.0
1934-09-13,-0.0026,-0.0032,-0.0036,0.0
1934-09-14,-0.026099999999999998,0.0024,-0.0085,0.0
1934-09-15,0.0039000000000000003,-0.0105,0.0022,0.0
1934-09-17,-0.0060999999999999995,-0.0042,-0.006500000000000001,0.0
1934-09-18,0.0069,0.0017000000000000001,0.0,0.0
1934-09-19,0.0255,-0.0078000000000000005,0.011699999999999999,0.0
1934-09-20,0.0001,0.009300000000000001,0.0064,0.0
1934-09-21,0.019,0.0007000000000000001,0.0007000000000000001,0.0
1934-09-22,0.0024,0.0042,0.0018,0.0
1934-09-24,-0.0077,0.0029,-0.0040999999999999995,0.0
1934-09-25,0.024700000000000003,-0.017,0.0124,0.0
1934-09-26,-0.0032,0.0148,-0.0104,0.0
1934-09-27,0.009399999999999999,-0.0004,0.0028000000000000004,0.0
1934-09-28,-0.0098,0.0058,0.0003,0.0
1934-09-29,0.0004,-0.0101,0.0004,0.0
1934-10-01,-0.0255,0.0097,-0.0165,0.0
1934-10-02,0.0049,-0.0025,0.0045000000000000005,0.0
1934-10-03,-0.0019,0.0051,0.0022,0.0
1934-10-04,-0.0024,-0.0105,-0.0037,0.0
1934-10-05,0.018600000000000002,0.01,-0.0005,0.0
1934-10-06,-0.0021,0.0026,0.0019,0.0
1934-10-08,-0.0059,0.002,-0.0084,0.0
1934-10-09,-0.0084,0.0043,-0.0070999999999999995,0.0
1934-10-10,0.023,-0.0042,0.0127,0.0
1934-10-11,0.015600000000000001,0.0060999999999999995,0.01,0.0
1934-10-13,-0.0102,0.0063,-0.0054,0.0
1934-10-15,-0.0072,0.004699999999999999,-0.008,0.0
1934-10-16,0.0074,-0.0028000000000000004,0.003,0.0
1934-10-17,0.0023,-0.0026,-0.0078000000000000005,0.0
1934-10-18,-0.002,0.0,-0.0018,0.0
1934-10-19,-0.0053,-0.0037,0.0064,0.0
1934-10-20,0.0022,0.0031,-0.0013,0.0
1934-10-22,-0.0022,0.0039000000000000003,-0.0087,0.0
1934-10-23,-0.0039000000000000003,-0.0054,-0.0037,0.0
1934-10-24,0.0158,-0.019799999999999998,0.0292,0.0
1934-10-25,-0.0178,0.0191,-0.0181,0.0
1934-10-26,-0.014499999999999999,-0.002,-0.015300000000000001,0.0
1934-10-27,0.0006,-0.0034000000000000002,0.0009,0.0
1934-10-29,-0.004699999999999999,-0.0004,-0.0059,0.0
1934-10-30,0.0042,-0.0072,-0.002,0.0
1934-10-31,0.004,-0.0011,-0.0049,0.0
1934-11-01,-0.0038,-0.0022,-0.008,0.0
1934-11-02,0.0116,0.0095,-0.006,0.0
1934-11-03,0.0076,0.009000000000000001,-0.0002,0.0
1934-11-05,0.0084,0.0053,-0.0014000000000000002,0.0
1934-11-07,0.0152,-0.008,0.018600000000000002,0.0
1934-11-08,-0.0039000000000000003,0.011399999999999999,-0.0051,0.0
1934-11-09,0.0169,0.0009,-0.0021,0.0
1934-11-10,0.0034000000000000002,0.009899999999999999,0.005600000000000001,0.0
1934-11-13,-0.0048,0.0073,-0.0125,0.0
1934-11-14,-0.0006,0.0006,0.0019,0.0
1934-11-15,0.0046,0.0161,-0.0023,0.0
1934-11-16,-0.0084,0.0016,-0.0199,0.0
1934-11-17,-0.004699999999999999,0.0086,0.0005,0.0
1934-11-19,0.0017000000000000001,0.006500000000000001,-0.0012,0.0
1934-11-20,0.0007000000000000001,-0.0103,-0.011200000000000002,0.0
1934-11-21,-0.0009,0.0045000000000000005,-0.0072,0.0
1934-11-22,0.0033,-0.0014000000000000002,0.0017000000000000001,0.0
1934-11-23,0.0132,0.0001,0.0070999999999999995,0.0
1934-11-24,0.0103,0.0019,0.0078000000000000005,0.0
1934-11-26,0.0091,-0.008100000000000001,0.016399999999999998,0.0
1934-11-27,-0.0066,0.0055000000000000005,0.0024,0.0
1934-11-28,0.0089,-0.0129,-0.0036,0.0
1934-11-30,-0.0006,0.0036,0.0015,0.0
1934-12-01,-0.0006,0.0027,-0.0017000000000000001,0.0
1934-12-03,-0.009399999999999999,0.0027,-0.0028000000000000004,0.0
1934-12-04,0.0086,-0.0073,0.0074,0.0
1934-12-05,0.0091,0.009399999999999999,-0.0004,0.0
1934-12-06,-0.0002,0.0111,-0.0053,0.0
1934-12-07,-0.0074,0.0009,0.0004,0.0
1934-12-08,-0.0053,-0.0023,-0.0036,0.0
1934-12-10,-0.001,0.001,-0.006500000000000001,0.0
1934-12-11,-0.0177,-0.0043,0.0017000000000000001,0.0
1934-12-12,0.0002,0.001,-0.004699999999999999,0.0
1934-12-13,-0.004,0.0036,0.0025,0.0
1934-12-14,-0.0016,0.0075,-0.0045000000000000005,0.0
1934-12-15,0.0017000000000000001,-0.0046,0.0054,0.0
1934-12-17,0.0026,-0.0046,0.0025,0.0
1934-12-18,-0.0002,0.005,-0.006500000000000001,0.0
1934-12-19,-0.0139,0.0043,-0.0052,0.0
1934-12-20,-0.0018,-0.0102,-0.0006,0.0
1934-12-21,0.0009,-0.0028000000000000004,-0.0045000000000000005,0.0
1934-12-22,-0.0002,0.005600000000000001,-0.0132,0.0
1934-12-24,0.0073,-0.0022,-0.0003,0.0
1934-12-26,-0.006,0.0015,-0.004699999999999999,0.0
1934-12-27,-0.001,0.0001,-0.0055000000000000005,0.0
1934-12-28,0.0337,0.0027,0.0171,0.0
1934-12-29,0.004699999999999999,0.0086,0.0073,0.0
1934-12-31,0.0064,0.0031,-0.0046,0.0
1935-01-02,0.0026,0.004699999999999999,-0.0033,0.0
1935-01-03,0.005699999999999999,0.0115,0.0062,0.0
1935-01-04,-0.0048,0.0002,0.0052,0.0
1935-01-05,0.006500000000000001,0.0013,0.0086,0.0
1935-01-07,0.0033,0.0007000000000000001,0.0106,0.0
1935-01-08,-0.0091,0.0043,0.0036,0.0
1935-01-09,-0.0024,-0.0052,-0.0044,0.0
1935-01-10,-0.0009,0.0002,-0.0049,0.0
1935-01-11,-0.021,-0.006500000000000001,-0.011399999999999999,0.0
1935-01-12,-0.009300000000000001,0.0028000000000000004,-0.0046,0.0
1935-01-14,0.0031,0.0034999999999999996,-0.0013,0.0
1935-01-15,-0.0222,-0.0072,-0.013300000000000001,0.0
1935-01-16,0.0138,-0.0039000000000000003,0.0004,0.0
1935-01-17,0.0051,0.009000000000000001,0.0026,0.0
1935-01-18,0.0055000000000000005,0.0070999999999999995,0.0006,0.0
1935-01-19,0.0055000000000000005,-0.0006,0.0128,0.0
1935-01-21,0.0023,0.003,-0.0049,0.0
1935-01-22,-0.0066,-0.0019,-0.0059,0.0
1935-01-23,0.0005,-0.002,-0.0023,0.0
1935-01-24,-0.0044,-0.0001,0.0016,0.0
1935-01-25,0.004,0.0018,-0.0037,0.0
1935-01-26,-0.0025,0.0028000000000000004,-0.0045000000000000005,0.0
1935-01-28,-0.013600000000000001,-0.008,-0.008,0.0
1935-01-29,-0.0077,-0.0036,-0.0059,0.0
1935-01-30,0.004699999999999999,-0.0015,0.0049,0.0
1935-01-31,0.0078000000000000005,-0.001,0.0042,0.0
1935-02-01,-0.0032,0.005699999999999999,-0.0040999999999999995,0.0
1935-02-02,0.0028000000000000004,-0.0073,0.0028000000000000004,0.0
1935-02-04,-0.0083,0.0079,-0.0087,0.0
1935-02-05,-0.0097,-0.0064,-0.011000000000000001,0.0
1935-02-06,-0.0108,-0.0034000000000000002,-0.0063,0.0
1935-02-07,0.009399999999999999,-0.0066,0.009399999999999999,0.0
1935-02-08,0.016399999999999998,0.0074,-0.0024,0.0
1935-02-09,0.004,0.0069,0.0089,0.0
1935-02-11,-0.0038,0.0003,-0.0086,0.0
1935-02-13,0.0013,-0.0002,-0.0036,0.0
1935-02-14,0.0004,0.0013,0.0012,0.0
1935-02-15,0.006500000000000001,0.0060999999999999995,-0.005699999999999999,0.0
1935-02-16,-0.0019,0.0007000000000000001,-0.0084,0.0
1935-02-18,0.028999999999999998,-0.0132,0.0292,0.0
1935-02-19,-0.013000000000000001,0.0148,-0.0104,0.0
1935-02-20,-0.0131,0.0039000000000000003,-0.01,0.0
1935-02-21,-0.0002,-0.0043,-0.0076,0.0
1935-02-23,-0.015,0.0075,-0.019799999999999998,0.0
1935-02-25,-0.0016,-0.0063,-0.0054,0.0
1935-02-26,-0.009399999999999999,-0.0101,-0.024700000000000003,0.0
1935-02-27,0.0028000000000000004,-0.0143,0.0125,0.0
1935-02-28,-0.0013,0.013600000000000001,-0.0034000000000000002,0.0
1935-03-01,0.0049,-0.001,0.0044,0.0
1935-03-02,0.0019,0.0055000000000000005,-0.0044,0.0
1935-03-04,-0.0054,0.0022,-0.0089,0.0
1935-03-05,-0.0253,0.0021,-0.0184,0.0
1935-03-06,-0.0064,-0.012,-0.0064,0.0
1935-03-07,0.0108,-0.0063,0.0026,0.0
1935-03-08,-0.0013,0.0063,-0.0034999999999999996,0.0
1935-03-09,-0.0060999999999999995,0.005600000000000001,0.0048,0.0
1935-03-11,-0.0166,-0.0060999999999999995,-0.0173,0.0
1935-03-12,-0.0178,-0.0064,-0.015300000000000001,0.0
1935-03-13,0.0007000000000000001,-0.0199,0.0026,0.0
1935-03-14,-0.0123,-0.0045000000000000005,-0.0108,0.0
1935-03-15,0.0168,-0.006999999999999999,-0.0038,0.0
1935-03-16,-0.0014000000000000002,0.0126,0.0077,0.0
1935-03-18,-0.0103,0.0017000000000000001,-0.0078000000000000005,0.0
1935-03-19,0.013500000000000002,-0.0013,0.0055000000000000005,0.0
1935-03-20,-0.0005,0.0067,-0.005600000000000001,0.0
1935-03-21,0.017,-0.0113,0.0179,0.0
1935-03-22,0.011399999999999999,-0.0049,0.0187,0.0
1935-03-23,-0.0072,0.0144,-0.0064,0.0
1935-03-25,-0.004,-0.0025,-0.0049,0.0
1935-03-26,-0.0083,0.0049,-0.0084,0.0
1935-03-27,0.0075,-0.0127,0.0121,0.0
1935-03-28,-0.0008,0.0026,-0.0104,0.0
1935-03-29,0.0008,-0.005699999999999999,-0.0025,0.0
1935-03-30,0.002,-0.0002,0.008100000000000001,0.0
1935-04-01,0.0063,-0.0066,0.015300000000000001,0.0
1935-04-02,-0.0038,0.006500000000000001,-0.011899999999999999,0.0
1935-04-03,-0.0045000000000000005,-0.0045000000000000005,-0.0044,0.0
1935-04-04,0.0115,-0.0177,0.0227,0.0
1935-04-05,0.0208,-0.0066,0.0174,0.0
1935-04-06,0.0052,0.0034000000000000002,0.0118,0.0
1935-04-08,-0.0025,0.0127,-0.0105,0.0
1935-04-09,0.017,-0.0073,0.0154,0.0
1935-04-10,-0.0018,0.0175,-0.0108,0.0
1935-04-11,-0.0062,0.001,-0.0075,0.0
1935-04-12,0.0097,-0.0146,0.0163,0.0
1935-04-13,0.011000000000000001,0.0004,0.008,0.0
1935-04-15,0.006,0.0066,-0.0103,0.0
1935-04-16,0.0021,0.0021,-0.0027,0.0
1935-04-17,-0.0118,0.0063,-0.0072,0.0
1935-04-18,0.0129,-0.0068000000000000005,-0.0008,0.0
1935-04-20,0.02,0.0002,0.0046,0.0
1935-04-22,0.005,0.008199999999999999,0.0008,0.0
1935-04-23,0.0023,-0.0098,0.0063,0.0
1935-04-24,-0.0077,0.004,0.0007000000000000001,0.0
1935-04-25,0.0125,-0.01,0.0027,0.0
1935-04-26,-0.0034999999999999996,-0.0007000000000000001,0.0018,0.0
1935-04-27,-0.0072,-0.0034999999999999996,-0.0042,0.0
1935-04-29,0.0042,-0.0008,-0.0073,0.0
1935-04-30,-0.0096,0.0042,-0.0032,0.0
1935-05-01,-0.0037,0.0025,0.0052,0.0
1935-05-02,0.0034999999999999996,-0.0036,0.0005,0.0
1935-05-03,0.0132,-0.0064,-0.0007000000000000001,0.0
1935-05-04,0.0073,-0.0052,-0.0002,0.0
1935-05-06,-0.0064,0.0040999999999999995,-0.0004,0.0
1935-05-07,-0.0048,0.0033,-0.0194,0.0
1935-05-08,0.024900000000000002,-0.0108,0.0086,0.0
1935-05-09,0.0088,0.0034999999999999996,0.009899999999999999,0.0
1935-05-10,0.005,-0.0058,0.0021,0.0
1935-05-11,0.004,-0.0078000000000000005,0.0089,0.0
1935-05-13,0.0001,0.0044,0.004699999999999999,0.0
1935-05-14,0.0,0.0049,-0.0045000000000000005,0.0
1935-05-15,0.0049,-0.0049,0.0013,0.0
1935-05-16,0.0182,0.0063,0.014499999999999999,0.0
1935-05-17,-0.0026,-0.0034000000000000002,0.0024,0.0
1935-05-18,-0.0104,0.0069,-0.004699999999999999,0.0
1935-05-20,0.0007000000000000001,0.0,-0.0034000000000000002,0.0
1935-05-21,0.0079,0.0013,-0.0024,0.0
1935-05-22,0.005600000000000001,-0.0091,0.0005,0.0
1935-05-23,0.0032,0.0068000000000000005,0.0032,0.0
1935-05-24,-0.0028000000000000004,-0.0028000000000000004,0.0088,0.0
1935-05-25,-0.0042,-0.0015,0.0018,0.0
1935-05-27,0.0060999999999999995,-0.008199999999999999,0.005600000000000001,0.0
1935-05-28,-0.021099999999999997,-0.0038,-0.0106,0.0
1935-05-29,-0.013300000000000001,-0.0055000000000000005,-0.0024,0.0
1935-05-31,-0.0086,0.0016,-0.001,0.0
1935-06-01,-0.0076,-0.0121,-0.0007000000000000001,0.0
1935-06-03,0.0139,-0.0016,-0.0036,0.0
1935-06-04,0.0225,-0.0084,0.0062,0.0
1935-06-05,0.0034999999999999996,0.0042,-0.0040999999999999995,0.0
1935-06-06,-0.005699999999999999,-0.0009,-0.0059,0.0
1935-06-07,0.0048,-0.006,0.0033,0.0
1935-06-08,0.0075,-0.0005,0.002,0.0
1935-06-10,0.0046,0.0044,-0.0106,0.0
1935-06-11,0.0118,-0.005699999999999999,0.013500000000000002,0.0
1935-06-12,-0.0067,0.0158,-0.0064,0.0
1935-06-13,0.004699999999999999,-0.004699999999999999,-0.0028000000000000004,0.0
1935-06-14,0.0098,-0.0039000000000000003,0.0048,0.0
1935-06-15,0.0042,-0.0031,0.0077,0.0
1935-06-17,-0.0025,0.0028000000000000004,-0.0079,0.0
1935-06-18,0.0029,-0.001,0.0074,0.0
1935-06-19,-0.0059,-0.0019,-0.0064,0.0
1935-06-20,-0.0075,-0.0014000000000000002,-0.004699999999999999,0.0
1935-06-21,0.0194,-0.0032,0.005,0.0
1935-06-22,0.0103,-0.0038,-0.0001,0.0
1935-06-24,-0.004699999999999999,0.0033,-0.0051,0.0
1935-06-25,-0.0131,0.0013,-0.0027,0.0
1935-06-26,-0.0108,0.0044,-0.0028000000000000004,0.0
1935-06-27,-0.0029,-0.0019,-0.0051,0.0
1935-06-28,0.0079,-0.0034000000000000002,0.0049,0.0
1935-06-29,-0.0016,0.0023,0.0007000000000000001,0.0
1935-07-01,0.0045000000000000005,-0.0028000000000000004,0.0031,0.0
1935-07-02,0.0006,-0.0019,-0.0097,0.0
1935-07-03,0.0048,-0.0034999999999999996,0.0073,0.0
1935-07-05,0.0102,-0.0037,0.0054,0.0
1935-07-06,0.0018,0.0046,-0.0039000000000000003,0.0
1935-07-08,0.0102,0.0006,-0.006,0.0
1935-07-09,-0.0019,0.0014000000000000002,0.0074,0.0
1935-07-10,0.0059,0.0008,0.0014000000000000002,0.0
1935-07-11,-0.01,0.0072,-0.010700000000000001,0.0
1935-07-12,0.0069,-0.001,-0.0004,0.0
1935-07-13,-0.0005,0.004,0.0013,0.0
1935-07-15,-0.0016,0.0032,0.0178,0.0
1935-07-16,0.001,-0.0040999999999999995,-0.0127,0.0
1935-07-17,0.0070999999999999995,0.0052,-0.0015,0.0
1935-07-18,0.0007000000000000001,0.005699999999999999,-0.0001,0.0
1935-07-19,-0.008100000000000001,0.0072,-0.0070999999999999995,0.0
1935-07-20,0.0024,-0.0025,0.0021,0.0
1935-07-22,0.0137,-0.005699999999999999,0.0148,0.0
1935-07-23,0.0001,0.0011,0.0063,0.0
1935-07-24,0.004699999999999999,0.0,0.002,0.0
1935-07-25,-0.008199999999999999,0.0048,-0.0026,0.0
1935-07-26,0.0055000000000000005,-0.001,0.0064,0.0
1935-07-27,0.0092,-0.0029,0.0116,0.0
1935-07-29,0.0109,-0.0015,0.023799999999999998,0.0
1935-07-30,-0.005699999999999999,0.0066,-0.009399999999999999,0.0
1935-07-31,0.009399999999999999,-0.0031,0.0137,0.0
1935-08-01,-0.0029,0.009300000000000001,-0.0003,0.0
1935-08-02,-0.0060999999999999995,-0.0002,0.0004,0.0
1935-08-03,0.0128,-0.009899999999999999,0.015600000000000001,0.0
1935-08-05,0.0062,0.009000000000000001,0.0092,0.0
1935-08-06,-0.0017000000000000001,0.006500000000000001,0.0045000000000000005,0.0
1935-08-07,-0.0027,-0.003,-0.006500000000000001,0.0
1935-08-08,0.0033,0.006,-0.0014000000000000002,0.0
1935-08-09,0.018000000000000002,-0.006500000000000001,0.015300000000000001,0.0
1935-08-10,0.008199999999999999,-0.0009,0.0102,0.0
1935-08-12,0.0021,0.0015,0.026600000000000002,0.0
1935-08-13,0.006,0.0036,0.022799999999999997,0.0
1935-08-14,0.0021,0.005,-0.0045000000000000005,0.0
1935-08-15,-0.006500000000000001,0.009899999999999999,-0.0123,0.0
1935-08-16,0.008,-0.0033,0.019299999999999998,0.0
1935-08-17,0.0040999999999999995,0.0045000000000000005,0.013999999999999999,0.0
1935-08-19,-0.0191,0.009300000000000001,-0.0223,0.0
1935-08-20,0.0,-0.009300000000000001,0.008100000000000001,0.0
1935-08-21,0.0076,0.013500000000000002,0.0034000000000000002,0.0
1935-08-22,0.0048,-0.0013,0.005699999999999999,0.0
1935-08-23,-0.0001,0.013000000000000001,-0.0069,0.0
1935-08-24,-0.0178,-0.0062,-0.026099999999999998,0.0
1935-08-26,0.0105,-0.0028000000000000004,0.0074,0.0
1935-08-27,-0.024,0.0006,-0.0325,0.0
1935-08-28,-0.0021,-0.0034999999999999996,0.0017000000000000001,0.0
1935-08-29,0.005699999999999999,0.0095,0.0068000000000000005,0.0
1935-08-30,0.003,-0.0019,0.0045000000000000005,0.0
1935-08-31,0.008,0.0036,0.0002,0.0
1935-09-03,-0.0075,-0.0015,-0.004699999999999999,0.0
1935-09-04,0.011200000000000002,-0.0077,0.0029,0.0
1935-09-05,0.0105,0.0072,0.018600000000000002,0.0
1935-09-06,0.0108,-0.0009,0.0040999999999999995,0.0
1935-09-07,0.0070999999999999995,-0.0024,0.0042,0.0
1935-09-09,0.0018,-0.001,-0.008100000000000001,0.0
1935-09-10,0.005600000000000001,0.0029,-0.0105,0.0
1935-09-11,0.0044,0.0019,0.0027,0.0
1935-09-12,-0.008199999999999999,-0.0005,-0.003,0.0
1935-09-13,0.0008,0.0017000000000000001,0.0037,0.0
1935-09-14,-0.0016,-0.002,-0.004,0.0
1935-09-16,-0.0042,-0.0033,-0.0016,0.0
1935-09-17,0.0027,-0.0009,-0.004,0.0
1935-09-18,0.0072,0.0043,0.0051,0.0
1935-09-19,-0.016399999999999998,0.0006,-0.0055000000000000005,0.0
1935-09-20,-0.024,0.0014000000000000002,-0.016399999999999998,0.0
1935-09-21,0.0021,-0.0014000000000000002,0.0004,0.0
1935-09-23,0.0075,0.002,0.0083,0.0
1935-09-24,0.0104,0.0048,0.0025,0.0
1935-09-25,0.0039000000000000003,0.0015,0.0001,0.0
1935-09-26,0.0005,-0.0008,-0.006999999999999999,0.0
1935-09-27,-0.0008,0.0062,-0.004,0.0
1935-09-28,0.0013,0.0062,-0.0087,0.0
1935-09-30,0.0017000000000000001,-0.0033,-0.013600000000000001,0.0
1935-10-01,-0.0092,0.0021,-0.0059,0.0
1935-10-02,-0.0305,-0.0097,-0.0204,0.0
1935-10-03,0.0118,0.0011,-0.0022,0.0
1935-10-04,0.0076,0.0116,0.0075,0.0
1935-10-05,0.0070999999999999995,0.0033,0.0066,0.0
1935-10-07,0.0062,-0.003,0.0113,0.0
1935-10-08,-0.0049,0.003,-0.0096,0.0
1935-10-09,0.0029,-0.0007000000000000001,0.0014000000000000002,0.0
1935-10-10,0.018500000000000003,0.0097,0.0049,0.0
1935-10-11,0.0027,-0.0036,-0.0028000000000000004,0.0
1935-10-14,0.0106,-0.0045000000000000005,-0.005600000000000001,0.0
1935-10-15,0.006999999999999999,-0.004,0.0084,0.0
1935-10-16,-0.0025,0.0024,-0.0125,0.0
1935-10-17,-0.0034999999999999996,0.0044,-0.0073,0.0
1935-10-18,-0.0025,0.0054,-0.0078000000000000005,0.0
1935-10-19,0.013999999999999999,-0.0007000000000000001,-0.0032,0.0
1935-10-21,0.011899999999999999,0.006500000000000001,-0.0087,0.0
1935-10-22,0.0015,-0.0074,0.025099999999999997,0.0
1935-10-23,0.0075,0.0003,-0.0019,0.0
1935-10-24,0.0019,0.0007000000000000001,-0.0083,0.0
1935-10-25,0.009000000000000001,0.0087,0.001,0.0
1935-10-26,0.006999999999999999,0.0011,0.0008,0.0
1935-10-28,-0.0045000000000000005,-0.0004,0.0048,0.0
1935-10-29,-0.0014000000000000002,-0.0016,0.0051,0.0
1935-10-30,-0.0069,-0.0032,-0.0031,0.0
1935-10-31,0.0078000000000000005,0.004,0.0029,0.0
1935-11-01,0.0102,0.006999999999999999,0.0026,0.0
1935-11-02,0.0002,0.0006,0.0029,0.0
1935-11-04,0.0028000000000000004,-0.0011,0.0049,0.0
1935-11-06,0.016200000000000003,-0.0064,0.0026,0.0
1935-11-07,-0.003,-0.0008,-0.0054,0.0
1935-11-08,0.006,-0.0027,0.0053,0.0
1935-11-09,0.0001,-0.0014000000000000002,-0.0049,0.0
1935-11-12,-0.009899999999999999,-0.0038,-0.009300000000000001,0.0
1935-11-13,0.012,0.0008,0.019,0.0
1935-11-14,0.015700000000000002,0.0004,0.0204,0.0
1935-11-15,0.0045000000000000005,0.0043,0.0015,0.0
1935-11-16,0.0063,0.0021,0.0064,0.0
1935-11-18,-0.0038,0.0076,0.0018,0.0
1935-11-19,0.0126,0.0024,0.0059,0.0
1935-11-20,-0.0091,-0.0040999999999999995,-0.0004,0.0
1935-11-21,0.010700000000000001,0.01,0.022000000000000002,0.0
1935-11-22,-0.017,0.001,-0.008,0.0
1935-11-23,0.016399999999999998,0.0132,0.0226,0.0
1935-11-25,-0.008199999999999999,0.0077,0.0033,0.0
1935-11-26,-0.013999999999999999,-0.0038,-0.0003,0.0
1935-11-27,0.0091,0.005699999999999999,0.0226,0.0
1935-11-29,-0.0092,0.0016,-0.0044,0.0
1935-11-30,0.0001,0.0023,0.0019,0.0
1935-12-02,-0.0123,0.0034999999999999996,0.0043,0.0
1935-12-03,0.0213,-0.0058,0.0098,0.0
1935-12-04,0.0097,0.0015,0.0195,0.0
1935-12-05,0.0005,0.0032,-0.0026,0.0
1935-12-06,-0.0005,0.0004,-0.0027,0.0
1935-12-07,0.0084,-0.0021,0.0077,0.0
1935-12-09,0.0029,-0.0016,0.002,0.0
1935-12-10,-0.011899999999999999,0.0008,-0.013600000000000001,0.0
1935-12-11,0.0034000000000000002,0.0044,-0.0012,0.0
1935-12-12,-0.009300000000000001,-0.0007000000000000001,-0.0088,0.0
1935-12-13,-0.0095,0.0004,-0.0097,0.0
1935-12-14,0.0027,0.0022,0.0007000000000000001,0.0
1935-12-16,-0.0086,-0.0021,-0.0075,0.0
1935-12-17,0.0076,-0.0018,-0.0001,0.0
1935-12-18,-0.0007000000000000001,0.002,0.0031,0.0
1935-12-19,-0.0055000000000000005,0.0034000000000000002,-0.0138,0.0
1935-12-20,0.0048,-0.009300000000000001,0.0008,0.0
1935-12-21,0.005699999999999999,0.0059,0.0042,0.0
1935-12-23,0.0024,-0.0043,-0.0018,0.0
1935-12-24,0.0063,-0.006500000000000001,0.008100000000000001,0.0
1935-12-26,0.0038,0.0053,0.0027,0.0
1935-12-27,-0.0009,0.0003,-0.0109,0.0
1935-12-28,-0.0054,-0.0069,0.0007000000000000001,0.0
1935-12-30,0.0187,0.0031,0.011899999999999999,0.0
1935-12-31,0.012,0.0053,0.0068000000000000005,0.0
1936-01-02,0.0032,0.0139,0.0019,0.0
1936-01-03,0.0089,0.0032,0.0146,0.0
1936-01-04,-0.0029,0.004,0.0051,0.0
1936-01-06,-0.0059,-0.0048,-0.0055000000000000005,0.0
1936-01-07,0.0137,-0.0028000000000000004,0.021,0.0
1936-01-08,0.0078000000000000005,-0.0002,-0.0011,0.0
1936-01-09,-0.0036,0.004699999999999999,-0.0051,0.0
1936-01-10,0.0088,0.0194,0.0052,0.0
1936-01-11,-0.0021,0.005,0.0016,0.0
1936-01-13,0.0028000000000000004,-0.0075,0.016,0.0
1936-01-14,0.0051,0.0045000000000000005,0.0052,0.0
1936-01-15,-0.0054,0.0026,-0.0023,0.0
1936-01-16,0.0036,0.0075,0.0111,0.0
1936-01-17,-0.0012,0.0044,-0.0083,0.0
1936-01-18,-0.0078000000000000005,-0.0046,-0.0097,0.0
1936-01-20,-0.0059,0.0005,-0.009300000000000001,0.0
1936-01-21,-0.004699999999999999,-0.004699999999999999,-0.0022,0.0
1936-01-22,0.0199,0.0058,0.023700000000000002,0.0
1936-01-23,0.0097,0.0003,0.0183,0.0
1936-01-24,-0.0016,0.0006,-0.0092,0.0
1936-01-25,0.0037,-0.0085,0.0018,0.0
1936-01-27,0.0051,0.0037,0.0073,0.0
1936-01-28,0.0008,-0.0013,0.0028000000000000004,0.0
1936-01-29,0.0074,0.0021,0.0007000000000000001,0.0
1936-01-30,-0.0049,0.0009,0.0060999999999999995,0.0
1936-01-31,0.0129,0.0018,0.0101,0.0
1936-02-01,-0.0018,-0.0022,-0.0044,0.0
1936-02-03,0.0095,-0.0009,0.0060999999999999995,0.0
1936-02-04,0.0038,0.0054,-0.0011,0.0
1936-02-05,-0.002,0.0014000000000000002,0.0019,0.0
1936-02-06,0.0038,0.0051,0.0018,0.0
1936-02-07,-0.0013,-0.0009,0.0019,0.0
1936-02-08,0.0011,0.0023,0.0002,0.0
1936-02-10,0.0060999999999999995,-0.0024,0.011200000000000002,0.0
1936-02-11,0.0091,-0.0113,0.014499999999999999,0.0
1936-02-13,0.004699999999999999,-0.0078000000000000005,0.0019,0.0
1936-02-14,-0.0022,0.0021,-0.0019,0.0
1936-02-15,0.0038,-0.0004,0.006999999999999999,0.0
1936-02-17,-0.0115,-0.0055000000000000005,-0.005699999999999999,0.0
1936-02-18,0.009399999999999999,0.0101,0.011000000000000001,0.0
1936-02-19,-0.0034999999999999996,0.0011,-0.013600000000000001,0.0
1936-02-20,0.011699999999999999,-0.0036,0.0159,0.0
1936-02-21,-0.0009,0.005699999999999999,-0.001,0.0
1936-02-24,-0.0076,0.0022,-0.0028000000000000004,0.0
1936-02-25,-0.0183,-0.0014000000000000002,-0.0069,0.0
1936-02-26,-0.0039000000000000003,0.004699999999999999,-0.0052,0.0
1936-02-27,0.0218,-0.0002,0.0225,0.0
1936-02-28,-0.0026,0.0018,-0.0048,0.0
1936-02-29,-0.0038,0.0025,-0.0048,0.0
1936-03-02,0.0092,0.0001,0.0089,0.0
1936-03-03,0.013000000000000001,0.0021,-0.0077,0.0
1936-03-04,0.0014000000000000002,0.0,0.0048,0.0
1936-03-05,0.0034000000000000002,0.0025,-0.0006,0.0
1936-03-06,0.0034000000000000002,0.0002,-0.0075,0.0
1936-03-07,-0.006500000000000001,0.0028000000000000004,-0.0059,0.0
1936-03-09,-0.0263,-0.0006,-0.0143,0.0
1936-03-10,0.009899999999999999,-0.0062,0.0076,0.0
1936-03-11,0.0111,0.013300000000000001,-0.0046,0.0
1936-03-12,-0.024300000000000002,-0.0058,-0.0108,0.0
1936-03-13,-0.018799999999999997,-0.0104,-0.0034999999999999996,0.0
1936-03-14,0.024900000000000002,0.0078000000000000005,0.0126,0.0
1936-03-16,-0.0029,-0.0007000000000000001,0.0064,0.0
1936-03-17,0.0174,-0.0002,0.0062,0.0
1936-03-18,-0.0033,-0.0022,-0.0055000000000000005,0.0
1936-03-19,0.0083,-0.0004,-0.0049,0.0
1936-03-20,-0.0024,-0.0004,-0.0014000000000000002,0.0
1936-03-21,-0.0048,0.0054,-0.003,0.0
1936-03-23,0.0067,0.0022,0.0074,0.0
1936-03-24,-0.0049,-0.0011,-0.0021,0.0
1936-03-25,0.0072,-0.0011,-0.0051,0.0
1936-03-26,-0.0029,-0.004,0.008100000000000001,0.0
1936-03-27,-0.0134,-0.0073,0.0021,0.0
1936-03-28,0.0009,0.006999999999999999,0.0001,0.0
1936-03-30,-0.0008,0.0045000000000000005,-0.0014000000000000002,0.0
1936-03-31,0.0059,-0.0001,0.0,0.0
1936-04-01,0.014199999999999999,-0.0004,0.0075,0.0
1936-04-02,0.0088,-0.006999999999999999,0.01,0.0
1936-04-03,-0.0026,0.0015,-0.0067,0.0
1936-04-04,0.0074,-0.0063,0.009399999999999999,0.0
1936-04-06,0.0043,-0.0055000000000000005,0.0085,0.0
1936-04-07,-0.0042,-0.009899999999999999,-0.006,0.0
1936-04-08,-0.0003,-0.0078000000000000005,0.0078000000000000005,0.0
1936-04-09,-0.0038,-0.0052,0.005699999999999999,0.0
1936-04-11,0.0029,0.0021,0.005,0.0
1936-04-13,-0.0019,0.0019,0.0078000000000000005,0.0
1936-04-14,-0.0176,-0.0038,-0.009399999999999999,0.0
1936-04-15,0.0083,0.0031,-0.0019,0.0
1936-04-16,-0.004,-0.0062,0.0036,0.0
1936-04-17,-0.005600000000000001,-0.0002,-0.0088,0.0
1936-04-18,-0.0085,-0.0067,-0.0015,0.0
1936-04-20,-0.0217,-0.0068000000000000005,-0.0106,0.0
1936-04-21,-0.0024,-0.0048,-0.006999999999999999,0.0
1936-04-22,0.0138,0.005699999999999999,0.011699999999999999,0.0
1936-04-23,-0.0273,-0.0033,-0.013999999999999999,0.0
1936-04-24,0.0007000000000000001,-0.0003,-0.0042,0.0
1936-04-25,0.006,0.0034000000000000002,-0.0017000000000000001,0.0
1936-04-27,-0.037000000000000005,-0.0155,-0.0245,0.0
1936-04-28,-0.002,0.004699999999999999,0.009000000000000001,0.0
1936-04-29,-0.0242,0.009000000000000001,-0.0233,0.0
1936-04-30,0.0139,-0.009000000000000001,0.0132,0.0
1936-05-01,0.0074,0.0106,-0.0037,0.0
1936-05-02,-0.0042,0.0009,0.0001,0.0
1936-05-04,0.0026,0.0011,-0.0004,0.0
1936-05-05,0.012199999999999999,0.0043,0.0032,0.0
1936-05-06,0.0116,-0.0036,0.0124,0.0
1936-05-07,-0.0175,0.0014000000000000002,-0.0087,0.0
1936-05-08,-0.0008,0.0002,-0.0087,0.0
1936-05-09,0.0064,0.0002,0.0036,0.0
1936-05-11,-0.008,0.0026,-0.0083,0.0
1936-05-12,-0.0004,-0.0027,-0.0003,0.0
1936-05-13,0.0085,-0.0046,0.0075,0.0
1936-05-14,0.024,0.0044,0.0097,0.0
1936-05-15,0.0009,0.0016,-0.0004,0.0
1936-05-16,-0.0002,-0.0025,0.0028000000000000004,0.0
1936-05-18,-0.004,0.0017000000000000001,-0.0067,0.0
1936-05-19,-0.0218,-0.0039000000000000003,-0.011200000000000002,0.0
1936-05-20,0.0068000000000000005,-0.0029,-0.0012,0.0
1936-05-21,-0.0021,0.0024,0.0039000000000000003,0.0
1936-05-22,0.008100000000000001,-0.0028000000000000004,0.0091,0.0
1936-05-23,0.0077,0.002,0.0068000000000000005,0.0
1936-05-25,0.0012,-0.0052,-0.0003,0.0
1936-05-26,0.0125,-0.0013,0.0087,0.0
1936-05-27,0.0,0.004,0.0087,0.0
1936-05-28,-0.0054,0.0011,-0.0092,0.0
1936-05-29,0.0064,-0.0007000000000000001,0.0083,0.0
1936-06-01,-0.0004,-0.0012,-0.0021,0.0
1936-06-02,-0.0019,-0.0039000000000000003,-0.0019,0.0
1936-06-03,-0.002,0.0036,-0.0076,0.0
1936-06-04,-0.0121,0.0016,-0.0045000000000000005,0.0
1936-06-05,-0.0011,-0.004699999999999999,-0.004,0.0
1936-06-06,0.0045000000000000005,-0.0002,0.0073,0.0
1936-06-08,0.009000000000000001,-0.0017000000000000001,0.0019,0.0
1936-06-09,0.0091,-0.0021,0.0044,0.0
1936-06-10,0.0045000000000000005,0.0002,0.0015,0.0
1936-06-11,0.011399999999999999,-0.0068000000000000005,0.0017000000000000001,0.0
1936-06-12,-0.009000000000000001,0.004699999999999999,-0.0034999999999999996,0.0
1936-06-13,0.0058,-0.008199999999999999,0.0011,0.0
1936-06-15,0.0007000000000000001,0.0034000000000000002,-0.0049,0.0
1936-06-16,0.0098,-0.008,0.0125,0.0
1936-06-17,-0.0017000000000000001,0.0032,-0.0007000000000000001,0.0
1936-06-18,0.0026,-0.004,0.0022,0.0
1936-06-19,-0.006,0.0011,-0.0101,0.0
1936-06-20,0.0034999999999999996,-0.0018,0.0012,0.0
1936-06-22,0.009399999999999999,-0.0019,0.0060999999999999995,0.0
1936-06-23,-0.0034999999999999996,-0.0009,-0.0023,0.0
1936-06-24,0.0078000000000000005,0.0015,0.0026,0.0
1936-06-25,-0.0086,-0.0003,-0.0053,0.0
1936-06-26,-0.0040999999999999995,-0.0012,-0.0008,0.0
1936-06-27,0.0011,-0.0023,0.0008,0.0
1936-06-29,-0.0034000000000000002,0.0011,-0.0060999999999999995,0.0
1936-06-30,-0.0011,-0.0039000000000000003,0.0001,0.0
1936-07-01,0.0026,-0.0068000000000000005,-0.0013,0.0
1936-07-02,-0.0015,-0.0017000000000000001,-0.0003,0.0
1936-07-03,0.0069,0.0003,-0.0013,0.0
1936-07-06,-0.0048,0.0021,-0.0055000000000000005,0.0
1936-07-07,-0.008,-0.0019,-0.0024,0.0
1936-07-08,0.006,-0.0027,0.0066,0.0
1936-07-09,0.011699999999999999,0.0028000000000000004,0.0027,0.0
1936-07-10,0.0173,-0.0001,0.008100000000000001,0.0
1936-07-11,0.0053,0.0055000000000000005,0.0024,0.0
1936-07-13,0.0027,0.0027,0.0027,0.0
1936-07-14,0.0104,0.0005,0.002,0.0
1936-07-15,-0.0004,-0.0016,0.0087,0.0
1936-07-16,0.0008,0.0032,-0.0001,0.0
1936-07-17,0.0031,0.0002,-0.0009,0.0
1936-07-18,0.0054,-0.0008,0.0025,0.0
1936-07-20,0.0036,-0.003,0.0007000000000000001,0.0
1936-07-21,0.005,0.0009,-0.004,0.0
1936-07-22,-0.0042,-0.0021,-0.0014000000000000002,0.0
1936-07-23,0.0033,0.0060999999999999995,0.0070999999999999995,0.0
1936-07-24,-0.0021,0.0048,0.0027,0.0
1936-07-25,0.0062,-0.0021,-0.0015,0.0
1936-07-27,0.0077,-0.0067,0.006,0.0
1936-07-28,-0.0014000000000000002,-0.0038,-0.0015,0.0
1936-07-29,-0.006999999999999999,0.0059,-0.0043,0.0
1936-07-30,0.0040999999999999995,0.0027,-0.0025,0.0
1936-07-31,-0.0076,0.005699999999999999,-0.0011,0.0
1936-08-01,0.0003,-0.0011,0.0014000000000000002,0.0
1936-08-03,0.0023,-0.0022,-0.0060999999999999995,0.0
1936-08-04,-0.0001,-0.0016,-0.0014000000000000002,0.0
1936-08-05,-0.0046,0.0031,-0.0001,0.0
1936-08-06,0.0036,0.0011,0.0025,0.0
1936-08-07,0.0116,0.0003,0.0088,0.0
1936-08-08,0.006999999999999999,-0.0054,0.0076,0.0
1936-08-10,-0.0021,-0.0052,0.001,0.0
1936-08-11,-0.005600000000000001,0.0019,-0.0054,0.0
1936-08-12,0.0045000000000000005,-0.0001,0.0088,0.0
1936-08-13,-0.0031,0.0032,0.0051,0.0
1936-08-14,-0.011200000000000002,0.0032,0.0,0.0
1936-08-15,0.0015,0.0004,0.0006,0.0
1936-08-17,-0.0058,0.0042,-0.0042,0.0
1936-08-18,0.0021,-0.0012,-0.0014000000000000002,0.0
1936-08-19,0.0048,0.0019,0.0074,0.0
1936-08-20,-0.005,0.0058,-0.0077,0.0
1936-08-21,-0.026600000000000002,-0.0006,-0.0108,0.0
1936-08-22,0.0086,-0.0013,0.0072,0.0
1936-08-24,0.0075,-0.0045000000000000005,0.0038,0.0
1936-08-25,0.0034000000000000002,0.0028000000000000004,0.0009,0.0
1936-08-26,-0.0064,-0.0004,-0.0016,0.0
1936-08-27,0.0167,-0.0027,0.0095,0.0
1936-08-28,0.0036,-0.0001,0.008100000000000001,0.0
1936-08-29,0.0016,0.0031,0.0103,0.0
1936-08-31,0.0018,0.001,-0.0059,0.0
1936-09-01,-0.0017000000000000001,0.0029,0.0040999999999999995,0.0
1936-09-02,0.0034999999999999996,0.0040999999999999995,0.0014000000000000002,0.0
1936-09-03,-0.0022,0.0027,-0.0027,0.0
1936-09-04,0.0060999999999999995,0.0005,0.0038,0.0
1936-09-05,0.005699999999999999,0.0032,0.0038,0.0
1936-09-08,0.0089,-0.006,0.0052,0.0
1936-09-09,-0.0051,0.005600000000000001,-0.0034000000000000002,0.0
1936-09-10,0.0008,0.0044,-0.0004,0.0
1936-09-11,-0.0012,-0.0003,-0.0001,0.0
1936-09-12,-0.0027,0.0015,-0.0017000000000000001,0.0
1936-09-14,-0.0055000000000000005,0.0008,-0.0040999999999999995,0.0
1936-09-15,-0.002,-0.0014000000000000002,0.0022,0.0
1936-09-16,-0.0098,0.005,-0.0036,0.0
1936-09-17,0.006999999999999999,-0.0043,0.0019,0.0
1936-09-18,0.009000000000000001,0.0031,0.0034999999999999996,0.0
1936-09-19,0.0064,0.0011,0.0069,0.0
1936-09-21,0.0016,0.0031,-0.0026,0.0
1936-09-22,0.0022,-0.0022,-0.0023,0.0
1936-09-23,-0.0031,-0.001,-0.0060999999999999995,0.0
1936-09-24,0.0006,-0.0022,0.0038,0.0
1936-09-25,-0.0144,-0.0007000000000000001,-0.003,0.0
1936-09-26,0.009300000000000001,0.003,0.0049,0.0
1936-09-28,0.0032,0.0034999999999999996,0.0002,0.0
1936-09-29,-0.002,0.0017000000000000001,-0.0034000000000000002,0.0
1936-09-30,-0.0044,0.0021,0.0016,0.0
1936-10-01,0.0013,0.0053,-0.0017000000000000001,0.0
1936-10-02,0.0174,0.0022,0.0125,0.0
1936-10-03,0.009300000000000001,-0.0018,0.0034999999999999996,0.0
1936-10-05,0.0012,0.0009,0.0011,0.0
1936-10-06,0.0067,-0.0029,-0.0023,0.0
1936-10-07,0.0028000000000000004,-0.0078000000000000005,0.0037,0.0
1936-10-08,0.0049,-0.0015,0.004,0.0
1936-10-09,0.0038,0.0049,-0.0038,0.0
1936-10-10,0.0054,0.0001,-0.0006,0.0
1936-10-13,-0.0016,-0.0058,0.0038,0.0
1936-10-14,-0.0026,0.0004,-0.0009,0.0
1936-10-15,-0.0012,0.0017000000000000001,0.0042,0.0
1936-10-16,0.01,0.0024,0.0062,0.0
1936-10-17,0.0045000000000000005,0.002,-0.0006,0.0
1936-10-19,0.0013,-0.0027,0.0004,0.0
1936-10-20,-0.0013,-0.0085,-0.0029,0.0
1936-10-21,0.0036,0.0001,0.0045000000000000005,0.0
1936-10-22,-0.0068000000000000005,-0.0021,-0.006,0.0
1936-10-23,0.0036,0.0016,-0.0038,0.0
1936-10-24,0.0009,0.0013,0.0003,0.0
1936-10-26,-0.0226,-0.0004,-0.0049,0.0
1936-10-27,0.0144,-0.0004,0.0029,0.0
1936-10-28,0.0013,0.0014000000000000002,-0.001,0.0
1936-10-29,0.0118,-0.0048,0.0066,0.0
1936-10-30,0.0013,-0.005699999999999999,0.0004,0.0
1936-10-31,0.0002,-0.0021,-0.0015,0.0
1936-11-02,-0.003,0.0006,0.0026,0.0
1936-11-04,0.0166,0.009399999999999999,-0.0060999999999999995,0.0
1936-11-05,0.011000000000000001,0.0042,0.0014000000000000002,0.0
1936-11-06,-0.0054,0.0098,-0.0078000000000000005,0.0
1936-11-07,0.0126,0.001,0.0021,0.0
1936-11-09,0.0039000000000000003,0.0087,0.0016,0.0
1936-11-10,-0.0024,0.0052,-0.0021,0.0
1936-11-12,-0.0083,0.004,-0.017,0.0
1936-11-13,-0.008100000000000001,0.0024,-0.011200000000000002,0.0
1936-11-14,-0.0045000000000000005,0.0089,-0.0003,0.0
1936-11-16,0.0137,0.0017000000000000001,0.0085,0.0
1936-11-17,0.013600000000000001,0.005699999999999999,0.006500000000000001,0.0
1936-11-18,-0.0039000000000000003,-0.0013,-0.004,0.0
1936-11-19,-0.006999999999999999,0.0008,-0.0044,0.0
1936-11-20,-0.009000000000000001,-0.0023,-0.0029,0.0
1936-11-21,0.0075,0.0017000000000000001,0.005,0.0
1936-11-23,-0.0206,-0.0016,-0.0046,0.0
1936-11-24,0.0154,0.0011,0.0039000000000000003,0.0
1936-11-25,-0.0022,0.0066,0.0025,0.0
1936-11-27,0.0154,0.0053,0.0158,0.0
1936-11-28,0.002,0.005699999999999999,-0.0001,0.0
1936-11-30,-0.0037,0.0048,-0.0009,0.0
1936-12-01,-0.006,0.0066,-0.0049,0.0
1936-12-02,-0.0088,0.0021,0.0037,0.0
1936-12-03,0.0051,-0.0011,0.0062,0.0
1936-12-04,0.0006,-0.0026,-0.0044,0.0
1936-12-05,0.0013,0.0042,0.0006,0.0
1936-12-07,-0.0066,0.0033,-0.0028000000000000004,0.0
1936-12-08,0.0016,0.0023,0.0049,0.0
1936-12-09,0.0040999999999999995,0.0026,0.0083,0.0
1936-12-10,0.0077,0.006500000000000001,0.0083,0.0
1936-12-11,-0.0025,0.0105,-0.003,0.0
1936-12-12,0.0012,0.0018,0.0049,0.0
1936-12-14,0.0077,-0.0023,0.0036,0.0
1936-12-15,-0.001,-0.0027,0.0009,0.0
1936-12-16,-0.0019,-0.005,-0.0012,0.0
1936-12-17,-0.0045000000000000005,0.0049,-0.001,0.0
1936-12-18,-0.0096,-0.0051,-0.0013,0.0
1936-12-19,-0.0092,-0.0045000000000000005,-0.002,0.0
1936-12-21,-0.011699999999999999,0.0075,-0.0014000000000000002,0.0
1936-12-22,0.0113,0.0014000000000000002,0.006,0.0
1936-12-23,0.0101,0.0032,-0.003,0.0
1936-12-24,0.0029,0.0036,0.0023,0.0
1936-12-28,-0.0067,-0.005699999999999999,0.0044,0.0
1936-12-29,0.0022,-0.0045000000000000005,0.0083,0.0
1936-12-30,0.0181,0.0039000000000000003,0.006999999999999999,0.0
1936-12-31,-0.0029,0.0072,-0.0034999999999999996,0.0
1937-01-02,-0.0083,0.0022,-0.0001,0.0
1937-01-04,-0.0049,0.0018,0.0045000000000000005,0.0
1937-01-05,0.0077,-0.0001,0.0034999999999999996,0.0
1937-01-06,0.0015,-0.0013,0.0023,0.0
1937-01-07,0.0182,0.0037,0.0046,0.0
1937-01-08,0.0038,0.0068000000000000005,0.0058,0.0
1937-01-09,-0.0004,0.0055000000000000005,0.0015,0.0
1937-01-11,0.0049,0.0045000000000000005,0.01,0.0
1937-01-12,0.0002,-0.0001,-0.002,0.0
1937-01-13,0.0016,0.0029,0.0023,0.0
1937-01-14,0.001,0.0042,-0.011399999999999999,0.0
1937-01-15,0.003,0.0034000000000000002,0.0031,0.0
1937-01-16,0.0064,0.0040999999999999995,0.0014000000000000002,0.0
1937-01-18,-0.0037,-0.0002,-0.0025,0.0
1937-01-19,-0.0073,-0.0036,-0.0022,0.0
1937-01-20,0.0105,0.0059,0.0068000000000000005,0.0
1937-01-21,0.0059,0.0005,0.0009,0.0
1937-01-22,-0.004699999999999999,0.0046,0.0037,0.0
1937-01-23,0.0023,-0.001,-0.0014000000000000002,0.0
1937-01-25,-0.0064,-0.003,-0.01,0.0
1937-01-26,-0.0138,-0.0063,-0.0052,0.0
1937-01-27,0.0060999999999999995,0.004699999999999999,0.0018,0.0
1937-01-28,0.0003,0.0023,0.0025,0.0
1937-01-29,0.005699999999999999,0.0012,0.0034000000000000002,0.0
1937-01-30,0.0040999999999999995,0.0003,0.0032,0.0
1937-02-01,0.0027,0.0007000000000000001,0.0001,0.0
1937-02-02,0.0068000000000000005,-0.0063,0.0028000000000000004,0.0
1937-02-03,0.0059,-0.0006,0.0108,0.0
1937-02-04,0.0009,0.0016,-0.0037,0.0
1937-02-05,-0.0137,-0.0033,-0.0044,0.0
1937-02-06,0.0087,0.0086,0.0085,0.0
1937-02-08,0.004699999999999999,0.0055000000000000005,0.0066,0.0
1937-02-09,-0.0031,0.0005,-0.0055000000000000005,0.0
1937-02-10,0.0070999999999999995,-0.0002,0.011899999999999999,0.0
1937-02-11,0.005,-0.006999999999999999,-0.0039000000000000003,0.0
1937-02-13,-0.0017000000000000001,0.0034999999999999996,-0.005699999999999999,0.0
1937-02-15,-0.0077,0.0026,-0.003,0.0
1937-02-16,0.001,-0.0009,0.0048,0.0
1937-02-17,-0.0013,0.0009,0.005699999999999999,0.0
1937-02-18,0.0028000000000000004,-0.0008,0.0067,0.0
1937-02-19,0.005,-0.0018,0.0103,0.0
1937-02-20,-0.0014000000000000002,-0.0009,0.0051,0.0
1937-02-23,-0.0178,-0.0039000000000000003,-0.0067,0.0
1937-02-24,0.0031,0.0032,0.0009,0.0
1937-02-25,-0.0015,0.0064,-0.0017000000000000001,0.0
1937-02-26,0.0027,0.002,0.0023,0.0
1937-02-27,0.0031,-0.0031,0.0003,0.0
1937-03-01,0.0016,0.0,0.0052,0.0
1937-03-02,0.009300000000000001,-0.0012,0.0021,0.0
1937-03-03,0.0111,-0.0064,0.0155,0.0
1937-03-04,-0.0059,-0.0016,-0.0031,0.0
1937-03-05,0.0091,-0.0025,0.012199999999999999,0.0
1937-03-06,0.0033,-0.0005,0.0064,0.0
1937-03-08,-0.0042,-0.0014000000000000002,0.0036,0.0
1937-03-09,0.0012,-0.0039000000000000003,0.003,0.0
1937-03-10,0.0054,-0.0008,0.0058,0.0
1937-03-11,-0.01,-0.0037,-0.0044,0.0
1937-03-12,-0.0034000000000000002,0.0063,0.004,0.0
1937-03-13,-0.0014000000000000002,0.0037,-0.0018,0.0
1937-03-15,-0.006,0.0042,0.0,0.0
1937-03-16,0.0049,0.0144,0.0276,0.0
1937-03-17,-0.0036,0.0001,0.015600000000000001,0.0
1937-03-18,-0.0191,-0.0040999999999999995,-0.012199999999999999,0.0
1937-03-19,-0.0006,0.0033,0.0,0.0
1937-03-20,-0.002,0.0002,0.0014000000000000002,0.0
1937-03-22,-0.026600000000000002,-0.006500000000000001,-0.0176,0.0
1937-03-23,0.013000000000000001,-0.0007000000000000001,0.0141,0.0
1937-03-24,0.0089,0.0017000000000000001,0.0018,0.0
1937-03-25,-0.0007000000000000001,0.002,-0.0040999999999999995,0.0
1937-03-27,0.0034000000000000002,0.0007000000000000001,0.0055000000000000005,0.0
1937-03-29,-0.0043,0.0019,0.0002,0.0
1937-03-30,0.0134,-0.008100000000000001,0.0123,0.0
1937-03-31,0.0021,0.0021,-0.0044,0.0
1937-04-01,-0.0088,-0.0004,-0.0068000000000000005,0.0
1937-04-02,-0.012,-0.0069,-0.009000000000000001,0.0
1937-04-03,0.0039000000000000003,0.0025,0.0043,0.0
1937-04-05,0.0039000000000000003,-0.0007000000000000001,0.0013,0.0
1937-04-06,-0.0064,0.0006,-0.0058,0.0
1937-04-07,-0.0301,-0.0064,-0.01,0.0
1937-04-08,0.0023,-0.0033,0.0037,0.0
1937-04-09,0.0040999999999999995,0.0054,-0.0003,0.0
1937-04-10,-0.0014000000000000002,0.0044,-0.002,0.0
1937-04-12,0.005,-0.004699999999999999,0.0028000000000000004,0.0
1937-04-13,0.0113,0.0062,0.0005,0.0
1937-04-14,0.0019,0.0009,0.0002,0.0
1937-04-15,-0.0034999999999999996,-0.001,0.0003,0.0
1937-04-16,-0.0042,-0.0024,-0.0025,0.0
1937-04-17,-0.0027,0.0040999999999999995,-0.0060999999999999995,0.0
1937-04-19,0.0040999999999999995,-0.004,0.005699999999999999,0.0
1937-04-20,0.0028000000000000004,-0.0021,0.002,0.0
1937-04-21,0.0106,-0.005699999999999999,-0.0046,0.0
1937-04-22,-0.011699999999999999,0.0034999999999999996,-0.0023,0.0
1937-04-23,-0.0148,0.0007000000000000001,-0.0004,0.0
1937-04-24,-0.0086,-0.0072,-0.0012,0.0
1937-04-26,-0.0318,-0.0102,-0.0144,0.0
1937-04-27,0.0123,-0.0084,0.004,0.0
1937-04-28,-0.028999999999999998,-0.015,-0.012199999999999999,0.0
1937-04-29,0.003,0.0053,-0.003,0.0
1937-04-30,0.026099999999999998,0.0040999999999999995,0.019,0.0
1937-05-01,0.0018,0.0059,-0.0021,0.0
1937-05-03,0.0026,-0.002,-0.0022,0.0
1937-05-04,0.0126,-0.0013,-0.0007000000000000001,0.0
1937-05-05,-0.0073,0.0019,-0.0011,0.0
1937-05-06,0.0048,-0.0060999999999999995,0.011200000000000002,0.0
1937-05-07,-0.0014000000000000002,0.006999999999999999,-0.0001,0.0
1937-05-08,-0.0026,0.0,-0.004,0.0
1937-05-10,-0.0182,0.002,-0.012,0.0
1937-05-11,-0.0009,-0.0025,-0.0024,0.0
1937-05-12,-0.0029,-0.0002,0.0015,0.0
1937-05-13,-0.029300000000000003,-0.018799999999999997,-0.011000000000000001,0.0
1937-05-14,0.0092,0.0009,0.0044,0.0
1937-05-15,0.0026,0.0016,0.0003,0.0
1937-05-17,-0.0113,0.0034999999999999996,-0.0075,0.0
1937-05-18,0.01,-0.0063,0.0073,0.0
1937-05-19,-0.0005,0.0055000000000000005,-0.0052,0.0
1937-05-20,0.0217,-0.0002,0.0036,0.0
1937-05-21,0.0027,0.0033,-0.0043,0.0
1937-05-22,0.0101,-0.0002,0.0064,0.0
1937-05-24,0.0004,-0.0014000000000000002,-0.0004,0.0
1937-05-25,-0.0108,0.0039000000000000003,-0.0103,0.0
1937-05-26,-0.0021,-0.0006,-0.0003,0.0
1937-05-27,0.0005,-0.0021,-0.0044,0.0
1937-05-28,0.0012,-0.0006,-0.0004,0.0
1937-06-01,-0.0134,-0.0115,-0.0002,0.0
1937-06-02,0.0064,-0.0022,0.0009,0.0
1937-06-03,0.0014000000000000002,-0.0034000000000000002,-0.0049,0.0
1937-06-04,0.0102,0.0040999999999999995,0.001,0.0
1937-06-05,0.0019,0.002,0.0014000000000000002,0.0
1937-06-07,-0.005,-0.0003,-0.0039000000000000003,0.0
1937-06-08,0.0034000000000000002,-0.0014000000000000002,0.0025,0.0
1937-06-09,-0.0055000000000000005,0.0037,0.0008,0.0
1937-06-10,-0.0039000000000000003,-0.002,0.0001,0.0
1937-06-11,-0.0129,-0.0026,-0.0043,0.0
1937-06-12,-0.008,-0.0032,-0.0025,0.0
1937-06-14,-0.024,-0.0072,-0.009000000000000001,0.0
1937-06-15,0.01,0.0023,-0.0013,0.0
1937-06-16,-0.009300000000000001,-0.003,-0.0032,0.0
1937-06-17,0.0089,-0.012199999999999999,-0.0022,0.0
1937-06-18,0.0075,0.003,0.0009,0.0
1937-06-19,-0.0018,0.0025,-0.0016,0.0
1937-06-21,-0.0072,-0.0008,-0.0075,0.0
1937-06-22,-0.0019,0.0053,-0.0068000000000000005,0.0
1937-06-23,0.0063,-0.0032,0.0053,0.0
1937-06-24,0.0042,-0.0012,0.0028000000000000004,0.0
1937-06-25,-0.004699999999999999,0.0013,-0.0026,0.0
1937-06-26,-0.009000000000000001,0.0012,-0.0059,0.0
1937-06-28,-0.0152,-0.006500000000000001,-0.0027,0.0
1937-06-29,0.0022,-0.0018,0.0036,0.0
1937-06-30,0.0175,-0.0044,0.0068000000000000005,0.0
1937-07-01,0.0064,0.0033,0.0028000000000000004,0.0
1937-07-02,0.0118,0.0049,0.0074,0.0
1937-07-06,0.029500000000000002,0.0028000000000000004,0.0102,0.0
1937-07-07,0.0087,0.0131,0.0018,0.0
1937-07-08,0.0023,0.0038,0.0095,0.0
1937-07-09,-0.002,0.0042,0.0001,0.0
1937-07-10,-0.0026,0.0013,-0.0026,0.0
1937-07-12,0.0131,0.0003,0.004,0.0
1937-07-13,-0.0049,-0.0019,-0.0043,0.0
1937-07-14,0.0014000000000000002,-0.0031,-0.0070999999999999995,0.0
1937-07-15,0.0042,-0.0055000000000000005,-0.0008,0.0
1937-07-16,-0.0025,-0.0019,-0.0027,0.0
1937-07-17,0.0009,-0.0004,-0.0014000000000000002,0.0
1937-07-19,0.0127,-0.0037,0.0008,0.0
1937-07-20,0.0091,-0.006,0.006999999999999999,0.0
1937-07-21,-0.005699999999999999,0.0043,-0.0074,0.0
1937-07-22,0.0031,0.0017000000000000001,0.0018,0.0
1937-07-23,0.0023,-0.0016,-0.0049,0.0
1937-07-24,0.006500000000000001,-0.0059,0.003,0.0
1937-07-26,-0.0018,0.0040999999999999995,-0.0004,0.0
1937-07-27,-0.002,-0.001,-0.0017000000000000001,0.0
1937-07-28,-0.011899999999999999,0.0025,-0.0039000000000000003,0.0
1937-07-29,-0.0027,-0.0001,-0.0023,0.0
1937-07-30,0.0027,-0.0086,-0.004,0.0
1937-07-31,0.0079,0.0016,0.0036,0.0
1937-08-02,0.0018,0.0027,0.0024,0.0
1937-08-03,-0.0055000000000000005,0.0033,-0.005,0.0
1937-08-04,0.0040999999999999995,-0.001,0.0091,0.0
1937-08-05,-0.0040999999999999995,0.0038,-0.0007000000000000001,0.0
1937-08-06,-0.0033,-0.0009,-0.0058,0.0
1937-08-07,0.0068000000000000005,-0.0040999999999999995,0.0036,0.0
1937-08-09,0.0031,0.0003,0.0008,0.0
1937-08-10,-0.0018,-0.0019,-0.0029,0.0
1937-08-11,-0.0005,-0.0006,-0.005699999999999999,0.0
1937-08-12,0.0049,-0.0042,0.0059,0.0
1937-08-13,0.008,0.0002,-0.0031,0.0
1937-08-14,0.0027,0.0024,-0.0008,0.0
1937-08-16,-0.0064,0.0023,-0.0068000000000000005,0.0
1937-08-17,-0.0034000000000000002,0.002,-0.0018,0.0
1937-08-18,-0.008100000000000001,0.004699999999999999,-0.0015,0.0
1937-08-19,-0.0121,-0.0025,-0.0005,0.0
1937-08-20,-0.0109,-0.0013,-0.0034999999999999996,0.0
1937-08-21,0.0048,0.0006,0.0044,0.0
1937-08-23,-0.0076,0.005699999999999999,-0.0015,0.0
1937-08-24,0.0060999999999999995,-0.0068000000000000005,0.0019,0.0
1937-08-25,-0.004699999999999999,0.0014000000000000002,-0.005699999999999999,0.0
1937-08-26,-0.0173,-0.0005,-0.0034000000000000002,0.0
1937-08-27,-0.014199999999999999,-0.0021,0.0017000000000000001,0.0
1937-08-28,0.0024,0.0019,-0.0014000000000000002,0.0
1937-08-30,0.0084,-0.0073,0.0025,0.0
1937-08-31,-0.0023,0.0067,-0.0059,0.0
1937-09-01,-0.0235,0.0007000000000000001,-0.0067,0.0
1937-09-02,-0.0125,-0.0043,0.0005,0.0
1937-09-03,0.0060999999999999995,-0.0022,0.0046,0.0
1937-09-04,0.0044,-0.0042,0.0015,0.0
1937-09-07,-0.054900000000000004,-0.0175,-0.0175,0.0
1937-09-08,-0.0097,-0.0279,-0.0085,0.0
1937-09-09,0.0215,-0.0018,0.013500000000000002,0.0
1937-09-10,-0.0496,-0.009399999999999999,-0.0101,0.0
1937-09-11,0.009399999999999999,-0.0171,0.0025,0.0
1937-09-13,-0.0151,-0.0118,-0.0059,0.0
1937-09-14,0.0349,0.0207,0.0063,0.0
1937-09-15,0.0016,0.0158,-0.0008,0.0
1937-09-16,0.0152,-0.0052,0.0105,0.0
1937-09-17,-0.019,0.0045000000000000005,-0.015300000000000001,0.0
1937-09-18,-0.0264,0.009300000000000001,-0.0007000000000000001,0.0
1937-09-20,-0.010700000000000001,-0.013600000000000001,-0.0023,0.0
1937-09-21,0.0075,-0.0022,-0.0011,0.0
1937-09-22,0.0031,-0.0006,0.0040999999999999995,0.0
1937-09-23,-0.021099999999999997,0.0027,-0.0092,0.0
1937-09-24,-0.044000000000000004,-0.0191,-0.0040999999999999995,0.0
1937-09-25,-0.0089,-0.021400000000000002,-0.006999999999999999,0.0
1937-09-27,0.0331,-0.0143,0.0108,0.0
1937-09-28,0.014199999999999999,0.0199,-0.005600000000000001,0.0
1937-09-29,0.0043,0.0028000000000000004,-0.0124,0.0
1937-09-30,0.0004,0.0159,0.0028000000000000004,0.0
1937-10-01,-0.0036,0.0011,-0.0006,0.0
1937-10-02,0.0038,0.002,0.0062,0.0
1937-10-04,-0.0101,0.005600000000000001,-0.009300000000000001,0.0
1937-10-05,-0.0524,-0.006,0.0045000000000000005,0.0
1937-10-06,0.02,-0.0194,-0.005699999999999999,0.0
1937-10-07,-0.0019,0.019,-0.0077,0.0
1937-10-08,-0.0225,0.0003,-0.0069,0.0
1937-10-09,-0.0005,-0.0102,-0.0003,0.0
1937-10-11,-0.038599999999999995,-0.006999999999999999,-0.0239,0.0
1937-10-13,-0.0091,-0.0378,0.0027,0.0
1937-10-14,-0.0147,-0.0002,-0.0053,0.0
1937-10-15,-0.0143,-0.02,0.004,0.0
1937-10-16,-0.0001,-0.0204,0.0031,0.0
1937-10-18,-0.0819,-0.0066,0.0028000000000000004,0.0
1937-10-19,0.004699999999999999,-0.0698,-0.0246,0.0
1937-10-20,0.0867,0.0818,0.030600000000000002,0.0
1937-10-21,0.025699999999999997,0.0458,0.027000000000000003,0.0
1937-10-22,-0.0217,0.0209,-0.0025,0.0
1937-10-23,-0.0432,-0.0001,-0.0217,0.0
1937-10-25,0.0527,-0.0004,-0.0052,0.0
1937-10-26,-0.0129,0.0144,-0.0031,0.0
1937-10-27,-0.004,-0.006999999999999999,0.0026,0.0
1937-10-28,0.025099999999999997,0.0217,0.0128,0.0
1937-10-29,0.0259,0.0097,0.0111,0.0
1937-10-30,-0.0001,0.0052,0.0024,0.0
1937-11-01,-0.0196,0.0014000000000000002,-0.0013,0.0
1937-11-03,-0.0418,-0.0034000000000000002,-0.0155,0.0
1937-11-04,-0.0078000000000000005,-0.0029,0.0022,0.0
1937-11-05,0.002,0.0053,-0.0005,0.0
1937-11-06,-0.0254,-0.0018,-0.0059,0.0
1937-11-08,-0.0044,-0.0137,0.0051,0.0
1937-11-09,0.016399999999999998,0.0001,0.0144,0.0
1937-11-10,0.05,-0.009000000000000001,0.005699999999999999,0.0
1937-11-12,0.0023,0.0144,-0.003,0.0
1937-11-13,0.0006,-0.003,0.0042,0.0
1937-11-15,-0.0242,0.008100000000000001,-0.0042,0.0
1937-11-16,-0.0088,-0.0129,0.0032,0.0
1937-11-17,-0.004699999999999999,0.005699999999999999,-0.005,0.0
1937-11-18,-0.0183,-0.0039000000000000003,-0.0049,0.0
1937-11-19,-0.0513,-0.0108,-0.0011,0.0
1937-11-20,0.019799999999999998,-0.013300000000000001,0.0070999999999999995,0.0
1937-11-22,-0.0408,0.0199,-0.0022,0.0
1937-11-23,0.005699999999999999,-0.021400000000000002,0.0079,0.0
1937-11-24,-0.017,0.0106,-0.0088,0.0
1937-11-26,0.0391,-0.0105,0.0168,0.0
1937-11-27,0.047,0.0011,-0.0028000000000000004,0.0
1937-11-29,-0.0141,0.0009,-0.0085,0.0
1937-11-30,0.0165,-0.0018,0.0022,0.0
1937-12-01,-0.0113,-0.0036,-0.0116,0.0
1937-12-02,0.0161,-0.016399999999999998,0.0097,0.0
1937-12-03,0.016399999999999998,0.0048,-0.0005,0.0
1937-12-04,0.0016,0.0007000000000000001,-0.0025,0.0
1937-12-06,-0.013999999999999999,0.0008,-0.008100000000000001,0.0
1937-12-07,0.0116,-0.0127,0.0003,0.0
1937-12-08,0.0102,0.004699999999999999,0.0097,0.0
1937-12-09,-0.014199999999999999,0.0028000000000000004,-0.0054,0.0
1937-12-10,-0.009300000000000001,-0.0018,-0.001,0.0
1937-12-11,0.0002,-0.0026,0.0045000000000000005,0.0
1937-12-13,-0.0274,0.0049,-0.0060999999999999995,0.0
1937-12-14,0.0025,-0.0092,0.0018,0.0
1937-12-15,0.005699999999999999,-0.0079,0.0019,0.0
1937-12-16,0.012,-0.0092,-0.0009,0.0
1937-12-17,-0.005600000000000001,-0.0051,-0.0029,0.0
1937-12-18,0.011000000000000001,-0.0101,0.0058,0.0
1937-12-20,0.0137,-0.006,0.0039000000000000003,0.0
1937-12-21,0.0034999999999999996,-0.0068000000000000005,0.0003,0.0
1937-12-22,-0.0126,0.0013,-0.006,0.0
1937-12-23,-0.006999999999999999,-0.009899999999999999,-0.0023,0.0
1937-12-24,-0.0027,0.0027,0.0022,0.0
1937-12-27,-0.0287,-0.0066,-0.0027,0.0
1937-12-28,-0.0327,-0.008,-0.0003,0.0
1937-12-29,0.0051,-0.0206,0.0029,0.0
1937-12-30,0.0169,0.0177,0.0017000000000000001,0.0
1937-12-31,-0.0024,0.0105,0.0034999999999999996,0.0
1938-01-03,0.0017000000000000001,0.0203,-0.0016,0.0
1938-01-04,0.0318,-0.0128,-0.0005,0.0
1938-01-05,-0.0004,0.0191,-0.006999999999999999,0.0
1938-01-06,0.0383,0.0004,0.0031,0.0
1938-01-07,-0.004699999999999999,0.0187,0.002,0.0
1938-01-08,0.0226,0.005,0.005,0.0
1938-01-10,0.018799999999999997,0.0176,0.0004,0.0
1938-01-11,0.006999999999999999,0.0055000000000000005,-0.0019,0.0
1938-01-12,-0.0067,0.009399999999999999,0.0005,0.0
1938-01-13,-0.011200000000000002,-0.001,-0.003,0.0
1938-01-14,0.0003,-0.006999999999999999,0.0004,0.0
1938-01-15,0.0172,-0.0001,0.0007000000000000001,0.0
1938-01-17,-0.0179,0.0036,-0.0078000000000000005,0.0
1938-01-18,-0.0083,-0.0022,-0.004,0.0
1938-01-19,-0.0109,-0.0069,-0.0039000000000000003,0.0
1938-01-20,0.0149,-0.0008,0.0036,0.0
1938-01-21,-0.0137,0.0063,-0.0023,0.0
1938-01-22,-0.0055000000000000005,-0.003,-0.0043,0.0
1938-01-24,-0.0014000000000000002,-0.0003,0.0097,0.0
1938-01-25,-0.0118,-0.0014000000000000002,-0.0067,0.0
1938-01-26,-0.036000000000000004,-0.0139,0.0016,0.0
1938-01-27,-0.0143,-0.0013,-0.0060999999999999995,0.0
1938-01-28,-0.0111,-0.004,-0.0012,0.0
1938-01-29,-0.0013,0.0104,0.0032,0.0
1938-01-31,0.0108,-0.013500000000000002,0.0064,0.0
1938-02-01,0.015700000000000002,-0.0004,0.0015,0.0
1938-02-02,-0.011000000000000001,0.009000000000000001,-0.0068000000000000005,0.0
1938-02-03,-0.037599999999999995,-0.0021,0.0072,0.0
1938-02-04,0.0163,-0.0113,-0.005600000000000001,0.0
1938-02-05,0.0173,0.006500000000000001,0.0028000000000000004,0.0
1938-02-07,-0.0116,0.013000000000000001,-0.0043,0.0
1938-02-08,0.031200000000000002,-0.0168,0.0036,0.0
1938-02-09,-0.0016,0.0079,-0.0034000000000000002,0.0
1938-02-10,0.0067,-0.0005,0.0002,0.0
1938-02-11,-0.0038,-0.0028000000000000004,0.0016,0.0
1938-02-14,0.008,-0.0069,0.0002,0.0
1938-02-15,-0.0076,0.0098,-0.0079,0.0
1938-02-16,-0.0032,0.0009,0.0012,0.0
1938-02-17,0.0236,-0.0024,-0.0009,0.0
1938-02-18,-0.011000000000000001,0.0059,-0.003,0.0
1938-02-19,0.011399999999999999,-0.009000000000000001,-0.0038,0.0
1938-02-21,0.0147,-0.005600000000000001,0.004,0.0
1938-02-23,0.024399999999999998,-0.0027,0.0044,0.0
1938-02-24,-0.0105,0.0042,-0.0037,0.0
1938-02-25,0.005600000000000001,0.0034000000000000002,0.0034000000000000002,0.0
1938-02-26,-0.004,-0.0016,-0.0034999999999999996,0.0
1938-02-28,-0.0131,0.0042,-0.0049,0.0
1938-03-01,0.0079,-0.0063,0.0008,0.0
1938-03-02,-0.008199999999999999,0.0042,-0.0064,0.0
1938-03-03,-0.0078000000000000005,0.001,-0.0017000000000000001,0.0
1938-03-04,-0.0070999999999999995,0.003,-0.0072,0.0
1938-03-05,-0.0026,-0.0048,0.0023,0.0
1938-03-07,-0.0173,0.0045000000000000005,-0.0045000000000000005,0.0
1938-03-08,-0.0053,-0.0127,-0.0021,0.0
1938-03-09,0.0001,0.0024,-0.0018,0.0
1938-03-10,-0.0092,0.005600000000000001,-0.0044,0.0
1938-03-11,-0.0173,0.0003,-0.0013,0.0
1938-03-12,0.0026,-0.0085,0.0009,0.0
1938-03-14,0.0128,-0.0025,-0.0025,0.0
1938-03-15,0.0246,-0.0012,-0.0042,0.0
1938-03-16,-0.0365,0.0063,-0.0053,0.0
1938-03-17,-0.008,-0.0021,-0.0011,0.0
1938-03-18,-0.0336,-0.0161,-0.0067,0.0
1938-03-19,0.0195,-0.0060999999999999995,0.0044,0.0
1938-03-21,-0.0012,0.0075,-0.0015,0.0
1938-03-22,-0.027000000000000003,-0.0042,-0.0013,0.0
1938-03-23,-0.0229,-0.018000000000000002,-0.0038,0.0
1938-03-24,0.0031,-0.0027,0.0040999999999999995,0.0
1938-03-25,-0.0512,-0.0045000000000000005,-0.0085,0.0
1938-03-26,-0.020099999999999996,-0.0091,-0.0051,0.0
1938-03-28,0.0079,-0.0046,0.0055000000000000005,0.0
1938-03-29,-0.051100000000000007,0.0116,-0.0144,0.0
1938-03-30,-0.0075,0.001,0.013500000000000002,0.0
1938-03-31,-0.0121,-0.0018,0.0049,0.0
1938-04-01,0.0415,0.0011,0.012199999999999999,0.0
1938-04-02,0.0378,0.0149,-0.0032,0.0
1938-04-04,0.006500000000000001,0.0121,0.0068000000000000005,0.0
1938-04-05,0.0191,-0.0034000000000000002,0.0025,0.0
1938-04-06,-0.016200000000000003,0.0075,-0.0084,0.0
1938-04-07,-0.0060999999999999995,0.0045000000000000005,-0.0011,0.0
1938-04-08,0.041100000000000005,-0.0078000000000000005,-0.0051,0.0
1938-04-09,0.057300000000000004,0.0031,0.0046,0.0
1938-04-11,-0.0241,0.0124,0.0034999999999999996,0.0
1938-04-12,0.004,-0.016399999999999998,0.0029,0.0
1938-04-13,0.0043,0.0095,-0.011399999999999999,0.0
1938-04-14,0.0123,-0.0012,-0.0034999999999999996,0.0
1938-04-16,0.0374,0.0068000000000000005,0.0025,0.0
1938-04-18,-0.017,0.0063,-0.0067,0.0
1938-04-19,-0.0233,0.0053,-0.0015,0.0
1938-04-20,-0.005,-0.0073,0.0024,0.0
1938-04-21,0.0055000000000000005,0.0032,-0.0011,0.0
1938-04-22,0.0265,-0.0034999999999999996,0.0053,0.0
1938-04-23,-0.0062,0.0073,-0.0007000000000000001,0.0
1938-04-25,-0.0146,0.0007000000000000001,0.0005,0.0
1938-04-26,-0.0165,0.0046,0.0032,0.0
1938-04-27,0.0072,-0.005,0.0018,0.0
1938-04-28,-0.025,0.0027,-0.0028000000000000004,0.0
1938-04-29,-0.0031,-0.0121,-0.0023,0.0
1938-04-30,-0.0016,0.0092,0.0051,0.0
1938-05-02,-0.0124,-0.0018,0.0008,0.0
1938-05-03,0.022000000000000002,-0.0104,-0.0022,0.0
1938-05-04,0.0121,-0.0058,0.0054,0.0
1938-05-05,-0.0002,0.0006,-0.005,0.0
1938-05-06,0.0358,-0.023399999999999997,0.0149,0.0
1938-05-07,0.0011,0.010700000000000001,-0.004,0.0
1938-05-09,0.0155,-0.0064,0.0003,0.0
1938-05-10,-0.011699999999999999,0.0161,-0.001,0.0
1938-05-11,0.005,-0.0012,0.0034000000000000002,0.0
1938-05-12,-0.005600000000000001,-0.0011,-0.0007000000000000001,0.0
1938-05-13,-0.0116,0.0051,-0.0025,0.0
1938-05-14,-0.0004,0.0013,-0.0001,0.0
1938-05-16,-0.013600000000000001,0.0070999999999999995,-0.0079,0.0
1938-05-17,0.0038,-0.010700000000000001,-0.0008,0.0
1938-05-18,0.0040999999999999995,0.0014000000000000002,-0.0024,0.0
1938-05-19,-0.0152,0.0034999999999999996,-0.008199999999999999,0.0
1938-05-20,-0.0045000000000000005,-0.0032,0.0051,0.0
1938-05-21,-0.011899999999999999,0.0051,-0.0072,0.0
1938-05-23,0.004,-0.0092,0.0055000000000000005,0.0
1938-05-24,-0.012,0.005600000000000001,-0.0051,0.0
1938-05-25,-0.015,0.0018,0.0043,0.0
1938-05-26,-0.024700000000000003,-0.003,-0.005,0.0
1938-05-27,-0.0021,-0.0097,0.0109,0.0
1938-05-28,0.011899999999999999,0.0025,-0.0003,0.0
1938-05-31,-0.0115,-0.0028000000000000004,0.0007000000000000001,0.0
1938-06-01,0.024399999999999998,-0.005600000000000001,-0.0002,0.0
1938-06-02,-0.0005,0.0055000000000000005,0.0017000000000000001,0.0
1938-06-03,-0.0097,0.0028000000000000004,-0.0027,0.0
1938-06-04,0.0194,-0.0072,-0.0036,0.0
1938-06-06,0.0079,-0.0007000000000000001,-0.0025,0.0
1938-06-07,-0.0033,0.009899999999999999,-0.0060999999999999995,0.0
1938-06-08,0.0031,-0.0088,-0.0044,0.0
1938-06-09,0.020099999999999996,-0.005600000000000001,0.0044,0.0
1938-06-10,-0.0086,0.0051,-0.005699999999999999,0.0
1938-06-11,-0.0031,0.0003,0.0075,0.0
1938-06-13,-0.0181,0.0127,-0.0044,0.0
1938-06-14,0.0072,-0.010700000000000001,-0.0016,0.0
1938-06-15,0.0042,0.0077,-0.0125,0.0
1938-06-16,0.0077,-0.0060999999999999995,0.0028000000000000004,0.0
1938-06-17,-0.006500000000000001,0.0007000000000000001,0.0033,0.0
1938-06-18,0.0007000000000000001,0.0013,-0.0024,0.0
1938-06-20,0.046900000000000004,-0.014199999999999999,0.0070999999999999995,0.0
1938-06-21,0.023799999999999998,0.008100000000000001,0.0033,0.0
1938-06-22,0.0276,0.006,0.0008,0.0
1938-06-23,0.0277,0.0108,0.0079,0.0
1938-06-24,0.0102,0.002,-0.0052,0.0
1938-06-25,0.019,-0.0048,0.0086,0.0
1938-06-27,-0.0063,0.0191,-0.0059,0.0
1938-06-28,-0.0028000000000000004,-0.0064,-0.0022,0.0
1938-06-29,0.0426,-0.0017000000000000001,0.0060999999999999995,0.0
1938-06-30,-0.0148,0.0126,0.0104,0.0
1938-07-01,0.0253,-0.009300000000000001,0.0146,0.0
1938-07-02,0.0172,0.0083,0.0097,0.0
1938-07-05,-0.014499999999999999,0.0022,-0.0026,0.0
1938-07-06,0.0138,0.0074,0.0004,0.0
1938-07-07,-0.0008,0.0149,0.013000000000000001,0.0
1938-07-08,-0.0134,0.0038,-0.0046,0.0
1938-07-09,0.0040999999999999995,-0.0043,-0.0016,0.0
1938-07-11,-0.015300000000000001,0.0048,-0.0113,0.0
1938-07-12,0.0233,-0.0026,0.009399999999999999,0.0
1938-07-13,-0.0004,0.020099999999999996,-0.0015,0.0
1938-07-14,-0.011200000000000002,-0.0046,-0.0046,0.0
1938-07-15,0.011899999999999999,-0.0076,0.0051,0.0
1938-07-16,0.0087,0.0060999999999999995,0.0029,0.0
1938-07-18,0.0172,0.0062,0.0019,0.0
1938-07-19,0.022099999999999998,-0.003,0.006500000000000001,0.0
1938-07-20,-0.0066,0.0025,0.0058,0.0
1938-07-21,-0.0009,0.0034999999999999996,0.0055000000000000005,0.0
1938-07-22,0.0023,0.0083,0.0031,0.0
1938-07-23,0.0137,0.0,0.0032,0.0
1938-07-25,0.0051,0.008199999999999999,-0.0131,0.0
1938-07-26,-0.0098,0.002,-0.0066,0.0
1938-07-27,-0.0297,-0.016,-0.0116,0.0
1938-07-28,0.0159,0.0024,0.0008,0.0
1938-07-29,-0.008,0.0102,-0.0040999999999999995,0.0
1938-07-30,0.0032,-0.0027,0.003,0.0
1938-08-01,-0.0075,-0.0070999999999999995,-0.0031,0.0
1938-08-02,0.0070999999999999995,0.0016,0.003,0.0
1938-08-03,-0.0073,-0.0001,-0.0124,0.0
1938-08-04,0.0051,-0.0066,-0.0039000000000000003,0.0
1938-08-05,0.0194,0.0,0.0098,0.0
1938-08-06,0.0106,0.0059,0.0037,0.0
1938-08-08,-0.0073,-0.003,-0.0033,0.0
1938-08-09,-0.0066,-0.0076,-0.0009,0.0
1938-08-10,-0.008,0.0021,-0.0055000000000000005,0.0
1938-08-11,-0.0227,-0.0052,-0.0073,0.0
1938-08-12,-0.019,-0.013300000000000001,-0.0143,0.0
1938-08-13,-0.0044,-0.0028000000000000004,0.0027,0.0
1938-08-15,0.005600000000000001,0.0045000000000000005,-0.0004,0.0
1938-08-16,0.0118,-0.0017000000000000001,0.0017000000000000001,0.0
1938-08-17,0.0016,0.0026,-0.0036,0.0
1938-08-18,-0.0023,-0.0021,-0.0033,0.0
1938-08-19,0.0137,-0.0028000000000000004,0.0059,0.0
1938-08-20,0.0014000000000000002,0.0022,0.0031,0.0
1938-08-22,-0.0044,0.0014000000000000002,-0.0049,0.0
1938-08-23,0.021400000000000002,0.0036,0.0021,0.0
1938-08-24,0.0018,0.011699999999999999,0.0001,0.0
1938-08-25,0.0048,-0.003,0.0053,0.0
1938-08-26,-0.0072,0.0046,-0.002,0.0
1938-08-27,-0.009899999999999999,-0.0031,-0.0046,0.0
1938-08-29,-0.0354,-0.0073,-0.0123,0.0
1938-08-30,0.0115,-0.0012,0.0037,0.0
1938-08-31,0.0011,0.0018,-0.0073,0.0
1938-09-01,-0.0091,-0.0062,-0.0066,0.0
1938-09-02,0.0203,-0.0051,0.006,0.0
1938-09-03,0.009000000000000001,0.0067,0.0015,0.0
1938-09-06,-0.01,-0.0021,-0.0015,0.0
1938-09-07,0.0126,0.0011,0.0040999999999999995,0.0
1938-09-08,-0.006999999999999999,0.0033,-0.0060999999999999995,0.0
1938-09-09,-0.0191,-0.0062,-0.0043,0.0
1938-09-10,-0.0106,-0.0012,-0.0012,0.0
1938-09-12,0.0105,-0.009000000000000001,-0.0004,0.0
1938-09-13,-0.0454,0.0084,-0.0305,0.0
1938-09-14,-0.0206,-0.049400000000000006,-0.0143,0.0
1938-09-15,0.0347,0.0066,0.0148,0.0
1938-09-16,-0.0187,0.0007000000000000001,-0.0073,0.0
1938-09-17,-0.022400000000000003,-0.008199999999999999,-0.011699999999999999,0.0
1938-09-19,0.0271,0.0181,0.0147,0.0
1938-09-20,0.0349,0.0077,0.0104,0.0
1938-09-21,0.0053,0.005699999999999999,0.011699999999999999,0.0
1938-09-22,-0.0147,0.0006,-0.0064,0.0
1938-09-23,-0.0282,-0.009300000000000001,-0.0104,0.0
1938-09-24,-0.0067,-0.013300000000000001,0.0023,0.0
1938-09-26,-0.0268,0.0013,-0.012199999999999999,0.0
1938-09-27,-0.0014000000000000002,0.0048,-0.0042,0.0
1938-09-28,0.038599999999999995,0.0024,0.0169,0.0
1938-09-29,0.0349,0.0067,0.013300000000000001,0.0
1938-09-30,0.0275,0.013500000000000002,0.013000000000000001,0.0
1938-10-01,0.0166,0.0034999999999999996,0.0132,0.0
1938-10-03,0.008100000000000001,0.013999999999999999,-0.0072,0.0
1938-10-04,0.0001,0.0032,-0.0052,0.0
1938-10-05,0.0282,0.0033,0.0241,0.0
1938-10-06,-0.0026,0.0070999999999999995,-0.0013,0.0
1938-10-07,0.0004,-0.0026,0.0059,0.0
1938-10-08,0.0101,0.0026,0.0134,0.0
1938-10-10,-0.0022,0.0072,-0.0063,0.0
1938-10-11,-0.005699999999999999,-0.0007000000000000001,-0.0007000000000000001,0.0
1938-10-13,0.0241,-0.0012,0.0084,0.0
1938-10-14,-0.0055000000000000005,-0.0004,-0.004699999999999999,0.0
1938-10-15,0.0083,-0.004,0.0021,0.0
1938-10-17,-0.011699999999999999,-0.0003,-0.0058,0.0
1938-10-18,0.0097,0.0048,0.0051,0.0
1938-10-19,-0.0118,0.0067,0.0,0.0
1938-10-20,0.012199999999999999,-0.0113,0.0063,0.0
1938-10-21,0.0023,0.0105,0.0001,0.0
1938-10-22,0.010700000000000001,-0.0002,0.0069,0.0
1938-10-24,0.0019,0.0026,-0.002,0.0
1938-10-25,0.001,0.0043,0.0034999999999999996,0.0
1938-10-26,-0.009399999999999999,0.0016,-0.0023,0.0
1938-10-27,0.0025,-0.0055000000000000005,0.0029,0.0
1938-10-28,-0.01,-0.0006,0.0006,0.0
1938-10-29,-0.0033,0.0024,-0.0044,0.0
1938-10-31,0.0026,0.0052,-0.0054,0.0
1938-11-01,-0.0026,0.0058,0.0031,0.0
1938-11-02,0.0017000000000000001,-0.005600000000000001,0.0016,0.0
1938-11-03,0.0025,-0.003,0.0124,0.0
1938-11-04,-0.002,0.0017000000000000001,-0.0058,0.0
1938-11-05,0.0029,-0.0001,0.0004,0.0
1938-11-07,0.015600000000000001,0.005600000000000001,0.0009,0.0
1938-11-09,0.0242,-0.0063,0.0091,0.0
1938-11-10,-0.0037,0.0029,-0.0044,0.0
1938-11-12,0.0049,0.0015,0.0092,0.0
1938-11-14,-0.0173,0.0101,-0.0104,0.0
1938-11-15,-0.0053,-0.0058,0.0002,0.0
1938-11-16,-0.0225,-0.0043,-0.0102,0.0
1938-11-17,0.0086,-0.0027,0.0029,0.0
1938-11-18,-0.0182,-0.008,-0.0088,0.0
1938-11-19,0.0026,0.0015,0.0042,0.0
1938-11-21,-0.0007000000000000001,-0.0016,-0.006,0.0
1938-11-22,-0.0059,0.0029,-0.0088,0.0
1938-11-23,0.0034999999999999996,-0.0034000000000000002,0.0068000000000000005,0.0
1938-11-25,0.0023,0.0007000000000000001,0.0017000000000000001,0.0
1938-11-26,-0.0132,-0.0015,-0.0106,0.0
1938-11-28,-0.0166,-0.0113,-0.0116,0.0
1938-11-29,0.0032,0.0022,0.0,0.0
1938-11-30,0.019799999999999998,-0.0078000000000000005,0.0138,0.0
1938-12-01,-0.0034000000000000002,0.0072,-0.0026,0.0
1938-12-02,-0.009399999999999999,-0.0031,-0.0129,0.0
1938-12-03,-0.0002,0.001,-0.004699999999999999,0.0
1938-12-05,-0.0039000000000000003,-0.0044,-0.0049,0.0
1938-12-06,0.0063,-0.0004,0.0066,0.0
1938-12-07,0.0026,0.0026,-0.0044,0.0
1938-12-08,-0.0092,-0.005699999999999999,-0.01,0.0
1938-12-09,-0.0054,-0.002,-0.009399999999999999,0.0
1938-12-10,0.006500000000000001,-0.0042,0.0038,0.0
1938-12-12,0.0042,-0.0009,-0.0026,0.0
1938-12-13,0.0075,-0.0077,0.0054,0.0
1938-12-14,0.02,0.0007000000000000001,0.0064,0.0
1938-12-15,0.0028000000000000004,0.0048,0.0013,0.0
1938-12-16,-0.004699999999999999,-0.0055000000000000005,-0.009000000000000001,0.0
1938-12-17,-0.0034000000000000002,-0.0034999999999999996,-0.004,0.0
1938-12-19,-0.005699999999999999,0.0004,-0.0014000000000000002,0.0
1938-12-20,-0.0029,-0.008100000000000001,-0.0052,0.0
1938-12-21,-0.0085,-0.0044,-0.0022,0.0
1938-12-22,0.0054,-0.0076,0.0074,0.0
1938-12-23,0.008199999999999999,0.0023,0.0111,0.0
1938-12-24,0.0042,-0.0002,0.0111,0.0
1938-12-27,-0.009300000000000001,-0.0034999999999999996,-0.0078000000000000005,0.0
1938-12-28,0.0076,-0.0032,0.0037,0.0
1938-12-29,0.023,0.0116,0.0225,0.0
1938-12-30,0.0053,0.0092,0.0026,0.0
1938-12-31,0.0042,0.0084,0.006,0.0
1939-01-03,-0.006999999999999999,0.0054,-0.0042,0.0
1939-01-04,0.0092,0.0077,0.0123,0.0
1939-01-05,-0.0106,-0.0004,-0.0126,0.0
1939-01-06,0.0006,-0.0014000000000000002,0.0053,0.0
1939-01-07,-0.009899999999999999,0.0012,-0.0033,0.0
1939-01-09,-0.0091,-0.0027,-0.0074,0.0
1939-01-10,0.0017000000000000001,0.0043,-0.001,0.0
1939-01-11,-0.0167,-0.0037,-0.0092,0.0
1939-01-12,-0.0077,-0.0102,-0.0038,0.0
1939-01-13,-0.005699999999999999,0.0044,-0.004699999999999999,0.0
1939-01-14,0.0199,-0.0031,0.0173,0.0
1939-01-16,-0.0007000000000000001,0.003,0.0004,0.0
1939-01-17,0.0053,-0.0022,0.0007000000000000001,0.0
1939-01-18,0.0003,0.0029,0.0009,0.0
1939-01-19,0.0075,-0.0015,0.0045000000000000005,0.0
1939-01-20,-0.0015,0.0022,-0.003,0.0
1939-01-21,-0.0195,-0.0005,-0.0143,0.0
1939-01-23,-0.04019999999999999,-0.0067,-0.0217,0.0
1939-01-24,-0.0004,-0.0167,0.005,0.0
1939-01-25,-0.0022,0.0089,-0.0044,0.0
1939-01-26,-0.0274,-0.0059,-0.0169,0.0
1939-01-27,0.0207,-0.0128,0.0072,0.0
1939-01-28,-0.0027,0.0017000000000000001,-0.004,0.0
1939-01-30,0.023799999999999998,-0.0066,0.0108,0.0
1939-01-31,0.013300000000000001,0.0168,0.0074,0.0
1939-02-01,-0.01,0.0052,0.0015,0.0
1939-02-02,0.0184,-0.0087,0.0064,0.0
1939-02-03,-0.0059,0.0070999999999999995,-0.004699999999999999,0.0
1939-02-04,0.0077,0.0031,0.0025,0.0
1939-02-06,0.0034000000000000002,-0.0007000000000000001,-0.0046,0.0
1939-02-07,-0.009300000000000001,-0.0038,-0.005699999999999999,0.0
1939-02-08,0.0096,-0.0037,0.0084,0.0
1939-02-09,-0.0105,0.0039000000000000003,-0.0060999999999999995,0.0
1939-02-10,0.0009,-0.0062,-0.0021,0.0
1939-02-11,0.0064,0.0013,0.0023,0.0
1939-02-14,-0.0031,0.0,-0.0067,0.0
1939-02-15,0.0021,-0.0026,0.0021,0.0
1939-02-16,0.0097,0.0034999999999999996,0.0046,0.0
1939-02-17,-0.005600000000000001,0.0034999999999999996,-0.008100000000000001,0.0
1939-02-18,0.0067,-0.0024,0.0086,0.0
1939-02-20,-0.022400000000000003,0.0007000000000000001,-0.005699999999999999,0.0
1939-02-21,0.0015,-0.0037,0.0017000000000000001,0.0
1939-02-23,0.0028000000000000004,0.0018,0.0023,0.0
1939-02-24,0.0207,0.0034999999999999996,0.012199999999999999,0.0
1939-02-25,0.0076,0.0048,0.004699999999999999,0.0
1939-02-27,-0.0006,-0.0005,0.0028000000000000004,0.0
1939-02-28,0.0055000000000000005,-0.0002,0.0128,0.0
1939-03-01,-0.0008,-0.0031,-0.0014000000000000002,0.0
1939-03-02,-0.0001,-0.0006,-0.0023,0.0
1939-03-03,0.0125,-0.0029,0.004699999999999999,0.0
1939-03-04,0.0021,0.0060999999999999995,-0.0017000000000000001,0.0
1939-03-06,-0.0069,0.0003,-0.0115,0.0
1939-03-07,0.0045000000000000005,-0.0011,0.0004,0.0
1939-03-08,0.0161,-0.0009,0.0111,0.0
1939-03-09,-0.0006,0.0066,-0.006,0.0
1939-03-10,0.0064,0.0022,-0.0062,0.0
1939-03-11,-0.0037,0.0002,-0.0096,0.0
1939-03-13,-0.0068000000000000005,-0.0011,-0.0048,0.0
1939-03-14,0.0036,-0.0028000000000000004,0.0011,0.0
1939-03-15,-0.023399999999999997,-0.0004,-0.011200000000000002,0.0
1939-03-16,0.0006,0.0017000000000000001,0.0028000000000000004,0.0
1939-03-17,-0.0285,-0.0086,-0.016200000000000003,0.0
1939-03-18,-0.017,-0.0034000000000000002,-0.005699999999999999,0.0
1939-03-20,-0.0055000000000000005,0.0011,-0.0009,0.0
1939-03-21,0.0158,0.0004,0.005,0.0
1939-03-22,-0.0294,-0.011000000000000001,-0.0127,0.0
1939-03-23,0.0108,0.0036,0.009399999999999999,0.0
1939-03-24,0.0137,0.005,0.01,0.0
1939-03-25,-0.003,0.0018,-0.006500000000000001,0.0
1939-03-27,-0.0016,0.0,-0.0059,0.0
1939-03-28,-0.013500000000000002,-0.006999999999999999,-0.0040999999999999995,0.0
1939-03-29,0.005699999999999999,0.0006,0.0053,0.0
1939-03-30,-0.0286,-0.0016,-0.0165,0.0
1939-03-31,-0.0471,-0.037200000000000004,-0.0217,0.0
1939-04-01,0.018000000000000002,-0.005699999999999999,0.022400000000000003,0.0
1939-04-03,0.0008,0.0101,-0.0013,0.0
1939-04-04,-0.0202,-0.0042,-0.0091,0.0
1939-04-05,0.0078000000000000005,0.0089,0.0,0.0
1939-04-06,-0.032799999999999996,-0.0131,-0.011399999999999999,0.0
1939-04-08,-0.041299999999999996,-0.0148,-0.0218,0.0
1939-04-10,0.0174,-0.0008,0.015700000000000002,0.0
1939-04-11,-0.0019,0.0052,0.0101,0.0
1939-04-12,0.0281,0.018600000000000002,0.0073,0.0
1939-04-13,0.012,0.0068000000000000005,-0.0059,0.0
1939-04-14,-0.0121,-0.006999999999999999,-0.0083,0.0
1939-04-15,0.030699999999999998,0.0034000000000000002,0.0215,0.0
1939-04-17,-0.0181,-0.0045000000000000005,-0.0132,0.0
1939-04-18,-0.0115,0.0067,-0.0054,0.0
1939-04-19,0.011200000000000002,-0.0004,-0.0018,0.0
1939-04-20,0.0118,0.0024,0.0085,0.0
1939-04-21,0.0028000000000000004,0.0067,-0.0027,0.0
1939-04-22,-0.0006,-0.0007000000000000001,-0.003,0.0
1939-04-24,-0.0088,0.0005,-0.0075,0.0
1939-04-25,0.0007000000000000001,-0.001,0.0086,0.0
1939-04-26,0.0063,-0.0034999999999999996,-0.0026,0.0
1939-04-27,0.009000000000000001,-0.0014000000000000002,0.0014000000000000002,0.0
1939-04-28,-0.0078000000000000005,0.0048,-0.0019,0.0
1939-04-29,0.0002,0.0025,0.0019,0.0
1939-05-01,-0.0037,0.0053,-0.0008,0.0
1939-05-02,0.011200000000000002,0.0014000000000000002,0.0029,0.0
1939-05-03,0.0204,0.0031,0.0064,0.0
1939-05-04,-0.001,0.0049,-0.0023,0.0
1939-05-05,-0.0032,-0.0011,-0.0053,0.0
1939-05-06,0.0025,0.0022,0.0038,0.0
1939-05-08,-0.0025,-0.0014000000000000002,-0.0011,0.0
1939-05-09,0.0166,-0.0014000000000000002,0.008,0.0
1939-05-10,-0.005699999999999999,0.009399999999999999,-0.005699999999999999,0.0
1939-05-11,0.0003,-0.003,-0.0032,0.0
1939-05-12,-0.0049,0.0022,0.0004,0.0
1939-05-13,0.0018,-0.0009,-0.0048,0.0
1939-05-15,0.0018,-0.001,-0.002,0.0
1939-05-16,-0.0216,0.001,-0.0097,0.0
1939-05-17,-0.0069,-0.0031,-0.0033,0.0
1939-05-18,0.0025,0.0002,-0.0042,0.0
1939-05-19,0.0079,0.0001,0.0036,0.0
1939-05-20,0.0066,-0.0005,0.0064,0.0
1939-05-22,0.008199999999999999,-0.008,0.0002,0.0
1939-05-23,-0.004,0.0075,-0.0062,0.0
1939-05-24,0.0239,-0.0025,0.0129,0.0
1939-05-25,0.0029,0.0068000000000000005,-0.0019,0.0
1939-05-26,0.004,-0.0004,0.0006,0.0
1939-05-27,0.0052,0.001,0.011399999999999999,0.0
1939-05-29,0.0072,0.0006,0.0005,0.0
1939-05-31,-0.0024,0.0029,-0.0005,0.0
1939-06-01,-0.0131,-0.0024,-0.0087,0.0
1939-06-02,0.004699999999999999,0.0011,-0.0027,0.0
1939-06-03,0.0023,0.0034000000000000002,0.0,0.0
1939-06-05,-0.0004,-0.0012,-0.001,0.0
1939-06-06,0.0108,-0.0026,0.0049,0.0
1939-06-07,0.0027,0.0023,-0.0078000000000000005,0.0
1939-06-08,-0.0019,0.0005,-0.001,0.0
1939-06-09,0.0115,0.0012,-0.0022,0.0
1939-06-10,-0.0004,0.0018,-0.0016,0.0
1939-06-12,-0.0085,-0.0008,-0.005,0.0
1939-06-13,-0.0058,-0.0068000000000000005,-0.0007000000000000001,0.0
1939-06-14,-0.0049,0.0015,-0.004699999999999999,0.0
1939-06-15,-0.0192,0.0058,-0.0086,0.0
1939-06-16,0.0004,0.0,-0.0022,0.0
1939-06-17,0.0053,0.0009,0.0031,0.0
1939-06-19,0.0072,-0.0026,-0.0004,0.0
1939-06-20,0.0083,-0.0013,0.0029,0.0
1939-06-21,0.0003,0.0037,-0.0023,0.0
1939-06-22,-0.0039000000000000003,0.001,-0.0059,0.0
1939-06-23,0.0022,0.0024,0.0039000000000000003,0.0
1939-06-24,-0.0011,0.0042,0.002,0.0
1939-06-26,-0.0176,-0.0048,-0.008199999999999999,0.0
1939-06-27,0.0024,-0.0048,0.0049,0.0
1939-06-28,-0.0159,0.0016,-0.0091,0.0
1939-06-29,-0.0236,-0.0060999999999999995,-0.009000000000000001,0.0
1939-06-30,0.0043,-0.009300000000000001,0.0032,0.0
1939-07-01,0.0096,-0.0003,0.0038,0.0
1939-07-03,0.0037,0.0037,0.0005,0.0
1939-07-05,0.014199999999999999,-0.0072,0.0011,0.0
1939-07-06,0.0021,0.0025,-0.0007000000000000001,0.0
1939-07-07,-0.003,0.0006,-0.0004,0.0
1939-07-08,-0.0001,-0.0002,-0.0028000000000000004,0.0
1939-07-10,0.0033,-0.0024,-0.0027,0.0
1939-07-11,0.0097,-0.0013,0.006999999999999999,0.0
1939-07-12,0.0174,0.0069,-0.004699999999999999,0.0
1939-07-13,0.0069,0.013999999999999999,-0.0022,0.0
1939-07-14,-0.0049,-0.0019,-0.0018,0.0
1939-07-15,0.0023,-0.0033,0.002,0.0
1939-07-17,0.0356,0.0069,0.004699999999999999,0.0
1939-07-18,0.0073,0.015700000000000002,0.0024,0.0
1939-07-19,-0.0095,0.004,-0.0067,0.0
1939-07-20,-0.0108,-0.0031,-0.0007000000000000001,0.0
1939-07-21,0.0172,0.004,0.0073,0.0
1939-07-22,0.010700000000000001,0.0004,0.0067,0.0
1939-07-24,-0.0063,0.0037,-0.0005,0.0
1939-07-25,-0.0040999999999999995,0.0023,-0.0012,0.0
1939-07-26,0.005699999999999999,-0.0089,-0.0027,0.0
1939-07-27,0.0016,0.0021,0.0060999999999999995,0.0
1939-07-28,-0.003,0.0045000000000000005,-0.009300000000000001,0.0
1939-07-29,-0.0025,-0.0046,-0.0001,0.0
1939-07-31,-0.0043,-0.0003,-0.0027,0.0
1939-08-01,0.0006,-0.0034999999999999996,-0.0005,0.0
1939-08-02,0.0084,0.0002,0.0044,0.0
1939-08-03,-0.0018,0.0059,0.0003,0.0
1939-08-04,-0.0175,-0.0106,-0.0043,0.0
1939-08-05,0.0045000000000000005,0.0021,0.0014000000000000002,0.0
1939-08-07,-0.01,-0.0043,-0.0037,0.0
1939-08-08,0.0022,0.0001,0.0007000000000000001,0.0
1939-08-09,-0.0069,-0.0038,-0.0015,0.0
1939-08-10,-0.0168,-0.0036,-0.0074,0.0
1939-08-11,0.0003,0.0006,0.0009,0.0
1939-08-12,0.0089,0.001,0.0059,0.0
1939-08-14,0.0089,0.0021,-0.005600000000000001,0.0
1939-08-15,0.0092,0.0015,-0.0011,0.0
1939-08-16,-0.021099999999999997,-0.0105,-0.0008,0.0
1939-08-17,-0.0026,-0.0044,0.0012,0.0
1939-08-18,-0.018000000000000002,-0.0077,-0.0040999999999999995,0.0
1939-08-19,-0.0037,0.0005,0.0001,0.0
1939-08-21,-0.0203,-0.0167,-0.0013,0.0
1939-08-22,0.0154,0.0054,-0.0058,0.0
1939-08-23,-0.0269,-0.009000000000000001,0.0021,0.0
1939-08-24,-0.0051,-0.0163,-0.0013,0.0
1939-08-25,0.019799999999999998,0.0042,-0.0019,0.0
1939-08-26,0.0218,0.0086,0.0060999999999999995,0.0
1939-08-28,-0.0176,0.0032,-0.011000000000000001,0.0
1939-08-29,0.021400000000000002,0.008100000000000001,0.0046,0.0
1939-08-30,-0.0048,0.0040999999999999995,0.0005,0.0
1939-08-31,-0.015,-0.0051,-0.0043,0.0
1939-09-01,0.0044,0.0007000000000000001,0.0024,0.0
1939-09-02,0.021400000000000002,0.0455,0.008100000000000001,0.0
1939-09-05,0.08789999999999999,0.0819,0.0827,0.0
1939-09-06,-0.0062,-0.0070999999999999995,0.008,0.0
1939-09-07,0.0029,0.0038,-0.0048,0.0
1939-09-08,0.0197,0.0101,0.0167,0.0
1939-09-09,0.0040999999999999995,0.012,0.0034999999999999996,0.0
1939-09-11,0.0227,0.0241,0.0179,0.0
1939-09-12,0.0063,-0.0102,0.014199999999999999,0.0
1939-09-13,-0.0078000000000000005,0.0053,0.0008,0.0
1939-09-14,0.0021,0.0022,-0.0068000000000000005,0.0
1939-09-15,-0.0009,-0.0034999999999999996,0.0,0.0
1939-09-16,-0.011000000000000001,-0.0078000000000000005,-0.0008,0.0
1939-09-18,-0.0311,-0.013300000000000001,-0.0233,0.0
1939-09-19,0.0334,0.0155,0.0172,0.0
1939-09-20,0.001,0.006999999999999999,0.0063,0.0
1939-09-21,0.008199999999999999,0.0054,0.0086,0.0
1939-09-22,-0.0046,0.001,0.0036,0.0
1939-09-23,0.0043,-0.0015,0.0015,0.0
1939-09-25,-0.0009,0.0064,0.0039000000000000003,0.0
1939-09-26,0.0089,-0.0015,0.0177,0.0
1939-09-27,-0.0003,-0.0004,0.0038,0.0
1939-09-28,-0.013500000000000002,-0.003,-0.0033,0.0
1939-09-29,-0.0083,-0.0125,-0.010700000000000001,0.0
1939-09-30,0.0194,0.0128,0.011200000000000002,0.0
1939-10-02,-0.0088,-0.0023,-0.0019,0.0
1939-10-03,-0.0096,-0.006500000000000001,-0.013300000000000001,0.0
1939-10-04,-0.0004,-0.0092,-0.0023,0.0
1939-10-05,0.0034999999999999996,0.008100000000000001,-0.0046,0.0
1939-10-06,-0.0009,0.0026,0.0054,0.0
1939-10-07,-0.008199999999999999,-0.0096,-0.0068000000000000005,0.0
1939-10-09,0.002,-0.003,-0.0068000000000000005,0.0
1939-10-10,0.0046,0.008100000000000001,0.0016,0.0
1939-10-11,0.005,-0.0060999999999999995,0.0032,0.0
1939-10-13,-0.005,0.0048,-0.0048,0.0
1939-10-14,-0.002,-0.0055000000000000005,0.0019,0.0
1939-10-16,0.0023,-0.0012,-0.0037,0.0
1939-10-17,0.026099999999999998,0.0187,0.011699999999999999,0.0
1939-10-18,-0.004,0.0017000000000000001,-0.005,0.0
1939-10-19,-0.0006,-0.0009,-0.0070999999999999995,0.0
1939-10-20,-0.0040999999999999995,-0.0051,-0.003,0.0
1939-10-21,0.0067,0.0032,0.0004,0.0
1939-10-23,-0.0019,0.0009,-0.0006,0.0
1939-10-24,0.0029,0.0036,-0.0084,0.0
1939-10-25,0.0106,0.0087,0.0068000000000000005,0.0
1939-10-26,-0.0066,0.0004,-0.0026,0.0
1939-10-27,-0.0038,-0.0055000000000000005,0.0002,0.0
1939-10-28,-0.0025,0.0033,-0.0046,0.0
1939-10-30,-0.0013,-0.0029,-0.0008,0.0
1939-10-31,-0.0088,-0.0059,-0.0029,0.0
1939-11-01,-0.0008,-0.0058,-0.0023,0.0
1939-11-02,0.0011,0.004699999999999999,-0.0048,0.0
1939-11-03,0.0086,0.006500000000000001,-0.0014000000000000002,0.0
1939-11-04,-0.0017000000000000001,0.014499999999999999,-0.0043,0.0
1939-11-06,-0.006,-0.008100000000000001,-0.0055000000000000005,0.0
1939-11-08,-0.0070999999999999995,-0.0086,-0.0043,0.0
1939-11-09,-0.011200000000000002,-0.0109,-0.004,0.0
1939-11-10,0.0028000000000000004,-0.0016,-0.0084,0.0
1939-11-13,0.0002,0.0027,-0.0013,0.0
1939-11-14,0.0060999999999999995,-0.004,0.0051,0.0
1939-11-15,-0.0021,0.0006,-0.0038,0.0
1939-11-16,0.011000000000000001,0.0,0.0011,0.0
1939-11-17,-0.0029,-0.0001,0.0013,0.0
1939-11-18,0.0034000000000000002,-0.0034999999999999996,-0.0044,0.0
1939-11-20,0.0006,-0.0004,0.0007000000000000001,0.0
1939-11-21,-0.0063,-0.0028000000000000004,-0.0046,0.0
1939-11-22,-0.0013,-0.0038,-0.0060999999999999995,0.0
1939-11-24,-0.0111,-0.0058,-0.0037,0.0
1939-11-25,0.0004,-0.005600000000000001,-0.0001,0.0
1939-11-27,0.0008,0.0012,-0.0078000000000000005,0.0
1939-11-28,-0.0016,-0.0024,-0.0023,0.0
1939-11-29,-0.0108,-0.0068000000000000005,-0.0054,0.0
1939-11-30,-0.0089,-0.0146,-0.0022,0.0
1939-12-01,0.0073,0.0068000000000000005,0.0001,0.0
1939-12-02,0.0011,0.0063,0.0001,0.0
1939-12-04,-0.0011,-0.003,-0.0067,0.0
1939-12-05,0.0011,-0.0023,-0.002,0.0
1939-12-06,0.014199999999999999,0.0087,-0.0004,0.0
1939-12-07,0.0029,0.0076,-0.004699999999999999,0.0
1939-12-08,-0.0075,-0.002,-0.001,0.0
1939-12-09,-0.0006,0.0016,-0.0036,0.0
1939-12-11,-0.008199999999999999,-0.0044,-0.0083,0.0
1939-12-12,-0.0023,-0.0058,-0.0022,0.0
1939-12-13,0.0132,0.0060999999999999995,0.0116,0.0
1939-12-14,-0.0007000000000000001,0.0014000000000000002,-0.0098,0.0
1939-12-15,0.0009,-0.0046,-0.0037,0.0
1939-12-16,-0.0006,-0.0011,0.0043,0.0
1939-12-18,-0.0017000000000000001,0.001,-0.0044,0.0
1939-12-19,-0.0026,-0.0025,-0.0106,0.0
1939-12-20,0.0031,-0.0037,-0.0001,0.0
1939-12-21,0.0003,0.0005,-0.0038,0.0
1939-12-22,0.0033,-0.0060999999999999995,0.0015,0.0
1939-12-23,0.001,0.0027,0.0014000000000000002,0.0
1939-12-26,-0.0039000000000000003,-0.0022,-0.0084,0.0
1939-12-27,-0.0063,-0.0072,0.0001,0.0
1939-12-28,0.0087,0.0076,0.008199999999999999,0.0
1939-12-29,0.0058,0.0019,-0.0025,0.0
1939-12-30,0.0022,0.0024,0.004699999999999999,0.0
1940-01-02,0.010700000000000001,0.009899999999999999,0.008100000000000001,0.0
1940-01-03,0.011399999999999999,0.0086,0.010700000000000001,0.0
1940-01-04,-0.0028000000000000004,0.0017000000000000001,-0.0014000000000000002,0.0
1940-01-05,-0.0052,-0.0014000000000000002,-0.0046,0.0
1940-01-06,-0.0008,0.0034999999999999996,0.0012,0.0
1940-01-08,0.0011,0.0023,-0.0003,0.0
1940-01-09,-0.0085,-0.0039000000000000003,-0.0067,0.0
1940-01-10,0.0015,0.002,0.0046,0.0
1940-01-11,-0.0134,-0.008,-0.001,0.0
1940-01-12,-0.0163,-0.0075,-0.0031,0.0
1940-01-13,-0.0036,-0.0023,-0.0024,0.0
1940-01-15,-0.0038,-0.006999999999999999,0.0027,0.0
1940-01-16,0.006500000000000001,0.0029,-0.0023,0.0
1940-01-17,0.0021,0.0017000000000000001,-0.0002,0.0
1940-01-18,-0.0024,-0.0045000000000000005,-0.0037,0.0
1940-01-19,0.0022,-0.0021,-0.0068000000000000005,0.0
1940-01-20,-0.0008,0.0014000000000000002,0.0033,0.0
1940-01-22,-0.003,-0.0008,-0.0011,0.0
1940-01-23,0.0019,-0.0013,-0.0053,0.0
1940-01-24,0.0118,0.0031,0.0045000000000000005,0.0
1940-01-25,-0.0042,0.0074,-0.0026,0.0
1940-01-26,0.0001,0.0029,-0.0077,0.0
1940-01-27,-0.001,0.0017000000000000001,0.008100000000000001,0.0
1940-01-29,-0.0009,-0.0007000000000000001,0.0001,0.0
1940-01-30,-0.0040999999999999995,-0.0034000000000000002,0.0001,0.0
1940-01-31,-0.0023,-0.003,-0.0017000000000000001,0.0
1940-02-01,-0.0005,0.0014000000000000002,0.0002,0.0
1940-02-02,0.0015,0.0049,-0.0043,0.0
1940-02-03,0.0024,-0.0011,0.0012,0.0
1940-02-05,-0.0038,-0.0002,-0.0013,0.0
1940-02-06,0.006500000000000001,-0.0018,0.0023,0.0
1940-02-07,0.0044,0.0005,-0.0011,0.0
1940-02-08,0.0113,0.0086,0.008,0.0
1940-02-09,0.0025,0.006,0.0011,0.0
1940-02-10,-0.0018,-0.0062,-0.0022,0.0
1940-02-13,-0.001,-0.0018,-0.005600000000000001,0.0
1940-02-14,-0.0014000000000000002,-0.0006,-0.0025,0.0
1940-02-15,0.0011,0.0054,-0.0019,0.0
1940-02-16,0.0004,0.003,0.0040999999999999995,0.0
1940-02-17,0.0029,0.005699999999999999,0.0034000000000000002,0.0
1940-02-19,-0.0016,-0.0004,0.0,0.0
1940-02-20,0.0032,-0.0014000000000000002,-0.0023,0.0
1940-02-21,-0.0008,0.0076,0.0014000000000000002,0.0
1940-02-23,-0.0048,-0.001,-0.0015,0.0
1940-02-24,-0.0049,-0.0032,-0.0036,0.0
1940-02-26,-0.0006,-0.0059,-0.0005,0.0
1940-02-27,-0.0015,-0.0012,0.0045000000000000005,0.0
1940-02-28,0.0013,0.0039000000000000003,-0.0043,0.0
1940-02-29,-0.0002,0.0029,0.0021,0.0
1940-03-01,-0.003,-0.0012,-0.0006,0.0
1940-03-02,0.0001,0.0014000000000000002,-0.0007000000000000001,0.0
1940-03-04,0.0023,-0.0006,0.0013,0.0
1940-03-05,0.0036,0.0029,-0.0025,0.0
1940-03-06,0.006999999999999999,0.0064,0.002,0.0
1940-03-07,0.0026,0.0023,-0.004,0.0
1940-03-08,-0.0019,0.0028000000000000004,-0.0027,0.0
1940-03-09,0.0003,-0.0023,0.0024,0.0
1940-03-11,0.0016,-0.0001,-0.0014000000000000002,0.0
1940-03-12,0.0003,-0.0051,0.002,0.0
1940-03-13,-0.0014000000000000002,-0.0024,-0.0029,0.0
1940-03-14,-0.0007000000000000001,-0.0009,-0.0055000000000000005,0.0
1940-03-15,-0.0118,-0.0084,0.0003,0.0
1940-03-16,-0.0048,-0.009399999999999999,0.0004,0.0
1940-03-18,-0.0006,-0.0016,-0.0031,0.0
1940-03-19,0.0068000000000000005,0.005699999999999999,-0.0024,0.0
1940-03-20,0.0058,0.012,-0.0002,0.0
1940-03-21,-0.0003,0.0034000000000000002,0.0011,0.0
1940-03-23,-0.0001,0.0031,-0.0007000000000000001,0.0
1940-03-25,-0.002,-0.006,-0.0009,0.0
1940-03-26,-0.0022,-0.0004,-0.0007000000000000001,0.0
1940-03-27,0.0127,0.011399999999999999,0.0021,0.0
1940-03-28,-0.0015,0.003,-0.0022,0.0
1940-03-29,0.0037,-0.0069,0.0016,0.0
1940-03-30,0.0044,0.004,0.005,0.0
1940-04-01,-0.0016,0.0012,-0.0034999999999999996,0.0
1940-04-02,0.0025,-0.0005,-0.0004,0.0
1940-04-03,0.013600000000000001,0.0084,0.013500000000000002,0.0
1940-04-04,0.0070999999999999995,0.0021,0.0084,0.0
1940-04-05,-0.0028000000000000004,-0.0009,0.0004,0.0
1940-04-06,0.006,0.0019,0.0031,0.0
1940-04-08,0.0011,0.0036,0.0015,0.0
1940-04-09,-0.0075,0.0070999999999999995,-0.0070999999999999995,0.0
1940-04-10,-0.006,-0.0031,0.0017000000000000001,0.0
1940-04-11,0.0024,0.0024,0.0022,0.0
1940-04-12,-0.0062,-0.0001,-0.006500000000000001,0.0
1940-04-13,0.0018,0.0026,-0.0060999999999999995,0.0
1940-04-15,0.0009,0.0105,-0.0001,0.0
1940-04-16,-0.012,-0.0078000000000000005,-0.0033,0.0
1940-04-17,0.0026,0.0064,-0.0003,0.0
1940-04-18,-0.0074,-0.0031,0.0025,0.0
1940-04-19,-0.001,-0.0013,-0.0038,0.0
1940-04-20,0.0062,0.0104,0.0031,0.0
1940-04-22,0.0024,0.0023,0.0005,0.0
1940-04-23,0.0052,0.0039000000000000003,-0.0003,0.0
1940-04-24,-0.0033,-0.0012,-0.0001,0.0
1940-04-25,0.0008,0.0014000000000000002,0.001,0.0
1940-04-26,-0.0068000000000000005,-0.008100000000000001,-0.0024,0.0
1940-04-27,0.0014000000000000002,0.0043,-0.0031,0.0
1940-04-29,0.0023,0.0018,0.001,0.0
1940-04-30,0.001,-0.0043,-0.0033,0.0
1940-05-01,-0.0105,-0.005600000000000001,-0.005,0.0
1940-05-02,0.004699999999999999,0.0046,0.0013,0.0
1940-05-03,0.001,0.0005,-0.0038,0.0
1940-05-04,-0.0018,-0.0034000000000000002,0.003,0.0
1940-05-06,-0.0011,-0.0016,-0.0017000000000000001,0.0
1940-05-07,0.0014000000000000002,-0.0019,-0.0005,0.0
1940-05-08,0.0009,-0.0005,0.0026,0.0
1940-05-09,0.0023,0.0005,0.0043,0.0
1940-05-10,-0.0255,-0.011200000000000002,-0.0062,0.0
1940-05-11,0.0011,0.0015,0.0017000000000000001,0.0
1940-05-13,-0.0559,-0.0404,-0.0126,0.0
1940-05-14,-0.0721,-0.0339,-0.0025,0.0
1940-05-15,0.0046,-0.0183,-0.032799999999999996,0.0
1940-05-16,0.0149,0.0379,0.0043,0.0
1940-05-17,-0.043899999999999995,-0.0163,0.0005,0.0
1940-05-18,-0.0194,-0.0038,-0.0223,0.0
1940-05-20,0.004699999999999999,0.018000000000000002,0.0121,0.0
1940-05-21,-0.0699,-0.051100000000000007,-0.010700000000000001,0.0
1940-05-22,0.0016,0.020099999999999996,0.0005,0.0
1940-05-23,0.0032,-0.0037,0.013500000000000002,0.0
1940-05-24,-0.002,0.0087,0.0069,0.0
1940-05-25,0.011699999999999999,0.0147,0.0016,0.0
1940-05-27,0.0172,0.0132,0.0048,0.0
1940-05-28,-0.024,-0.0204,-0.0062,0.0
1940-05-29,0.013500000000000002,0.015700000000000002,0.0111,0.0
1940-05-31,0.0042,0.005,-0.011200000000000002,0.0
1940-06-01,-0.0029,0.0002,0.0027,0.0
1940-06-03,-0.0106,-0.0006,0.0043,0.0
1940-06-04,0.0096,0.0012,-0.0005,0.0
1940-06-05,-0.0165,-0.009300000000000001,-0.0039000000000000003,0.0
1940-06-06,0.011000000000000001,0.0018,-0.0048,0.0
1940-06-07,0.0106,0.0034999999999999996,0.0113,0.0
1940-06-08,-0.0017000000000000001,0.0003,-0.0037,0.0
1940-06-10,-0.0294,-0.009899999999999999,0.0113,0.0
1940-06-11,0.038,0.0118,-0.013300000000000001,0.0
1940-06-12,0.0481,0.0132,0.0168,0.0
1940-06-13,-0.0163,-0.0036,-0.011000000000000001,0.0
1940-06-14,0.0187,0.0052,0.0021,0.0
1940-06-15,0.0084,0.0004,0.0072,0.0
1940-06-17,-0.0066,-0.0182,-0.0092,0.0
1940-06-18,0.0058,0.0103,0.0131,0.0
1940-06-19,0.0034999999999999996,-0.008100000000000001,-0.0031,0.0
1940-06-20,-0.006999999999999999,0.001,0.004699999999999999,0.0
1940-06-21,0.0002,-0.0004,0.0025,0.0
1940-06-22,0.0044,-0.003,0.0052,0.0
1940-06-24,0.008199999999999999,-0.0068000000000000005,0.0014000000000000002,0.0
1940-06-25,-0.0236,-0.0037,0.004,0.0
1940-06-26,-0.0066,-0.011200000000000002,-0.0007000000000000001,0.0
1940-06-27,0.0106,0.0023,0.0076,0.0
1940-06-28,0.0129,0.0063,0.0046,0.0
1940-06-29,-0.0007000000000000001,-0.0012,-0.0019,0.0
1940-07-01,-0.0059,0.0021,0.0009,0.0
1940-07-02,-0.0015,0.0016,-0.0024,0.0
1940-07-03,0.002,0.0005,-0.0003,0.0
1940-07-05,0.0048,0.0027,-0.0012,0.0
1940-07-06,0.0022,-0.0037,0.0083,0.0
1940-07-08,-0.002,-0.0013,-0.004699999999999999,0.0
1940-07-09,-0.0017000000000000001,-0.0026,0.0052,0.0
1940-07-10,0.0005,-0.0001,0.0003,0.0
1940-07-11,0.0007000000000000001,0.0023,-0.0001,0.0
1940-07-12,-0.0008,0.0005,-0.004699999999999999,0.0
1940-07-13,0.0007000000000000001,0.0007000000000000001,0.0019,0.0
1940-07-15,0.0033,0.0014000000000000002,-0.0025,0.0
1940-07-16,0.009899999999999999,0.0034000000000000002,0.001,0.0
1940-07-17,-0.0022,0.0032,-0.006500000000000001,0.0
1940-07-18,0.0014000000000000002,-0.0032,-0.0022,0.0
1940-07-19,-0.0064,0.0044,0.0001,0.0
1940-07-20,-0.0021,0.0007000000000000001,-0.0014000000000000002,0.0
1940-07-22,-0.0005,-0.0017000000000000001,0.003,0.0
1940-07-23,0.0007000000000000001,-0.0040999999999999995,0.0004,0.0
1940-07-24,-0.0044,0.0008,0.0001,0.0
1940-07-25,0.0006,-0.0023,-0.0014000000000000002,0.0
1940-07-26,0.0037,-0.0006,0.0014000000000000002,0.0
1940-07-27,0.0019,0.0024,-0.0015,0.0
1940-07-29,0.0052,-0.0059,0.0018,0.0
1940-07-30,0.022000000000000002,0.0016,0.0039000000000000003,0.0
1940-07-31,-0.0006,0.0067,-0.0063,0.0
1940-08-01,-0.001,0.0016,-0.0051,0.0
1940-08-02,0.0002,-0.0005,-0.001,0.0
1940-08-03,0.0008,0.0009,0.0023,0.0
1940-08-05,-0.0012,-0.002,-0.0044,0.0
1940-08-06,-0.0075,0.0002,0.0025,0.0
1940-08-07,-0.0017000000000000001,-0.0027,0.0003,0.0
1940-08-08,0.0013,-0.0002,-0.0046,0.0
1940-08-09,0.0064,-0.0027,0.0025,0.0
1940-08-10,0.0058,-0.0012,0.0,0.0
1940-08-12,0.002,-0.0067,0.0002,0.0
1940-08-13,-0.0316,0.0042,-0.0069,0.0
1940-08-14,-0.0037,0.0,0.0012,0.0
1940-08-15,0.006,0.0023,-0.0017000000000000001,0.0
1940-08-16,-0.0141,-0.0002,0.0023,0.0
1940-08-17,0.0070999999999999995,-0.0017000000000000001,0.0015,0.0
1940-08-19,0.0002,-0.0002,-0.0017000000000000001,0.0
1940-08-20,0.0097,-0.0067,0.0029,0.0
1940-08-21,0.0137,0.0015,-0.0027,0.0
1940-08-22,0.0083,0.004,0.0004,0.0
1940-08-23,-0.010700000000000001,0.0007000000000000001,-0.0046,0.0
1940-08-24,0.0019,-0.0011,0.0017000000000000001,0.0
1940-08-26,0.0006,-0.0012,-0.0013,0.0
1940-08-27,-0.0012,0.0,0.0027,0.0
1940-08-28,0.0121,0.0008,0.0076,0.0
1940-08-29,-0.0018,-0.0006,-0.0019,0.0
1940-08-30,0.016,0.0031,0.0079,0.0
1940-08-31,0.005600000000000001,0.0068000000000000005,0.0060999999999999995,0.0
1940-09-03,0.0032,0.0055000000000000005,0.002,0.0
1940-09-04,0.0165,-0.0032,0.0019,0.0
1940-09-05,0.017,0.0111,0.0095,0.0
1940-09-06,-0.0040999999999999995,0.0029,-0.0067,0.0
1940-09-07,-0.0016,-0.0001,0.0018,0.0
1940-09-09,-0.0236,-0.009399999999999999,-0.0075,0.0
1940-09-10,-0.001,0.002,-0.0049,0.0
1940-09-11,-0.0053,0.004,-0.0018,0.0
1940-09-12,-0.0113,-0.0014000000000000002,-0.0086,0.0
1940-09-13,0.0009,-0.002,0.0034000000000000002,0.0
1940-09-14,0.005600000000000001,-0.0005,0.0034999999999999996,0.0
1940-09-16,0.006500000000000001,0.0005,0.0013,0.0
1940-09-17,0.0077,-0.0026,0.0006,0.0
1940-09-18,0.0067,0.0021,-0.0004,0.0
1940-09-19,-0.0007000000000000001,0.0022,0.0005,0.0
1940-09-20,0.0001,0.0,-0.0039000000000000003,0.0
1940-09-21,0.0060999999999999995,0.006,0.0062,0.0
1940-09-23,0.0194,0.0079,0.0086,0.0
1940-09-24,-0.0024,0.0026,-0.0059,0.0
1940-09-25,-0.0014000000000000002,0.0001,-0.0012,0.0
1940-09-26,-0.0054,-0.0017000000000000001,-0.0059,0.0
1940-09-27,-0.015700000000000002,-0.0008,-0.015300000000000001,0.0
1940-09-28,0.0063,0.0032,0.0054,0.0
1940-09-30,0.0015,0.0034999999999999996,0.0079,0.0
1940-10-01,0.0123,0.0026,0.004699999999999999,0.0
1940-10-02,0.0042,0.0029,0.0124,0.0
1940-10-03,0.0011,0.0040999999999999995,-0.0038,0.0
1940-10-04,-0.0063,-0.0040999999999999995,-0.0024,0.0
1940-10-05,0.0009,-0.0001,0.0016,0.0
1940-10-07,-0.0045000000000000005,0.0021,0.0006,0.0
1940-10-08,-0.0139,-0.0039000000000000003,-0.0064,0.0
1940-10-09,-0.0054,-0.0023,0.0005,0.0
1940-10-10,-0.0005,0.0034999999999999996,0.0024,0.0
1940-10-11,0.0052,-0.0015,-0.0001,0.0
1940-10-14,-0.0028000000000000004,0.0077,0.0006,0.0
1940-10-15,0.0045000000000000005,-0.0131,-0.0006,0.0
1940-10-16,0.0053,0.0077,0.0001,0.0
1940-10-17,0.005,-0.0022,0.0042,0.0
1940-10-18,0.0004,0.0009,0.0079,0.0
1940-10-19,-0.0011,0.0024,-0.0015,0.0
1940-10-21,-0.0053,0.0027,0.0016,0.0
1940-10-22,0.0044,-0.0033,0.0042,0.0
1940-10-23,0.0060999999999999995,0.0029,0.0034999999999999996,0.0
1940-10-24,-0.0054,-0.0008,0.0002,0.0
1940-10-25,-0.0004,-0.0016,0.0048,0.0
1940-10-26,0.008100000000000001,-0.001,0.0005,0.0
1940-10-28,-0.0028000000000000004,-0.0024,-0.0018,0.0
1940-10-29,0.0025,0.0008,0.0009,0.0
1940-10-30,0.0064,-0.0040999999999999995,0.0034000000000000002,0.0
1940-10-31,0.0124,0.0040999999999999995,0.0077,0.0
1940-11-01,0.001,0.0039000000000000003,-0.0013,0.0
1940-11-02,0.0034000000000000002,-0.0059,0.0028000000000000004,0.0
1940-11-04,0.0027,-0.0015,-0.0016,0.0
1940-11-06,-0.0282,0.0086,-0.0184,0.0
1940-11-07,0.047400000000000005,0.0138,0.030899999999999997,0.0
1940-11-08,-0.0058,0.004699999999999999,0.0003,0.0
1940-11-09,0.0137,0.006999999999999999,0.0060999999999999995,0.0
1940-11-12,-0.0044,-0.002,0.0021,0.0
1940-11-13,-0.0040999999999999995,-0.0005,0.002,0.0
1940-11-14,0.0048,-0.0009,0.0079,0.0
1940-11-15,-0.01,-0.0003,-0.005,0.0
1940-11-16,-0.0073,-0.0034000000000000002,-0.0032,0.0
1940-11-18,-0.0003,0.002,-0.0011,0.0
1940-11-19,-0.0008,-0.0018,-0.0013,0.0
1940-11-20,-0.0178,-0.0015,-0.0103,0.0
1940-11-22,0.0017000000000000001,0.0016,0.008199999999999999,0.0
1940-11-23,-0.0002,-0.0004,0.0024,0.0
1940-11-25,-0.0001,-0.0007000000000000001,0.0003,0.0
1940-11-26,-0.0028000000000000004,0.0012,-0.0048,0.0
1940-11-27,-0.016200000000000003,-0.0039000000000000003,-0.0148,0.0
1940-11-28,0.0023,0.0025,0.0070999999999999995,0.0
1940-11-29,0.0012,-0.0045000000000000005,0.0012,0.0
1940-11-30,0.005600000000000001,0.0024,-0.0045000000000000005,0.0
1940-12-02,-0.0004,0.0028000000000000004,-0.0022,0.0
1940-12-03,-0.0028000000000000004,-0.0018,-0.0053,0.0
1940-12-04,0.0002,-0.0013,-0.0062,0.0
1940-12-05,-0.0029,-0.0037,0.001,0.0
1940-12-06,0.0024,-0.002,-0.0003,0.0
1940-12-07,0.0073,0.0033,0.0003,0.0
1940-12-09,0.0013,0.0005,-0.0031,0.0
1940-12-10,-0.0006,-0.0022,-0.002,0.0
1940-12-11,0.0029,0.0022,0.0036,0.0
1940-12-12,0.0026,-0.0023,0.0016,0.0
1940-12-13,0.0021,0.0007000000000000001,0.0092,0.0
1940-12-14,0.0001,-0.0031,-0.0026,0.0
1940-12-16,-0.0079,-0.0025,-0.005699999999999999,0.0
1940-12-17,-0.0042,-0.0037,-0.0023,0.0
1940-12-18,-0.006999999999999999,-0.0013,-0.0040999999999999995,0.0
1940-12-19,-0.0036,-0.0042,0.0006,0.0
1940-12-20,0.0006,0.0008,-0.0018,0.0
1940-12-21,0.001,0.0004,0.0028000000000000004,0.0
1940-12-23,-0.0038,0.0046,-0.0028000000000000004,0.0
1940-12-24,0.0042,-0.0072,0.0040999999999999995,0.0
1940-12-26,-0.001,0.0028000000000000004,-0.004,0.0
1940-12-27,0.0037,-0.006500000000000001,0.0037,0.0
1940-12-28,0.0036,-0.0002,-0.0004,0.0
1940-12-30,0.0062,0.0005,0.0023,0.0
1940-12-31,0.0031,0.002,0.004699999999999999,0.0
1941-01-02,-0.0034000000000000002,0.0089,0.0034999999999999996,0.0
1941-01-03,0.0125,-0.004699999999999999,0.0088,0.0
1941-01-04,0.0024,0.0085,0.003,0.0
1941-01-06,0.0032,0.0074,0.0002,0.0
1941-01-07,-0.0014000000000000002,-0.0016,-0.003,0.0
1941-01-08,0.0028000000000000004,0.0,0.0121,0.0
1941-01-09,0.005,-0.0025,0.0178,0.0
1941-01-10,0.0021,0.006,-0.0009,0.0
1941-01-11,-0.0019,0.001,-0.0027,0.0
1941-01-13,-0.0012,0.0009,0.0009,0.0
1941-01-14,-0.0046,-0.0037,0.0,0.0
1941-01-15,-0.005699999999999999,0.0044,-0.0025,0.0
1941-01-16,-0.0126,-0.0005,-0.006500000000000001,0.0
1941-01-17,-0.0016,-0.0069,0.0052,0.0
1941-01-18,0.0002,0.0048,0.0004,0.0
1941-01-20,-0.0027,0.0051,-0.0040999999999999995,0.0
1941-01-21,-0.008,-0.0051,0.005600000000000001,0.0
1941-01-22,0.004699999999999999,-0.0019,0.0086,0.0
1941-01-23,-0.0001,0.003,0.0007000000000000001,0.0
1941-01-24,0.0019,-0.0015,0.0,0.0
1941-01-25,0.0025,-0.0015,0.0012,0.0
1941-01-27,0.0002,0.0016,0.0024,0.0
1941-01-28,-0.0045000000000000005,0.0,-0.002,0.0
1941-01-29,-0.0173,-0.0003,-0.0076,0.0
1941-01-30,-0.015300000000000001,-0.0096,-0.0089,0.0
1941-01-31,0.0006,-0.0014000000000000002,0.008100000000000001,0.0
1941-02-01,-0.005600000000000001,-0.002,-0.0068000000000000005,0.0
1941-02-03,-0.0055000000000000005,-0.0025,-0.0051,0.0
1941-02-04,-0.001,-0.0012,0.010700000000000001,0.0
1941-02-05,0.0146,0.0011,0.0095,0.0
1941-02-06,0.0038,0.0023,-0.0012,0.0
1941-02-07,-0.0016,-0.0011,-0.0016,0.0
1941-02-08,0.002,0.0016,-0.0031,0.0
1941-02-10,-0.0021,0.0022,0.0039000000000000003,0.0
1941-02-11,-0.0111,0.0019,-0.0097,0.0
1941-02-13,-0.0138,-0.0128,0.0008,0.0
1941-02-14,-0.0271,-0.006500000000000001,-0.0058,0.0
1941-02-15,0.0045000000000000005,-0.0028000000000000004,0.0026,0.0
1941-02-17,0.0052,0.0044,0.0033,0.0
1941-02-18,-0.003,-0.0015,-0.0011,0.0
1941-02-19,-0.01,-0.0067,-0.004,0.0
1941-02-20,0.0163,0.0052,0.0070999999999999995,0.0
1941-02-21,0.005,-0.0001,0.0024,0.0
1941-02-24,0.0085,-0.0034999999999999996,0.0006,0.0
1941-02-25,0.0063,0.0007000000000000001,-0.0052,0.0
1941-02-26,0.0006,0.0064,0.0028000000000000004,0.0
1941-02-27,-0.0034000000000000002,-0.003,0.0034999999999999996,0.0
1941-02-28,0.0038,0.0029,0.0064,0.0
1941-03-01,-0.0022,0.0053,-0.0032,0.0
1941-03-03,-0.0084,-0.0025,-0.0055000000000000005,0.0
1941-03-04,0.0039000000000000003,-0.004,0.0067,0.0
1941-03-05,-0.0034000000000000002,0.0076,0.0005,0.0
1941-03-06,0.0134,-0.0054,0.0043,0.0
1941-03-07,-0.0023,0.0064,-0.0040999999999999995,0.0
1941-03-08,0.0004,-0.0021,0.004699999999999999,0.0
1941-03-10,0.0165,0.006,0.0024,0.0
1941-03-11,-0.0042,0.0044,-0.0034000000000000002,0.0
1941-03-12,-0.001,-0.002,-0.0009,0.0
1941-03-13,-0.0038,0.0018,-0.0017000000000000001,0.0
1941-03-14,0.001,-0.0014000000000000002,0.0018,0.0
1941-03-15,0.0059,0.0026,0.0063,0.0
1941-03-17,0.0001,-0.0005,0.0014000000000000002,0.0
1941-03-18,0.0018,-0.0007000000000000001,0.0023,0.0
1941-03-19,-0.0021,0.0027,0.0001,0.0
1941-03-20,-0.0001,-0.0044,0.0038,0.0
1941-03-21,-0.0076,0.0,-0.0063,0.0
1941-03-22,-0.0044,-0.0013,-0.0005,0.0
1941-03-24,0.0032,-0.0058,0.0066,0.0
1941-03-25,0.0022,-0.0034999999999999996,0.0032,0.0
1941-03-26,-0.0018,0.001,0.0028000000000000004,0.0
1941-03-27,0.0060999999999999995,-0.003,0.0034999999999999996,0.0
1941-03-28,-0.0059,0.0046,-0.0066,0.0
1941-03-29,-0.0008,-0.0023,0.006,0.0
1941-03-31,0.0024,-0.0026,0.006,0.0
1941-04-01,0.0018,0.0004,0.0037,0.0
1941-04-02,0.0022,-0.0023,-0.0002,0.0
1941-04-03,0.0137,-0.0007000000000000001,0.0203,0.0
1941-04-04,-0.0003,0.0043,-0.0002,0.0
1941-04-05,-0.0031,0.0005,-0.0034000000000000002,0.0
1941-04-07,-0.004699999999999999,-0.0038,-0.0019,0.0
1941-04-08,-0.0196,-0.0044,-0.0178,0.0
1941-04-09,-0.011000000000000001,-0.0025,-0.0013,0.0
1941-04-10,-0.0016,0.0012,-0.0012,0.0
1941-04-12,-0.009399999999999999,-0.0016,0.0024,0.0
1941-04-14,0.0021,-0.0021,0.005,0.0
1941-04-15,-0.0033,0.0025,-0.004699999999999999,0.0
1941-04-16,0.0005,-0.0060999999999999995,0.0045000000000000005,0.0
1941-04-17,-0.0017000000000000001,0.0029,0.001,0.0
1941-04-18,-0.0137,-0.0013,-0.0060999999999999995,0.0
1941-04-19,-0.0028000000000000004,-0.0046,0.0038,0.0
1941-04-21,-0.0024,-0.006,0.004699999999999999,0.0
1941-04-22,-0.0025,0.0016,0.0006,0.0
1941-04-23,0.0060999999999999995,-0.0059,0.0104,0.0
1941-04-24,0.0072,0.0045000000000000005,0.0084,0.0
1941-04-25,-0.0062,0.0005,-0.0015,0.0
1941-04-26,-0.0002,0.0027,0.0036,0.0
1941-04-28,0.0015,-0.0012,0.0023,0.0
1941-04-29,0.003,0.0003,0.0086,0.0
1941-04-30,-0.0109,0.0034999999999999996,-0.0039000000000000003,0.0
1941-05-01,-0.001,-0.0011,-0.0007000000000000001,0.0
1941-05-02,0.0043,-0.0007000000000000001,0.0087,0.0
1941-05-03,0.0022,-0.0018,0.0076,0.0
1941-05-05,-0.0005,-0.0005,0.0033,0.0
1941-05-06,0.0149,0.0018,0.013500000000000002,0.0
1941-05-07,-0.0034000000000000002,0.0034999999999999996,-0.0089,0.0
1941-05-08,-0.0005,-0.005600000000000001,0.0025,0.0
1941-05-09,0.0011,0.0025,-0.0006,0.0
1941-05-10,0.0098,-0.0024,0.0111,0.0
1941-05-12,-0.0026,-0.0008,-0.0042,0.0
1941-05-13,-0.0006,-0.002,-0.0054,0.0
1941-05-14,-0.0024,-0.0014000000000000002,-0.0067,0.0
1941-05-15,-0.0124,0.0076,-0.0104,0.0
1941-05-16,0.0021,-0.0104,0.0025,0.0
1941-05-17,0.0028000000000000004,0.0007000000000000001,0.0044,0.0
1941-05-19,0.0004,-0.002,-0.0025,0.0
1941-05-20,0.012,-0.0086,0.0042,0.0
1941-05-21,0.0022,0.0055000000000000005,-0.0006,0.0
1941-05-22,-0.0096,0.0012,-0.0033,0.0
1941-05-23,0.0002,-0.002,0.0023,0.0
1941-05-24,0.0009,0.0,0.0001,0.0
1941-05-26,-0.009399999999999999,0.0039000000000000003,-0.0033,0.0
1941-05-27,0.0040999999999999995,-0.0018,-0.0023,0.0
1941-05-28,0.0011,0.0002,0.0008,0.0
1941-05-29,0.0009,0.0017000000000000001,-0.0001,0.0
1941-05-31,-0.0029,0.0062,-0.0051,0.0
1941-06-02,0.0033,-0.0027,-0.0014000000000000002,0.0
1941-06-03,0.0095,-0.006500000000000001,0.0038,0.0
1941-06-04,0.0034999999999999996,0.0004,0.0015,0.0
1941-06-05,0.0049,0.0044,-0.002,0.0
1941-06-06,-0.0016,-0.0018,-0.0011,0.0
1941-06-07,0.0060999999999999995,0.0012,-0.0013,0.0
1941-06-09,0.0086,0.0008,-0.0029,0.0
1941-06-10,0.0143,0.005,0.0016,0.0
1941-06-11,0.0009,0.0043,-0.0023,0.0
1941-06-12,0.0053,-0.0022,0.0031,0.0
1941-06-13,-0.0026,0.0022,-0.004,0.0
1941-06-14,-0.0016,0.0039000000000000003,0.002,0.0
1941-06-16,-0.0019,0.0017000000000000001,-0.0032,0.0
1941-06-17,0.0064,0.0008,-0.0014000000000000002,0.0
1941-06-18,0.0029,0.0017000000000000001,0.0007000000000000001,0.0
1941-06-19,-0.0019,-0.0017000000000000001,0.0014000000000000002,0.0
1941-06-20,-0.0087,0.0037,-0.0018,0.0
1941-06-21,0.0018,-0.0012,0.0022,0.0
1941-06-23,0.0129,0.0018,0.0033,0.0
1941-06-24,-0.0046,-0.0024,0.004,0.0
1941-06-25,0.0019,-0.0025,0.0028000000000000004,0.0
1941-06-26,0.0048,0.0004,0.003,0.0
1941-06-27,-0.0037,-0.0005,-0.0004,0.0
1941-06-28,-0.0006,0.0005,-0.0021,0.0
1941-06-30,-0.0028000000000000004,0.0011,0.0003,0.0
1941-07-01,-0.0023,-0.0007000000000000001,-0.0023,0.0
1941-07-02,0.006999999999999999,-0.0063,0.0022,0.0
1941-07-03,0.0044,-0.0023,0.0084,0.0
1941-07-05,0.0019,0.0042,0.0027,0.0
1941-07-07,0.013999999999999999,0.002,0.0037,0.0
1941-07-08,0.0152,0.0106,0.0040999999999999995,0.0
1941-07-09,0.0003,0.009000000000000001,-0.0066,0.0
1941-07-10,0.0006,0.0016,0.0032,0.0
1941-07-11,0.0013,0.0038,0.0038,0.0
1941-07-12,0.0004,0.0013,-0.0008,0.0
1941-07-14,0.0017000000000000001,-0.0018,0.01,0.0
1941-07-15,0.002,0.0025,-0.0002,0.0
1941-07-16,-0.0040999999999999995,-0.0024,-0.0034999999999999996,0.0
1941-07-17,-0.006,0.0022,-0.0040999999999999995,0.0
1941-07-18,0.0025,-0.0022,-0.0026,0.0
1941-07-19,0.0034000000000000002,0.0019,0.0005,0.0
1941-07-21,0.0134,0.0009,0.0196,0.0
1941-07-22,-0.0001,0.001,0.0037,0.0
1941-07-23,-0.0013,0.0022,0.0022,0.0
1941-07-24,-0.0027,0.0054,0.0013,0.0
1941-07-25,-0.0016,0.0040999999999999995,-0.0004,0.0
1941-07-26,0.0048,0.0034000000000000002,0.009300000000000001,0.0
1941-07-28,0.0083,0.0098,0.0101,0.0
1941-07-29,-0.0032,-0.0015,-0.0042,0.0
1941-07-30,-0.0019,0.0001,0.0060999999999999995,0.0
1941-07-31,-0.0007000000000000001,0.0038,-0.0001,0.0
1941-08-01,-0.0027,-0.0009,0.0053,0.0
1941-08-02,-0.0005,0.0053,-0.0084,0.0
1941-08-04,0.0015,-0.0037,0.0022,0.0
1941-08-05,-0.001,-0.004699999999999999,-0.0024,0.0
1941-08-06,-0.0001,0.0018,-0.0034999999999999996,0.0
1941-08-07,0.0003,-0.0011,-0.0005,0.0
1941-08-08,-0.006500000000000001,0.0009,-0.0034000000000000002,0.0
1941-08-09,-0.0069,-0.0028000000000000004,-0.0051,0.0
1941-08-11,-0.0038,-0.0086,-0.0054,0.0
1941-08-12,-0.0013,0.0001,0.0038,0.0
1941-08-13,-0.0009,0.0034000000000000002,-0.0027,0.0
1941-08-14,0.002,-0.0017000000000000001,0.0108,0.0
1941-08-15,-0.0076,0.001,-0.004699999999999999,0.0
1941-08-16,0.0021,-0.0036,0.0034000000000000002,0.0
1941-08-18,0.0040999999999999995,0.0033,0.0008,0.0
1941-08-19,0.0004,0.0006,-0.0009,0.0
1941-08-20,0.0045000000000000005,-0.0012,0.0062,0.0
1941-08-21,0.0001,0.0031,0.0011,0.0
1941-08-22,-0.0004,-0.0004,-0.004699999999999999,0.0
1941-08-23,0.0006,0.0002,0.0,0.0
1941-08-25,0.0008,-0.002,-0.0017000000000000001,0.0
1941-08-26,0.005699999999999999,0.003,-0.0015,0.0
1941-08-27,0.0019,-0.0013,0.0023,0.0
1941-08-28,0.0033,0.0019,-0.0040999999999999995,0.0
1941-08-29,0.0007000000000000001,0.0015,0.0003,0.0
1941-08-30,0.0023,0.0017000000000000001,0.002,0.0
1941-09-02,0.003,-0.0021,-0.0027,0.0
1941-09-03,-0.0034000000000000002,-0.0004,-0.0003,0.0
1941-09-04,-0.0012,0.0003,-0.004,0.0
1941-09-05,-0.0012,0.0034999999999999996,0.0015,0.0
1941-09-06,0.001,0.0013,-0.0012,0.0
1941-09-08,0.0018,0.0018,0.0017000000000000001,0.0
1941-09-09,-0.0028000000000000004,-0.0029,-0.0033,0.0
1941-09-10,-0.0058,0.0022,-0.0017000000000000001,0.0
1941-09-11,0.006,-0.0026,0.0124,0.0
1941-09-12,0.0012,0.0021,0.0001,0.0
1941-09-13,0.0011,0.0005,-0.0002,0.0
1941-09-15,0.0005,0.0004,0.0001,0.0
1941-09-16,0.0022,-0.0002,0.0006,0.0
1941-09-17,0.013600000000000001,-0.0002,0.0005,0.0
1941-09-18,-0.0039000000000000003,0.0045000000000000005,0.0019,0.0
1941-09-19,-0.008199999999999999,-0.0015,-0.009899999999999999,0.0
1941-09-20,-0.0034999999999999996,0.0003,-0.0052,0.0
1941-09-22,0.0022,-0.0051,0.0042,0.0
1941-09-23,0.0032,-0.0034999999999999996,0.0013,0.0
1941-09-24,-0.0048,0.0025,-0.005699999999999999,0.0
1941-09-25,-0.0149,-0.0144,-0.0049,0.0
1941-09-26,-0.0038,-0.0009,0.0033,0.0
1941-09-27,0.0034999999999999996,0.0016,0.0058,0.0
1941-09-29,0.0008,0.0022,0.002,0.0
1941-09-30,0.005,0.0009,0.0014000000000000002,0.0
1941-10-01,-0.0001,-0.001,-0.0014000000000000002,0.0
1941-10-02,-0.0026,0.0034000000000000002,0.003,0.0
1941-10-03,-0.0016,-0.0031,0.0038,0.0
1941-10-04,0.0014000000000000002,-0.0014000000000000002,0.0026,0.0
1941-10-06,-0.0017000000000000001,0.0004,-0.0018,0.0
1941-10-07,-0.011000000000000001,-0.0038,-0.0046,0.0
1941-10-08,-0.0005,-0.0016,-0.0004,0.0
1941-10-09,-0.0126,-0.0051,-0.0085,0.0
1941-10-10,-0.0001,-0.0004,0.0040999999999999995,0.0
1941-10-11,0.0008,0.0014000000000000002,0.0079,0.0
1941-10-14,-0.0046,-0.0029,-0.005600000000000001,0.0
1941-10-15,-0.0052,0.0001,0.0002,0.0
1941-10-16,-0.0167,-0.0073,-0.0078000000000000005,0.0
1941-10-17,0.0033,-0.0051,0.0026,0.0
1941-10-18,0.0095,0.0051,0.008199999999999999,0.0
1941-10-20,0.0007000000000000001,-0.0007000000000000001,0.0023,0.0
1941-10-21,0.0076,-0.0003,0.0025,0.0
1941-10-22,-0.0044,0.0027,-0.0038,0.0
1941-10-23,0.0033,-0.0034999999999999996,0.0097,0.0
1941-10-24,0.0052,0.0033,0.0009,0.0
1941-10-25,-0.0029,0.0043,-0.0037,0.0
1941-10-27,-0.0088,-0.0027,-0.0019,0.0
1941-10-28,0.0003,0.001,0.0052,0.0
1941-10-29,-0.0024,-0.0023,0.0013,0.0
1941-10-30,-0.001,0.0013,0.0060999999999999995,0.0
1941-10-31,-0.0095,-0.0028000000000000004,-0.0032,0.0
1941-11-01,0.0031,0.0009,0.0038,0.0
1941-11-03,0.004699999999999999,-0.0059,0.0026,0.0
1941-11-05,0.006999999999999999,-0.0036,0.0062,0.0
1941-11-06,-0.0076,-0.0008,-0.0036,0.0
1941-11-07,-0.0019,0.0052,-0.0045000000000000005,0.0
1941-11-08,0.0008,-0.0019,0.0003,0.0
1941-11-10,-0.0059,0.0007000000000000001,-0.0084,0.0
1941-11-12,-0.0167,-0.0032,-0.0067,0.0
1941-11-13,0.0008,-0.0072,0.0044,0.0
1941-11-14,0.0078000000000000005,-0.0023,0.0007000000000000001,0.0
1941-11-15,0.0014000000000000002,0.0029,0.0042,0.0
1941-11-17,-0.002,-0.0023,-0.002,0.0
1941-11-18,-0.0012,-0.0011,0.0003,0.0
1941-11-19,0.0046,0.001,0.0022,0.0
1941-11-21,0.005600000000000001,0.0024,0.008100000000000001,0.0
1941-11-22,0.0016,0.0005,-0.0027,0.0
1941-11-24,0.0019,0.0006,0.0021,0.0
1941-11-25,-0.0052,-0.0032,-0.0039000000000000003,0.0
1941-11-26,-0.0077,0.0018,-0.0073,0.0
1941-11-27,-0.0023,0.0017000000000000001,-0.0018,0.0
1941-11-28,-0.0058,-0.0012,-0.0026,0.0
1941-11-29,-0.0023,0.0038,0.0029,0.0
1941-12-01,-0.0034999999999999996,-0.0014000000000000002,0.0013,0.0
1941-12-02,0.015300000000000001,-0.0079,0.0027,0.0
1941-12-03,0.008199999999999999,-0.0055000000000000005,-0.0029,0.0
1941-12-04,0.0029,0.0032,0.0012,0.0
1941-12-05,-0.0037,-0.0014000000000000002,-0.0037,0.0
1941-12-06,0.0058,-0.0005,-0.0029,0.0
1941-12-08,-0.0415,-0.0181,-0.028399999999999998,0.0
1941-12-09,-0.0349,-0.0231,-0.0378,0.0
1941-12-10,-0.0070999999999999995,-0.0009,-0.0009,0.0
1941-12-11,0.0195,0.0155,0.0163,0.0
1941-12-12,-0.0036,0.011399999999999999,-0.0068000000000000005,0.0
1941-12-13,0.003,0.0031,-0.0023,0.0
1941-12-15,0.0051,-0.0037,0.0052,0.0
1941-12-16,-0.0007000000000000001,-0.0011,0.0086,0.0
1941-12-17,-0.0181,-0.0039000000000000003,-0.0052,0.0
1941-12-18,-0.0083,-0.006,0.0073,0.0
1941-12-19,-0.0002,0.0043,0.0077,0.0
1941-12-20,-0.0019,0.0012,-0.0015,0.0
1941-12-22,-0.0095,0.0039000000000000003,-0.0052,0.0
1941-12-23,-0.0040999999999999995,-0.0012,0.001,0.0
1941-12-24,0.003,0.0023,-0.0015,0.0
1941-12-26,-0.0045000000000000005,-0.0023,-0.0029,0.0
1941-12-27,0.0044,0.0015,0.0031,0.0
1941-12-29,-0.0048,-0.0089,-0.0088,0.0
1941-12-30,0.0365,-0.0026,0.008100000000000001,0.0
1941-12-31,-0.0046,0.0144,-0.012,0.0
1942-01-02,0.0187,0.0189,0.0252,0.0
1942-01-03,0.0121,0.0154,0.011000000000000001,0.0
1942-01-05,0.01,0.0028000000000000004,-0.0054,0.0
1942-01-06,-0.004,0.0038,-0.0101,0.0
1942-01-07,-0.0066,0.0034000000000000002,0.009399999999999999,0.0
1942-01-08,-0.013600000000000001,0.0105,0.0054,0.0
1942-01-09,-0.0024,0.0095,0.0113,0.0
1942-01-10,-0.004699999999999999,0.0014000000000000002,-0.0001,0.0
1942-01-12,0.0042,0.0008,0.0062,0.0
1942-01-13,0.0171,-0.006,0.0046,0.0
1942-01-14,0.0024,0.0031,0.0,0.0
1942-01-15,-0.0013,0.0006,0.0011,0.0
1942-01-16,-0.009000000000000001,0.0044,-0.0001,0.0
1942-01-17,-0.0031,-0.0007000000000000001,0.0058,0.0
1942-01-19,0.0027,0.0,0.0096,0.0
1942-01-20,-0.0011,0.0014000000000000002,0.0091,0.0
1942-01-21,-0.013000000000000001,-0.0038,-0.0058,0.0
1942-01-22,0.0001,0.0004,0.0002,0.0
1942-01-23,0.0015,0.0002,0.0066,0.0
1942-01-24,0.0034000000000000002,0.0007000000000000001,0.006,0.0
1942-01-26,0.0098,0.0005,0.009300000000000001,0.0
1942-01-27,0.0013,0.0042,-0.0021,0.0
1942-01-28,-0.0046,-0.0004,-0.0005,0.0
1942-01-29,-0.0011,0.0004,0.0022,0.0
1942-01-30,-0.0055000000000000005,0.002,0.0005,0.0
1942-01-31,-0.0045000000000000005,-0.0022,-0.0031,0.0
1942-02-02,0.0033,-0.0019,-0.001,0.0
1942-02-03,0.0031,-0.0027,0.0005,0.0
1942-02-04,0.0063,0.002,0.0060999999999999995,0.0
1942-02-05,-0.0017000000000000001,0.0039000000000000003,0.0039000000000000003,0.0
1942-02-06,-0.0083,0.0045000000000000005,-0.0028000000000000004,0.0
1942-02-07,0.0002,-0.0011,0.0011,0.0
1942-02-09,-0.0111,0.0002,-0.0085,0.0
1942-02-10,-0.014199999999999999,-0.0068000000000000005,-0.013300000000000001,0.0
1942-02-11,-0.0021,-0.0008,0.003,0.0
1942-02-13,0.0009,0.0044,-0.0007000000000000001,0.0
1942-02-14,0.0052,-0.0004,0.0051,0.0
1942-02-16,-0.0023,0.0006,0.002,0.0
1942-02-17,-0.016399999999999998,0.0052,-0.006500000000000001,0.0
1942-02-18,-0.0002,0.0006,0.0007000000000000001,0.0
1942-02-19,0.0028000000000000004,0.0016,0.0027,0.0
1942-02-20,-0.0027,0.0048,0.0017000000000000001,0.0
1942-02-21,0.0023,0.0008,-0.0022,0.0
1942-02-24,0.0025,0.0011,0.0014000000000000002,0.0
1942-02-25,-0.0055000000000000005,0.0033,0.0002,0.0
1942-02-26,0.0043,-0.0026,0.0007000000000000001,0.0
1942-02-27,0.0076,-0.0017000000000000001,-0.0018,0.0
1942-02-28,0.0015,0.0023,-0.0029,0.0
1942-03-02,-0.0097,0.0032,-0.0043,0.0
1942-03-03,0.011699999999999999,-0.008,0.0002,0.0
1942-03-04,-0.0089,0.0048,-0.0009,0.0
1942-03-05,-0.015,0.0038,-0.0059,0.0
1942-03-06,-0.024900000000000002,0.0044,-0.0046,0.0
1942-03-07,0.0053,-0.0024,0.0079,0.0
1942-03-09,-0.0013,0.0017000000000000001,-0.0009,0.0
1942-03-10,-0.0075,0.0038,-0.0011,0.0
1942-03-11,-0.0165,0.0070999999999999995,-0.0054,0.0
1942-03-12,-0.0001,-0.0029,0.0068000000000000005,0.0
1942-03-13,0.004699999999999999,0.0015,-0.004,0.0
1942-03-14,0.0002,0.0042,-0.002,0.0
1942-03-16,0.0086,-0.0087,0.0013,0.0
1942-03-17,0.016,-0.006999999999999999,0.011699999999999999,0.0
1942-03-18,-0.0063,0.005600000000000001,-0.0029,0.0
1942-03-19,-0.0018,-0.0005,0.0045000000000000005,0.0
1942-03-20,-0.0077,0.004699999999999999,-0.0028000000000000004,0.0
1942-03-21,0.0009,-0.0008,-0.0004,0.0
1942-03-23,0.0018,-0.0008,0.0034000000000000002,0.0
1942-03-24,0.0060999999999999995,-0.0015,-0.002,0.0
1942-03-25,-0.0058,0.0007000000000000001,-0.0029,0.0
1942-03-26,-0.004,-0.0007000000000000001,0.0029,0.0
1942-03-27,-0.0098,0.0023,0.0001,0.0
1942-03-28,-0.0001,0.0003,0.0013,0.0
1942-03-30,0.0012,0.0008,-0.0003,0.0
1942-03-31,-0.0043,0.0033,-0.0055000000000000005,0.0
1942-04-01,0.004,-0.0046,0.0025,0.0
1942-04-02,0.0078000000000000005,-0.0002,0.0031,0.0
1942-04-04,0.0013,0.0031,-0.0034000000000000002,0.0
1942-04-06,0.0116,-0.0084,0.0036,0.0
1942-04-07,-0.0025,0.0022,0.003,0.0
1942-04-08,-0.0058,0.0002,-0.0021,0.0
1942-04-09,-0.013600000000000001,0.0009,-0.0058,0.0
1942-04-10,-0.0003,-0.0009,-0.001,0.0
1942-04-11,-0.0028000000000000004,0.0023,0.0023,0.0
1942-04-13,-0.0004,-0.0019,0.003,0.0
1942-04-14,-0.016399999999999998,-0.004,-0.0178,0.0
1942-04-15,0.0018,-0.0038,0.0029,0.0
1942-04-16,-0.0011,0.0031,-0.0001,0.0
1942-04-17,-0.0155,0.0034000000000000002,0.0043,0.0
1942-04-18,0.0066,-0.0017000000000000001,0.0062,0.0
1942-04-20,0.0036,-0.0015,-0.0028000000000000004,0.0
1942-04-21,0.0022,0.0046,0.0039000000000000003,0.0
1942-04-22,-0.0028000000000000004,0.0022,0.0025,0.0
1942-04-23,-0.022000000000000002,0.0040999999999999995,-0.003,0.0
1942-04-24,-0.0084,0.0028000000000000004,0.0002,0.0
1942-04-25,0.002,0.0040999999999999995,0.0001,0.0
1942-04-27,-0.0066,-0.0019,0.0091,0.0
1942-04-28,-0.0096,-0.0004,0.0044,0.0
1942-04-29,0.0152,-0.009300000000000001,0.0068000000000000005,0.0
1942-04-30,0.008100000000000001,0.0007000000000000001,0.0007000000000000001,0.0
1942-05-01,0.006999999999999999,-0.0055000000000000005,-0.0024,0.0
1942-05-02,0.0068000000000000005,-0.0025,0.0055000000000000005,0.0
1942-05-04,0.0021,-0.0038,0.0011,0.0
1942-05-05,0.0033,-0.0032,-0.0021,0.0
1942-05-06,-0.0025,-0.0034999999999999996,0.0043,0.0
1942-05-07,0.008100000000000001,-0.0034999999999999996,-0.0028000000000000004,0.0
1942-05-08,0.0021,0.0029,0.0014000000000000002,0.0
1942-05-09,0.005600000000000001,0.0017000000000000001,-0.0034999999999999996,0.0
1942-05-11,0.0059,-0.0044,-0.0014000000000000002,0.0
1942-05-12,-0.006500000000000001,0.0042,-0.004699999999999999,0.0
1942-05-13,-0.0123,0.0025,-0.0015,0.0
1942-05-14,0.002,-0.0059,-0.0025,0.0
1942-05-15,0.0076,-0.0053,0.0013,0.0
1942-05-16,0.006999999999999999,-0.0013,0.0011,0.0
1942-05-18,-0.0011,0.0007000000000000001,-0.0017000000000000001,0.0
1942-05-19,-0.0059,0.0051,-0.0011,0.0
1942-05-20,0.0013,-0.004,-0.012,0.0
1942-05-21,0.016200000000000003,-0.0096,0.0039000000000000003,0.0
1942-05-22,-0.002,0.0019,0.003,0.0
1942-05-23,0.0006,0.0042,-0.0075,0.0
1942-05-25,-0.0019,0.001,-0.0025,0.0
1942-05-26,0.0008,0.0007000000000000001,-0.0004,0.0
1942-05-27,0.0149,-0.0088,0.0017000000000000001,0.0
1942-05-28,0.0013,0.0004,-0.0029,0.0
1942-05-29,-0.002,0.0051,0.0003,0.0
1942-06-01,0.004,0.0,0.0001,0.0
1942-06-02,-0.0012,0.0021,-0.006,0.0
1942-06-03,0.0066,-0.0018,0.0009,0.0
1942-06-04,0.0158,-0.0032,-0.0072,0.0
1942-06-05,0.0053,0.0012,0.0059,0.0
1942-06-06,0.0043,-0.0007000000000000001,0.0016,0.0
1942-06-08,0.008100000000000001,-0.0052,-0.003,0.0
1942-06-09,-0.0027,0.0016,-0.0034999999999999996,0.0
1942-06-10,-0.0091,0.0012,0.0011,0.0
1942-06-11,0.0022,-0.0005,-0.0009,0.0
1942-06-12,-0.0046,0.0018,0.0001,0.0
1942-06-13,0.004,-0.001,0.0011,0.0
1942-06-15,0.0021,-0.002,-0.0025,0.0
1942-06-16,0.0008,0.0014000000000000002,0.0033,0.0
1942-06-17,0.0132,-0.01,0.0036,0.0
1942-06-18,-0.0016,0.0078000000000000005,-0.0007000000000000001,0.0
1942-06-19,-0.0092,0.0019,-0.005,0.0
1942-06-20,-0.0033,0.002,0.0052,0.0
1942-06-22,-0.0132,-0.005,-0.0014000000000000002,0.0
1942-06-23,0.0013,0.0008,0.0023,0.0
1942-06-24,-0.0026,0.0025,-0.0027,0.0
1942-06-25,0.0008,-0.0005,0.0011,0.0
1942-06-26,-0.001,0.0002,0.0043,0.0
1942-06-27,0.0032,-0.0004,0.0042,0.0
1942-06-29,0.0026,-0.0037,0.0014000000000000002,0.0
1942-06-30,0.0013,-0.0031,0.0011,0.0
1942-07-01,-0.0038,0.0042,-0.0019,0.0
1942-07-02,0.0103,-0.0059,0.0032,0.0
1942-07-03,0.0092,-0.0005,0.004699999999999999,0.0
1942-07-06,0.013300000000000001,-0.006500000000000001,0.0004,0.0
1942-07-07,-0.0021,0.005,0.0006,0.0
1942-07-08,0.0195,-0.0087,0.0058,0.0
1942-07-09,0.0109,0.0087,0.0013,0.0
1942-07-10,-0.002,0.0002,0.0003,0.0
1942-07-11,-0.0005,0.0006,0.0009,0.0
1942-07-13,-0.0055000000000000005,0.0004,0.0,0.0
1942-07-14,0.005699999999999999,-0.0053,-0.0014000000000000002,0.0
1942-07-15,0.0025,0.0052,-0.0015,0.0
1942-07-16,-0.0003,-0.0018,-0.0004,0.0
1942-07-17,-0.0083,0.0040999999999999995,-0.0016,0.0
1942-07-18,-0.0025,0.0006,0.0012,0.0
1942-07-20,0.0049,-0.0060999999999999995,0.0003,0.0
1942-07-21,0.0023,-0.0016,-0.0015,0.0
1942-07-22,-0.0009,0.0018,0.0034000000000000002,0.0
1942-07-23,-0.012,0.0034999999999999996,-0.0036,0.0
1942-07-24,-0.0002,-0.0019,0.0059,0.0
1942-07-25,0.0011,0.0003,0.0039000000000000003,0.0
1942-07-27,0.0008,0.0006,0.0017000000000000001,0.0
1942-07-28,-0.0016,-0.0002,0.0028000000000000004,0.0
1942-07-29,-0.011000000000000001,0.0068000000000000005,-0.0053,0.0
1942-07-30,0.0009,-0.0013,0.0022,0.0
1942-07-31,0.0044,-0.0037,0.0024,0.0
1942-08-01,0.0008,0.0039000000000000003,0.0052,0.0
1942-08-03,0.0028000000000000004,-0.0063,0.0009,0.0
1942-08-04,-0.0017000000000000001,0.0024,0.0018,0.0
1942-08-05,-0.0070999999999999995,0.0027,-0.0086,0.0
1942-08-06,-0.0009,-0.0009,-0.002,0.0
1942-08-07,0.0026,-0.0023,-0.0001,0.0
1942-08-08,-0.0011,0.0022,-0.0031,0.0
1942-08-10,-0.0008,-0.0016,0.0014000000000000002,0.0
1942-08-11,0.0033,-0.0033,0.0009,0.0
1942-08-12,0.0012,-0.0027,0.0060999999999999995,0.0
1942-08-13,0.0044,-0.0024,0.0021,0.0
1942-08-14,0.005,0.0018,0.0025,0.0
1942-08-15,0.0025,-0.0007000000000000001,-0.0013,0.0
1942-08-17,0.0034999999999999996,0.0004,0.0069,0.0
1942-08-18,0.0073,-0.0043,0.0036,0.0
1942-08-19,0.0009,0.0043,0.0023,0.0
1942-08-20,-0.0021,0.003,0.004699999999999999,0.0
1942-08-21,0.0031,-0.0005,0.0032,0.0
1942-08-22,0.0014000000000000002,0.001,0.003,0.0
1942-08-24,0.0,-0.0024,-0.0042,0.0
1942-08-25,-0.005699999999999999,0.0008,-0.0039000000000000003,0.0
1942-08-26,-0.010700000000000001,0.0022,-0.0085,0.0
1942-08-27,0.004,0.0011,0.0029,0.0
1942-08-28,0.0034999999999999996,-0.0002,-0.0012,0.0
1942-08-29,0.0008,0.0019,-0.0021,0.0
1942-08-31,0.001,-0.0006,0.0008,0.0
1942-09-01,-0.0008,0.0001,-0.0032,0.0
1942-09-02,0.0003,0.0031,-0.0007000000000000001,0.0
1942-09-03,0.0007000000000000001,-0.0003,0.0016,0.0
1942-09-04,0.0001,-0.0014000000000000002,0.006,0.0
1942-09-05,0.0016,0.0001,0.0029,0.0
1942-09-08,0.005600000000000001,-0.0045000000000000005,0.0004,0.0
1942-09-09,-0.0014000000000000002,0.0019,-0.0014000000000000002,0.0
1942-09-10,-0.0055000000000000005,0.0032,-0.0012,0.0
1942-09-11,-0.0046,0.0005,-0.0006,0.0
1942-09-12,0.0003,0.0017000000000000001,-0.0001,0.0
1942-09-14,0.0,0.0005,0.0043,0.0
1942-09-15,0.004,-0.0015,0.0005,0.0
1942-09-16,0.0016,0.0005,0.0014000000000000002,0.0
1942-09-17,-0.0004,0.0005,0.0089,0.0
1942-09-18,0.0058,-0.0014000000000000002,-0.0023,0.0
1942-09-19,-0.0003,0.0031,0.0058,0.0
1942-09-21,0.0008,0.0015,-0.0016,0.0
1942-09-22,0.0033,-0.0022,0.0046,0.0
1942-09-23,0.0054,0.0018,0.0,0.0
1942-09-24,0.011200000000000002,0.0025,0.0077,0.0
1942-09-25,0.003,0.0037,-0.0032,0.0
1942-09-26,-0.0013,-0.0018,-0.0046,0.0
1942-09-28,-0.0001,-0.0015,0.0012,0.0
1942-09-29,-0.002,-0.0027,0.0,0.0
1942-09-30,-0.0011,-0.0013,-0.0032,0.0
1942-10-01,0.006500000000000001,-0.0012,0.0118,0.0
1942-10-02,0.012,0.0009,0.0088,0.0
1942-10-03,0.0046,0.001,0.0067,0.0
1942-10-05,0.0069,-0.0008,-0.0001,0.0
1942-10-06,0.0004,-0.0032,0.0068000000000000005,0.0
1942-10-07,0.0019,0.0054,-0.0029,0.0
1942-10-08,0.015600000000000001,0.0023,0.0073,0.0
1942-10-09,0.0038,0.0026,0.006,0.0
1942-10-10,0.0088,-0.0063,0.0048,0.0
1942-10-13,0.0053,0.0008,0.0043,0.0
1942-10-14,-0.0031,0.0025,-0.0013,0.0
1942-10-15,-0.0121,0.0051,-0.0043,0.0
1942-10-16,0.0040999999999999995,0.0033,0.0016,0.0
1942-10-17,-0.0013,0.0040999999999999995,-0.0045000000000000005,0.0
1942-10-19,0.0019,-0.0018,0.0007000000000000001,0.0
1942-10-20,0.0104,-0.0033,0.0004,0.0
1942-10-21,0.0001,0.0055000000000000005,-0.0025,0.0
1942-10-22,0.0017000000000000001,-0.0002,-0.0005,0.0
1942-10-23,-0.0007000000000000001,0.0034000000000000002,0.0018,0.0
1942-10-24,0.003,-0.0008,0.0043,0.0
1942-10-26,0.003,0.0,0.0067,0.0
1942-10-27,-0.0101,-0.0023,-0.009899999999999999,0.0
1942-10-28,-0.006,-0.0008,-0.0008,0.0
1942-10-29,0.0006,0.0003,0.0026,0.0
1942-10-30,0.0034999999999999996,-0.0019,0.0042,0.0
1942-10-31,0.005600000000000001,0.001,0.0078000000000000005,0.0
1942-11-02,0.006500000000000001,0.0013,0.0044,0.0
1942-11-04,-0.0026,0.0011,-0.0064,0.0
1942-11-05,0.0012,-0.0011,-0.0011,0.0
1942-11-06,0.0106,0.0026,-0.0029,0.0
1942-11-07,0.0068000000000000005,-0.0016,0.0028000000000000004,0.0
1942-11-09,0.0031,0.0022,-0.0034999999999999996,0.0
1942-11-10,-0.0052,-0.0003,0.0,0.0
1942-11-12,0.0004,-0.0036,-0.0025,0.0
1942-11-13,-0.0034000000000000002,0.0022,-0.0044,0.0
1942-11-14,0.0002,0.0,-0.001,0.0
1942-11-16,-0.0086,-0.0007000000000000001,-0.0060999999999999995,0.0
1942-11-17,-0.009000000000000001,-0.0029,-0.0032,0.0
1942-11-18,0.0019,-0.0025,-0.0037,0.0
1942-11-19,0.0013,-0.0006,-0.0015,0.0
1942-11-20,0.0084,-0.0025,0.0027,0.0
1942-11-21,0.0016,0.0029,-0.0008,0.0
1942-11-23,-0.0111,0.0033,-0.0038,0.0
1942-11-24,-0.0021,-0.005600000000000001,-0.005699999999999999,0.0
1942-11-25,-0.0008,-0.0045000000000000005,0.0037,0.0
1942-11-27,0.0039000000000000003,-0.0011,-0.0012,0.0
1942-11-28,0.0008,0.0023,-0.002,0.0
1942-11-30,-0.0021,-0.0051,-0.0068000000000000005,0.0
1942-12-01,0.0013,-0.0009,-0.0019,0.0
1942-12-02,0.0036,-0.002,0.0004,0.0
1942-12-03,0.0028000000000000004,-0.0009,0.0025,0.0
1942-12-04,-0.0013,-0.0015,-0.0011,0.0
1942-12-05,0.0012,-0.0006,0.0023,0.0
1942-12-07,-0.0034999999999999996,-0.0007000000000000001,-0.0101,0.0
1942-12-08,0.0052,-0.0032,0.0029,0.0
1942-12-09,-0.0005,-0.0032,-0.0032,0.0
1942-12-10,0.0011,0.0001,-0.0034999999999999996,0.0
1942-12-11,0.0009,-0.0004,-0.0007000000000000001,0.0
1942-12-12,0.0023,0.0019,0.0055000000000000005,0.0
1942-12-14,0.0009,0.0009,-0.0086,0.0
1942-12-15,0.0037,-0.003,0.0032,0.0
1942-12-16,0.0055000000000000005,-0.0021,0.0059,0.0
1942-12-17,0.0182,-0.0018,0.020499999999999997,0.0
1942-12-18,-0.0002,0.0074,-0.0052,0.0
1942-12-19,-0.0005,-0.0022,0.0,0.0
1942-12-21,-0.0008,-0.0009,-0.0029,0.0
1942-12-22,-0.0003,-0.0011,-0.0043,0.0
1942-12-23,0.0021,-0.0031,-0.0060999999999999995,0.0
1942-12-24,0.0046,-0.0054,0.0038,0.0
1942-12-26,0.0024,0.0012,0.0023,0.0
1942-12-28,-0.0085,-0.0008,-0.009000000000000001,0.0
1942-12-29,-0.002,-0.0054,-0.0021,0.0
1942-12-30,0.0102,-0.0002,0.0004,0.0
1942-12-31,0.0021,0.0036,0.0154,0.0
1943-01-02,0.0078000000000000005,0.01,0.006,0.0
1943-01-04,0.0085,0.0060999999999999995,0.013000000000000001,0.0
1943-01-05,-0.0036,0.0054,-0.0036,0.0
1943-01-06,0.0004,0.0019,-0.0005,0.0
1943-01-07,-0.0004,0.004,0.0034999999999999996,0.0
1943-01-08,0.0021,0.0023,0.005600000000000001,0.0
1943-01-09,0.0024,0.0051,-0.0013,0.0
1943-01-11,0.003,0.002,0.0004,0.0
1943-01-12,-0.0024,0.0014000000000000002,0.0001,0.0
1943-01-13,0.0027,0.0019,0.004699999999999999,0.0
1943-01-14,0.005,0.0052,0.0111,0.0
1943-01-15,0.009300000000000001,0.0043,0.0072,0.0
1943-01-16,0.0019,0.0058,0.0031,0.0
1943-01-18,-0.0006,0.0039000000000000003,0.0036,0.0
1943-01-19,-0.0087,-0.0052,-0.012,0.0
1943-01-20,-0.0001,0.0029,0.0034999999999999996,0.0
1943-01-21,0.011699999999999999,0.0087,0.0024,0.0
1943-01-22,0.0015,-0.0003,-0.0018,0.0
1943-01-23,0.0028000000000000004,0.0007000000000000001,0.0003,0.0
1943-01-25,0.0091,0.0002,0.0013,0.0
1943-01-26,0.0048,-0.0006,0.002,0.0
1943-01-27,-0.0021,0.0032,0.008,0.0
1943-01-28,0.0024,0.0034000000000000002,0.0115,0.0
1943-01-29,0.008199999999999999,0.0045000000000000005,0.0038,0.0
1943-01-30,0.0034000000000000002,0.0013,0.001,0.0
1943-02-01,0.0036,-0.0003,0.0038,0.0
1943-02-02,0.0004,0.004699999999999999,-0.0028000000000000004,0.0
1943-02-03,-0.0045000000000000005,-0.005699999999999999,-0.0024,0.0
1943-02-04,-0.0008,0.005699999999999999,0.0018,0.0
1943-02-05,0.0058,0.0026,0.0009,0.0
1943-02-06,0.0008,0.0001,-0.0002,0.0
1943-02-08,-0.0023,-0.0044,-0.0013,0.0
1943-02-09,0.006999999999999999,0.0036,0.0017000000000000001,0.0
1943-02-10,0.009899999999999999,0.008199999999999999,0.0115,0.0
1943-02-11,0.0026,0.0097,0.0079,0.0
1943-02-13,0.004699999999999999,0.0058,0.0070999999999999995,0.0
1943-02-15,0.0083,0.0088,0.0105,0.0
1943-02-16,-0.0018,-0.002,0.0002,0.0
1943-02-17,0.0017000000000000001,0.0003,0.002,0.0
1943-02-18,-0.0108,-0.0049,-0.0182,0.0
1943-02-19,-0.001,-0.0028000000000000004,0.005600000000000001,0.0
1943-02-20,0.011399999999999999,0.0051,0.0069,0.0
1943-02-23,0.0079,0.0012,0.0089,0.0
1943-02-24,0.0068000000000000005,0.0003,0.0052,0.0
1943-02-25,0.0060999999999999995,0.0034000000000000002,0.0098,0.0
1943-02-26,0.0007000000000000001,0.0029,0.0019,0.0
1943-02-27,0.0036,0.0023,-0.0006,0.0
1943-03-01,-0.0055000000000000005,0.0026,-0.0026,0.0
1943-03-02,-0.0060999999999999995,0.0004,0.0016,0.0
1943-03-03,0.0126,0.0046,0.021099999999999997,0.0
1943-03-04,0.0032,0.0023,-0.0034999999999999996,0.0
1943-03-05,0.0033,0.0036,-0.0019,0.0
1943-03-06,0.0021,0.0017000000000000001,-0.0007000000000000001,0.0
1943-03-08,-0.0016,0.0036,-0.0004,0.0
1943-03-09,-0.0066,-0.0016,-0.0043,0.0
1943-03-10,-0.004,0.0021,-0.004,0.0
1943-03-11,0.011200000000000002,0.0075,0.0173,0.0
1943-03-12,0.0060999999999999995,0.0059,0.0116,0.0
1943-03-13,0.0009,0.0016,-0.0006,0.0
1943-03-15,-0.0003,-0.0022,-0.0034999999999999996,0.0
1943-03-16,-0.0037,-0.0017000000000000001,-0.0037,0.0
1943-03-17,-0.0069,-0.0068000000000000005,-0.0097,0.0
1943-03-18,0.0011,0.0066,0.0059,0.0
1943-03-19,-0.0029,0.0074,-0.009899999999999999,0.0
1943-03-20,-0.0009,-0.0008,0.0004,0.0
1943-03-22,0.0029,0.0022,0.0116,0.0
1943-03-23,0.004699999999999999,0.0058,0.0008,0.0
1943-03-24,0.0046,0.0040999999999999995,-0.0014000000000000002,0.0
1943-03-25,0.0183,0.0018,0.008199999999999999,0.0
1943-03-26,0.0072,-0.0018,0.0029,0.0
1943-03-27,0.0014000000000000002,-0.0038,-0.003,0.0
1943-03-29,0.0127,0.0042,0.0146,0.0
1943-03-30,0.0072,-0.0053,0.0025,0.0
1943-03-31,-0.0016,0.0033,0.0026,0.0
1943-04-01,0.0011,0.0043,0.0124,0.0
1943-04-02,-0.0042,0.0002,0.0060999999999999995,0.0
1943-04-03,0.0014000000000000002,0.0067,0.0113,0.0
1943-04-05,0.0139,0.0075,0.0212,0.0
1943-04-06,0.0034000000000000002,-0.0006,-0.0023,0.0
1943-04-07,-0.0052,-0.0060999999999999995,-0.0021,0.0
1943-04-08,-0.004,0.0074,-0.0019,0.0
1943-04-09,-0.0365,-0.0165,-0.035699999999999996,0.0
1943-04-10,-0.0008,-0.0048,0.0072,0.0
1943-04-12,-0.0006,0.0053,0.0003,0.0
1943-04-13,-0.0015,-0.0021,-0.0045000000000000005,0.0
1943-04-14,0.013500000000000002,0.0108,0.0194,0.0
1943-04-15,0.0083,0.0027,0.009000000000000001,0.0
1943-04-16,-0.0019,0.001,-0.0037,0.0
1943-04-17,0.004,-0.0007000000000000001,0.0045000000000000005,0.0
1943-04-19,0.0,0.0036,0.0019,0.0
1943-04-20,-0.0044,0.0015,-0.0022,0.0
1943-04-21,0.0089,0.0021,0.009399999999999999,0.0
1943-04-22,0.0033,0.0004,0.0046,0.0
1943-04-24,0.0016,-0.001,0.0064,0.0
1943-04-26,0.0001,0.0006,-0.0025,0.0
1943-04-27,-0.0011,-0.0038,-0.0086,0.0
1943-04-28,-0.0012,-0.0004,-0.0016,0.0
1943-04-29,0.0102,0.0018,0.0152,0.0
1943-04-30,0.0008,0.0017000000000000001,-0.0031,0.0
1943-05-01,0.0058,0.0034000000000000002,0.009899999999999999,0.0
1943-05-03,0.0132,0.0055000000000000005,0.013600000000000001,0.0
1943-05-04,0.0052,0.009399999999999999,-0.005699999999999999,0.0
1943-05-05,0.0054,0.0004,0.0123,0.0
1943-05-06,0.0033,0.005,0.0005,0.0
1943-05-07,-0.0125,-0.0027,-0.0169,0.0
1943-05-08,0.0101,0.005699999999999999,0.0148,0.0
1943-05-10,0.0038,0.011899999999999999,0.0028000000000000004,0.0
1943-05-11,-0.0034000000000000002,-0.0001,-0.0033,0.0
1943-05-12,-0.0034999999999999996,-0.0054,-0.0036,0.0
1943-05-13,-0.0033,-0.0021,0.0,0.0
1943-05-14,-0.0096,-0.0074,-0.0083,0.0
1943-05-15,0.0034000000000000002,0.0086,0.0062,0.0
1943-05-17,-0.0001,0.0031,-0.0036,0.0
1943-05-18,0.0066,-0.0017000000000000001,0.0002,0.0
1943-05-19,0.0106,0.0076,0.0115,0.0
1943-05-20,-0.0008,0.0022,-0.0018,0.0
1943-05-21,-0.0004,-0.005600000000000001,-0.0014000000000000002,0.0
1943-05-22,0.0002,0.0068000000000000005,0.0005,0.0
1943-05-24,-0.0007000000000000001,-0.0029,-0.0060999999999999995,0.0
1943-05-25,0.0025,-0.0053,0.0098,0.0
1943-05-26,0.0088,-0.0016,0.0002,0.0
1943-05-27,0.0034999999999999996,0.005600000000000001,-0.0025,0.0
1943-05-28,0.0027,0.0,0.0012,0.0
1943-05-29,0.005600000000000001,0.0016,0.0013,0.0
1943-06-01,0.0037,-0.0008,0.0009,0.0
1943-06-02,-0.0008,-0.0024,-0.0075,0.0
1943-06-03,0.0055000000000000005,0.0,0.0053,0.0
1943-06-04,-0.003,0.0022,-0.0023,0.0
1943-06-05,0.0066,0.0062,0.0018,0.0
1943-06-07,-0.0075,-0.0007000000000000001,-0.0075,0.0
1943-06-08,-0.005699999999999999,-0.0011,-0.0074,0.0
1943-06-09,0.002,-0.0006,0.0025,0.0
1943-06-10,0.0021,0.0025,-0.005,0.0
1943-06-11,-0.003,0.0017000000000000001,-0.0031,0.0
1943-06-12,-0.0015,-0.0025,-0.0038,0.0
1943-06-14,-0.0159,-0.0111,-0.015,0.0
1943-06-15,0.0023,-0.0016,0.0068000000000000005,0.0
1943-06-16,0.0040999999999999995,0.0017000000000000001,0.0063,0.0
1943-06-17,0.0016,0.0024,0.0023,0.0
1943-06-18,-0.0017000000000000001,0.0012,-0.0034000000000000002,0.0
1943-06-19,-0.0002,-0.0029,-0.0001,0.0
1943-06-21,-0.0072,-0.0064,-0.008,0.0
1943-06-22,0.0021,0.0001,0.0045000000000000005,0.0
1943-06-23,0.0078000000000000005,0.0042,0.0075,0.0
1943-06-24,0.0054,-0.0008,-0.0002,0.0
1943-06-25,0.011200000000000002,0.0025,0.009899999999999999,0.0
1943-06-26,0.0042,0.0002,0.0032,0.0
1943-06-28,0.0044,-0.0007000000000000001,0.003,0.0
1943-06-29,-0.0033,-0.0027,-0.0016,0.0
1943-06-30,0.0055000000000000005,0.0002,0.004699999999999999,0.0
1943-07-01,0.0017000000000000001,0.0013,0.0098,0.0
1943-07-02,0.0002,0.0021,-0.0036,0.0
1943-07-03,0.0015,0.0001,0.0012,0.0
1943-07-06,0.0,-0.0002,-0.0055000000000000005,0.0
1943-07-07,-0.0023,-0.003,-0.0037,0.0
1943-07-08,0.002,-0.0011,0.0042,0.0
1943-07-09,0.0036,-0.0014000000000000002,0.0060999999999999995,0.0
1943-07-10,0.0013,0.0001,0.0007000000000000001,0.0
1943-07-12,0.0051,-0.0042,0.005600000000000001,0.0
1943-07-13,0.0075,0.0009,0.0042,0.0
1943-07-14,0.005600000000000001,-0.0024,0.0062,0.0
1943-07-15,-0.0067,0.0013,-0.0097,0.0
1943-07-16,-0.0009,-0.0032,0.0042,0.0
1943-07-17,0.0009,0.0005,0.001,0.0
1943-07-19,-0.0006,-0.0016,-0.0055000000000000005,0.0
1943-07-20,-0.0070999999999999995,-0.0026,-0.0127,0.0
1943-07-21,0.0011,-0.002,0.0066,0.0
1943-07-22,0.0018,0.0033,0.0073,0.0
1943-07-23,0.0002,0.0007000000000000001,0.0003,0.0
1943-07-24,0.0009,0.0005,0.001,0.0
1943-07-26,-0.0151,-0.0052,-0.021099999999999997,0.0
1943-07-27,-0.027200000000000002,0.0009,-0.016,0.0
1943-07-28,-0.0060999999999999995,-0.0128,0.0077,0.0
1943-07-29,0.0161,0.0101,0.0149,0.0
1943-07-30,-0.0184,-0.0037,-0.015300000000000001,0.0
1943-07-31,-0.0132,-0.0026,-0.0095,0.0
1943-08-02,-0.0177,0.0025,-0.0113,0.0
1943-08-03,0.0148,-0.011399999999999999,0.0054,0.0
1943-08-04,0.0085,0.0043,0.0036,0.0
1943-08-05,-0.0026,0.0001,-0.0032,0.0
1943-08-06,-0.0086,0.0013,-0.0075,0.0
1943-08-07,-0.0011,-0.0013,-0.0033,0.0
1943-08-09,0.0002,-0.0019,0.0045000000000000005,0.0
1943-08-10,0.0108,0.0006,0.008,0.0
1943-08-11,0.0067,0.0028000000000000004,0.0013,0.0
1943-08-12,-0.0045000000000000005,0.0006,0.0011,0.0
1943-08-13,0.0055000000000000005,-0.0015,-0.0034999999999999996,0.0
1943-08-14,0.0012,0.0023,0.0059,0.0
1943-08-16,-0.0005,0.0042,0.0008,0.0
1943-08-17,0.004,-0.0033,-0.0006,0.0
1943-08-18,0.0043,-0.0018,-0.003,0.0
1943-08-19,-0.0003,0.0001,-0.004699999999999999,0.0
1943-08-20,-0.0091,0.0022,-0.0066,0.0
1943-08-21,-0.008199999999999999,-0.0002,-0.005600000000000001,0.0
1943-08-23,-0.0086,-0.006,-0.011200000000000002,0.0
1943-08-24,0.0058,-0.0032,0.009899999999999999,0.0
1943-08-25,0.0040999999999999995,0.0015,0.005699999999999999,0.0
1943-08-26,0.0021,0.0005,0.0025,0.0
1943-08-27,-0.0034999999999999996,0.0019,-0.005699999999999999,0.0
1943-08-28,0.0007000000000000001,-0.0005,0.0038,0.0
1943-08-30,0.0007000000000000001,-0.0005,0.0006,0.0
1943-08-31,0.009000000000000001,0.0002,0.0095,0.0
1943-09-01,0.0039000000000000003,0.0026,0.0046,0.0
1943-09-02,0.0004,-0.001,-0.0066,0.0
1943-09-03,-0.0015,0.0001,-0.0022,0.0
1943-09-04,0.0022,0.0013,0.0006,0.0
1943-09-07,0.0006,-0.0043,0.0011,0.0
1943-09-08,-0.0048,-0.0002,-0.0089,0.0
1943-09-09,0.009899999999999999,0.0062,0.0106,0.0
1943-09-10,0.0013,0.0046,0.004,0.0
1943-09-11,0.0002,0.0001,0.0019,0.0
1943-09-13,-0.0013,0.0009,-0.0049,0.0
1943-09-14,-0.0023,-0.0033,-0.0011,0.0
1943-09-15,0.0021,0.0024,0.0051,0.0
1943-09-16,0.0037,-0.0006,0.0034999999999999996,0.0
1943-09-17,0.01,-0.0002,0.0102,0.0
1943-09-18,0.008100000000000001,0.0034999999999999996,0.006500000000000001,0.0
1943-09-20,0.0040999999999999995,0.0045000000000000005,-0.0019,0.0
1943-09-21,0.0002,-0.0058,0.0009,0.0
1943-09-22,-0.0033,0.0004,-0.003,0.0
1943-09-23,-0.0059,0.0002,-0.0024,0.0
1943-09-24,0.0004,-0.0002,0.0036,0.0
1943-09-25,0.0001,0.0034000000000000002,-0.0008,0.0
1943-09-27,-0.0075,-0.001,-0.012199999999999999,0.0
1943-09-28,-0.0013,0.0023,0.0021,0.0
1943-09-29,0.0018,-0.0014000000000000002,0.0009,0.0
1943-09-30,0.0029,-0.0017000000000000001,0.0031,0.0
1943-10-01,0.0015,0.0015,0.0028000000000000004,0.0
1943-10-02,-0.0005,0.0025,-0.0004,0.0
1943-10-04,-0.005,-0.0028000000000000004,-0.0064,0.0
1943-10-05,-0.0042,0.0006,-0.0024,0.0
1943-10-06,-0.0102,-0.0028000000000000004,-0.0040999999999999995,0.0
1943-10-07,-0.0121,0.0006,-0.0054,0.0
1943-10-08,0.0029,-0.0009,0.0066,0.0
1943-10-09,0.0052,-0.0015,0.0077,0.0
1943-10-11,-0.0063,-0.0012,-0.005600000000000001,0.0
1943-10-13,-0.0017000000000000001,-0.0049,-0.0022,0.0
1943-10-14,0.0053,0.0004,0.0058,0.0
1943-10-15,0.0054,0.0040999999999999995,0.0042,0.0
1943-10-16,0.0036,-0.0009,0.0019,0.0
1943-10-18,-0.0008,0.0011,-0.0018,0.0
1943-10-19,0.0036,0.0018,0.0067,0.0
1943-10-20,0.0023,0.0006,0.0005,0.0
1943-10-21,-0.0068000000000000005,0.0058,-0.005,0.0
1943-10-22,0.0038,-0.003,0.004,0.0
1943-10-23,0.0002,0.0008,0.0028000000000000004,0.0
1943-10-25,-0.0011,-0.001,-0.0039000000000000003,0.0
1943-10-26,0.0029,0.0034999999999999996,0.0062,0.0
1943-10-27,0.006,0.0021,0.0104,0.0
1943-10-28,-0.0013,0.0,-0.0044,0.0
1943-10-29,-0.004699999999999999,0.0004,-0.0051,0.0
1943-10-30,0.0005,-0.0007000000000000001,0.0048,0.0
1943-11-01,-0.0007000000000000001,-0.0015,-0.006,0.0
1943-11-03,-0.01,-0.0058,-0.0131,0.0
1943-11-04,-0.0103,-0.0034000000000000002,-0.0109,0.0
1943-11-05,-0.0043,0.0031,0.0004,0.0
1943-11-06,-0.0002,0.0005,-0.0008,0.0
1943-11-08,-0.0322,-0.0171,-0.0353,0.0
1943-11-09,0.0053,-0.0011,0.0168,0.0
1943-11-10,0.011200000000000002,0.006999999999999999,0.0091,0.0
1943-11-12,-0.0055000000000000005,-0.0014000000000000002,0.0015,0.0
1943-11-13,-0.002,0.0008,-0.0009,0.0
1943-11-15,0.001,0.0026,0.0069,0.0
1943-11-16,-0.0033,0.0024,0.0034999999999999996,0.0
1943-11-17,-0.0058,-0.0037,-0.0053,0.0
1943-11-18,0.0038,-0.0004,0.0023,0.0
1943-11-19,0.0126,0.0018,0.0146,0.0
1943-11-20,0.005699999999999999,0.004,0.0012,0.0
1943-11-22,-0.0027,0.0018,-0.0008,0.0
1943-11-23,-0.0012,0.0012,-0.0014000000000000002,0.0
1943-11-24,-0.0025,0.0003,-0.010700000000000001,0.0
1943-11-26,-0.0070999999999999995,-0.0036,-0.009399999999999999,0.0
1943-11-27,-0.0031,-0.0002,-0.0018,0.0
1943-11-29,-0.009899999999999999,-0.0007000000000000001,0.0002,0.0
1943-11-30,0.0011,-0.002,-0.0002,0.0
1943-12-01,0.0095,0.003,0.0079,0.0
1943-12-02,0.0079,0.0001,0.0043,0.0
1943-12-03,0.0018,0.0008,0.002,0.0
1943-12-04,0.0017000000000000001,0.0014000000000000002,0.0007000000000000001,0.0
1943-12-06,0.004699999999999999,-0.0011,0.0037,0.0
1943-12-07,0.0078000000000000005,0.0023,-0.0011,0.0
1943-12-08,0.0105,0.0073,0.0101,0.0
1943-12-09,-0.0025,0.0019,-0.0034999999999999996,0.0
1943-12-10,0.0064,-0.0014000000000000002,-0.0019,0.0
1943-12-11,0.0023,0.0012,0.0006,0.0
1943-12-13,-0.0033,-0.0024,-0.0054,0.0
1943-12-14,-0.0028000000000000004,-0.0009,-0.0005,0.0
1943-12-15,0.0008,0.0016,0.0025,0.0
1943-12-16,0.0040999999999999995,-0.0028000000000000004,-0.0024,0.0
1943-12-17,0.0039000000000000003,0.0003,0.011699999999999999,0.0
1943-12-18,0.0038,0.0027,0.0013,0.0
1943-12-20,0.0022,0.0026,-0.0011,0.0
1943-12-21,-0.003,0.0028000000000000004,-0.0052,0.0
1943-12-22,-0.0008,0.001,-0.0025,0.0
1943-12-23,-0.0004,-0.0003,0.0017000000000000001,0.0
1943-12-24,0.0015,0.0014000000000000002,0.003,0.0
1943-12-27,-0.0009,0.0034999999999999996,-0.0034000000000000002,0.0
1943-12-28,-0.0084,0.0004,-0.011000000000000001,0.0
1943-12-29,-0.002,-0.004,0.0044,0.0
1943-12-30,0.016399999999999998,-0.0001,0.015,0.0
1943-12-31,0.0008,0.0076,-0.0033,0.0
1944-01-03,-0.0012,0.001,0.0005,0.0
1944-01-04,0.0103,-0.0029,0.011399999999999999,0.0
1944-01-05,0.0096,0.0062,0.0031,0.0
1944-01-06,-0.0022,0.0025,-0.0001,0.0
1944-01-07,-0.0012,0.0054,0.0001,0.0
1944-01-08,0.0003,-0.0001,0.0007000000000000001,0.0
1944-01-10,-0.0019,0.0022,0.0006,0.0
1944-01-11,0.0054,0.0003,0.0029,0.0
1944-01-12,-0.006,0.0015,-0.0034000000000000002,0.0
1944-01-13,-0.0027,0.0003,0.0012,0.0
1944-01-14,0.0064,0.005699999999999999,0.004699999999999999,0.0
1944-01-15,0.004699999999999999,0.0014000000000000002,0.004,0.0
1944-01-17,-0.0029,-0.0004,-0.0049,0.0
1944-01-18,-0.0023,-0.0039000000000000003,0.0012,0.0
1944-01-19,-0.0002,-0.0014000000000000002,-0.0051,0.0
1944-01-20,0.0011,0.0039000000000000003,0.0034999999999999996,0.0
1944-01-21,0.0021,0.0018,0.0042,0.0
1944-01-22,0.0024,-0.0003,0.001,0.0
1944-01-24,-0.0016,0.0027,-0.0038,0.0
1944-01-25,-0.0012,-0.0024,-0.003,0.0
1944-01-26,-0.0087,0.0012,-0.009899999999999999,0.0
1944-01-27,-0.0011,-0.0002,0.0003,0.0
1944-01-28,0.0049,-0.0013,0.0091,0.0
1944-01-29,0.0011,0.0018,0.0022,0.0
1944-01-31,0.0023,0.0004,0.0025,0.0
1944-02-01,0.0009,0.0026,-0.001,0.0
1944-02-02,-0.0017000000000000001,0.0008,0.0017000000000000001,0.0
1944-02-03,-0.0079,0.0028000000000000004,-0.0043,0.0
1944-02-04,-0.0064,0.0,-0.0060999999999999995,0.0
1944-02-05,0.002,0.0009,0.0075,0.0
1944-02-07,-0.0034000000000000002,-0.0003,0.0031,0.0
1944-02-08,0.0055000000000000005,-0.0029,0.0017000000000000001,0.0
1944-02-09,-0.0001,-0.0005,0.0011,0.0
1944-02-10,0.0060999999999999995,-0.0029,0.0106,0.0
1944-02-11,-0.001,0.0027,0.0004,0.0
1944-02-14,0.0008,0.0021,-0.0026,0.0
1944-02-15,0.0053,-0.0019,0.0075,0.0
1944-02-16,-0.0008,0.0016,-0.0049,0.0
1944-02-17,0.0039000000000000003,-0.0028000000000000004,0.008199999999999999,0.0
1944-02-18,-0.0036,0.003,-0.004699999999999999,0.0
1944-02-19,-0.0003,-0.0002,0.0005,0.0
1944-02-21,0.0003,0.001,-0.0013,0.0
1944-02-23,0.0060999999999999995,-0.0027,0.011200000000000002,0.0
1944-02-24,0.002,0.0019,-0.0002,0.0
1944-02-25,0.0004,0.001,-0.0018,0.0
1944-02-26,0.0,-0.0006,0.0014000000000000002,0.0
1944-02-28,0.0016,-0.0051,-0.0046,0.0
1944-02-29,-0.006,-0.0011,-0.014199999999999999,0.0
1944-03-01,0.0034999999999999996,-0.0015,0.005699999999999999,0.0
1944-03-02,0.0021,0.0036,0.0026,0.0
1944-03-03,0.0011,-0.0007000000000000001,-0.005,0.0
1944-03-04,0.0003,0.0,-0.0012,0.0
1944-03-06,0.0032,-0.0014000000000000002,0.0055000000000000005,0.0
1944-03-07,0.0067,0.0033,0.004,0.0
1944-03-08,0.0074,0.0002,-0.0031,0.0
1944-03-09,-0.0013,0.0016,0.0018,0.0
1944-03-10,0.0045000000000000005,0.0029,-0.0003,0.0
1944-03-11,0.0027,0.0008,0.0040999999999999995,0.0
1944-03-13,0.006999999999999999,-0.0009,0.0054,0.0
1944-03-14,-0.0023,-0.003,-0.0007000000000000001,0.0
1944-03-15,0.004,0.0007000000000000001,0.0058,0.0
1944-03-16,0.0024,0.004,0.0059,0.0
1944-03-17,0.0016,-0.0007000000000000001,0.0051,0.0
1944-03-18,-0.0029,0.0021,0.0025,0.0
1944-03-20,-0.0040999999999999995,0.0008,-0.004,0.0
1944-03-21,0.0032,0.0002,0.0105,0.0
1944-03-22,-0.0008,0.0031,-0.003,0.0
1944-03-23,-0.0083,0.0037,-0.0040999999999999995,0.0
1944-03-24,0.0024,-0.0021,0.003,0.0
1944-03-25,0.0,0.0016,-0.0013,0.0
1944-03-27,-0.0017000000000000001,0.0009,-0.0037,0.0
1944-03-28,-0.0124,-0.0073,-0.015300000000000001,0.0
1944-03-29,-0.0021,-0.0027,0.0009,0.0
1944-03-30,0.0067,0.0054,0.0075,0.0
1944-03-31,0.0018,0.0014000000000000002,0.0045000000000000005,0.0
1944-04-01,0.0004,-0.0004,-0.0015,0.0
1944-04-03,-0.0060999999999999995,-0.0007000000000000001,-0.0074,0.0
1944-04-04,0.0005,-0.0022,0.0018,0.0
1944-04-05,0.0024,0.0014000000000000002,0.0034000000000000002,0.0
1944-04-06,0.0031,-0.0001,0.0006,0.0
1944-04-08,0.002,0.0005,0.0022,0.0
1944-04-10,-0.0007000000000000001,-0.0025,0.0019,0.0
1944-04-11,0.0002,-0.0016,0.0063,0.0
1944-04-12,-0.0052,-0.0003,-0.0046,0.0
1944-04-13,-0.0031,-0.0025,-0.0031,0.0
1944-04-14,0.0001,0.0019,-0.0006,0.0
1944-04-15,0.0018,-0.0014000000000000002,0.0005,0.0
1944-04-17,-0.0028000000000000004,0.0018,-0.0027,0.0
1944-04-18,-0.016,-0.008100000000000001,-0.0204,0.0
1944-04-19,-0.004,-0.001,0.0008,0.0
1944-04-20,0.0077,0.0025,0.009899999999999999,0.0
1944-04-21,0.0016,-0.0001,0.0019,0.0
1944-04-22,-0.0006,0.0005,0.0002,0.0
1944-04-24,-0.0095,-0.0034000000000000002,-0.011399999999999999,0.0
1944-04-25,0.0001,-0.0036,0.0013,0.0
1944-04-26,0.0052,-0.0004,0.0062,0.0
1944-04-27,0.0029,0.0014000000000000002,0.0036,0.0
1944-04-28,0.0031,0.0039000000000000003,0.0015,0.0
1944-04-29,0.0003,0.0013,-0.0002,0.0
1944-05-01,0.0068000000000000005,-0.002,0.0015,0.0
1944-05-02,-0.0014000000000000002,0.0039000000000000003,-0.0048,0.0
1944-05-03,0.004699999999999999,-0.0006,0.0024,0.0
1944-05-04,-0.0005,0.0019,-0.004699999999999999,0.0
1944-05-05,0.0052,0.0005,0.0058,0.0
1944-05-06,0.0017000000000000001,0.0,-0.0021,0.0
1944-05-08,-0.0018,0.002,0.0,0.0
1944-05-09,0.0018,-0.0011,0.0008,0.0
1944-05-10,0.0016,-0.0003,-0.002,0.0
1944-05-11,0.0014000000000000002,0.0003,0.0004,0.0
1944-05-12,-0.0064,-0.0026,-0.0108,0.0
1944-05-13,0.0003,-0.0024,0.0027,0.0
1944-05-15,0.0017000000000000001,0.0,0.0022,0.0
1944-05-16,0.0017000000000000001,0.0024,0.0055000000000000005,0.0
1944-05-17,0.0067,0.0015,0.006500000000000001,0.0
1944-05-18,0.0025,0.0019,0.0034999999999999996,0.0
1944-05-19,0.0019,0.0008,-0.0021,0.0
1944-05-20,0.0009,0.0018,0.0021,0.0
1944-05-22,0.0004,0.0016,-0.0038,0.0
1944-05-23,0.0032,-0.0001,0.0032,0.0
1944-05-24,0.0038,0.0014000000000000002,0.0028000000000000004,0.0
1944-05-25,-0.0006,0.0004,-0.0040999999999999995,0.0
1944-05-26,0.0029,0.0013,0.0013,0.0
1944-05-27,0.0023,0.0008,0.0028000000000000004,0.0
1944-05-29,0.0022,0.0027,0.0002,0.0
1944-05-31,0.0068000000000000005,-0.0002,0.0009,0.0
1944-06-01,-0.0003,0.0005,-0.0008,0.0
1944-06-02,-0.0006,-0.0006,-0.004,0.0
1944-06-03,0.0003,-0.0006,0.0002,0.0
1944-06-05,-0.0052,0.0012,-0.0067,0.0
1944-06-06,0.0045000000000000005,-0.0022,-0.0005,0.0
1944-06-07,-0.0015,-0.001,-0.0069,0.0
1944-06-08,-0.0024,0.0042,-0.0033,0.0
1944-06-09,0.0009,0.0016,0.0049,0.0
1944-06-10,0.0048,0.0001,0.0036,0.0
1944-06-12,0.0143,0.0031,0.011200000000000002,0.0
1944-06-13,0.0077,0.0012,0.0027,0.0
1944-06-14,0.0014000000000000002,0.0,-0.0052,0.0
1944-06-15,0.0054,0.0045000000000000005,-0.0039000000000000003,0.0
1944-06-16,0.008100000000000001,0.0017000000000000001,0.009399999999999999,0.0
1944-06-17,0.0034999999999999996,-0.0003,0.0034999999999999996,0.0
1944-06-19,0.0054,0.0008,0.0019,0.0
1944-06-20,-0.0007000000000000001,-0.0004,0.002,0.0
1944-06-21,-0.0033,0.0009,0.0,0.0
1944-06-22,0.0001,0.0025,-0.0003,0.0
1944-06-23,0.0009,0.006500000000000001,0.0021,0.0
1944-06-24,0.0007000000000000001,0.0014000000000000002,0.0017000000000000001,0.0
1944-06-26,0.0058,0.0044,0.0024,0.0
1944-06-27,0.0046,0.0034000000000000002,0.0002,0.0
1944-06-28,-0.0031,0.0034000000000000002,0.0015,0.0
1944-06-29,-0.0003,0.0022,-0.0001,0.0
1944-06-30,0.0028000000000000004,-0.0001,0.0027,0.0
1944-07-01,0.001,0.0031,0.0004,0.0
1944-07-03,0.0077,0.0018,0.0076,0.0
1944-07-05,0.0043,0.0043,0.0052,0.0
1944-07-06,-0.0028000000000000004,-0.004699999999999999,-0.0032,0.0
1944-07-07,0.0022,0.0004,0.0008,0.0
1944-07-08,0.0055000000000000005,0.0016,0.005699999999999999,0.0
1944-07-10,0.0036,0.004699999999999999,-0.0039000000000000003,0.0
1944-07-11,-0.0017000000000000001,-0.0034999999999999996,-0.0037,0.0
1944-07-12,0.0012,0.0029,0.0023,0.0
1944-07-13,-0.0019,-0.0042,0.0015,0.0
1944-07-14,0.0,0.0009,-0.0003,0.0
1944-07-15,0.0002,0.005699999999999999,0.0037,0.0
1944-07-17,-0.01,-0.0079,-0.004699999999999999,0.0
1944-07-18,-0.008100000000000001,-0.0013,-0.0045000000000000005,0.0
1944-07-19,0.008100000000000001,0.0072,0.008,0.0
1944-07-20,-0.0064,-0.0029,-0.0085,0.0
1944-07-21,-0.013300000000000001,-0.0086,-0.0105,0.0
1944-07-22,-0.0092,-0.0040999999999999995,-0.0084,0.0
1944-07-24,0.0014000000000000002,0.0012,0.0034000000000000002,0.0
1944-07-25,0.0089,0.0072,0.0095,0.0
1944-07-26,-0.0015,0.005699999999999999,-0.0015,0.0
1944-07-27,0.0009,-0.0038,0.0006,0.0
1944-07-28,-0.0046,0.0004,-0.0028000000000000004,0.0
1944-07-29,0.0005,-0.0014000000000000002,0.0015,0.0
1944-07-31,-0.0006,0.0019,-0.0014000000000000002,0.0
1944-08-01,0.0045000000000000005,0.0018,0.0048,0.0
1944-08-02,0.0024,0.0022,-0.0003,0.0
1944-08-03,-0.005699999999999999,-0.0015,-0.0062,0.0
1944-08-04,-0.0075,0.0003,-0.006,0.0
1944-08-05,0.0005,0.0013,-0.005,0.0
1944-08-07,0.0013,0.004699999999999999,-0.0087,0.0
1944-08-08,-0.0034999999999999996,-0.0013,0.0006,0.0
1944-08-09,0.0031,-0.0027,0.0037,0.0
1944-08-10,0.006,0.001,0.0072,0.0
1944-08-11,0.0052,0.0043,0.0022,0.0
1944-08-12,0.0025,0.0019,0.0019,0.0
1944-08-14,0.0018,0.0003,-0.0005,0.0
1944-08-15,-0.001,0.0033,-0.0062,0.0
1944-08-16,0.0066,-0.0001,0.0040999999999999995,0.0
1944-08-17,0.0075,0.0036,0.0033,0.0
1944-08-18,0.0036,0.0005,0.0004,0.0
1944-08-21,-0.0027,-0.0009,-0.0034999999999999996,0.0
1944-08-22,-0.006999999999999999,-0.0044,-0.0040999999999999995,0.0
1944-08-23,0.0012,0.0028000000000000004,-0.0008,0.0
1944-08-24,-0.0055000000000000005,-0.0058,-0.0038,0.0
1944-08-25,-0.0005,0.0027,0.0008,0.0
1944-08-28,-0.0009,0.0013,-0.0013,0.0
1944-08-29,0.0014000000000000002,0.0045000000000000005,-0.0045000000000000005,0.0
1944-08-30,0.0034999999999999996,0.0031,0.0075,0.0
1944-08-31,-0.0011,0.0004,0.0008,0.0
1944-09-01,0.0028000000000000004,0.002,-0.0015,0.0
1944-09-05,-0.0063,-0.0014000000000000002,-0.008100000000000001,0.0
1944-09-06,-0.0219,-0.0054,-0.0165,0.0
1944-09-07,-0.0032,-0.0039000000000000003,0.0034000000000000002,0.0
1944-09-08,0.0004,0.008199999999999999,0.0016,0.0
1944-09-09,-0.0021,-0.0002,0.0001,0.0
1944-09-11,0.0055000000000000005,-0.0024,-0.0002,0.0
1944-09-12,0.0032,0.0021,-0.0048,0.0
1944-09-13,-0.009399999999999999,-0.0053,-0.0063,0.0
1944-09-14,-0.0058,-0.0032,-0.0017000000000000001,0.0
1944-09-15,0.0087,0.0043,0.0021,0.0
1944-09-16,0.0044,0.0008,0.0067,0.0
1944-09-18,0.0012,-0.0011,-0.0037,0.0
1944-09-19,0.0079,0.0,0.0069,0.0
1944-09-20,0.0019,0.0042,0.0001,0.0
1944-09-21,-0.0024,-0.0006,-0.0033,0.0
1944-09-22,0.0019,0.0018,-0.0008,0.0
1944-09-23,0.0027,-0.0008,0.0025,0.0
1944-09-25,0.0052,0.0032,0.0034999999999999996,0.0
1944-09-26,-0.0009,0.0005,-0.0028000000000000004,0.0
1944-09-27,0.0005,0.0004,0.0036,0.0
1944-09-28,-0.001,0.0018,0.0001,0.0
1944-09-29,0.0034000000000000002,-0.0016,0.0060999999999999995,0.0
1944-09-30,0.0039000000000000003,0.0019,0.0021,0.0
1944-10-02,0.0023,0.0034000000000000002,0.0023,0.0
1944-10-03,-0.0008,-0.0017000000000000001,-0.001,0.0
1944-10-04,0.0045000000000000005,0.0005,0.0008,0.0
1944-10-05,0.0064,-0.0025,0.0063,0.0
1944-10-06,0.0017000000000000001,-0.0001,-0.0004,0.0
1944-10-07,0.002,-0.0001,0.0019,0.0
1944-10-09,-0.0073,0.0002,-0.0053,0.0
1944-10-10,0.0012,-0.0019,0.0001,0.0
1944-10-11,0.0051,0.0015,-0.0016,0.0
1944-10-13,-0.0002,0.0014000000000000002,0.0002,0.0
1944-10-14,0.0003,0.0008,-0.0014000000000000002,0.0
1944-10-16,-0.0039000000000000003,-0.0021,-0.0033,0.0
1944-10-17,0.0027,-0.0009,-0.0011,0.0
1944-10-18,0.005600000000000001,0.002,0.0023,0.0
1944-10-19,-0.0016,0.0033,-0.0021,0.0
1944-10-20,-0.0022,0.0005,0.0016,0.0
1944-10-21,0.0011,0.0002,0.0014000000000000002,0.0
1944-10-23,-0.0137,-0.004699999999999999,-0.0066,0.0
1944-10-24,0.0011,-0.002,0.002,0.0
1944-10-25,0.0,0.0014000000000000002,-0.0007000000000000001,0.0
1944-10-26,-0.006500000000000001,-0.0025,-0.0032,0.0
1944-10-27,0.0016,0.0003,0.0031,0.0
1944-10-28,0.0031,0.001,-0.0001,0.0
1944-10-30,-0.0028000000000000004,-0.0029,-0.0001,0.0
1944-10-31,0.0022,0.0033,0.0017000000000000001,0.0
1944-11-01,0.0023,-0.0001,0.0016,0.0
1944-11-02,0.0052,-0.0012,0.003,0.0
1944-11-03,0.0005,0.0023,0.0037,0.0
1944-11-04,0.001,-0.0006,0.0,0.0
1944-11-06,0.0027,-0.0019,-0.0015,0.0
1944-11-08,-0.002,0.0014000000000000002,-0.0007000000000000001,0.0
1944-11-09,0.0044,0.0004,0.0034999999999999996,0.0
1944-11-10,0.003,0.0019,0.006999999999999999,0.0
1944-11-13,-0.0075,-0.0027,-0.0031,0.0
1944-11-14,-0.0104,-0.0048,-0.0072,0.0
1944-11-15,-0.0013,0.0003,0.0024,0.0
1944-11-16,0.0028000000000000004,-0.0005,0.0048,0.0
1944-11-17,-0.0006,-0.0034000000000000002,-0.0001,0.0
1944-11-18,0.001,0.002,0.0,0.0
1944-11-20,0.0019,0.0003,-0.0008,0.0
1944-11-21,0.0055000000000000005,0.0036,0.0040999999999999995,0.0
1944-11-22,0.0014000000000000002,-0.0006,0.0006,0.0
1944-11-24,-0.0026,0.0015,-0.0025,0.0
1944-11-25,0.001,0.0,0.001,0.0
1944-11-27,0.0014000000000000002,-0.0019,0.0038,0.0
1944-11-28,0.0014000000000000002,0.0022,0.0017000000000000001,0.0
1944-11-29,0.005699999999999999,0.0034000000000000002,0.0,0.0
1944-11-30,0.0004,0.002,0.0023,0.0
1944-12-01,0.0003,0.0015,0.0003,0.0
1944-12-02,0.002,0.0031,0.005600000000000001,0.0
1944-12-04,0.0059,0.0015,0.0095,0.0
1944-12-05,0.0033,-0.0004,0.0009,0.0
1944-12-06,0.0008,0.0017000000000000001,0.0019,0.0
1944-12-07,0.0033,0.0037,0.0034999999999999996,0.0
1944-12-08,0.0067,0.0006,0.0053,0.0
1944-12-09,0.004699999999999999,0.0005,0.0001,0.0
1944-12-11,0.0023,-0.0002,0.0024,0.0
1944-12-12,-0.0012,-0.0005,-0.0018,0.0
1944-12-13,-0.0018,0.0009,-0.0033,0.0
1944-12-14,0.0028000000000000004,0.0017000000000000001,0.0049,0.0
1944-12-15,0.008100000000000001,-0.0006,0.0106,0.0
1944-12-16,0.0002,0.0013,-0.001,0.0
1944-12-18,-0.005,-0.0004,-0.001,0.0
1944-12-19,0.001,-0.0025,0.009000000000000001,0.0
1944-12-20,-0.0066,-0.0007000000000000001,-0.0051,0.0
1944-12-21,-0.0023,0.0014000000000000002,-0.0017000000000000001,0.0
1944-12-22,0.0033,0.0005,0.011200000000000002,0.0
1944-12-23,0.0009,0.0018,-0.0009,0.0
1944-12-26,-0.0055000000000000005,0.0018,-0.0011,0.0
1944-12-27,-0.0079,-0.0048,-0.0067,0.0
1944-12-28,0.0109,0.0004,0.0097,0.0
1944-12-29,0.013000000000000001,0.004,0.004,0.0
1944-12-30,0.0009,0.0048,-0.0005,0.0
1945-01-02,0.0029,-0.0013,0.0013,0.0
1945-01-03,0.009399999999999999,0.0016,0.0058,0.0
1945-01-04,0.0028000000000000004,-0.0012,0.0059,0.0
1945-01-05,-0.0015,0.001,-0.0027,0.0
1945-01-06,-0.0014000000000000002,0.0003,-0.0011,0.0
1945-01-08,0.0115,0.002,0.0154,0.0
1945-01-09,0.0003,-0.0013,0.0031,0.0
1945-01-10,0.006,0.0001,0.0078000000000000005,0.0
1945-01-11,-0.0001,-0.0007000000000000001,0.0009,0.0
1945-01-12,-0.0022,-0.0014000000000000002,-0.0028000000000000004,0.0
1945-01-13,0.0007000000000000001,0.0031,-0.0005,0.0
1945-01-15,-0.0058,0.0031,-0.0148,0.0
1945-01-16,0.0,0.0012,-0.0005,0.0
1945-01-17,0.0075,0.0069,0.0025,0.0
1945-01-18,-0.0046,0.0014000000000000002,-0.0033,0.0
1945-01-19,-0.0086,-0.0021,-0.0052,0.0
1945-01-20,-0.006500000000000001,-0.0018,-0.009399999999999999,0.0
1945-01-22,-0.0033,0.0017000000000000001,0.0001,0.0
1945-01-23,-0.0040999999999999995,-0.0006,-0.0037,0.0
1945-01-24,0.0006,0.0003,0.0031,0.0
1945-01-25,0.0075,0.0033,0.0027,0.0
1945-01-26,0.0079,0.0018,0.008100000000000001,0.0
1945-01-27,0.0040999999999999995,0.0005,0.0014000000000000002,0.0
1945-01-29,0.0013,0.0011,0.0011,0.0
1945-01-30,-0.0059,0.0008,-0.0084,0.0
1945-01-31,0.0018,0.0040999999999999995,0.0009,0.0
1945-02-01,0.0033,0.0018,0.0066,0.0
1945-02-02,0.008100000000000001,0.0013,0.0043,0.0
1945-02-03,0.0032,0.0023,0.0039000000000000003,0.0
1945-02-05,0.0042,0.0049,-0.0001,0.0
1945-02-06,0.0018,0.0002,0.0014000000000000002,0.0
1945-02-07,0.0025,0.0012,0.0015,0.0
1945-02-08,0.0005,-0.0011,0.0025,0.0
1945-02-09,-0.0046,-0.0029,-0.005600000000000001,0.0
1945-02-10,0.0019,0.0033,0.0031,0.0
1945-02-13,0.0121,-0.0018,0.0086,0.0
1945-02-14,0.0055000000000000005,0.0005,0.0027,0.0
1945-02-15,0.006500000000000001,-0.0006,0.0078000000000000005,0.0
1945-02-16,-0.0005,0.0008,-0.0027,0.0
1945-02-17,0.0008,0.0006,-0.0014000000000000002,0.0
1945-02-19,0.006,0.0037,0.0073,0.0
1945-02-20,0.0022,-0.0001,-0.0001,0.0
1945-02-21,-0.0008,-0.0039000000000000003,0.0002,0.0
1945-02-23,-0.0015,0.0012,-0.0024,0.0
1945-02-24,-0.0025,-0.0005,-0.0045000000000000005,0.0
1945-02-26,-0.0021,-0.0022,-0.0009,0.0
1945-02-27,0.0069,0.0039000000000000003,0.0027,0.0
1945-02-28,0.0070999999999999995,0.0028000000000000004,0.0064,0.0
1945-03-01,0.0031,0.0045000000000000005,0.0070999999999999995,0.0
1945-03-02,-0.0052,-0.003,-0.0075,0.0
1945-03-03,-0.0006,0.0,0.0011,0.0
1945-03-05,0.0049,-0.0014000000000000002,0.0012,0.0
1945-03-06,0.0046,-0.0014000000000000002,0.004,0.0
1945-03-07,-0.0005,-0.0024,-0.0024,0.0
1945-03-08,-0.0177,-0.0121,-0.013500000000000002,0.0
1945-03-09,-0.018799999999999997,-0.0044,-0.006999999999999999,0.0
1945-03-10,0.0064,0.0033,0.005600000000000001,0.0
1945-03-12,0.0060999999999999995,0.0052,0.0059,0.0
1945-03-13,-0.0003,-0.003,-0.0007000000000000001,0.0
1945-03-14,0.0024,0.0032,0.0013,0.0
1945-03-15,0.0046,-0.003,0.0034999999999999996,0.0
1945-03-16,0.0016,0.0019,0.0006,0.0
1945-03-17,0.0007000000000000001,-0.0008,0.0013,0.0
1945-03-19,-0.0062,-0.0018,-0.0045000000000000005,0.0
1945-03-20,-0.011200000000000002,-0.0016,-0.0086,0.0
1945-03-21,-0.0103,-0.0054,0.0003,0.0
1945-03-22,-0.0001,0.0037,0.0014000000000000002,0.0
1945-03-23,0.0034000000000000002,0.0004,0.0016,0.0
1945-03-24,-0.0070999999999999995,0.0018,-0.0066,0.0
1945-03-26,-0.0176,-0.0066,-0.0155,0.0
1945-03-27,0.0046,0.0008,0.0086,0.0
1945-03-28,0.0086,0.0032,0.0045000000000000005,0.0
1945-03-29,0.0027,0.0029,0.002,0.0
1945-03-31,0.0026,-0.0003,0.001,0.0
1945-04-02,0.0078000000000000005,0.0003,0.002,0.0
1945-04-03,0.0027,-0.0028000000000000004,0.0024,0.0
1945-04-04,-0.0012,-0.0016,0.0002,0.0
1945-04-05,-0.0078000000000000005,-0.0004,-0.0104,0.0
1945-04-06,0.0049,-0.0027,0.0046,0.0
1945-04-07,0.004699999999999999,0.0007000000000000001,0.004,0.0
1945-04-09,-0.0015,0.0013,-0.0024,0.0
1945-04-10,0.0051,0.0002,0.0052,0.0
1945-04-11,0.0108,0.0021,0.0053,0.0
1945-04-12,0.0025,0.0033,0.0007000000000000001,0.0
1945-04-13,0.006999999999999999,-0.0046,0.003,0.0
1945-04-16,0.0179,0.0019,0.0063,0.0
1945-04-17,0.0015,0.0018,0.0,0.0
1945-04-18,0.0083,-0.0007000000000000001,0.0039000000000000003,0.0
1945-04-19,-0.0058,0.0013,-0.001,0.0
1945-04-20,-0.0006,-0.0003,0.0009,0.0
1945-04-21,0.003,0.0025,0.0036,0.0
1945-04-23,0.0048,0.0006,0.0018,0.0
1945-04-24,0.004699999999999999,-0.0018,0.0043,0.0
1945-04-25,-0.0016,-0.0007000000000000001,-0.0011,0.0
1945-04-26,-0.0031,-0.0011,-0.005699999999999999,0.0
1945-04-27,0.0042,0.002,0.0064,0.0
1945-04-28,0.004699999999999999,0.0006,0.0018,0.0
1945-04-30,0.0024,0.0028000000000000004,-0.0066,0.0
1945-05-01,-0.0042,-0.0043,-0.008100000000000001,0.0
1945-05-02,-0.001,-0.0016,-0.002,0.0
1945-05-03,0.0068000000000000005,0.0034000000000000002,0.0026,0.0
1945-05-04,0.0040999999999999995,0.0012,-0.0001,0.0
1945-05-05,0.0023,0.0040999999999999995,-0.0034999999999999996,0.0
1945-05-07,0.0,0.0034999999999999996,-0.0027,0.0
1945-05-08,-0.0008,0.0024,0.005,0.0
1945-05-09,-0.0086,-0.0037,-0.0062,0.0
1945-05-10,-0.0113,-0.001,-0.0054,0.0
1945-05-11,0.0015,0.0042,0.0039000000000000003,0.0
1945-05-12,0.005699999999999999,-0.0002,0.0051,0.0
1945-05-14,-0.0034999999999999996,0.0,-0.0021,0.0
1945-05-15,0.0027,0.0013,0.0008,0.0
1945-05-16,0.0036,0.0036,0.0032,0.0
1945-05-17,0.0049,-0.0006,0.0046,0.0
1945-05-18,0.0052,0.0009,0.0002,0.0
1945-05-19,0.0015,0.0018,0.001,0.0
1945-05-21,-0.0039000000000000003,-0.0018,-0.0013,0.0
1945-05-22,-0.001,0.0023,-0.0014000000000000002,0.0
1945-05-23,-0.008100000000000001,-0.0026,0.0,0.0
1945-05-24,0.0007000000000000001,-0.0007000000000000001,0.004,0.0
1945-05-25,0.0067,0.0039000000000000003,0.0043,0.0
1945-05-26,0.004699999999999999,0.0002,0.0008,0.0
1945-05-28,0.0079,-0.0001,0.0025,0.0
1945-05-29,0.005600000000000001,-0.0015,0.002,0.0
1945-05-31,-0.0042,0.0003,-0.0034999999999999996,0.0
1945-06-01,0.0015,0.0001,0.008199999999999999,0.0
1945-06-02,0.0009,0.001,0.0045000000000000005,0.0
1945-06-04,0.0002,0.0034999999999999996,0.0002,0.0
1945-06-05,0.0009,0.0007000000000000001,-0.0009,0.0
1945-06-06,-0.0046,0.0014000000000000002,-0.0018,0.0
1945-06-07,0.0012,0.0034999999999999996,0.0037,0.0
1945-06-08,-0.0004,0.0064,0.0025,0.0
1945-06-09,0.0002,0.0016,0.001,0.0
1945-06-11,-0.0027,0.0006,-0.0032,0.0
1945-06-12,0.0013,0.0014000000000000002,0.0027,0.0
1945-06-13,0.0042,0.0029,0.0015,0.0
1945-06-14,0.0049,0.0028000000000000004,0.0076,0.0
1945-06-15,0.0024,0.0029,0.0051,0.0
1945-06-16,0.0011,-0.0025,0.0103,0.0
1945-06-18,-0.0027,0.0012,0.0026,0.0
1945-06-19,0.0011,-0.0016,0.0034999999999999996,0.0
1945-06-20,0.005600000000000001,0.001,0.0032,0.0
1945-06-21,0.0046,0.0016,0.0051,0.0
1945-06-22,-0.0006,0.0003,-0.0029,0.0
1945-06-23,0.0016,0.0017000000000000001,-0.001,0.0
1945-06-25,0.0042,0.0004,0.0034999999999999996,0.0
1945-06-26,0.0019,0.0008,0.0005,0.0
1945-06-27,-0.0003,0.0014000000000000002,-0.0032,0.0
1945-06-28,-0.02,-0.0086,-0.016,0.0
1945-06-29,-0.0084,-0.0001,-0.0005,0.0
1945-06-30,0.0059,0.0067,0.0059,0.0
1945-07-02,0.0040999999999999995,0.0004,-0.0004,0.0
1945-07-03,0.0005,0.001,0.0019,0.0
1945-07-05,-0.0126,-0.0032,-0.0075,0.0
1945-07-06,0.003,-0.0055000000000000005,0.001,0.0
1945-07-09,0.0091,-0.0014000000000000002,0.0046,0.0
1945-07-10,0.0034999999999999996,0.0039000000000000003,0.0,0.0
1945-07-11,-0.0039000000000000003,-0.0003,-0.0045000000000000005,0.0
1945-07-12,0.0019,-0.0013,0.003,0.0
1945-07-13,-0.0034000000000000002,-0.0025,-0.0044,0.0
1945-07-16,-0.0073,-0.0004,-0.0055000000000000005,0.0
1945-07-17,-0.020499999999999997,-0.006500000000000001,-0.0116,0.0
1945-07-18,-0.0034999999999999996,-0.0017000000000000001,0.0014000000000000002,0.0
1945-07-19,0.006500000000000001,0.0044,0.0017000000000000001,0.0
1945-07-20,0.0001,0.0003,-0.0014000000000000002,0.0
1945-07-23,-0.008,-0.0021,-0.0054,0.0
1945-07-24,0.0011,-0.0026,0.0004,0.0
1945-07-25,0.0092,0.0014000000000000002,0.0032,0.0
1945-07-26,-0.0179,-0.0005,-0.0132,0.0
1945-07-27,0.0033,-0.0003,0.006500000000000001,0.0
1945-07-30,0.0091,0.0024,0.0034999999999999996,0.0
1945-07-31,0.0044,-0.0001,-0.0006,0.0
1945-08-01,0.0006,-0.0012,-0.0006,0.0
1945-08-02,-0.0034000000000000002,-0.0012,0.0001,0.0
1945-08-03,0.005,-0.0002,0.0012,0.0
1945-08-06,0.0011,0.0006,-0.0059,0.0
1945-08-07,-0.0132,-0.003,-0.0077,0.0
1945-08-08,0.003,0.0012,0.0004,0.0
1945-08-09,0.017,0.0045000000000000005,0.003,0.0
1945-08-10,-0.0001,0.0054,-0.013600000000000001,0.0
1945-08-13,-0.009000000000000001,0.0012,-0.0115,0.0
1945-08-14,0.0069,0.0046,-0.0018,0.0
1945-08-17,-0.0034999999999999996,-0.0001,-0.0113,0.0
1945-08-20,-0.0134,-0.0039000000000000003,-0.0086,0.0
1945-08-21,0.0029,-0.0016,0.0003,0.0
1945-08-22,0.0068000000000000005,0.0016,0.0016,0.0
1945-08-23,0.0177,0.0008,0.0060999999999999995,0.0
1945-08-24,0.012,0.0023,-0.0002,0.0
1945-08-27,0.0149,0.0007000000000000001,0.0058,0.0
1945-08-28,0.0023,-0.0002,-0.0007000000000000001,0.0
1945-08-29,0.0,0.0003,-0.001,0.0
1945-08-30,0.0034000000000000002,0.0011,0.0034999999999999996,0.0
1945-08-31,0.0101,0.0025,0.0004,0.0
1945-09-04,0.0007000000000000001,0.0017000000000000001,-0.002,0.0
1945-09-05,0.0008,-0.0023,-0.0022,0.0
1945-09-06,0.0116,-0.0006,-0.0005,0.0
1945-09-07,0.0015,0.0044,-0.0072,0.0
1945-09-08,0.0008,-0.0017000000000000001,-0.0017000000000000001,0.0
1945-09-10,0.0023,0.0013,0.0018,0.0
1945-09-11,0.0036,-0.0007000000000000001,0.0026,0.0
1945-09-12,0.005600000000000001,0.0012,0.0017000000000000001,0.0
1945-09-13,0.0006,0.0012,0.0027,0.0
1945-09-14,-0.0044,-0.0011,-0.0007000000000000001,0.0
1945-09-15,-0.0139,-0.0015,-0.0033,0.0
1945-09-17,-0.0044,0.0012,0.0009,0.0
1945-09-18,0.0182,0.0044,0.0037,0.0
1945-09-19,0.009899999999999999,0.0053,0.0012,0.0
1945-09-20,0.004699999999999999,0.0001,0.0009,0.0
1945-09-21,-0.0032,0.0018,0.0021,0.0
1945-09-22,-0.0012,-0.0011,-0.0001,0.0
1945-09-24,0.0006,0.0006,0.0028000000000000004,0.0
1945-09-25,0.0015,0.0019,0.0043,0.0
1945-09-26,-0.001,-0.0003,-0.0009,0.0
1945-09-27,-0.002,-0.0019,0.0001,0.0
1945-09-28,0.0086,0.003,0.0012,0.0
1945-09-29,0.0062,-0.0002,-0.0028000000000000004,0.0
1945-10-01,0.0084,-0.0003,0.0048,0.0
1945-10-02,0.0014000000000000002,-0.0006,-0.0029,0.0
1945-10-03,0.0,0.001,-0.0031,0.0
1945-10-04,0.0006,0.0026,-0.0027,0.0
1945-10-05,0.0043,0.0004,-0.0005,0.0
1945-10-06,0.0052,-0.001,0.0022,0.0
1945-10-08,0.005,0.0036,0.004,0.0
1945-10-09,0.0023,-0.0005,0.0016,0.0
1945-10-10,0.0044,0.0028000000000000004,0.003,0.0
1945-10-11,0.0001,0.0025,0.0014000000000000002,0.0
1945-10-15,0.0034999999999999996,0.0001,0.0006,0.0
1945-10-16,0.0,0.0018,0.0034000000000000002,0.0
1945-10-17,0.0036,0.0007000000000000001,0.0029,0.0
1945-10-18,0.0024,0.0016,0.002,0.0
1945-10-19,-0.0084,-0.0028000000000000004,-0.0091,0.0
1945-10-20,0.0026,-0.0012,0.0064,0.0
1945-10-22,0.0049,0.001,0.0,0.0
1945-10-23,-0.0075,-0.0007000000000000001,-0.0034000000000000002,0.0
1945-10-24,-0.0121,-0.0017000000000000001,-0.0025,0.0
1945-10-25,0.0058,0.0043,0.0021,0.0
1945-10-26,0.0053,0.0052,0.0011,0.0
1945-10-29,-0.0070999999999999995,-0.0004,0.0004,0.0
1945-10-30,-0.0006,0.0,0.0042,0.0
1945-10-31,0.0144,0.0043,0.0052,0.0
1945-11-01,0.0125,0.0016,0.0013,0.0
1945-11-02,0.0015,0.0038,-0.005,0.0
1945-11-03,0.0015,0.0032,0.0019,0.0
1945-11-05,0.006,0.0036,0.0044,0.0
1945-11-07,0.0118,0.0016,0.0011,0.0
1945-11-08,-0.0011,0.0024,-0.0034999999999999996,0.0
1945-11-09,0.0003,0.0012,0.0039000000000000003,0.0
1945-11-10,0.0004,-0.0006,0.0029,0.0
1945-11-13,-0.0033,-0.0023,0.0,0.0
1945-11-14,-0.003,-0.0001,0.0045000000000000005,0.0
1945-11-15,0.0074,0.0027,0.0063,0.0
1945-11-16,0.0073,0.0021,-0.0003,0.0
1945-11-17,0.0008,0.0016,0.0048,0.0
1945-11-19,-0.0014000000000000002,0.0002,0.0059,0.0
1945-11-20,0.0049,0.0009,0.0085,0.0
1945-11-21,-0.0115,0.0016,-0.0033,0.0
1945-11-23,-0.0096,0.002,-0.0028000000000000004,0.0
1945-11-24,-0.0068000000000000005,-0.0003,-0.0012,0.0
1945-11-26,0.0128,0.0005,0.0067,0.0
1945-11-27,0.0128,-0.0006,0.0042,0.0
1945-11-28,-0.0018,0.0054,-0.0015,0.0
1945-11-29,0.0011,0.0052,-0.0018,0.0
1945-11-30,0.0105,0.0038,0.0045000000000000005,0.0
1945-12-01,0.0059,0.0053,-0.0011,0.0
1945-12-03,0.0088,0.0034999999999999996,-0.0031,0.0
1945-12-04,-0.001,0.0046,0.0005,0.0
1945-12-05,0.0011,0.0029,-0.001,0.0
1945-12-06,0.0073,0.0045000000000000005,-0.0039000000000000003,0.0
1945-12-07,0.0031,0.0018,0.0005,0.0
1945-12-08,0.0045000000000000005,0.0021,0.0006,0.0
1945-12-10,0.0027,0.004699999999999999,0.0022,0.0
1945-12-11,-0.0019,0.0001,-0.0034000000000000002,0.0
1945-12-12,-0.0146,-0.0042,-0.0069,0.0
1945-12-13,-0.0039000000000000003,-0.0033,0.0003,0.0
1945-12-14,0.0022,0.0022,0.0005,0.0
1945-12-15,0.0034999999999999996,0.002,0.0026,0.0
1945-12-17,-0.0256,-0.0116,-0.0129,0.0
1945-12-18,0.0072,-0.001,0.0054,0.0
1945-12-19,0.0015,0.006500000000000001,-0.0016,0.0
1945-12-20,-0.005699999999999999,-0.0011,-0.001,0.0
1945-12-21,-0.0008,0.0008,-0.0007000000000000001,0.0
1945-12-22,0.0104,0.0034000000000000002,0.0025,0.0
1945-12-26,0.011899999999999999,0.0024,0.0026,0.0
1945-12-27,-0.006500000000000001,0.0005,0.0022,0.0
1945-12-28,0.0006,-0.0014000000000000002,-0.0006,0.0
1945-12-29,0.0025,-0.0013,-0.0019,0.0
1945-12-31,-0.0005,-0.0013,-0.0045000000000000005,0.0
1946-01-02,-0.0051,-0.0007000000000000001,-0.0029,0.0
1946-01-03,-0.0027,-0.0046,-0.0038,0.0
1946-01-04,-0.0017000000000000001,0.0040999999999999995,0.0033,0.0
1946-01-05,0.0034999999999999996,0.0004,0.0011,0.0
1946-01-07,0.0014000000000000002,0.0022,0.0009,0.0
1946-01-08,0.0209,0.0067,0.0085,0.0
1946-01-09,0.0146,0.003,0.0013,0.0
1946-01-10,0.0060999999999999995,0.0005,-0.0008,0.0
1946-01-11,0.003,0.0013,0.0021,0.0
1946-01-12,-0.005,-0.0033,-0.0003,0.0
1946-01-14,0.014499999999999999,0.0062,0.004699999999999999,0.0
1946-01-15,0.0022,0.0003,-0.0034999999999999996,0.0
1946-01-16,0.0014000000000000002,0.0006,0.0045000000000000005,0.0
1946-01-17,-0.0026,0.003,-0.0024,0.0
1946-01-18,-0.0019,0.0017000000000000001,-0.0016,0.0
1946-01-19,-0.0084,0.0022,0.003,0.0
1946-01-21,-0.0175,-0.0027,-0.0022,0.0
1946-01-22,0.0062,0.0059,0.0070999999999999995,0.0
1946-01-23,0.0111,0.0088,0.0015,0.0
1946-01-24,0.0040999999999999995,0.006,-0.0037,0.0
1946-01-25,-0.0014000000000000002,-0.0006,0.0013,0.0
1946-01-26,0.001,0.0038,0.0026,0.0
1946-01-28,0.0229,0.0,0.0017000000000000001,0.0
1946-01-29,0.0023,-0.0001,0.0018,0.0
1946-01-30,-0.004699999999999999,-0.0037,-0.004,0.0
1946-01-31,-0.0025,-0.0037,0.0012,0.0
1946-02-01,0.005699999999999999,-0.0012,0.0073,0.0
1946-02-02,0.0054,0.0037,-0.0014000000000000002,0.0
1946-02-04,-0.0054,0.0012,-0.0007000000000000001,0.0
1946-02-05,0.0036,-0.0006,0.006500000000000001,0.0
1946-02-06,-0.0063,0.0006,-0.0028000000000000004,0.0
1946-02-07,-0.0005,-0.0019,0.0034999999999999996,0.0
1946-02-08,-0.0031,0.0002,-0.0034999999999999996,0.0
1946-02-09,-0.0083,-0.0023,-0.005,0.0
1946-02-11,-0.0059,0.0021,-0.008100000000000001,0.0
1946-02-13,-0.0115,-0.005,0.0009,0.0
1946-02-14,0.0076,0.0091,0.0016,0.0
1946-02-15,0.0187,0.0044,0.0017000000000000001,0.0
1946-02-16,0.009899999999999999,0.0012,-0.0023,0.0
1946-02-18,-0.014499999999999999,-0.0022,-0.0058,0.0
1946-02-19,-0.033,-0.0108,-0.0063,0.0
1946-02-20,-0.0168,-0.0016,0.0009,0.0
1946-02-21,0.0203,0.0072,0.0032,0.0
1946-02-25,-0.0446,-0.010700000000000001,-0.0076,0.0
1946-02-26,-0.0048,-0.0044,0.0039000000000000003,0.0
1946-02-27,0.0206,0.0073,0.004,0.0
1946-02-28,0.005600000000000001,-0.0022,-0.0027,0.0
1946-03-01,-0.002,0.004,-0.0013,0.0
1946-03-02,-0.006,-0.0049,-0.0031,0.0
1946-03-04,-0.0009,-0.0025,0.0019,0.0
1946-03-05,0.0121,0.0008,-0.0032,0.0
1946-03-06,-0.0033,-0.0016,0.0004,0.0
1946-03-07,0.0077,0.0012,-0.0021,0.0
1946-03-08,0.0077,0.0015,-0.0007000000000000001,0.0
1946-03-09,0.0027,0.0007000000000000001,0.0,0.0
1946-03-11,-0.0089,-0.0005,-0.0021,0.0
1946-03-12,0.0031,-0.003,0.0018,0.0
1946-03-13,-0.016399999999999998,-0.0087,-0.0038,0.0
1946-03-14,-0.0006,0.0022,-0.0009,0.0
1946-03-15,0.010700000000000001,0.0015,0.0043,0.0
1946-03-16,0.010700000000000001,0.0012,0.0002,0.0
1946-03-18,0.0073,0.0045000000000000005,-0.0002,0.0
1946-03-19,-0.0039000000000000003,0.0037,-0.0034999999999999996,0.0
1946-03-20,0.0079,-0.0044,0.0033,0.0
1946-03-21,0.0059,0.0052,0.0017000000000000001,0.0
1946-03-22,0.0026,0.0016,-0.0018,0.0
1946-03-23,0.0038,-0.0003,0.001,0.0
1946-03-25,0.015,0.002,0.0011,0.0
1946-03-26,0.0001,0.0019,-0.0025,0.0
1946-03-27,-0.0064,-0.0039000000000000003,0.0009,0.0
1946-03-28,-0.0012,-0.0002,0.0018,0.0
1946-03-29,0.0075,0.0025,0.0034999999999999996,0.0
1946-03-30,0.0028000000000000004,-0.0011,0.0003,0.0
1946-04-01,-0.0011,-0.0012,-0.002,0.0
1946-04-02,0.0011,0.0031,-0.0002,0.0
1946-04-03,0.0146,0.0032,0.0026,0.0
1946-04-04,0.010700000000000001,0.006999999999999999,0.0003,0.0
1946-04-05,-0.0006,0.0012,-0.0009,0.0
1946-04-06,0.0022,-0.001,-0.0009,0.0
1946-04-08,0.0005,-0.0007000000000000001,-0.0033,0.0
1946-04-09,0.0108,-0.0009,-0.0015,0.0
1946-04-10,-0.0019,0.0018,0.0012,0.0
1946-04-11,-0.0026,-0.0034000000000000002,-0.0008,0.0
1946-04-12,-0.0003,0.0015,-0.001,0.0
1946-04-13,-0.0049,0.001,-0.0017000000000000001,0.0
1946-04-15,0.0,0.0011,-0.0015,0.0
1946-04-16,0.0123,0.0002,0.0018,0.0
1946-04-17,0.0004,0.0025,0.001,0.0
1946-04-18,0.0038,0.0027,0.0052,0.0
1946-04-20,0.0005,0.0022,0.0015,0.0
1946-04-22,-0.0008,-0.0007000000000000001,-0.0022,0.0
1946-04-23,-0.0025,-0.0032,0.0011,0.0
1946-04-24,-0.0075,-0.0019,-0.0028000000000000004,0.0
1946-04-25,-0.0055000000000000005,0.0013,-0.0012,0.0
1946-04-26,0.0023,0.0021,0.0051,0.0
1946-04-27,0.006500000000000001,0.0016,0.004,0.0
1946-04-29,0.0011,0.0018,0.0,0.0
1946-04-30,0.0029,0.0013,0.0005,0.0
1946-05-01,-0.0023,-0.0011,0.0017000000000000001,0.0
1946-05-02,-0.0038,0.0022,-0.0022,0.0
1946-05-03,-0.0078000000000000005,-0.001,-0.0022,0.0
1946-05-04,-0.0039000000000000003,-0.0025,-0.0007000000000000001,0.0
1946-05-06,-0.0069,-0.0033,0.0039000000000000003,0.0
1946-05-07,0.015,0.005600000000000001,0.0052,0.0
1946-05-08,0.0011,0.0031,-0.0027,0.0
1946-05-09,0.0013,0.0052,0.0032,0.0
1946-05-10,0.015,0.0074,0.0064,0.0
1946-05-11,0.0048,-0.0008,-0.0032,0.0
1946-05-13,-0.0013,0.0016,-0.0038,0.0
1946-05-14,-0.0025,-0.001,-0.0004,0.0
1946-05-15,-0.0059,-0.0032,0.0022,0.0
1946-05-16,0.0053,0.0006,-0.0003,0.0
1946-05-17,-0.0005,0.0029,-0.0062,0.0
1946-05-18,-0.0043,-0.0015,-0.0023,0.0
1946-05-20,0.0070999999999999995,-0.0012,0.0031,0.0
1946-05-21,0.003,0.0018,0.0048,0.0
1946-05-22,0.0049,0.0002,0.0048,0.0
1946-05-23,-0.0007000000000000001,0.0003,-0.0002,0.0
1946-05-24,-0.0001,0.0,-0.0008,0.0
1946-05-27,0.0088,0.002,0.0005,0.0
1946-05-28,0.0115,0.0004,0.0029,0.0
1946-05-29,0.0019,-0.0012,-0.0029,0.0
1946-05-31,-0.0005,-0.0023,-0.0001,0.0
1946-06-03,-0.005699999999999999,-0.0004,-0.0015,0.0
1946-06-04,-0.005699999999999999,-0.0029,-0.002,0.0
1946-06-05,-0.0060999999999999995,-0.0015,-0.0012,0.0
1946-06-06,-0.0002,-0.0027,0.0011,0.0
1946-06-07,0.0013,0.0008,-0.0011,0.0
1946-06-10,0.0017000000000000001,0.0031,0.0015,0.0
1946-06-11,-0.0091,0.0014000000000000002,-0.0011,0.0
1946-06-12,0.0007000000000000001,-0.0039000000000000003,0.0021,0.0
1946-06-13,0.005699999999999999,-0.001,0.0013,0.0
1946-06-14,-0.0014000000000000002,0.0016,-0.0007000000000000001,0.0
1946-06-17,0.0008,0.0,0.0032,0.0
1946-06-18,-0.015700000000000002,-0.0032,-0.004699999999999999,0.0
1946-06-19,-0.0062,-0.0031,0.0026,0.0
1946-06-20,-0.020499999999999997,-0.0016,-0.0046,0.0
1946-06-21,0.0078000000000000005,-0.0008,-0.0021,0.0
1946-06-24,0.0034000000000000002,-0.0012,0.002,0.0
1946-06-25,-0.0064,-0.0012,-0.005699999999999999,0.0
1946-06-26,-0.0036,-0.0070999999999999995,-0.0003,0.0
1946-06-27,0.0176,0.0054,0.0051,0.0
1946-06-28,0.0024,0.0021,0.0009,0.0
1946-07-01,0.0068000000000000005,0.0008,-0.0005,0.0
1946-07-02,-0.0023,-0.005,0.0009,0.0
1946-07-03,-0.0012,-0.0004,0.0024,0.0
1946-07-05,-0.0017000000000000001,-0.0003,-0.0027,0.0
1946-07-08,-0.0025,-0.0013,0.0018,0.0
1946-07-09,0.0037,-0.0013,0.0001,0.0
1946-07-10,0.0027,-0.0002,0.001,0.0
1946-07-11,-0.0048,-0.0009,-0.0023,0.0
1946-07-12,-0.0085,-0.0043,-0.0022,0.0
1946-07-15,-0.0174,-0.006500000000000001,0.0007000000000000001,0.0
1946-07-16,-0.0021,-0.0034999999999999996,0.004699999999999999,0.0
1946-07-17,0.005,0.0032,0.0013,0.0
1946-07-18,-0.0005,0.0039000000000000003,-0.0028000000000000004,0.0
1946-07-19,-0.004,-0.0025,-0.0013,0.0
1946-07-22,-0.0038,-0.0036,-0.0045000000000000005,0.0
1946-07-23,-0.0298,-0.009000000000000001,-0.0029,0.0
1946-07-24,0.0002,-0.0013,0.0029,0.0
1946-07-25,0.0070999999999999995,0.0043,0.0027,0.0
1946-07-26,0.0059,0.0032,0.0034000000000000002,0.0
1946-07-29,0.004,0.0005,0.0022,0.0
1946-07-30,0.006,0.0004,-0.0032,0.0
1946-07-31,0.011000000000000001,0.0048,-0.0011,0.0
1946-08-01,0.005,0.0005,0.0009,0.0
1946-08-02,0.0009,-0.0006,-0.0012,0.0
1946-08-05,-0.0049,0.0023,0.0022,0.0
1946-08-06,-0.0034999999999999996,-0.0013,0.0005,0.0
1946-08-07,0.0084,-0.0004,0.0026,0.0
1946-08-08,0.005,-0.0017000000000000001,0.0007000000000000001,0.0
1946-08-09,-0.0025,0.0003,-0.0004,0.0
1946-08-12,0.0013,-0.0011,-0.0008,0.0
1946-08-13,0.0062,-0.003,0.0009,0.0
1946-08-14,-0.0005,-0.0014000000000000002,-0.0007000000000000001,0.0
1946-08-15,-0.0095,-0.0002,-0.0024,0.0
1946-08-16,-0.008,-0.0027,0.0044,0.0
1946-08-19,-0.0027,-0.0007000000000000001,0.0029,0.0
1946-08-20,0.0060999999999999995,0.001,-0.0002,0.0
1946-08-21,-0.0078000000000000005,0.0006,-0.0019,0.0
1946-08-22,-0.016,-0.009000000000000001,-0.0039000000000000003,0.0
1946-08-23,0.0058,0.0037,0.0007000000000000001,0.0
1946-08-26,-0.005699999999999999,0.0002,-0.0032,0.0
1946-08-27,-0.0329,-0.013500000000000002,0.001,0.0
1946-08-28,-0.0095,-0.0002,0.001,0.0
1946-08-29,0.0037,0.008199999999999999,0.0005,0.0
1946-08-30,-0.004699999999999999,-0.0001,0.0029,0.0
1946-09-03,-0.0689,-0.0172,-0.0092,0.0
1946-09-04,-0.0076,-0.0105,-0.0027,0.0
1946-09-05,0.0348,0.0089,0.002,0.0
1946-09-06,-0.0108,0.0019,-0.0019,0.0
1946-09-09,-0.0529,-0.0179,-0.0066,0.0
1946-09-10,-0.0252,-0.005699999999999999,-0.0032,0.0
1946-09-11,0.029500000000000002,-0.0006,0.0037,0.0
1946-09-12,0.0012,0.0045000000000000005,0.0049,0.0
1946-09-13,0.018500000000000003,0.0038,-0.0012,0.0
1946-09-16,0.0074,0.0054,0.0036,0.0
1946-09-17,-0.0068000000000000005,-0.0031,-0.0006,0.0
1946-09-18,-0.0319,-0.014199999999999999,-0.005600000000000001,0.0
1946-09-19,-0.0291,-0.0068000000000000005,-0.0087,0.0
1946-09-20,0.023799999999999998,-0.0002,0.003,0.0
1946-09-23,-0.016,0.0086,0.0013,0.0
1946-09-24,0.0172,-0.0098,0.0036,0.0
1946-09-25,0.023799999999999998,0.009300000000000001,-0.0012,0.0
1946-09-26,0.011000000000000001,-0.0004,0.0032,0.0
1946-09-27,-0.0069,0.0013,-0.0004,0.0
1946-09-30,-0.0108,-0.0034000000000000002,-0.0040999999999999995,0.0
1946-10-01,-0.0032,0.0005,0.0007000000000000001,0.0
1946-10-02,0.0095,-0.0013,-0.0002,0.0
1946-10-03,-0.0044,-0.0034000000000000002,-0.0016,0.0
1946-10-04,-0.011200000000000002,0.001,0.0019,0.0
1946-10-05,-0.006500000000000001,0.0031,-0.0003,0.0
1946-10-07,-0.001,-0.004699999999999999,0.0048,0.0
1946-10-08,-0.0109,0.0037,-0.0016,0.0
1946-10-09,-0.0286,-0.0101,-0.0011,0.0
1946-10-10,0.0123,-0.005699999999999999,0.0070999999999999995,0.0
1946-10-11,0.0207,0.006500000000000001,0.0036,0.0
1946-10-14,0.0095,0.0025,-0.0024,0.0
1946-10-15,0.0384,0.0063,0.0046,0.0
1946-10-16,-0.0022,0.011000000000000001,-0.0021,0.0
1946-10-17,-0.0175,-0.0067,-0.003,0.0
1946-10-18,-0.0025,-0.0009,0.0031,0.0
1946-10-19,-0.0016,-0.0001,0.0022,0.0
1946-10-21,0.0024,-0.0008,0.0037,0.0
1946-10-22,-0.006,-0.0004,0.0015,0.0
1946-10-23,-0.0091,-0.0022,-0.0018,0.0
1946-10-24,0.0009,0.0022,0.0060999999999999995,0.0
1946-10-25,-0.005,-0.0013,0.0034000000000000002,0.0
1946-10-26,-0.0008,0.0029,-0.0017000000000000001,0.0
1946-10-28,-0.0175,0.0012,-0.0043,0.0
1946-10-29,-0.0092,-0.0027,0.0011,0.0
1946-10-30,-0.0006,-0.0055000000000000005,0.006,0.0
1946-10-31,0.0323,0.0078000000000000005,0.0058,0.0
1946-11-01,0.018500000000000003,0.009899999999999999,0.001,0.0
1946-11-02,0.0062,0.0001,0.0017000000000000001,0.0
1946-11-04,0.0076,0.0002,-0.0021,0.0
1946-11-06,-0.0371,0.0025,-0.0073,0.0
1946-11-07,0.0044,-0.0058,0.0054,0.0
1946-11-08,0.0058,-0.0008,0.0062,0.0
1946-11-09,0.0098,0.0029,0.005600000000000001,0.0
1946-11-12,-0.0045000000000000005,0.0023,-0.008,0.0
1946-11-13,-0.0079,-0.006,0.005699999999999999,0.0
1946-11-14,0.0055000000000000005,0.0008,0.0004,0.0
1946-11-15,-0.009300000000000001,-0.0006,-0.0009,0.0
1946-11-16,-0.0008,-0.0006,0.0004,0.0
1946-11-18,-0.0092,-0.0023,-0.0023,0.0
1946-11-19,-0.0042,-0.0039000000000000003,0.0009,0.0
1946-11-20,-0.0067,-0.0021,0.0008,0.0
1946-11-21,-0.0174,-0.0043,-0.0032,0.0
1946-11-22,-0.0051,-0.0002,0.0039000000000000003,0.0
1946-11-23,0.0159,0.0034000000000000002,0.0021,0.0
1946-11-25,-0.0027,-0.0012,0.0028000000000000004,0.0
1946-11-26,0.0128,-0.0015,0.0032,0.0
1946-11-27,0.0089,0.0018,-0.002,0.0
1946-11-29,0.0102,-0.0017000000000000001,0.0028000000000000004,0.0
1946-11-30,0.0007000000000000001,0.0037,-0.0012,0.0
1946-12-02,-0.0154,-0.0019,-0.0025,0.0
1946-12-03,0.0038,-0.0027,0.003,0.0
1946-12-04,0.0176,0.0017000000000000001,-0.0021,0.0
1946-12-05,-0.0055000000000000005,-0.0028000000000000004,-0.0003,0.0
1946-12-06,0.0044,0.001,-0.0011,0.0
1946-12-07,0.008100000000000001,0.0101,0.0034999999999999996,0.0
1946-12-09,0.0311,-0.0031,-0.003,0.0
1946-12-10,-0.0005,0.0015,-0.0029,0.0
1946-12-11,0.0015,-0.0044,-0.0003,0.0
1946-12-12,-0.0115,-0.0002,-0.0028000000000000004,0.0
1946-12-13,0.0016,-0.0046,0.0031,0.0
1946-12-14,0.0058,0.0017000000000000001,-0.0009,0.0
1946-12-16,-0.0007000000000000001,0.0031,-0.0015,0.0
1946-12-17,-0.0040999999999999995,0.0012,-0.0006,0.0
1946-12-18,0.0023,-0.0054,-0.0002,0.0
1946-12-19,0.0146,0.0067,-0.002,0.0
1946-12-20,0.003,0.0055000000000000005,-0.0023,0.0
1946-12-21,0.0021,0.0013,0.0018,0.0
1946-12-23,-0.0076,0.0005,-0.0008,0.0
1946-12-24,-0.0016,-0.0004,0.0019,0.0
1946-12-26,-0.0079,-0.0008,-0.0014000000000000002,0.0
1946-12-27,-0.0014000000000000002,-0.0055000000000000005,-0.0012,0.0
1946-12-28,0.0038,0.0022,0.0005,0.0
1946-12-30,-0.0014000000000000002,-0.0026,-0.0009,0.0
1946-12-31,0.0074,-0.0015,-0.0003,0.0
1947-01-02,-0.0058,0.006,0.0007000000000000001,0.0
1947-01-03,0.0014000000000000002,-0.0045000000000000005,-0.0063,0.0
1947-01-04,0.0028000000000000004,0.005699999999999999,0.0006,0.0
1947-01-06,0.0084,0.0026,-0.0008,0.0
1947-01-07,-0.0070999999999999995,-0.0036,0.0002,0.0
1947-01-08,0.0017000000000000001,-0.0023,-0.0021,0.0
1947-01-09,0.0021,0.0031,-0.0016,0.0
1947-01-10,-0.0121,-0.0049,0.0001,0.0
1947-01-11,-0.013000000000000001,-0.001,-0.001,0.0
1947-01-13,-0.016200000000000003,-0.0078000000000000005,-0.0003,0.0
1947-01-14,0.0032,0.0007000000000000001,0.0007000000000000001,0.0
1947-01-15,-0.0051,0.0014000000000000002,0.0,0.0
1947-01-16,-0.0009,-0.0053,0.0015,0.0
1947-01-17,0.017,0.0052,0.0016,0.0
1947-01-18,0.0108,0.009899999999999999,-0.0036,0.0
1947-01-20,-0.011000000000000001,-0.0002,0.0024,0.0
1947-01-21,-0.0033,-0.002,-0.0004,0.0
1947-01-22,0.003,0.0016,0.002,0.0
1947-01-23,0.008100000000000001,0.0033,-0.0007000000000000001,0.0
1947-01-24,0.0028000000000000004,0.0042,0.0007000000000000001,0.0
1947-01-25,-0.0004,0.0014000000000000002,-0.0042,0.0
1947-01-27,0.006999999999999999,-0.004,-0.0006,0.0
1947-01-28,0.0066,0.0034000000000000002,0.0002,0.0
1947-01-29,0.0116,0.0029,0.0033,0.0
1947-01-30,-0.0018,0.0034999999999999996,-0.0005,0.0
1947-01-31,0.0037,0.0032,0.0008,0.0
1947-02-01,0.0059,0.0037,0.0069,0.0
1947-02-03,0.0031,0.0004,0.0024,0.0
1947-02-04,0.001,-0.0023,-0.0062,0.0
1947-02-05,0.0024,-0.002,-0.0034999999999999996,0.0
1947-02-06,-0.0018,-0.0006,-0.0014000000000000002,0.0
1947-02-07,0.0143,0.0036,0.009399999999999999,0.0
1947-02-08,0.0038,0.0026,-0.0026,0.0
1947-02-10,-0.006999999999999999,0.0004,-0.0064,0.0
1947-02-11,0.0045000000000000005,0.0023,-0.0003,0.0
1947-02-13,-0.0104,0.0006,0.0013,0.0
1947-02-14,-0.0019,0.0006,0.0013,0.0
1947-02-15,-0.0001,0.0023,-0.0019,0.0
1947-02-17,0.0016,-0.0011,0.0004,0.0
1947-02-18,-0.0014000000000000002,-0.0003,0.002,0.0
1947-02-19,-0.0078000000000000005,-0.0027,-0.0015,0.0
1947-02-20,0.0021,-0.001,0.0015,0.0
1947-02-21,0.0037,0.0027,0.0002,0.0
1947-02-24,-0.0068000000000000005,-0.0006,0.001,0.0
1947-02-25,-0.013000000000000001,-0.008199999999999999,-0.001,0.0
1947-02-26,-0.011200000000000002,-0.0022,-0.001,0.0
1947-02-27,0.0123,0.0062,0.0008,0.0
1947-02-28,-0.0037,0.0029,0.0003,0.0
1947-03-01,0.0004,-0.0005,-0.0002,0.0
1947-03-03,-0.0036,-0.0021,0.0,0.0
1947-03-04,-0.0005,0.0002,0.0036,0.0
1947-03-05,0.0111,0.0008,0.0011,0.0
1947-03-06,0.0040999999999999995,-0.0011,0.0003,0.0
1947-03-07,-0.029500000000000002,-0.0026,-0.0025,0.0
1947-03-08,-0.0051,-0.0043,0.0,0.0
1947-03-10,-0.0044,0.0006,-0.0006,0.0
1947-03-11,-0.0092,-0.005,0.0022,0.0
1947-03-12,0.0073,0.001,0.0033,0.0
1947-03-13,-0.0004,0.0022,-0.0005,0.0
1947-03-14,-0.0118,-0.005600000000000001,0.0011,0.0
1947-03-15,-0.0012,0.0001,-0.0013,0.0
1947-03-17,0.0034000000000000002,-0.0009,-0.0015,0.0
1947-03-18,0.009399999999999999,-0.0023,0.0016,0.0
1947-03-19,0.0053,0.002,-0.001,0.0
1947-03-20,-0.0021,-0.0026,-0.0008,0.0
1947-03-21,0.0092,-0.0043,0.001,0.0
1947-03-22,0.0024,0.0024,0.0002,0.0
1947-03-24,-0.006500000000000001,0.0015,-0.0012,0.0
1947-03-25,-0.0066,-0.0014000000000000002,0.0002,0.0
1947-03-26,0.0111,-0.0028000000000000004,0.0015,0.0
1947-03-27,0.0132,0.0054,0.0007000000000000001,0.0
1947-03-28,-0.0027,0.0033,-0.0002,0.0
1947-03-29,-0.0021,0.0006,-0.0006,0.0
1947-03-31,-0.0070999999999999995,-0.0007000000000000001,0.0001,0.0
1947-04-01,0.0011,-0.0031,0.0028000000000000004,0.0
1947-04-02,0.0004,0.0005,-0.0004,0.0
1947-04-03,-0.0033,-0.0019,-0.0006,0.0
1947-04-05,-0.0003,0.0001,0.0034000000000000002,0.0
1947-04-07,-0.009000000000000001,-0.0031,-0.0016,0.0
1947-04-08,-0.0123,-0.0033,-0.0042,0.0
1947-04-09,-0.001,-0.0008,0.0002,0.0
1947-04-10,0.0014000000000000002,0.0014000000000000002,0.0014000000000000002,0.0
1947-04-11,-0.0067,-0.0044,-0.004699999999999999,0.0
1947-04-12,-0.010700000000000001,-0.0037,0.0011,0.0
1947-04-14,-0.029500000000000002,-0.0132,-0.0016,0.0
1947-04-15,-0.0003,-0.0043,0.0011,0.0
1947-04-16,0.0096,0.0039000000000000003,-0.0002,0.0
1947-04-17,0.0011,0.0026,-0.0005,0.0
1947-04-18,-0.012,-0.0062,-0.0016,0.0
1947-04-19,0.0111,-0.0051,0.0038,0.0
1947-04-21,0.0079,0.009300000000000001,0.0045000000000000005,0.0
1947-04-22,0.0058,-0.0024,-0.0014000000000000002,0.0
1947-04-23,0.0009,0.0026,0.002,0.0
1947-04-24,-0.0055000000000000005,-0.0036,0.0016,0.0
1947-04-25,-0.0083,-0.0023,0.0021,0.0
1947-04-26,0.001,-0.0013,-0.0015,0.0
1947-04-28,-0.0005,0.0012,0.0008,0.0
1947-04-29,-0.0015,-0.0055000000000000005,0.0024,0.0
1947-04-30,0.0124,0.0011,0.0002,0.0
1947-05-01,0.0085,0.0006,0.0013,0.0
1947-05-02,0.0048,0.0008,-0.0053,0.0
1947-05-03,0.0021,-0.002,-0.001,0.0
1947-05-05,0.0002,-0.0005,0.0005,0.0
1947-05-06,-0.01,-0.0046,0.0002,0.0
1947-05-07,-0.0006,-0.0067,0.0013,0.0
1947-05-08,-0.0049,0.0002,-0.0006,0.0
1947-05-09,-0.0019,-0.0060999999999999995,0.0009,0.0
1947-05-10,0.002,0.0007000000000000001,0.0013,0.0
1947-05-12,-0.0109,-0.0017000000000000001,-0.0008,0.0
1947-05-13,-0.0171,-0.0058,-0.0034000000000000002,0.0
1947-05-14,-0.004699999999999999,-0.0039000000000000003,0.0012,0.0
1947-05-15,0.0075,0.0019,-0.0025,0.0
1947-05-16,-0.019799999999999998,-0.009000000000000001,-0.0006,0.0
1947-05-17,-0.0147,-0.0039000000000000003,-0.0059,0.0
1947-05-19,0.0005,-0.0075,0.0025,0.0
1947-05-20,0.0052,0.0051,-0.0034000000000000002,0.0
1947-05-21,0.0144,-0.0032,0.0040999999999999995,0.0
1947-05-22,0.0096,0.0103,0.0044,0.0
1947-05-23,0.0039000000000000003,0.0019,0.0006,0.0
1947-05-24,0.0,-0.0013,0.0032,0.0
1947-05-26,-0.0055000000000000005,0.0011,-0.0033,0.0
1947-05-27,-0.0011,-0.0045000000000000005,0.0042,0.0
1947-05-28,0.0161,0.0023,0.0049,0.0
1947-05-29,0.0079,0.0028000000000000004,0.0,0.0
1947-06-02,-0.0098,-0.0031,0.002,0.0
1947-06-03,0.0103,-0.0022,-0.0033,0.0
1947-06-04,-0.0034000000000000002,0.0006,0.0005,0.0
1947-06-05,-0.0002,-0.0026,-0.0008,0.0
1947-06-06,0.0052,-0.0007000000000000001,0.0006,0.0
1947-06-09,-0.0036,-0.0005,-0.002,0.0
1947-06-10,0.0068000000000000005,-0.0052,0.0001,0.0
1947-06-11,0.0229,0.0067,0.0049,0.0
1947-06-12,-0.0015,0.0049,-0.0045000000000000005,0.0
1947-06-13,0.0102,0.0005,-0.0021,0.0
1947-06-16,0.0,-0.0001,-0.0014000000000000002,0.0
1947-06-17,-0.0027,-0.0009,-0.0018,0.0
1947-06-18,-0.0006,0.0008,-0.0005,0.0
1947-06-19,0.01,0.0007000000000000001,0.0009,0.0
1947-06-20,0.005,0.004699999999999999,0.0039000000000000003,0.0
1947-06-23,0.0054,0.0022,-0.0032,0.0
1947-06-24,-0.0176,0.0011,-0.0019,0.0
1947-06-25,0.006999999999999999,-0.0083,0.0013,0.0
1947-06-26,0.0044,-0.0006,0.0040999999999999995,0.0
1947-06-27,0.0005,0.0007000000000000001,0.0005,0.0
1947-06-30,0.0039000000000000003,-0.0015,-0.003,0.0
1947-07-01,0.0147,-0.0009,0.0101,0.0
1947-07-02,0.0017000000000000001,0.0083,0.0019,0.0
1947-07-03,0.0108,0.0024,0.0063,0.0
1947-07-07,0.0026,0.0027,-0.0019,0.0
1947-07-08,0.0040999999999999995,0.0063,0.0014000000000000002,0.0
1947-07-09,-0.0068000000000000005,0.0008,-0.0027,0.0
1947-07-10,0.0078000000000000005,-0.0006,0.0048,0.0
1947-07-11,0.011399999999999999,0.0046,0.0033,0.0
1947-07-14,0.0078000000000000005,0.0062,0.002,0.0
1947-07-15,-0.0016,-0.0012,-0.0018,0.0
1947-07-16,-0.0012,0.0,-0.0016,0.0
1947-07-17,-0.0067,0.0005,0.0007000000000000001,0.0
1947-07-18,0.0021,-0.005,-0.0005,0.0
1947-07-21,-0.0016,0.0001,0.0048,0.0
1947-07-22,0.0009,-0.0015,0.0018,0.0
1947-07-23,0.0068000000000000005,0.0014000000000000002,0.0032,0.0
1947-07-24,0.0105,0.0013,0.006999999999999999,0.0
1947-07-25,-0.0008,0.0029,-0.0016,0.0
1947-07-28,-0.0076,-0.0011,-0.0052,0.0
1947-07-29,-0.0203,-0.0077,-0.0088,0.0
1947-07-30,-0.006500000000000001,-0.006,-0.0026,0.0
1947-07-31,0.0132,0.0012,0.0063,0.0
1947-08-01,0.0024,-0.0016,-0.0013,0.0
1947-08-04,-0.0104,-0.0018,-0.004699999999999999,0.0
1947-08-05,0.0026,-0.0003,0.0018,0.0
1947-08-06,-0.0038,-0.0011,-0.002,0.0
1947-08-07,0.0012,-0.0043,0.0025,0.0
1947-08-08,-0.010700000000000001,0.0005,-0.0052,0.0
1947-08-11,-0.0051,0.0003,0.0024,0.0
1947-08-12,0.0085,0.005,0.0064,0.0
1947-08-13,-0.0007000000000000001,0.0023,-0.0033,0.0
1947-08-14,0.002,-0.0001,0.005600000000000001,0.0
1947-08-15,0.0083,0.0006,0.0058,0.0
1947-08-18,-0.0026,0.0017000000000000001,-0.0003,0.0
1947-08-19,-0.003,-0.0017000000000000001,-0.0029,0.0
1947-08-20,-0.0043,-0.0006,-0.0027,0.0
1947-08-21,0.0029,-0.0006,0.0002,0.0
1947-08-22,0.0022,-0.0002,0.0015,0.0
1947-08-25,-0.0149,-0.0007000000000000001,-0.0054,0.0
1947-08-26,0.0003,0.0,0.0038,0.0
1947-08-27,0.0017000000000000001,0.0032,-0.0023,0.0
1947-08-28,-0.0007000000000000001,0.0039000000000000003,0.001,0.0
1947-08-29,0.0070999999999999995,-0.001,0.0012,0.0
1947-09-02,0.005,0.0002,0.0005,0.0
1947-09-03,-0.001,0.0045000000000000005,0.0011,0.0
1947-09-04,-0.013000000000000001,-0.0018,-0.009300000000000001,0.0
1947-09-05,-0.0021,-0.001,0.0042,0.0
1947-09-08,-0.0134,0.0026,-0.0070999999999999995,0.0
1947-09-09,0.0016,-0.0016,0.0069,0.0
1947-09-10,0.009000000000000001,-0.0001,0.0044,0.0
1947-09-11,0.0037,0.0040999999999999995,-0.0006,0.0
1947-09-12,-0.0028000000000000004,0.0012,-0.0036,0.0
1947-09-15,-0.004,0.0,0.0011,0.0
1947-09-16,0.008199999999999999,-0.0001,0.0078000000000000005,0.0
1947-09-17,0.0143,0.0060999999999999995,0.0048,0.0
1947-09-18,-0.0029,0.0025,-0.0054,0.0
1947-09-19,-0.002,-0.001,-0.0024,0.0
1947-09-22,-0.0013,-0.0006,0.0024,0.0
1947-09-23,-0.0127,0.0024,-0.0046,0.0
1947-09-24,0.0026,0.0003,0.0060999999999999995,0.0
1947-09-25,-0.005600000000000001,0.0015,-0.0012,0.0
1947-09-26,-0.0014000000000000002,-0.0001,0.0,0.0
1947-09-29,0.0044,-0.0031,0.004699999999999999,0.0
1947-09-30,0.0086,0.0002,0.0043,0.0
1947-10-01,0.0049,0.0049,0.0042,0.0
1947-10-02,0.0001,-0.0002,-0.0007000000000000001,0.0
1947-10-03,0.0066,0.0036,0.0040999999999999995,0.0
1947-10-04,0.0018,0.002,0.002,0.0
1947-10-06,0.0007000000000000001,0.0004,-0.0028000000000000004,0.0
1947-10-07,-0.0002,0.001,-0.0003,0.0
1947-10-08,-0.0055000000000000005,0.0032,-0.004,0.0
1947-10-09,0.004699999999999999,-0.0021,0.0037,0.0
1947-10-10,0.0032,0.0060999999999999995,0.0005,0.0
1947-10-11,0.0014000000000000002,0.0054,0.0036,0.0
1947-10-14,0.0138,0.0013,0.0063,0.0
1947-10-15,0.0036,0.0031,-0.0034999999999999996,0.0
1947-10-16,0.0008,-0.0002,-0.0019,0.0
1947-10-17,0.0011,-0.0036,-0.0007000000000000001,0.0
1947-10-18,0.0044,-0.0039000000000000003,0.0034000000000000002,0.0
1947-10-20,0.006999999999999999,0.0015,0.0051,0.0
1947-10-21,-0.0014000000000000002,-0.0019,-0.0011,0.0
1947-10-22,-0.0026,0.0017000000000000001,-0.0008,0.0
1947-10-23,0.0012,-0.0008,-0.0001,0.0
1947-10-24,-0.013000000000000001,-0.0040999999999999995,-0.008,0.0
1947-10-25,0.0014000000000000002,0.0,0.0018,0.0
1947-10-27,0.0002,-0.003,0.001,0.0
1947-10-28,0.0007000000000000001,-0.0008,-0.0007000000000000001,0.0
1947-10-29,-0.0040999999999999995,-0.0028000000000000004,-0.0048,0.0
1947-10-30,-0.0124,-0.0079,-0.005,0.0
1947-10-31,0.0064,0.0024,0.0005,0.0
1947-11-01,0.0022,0.0002,0.0003,0.0
1947-11-03,-0.0014000000000000002,-0.0019,0.0003,0.0
1947-11-05,-0.005699999999999999,-0.0023,-0.0039000000000000003,0.0
1947-11-06,0.0005,-0.0034000000000000002,-0.0008,0.0
1947-11-07,-0.002,0.0018,0.0004,0.0
1947-11-08,0.0003,-0.0001,-0.0001,0.0
1947-11-10,0.0034999999999999996,-0.0028000000000000004,0.0021,0.0
1947-11-12,-0.0021,-0.0011,0.0007000000000000001,0.0
1947-11-13,-0.0064,-0.0006,-0.0036,0.0
1947-11-14,0.0004,-0.0011,0.0036,0.0
1947-11-15,0.0014000000000000002,-0.0006,0.0014000000000000002,0.0
1947-11-17,-0.0007000000000000001,-0.0034000000000000002,0.0031,0.0
1947-11-18,0.0076,0.0046,0.0068000000000000005,0.0
1947-11-19,0.0031,0.0038,0.0004,0.0
1947-11-20,0.0034000000000000002,-0.004699999999999999,0.0026,0.0
1947-11-21,-0.0034000000000000002,0.0031,0.0003,0.0
1947-11-22,-0.001,0.0008,-0.0031,0.0
1947-11-24,-0.0051,-0.0007000000000000001,-0.0016,0.0
1947-11-25,-0.0029,-0.0034999999999999996,0.002,0.0
1947-11-26,-0.0015,-0.0006,0.002,0.0
1947-11-28,-0.0087,-0.0026,-0.0006,0.0
1947-11-29,-0.0015,-0.002,-0.0011,0.0
1947-12-01,0.0055000000000000005,-0.0023,0.0023,0.0
1947-12-02,0.0022,-0.0021,0.0036,0.0
1947-12-03,-0.0074,-0.0013,-0.0022,0.0
1947-12-04,-0.0058,-0.0015,0.0001,0.0
1947-12-05,-0.0139,-0.0006,-0.003,0.0
1947-12-06,0.0002,0.0016,0.0028000000000000004,0.0
1947-12-08,0.0079,-0.0008,0.0058,0.0
1947-12-09,0.0045000000000000005,0.0012,0.005,0.0
1947-12-10,0.0023,0.0021,0.0004,0.0
1947-12-11,0.0014000000000000002,-0.004699999999999999,-0.0007000000000000001,0.0
1947-12-12,0.006500000000000001,0.0014000000000000002,0.0045000000000000005,0.0
1947-12-13,0.0064,0.0015,0.0063,0.0
1947-12-15,0.005699999999999999,0.0021,0.0055000000000000005,0.0
1947-12-16,-0.001,-0.0046,0.0002,0.0
1947-12-17,0.0033,0.0004,0.0060999999999999995,0.0
1947-12-18,-0.0008,-0.0015,0.0005,0.0
1947-12-19,0.0039000000000000003,0.0001,0.0004,0.0
1947-12-20,0.008199999999999999,-0.0002,0.0066,0.0
1947-12-22,-0.0023,-0.0001,-0.0007000000000000001,0.0
1947-12-23,0.0033,-0.0048,0.004699999999999999,0.0
1947-12-24,-0.0007000000000000001,0.0008,-0.002,0.0
1947-12-26,-0.0075,-0.0054,-0.0036,0.0
1947-12-27,-0.0016,-0.0006,-0.0023,0.0
1947-12-29,-0.0040999999999999995,-0.004,-0.0028000000000000004,0.0
1947-12-30,0.0088,-0.0013,0.002,0.0
1947-12-31,0.0052,0.0007000000000000001,-0.0027,0.0
1948-01-02,0.0040999999999999995,0.0062,0.008199999999999999,0.0
1948-01-05,-0.009000000000000001,0.0075,-0.0078000000000000005,0.0
1948-01-06,-0.006,0.0004,-0.0028000000000000004,0.0
1948-01-07,0.006,-0.0008,0.0067,0.0
1948-01-08,0.0058,0.0026,0.005,0.0
1948-01-09,-0.0036,0.0029,0.0007000000000000001,0.0
1948-01-10,0.0006,-0.0018,0.0008,0.0
1948-01-12,-0.0060999999999999995,0.0007000000000000001,-0.0008,0.0
1948-01-13,-0.013600000000000001,0.0011,-0.0089,0.0
1948-01-14,-0.0012,0.0028000000000000004,0.0022,0.0
1948-01-15,-0.003,0.003,0.0007000000000000001,0.0
1948-01-16,0.0001,0.0014000000000000002,0.0051,0.0
1948-01-17,-0.0005,0.0,-0.0027,0.0
1948-01-19,-0.013000000000000001,-0.0033,-0.006,0.0
1948-01-20,0.0005,0.001,0.004699999999999999,0.0
1948-01-21,-0.0098,0.0012,-0.0062,0.0
1948-01-22,-0.0077,-0.0001,0.0045000000000000005,0.0
1948-01-23,-0.0026,0.0024,0.0011,0.0
1948-01-24,0.0003,0.0007000000000000001,0.0025,0.0
1948-01-26,-0.0016,-0.0007000000000000001,0.0013,0.0
1948-01-27,0.0016,0.0016,0.0040999999999999995,0.0
1948-01-28,0.008,-0.0001,0.0034999999999999996,0.0
1948-01-29,0.0098,-0.0019,0.0011,0.0
1948-01-30,0.0003,-0.0011,-0.0023,0.0
1948-01-31,0.0011,0.0003,0.0,0.0
1948-02-02,0.0,0.0005,-0.0012,0.0
1948-02-03,-0.0058,-0.0013,-0.0026,0.0
1948-02-04,-0.0182,-0.0055000000000000005,-0.005699999999999999,0.0
1948-02-05,-0.0109,-0.001,-0.0006,0.0
1948-02-06,0.0017000000000000001,0.0006,0.0025,0.0
1948-02-07,0.0062,0.0001,0.0039000000000000003,0.0
1948-02-09,0.0,-0.0006,-0.0031,0.0
1948-02-10,-0.0276,-0.0063,-0.012,0.0
1948-02-11,-0.0027,-0.0063,0.0001,0.0
1948-02-13,-0.0003,0.0016,0.0034000000000000002,0.0
1948-02-14,0.0018,0.0032,0.0022,0.0
1948-02-16,0.0129,-0.0023,0.0022,0.0
1948-02-17,0.0022,0.0012,-0.0013,0.0
1948-02-18,-0.0014000000000000002,-0.0024,0.0009,0.0
1948-02-19,-0.0022,0.0016,-0.0004,0.0
1948-02-20,-0.0042,-0.0028000000000000004,-0.0007000000000000001,0.0
1948-02-21,0.0017000000000000001,0.0034999999999999996,0.0024,0.0
1948-02-24,0.0014000000000000002,-0.003,0.0019,0.0
1948-02-25,0.0059,0.0011,0.0045000000000000005,0.0
1948-02-26,-0.0051,0.0,-0.0013,0.0
1948-02-27,-0.0044,-0.0027,0.0012,0.0
1948-02-28,0.0052,0.0034000000000000002,0.0051,0.0
1948-03-01,0.005,0.0012,0.0042,0.0
1948-03-02,0.0058,-0.0039000000000000003,0.0064,0.0
1948-03-03,0.0027,0.0003,0.0027,0.0
1948-03-04,-0.0029,-0.0004,-0.0053,0.0
1948-03-05,0.0013,0.0002,0.0,0.0
1948-03-06,0.0042,0.0018,0.0009,0.0
1948-03-08,-0.0068000000000000005,-0.0001,0.0007000000000000001,0.0
1948-03-09,-0.0060999999999999995,-0.0040999999999999995,-0.0016,0.0
1948-03-10,0.0043,0.0026,0.0069,0.0
1948-03-11,-0.0002,0.0019,-0.0002,0.0
1948-03-12,0.0001,-0.002,0.0025,0.0
1948-03-13,0.0045000000000000005,0.0002,0.0022,0.0
1948-03-15,-0.0003,-0.0005,-0.0007000000000000001,0.0
1948-03-16,-0.0166,-0.0039000000000000003,-0.0096,0.0
1948-03-17,0.0069,-0.0016,0.0097,0.0
1948-03-18,0.0077,0.0062,0.0059,0.0
1948-03-19,0.0161,-0.0017000000000000001,0.0070999999999999995,0.0
1948-03-20,0.0222,0.0034999999999999996,0.0064,0.0
1948-03-22,0.0051,0.0074,-0.012199999999999999,0.0
1948-03-23,0.0006,-0.0003,-0.0003,0.0
1948-03-24,0.0002,-0.0003,0.0042,0.0
1948-03-25,0.0037,-0.0028000000000000004,0.0040999999999999995,0.0
1948-03-27,-0.0019,0.0016,0.0001,0.0
1948-03-29,-0.0011,-0.0031,0.0,0.0
1948-03-30,0.0095,-0.0023,0.0037,0.0
1948-03-31,0.0146,0.0016,0.0044,0.0
1948-04-01,0.0022,-0.0031,0.0001,0.0
1948-04-02,0.0012,-0.0015,-0.0053,0.0
1948-04-03,0.0012,-0.0003,-0.0018,0.0
1948-04-05,0.0025,0.0007000000000000001,-0.0008,0.0
1948-04-06,0.0048,-0.0042,0.0024,0.0
1948-04-07,-0.0021,-0.0011,0.0015,0.0
1948-04-08,0.0028000000000000004,-0.0023,0.0054,0.0
1948-04-09,0.001,0.0034999999999999996,0.0049,0.0
1948-04-10,0.001,-0.001,0.0009,0.0
1948-04-12,-0.0019,0.0017000000000000001,-0.003,0.0
1948-04-13,0.0001,-0.0012,0.0007000000000000001,0.0
1948-04-14,0.0001,-0.0017000000000000001,0.004699999999999999,0.0
1948-04-15,0.008199999999999999,0.0013,0.0089,0.0
1948-04-16,0.0039000000000000003,0.003,-0.001,0.0
1948-04-17,-0.0007000000000000001,0.0003,-0.0032,0.0
1948-04-19,0.0053,-0.0009,0.0102,0.0
1948-04-20,-0.0013,-0.003,-0.0028000000000000004,0.0
1948-04-21,0.0045000000000000005,-0.0060999999999999995,0.0102,0.0
1948-04-22,0.0083,-0.0024,0.0043,0.0
1948-04-23,0.004699999999999999,0.0046,0.0045000000000000005,0.0
1948-04-24,-0.0011,0.0036,-0.0021,0.0
1948-04-26,-0.0113,0.0005,-0.0102,0.0
1948-04-27,0.0016,-0.0001,0.005699999999999999,0.0
1948-04-28,0.0025,-0.0006,0.0023,0.0
1948-04-29,0.0002,-0.0018,0.0039000000000000003,0.0
1948-04-30,-0.0018,-0.0034000000000000002,-0.0005,0.0
1948-05-01,-0.0024,0.0009,-0.0033,0.0
1948-05-03,0.0072,-0.0034999999999999996,0.0078000000000000005,0.0
1948-05-04,0.0009,0.0009,0.0004,0.0
1948-05-05,-0.005699999999999999,-0.0006,-0.0095,0.0
1948-05-06,0.0064,0.0002,0.0070999999999999995,0.0
1948-05-07,0.005,0.0017000000000000001,-0.0037,0.0
1948-05-08,0.0026,0.0,0.0007000000000000001,0.0
1948-05-10,0.0025,-0.006,0.0076,0.0
1948-05-11,0.0045000000000000005,0.0011,-0.0033,0.0
1948-05-12,0.0019,0.0001,0.0007000000000000001,0.0
1948-05-13,0.005699999999999999,0.0031,0.0,0.0
1948-05-14,0.0202,0.0078000000000000005,0.0022,0.0
1948-05-15,0.0095,0.0070999999999999995,-0.0089,0.0
1948-05-17,0.0037,0.0040999999999999995,-0.0040999999999999995,0.0
1948-05-18,-0.0097,-0.0027,-0.0025,0.0
1948-05-19,0.0018,-0.0003,0.0025,0.0
1948-05-20,0.0079,0.0046,0.0059,0.0
1948-05-21,0.0032,0.0012,0.0007000000000000001,0.0
1948-05-22,0.0018,0.0002,0.0012,0.0
1948-05-24,-0.0013,-0.0012,-0.0046,0.0
1948-05-25,-0.0034999999999999996,-0.005699999999999999,-0.0055000000000000005,0.0
1948-05-26,0.0085,-0.0007000000000000001,0.0005,0.0
1948-05-27,-0.0011,-0.0023,-0.0052,0.0
1948-05-28,0.0016,-0.0018,0.0018,0.0
1948-06-01,0.0017000000000000001,-0.0053,0.0011,0.0
1948-06-02,0.0022,-0.0037,0.0027,0.0
1948-06-03,-0.0032,-0.0019,-0.004,0.0
1948-06-04,-0.0075,0.0007000000000000001,-0.0044,0.0
1948-06-07,-0.0027,-0.0039000000000000003,0.0011,0.0
1948-06-08,0.0152,0.0014000000000000002,0.0143,0.0
1948-06-09,0.0052,0.0025,0.0009,0.0
1948-06-10,0.0011,-0.0022,0.0049,0.0
1948-06-11,0.0017000000000000001,-0.0019,0.0011,0.0
1948-06-14,0.0002,0.0001,0.0026,0.0
1948-06-15,0.003,-0.0051,0.0009,0.0
1948-06-16,-0.005,-0.0011,-0.0006,0.0
1948-06-17,-0.0011,0.0001,0.006,0.0
1948-06-18,-0.002,-0.0015,0.0014000000000000002,0.0
1948-06-21,-0.0089,-0.0045000000000000005,-0.0032,0.0
1948-06-22,-0.0007000000000000001,-0.0004,0.008199999999999999,0.0
1948-06-23,0.0079,0.0064,0.0031,0.0
1948-06-24,-0.0013,0.0059,-0.0015,0.0
1948-06-25,-0.0036,0.0005,-0.0019,0.0
1948-06-28,-0.0115,-0.0032,-0.0097,0.0
1948-06-29,0.0036,-0.0004,0.0026,0.0
1948-06-30,0.005,-0.0002,0.0039000000000000003,0.0
1948-07-01,-0.0021,0.0002,-0.0018,0.0
1948-07-02,0.0068000000000000005,-0.0039000000000000003,0.0060999999999999995,0.0
1948-07-06,0.0012,0.0011,0.0022,0.0
1948-07-07,-0.0028000000000000004,0.0,0.0004,0.0
1948-07-08,0.0005,-0.0013,0.0022,0.0
1948-07-09,0.005699999999999999,0.0007000000000000001,0.0022,0.0
1948-07-12,-0.0003,0.0025,0.0040999999999999995,0.0
1948-07-13,-0.0046,0.0005,0.0005,0.0
1948-07-14,0.0013,-0.0023,0.0028000000000000004,0.0
1948-07-15,-0.016200000000000003,0.0022,-0.0115,0.0
1948-07-16,-0.013999999999999999,0.0008,-0.0038,0.0
1948-07-19,-0.0317,-0.0008,-0.0075,0.0
1948-07-20,0.0143,-0.0019,0.0052,0.0
1948-07-21,0.0052,0.001,-0.0017000000000000001,0.0
1948-07-22,0.0063,-0.0022,0.0017000000000000001,0.0
1948-07-23,0.0034999999999999996,-0.0001,-0.0005,0.0
1948-07-26,-0.0070999999999999995,0.002,-0.0046,0.0
1948-07-27,0.0086,-0.0086,0.006,0.0
1948-07-28,-0.0040999999999999995,0.0040999999999999995,0.0019,0.0
1948-07-29,-0.0072,0.002,-0.0011,0.0
1948-07-30,-0.0144,-0.0003,-0.0007000000000000001,0.0
1948-08-02,-0.0002,-0.0027,-0.0005,0.0
1948-08-03,0.001,0.0002,0.002,0.0
1948-08-04,0.0129,-0.006,0.006,0.0
1948-08-05,-0.0016,0.0016,-0.0033,0.0
1948-08-06,0.0009,-0.0028000000000000004,0.0038,0.0
1948-08-09,-0.008100000000000001,0.0024,-0.0042,0.0
1948-08-10,-0.009399999999999999,0.0017000000000000001,-0.0049,0.0
1948-08-11,-0.0074,-0.0076,-0.0034999999999999996,0.0
1948-08-12,0.0036,0.0022,-0.0009,0.0
1948-08-13,-0.0001,0.0008,-0.0022,0.0
1948-08-16,0.0011,-0.0018,-0.001,0.0
1948-08-17,0.0102,-0.0013,0.0045000000000000005,0.0
1948-08-18,0.0001,0.0029,-0.003,0.0
1948-08-19,0.0018,-0.004699999999999999,0.0031,0.0
1948-08-20,0.0067,-0.0025,0.0021,0.0
1948-08-23,-0.0102,0.003,-0.0040999999999999995,0.0
1948-08-24,0.0032,-0.0011,0.0044,0.0
1948-08-25,-0.0017000000000000001,0.0013,-0.003,0.0
1948-08-26,0.0011,-0.0018,0.0012,0.0
1948-08-27,0.005,-0.0007000000000000001,0.003,0.0
1948-08-30,-0.0045000000000000005,0.0039000000000000003,-0.0001,0.0
1948-08-31,-0.0015,0.0016,0.004,0.0
1948-09-01,0.0124,-0.0015,0.005600000000000001,0.0
1948-09-02,0.0068000000000000005,-0.0002,0.0023,0.0
1948-09-03,-0.0006,-0.0014000000000000002,-0.002,0.0
1948-09-07,0.0040999999999999995,-0.0018,0.0039000000000000003,0.0
1948-09-08,-0.014499999999999999,0.002,-0.011000000000000001,0.0
1948-09-09,-0.0163,0.0003,-0.0067,0.0
1948-09-10,-0.0006,-0.0034000000000000002,-0.0001,0.0
1948-09-13,-0.0074,0.0029,-0.0007000000000000001,0.0
1948-09-14,0.0079,-0.0038,0.0037,0.0
1948-09-15,-0.0007000000000000001,0.0037,-0.0017000000000000001,0.0
1948-09-16,0.0004,-0.0011,0.002,0.0
1948-09-17,-0.0049,-0.0003,-0.0034999999999999996,0.0
1948-09-20,-0.0181,-0.001,-0.011000000000000001,0.0
1948-09-21,0.0062,-0.0063,0.0036,0.0
1948-09-22,0.005,0.0012,0.0051,0.0
1948-09-23,-0.0033,0.0031,-0.0033,0.0
1948-09-24,0.0017000000000000001,-0.0025,0.0002,0.0
1948-09-27,-0.0229,0.0021,-0.012,0.0
1948-09-28,0.0092,-0.0066,0.0040999999999999995,0.0
1948-09-29,0.0096,-0.0008,0.0036,0.0
1948-09-30,-0.0033,0.002,0.0007000000000000001,0.0
1948-10-01,0.01,-0.005600000000000001,0.002,0.0
1948-10-02,0.0052,0.0011,0.0043,0.0
1948-10-04,0.0054,-0.0003,0.0,0.0
1948-10-05,-0.0036,-0.0003,-0.0038,0.0
1948-10-06,0.0033,0.0005,0.0023,0.0
1948-10-07,0.0055000000000000005,-0.0008,0.0016,0.0
1948-10-08,-0.0017000000000000001,0.0,-0.0017000000000000001,0.0
1948-10-09,0.0006,0.0007000000000000001,0.0011,0.0
1948-10-11,-0.0004,-0.0019,-0.005600000000000001,0.0
1948-10-13,0.0095,-0.0028000000000000004,0.0064,0.0
1948-10-14,0.0032,0.0011,-0.0001,0.0
1948-10-15,-0.0006,0.0002,0.0005,0.0
1948-10-16,0.0022,-0.0008,0.0024,0.0
1948-10-18,0.0027,-0.0002,0.0016,0.0
1948-10-19,0.004,-0.001,0.0015,0.0
1948-10-20,0.004699999999999999,0.0026,0.0021,0.0
1948-10-21,0.0013,0.0013,0.0039000000000000003,0.0
1948-10-22,0.0137,-0.0012,0.0044,0.0
1948-10-23,0.0031,0.0019,0.0015,0.0
1948-10-25,-0.0054,-0.0002,-0.0060999999999999995,0.0
1948-10-26,-0.0006,-0.0015,-0.0023,0.0
1948-10-27,-0.0015,-0.0021,-0.0055000000000000005,0.0
1948-10-28,-0.0067,-0.0002,-0.004,0.0
1948-10-29,0.0021,-0.0034000000000000002,-0.0018,0.0
1948-10-30,0.0023,-0.0011,0.0012,0.0
1948-11-01,0.0078000000000000005,0.002,0.0036,0.0
1948-11-03,-0.0443,-0.0078000000000000005,-0.0163,0.0
1948-11-04,0.015,0.0069,0.0013,0.0
1948-11-05,-0.0393,0.0009,-0.0178,0.0
1948-11-06,0.0036,0.0005,0.0046,0.0
1948-11-08,0.002,-0.001,0.0028000000000000004,0.0
1948-11-09,-0.0301,-0.0001,-0.016399999999999998,0.0
1948-11-10,-0.002,-0.0037,0.0012,0.0
1948-11-12,0.0039000000000000003,0.0029,0.0008,0.0
1948-11-13,0.0024,-0.0002,-0.0013,0.0
1948-11-15,0.0115,-0.002,0.0054,0.0
1948-11-16,0.0031,0.0004,0.0001,0.0
1948-11-17,-0.0031,-0.0007000000000000001,-0.0012,0.0
1948-11-18,0.0027,0.0011,-0.0026,0.0
1948-11-19,0.0040999999999999995,-0.0004,0.0034000000000000002,0.0
1948-11-20,0.0017000000000000001,0.0005,0.0016,0.0
1948-11-22,-0.0063,0.0001,-0.006500000000000001,0.0
1948-11-23,-0.0023,-0.0040999999999999995,-0.0005,0.0
1948-11-24,-0.0148,-0.0012,-0.0040999999999999995,0.0
1948-11-26,-0.0003,-0.0007000000000000001,-0.0012,0.0
1948-11-27,-0.0005,0.0019,-0.0008,0.0
1948-11-29,-0.006999999999999999,-0.0002,-0.0026,0.0
1948-11-30,-0.0031,-0.0014000000000000002,0.0022,0.0
1948-12-01,0.015700000000000002,-0.0044,0.0073,0.0
1948-12-02,0.0036,0.0031,0.0018,0.0
1948-12-03,0.0055000000000000005,-0.0023,0.001,0.0
1948-12-04,0.008,-0.002,0.0042,0.0
1948-12-06,0.0013,-0.0009,0.0007000000000000001,0.0
1948-12-07,0.0006,-0.0003,-0.0046,0.0
1948-12-08,-0.0016,0.0001,-0.0026,0.0
1948-12-09,-0.0027,-0.0013,-0.0034999999999999996,0.0
1948-12-10,0.0017000000000000001,-0.0024,-0.0022,0.0
1948-12-11,0.0074,-0.0008,0.006,0.0
1948-12-13,-0.0005,0.0001,0.0006,0.0
1948-12-14,-0.005,-0.0024,-0.0060999999999999995,0.0
1948-12-15,-0.0034999999999999996,0.0002,-0.0036,0.0
1948-12-16,-0.0024,-0.0014000000000000002,-0.0040999999999999995,0.0
1948-12-17,0.002,-0.0009,-0.0009,0.0
1948-12-18,-0.0005,0.0029,-0.0016,0.0
1948-12-20,0.001,-0.0039000000000000003,-0.0032,0.0
1948-12-21,-0.0022,-0.0003,0.0004,0.0
1948-12-22,0.0002,-0.0011,0.0013,0.0
1948-12-23,0.001,0.0002,-0.0002,0.0
1948-12-24,0.0066,-0.0009,0.0053,0.0
1948-12-27,-0.0038,-0.0007000000000000001,-0.0075,0.0
1948-12-28,-0.0070999999999999995,-0.0077,0.0019,0.0
1948-12-29,0.011200000000000002,-0.0018,-0.0015,0.0
1948-12-30,0.0007000000000000001,0.0012,-0.0048,0.0
1948-12-31,-0.004699999999999999,-0.0002,-0.0026,0.0
1949-01-03,-0.0138,0.0077,-0.0013,0.0
1949-01-04,0.0042,0.0029,0.008100000000000001,0.0
1949-01-05,0.0101,0.0019,0.0025,0.0
1949-01-06,0.0199,0.0012,0.0034999999999999996,0.0
1949-01-07,0.008,0.0075,0.0015,0.0
1949-01-08,0.0005,-0.0001,-0.0023,0.0
1949-01-10,-0.0069,0.0013,-0.0063,0.0
1949-01-11,0.0004,-0.0006,0.0003,0.0
1949-01-12,-0.0007000000000000001,0.0016,-0.0006,0.0
1949-01-13,-0.005,0.0,-0.0011,0.0
1949-01-14,-0.0083,-0.0026,-0.0021,0.0
1949-01-15,0.002,0.0001,0.003,0.0
1949-01-17,0.0027,-0.0021,-0.0004,0.0
1949-01-18,0.0027,0.0023,-0.0003,0.0
1949-01-19,0.0029,-0.0013,0.0033,0.0
1949-01-20,0.0045000000000000005,-0.0002,0.0009,0.0
1949-01-21,-0.0014000000000000002,0.0023,-0.0002,0.0
1949-01-22,0.0014000000000000002,0.0008,-0.0007000000000000001,0.0
1949-01-24,-0.0032,0.0003,0.0031,0.0
1949-01-25,-0.006500000000000001,0.0007000000000000001,-0.0018,0.0
1949-01-26,-0.003,-0.0014000000000000002,0.0026,0.0
1949-01-27,-0.0039000000000000003,-0.0001,0.0016,0.0
1949-01-28,-0.004,-0.0026,-0.0038,0.0
1949-01-29,0.0017000000000000001,-0.0009,0.0019,0.0
1949-01-31,-0.0014000000000000002,-0.0014000000000000002,0.001,0.0
1949-02-01,0.005,-0.0032,-0.0009,0.0
1949-02-02,0.0019,0.0013,0.0007000000000000001,0.0
1949-02-03,-0.0024,0.0001,-0.0022,0.0
1949-02-04,-0.0132,0.0013,-0.005699999999999999,0.0
1949-02-05,-0.0146,0.0009,-0.008100000000000001,0.0
1949-02-07,-0.0070999999999999995,-0.0008,-0.0025,0.0
1949-02-08,-0.0014000000000000002,-0.0027,0.0043,0.0
1949-02-09,0.0059,-0.002,0.002,0.0
1949-02-10,-0.0118,0.0019,-0.0024,0.0
1949-02-11,0.0,-0.004,0.0015,0.0
1949-02-14,0.0016,-0.0004,0.0016,0.0
1949-02-15,0.004,-0.0012,-0.0002,0.0
1949-02-16,0.005699999999999999,-0.0034000000000000002,0.0007000000000000001,0.0
1949-02-17,0.0085,-0.0012,0.0027,0.0
1949-02-18,-0.0021,0.0023,-0.0011,0.0
1949-02-19,-0.0013,-0.0004,-0.0009,0.0
1949-02-21,-0.0025,-0.0017000000000000001,-0.0027,0.0
1949-02-23,-0.0070999999999999995,-0.0004,-0.0053,0.0
1949-02-24,-0.0091,0.0004,-0.003,0.0
1949-02-25,-0.0018,-0.0007000000000000001,0.0038,0.0
1949-02-26,0.0042,0.0,0.0021,0.0
1949-02-28,0.0087,-0.0058,0.0069,0.0
1949-03-01,0.0052,0.0014000000000000002,0.0033,0.0
1949-03-02,-0.0001,0.0004,-0.0018,0.0
1949-03-03,-0.0006,0.0028000000000000004,-0.0034000000000000002,0.0
1949-03-04,0.0022,-0.0037,-0.0005,0.0
1949-03-05,0.0089,-0.0007000000000000001,0.0032,0.0
1949-03-07,0.0049,0.0012,0.0024,0.0
1949-03-08,0.0034999999999999996,0.0022,0.0008,0.0
1949-03-09,-0.0016,0.0001,-0.0022,0.0
1949-03-10,0.0011,-0.0011,-0.0004,0.0
1949-03-11,0.0092,-0.0021,0.0027,0.0
1949-03-12,0.0034000000000000002,0.0026,0.0031,0.0
1949-03-14,0.0,-0.0016,-0.0005,0.0
1949-03-15,-0.0063,0.0022,-0.004,0.0
1949-03-16,-0.0038,-0.0005,-0.0008,0.0
1949-03-17,0.0039000000000000003,-0.0018,0.0029,0.0
1949-03-18,-0.0021,0.0026,-0.0009,0.0
1949-03-19,-0.0003,0.0014000000000000002,0.0,0.0
1949-03-21,-0.002,0.001,0.0031,0.0
1949-03-22,-0.0075,-0.0014000000000000002,-0.0102,0.0
1949-03-23,0.0095,-0.0066,0.0068000000000000005,0.0
1949-03-24,0.0036,0.0046,0.0034999999999999996,0.0
1949-03-25,-0.005,-0.0001,-0.0034000000000000002,0.0
1949-03-26,0.0007000000000000001,0.0015,0.0005,0.0
1949-03-28,0.001,0.0002,-0.0016,0.0
1949-03-29,0.0176,0.0053,0.0111,0.0
1949-03-30,0.0027,0.011000000000000001,0.0022,0.0
1949-03-31,-0.0079,0.0026,-0.0032,0.0
1949-04-01,-0.0064,0.0001,-0.0021,0.0
1949-04-02,0.003,0.0011,0.0006,0.0
1949-04-04,0.0012,-0.0029,0.0005,0.0
1949-04-05,0.0005,0.0006,-0.0003,0.0
1949-04-06,-0.002,0.0,0.0013,0.0
1949-04-07,-0.0026,-0.0025,-0.0013,0.0
1949-04-08,0.0015,-0.0031,0.0029,0.0
1949-04-09,0.0028000000000000004,0.0021,0.0029,0.0
1949-04-11,-0.0021,0.0017000000000000001,-0.0032,0.0
1949-04-12,0.001,0.0005,0.0004,0.0
1949-04-13,-0.0005,-0.0012,-0.0025,0.0
1949-04-14,-0.0018,-0.0001,-0.0009,0.0
1949-04-16,0.003,-0.0007000000000000001,0.0001,0.0
1949-04-18,0.0011,-0.004,-0.0046,0.0
1949-04-19,-0.0032,0.001,-0.002,0.0
1949-04-20,-0.0019,-0.0007000000000000001,0.0002,0.0
1949-04-21,-0.0146,-0.0002,-0.006500000000000001,0.0
1949-04-22,0.0005,-0.001,0.0021,0.0
1949-04-23,0.0039000000000000003,0.0008,0.0021,0.0
1949-04-25,-0.0027,0.0019,0.0019,0.0
1949-04-26,0.0034999999999999996,-0.0002,0.0028000000000000004,0.0
1949-04-27,0.0006,-0.0004,-0.004,0.0
1949-04-28,-0.0052,0.0016,-0.0036,0.0
1949-04-29,-0.0002,-0.0034000000000000002,-0.0007000000000000001,0.0
1949-04-30,0.0021,-0.0003,0.0027,0.0
1949-05-02,0.0015,-0.0019,-0.0008,0.0
1949-05-03,0.0037,-0.0058,-0.0016,0.0
1949-05-04,0.0095,0.0001,0.0022,0.0
1949-05-05,0.0004,0.0024,-0.0019,0.0
1949-05-06,-0.0038,-0.0009,-0.0018,0.0
1949-05-07,-0.0003,0.0016,-0.0005,0.0
1949-05-09,-0.0024,-0.0017000000000000001,-0.0037,0.0
1949-05-10,-0.0017000000000000001,-0.0013,-0.0021,0.0
1949-05-11,0.0015,0.0009,0.001,0.0
1949-05-12,0.0026,0.0001,0.0019,0.0
1949-05-13,0.0011,-0.0001,0.0036,0.0
1949-05-14,0.0026,0.0025,0.006,0.0
1949-05-16,0.0024,0.0007000000000000001,-0.0008,0.0
1949-05-17,-0.0026,0.0023,-0.0043,0.0
1949-05-18,-0.002,-0.0004,0.0001,0.0
1949-05-19,-0.0059,-0.002,-0.0049,0.0
1949-05-20,-0.0039000000000000003,-0.0003,-0.0027,0.0
1949-05-21,0.0002,0.0027,0.001,0.0
1949-05-23,-0.0085,0.0002,-0.0015,0.0
1949-05-24,-0.0058,-0.0018,-0.0044,0.0
1949-05-25,0.0026,-0.0040999999999999995,0.0043,0.0
1949-05-26,0.0009,0.0029,-0.0005,0.0
1949-05-27,-0.0018,-0.0013,-0.0007000000000000001,0.0
1949-05-31,-0.020099999999999996,-0.0029,-0.0121,0.0
1949-06-01,-0.0024,-0.0011,0.0051,0.0
1949-06-02,0.0011,0.004,-0.0029,0.0
1949-06-03,-0.0055000000000000005,-0.0017000000000000001,0.0012,0.0
1949-06-06,-0.015300000000000001,-0.001,-0.0084,0.0
1949-06-07,0.0017000000000000001,0.0,0.004,0.0
1949-06-08,0.0067,0.0016,0.0051,0.0
1949-06-09,-0.0003,-0.0007000000000000001,-0.0006,0.0
1949-06-10,-0.0072,-0.0001,-0.0070999999999999995,0.0
1949-06-13,-0.0184,-0.005699999999999999,-0.013000000000000001,0.0
1949-06-14,0.0034000000000000002,-0.0031,0.0018,0.0
1949-06-15,0.0167,-0.0008,0.008,0.0
1949-06-16,-0.0015,0.0043,-0.0009,0.0
1949-06-17,0.0011,-0.0018,-0.0014000000000000002,0.0
1949-06-20,0.012,-0.0055000000000000005,0.005699999999999999,0.0
1949-06-21,0.0017000000000000001,0.0028000000000000004,-0.0045000000000000005,0.0
1949-06-22,-0.0011,0.0003,-0.0007000000000000001,0.0
1949-06-23,0.0060999999999999995,0.0005,0.0019,0.0
1949-06-24,0.0012,0.0003,0.0007000000000000001,0.0
1949-06-27,-0.0004,0.0004,-0.0048,0.0
1949-06-28,-0.0085,-0.0016,-0.0011,0.0
1949-06-29,0.0058,-0.0005,-0.0017000000000000001,0.0
1949-06-30,0.0049,0.001,-0.0024,0.0
1949-07-01,0.0070999999999999995,0.0007000000000000001,0.0066,0.0
1949-07-05,0.0045000000000000005,-0.0005,-0.001,0.0
1949-07-06,0.0087,-0.0006,0.0046,0.0
1949-07-07,-0.0003,0.0016,-0.0034999999999999996,0.0
1949-07-08,0.0002,0.0027,-0.0016,0.0
1949-07-11,0.0011,0.001,-0.0022,0.0
1949-07-12,0.005,-0.0012,-0.0002,0.0
1949-07-13,0.0097,-0.0006,0.0076,0.0
1949-07-14,0.0027,0.0012,-0.0006,0.0
1949-07-15,-0.0026,0.0,0.0005,0.0
1949-07-18,0.0031,-0.0009,-0.0002,0.0
1949-07-19,0.0073,-0.0026,0.0048,0.0
1949-07-20,0.0040999999999999995,0.002,0.0005,0.0
1949-07-21,-0.0039000000000000003,0.0017000000000000001,-0.0029,0.0
1949-07-22,0.0002,-0.0002,-0.0015,0.0
1949-07-25,0.0027,0.0021,0.0015,0.0
1949-07-26,0.0058,-0.0009,0.0028000000000000004,0.0
1949-07-27,0.0014000000000000002,0.0,-0.0025,0.0
1949-07-28,-0.0017000000000000001,-0.0009,-0.0066,0.0
1949-07-29,-0.0009,0.0006,-0.0022,0.0
1949-08-01,0.0052,-0.004,-0.0001,0.0
1949-08-02,0.0031,0.0003,0.0025,0.0
1949-08-03,-0.0001,-0.0003,-0.0007000000000000001,0.0
1949-08-04,-0.0003,-0.0004,-0.0016,0.0
1949-08-05,0.011399999999999999,-0.004699999999999999,0.0069,0.0
1949-08-08,0.010700000000000001,0.0059,0.0026,0.0
1949-08-09,-0.0037,0.0044,-0.0003,0.0
1949-08-10,0.0060999999999999995,0.0031,0.0034999999999999996,0.0
1949-08-11,-0.0025,0.0032,-0.0037,0.0
1949-08-12,-0.0027,-0.0008,-0.0024,0.0
1949-08-15,-0.0027,-0.0003,-0.0025,0.0
1949-08-16,0.0037,-0.0033,0.0002,0.0
1949-08-17,0.0104,-0.0014000000000000002,0.0051,0.0
1949-08-18,0.0039000000000000003,0.0013,0.0013,0.0
1949-08-19,-0.0045000000000000005,0.0029,-0.0068000000000000005,0.0
1949-08-22,-0.0034999999999999996,-0.0011,-0.0004,0.0
1949-08-23,-0.012199999999999999,0.0016,-0.004,0.0
1949-08-24,0.0009,0.0001,-0.0007000000000000001,0.0
1949-08-25,0.0026,0.0005,0.0001,0.0
1949-08-26,0.0018,-0.0022,-0.0015,0.0
1949-08-29,-0.0069,0.0008,-0.0051,0.0
1949-08-30,0.0038,-0.0031,0.0006,0.0
1949-08-31,0.0014000000000000002,-0.0013,0.0016,0.0
1949-09-01,0.0069,-0.0008,0.0014000000000000002,0.0
1949-09-02,0.0005,-0.0015,0.001,0.0
1949-09-06,-0.0014000000000000002,-0.0009,-0.0045000000000000005,0.0
1949-09-07,0.0064,-0.0028000000000000004,0.0006,0.0
1949-09-08,0.0023,-0.0003,0.0004,0.0
1949-09-09,-0.0011,0.0014000000000000002,-0.003,0.0
1949-09-12,0.0083,-0.004699999999999999,0.0051,0.0
1949-09-13,0.0146,0.0034000000000000002,0.0102,0.0
1949-09-14,-0.001,0.0036,-0.0016,0.0
1949-09-15,-0.0052,0.0021,-0.006999999999999999,0.0
1949-09-16,0.0029,0.0023,0.0038,0.0
1949-09-19,-0.0064,0.0016,-0.0029,0.0
1949-09-20,-0.022000000000000002,0.0013,-0.0055000000000000005,0.0
1949-09-21,0.0143,-0.0019,0.0073,0.0
1949-09-22,0.0060999999999999995,0.0033,0.006500000000000001,0.0
1949-09-23,0.0044,-0.0023,0.0011,0.0
1949-09-26,-0.0026,0.0009,-0.0051,0.0
1949-09-27,-0.006999999999999999,0.0025,-0.0070999999999999995,0.0
1949-09-28,0.0092,0.0021,0.0042,0.0
1949-09-29,0.0027,0.0021,-0.0022,0.0
1949-09-30,-0.0008,-0.0013,0.0002,0.0
1949-10-01,-0.0042,0.0009,-0.0008,0.0
1949-10-03,0.0049,-0.0017000000000000001,-0.0015,0.0
1949-10-04,0.0083,0.0032,-0.002,0.0
1949-10-05,0.004,0.0033,0.0023,0.0
1949-10-06,0.003,0.0013,0.0018,0.0
1949-10-07,0.0013,0.0012,-0.0017000000000000001,0.0
1949-10-08,0.001,0.0043,0.0014000000000000002,0.0
1949-10-10,-0.0011,0.0018,0.0009,0.0
1949-10-11,0.0083,-0.0019,0.0066,0.0
1949-10-13,0.0004,0.0004,0.0013,0.0
1949-10-14,-0.0025,-0.0003,-0.0023,0.0
1949-10-15,-0.0009,0.004,-0.0017000000000000001,0.0
1949-10-17,-0.009899999999999999,-0.0034000000000000002,-0.0046,0.0
1949-10-18,0.0078000000000000005,0.0017000000000000001,0.0036,0.0
1949-10-19,0.0043,0.0006,0.0012,0.0
1949-10-20,-0.0013,-0.0019,-0.0013,0.0
1949-10-21,-0.0009,0.0015,0.0,0.0
1949-10-22,0.0003,0.0004,0.0004,0.0
1949-10-24,0.0,0.0016,-0.0014000000000000002,0.0
1949-10-25,0.0044,-0.0011,0.001,0.0
1949-10-26,0.0084,-0.001,0.0014000000000000002,0.0
1949-10-27,0.0044,0.0017000000000000001,0.0034999999999999996,0.0
1949-10-28,-0.0052,-0.0024,-0.0073,0.0
1949-10-29,0.0003,-0.0033,-0.0013,0.0
1949-10-31,-0.0039000000000000003,-0.0006,-0.0038,0.0
1949-11-01,0.0074,-0.003,0.0007000000000000001,0.0
1949-11-02,0.0092,-0.0052,0.0036,0.0
1949-11-03,-0.0017000000000000001,0.0007000000000000001,-0.0004,0.0
1949-11-04,0.0001,-0.0008,0.0022,0.0
1949-11-05,0.0014000000000000002,0.0005,0.0002,0.0
1949-11-07,-0.0021,0.0008,-0.0019,0.0
1949-11-09,-0.0007000000000000001,-0.0013,-0.0101,0.0
1949-11-10,-0.001,-0.0026,-0.0013,0.0
1949-11-12,0.0,0.0007000000000000001,-0.0016,0.0
1949-11-14,-0.0067,-0.0007000000000000001,-0.0037,0.0
1949-11-15,-0.0062,-0.0023,-0.0033,0.0
1949-11-16,0.0054,0.0001,0.0013,0.0
1949-11-17,0.0077,0.0008,-0.0008,0.0
1949-11-18,0.0104,-0.0027,0.0031,0.0
1949-11-19,0.0021,0.0045000000000000005,0.0014000000000000002,0.0
1949-11-21,-0.005699999999999999,0.0009,-0.0011,0.0
1949-11-22,0.0031,-0.0012,0.0022,0.0
1949-11-23,0.0018,-0.0011,0.0009,0.0
1949-11-25,-0.0055000000000000005,0.0019,-0.0025,0.0
1949-11-26,0.0011,-0.0016,0.0014000000000000002,0.0
1949-11-28,-0.0037,0.0044,-0.0018,0.0
1949-11-29,-0.001,-0.0034000000000000002,0.003,0.0
1949-11-30,0.003,0.0013,0.0,0.0
1949-12-01,0.006,-0.0004,0.0046,0.0
1949-12-02,0.009399999999999999,0.0013,0.0079,0.0
1949-12-03,0.0067,0.0023,0.0046,0.0
1949-12-05,0.002,0.0022,-0.006999999999999999,0.0
1949-12-06,-0.0009,0.0009,-0.0026,0.0
1949-12-07,0.0012,0.0025,0.0031,0.0
1949-12-08,0.0012,0.0027,0.001,0.0
1949-12-09,-0.0001,0.0005,-0.0016,0.0
1949-12-10,0.0015,0.0008,-0.0019,0.0
1949-12-12,0.005699999999999999,-0.0022,0.0032,0.0
1949-12-13,0.006,0.0019,0.0027,0.0
1949-12-14,0.0036,0.0024,0.0034999999999999996,0.0
1949-12-15,0.0022,-0.0022,-0.0011,0.0
1949-12-16,-0.0007000000000000001,0.0034999999999999996,0.0003,0.0
1949-12-17,-0.0004,0.0014000000000000002,0.0011,0.0
1949-12-19,-0.002,-0.001,-0.0003,0.0
1949-12-20,-0.0054,-0.0001,-0.0074,0.0
1949-12-21,-0.0014000000000000002,-0.0024,-0.0023,0.0
1949-12-22,0.0078000000000000005,-0.0011,0.0038,0.0
1949-12-23,0.0019,0.0027,0.0005,0.0
1949-12-27,-0.0051,-0.004699999999999999,-0.0032,0.0
1949-12-28,0.0049,-0.0001,0.0032,0.0
1949-12-29,0.0021,0.002,0.0015,0.0
1949-12-30,0.004699999999999999,0.0029,0.0036,0.0
1949-12-31,-0.0007000000000000001,0.0037,-0.0005,0.0
1950-01-03,-0.0059,0.0042,0.0029,0.0
1950-01-04,0.0108,0.0040999999999999995,0.011699999999999999,0.0
1950-01-05,0.0040999999999999995,0.0069,-0.0012,0.0
1950-01-06,0.0024,0.0043,0.0008,0.0
1950-01-07,0.0064,0.0058,0.0045000000000000005,0.0
1950-01-09,0.0013,0.0064,0.0045000000000000005,0.0
1950-01-10,-0.0034999999999999996,0.0,0.002,0.0
1950-01-11,0.0042,0.0048,0.0029,0.0
1950-01-12,-0.0182,-0.0067,-0.0178,0.0
1950-01-13,-0.005,-0.0019,0.0043,0.0
1950-01-14,0.0015,0.0083,-0.0006,0.0
1950-01-16,0.0018,-0.0016,-0.0007000000000000001,0.0
1950-01-17,0.0075,0.0018,-0.0008,0.0
1950-01-18,-0.0007000000000000001,-0.001,0.0017000000000000001,0.0
1950-01-19,0.0018,-0.0034000000000000002,0.0005,0.0
1950-01-20,0.0023,0.0007000000000000001,-0.0044,0.0
1950-01-21,0.0011,-0.0017000000000000001,0.0002,0.0
1950-01-23,-0.0019,-0.0013,0.0006,0.0
1950-01-24,-0.0032,-0.0003,-0.006,0.0
1950-01-25,-0.006,-0.0022,-0.0034000000000000002,0.0
1950-01-26,0.0014000000000000002,0.0037,0.0031,0.0
1950-01-27,0.0036,0.0014000000000000002,-0.0014000000000000002,0.0
1950-01-28,0.0032,0.0023,-0.0016,0.0
1950-01-30,0.0067,-0.0007000000000000001,0.003,0.0
1950-01-31,0.0014000000000000002,-0.0009,-0.002,0.0
1950-02-01,0.0001,-0.0003,-0.0001,0.0
1950-02-02,0.0098,-0.0009,-0.002,0.0
1950-02-03,0.0033,-0.0037,0.003,0.0
1950-02-04,0.0024,0.0006,-0.0021,0.0
1950-02-06,-0.0023,-0.0004,-0.0001,0.0
1950-02-07,-0.0040999999999999995,-0.0038,-0.0019,0.0
1950-02-08,0.0011,0.0007000000000000001,0.0,0.0
1950-02-09,0.0043,0.0021,-0.0007000000000000001,0.0
1950-02-10,-0.0021,-0.0006,-0.0063,0.0
1950-02-11,-0.0007000000000000001,0.0043,-0.0028000000000000004,0.0
1950-02-14,-0.0062,0.0032,-0.0069,0.0
1950-02-15,0.0008,0.0022,0.0076,0.0
1950-02-16,-0.0016,-0.0009,-0.0031,0.0
1950-02-17,0.0064,0.0011,0.0048,0.0
1950-02-18,0.0043,0.0022,0.0044,0.0
1950-02-20,-0.0013,-0.0007000000000000001,0.0006,0.0
1950-02-21,-0.0015,-0.0013,-0.0005,0.0
1950-02-23,0.0015,-0.0012,-0.0021,0.0
1950-02-24,0.0034999999999999996,0.0003,0.0003,0.0
1950-02-25,-0.0008,0.0004,0.0011,0.0
1950-02-27,0.0014000000000000002,-0.0015,-0.0006,0.0
1950-02-28,-0.0034000000000000002,-0.0015,-0.0002,0.0
1950-03-01,0.0034000000000000002,-0.0005,0.0025,0.0
1950-03-02,0.0004,-0.0005,-0.0018,0.0
1950-03-03,0.0037,0.0007000000000000001,0.005,0.0
1950-03-04,0.0027,0.0022,0.0011,0.0
1950-03-06,0.0006,-0.0011,-0.0022,0.0
1950-03-07,-0.0067,-0.006,-0.0018,0.0
1950-03-08,0.0019,-0.0017000000000000001,0.0012,0.0
1950-03-09,-0.0062,0.0001,-0.0032,0.0
1950-03-10,-0.0006,-0.0022,-0.0033,0.0
1950-03-11,0.0026,0.0021,0.0023,0.0
1950-03-13,-0.0005,0.0002,-0.0029,0.0
1950-03-14,0.0053,-0.0029,0.0011,0.0
1950-03-15,0.0132,0.0007000000000000001,0.0069,0.0
1950-03-16,0.0028000000000000004,0.0009,0.0002,0.0
1950-03-17,-0.0018,-0.0038,-0.0046,0.0
1950-03-18,0.002,-0.0006,0.002,0.0
1950-03-20,-0.0014000000000000002,0.0005,-0.0001,0.0
1950-03-21,0.0004,-0.0023,-0.0028000000000000004,0.0
1950-03-22,0.0055000000000000005,-0.0034000000000000002,0.001,0.0
1950-03-23,0.0007000000000000001,-0.0023,-0.0033,0.0
1950-03-24,-0.0003,-0.0034000000000000002,-0.0048,0.0
1950-03-25,0.0027,0.0038,-0.0034000000000000002,0.0
1950-03-27,-0.0083,-0.0009,-0.0085,0.0
1950-03-28,0.003,0.001,-0.001,0.0
1950-03-29,-0.0034999999999999996,0.0001,-0.0003,0.0
1950-03-30,-0.009300000000000001,0.0031,-0.0078000000000000005,0.0
1950-03-31,0.0004,0.002,0.0011,0.0
1950-04-01,0.0027,0.0027,0.0062,0.0
1950-04-03,0.0087,-0.0021,0.0033,0.0
1950-04-04,0.0017000000000000001,-0.0016,-0.0002,0.0
1950-04-05,0.0033,-0.001,-0.0036,0.0
1950-04-06,0.009300000000000001,0.001,0.0014000000000000002,0.0
1950-04-08,0.0024,0.0008,0.0002,0.0
1950-04-10,0.0006,-0.0002,0.001,0.0
1950-04-11,-0.005600000000000001,-0.0017000000000000001,-0.0073,0.0
1950-04-12,0.0095,0.0039000000000000003,0.0034999999999999996,0.0
1950-04-13,0.0012,0.002,-0.0014000000000000002,0.0
1950-04-14,-0.0014000000000000002,0.0023,-0.0091,0.0
1950-04-15,-0.0043,0.0007000000000000001,-0.0018,0.0
1950-04-17,-0.0007000000000000001,0.0021,0.0034999999999999996,0.0
1950-04-18,0.004,-0.0040999999999999995,0.0088,0.0
1950-04-19,0.0013,0.0039000000000000003,0.0003,0.0
1950-04-20,-0.0069,0.0015,-0.0042,0.0
1950-04-21,0.0034000000000000002,0.005699999999999999,0.0007000000000000001,0.0
1950-04-22,0.001,0.002,0.0025,0.0
1950-04-24,-0.0077,-0.0002,-0.0003,0.0
1950-04-25,0.0002,-0.0005,0.0021,0.0
1950-04-26,-0.0017000000000000001,-0.0027,0.0006,0.0
1950-04-27,0.0058,0.0003,0.0044,0.0
1950-04-28,0.0062,0.0027,-0.0011,0.0
1950-04-29,0.0059,0.0019,0.0034999999999999996,0.0
1950-05-01,0.0058,-0.0002,0.0027,0.0
1950-05-02,-0.0045000000000000005,-0.0042,-0.0017000000000000001,0.0
1950-05-03,0.006999999999999999,-0.0005,0.0045000000000000005,0.0
1950-05-04,-0.005600000000000001,-0.0053,0.0005,0.0
1950-05-05,0.0043,0.0004,0.0036,0.0
1950-05-06,0.0055000000000000005,-0.0023,0.0034999999999999996,0.0
1950-05-08,-0.0003,0.0001,-0.0006,0.0
1950-05-09,0.0037,0.0001,0.0017000000000000001,0.0
1950-05-10,0.0,-0.0037,-0.0024,0.0
1950-05-11,0.0023,-0.0024,0.003,0.0
1950-05-12,-0.0040999999999999995,0.0019,-0.0049,0.0
1950-05-13,0.0016,0.0028000000000000004,-0.0011,0.0
1950-05-15,0.0018,-0.0005,0.0016,0.0
1950-05-16,0.0073,-0.0019,0.0034999999999999996,0.0
1950-05-17,0.004,-0.0009,-0.0012,0.0
1950-05-18,0.0033,-0.0023,-0.002,0.0
1950-05-19,0.0062,-0.0016,0.0053,0.0
1950-05-20,0.002,0.0009,0.0009,0.0
1950-05-22,-0.0045000000000000005,0.0002,-0.0058,0.0
1950-05-23,0.0033,-0.0012,-0.0006,0.0
1950-05-24,-0.0011,-0.0011,-0.005699999999999999,0.0
1950-05-25,-0.0003,-0.0024,0.0024,0.0
1950-05-26,-0.0001,-0.0004,0.0023,0.0
1950-05-27,-0.0005,0.0005,0.0013,0.0
1950-05-29,0.0033,0.0002,-0.002,0.0
1950-05-31,0.0021,0.0031,-0.0042,0.0
1950-06-01,-0.0011,-0.0015,-0.0024,0.0
1950-06-02,0.0004,-0.0004,-0.0018,0.0
1950-06-05,-0.0086,-0.004699999999999999,-0.0054,0.0
1950-06-06,0.0070999999999999995,-0.0053,-0.0015,0.0
1950-06-07,0.0043,0.0054,-0.0001,0.0
1950-06-08,0.008100000000000001,-0.0018,0.0014000000000000002,0.0
1950-06-09,0.005600000000000001,-0.0038,0.0040999999999999995,0.0
1950-06-12,0.0046,-0.005,0.0001,0.0
1950-06-13,-0.0051,-0.0014000000000000002,0.0011,0.0
1950-06-14,-0.0113,0.0019,-0.0034999999999999996,0.0
1950-06-15,-0.0003,-0.0004,0.0028000000000000004,0.0
1950-06-16,0.0002,0.0014000000000000002,0.0005,0.0
1950-06-19,-0.0038,0.0019,-0.0045000000000000005,0.0
1950-06-20,-0.0028000000000000004,-0.0012,-0.0023,0.0
1950-06-21,0.0087,0.0018,0.0038,0.0
1950-06-22,0.0075,-0.0014000000000000002,0.0019,0.0
1950-06-23,0.0008,-0.0012,0.0021,0.0
1950-06-26,-0.0526,-0.0017000000000000001,-0.013300000000000001,0.0
1950-06-27,-0.0104,-0.0169,0.0025,0.0
1950-06-28,0.0125,0.0102,0.006999999999999999,0.0
1950-06-29,-0.0355,0.0034999999999999996,-0.0070999999999999995,0.0
1950-06-30,0.0131,-0.004699999999999999,0.0077,0.0
1950-07-03,-0.0055000000000000005,0.0012,-0.0031,0.0
1950-07-05,0.0084,-0.0067,0.0102,0.0
1950-07-06,0.0069,0.0044,0.0039000000000000003,0.0
1950-07-07,-0.0113,0.0026,-0.0009,0.0
1950-07-10,-0.0049,-0.0022,0.0159,0.0
1950-07-11,-0.0144,0.0063,0.0241,0.0
1950-07-12,-0.024,0.001,0.0048,0.0
1950-07-13,-0.0098,-0.0017000000000000001,0.0063,0.0
1950-07-14,0.0128,0.001,0.0016,0.0
1950-07-17,-0.0084,0.001,0.004,0.0
1950-07-18,0.0227,-0.009300000000000001,0.0075,0.0
1950-07-19,0.0172,0.0,0.005699999999999999,0.0
1950-07-20,0.0147,0.0016,0.0165,0.0
1950-07-21,0.0019,0.0042,0.0104,0.0
1950-07-24,-0.0058,0.0049,0.0092,0.0
1950-07-25,-0.013300000000000001,0.0026,0.0134,0.0
1950-07-26,0.0032,-0.0019,0.0058,0.0
1950-07-27,0.0121,0.0003,0.008,0.0
1950-07-28,0.0083,-0.0002,-0.0137,0.0
1950-07-31,0.0040999999999999995,-0.0028000000000000004,0.0008,0.0
1950-08-01,0.0079,-0.0008,-0.0012,0.0
1950-08-02,-0.0003,0.0014000000000000002,-0.0079,0.0
1950-08-03,0.0028000000000000004,0.0044,0.0019,0.0
1950-08-04,0.0052,-0.0004,-0.0009,0.0
1950-08-07,0.0116,-0.0040999999999999995,0.0024,0.0
1950-08-08,0.002,-0.0021,-0.0102,0.0
1950-08-09,0.005600000000000001,-0.0036,0.0005,0.0
1950-08-10,0.0021,0.0003,-0.0008,0.0
1950-08-11,-0.005699999999999999,0.0018,-0.0033,0.0
1950-08-14,0.0013,0.0014000000000000002,0.0026,0.0
1950-08-15,0.0026,0.0022,0.0021,0.0
1950-08-16,0.0031,0.0013,0.0055000000000000005,0.0
1950-08-17,0.01,-0.0015,0.0044,0.0
1950-08-18,0.0058,-0.0012,0.0004,0.0
1950-08-21,0.0015,0.0031,-0.0067,0.0
1950-08-22,-0.0018,-0.0017000000000000001,-0.0025,0.0
1950-08-23,0.0072,0.0,0.005699999999999999,0.0
1950-08-24,0.0001,0.003,-0.0029,0.0
1950-08-25,-0.011699999999999999,0.0021,-0.0029,0.0
1950-08-28,0.0002,0.0022,0.0031,0.0
1950-08-29,0.0023,-0.0002,0.0003,0.0
1950-08-30,-0.0029,-0.0008,-0.0032,0.0
1950-08-31,-0.0012,0.0004,0.0006,0.0
1950-09-01,0.005,-0.0027,0.0014000000000000002,0.0001
1950-09-05,0.004699999999999999,-0.0026,-0.0014000000000000002,0.0001
1950-09-06,-0.005600000000000001,0.0002,-0.0013,0.0001
1950-09-07,0.0036,-0.0007000000000000001,0.0033,0.0001
1950-09-08,0.008,0.0019,0.0029,0.0001
1950-09-11,-0.0066,0.0005,-0.0021,0.0001
1950-09-12,0.0113,-0.0034000000000000002,0.0111,0.0001
1950-09-13,0.0105,0.0018,0.002,0.0001
1950-09-14,0.0044,0.0002,0.0040999999999999995,0.0001
1950-09-15,0.0039000000000000003,-0.0009,-0.0049,0.0001
1950-09-18,0.0027,-0.0031,-0.0045000000000000005,0.0001
1950-09-19,-0.0033,-0.0005,-0.0027,0.0001
1950-09-20,-0.005,0.0015,-0.0009,0.0001
1950-09-21,0.008100000000000001,0.0005,0.0051,0.0001
1950-09-22,0.0054,0.0031,0.0018,0.0001
1950-09-25,-0.002,0.0040999999999999995,-0.005,0.0001
1950-09-26,-0.012199999999999999,0.0029,-0.0148,0.0001
1950-09-27,0.0126,-0.0017000000000000001,-0.0022,0.0001
1950-09-28,0.0012,0.0019,-0.001,0.0001
1950-09-29,0.0009,0.0025,-0.0008,0.0001
1950-10-02,0.0095,-0.0009,0.0088,0.0
1950-10-03,-0.0021,-0.0002,-0.0005,0.0
1950-10-04,0.0121,-0.0039000000000000003,0.002,0.0
1950-10-05,-0.0034999999999999996,0.0028000000000000004,-0.0036,0.0
1950-10-06,0.008,-0.004699999999999999,0.0059,0.0
1950-10-07,0.0029,0.0009,0.0024,0.0
1950-10-09,-0.0083,-0.0011,-0.0058,0.0
1950-10-10,-0.0072,0.0049,-0.0001,0.0
1950-10-11,0.0053,0.0002,0.0078000000000000005,0.0
1950-10-13,0.001,0.0017000000000000001,0.0018,0.0
1950-10-14,-0.0046,-0.0011,0.0,0.0
1950-10-16,-0.0005,0.0006,0.0002,0.0
1950-10-17,0.0077,0.001,0.005600000000000001,0.0
1950-10-18,0.0064,0.0009,0.0037,0.0
1950-10-19,-0.0002,0.0012,-0.0007000000000000001,0.0
1950-10-20,-0.0017000000000000001,-0.0006,-0.0039000000000000003,0.0
1950-10-21,0.0024,0.0007000000000000001,0.0009,0.0
1950-10-23,-0.0007000000000000001,0.0014000000000000002,0.0022,0.0
1950-10-24,0.0021,0.0,-0.0032,0.0
1950-10-25,-0.0013,0.0,0.0,0.0
1950-10-26,-0.0208,-0.0027,-0.0095,0.0
1950-10-27,0.005699999999999999,-0.0012,0.0045000000000000005,0.0
1950-10-28,0.0019,0.0002,0.0067,0.0
1950-10-30,-0.0091,-0.0001,-0.0104,0.0
1950-10-31,-0.0063,-0.0067,-0.0004,0.0
1950-11-01,0.0040999999999999995,-0.0003,0.0043,0.0
1950-11-02,0.009300000000000001,0.0001,0.0016,0.0
1950-11-03,0.0033,-0.0034000000000000002,-0.003,0.0
1950-11-04,-0.0034000000000000002,0.0003,-0.0032,0.0
1950-11-06,-0.0217,-0.0049,-0.0077,0.0
1950-11-08,0.0147,0.003,0.0066,0.0
1950-11-09,0.013300000000000001,-0.0019,0.0095,0.0
1950-11-10,0.0073,-0.0034000000000000002,0.0013,0.0
1950-11-13,0.0043,-0.0007000000000000001,0.0029,0.0
1950-11-14,0.0024,-0.0024,0.0027,0.0
1950-11-15,-0.0016,0.0023,-0.0005,0.0
1950-11-16,-0.002,-0.0003,0.0031,0.0
1950-11-17,0.0083,-0.0017000000000000001,0.0131,0.0
1950-11-18,0.005,0.0006,0.0024,0.0
1950-11-20,0.0002,0.0012,0.0002,0.0
1950-11-21,-0.0001,0.0014000000000000002,0.0002,0.0
1950-11-22,0.0106,-0.0024,0.0033,0.0
1950-11-24,0.0074,-0.0002,-0.0015,0.0
1950-11-25,-0.0009,0.002,-0.0028000000000000004,0.0
1950-11-27,-0.003,0.0017000000000000001,0.0003,0.0
1950-11-28,-0.0281,-0.0017000000000000001,-0.0111,0.0
1950-11-29,-0.0086,0.0027,0.008199999999999999,0.0
1950-11-30,0.0075,-0.0008,0.0023,0.0
1950-12-01,0.0076,-0.0016,0.0074,0.0
1950-12-02,-0.0060999999999999995,0.0026,-0.0031,0.0
1950-12-04,-0.0277,-0.0012,-0.0116,0.0
1950-12-05,0.0154,-0.0026,0.0158,0.0
1950-12-06,0.0086,-0.0005,0.0087,0.0
1950-12-07,-0.0017000000000000001,-0.0011,0.0006,0.0
1950-12-08,0.0027,0.0015,0.012,0.0
1950-12-09,0.0037,0.0019,0.0055000000000000005,0.0
1950-12-11,0.009300000000000001,-0.0033,0.0026,0.0
1950-12-12,0.0006,-0.0003,-0.0015,0.0
1950-12-13,0.0003,-0.0040999999999999995,0.0007000000000000001,0.0
1950-12-14,-0.0104,0.0034000000000000002,-0.0040999999999999995,0.0
1950-12-15,-0.004,0.0024,0.0084,0.0
1950-12-16,0.0158,-0.0025,0.0178,0.0
1950-12-18,0.0103,0.0012,0.0079,0.0
1950-12-19,0.0053,0.001,0.0066,0.0
1950-12-20,0.0027,0.0070999999999999995,0.0018,0.0
1950-12-21,0.0013,0.0052,-0.0038,0.0
1950-12-22,0.0034000000000000002,0.0032,-0.0027,0.0
1950-12-26,-0.0079,-0.0033,-0.0052,0.0
1950-12-27,0.019799999999999998,0.0012,0.0079,0.0
1950-12-28,0.0053,0.0019,0.006,0.0
1950-12-29,-0.0005,0.0014000000000000002,-0.005699999999999999,0.0
1950-12-30,0.0014000000000000002,0.0014000000000000002,-0.002,0.0
1951-01-02,0.015700000000000002,0.0003,0.0078000000000000005,0.0
1951-01-03,-0.0028000000000000004,0.0007000000000000001,-0.0018,0.0
1951-01-04,0.0069,0.0023,0.0103,0.0
1951-01-05,0.0004,0.0001,-0.0003,0.0
1951-01-06,-0.0008,0.0022,-0.0044,0.0
1951-01-08,0.0048,0.002,0.0038,0.0
1951-01-09,0.005600000000000001,0.0036,0.0016,0.0
1951-01-10,-0.0132,-0.005,-0.0121,0.0
1951-01-11,0.016,0.0037,0.0131,0.0
1951-01-12,-0.003,-0.0015,-0.0043,0.0
1951-01-13,0.0009,-0.0004,0.0009,0.0
1951-01-15,0.0053,0.001,0.0043,0.0
1951-01-16,0.0069,-0.0003,0.0054,0.0
1951-01-17,0.0055000000000000005,-0.0018,0.0033,0.0
1951-01-18,-0.0029,0.0042,-0.0007000000000000001,0.0
1951-01-19,-0.0013,0.0024,-0.0036,0.0
1951-01-20,0.0015,0.0021,-0.0007000000000000001,0.0
1951-01-22,-0.01,-0.0011,-0.0045000000000000005,0.0
1951-01-23,0.0033,0.0007000000000000001,-0.0026,0.0
1951-01-24,-0.003,0.0006,-0.0028000000000000004,0.0
1951-01-25,-0.0068000000000000005,-0.0027,-0.003,0.0
1951-01-26,0.01,0.0048,0.0113,0.0
1951-01-27,0.0104,0.0023,0.008100000000000001,0.0
1951-01-29,0.0069,-0.0026,0.0055000000000000005,0.0
1951-01-30,0.0024,-0.0048,0.0026,0.0
1951-01-31,-0.0026,0.0034999999999999996,-0.0011,0.0
1951-02-01,0.006,0.001,0.0018,0.0
1951-02-02,0.0075,0.0009,-0.003,0.0
1951-02-03,0.0037,0.0002,-0.0008,0.0
1951-02-05,0.0034000000000000002,-0.0037,-0.0001,0.0
1951-02-06,-0.0034000000000000002,0.0006,-0.0040999999999999995,0.0
1951-02-07,-0.0027,0.001,0.0004,0.0
1951-02-08,0.0053,0.0008,0.0012,0.0
1951-02-09,0.0046,0.001,0.0008,0.0
1951-02-10,0.0014000000000000002,0.0003,0.002,0.0
1951-02-13,0.001,-0.0034999999999999996,-0.0029,0.0
1951-02-14,-0.003,-0.0017000000000000001,-0.0019,0.0
1951-02-15,-0.0022,0.0025,-0.005,0.0
1951-02-16,0.0039000000000000003,0.001,0.001,0.0
1951-02-17,0.0007000000000000001,0.0008,-0.0001,0.0
1951-02-19,-0.011699999999999999,0.0017000000000000001,-0.0089,0.0
1951-02-20,-0.0021,-0.0003,0.0032,0.0
1951-02-21,0.0044,0.0014000000000000002,0.0003,0.0
1951-02-23,0.0025,0.0013,-0.0016,0.0
1951-02-24,0.002,-0.0002,0.0005,0.0
1951-02-26,-0.0001,0.0012,-0.0034999999999999996,0.0
1951-02-27,-0.0084,-0.0027,-0.0083,0.0
1951-02-28,0.0015,-0.0019,0.0015,0.0
1951-03-01,0.0033,-0.0006,0.0042,0.0
1951-03-02,0.0042,0.0014000000000000002,0.0003,0.0
1951-03-03,-0.0003,0.0018,-0.0022,0.0
1951-03-05,-0.0055000000000000005,0.0003,-0.0045000000000000005,0.0
1951-03-06,-0.0019,-0.0018,-0.0032,0.0
1951-03-07,0.004,0.0,0.0009,0.0
1951-03-08,0.0034000000000000002,0.0019,-0.003,0.0
1951-03-09,0.0006,0.0019,-0.0014000000000000002,0.0
1951-03-10,-0.002,0.0014000000000000002,0.0004,0.0
1951-03-12,-0.0095,-0.0032,-0.0048,0.0
1951-03-13,-0.015700000000000002,-0.0022,-0.0139,0.0
1951-03-14,-0.0086,0.0021,-0.0007000000000000001,0.0
1951-03-15,0.0012,-0.0032,-0.0025,0.0
1951-03-16,0.0161,0.0024,0.008100000000000001,0.0
1951-03-17,0.0021,0.0017000000000000001,-0.0012,0.0
1951-03-19,-0.0055000000000000005,-0.0001,-0.0027,0.0
1951-03-20,-0.0016,-0.0009,-0.004699999999999999,0.0
1951-03-21,0.005699999999999999,0.0004,0.0027,0.0
1951-03-22,0.0033,-0.0027,-0.002,0.0
1951-03-24,-0.0108,-0.0002,-0.009899999999999999,0.0
1951-03-26,0.0009,-0.0034999999999999996,0.0004,0.0
1951-03-27,0.0006,0.0009,-0.0016,0.0
1951-03-28,-0.0113,-0.0053,-0.006999999999999999,0.0
1951-03-29,0.0026,-0.0003,0.0016,0.0
1951-03-30,0.0062,-0.0008,0.003,0.0
1951-03-31,-0.0027,0.0019,0.0006,0.0
1951-04-02,-0.0053,-0.0031,-0.004,0.0001
1951-04-03,-0.0021,0.0018,0.0008,0.0001
1951-04-04,0.0045000000000000005,-0.0044,0.008,0.0001
1951-04-05,0.013999999999999999,0.0001,0.011000000000000001,0.0001
1951-04-06,0.0034999999999999996,0.0017000000000000001,0.0017000000000000001,0.0001
1951-04-07,-0.0009,0.0018,-0.0042,0.0001
1951-04-09,0.0004,0.0005,-0.0004,0.0001
1951-04-10,-0.0018,0.0007000000000000001,-0.0034000000000000002,0.0001
1951-04-11,-0.0017000000000000001,-0.002,-0.0053,0.0001
1951-04-12,0.0097,-0.0011,0.006999999999999999,0.0001
1951-04-13,0.0128,-0.0027,0.009300000000000001,0.0001
1951-04-14,0.0039000000000000003,0.0005,0.0042,0.0001
1951-04-16,-0.005,-0.0012,-0.0003,0.0001
1951-04-17,0.0015,0.0004,0.0002,0.0001
1951-04-18,0.0037,0.0001,0.0001,0.0001
1951-04-19,-0.0046,-0.0004,-0.0001,0.0001
1951-04-20,-0.0005,0.0004,-0.0023,0.0001
1951-04-21,0.0002,-0.0001,0.0025,0.0001
1951-04-23,-0.0004,-0.0015,-0.0008,0.0001
1951-04-24,-0.0045000000000000005,0.0002,-0.0038,0.0001
1951-04-25,0.0014000000000000002,-0.0018,0.0037,0.0001
1951-04-26,0.0087,-0.0006,0.006500000000000001,0.0001
1951-04-27,0.0091,-0.0031,0.0053,0.0001
1951-04-28,0.0016,0.0009,0.0,0.0001
1951-04-30,-0.0003,-0.0016,-0.0040999999999999995,0.0001
1951-05-01,0.0032,-0.0017000000000000001,0.0012,0.0
1951-05-02,0.0028000000000000004,-0.0009,0.0009,0.0
1951-05-03,0.0073,-0.0045000000000000005,0.0087,0.0
1951-05-04,0.0005,-0.0002,-0.0021,0.0
1951-05-05,-0.0029,0.0019,-0.0003,0.0
1951-05-07,-0.002,-0.0007000000000000001,-0.004,0.0
1951-05-08,0.0034999999999999996,-0.0008,-0.0016,0.0
1951-05-09,0.0022,-0.0003,0.004,0.0
1951-05-10,-0.0051,0.0022,-0.0031,0.0
1951-05-11,-0.0052,0.0026,-0.0019,0.0
1951-05-12,-0.005600000000000001,0.0016,-0.0015,0.0
1951-05-14,-0.0008,-0.0003,-0.0001,0.0
1951-05-15,-0.015300000000000001,0.0007000000000000001,-0.0040999999999999995,0.0
1951-05-16,-0.0031,0.0016,0.0023,0.0
1951-05-17,0.0097,-0.0022,0.0034999999999999996,0.0
1951-05-18,-0.0159,0.002,-0.0137,0.0
1951-05-19,0.0007000000000000001,-0.0015,-0.0005,0.0
1951-05-21,-0.0042,-0.0006,-0.0053,0.0
1951-05-22,-0.0031,0.0009,-0.0012,0.0
1951-05-23,-0.0064,0.0022,-0.0046,0.0
1951-05-24,-0.0040999999999999995,-0.0011,-0.0003,0.0
1951-05-25,0.0009,0.0052,0.0012,0.0
1951-05-26,0.0018,-0.0003,-0.0002,0.0
1951-05-28,0.0051,-0.0006,0.0024,0.0
1951-05-29,0.0073,-0.0034000000000000002,0.0031,0.0
1951-05-31,0.0055000000000000005,-0.0029,0.0033,0.0
1951-06-01,-0.0015,-0.0024,-0.0004,0.0001
1951-06-04,-0.0096,0.0009,-0.0092,0.0001
1951-06-05,0.0017000000000000001,-0.001,0.0015,0.0001
1951-06-06,0.0089,-0.0006,0.0062,0.0001
1951-06-07,0.005,0.0006,0.004699999999999999,0.0001
1951-06-08,-0.0019,-0.001,-0.002,0.0001
1951-06-11,0.005,-0.0025,0.0042,0.0001
1951-06-12,-0.0040999999999999995,0.0016,-0.0063,0.0001
1951-06-13,0.0008,-0.0025,-0.0029,0.0001
1951-06-14,0.0095,-0.0043,0.0034999999999999996,0.0001
1951-06-15,0.006500000000000001,-0.0044,0.0034000000000000002,0.0001
1951-06-18,-0.0005,-0.0022,-0.0032,0.0001
1951-06-19,-0.0011,-0.0022,0.0004,0.0001
1951-06-20,-0.0045000000000000005,0.0031,-0.0044,0.0001
1951-06-21,-0.005600000000000001,0.0003,-0.0026,0.0001
1951-06-22,-0.0079,0.0014000000000000002,-0.0033,0.0001
1951-06-25,-0.015300000000000001,-0.0042,-0.0149,0.0001
1951-06-26,0.0023,0.0019,-0.0024,0.0001
1951-06-27,0.0045000000000000005,-0.0008,0.0023,0.0001
1951-06-28,-0.0109,-0.0023,-0.006999999999999999,0.0001
1951-06-29,-0.0074,0.0003,-0.0084,0.0001
1951-07-02,0.006,-0.003,0.0034000000000000002,0.0001
1951-07-03,0.006999999999999999,0.0013,0.0031,0.0001
1951-07-05,0.0155,-0.0033,0.005699999999999999,0.0001
1951-07-06,0.0,0.0013,-0.0032,0.0001
1951-07-09,0.0023,-0.0025,-0.0017000000000000001,0.0001
1951-07-10,-0.0037,-0.0002,-0.002,0.0001
1951-07-11,0.0021,-0.0003,0.0046,0.0001
1951-07-12,0.0044,-0.0014000000000000002,-0.0006,0.0001
1951-07-13,0.0069,-0.0015,-0.0003,0.0001
1951-07-16,-0.0074,0.0023,-0.006500000000000001,0.0001
1951-07-17,0.006500000000000001,-0.0066,0.0017000000000000001,0.0001
1951-07-18,-0.0004,0.0009,-0.0017000000000000001,0.0001
1951-07-19,0.0008,0.001,-0.0007000000000000001,0.0001
1951-07-20,0.0016,0.0017000000000000001,0.0037,0.0001
1951-07-23,0.0084,-0.005600000000000001,0.0037,0.0001
1951-07-24,0.012,-0.0067,0.0064,0.0001
1951-07-25,-0.0018,0.0034000000000000002,0.0017000000000000001,0.0001
1951-07-26,0.005,0.0007000000000000001,0.0022,0.0001
1951-07-27,0.0028000000000000004,-0.0005,0.0016,0.0001
1951-07-30,0.0059,-0.0043,-0.0024,0.0001
1951-07-31,-0.0064,0.004,0.0003,0.0001
1951-08-01,0.0067,0.0001,0.008199999999999999,0.0001
1951-08-02,0.0103,-0.001,0.0004,0.0001
1951-08-03,0.0016,-0.0001,-0.0032,0.0001
1951-08-06,0.0066,-0.0040999999999999995,0.0036,0.0001
1951-08-07,-0.0003,0.0021,-0.0022,0.0001
1951-08-08,-0.0017000000000000001,0.0016,-0.0022,0.0001
1951-08-09,-0.0036,0.003,-0.0017000000000000001,0.0001
1951-08-10,-0.0017000000000000001,0.0,-0.0032,0.0001
1951-08-13,0.0012,0.0025,-0.0034000000000000002,0.0001
1951-08-14,-0.0008,-0.0011,-0.0004,0.0001
1951-08-15,0.0039000000000000003,-0.0014000000000000002,0.0058,0.0001
1951-08-16,0.0052,0.001,0.0003,0.0001
1951-08-17,0.0028000000000000004,0.0011,0.0018,0.0001
1951-08-20,-0.0007000000000000001,0.0005,-0.0033,0.0001
1951-08-21,-0.0038,0.0006,-0.0033,0.0001
1951-08-22,-0.0046,0.0016,-0.0042,0.0001
1951-08-23,0.0062,-0.0011,0.0025,0.0001
1951-08-24,0.0002,0.0014000000000000002,0.0007000000000000001,0.0001
1951-08-27,-0.0015,0.0003,-0.0032,0.0001
1951-08-28,0.0009,0.0021,0.0012,0.0001
1951-08-29,0.0077,-0.0008,0.0012,0.0001
1951-08-30,0.0067,-0.0006,0.0014000000000000002,0.0001
1951-08-31,0.001,0.0012,0.0018,0.0001
1951-09-04,0.001,0.0012,0.0016,0.0001
1951-09-05,0.0077,-0.0012,-0.0007000000000000001,0.0001
1951-09-06,0.0032,-0.0021,0.0034999999999999996,0.0001
1951-09-07,0.0042,-0.0017000000000000001,0.0014000000000000002,0.0001
1951-09-10,0.0043,0.0011,0.0019,0.0001
1951-09-11,-0.0046,0.0021,-0.0034999999999999996,0.0001
1951-09-12,0.0062,-0.0005,0.0034000000000000002,0.0001
1951-09-13,0.0028000000000000004,-0.0002,0.0014000000000000002,0.0001
1951-09-14,-0.0005,0.0021,-0.0008,0.0001
1951-09-17,-0.0031,0.0036,-0.0028000000000000004,0.0001
1951-09-18,-0.0008,0.0011,-0.004,0.0001
1951-09-19,0.0007000000000000001,0.005,0.0009,0.0001
1951-09-20,-0.0015,0.0026,0.0034999999999999996,0.0001
1951-09-21,-0.0075,0.0031,-0.0001,0.0001
1951-09-24,-0.0048,0.0022,0.0034999999999999996,0.0001
1951-09-25,0.0034999999999999996,-0.0009,0.0013,0.0001
1951-09-26,0.0015,0.0005,0.0,0.0001
1951-09-27,-0.0049,-0.0011,-0.0027,0.0001
1951-09-28,-0.0005,0.0015,-0.0016,0.0001
1951-10-01,0.0060999999999999995,-0.0008,0.0016,0.0001
1951-10-02,0.0066,-0.0019,0.0031,0.0001
1951-10-03,0.006,0.0026,0.0042,0.0001
1951-10-04,-0.0014000000000000002,0.0028000000000000004,-0.0008,0.0001
1951-10-05,0.0013,0.0034000000000000002,0.0025,0.0001
1951-10-06,0.0002,0.001,0.001,0.0001
1951-10-08,-0.001,0.0029,-0.004,0.0001
1951-10-09,-0.0048,0.001,-0.0004,0.0001
1951-10-10,-0.0023,0.0018,-0.0012,0.0001
1951-10-11,0.0045000000000000005,-0.0037,0.0022,0.0001
1951-10-13,0.0028000000000000004,0.0002,0.0022,0.0001
1951-10-15,0.0019,-0.0034999999999999996,-0.0009,0.0001
1951-10-16,-0.0039000000000000003,-0.0023,-0.003,0.0001
1951-10-17,-0.0026,0.0004,-0.0027,0.0001
1951-10-18,-0.0013,0.0008,0.0011,0.0001
1951-10-19,-0.013999999999999999,-0.0002,-0.0027,0.0001
1951-10-20,-0.0091,0.0029,-0.0003,0.0001
1951-10-22,-0.0182,-0.0001,0.0021,0.0001
1951-10-23,0.0064,-0.0012,0.0052,0.0001
1951-10-24,0.0072,-0.0005,0.0039000000000000003,0.0001
1951-10-25,-0.0049,-0.0005,-0.0023,0.0001
1951-10-26,-0.0075,0.0013,-0.0025,0.0001
1951-10-27,-0.0159,0.0019,-0.0062,0.0001
1951-10-29,0.0085,-0.0064,0.005600000000000001,0.0001
1951-10-30,0.0001,0.0002,-0.0022,0.0001
1951-10-31,0.0103,-0.0045000000000000005,-0.0032,0.0001
1951-11-01,0.0066,-0.0014000000000000002,0.0014000000000000002,0.0
1951-11-02,-0.0072,0.0013,-0.0034999999999999996,0.0
1951-11-03,-0.0086,0.0028000000000000004,-0.0042,0.0
1951-11-05,0.0008,-0.0018,0.001,0.0
1951-11-07,-0.0086,0.0,-0.0002,0.0
1951-11-08,0.0019,-0.0017000000000000001,0.0012,0.0
1951-11-09,0.0111,-0.0004,0.0025,0.0
1951-11-10,0.0049,0.0002,0.0006,0.0
1951-11-13,-0.0018,0.0011,-0.0023,0.0
1951-11-14,0.0027,-0.0014000000000000002,0.0015,0.0
1951-11-15,-0.0005,0.0013,0.0011,0.0
1951-11-16,-0.0011,-0.0014000000000000002,0.0036,0.0
1951-11-17,0.0003,0.0011,0.0002,0.0
1951-11-19,-0.0037,0.0015,-0.0018,0.0
1951-11-20,-0.0018,-0.0009,-0.003,0.0
1951-11-21,-0.0008,0.0008,0.0012,0.0
1951-11-23,-0.0103,0.0009,-0.0017000000000000001,0.0
1951-11-24,-0.0037,0.0014000000000000002,-0.0017000000000000001,0.0
1951-11-26,0.0059,-0.0026,0.0024,0.0
1951-11-27,0.0078000000000000005,-0.0034000000000000002,-0.0008,0.0
1951-11-28,-0.0014000000000000002,0.0032,-0.001,0.0
1951-11-29,0.0043,-0.0024,0.0015,0.0
1951-11-30,0.009399999999999999,-0.0018,0.0013,0.0
1951-12-01,0.0024,0.0001,0.001,0.0
1951-12-03,0.0034000000000000002,-0.0007000000000000001,-0.0051,0.0
1951-12-04,0.0040999999999999995,-0.0036,-0.0001,0.0
1951-12-05,0.0004,0.0017000000000000001,-0.0028000000000000004,0.0
1951-12-06,0.009000000000000001,-0.0043,0.0046,0.0
1951-12-07,0.002,-0.0014000000000000002,0.0026,0.0
1951-12-08,0.001,-0.0005,-0.0001,0.0
1951-12-10,0.0001,-0.0005,-0.001,0.0
1951-12-11,-0.004699999999999999,0.0011,-0.0036,0.0
1951-12-12,0.0012,-0.0011,-0.0018,0.0
1951-12-13,0.0029,0.0003,-0.0023,0.0
1951-12-14,-0.0002,0.0,-0.0016,0.0
1951-12-15,-0.0006,0.0011,-0.0013,0.0
1951-12-17,0.0014000000000000002,-0.002,-0.0005,0.0
1951-12-18,0.0012,-0.0024,-0.0026,0.0
1951-12-19,0.0028000000000000004,-0.0034999999999999996,0.0036,0.0
1951-12-20,0.0001,-0.0003,0.0003,0.0
1951-12-21,-0.0022,0.0001,0.0004,0.0
1951-12-22,0.0,0.0005,0.001,0.0
1951-12-24,-0.0004,0.0011,-0.0029,0.0
1951-12-26,-0.0062,0.0008,-0.0018,0.0
1951-12-27,0.0085,-0.0039000000000000003,0.0037,0.0
1951-12-28,0.0044,-0.0013,-0.0026,0.0
1951-12-29,-0.0004,0.0002,-0.0002,0.0
1951-12-31,0.0027,-0.0034000000000000002,-0.0019,0.0
1952-01-02,0.0016,0.004,0.0027,0.0001
1952-01-03,0.0014000000000000002,0.0007000000000000001,0.0028000000000000004,0.0001
1952-01-04,0.0018,0.0022,0.0009,0.0001
1952-01-05,0.0007000000000000001,0.0012,-0.0001,0.0001
1952-01-07,-0.0015,-0.0006,-0.0004,0.0001
1952-01-08,-0.0043,-0.0026,-0.0019,0.0001
1952-01-09,-0.0028000000000000004,0.0008,-0.0018,0.0001
1952-01-10,0.006,-0.0023,0.0018,0.0001
1952-01-11,0.0042,-0.0039000000000000003,0.0025,0.0001
1952-01-12,0.004,-0.0024,0.0008,0.0001
1952-01-14,0.002,-0.0037,0.0016,0.0001
1952-01-15,-0.0044,-0.0003,-0.0017000000000000001,0.0001
1952-01-16,0.0029,0.0002,0.0037,0.0001
1952-01-17,0.0039000000000000003,-0.0001,0.0005,0.0001
1952-01-18,0.0014000000000000002,-0.0007000000000000001,0.004699999999999999,0.0001
1952-01-19,0.0027,-0.0013,0.0036,0.0001
1952-01-21,0.004,-0.0043,-0.0008,0.0001
1952-01-22,0.005,-0.0031,-0.0032,0.0001
1952-01-23,-0.0034999999999999996,0.0012,-0.0016,0.0001
1952-01-24,0.0013,-0.0002,-0.0008,0.0001
1952-01-25,0.0011,0.0023,0.0001,0.0001
1952-01-26,0.0009,0.0005,-0.0011,0.0001
1952-01-28,0.0009,0.0006,0.0034999999999999996,0.0001
1952-01-29,-0.0002,0.0033,0.001,0.0001
1952-01-30,-0.0106,0.0023,-0.0001,0.0001
1952-01-31,-0.0042,-0.0002,-0.0019,0.0001
1952-02-01,0.0059,-0.0003,-0.0017000000000000001,0.0001
1952-02-02,0.0036,-0.0024,0.0012,0.0001
1952-02-04,-0.011200000000000002,0.0039000000000000003,-0.0036,0.0001
1952-02-05,-0.0026,0.0013,-0.0019,0.0001
1952-02-06,0.0032,0.0012,-0.0025,0.0001
1952-02-07,0.0017000000000000001,0.0,0.0009,0.0001
1952-02-08,0.0051,-0.0012,0.0008,0.0001
1952-02-09,0.0004,0.0022,0.0005,0.0001
1952-02-11,-0.0032,-0.0014000000000000002,0.0023,0.0001
1952-02-13,-0.0067,0.0024,-0.0017000000000000001,0.0001
1952-02-14,-0.0025,-0.0008,0.0017000000000000001,0.0001
1952-02-15,-0.0001,0.0001,-0.0013,0.0001
1952-02-16,-0.0006,0.001,0.0006,0.0001
1952-02-18,-0.004,-0.0006,0.0005,0.0001
1952-02-19,-0.0146,0.0025,-0.0011,0.0001
1952-02-20,-0.011200000000000002,0.0016,-0.0005,0.0001
1952-02-21,0.0032,0.0025,0.002,0.0001
1952-02-23,0.006500000000000001,-0.0039000000000000003,0.005,0.0001
1952-02-25,-0.0029,0.002,-0.0023,0.0001
1952-02-26,-0.0049,0.0024,-0.0034999999999999996,0.0001
1952-02-27,0.002,-0.0018,0.0028000000000000004,0.0001
1952-02-28,0.0070999999999999995,-0.0025,-0.0028000000000000004,0.0001
1952-02-29,-0.0006,0.0002,-0.0018,0.0001
1952-03-01,0.0008,0.0004,-0.0014000000000000002,0.0
1952-03-03,0.0026,-0.0014000000000000002,0.0013,0.0
1952-03-04,0.0131,-0.005699999999999999,0.0018,0.0
1952-03-05,0.0023,0.0006,0.0033,0.0
1952-03-06,-0.0001,-0.0001,0.0007000000000000001,0.0
1952-03-07,0.0021,-0.0021,0.0046,0.0
1952-03-08,0.0029,-0.0019,0.0023,0.0
1952-03-10,-0.0049,0.0027,-0.0066,0.0
1952-03-11,0.0022,-0.0025,0.0008,0.0
1952-03-12,0.0026,-0.0008,0.0017000000000000001,0.0
1952-03-13,0.0005,0.0003,0.0017000000000000001,0.0
1952-03-14,0.0024,-0.0034999999999999996,0.0011,0.0
1952-03-15,0.0021,-0.0027,0.0,0.0
1952-03-17,0.001,-0.0023,-0.0009,0.0
1952-03-18,-0.0014000000000000002,-0.0005,-0.0002,0.0
1952-03-19,-0.0024,0.0018,-0.0006,0.0
1952-03-20,0.0034000000000000002,-0.0032,0.0064,0.0
1952-03-21,0.0007000000000000001,0.0009,0.0019,0.0
1952-03-22,-0.0001,0.0004,-0.0016,0.0
1952-03-24,-0.0011,0.0003,-0.0018,0.0
1952-03-25,-0.0042,0.0039000000000000003,-0.0015,0.0
1952-03-26,-0.0007000000000000001,-0.001,0.0036,0.0
1952-03-27,0.0076,-0.0051,0.002,0.0
1952-03-28,0.0059,-0.0033,-0.0006,0.0
1952-03-29,0.005600000000000001,-0.0034000000000000002,0.0040999999999999995,0.0
1952-03-31,0.0007000000000000001,-0.0008,-0.0003,0.0
1952-04-01,-0.0077,0.0014000000000000002,-0.002,0.0
1952-04-02,-0.0008,0.0015,0.0001,0.0
1952-04-03,0.0009,-0.0014000000000000002,0.0002,0.0
1952-04-04,-0.0051,0.0011,-0.0026,0.0
1952-04-05,-0.0015,0.0013,0.001,0.0
1952-04-07,-0.009300000000000001,0.0019,-0.0014000000000000002,0.0
1952-04-08,0.005600000000000001,-0.0034000000000000002,0.0025,0.0
1952-04-09,-0.0001,0.0015,-0.0012,0.0
1952-04-10,0.0034999999999999996,-0.0016,0.0022,0.0
1952-04-12,0.0005,0.0016,0.0005,0.0
1952-04-14,-0.0074,-0.0013,-0.0021,0.0
1952-04-15,-0.0108,0.0008,-0.0053,0.0
1952-04-16,-0.0014000000000000002,0.0043,-0.0017000000000000001,0.0
1952-04-17,-0.0086,0.0011,-0.0019,0.0
1952-04-18,0.004,0.0001,0.0051,0.0
1952-04-19,0.0006,0.0013,0.0012,0.0
1952-04-21,0.006999999999999999,-0.0058,0.0046,0.0
1952-04-22,-0.0044,0.0021,-0.0027,0.0
1952-04-23,-0.0044,0.002,-0.0006,0.0
1952-04-24,-0.0042,-0.0007000000000000001,0.0015,0.0
1952-04-25,0.0042,-0.0019,0.004699999999999999,0.0
1952-04-26,0.0014000000000000002,0.0012,0.0019,0.0
1952-04-28,-0.0022,-0.0025,-0.0004,0.0
1952-04-29,-0.0034000000000000002,-0.0023,0.0017000000000000001,0.0
1952-04-30,-0.0069,0.0025,-0.005600000000000001,0.0
1952-05-01,-0.0069,-0.0017000000000000001,-0.0052,0.0001
1952-05-02,0.014199999999999999,-0.0025,0.0066,0.0001
1952-05-03,0.003,-0.0002,-0.0016,0.0001
1952-05-05,0.0028000000000000004,-0.0031,0.0,0.0001
1952-05-06,0.0025,-0.0009,-0.0006,0.0001
1952-05-07,0.0063,-0.0036,0.0009,0.0001
1952-05-08,0.0028000000000000004,0.0017000000000000001,-0.0004,0.0001
1952-05-09,0.0003,-0.0008,-0.0009,0.0001
1952-05-10,-0.0009,0.0029,-0.0006,0.0001
1952-05-12,-0.0014000000000000002,-0.0005,-0.0009,0.0001
1952-05-13,0.0017000000000000001,-0.0016,-0.0015,0.0001
1952-05-14,-0.0034000000000000002,0.0021,-0.0022,0.0001
1952-05-15,-0.0034999999999999996,-0.0013,0.0011,0.0001
1952-05-16,0.0006,0.0015,-0.0026,0.0001
1952-05-17,0.0002,0.0019,-0.0007000000000000001,0.0001
1952-05-19,0.0014000000000000002,-0.0032,-0.0001,0.0001
1952-05-20,0.0051,-0.0005,0.0008,0.0001
1952-05-21,0.0027,0.0004,0.0016,0.0001
1952-05-22,0.0063,-0.0015,0.0027,0.0001
1952-05-23,-0.0008,0.0008,0.0007000000000000001,0.0001
1952-05-24,-0.0001,0.0015,-0.0006,0.0001
1952-05-26,0.0021,-0.0012,0.0012,0.0001
1952-05-27,-0.0019,0.0002,0.0008,0.0001
1952-05-28,-0.0014000000000000002,0.0015,0.0009,0.0001
1952-05-29,0.0001,-0.0019,0.001,0.0001
1952-06-02,-0.0013,-0.0007000000000000001,-0.002,0.0001
1952-06-03,-0.0008,-0.0017000000000000001,0.0014000000000000002,0.0001
1952-06-04,0.0055000000000000005,-0.0012,0.0038,0.0001
1952-06-05,0.0063,-0.0031,0.004699999999999999,0.0001
1952-06-06,0.0055000000000000005,0.0003,-0.0006,0.0001
1952-06-09,0.0038,-0.0016,0.001,0.0001
1952-06-10,-0.0033,0.0027,-0.0058,0.0001
1952-06-11,0.0025,-0.0016,0.0034999999999999996,0.0001
1952-06-12,0.0004,0.0,-0.0003,0.0001
1952-06-13,0.002,-0.0008,-0.0017000000000000001,0.0001
1952-06-16,-0.0015,0.0018,-0.0026,0.0001
1952-06-17,0.0007000000000000001,-0.0016,-0.0002,0.0001
1952-06-18,0.0023,-0.0002,0.0007000000000000001,0.0001
1952-06-19,0.0031,-0.0017000000000000001,0.0023,0.0001
1952-06-20,0.0014000000000000002,0.0003,-0.0006,0.0001
1952-06-23,-0.0011,-0.0005,0.0017000000000000001,0.0001
1952-06-24,0.0007000000000000001,-0.0029,-0.001,0.0001
1952-06-25,0.0034999999999999996,-0.0019,0.0051,0.0001
1952-06-26,0.0021,-0.0003,0.0011,0.0001
1952-06-27,0.0022,-0.0002,0.0006,0.0001
1952-06-30,0.0036,-0.001,0.0012,0.0001
1952-07-01,0.0053,-0.0018,-0.0018,0.0001
1952-07-02,-0.0018,0.0018,-0.0026,0.0001
1952-07-03,0.0,0.0011,-0.0007000000000000001,0.0001
1952-07-07,-0.0036,0.0017000000000000001,-0.0013,0.0001
1952-07-08,0.0005,-0.0014000000000000002,-0.0017000000000000001,0.0001
1952-07-09,-0.0028000000000000004,0.0028000000000000004,-0.0005,0.0001
1952-07-10,-0.002,-0.0005,-0.0011,0.0001
1952-07-11,0.005,-0.0021,0.0038,0.0001
1952-07-14,0.0007000000000000001,0.0011,-0.0012,0.0001
1952-07-15,0.0048,-0.0031,0.002,0.0001
1952-07-16,-0.0011,-0.0001,0.0012,0.0001
1952-07-17,-0.0034999999999999996,0.0004,-0.0005,0.0001
1952-07-18,-0.006500000000000001,0.0014000000000000002,0.0018,0.0001
1952-07-21,0.0022,-0.0011,-0.0023,0.0001
1952-07-22,0.0021,0.0006,-0.0013,0.0001
1952-07-23,0.0042,-0.0021,-0.0004,0.0001
1952-07-24,0.0033,-0.0014000000000000002,0.0043,0.0001
1952-07-25,-0.0024,0.0034999999999999996,-0.0042,0.0001
1952-07-28,-0.0004,0.0001,-0.0004,0.0001
1952-07-29,0.002,-0.0012,-0.0004,0.0001
1952-07-30,0.0021,-0.0021,0.0023,0.0001
1952-07-31,0.0011,-0.0014000000000000002,0.002,0.0001
1952-08-01,0.0006,0.0008,-0.0012,0.0001
1952-08-04,-0.0013,0.0007000000000000001,-0.0025,0.0001
1952-08-05,0.0004,-0.0007000000000000001,0.0,0.0001
1952-08-06,0.0015,0.0009,0.0001,0.0001
1952-08-07,0.0025,-0.0013,0.0025,0.0001
1952-08-08,-0.0001,0.0018,-0.001,0.0001
1952-08-11,0.0003,0.0012,-0.0022,0.0001
1952-08-12,-0.006999999999999999,0.0026,-0.0008,0.0001
1952-08-13,-0.0002,-0.0005,0.0012,0.0001
1952-08-14,-0.0002,0.0007000000000000001,0.0002,0.0001
1952-08-15,-0.002,0.0014000000000000002,0.0008,0.0001
1952-08-18,-0.0102,0.003,-0.0018,0.0001
1952-08-19,0.0001,-0.0003,-0.0004,0.0001
1952-08-20,0.0022,-0.0007000000000000001,0.0001,0.0001
1952-08-21,0.0014000000000000002,0.0006,-0.0006,0.0001
1952-08-22,0.0,0.0009,0.0007000000000000001,0.0001
1952-08-25,-0.0037,0.0018,-0.0002,0.0001
1952-08-26,-0.0007000000000000001,-0.0001,0.0018,0.0001
1952-08-27,0.0036,-0.0001,-0.0009,0.0001
1952-08-28,0.0023,-0.0009,0.0032,0.0001
1952-08-29,0.0029,-0.0005,0.0019,0.0001
1952-09-02,0.0033,-0.0014000000000000002,0.0011,0.0001
1952-09-03,0.0021,0.0006,-0.0034999999999999996,0.0001
1952-09-04,-0.0009,0.0008,-0.0026,0.0001
1952-09-05,-0.0012,0.0008,-0.0027,0.0001
1952-09-08,-0.0043,0.002,-0.0039000000000000003,0.0001
1952-09-09,-0.0106,0.0028000000000000004,-0.001,0.0001
1952-09-10,-0.0044,-0.0012,0.0009,0.0001
1952-09-11,0.0014000000000000002,0.002,0.0004,0.0001
1952-09-12,-0.0021,0.0021,-0.0011,0.0001
1952-09-15,-0.0095,0.0038,-0.0018,0.0001
1952-09-16,0.0040999999999999995,-0.0022,0.0001,0.0001
1952-09-17,0.0026,0.0,0.0016,0.0001
1952-09-18,-0.0018,0.0016,-0.0007000000000000001,0.0001
1952-09-19,0.0021,-0.0008,0.0017000000000000001,0.0001
1952-09-22,0.001,0.0003,0.0001,0.0001
1952-09-23,0.0034999999999999996,-0.0031,0.0032,0.0001
1952-09-24,0.0032,0.0006,-0.0031,0.0001
1952-09-25,0.0,-0.0003,-0.0001,0.0001
1952-09-26,-0.0027,0.0023,0.0,0.0001
1952-09-29,-0.0006,-0.0005,-0.0014000000000000002,0.0001
1952-09-30,-0.0055000000000000005,0.0009,-0.0013,0.0001
1952-10-01,-0.0025,-0.0003,0.0004,0.0001
1952-10-02,-0.0001,0.0,-0.0001,0.0001
1952-10-03,-0.0018,0.0012,0.0011,0.0001
1952-10-06,-0.0027,0.0012,-0.0006,0.0001
1952-10-07,0.0004,-0.0006,-0.0001,0.0001
1952-10-08,0.0049,-0.0018,0.0002,0.0001
1952-10-09,0.0002,0.0005,-0.0001,0.0001
1952-10-10,-0.0001,0.0019,-0.0025,0.0001
1952-10-14,-0.0034999999999999996,-0.0001,-0.0026,0.0001
1952-10-15,-0.014499999999999999,0.0011,-0.0027,0.0001
1952-10-16,-0.0062,-0.0015,0.0009,0.0001
1952-10-17,0.0113,-0.0016,0.0032,0.0001
1952-10-20,-0.0032,0.0022,-0.0033,0.0001
1952-10-21,-0.0016,-0.0008,-0.0001,0.0001
1952-10-22,-0.0096,0.0025,-0.0003,0.0001
1952-10-23,0.0032,-0.0034999999999999996,-0.0003,0.0001
1952-10-24,0.0040999999999999995,-0.001,0.0004,0.0001
1952-10-27,0.0012,-0.0022,-0.0005,0.0001
1952-10-28,0.0004,-0.0004,-0.0011,0.0001
1952-10-29,0.0005,-0.0023,-0.0012,0.0001
1952-10-30,-0.0002,0.0003,0.0002,0.0001
1952-10-31,0.013600000000000001,-0.0054,0.004,0.0001
1952-11-03,0.005600000000000001,-0.0024,-0.0015,0.0001
1952-11-05,0.0052,0.0003,-0.0028000000000000004,0.0001
1952-11-06,0.0038,-0.0054,-0.0037,0.0001
1952-11-07,0.004,0.0005,0.0008,0.0001
1952-11-10,0.0,0.0007000000000000001,0.0004,0.0001
1952-11-12,-0.0016,0.0031,-0.0016,0.0001
1952-11-13,0.0009,0.0011,-0.002,0.0001
1952-11-14,0.0001,0.0004,-0.0006,0.0001
1952-11-17,0.0019,-0.0014000000000000002,0.0024,0.0001
1952-11-18,0.014199999999999999,-0.0034999999999999996,0.001,0.0001
1952-11-19,0.0070999999999999995,-0.0004,0.0032,0.0001
1952-11-20,-0.0015,0.0021,0.0040999999999999995,0.0001
1952-11-21,0.0,0.0024,0.0009,0.0001
1952-11-24,0.0063,-0.0014000000000000002,0.0053,0.0001
1952-11-25,0.0012,-0.0002,-0.0023,0.0001
1952-11-26,0.0060999999999999995,-0.0024,0.0022,0.0001
1952-11-28,0.0049,-0.0003,0.0037,0.0001
1952-12-01,0.0013,-0.0004,0.0018,0.0001
1952-12-02,0.0027,-0.0027,-0.002,0.0001
1952-12-03,-0.0004,0.0008,-0.0022,0.0001
1952-12-04,-0.0032,0.002,0.0002,0.0001
1952-12-05,0.0015,-0.0017000000000000001,0.0016,0.0001
1952-12-08,0.0040999999999999995,-0.0019,0.0,0.0001
1952-12-09,0.0042,-0.0023,-0.0005,0.0001
1952-12-10,0.0003,-0.0009,-0.0039000000000000003,0.0001
1952-12-11,0.0,0.0003,-0.0012,0.0001
1952-12-12,0.0031,-0.0018,0.0043,0.0001
1952-12-15,0.0009,-0.0005,0.0019,0.0001
1952-12-16,-0.0003,-0.0018,-0.0002,0.0001
1952-12-17,-0.0012,0.0012,-0.001,0.0001
1952-12-18,0.0,0.0014000000000000002,0.0022,0.0001
1952-12-19,0.004,-0.0052,0.004,0.0001
1952-12-22,0.0042,-0.004,0.0024,0.0001
1952-12-23,-0.0034999999999999996,0.0009,0.0025,0.0001
1952-12-24,0.0006,0.0019,0.0012,0.0001
1952-12-26,0.0014000000000000002,0.0027,-0.0026,0.0001
1952-12-29,0.0034000000000000002,-0.0025,-0.0029,0.0001
1952-12-30,0.0048,-0.0025,-0.0007000000000000001,0.0001
1952-12-31,0.001,0.0021,-0.0032,0.0001
1953-01-02,0.0006,0.0048,0.0063,0.0001
1953-01-05,0.0045000000000000005,0.004699999999999999,0.001,0.0001
1953-01-06,-0.0052,0.0034000000000000002,0.0019,0.0001
1953-01-07,-0.0033,0.0026,-0.0011,0.0001
1953-01-08,-0.0004,0.0043,0.0052,0.0001
1953-01-09,-0.0086,0.0021,-0.001,0.0001
1953-01-12,-0.0064,0.0043,0.0007000000000000001,0.0001
1953-01-13,0.005699999999999999,0.001,0.0005,0.0001
1953-01-14,0.0009,0.0019,-0.0008,0.0001
1953-01-15,0.0016,0.0005,0.0015,0.0001
1953-01-16,-0.0043,0.0005,-0.0013,0.0001
1953-01-19,-0.0007000000000000001,0.0022,0.0019,0.0001
1953-01-20,0.0042,0.0007000000000000001,0.0001,0.0001
1953-01-21,-0.0014000000000000002,0.0006,0.0001,0.0001
1953-01-22,0.0005,0.002,-0.0006,0.0001
1953-01-23,-0.0013,0.0008,0.0015,0.0001
1953-01-26,-0.0015,0.0,0.0004,0.0001
1953-01-27,0.0019,-0.001,0.001,0.0001
1953-01-28,0.0019,0.0003,-0.0017000000000000001,0.0001
1953-01-29,0.0032,0.0015,-0.0008,0.0001
1953-01-30,0.0049,-0.0024,-0.0021,0.0001
1953-02-02,0.002,0.0001,-0.0034999999999999996,0.0001
1953-02-03,0.0006,-0.0004,-0.002,0.0001
1953-02-04,-0.001,0.0038,-0.0003,0.0001
1953-02-05,-0.008,0.0001,0.0,0.0001
1953-02-06,-0.0083,0.0016,-0.0064,0.0001
1953-02-09,-0.0037,0.0014000000000000002,0.0021,0.0001
1953-02-10,-0.0014000000000000002,0.0033,-0.0014000000000000002,0.0001
1953-02-11,0.001,0.0005,0.0033,0.0001
1953-02-13,0.0043,-0.0003,-0.0002,0.0001
1953-02-16,-0.0016,0.0028000000000000004,0.0008,0.0001
1953-02-17,-0.0048,0.0012,-0.0017000000000000001,0.0001
1953-02-18,0.0001,0.0004,0.0033,0.0001
1953-02-19,0.0028000000000000004,0.0001,0.0025,0.0001
1953-02-20,0.0016,0.0,-0.0007000000000000001,0.0001
1953-02-24,0.0062,0.0028000000000000004,0.0049,0.0001
1953-02-25,0.0059,0.0038,-0.0013,0.0001
1953-02-26,0.0021,-0.0001,0.0003,0.0001
1953-02-27,-0.0001,0.0008,-0.0001,0.0001
1953-03-02,0.0006,0.0004,0.0018,0.0001
1953-03-03,0.0036,0.0004,-0.0005,0.0001
1953-03-04,-0.0084,0.0011,-0.0015,0.0001
1953-03-05,0.0009,0.0007000000000000001,0.0015,0.0001
1953-03-06,0.0036,-0.0007000000000000001,-0.0012,0.0001
1953-03-09,0.0006,0.0015,-0.0001,0.0001
1953-03-10,0.0019,-0.0011,0.0009,0.0001
1953-03-11,0.0069,-0.0022,0.0011,0.0001
1953-03-12,0.0,-0.0019,0.0002,0.0001
1953-03-13,0.0023,-0.0011,0.0026,0.0001
1953-03-16,0.0015,-0.0003,0.0028000000000000004,0.0001
1953-03-17,0.003,-0.0014000000000000002,-0.0001,0.0001
1953-03-18,-0.0003,0.004,-0.0016,0.0001
1953-03-19,0.0006,0.0008,-0.0015,0.0001
1953-03-20,-0.0008,0.0017000000000000001,-0.0011,0.0001
1953-03-23,-0.006,-0.0008,-0.0001,0.0001
1953-03-24,0.0055000000000000005,-0.0014000000000000002,0.0018,0.0001
1953-03-25,-0.0015,0.0031,-0.0038,0.0001
1953-03-26,-0.0045000000000000005,-0.0002,-0.0021,0.0001
1953-03-27,0.0027,-0.0001,-0.0005,0.0001
1953-03-30,-0.015300000000000001,-0.0026,-0.0073,0.0001
1953-03-31,-0.0111,-0.0017000000000000001,0.0005,0.0001
1953-04-01,0.0007000000000000001,0.0013,0.0014000000000000002,0.0001
1953-04-02,-0.0003,0.0017000000000000001,-0.0008,0.0001
1953-04-06,-0.0213,0.0011,-0.004699999999999999,0.0001
1953-04-07,0.0028000000000000004,-0.0023,0.005699999999999999,0.0001
1953-04-08,0.0072,0.0027,0.0018,0.0001
1953-04-09,-0.004,0.0012,0.0008,0.0001
1953-04-10,-0.0017000000000000001,0.0003,0.0011,0.0001
1953-04-13,-0.0019,0.0006,0.002,0.0001
1953-04-14,0.0028000000000000004,-0.0029,0.0036,0.0001
1953-04-15,0.0049,-0.0002,0.0026,0.0001
1953-04-16,-0.0023,-0.0003,-0.0022,0.0001
1953-04-17,-0.0095,0.0006,-0.0021,0.0001
1953-04-20,0.0019,-0.0045000000000000005,0.0036,0.0001
1953-04-21,-0.0014000000000000002,0.0039000000000000003,-0.0008,0.0001
1953-04-22,-0.0076,0.0025,-0.0018,0.0001
1953-04-23,-0.011899999999999999,0.0004,0.0025,0.0001
1953-04-24,0.0001,-0.0018,-0.0001,0.0001
1953-04-27,0.004699999999999999,-0.0003,0.0046,0.0001
1953-04-28,0.004699999999999999,-0.0046,0.0015,0.0001
1953-04-29,0.0054,0.0016,-0.0028000000000000004,0.0001
1953-04-30,-0.0013,0.0015,0.0,0.0001
1953-05-01,0.004,-0.0017000000000000001,-0.0028000000000000004,0.0001
1953-05-04,0.0091,-0.0031,0.0017000000000000001,0.0001
1953-05-05,0.001,0.0017000000000000001,-0.0042,0.0001
1953-05-06,0.0016,-0.0011,-0.001,0.0001
1953-05-07,-0.004,0.0003,-0.0022,0.0001
1953-05-08,0.0023,-0.0013,0.0021,0.0001
1953-05-11,0.0006,0.0009,-0.0007000000000000001,0.0001
1953-05-12,-0.004699999999999999,0.0017000000000000001,0.0014000000000000002,0.0001
1953-05-13,-0.0007000000000000001,-0.0004,-0.0009,0.0001
1953-05-14,0.004699999999999999,-0.0013,0.0034000000000000002,0.0001
1953-05-15,0.0007000000000000001,0.0009,0.0006,0.0001
1953-05-18,-0.0019,0.0007000000000000001,0.0,0.0001
1953-05-19,-0.002,0.0003,0.0003,0.0001
1953-05-20,0.009399999999999999,-0.0023,0.0054,0.0001
1953-05-21,0.0029,0.0,-0.0003,0.0001
1953-05-22,-0.0001,0.0007000000000000001,0.0008,0.0001
1953-05-25,-0.0011,-0.0007000000000000001,0.0006,0.0001
1953-05-26,-0.003,-0.001,0.0012,0.0001
1953-05-27,-0.0079,0.0033,-0.0037,0.0001
1953-05-28,-0.0072,0.0013,-0.0015,0.0001
1953-05-29,0.0016,0.0005,0.0026,0.0001
1953-06-01,-0.013999999999999999,0.0027,-0.0036,0.0001
1953-06-02,0.0014000000000000002,-0.0058,0.0015,0.0001
1953-06-03,-0.0004,0.0029,-0.0002,0.0001
1953-06-04,-0.0083,-0.001,-0.0027,0.0001
1953-06-05,0.0018,-0.0007000000000000001,0.0008,0.0001
1953-06-08,-0.002,0.0,0.0,0.0001
1953-06-09,-0.019299999999999998,-0.0017000000000000001,-0.0031,0.0001
1953-06-10,-0.0009,-0.0051,0.0051,0.0001
1953-06-11,0.0085,0.0008,-0.0001,0.0001
1953-06-12,0.0032,0.0006,-0.0021,0.0001
1953-06-15,-0.008199999999999999,0.0002,-0.0034999999999999996,0.0001
1953-06-16,-0.003,-0.0024,0.0007000000000000001,0.0001
1953-06-17,0.0123,-0.0039000000000000003,0.0029,0.0001
1953-06-18,0.0001,0.0016,-0.0001,0.0001
1953-06-19,0.0,-0.0009,0.0007000000000000001,0.0001
1953-06-22,0.0052,-0.0005,0.0005,0.0001
1953-06-23,0.005600000000000001,-0.0034999999999999996,0.0013,0.0001
1953-06-24,-0.0011,0.0007000000000000001,-0.0025,0.0001
1953-06-25,0.004,-0.0017000000000000001,0.0001,0.0001
1953-06-26,-0.0006,-0.0012,0.0002,0.0001
1953-06-29,-0.0016,0.0009,-0.0004,0.0001
1953-06-30,-0.0012,-0.0016,-0.0004,0.0001
1953-07-01,0.0039000000000000003,-0.0022,0.002,0.0001
1953-07-02,0.0034999999999999996,0.0005,-0.0007000000000000001,0.0001
1953-07-03,0.0026,-0.0012,0.002,0.0001
1953-07-06,0.0012,-0.0003,-0.0037,0.0001
1953-07-07,0.0036,-0.0026,0.0027,0.0001
1953-07-08,0.0004,-0.0004,0.0011,0.0001
1953-07-09,-0.0033,0.0014000000000000002,-0.0016,0.0001
1953-07-10,-0.0011,0.0006,-0.0024,0.0001
1953-07-13,-0.0097,0.0008,-0.0015,0.0001
1953-07-14,-0.0013,-0.0023,0.0009,0.0001
1953-07-15,0.0029,0.0001,-0.0003,0.0001
1953-07-16,0.0022,0.0009,-0.0018,0.0001
1953-07-17,0.0049,-0.0026,0.004,0.0001
1953-07-20,-0.004699999999999999,-0.0001,0.0005,0.0001
1953-07-21,-0.0023,0.001,0.0003,0.0001
1953-07-22,0.001,-0.0016,-0.0009,0.0001
1953-07-23,0.002,0.0004,0.0013,0.0001
1953-07-24,0.0004,0.0025,-0.002,0.0001
1953-07-27,-0.0058,0.0027,-0.0038,0.0001
1953-07-28,0.0005,-0.004,0.0004,0.0001
1953-07-29,0.0054,-0.0014000000000000002,0.0026,0.0001
1953-07-30,0.0092,-0.002,0.0001,0.0001
1953-07-31,0.0084,-0.0009,-0.0008,0.0001
1953-08-03,0.0038,0.0007000000000000001,-0.0027,0.0001
1953-08-04,-0.0002,0.0007000000000000001,-0.0013,0.0001
1953-08-05,0.0018,0.0006,-0.0006,0.0001
1953-08-06,0.004,-0.0013,-0.0017000000000000001,0.0001
1953-08-07,-0.0004,0.0009,-0.0024,0.0001
1953-08-10,-0.0008,0.0019,-0.0046,0.0001
1953-08-11,-0.0006,-0.0007000000000000001,-0.0018,0.0001
1953-08-12,0.0043,-0.0028000000000000004,0.0008,0.0001
1953-08-13,-0.0002,0.0025,-0.0022,0.0001
1953-08-14,-0.0033,0.0004,-0.0023,0.0001
1953-08-17,-0.0024,0.0,-0.0028000000000000004,0.0001
1953-08-18,-0.0048,0.0019,-0.0028000000000000004,0.0001
1953-08-19,-0.0062,-0.0031,-0.0011,0.0001
1953-08-20,0.0004,0.0007000000000000001,0.0026,0.0001
1953-08-21,0.0015,0.0,-0.0002,0.0001
1953-08-24,-0.0111,0.0013,-0.0054,0.0001
1953-08-25,-0.0054,-0.0014000000000000002,0.0024,0.0001
1953-08-26,-0.0027,0.0043,-0.0022,0.0001
1953-08-27,-0.0042,-0.0022,-0.0022,0.0001
1953-08-28,-0.0023,-0.0004,-0.0003,0.0001
1953-08-31,-0.0175,-0.0001,-0.0063,0.0001
1953-09-01,0.0042,-0.0048,0.0015,0.0001
1953-09-02,0.0064,0.0018,0.0005,0.0001
1953-09-03,-0.0024,-0.0006,-0.0027,0.0001
1953-09-04,0.0027,-0.0003,0.0013,0.0001
1953-09-08,0.0021,-0.0014000000000000002,-0.0014000000000000002,0.0001
1953-09-09,0.0003,0.0006,-0.0006,0.0001
1953-09-10,-0.0086,0.0011,-0.0066,0.0001
1953-09-11,-0.0141,-0.0022,-0.0068000000000000005,0.0001
1953-09-14,-0.0183,-0.0046,-0.0049,0.0001
1953-09-15,0.0070999999999999995,-0.013300000000000001,0.0032,0.0001
1953-09-16,0.0073,0.0074,0.0039000000000000003,0.0001
1953-09-17,0.0007000000000000001,0.0016,-0.0022,0.0001
1953-09-18,-0.0058,0.0013,-0.0024,0.0001
1953-09-21,-0.0025,-0.0007000000000000001,0.0004,0.0001
1953-09-22,0.0132,-0.0040999999999999995,0.0034000000000000002,0.0001
1953-09-23,0.0036,0.0026,0.0024,0.0001
1953-09-24,0.0001,0.0027,-0.0013,0.0001
1953-09-25,0.0028000000000000004,0.002,-0.0036,0.0001
1953-09-28,0.006,-0.002,0.0036,0.0001
1953-09-29,0.0012,0.0029,-0.0076,0.0001
1953-09-30,-0.0034999999999999996,0.0014000000000000002,-0.0040999999999999995,0.0001
1953-10-01,0.006,-0.0018,-0.0026,0.0001
1953-10-02,0.0039000000000000003,-0.0018,-0.0022,0.0001
1953-10-05,-0.004,-0.0004,-0.0015,0.0001
1953-10-06,-0.005,-0.0015,0.0016,0.0001
1953-10-07,0.0073,-0.0017000000000000001,0.0001,0.0001
1953-10-08,0.0022,0.0014000000000000002,-0.0013,0.0001
1953-10-09,0.0006,0.0011,-0.0004,0.0001
1953-10-13,-0.002,0.001,0.0009,0.0001
1953-10-14,0.0045000000000000005,-0.0017000000000000001,-0.0026,0.0001
1953-10-15,0.0118,-0.0019,0.0063,0.0001
1953-10-16,0.0059,0.0007000000000000001,0.0042,0.0001
1953-10-19,0.0016,-0.0033,0.002,0.0001
1953-10-20,0.0007000000000000001,0.0016,-0.0039000000000000003,0.0001
1953-10-21,0.0002,-0.0014000000000000002,-0.0001,0.0001
1953-10-22,0.0033,-0.0001,-0.0037,0.0001
1953-10-23,0.001,0.0011,-0.002,0.0001
1953-10-26,-0.0024,0.0016,-0.0019,0.0001
1953-10-27,-0.003,-0.0007000000000000001,-0.0007000000000000001,0.0001
1953-10-28,0.0021,-0.0017000000000000001,0.0022,0.0001
1953-10-29,0.009899999999999999,-0.0036,0.004,0.0001
1953-10-30,0.0005,0.0,0.0,0.0001
1953-11-02,0.0043,-0.0023,-0.0032,0.0
1953-11-04,0.0011,-0.0029,-0.003,0.0
1953-11-05,0.006999999999999999,-0.0016,0.0032,0.0
1953-11-06,0.0006,0.0009,0.004,0.0
1953-11-09,-0.0009,-0.0007000000000000001,0.0015,0.0
1953-11-10,-0.0054,0.0014000000000000002,-0.0006,0.0
1953-11-12,0.003,-0.0032,0.001,0.0
1953-11-13,0.0024,0.0025,-0.0013,0.0
1953-11-16,-0.0055000000000000005,0.0036,-0.002,0.0
1953-11-17,-0.0040999999999999995,0.0011,-0.0021,0.0
1953-11-18,0.0022,-0.0009,0.0019,0.0
1953-11-19,0.0046,0.0002,-0.0023,0.0
1953-11-20,0.0006,0.0005,-0.0017000000000000001,0.0
1953-11-23,-0.0014000000000000002,-0.004,-0.0012,0.0
1953-11-24,0.0052,-0.0055000000000000005,-0.0004,0.0
1953-11-25,0.0026,-0.0001,0.002,0.0
1953-11-27,0.0063,-0.0005,0.0012,0.0
1953-11-30,0.0055000000000000005,-0.0014000000000000002,0.0015,0.0
1953-12-01,0.0011,-0.001,0.0011,0.0001
1953-12-02,0.0063,-0.0008,-0.0014000000000000002,0.0001
1953-12-03,0.002,-0.0032,0.0007000000000000001,0.0001
1953-12-04,-0.0011,0.0026,-0.0024,0.0001
1953-12-07,-0.0017000000000000001,0.0013,-0.0026,0.0001
1953-12-08,-0.0036,-0.0014000000000000002,-0.0013,0.0001
1953-12-09,-0.0001,0.0011,-0.0022,0.0001
1953-12-10,-0.0014000000000000002,0.0015,0.0,0.0001
1953-12-11,-0.0002,-0.0012,-0.0002,0.0001
1953-12-14,-0.0023,-0.0013,0.0015,0.0001
1953-12-15,0.0,-0.0021,-0.0034000000000000002,0.0001
1953-12-16,0.0089,-0.0044,0.0009,0.0001
1953-12-17,-0.0007000000000000001,0.0013,0.001,0.0001
1953-12-18,0.0027,-0.001,-0.0018,0.0001
1953-12-21,-0.0017000000000000001,0.0008,-0.0036,0.0001
1953-12-22,-0.008,0.001,-0.0023,0.0001
1953-12-23,-0.0008,0.0013,0.002,0.0001
1953-12-24,0.0039000000000000003,-0.0001,0.0028000000000000004,0.0001
1953-12-28,-0.0044,-0.0013,-0.0049,0.0001
1953-12-29,-0.0066,-0.0016,-0.0034000000000000002,0.0001
1953-12-30,0.0067,-0.0023,-0.0031,0.0001
1953-12-31,0.0013,0.0021,-0.0059,0.0001
1954-01-04,0.0073,0.005,0.0128,0.0001
1954-01-05,0.006500000000000001,0.0037,0.006,0.0001
1954-01-06,0.0019,0.002,-0.0008,0.0001
1954-01-07,-0.0033,0.0042,-0.0032,0.0001
1954-01-08,-0.004,0.0014000000000000002,-0.0008,0.0001
1954-01-11,-0.005,0.001,-0.0014000000000000002,0.0001
1954-01-12,0.0051,-0.0018,0.003,0.0001
1954-01-13,0.0052,-0.0003,0.0009,0.0001
1954-01-14,0.0046,0.0,0.0025,0.0001
1954-01-15,0.0089,-0.0026,0.0034000000000000002,0.0001
1954-01-18,0.0008,0.0012,0.0014000000000000002,0.0001
1954-01-19,0.0072,-0.0044,0.0055000000000000005,0.0001
1954-01-20,0.0027,0.0012,-0.0003,0.0001
1954-01-21,-0.0001,0.0005,-0.0007000000000000001,0.0001
1954-01-22,0.0023,-0.0008,0.0007000000000000001,0.0001
1954-01-25,0.0034999999999999996,-0.0026,0.0014000000000000002,0.0001
1954-01-26,0.0074,-0.0014000000000000002,-0.0026,0.0001
1954-01-27,-0.0028000000000000004,0.0008,0.0007000000000000001,0.0001
1954-01-28,0.0003,-0.0007000000000000001,-0.0002,0.0001
1954-01-29,0.0018,-0.0016,0.0045000000000000005,0.0001
1954-02-01,-0.0022,0.0004,-0.0022,0.0
1954-02-02,-0.0014000000000000002,-0.0009,0.0008,0.0
1954-02-03,0.005600000000000001,-0.0023,0.001,0.0
1954-02-04,0.0066,-0.0023,-0.0004,0.0
1954-02-05,0.0034000000000000002,-0.0015,-0.0001,0.0
1954-02-08,-0.0002,0.0018,0.0009,0.0
1954-02-09,0.0003,0.0003,-0.0007000000000000001,0.0
1954-02-10,-0.0015,0.0031,0.0017000000000000001,0.0
1954-02-11,-0.0013,0.0001,0.0,0.0
1954-02-12,0.0032,-0.0004,0.0009,0.0
1954-02-15,-0.0033,0.002,0.0011,0.0
1954-02-16,-0.0078000000000000005,0.0019,-0.0034000000000000002,0.0
1954-02-17,0.0027,-0.0027,0.0023,0.0
1954-02-18,0.0049,0.0004,-0.0021,0.0
1954-02-19,-0.0012,0.0013,0.0013,0.0
1954-02-23,-0.0033,-0.0004,-0.0014000000000000002,0.0
1954-02-24,-0.0006,-0.0011,-0.0001,0.0
1954-02-25,0.0042,0.0,-0.0001,0.0
1954-02-26,0.0087,-0.0017000000000000001,-0.0021,0.0
1954-03-01,0.0052,-0.0028000000000000004,-0.0011,0.0
1954-03-02,0.0025,-0.0009,-0.0031,0.0
1954-03-03,0.0003,-0.0008,0.0024,0.0
1954-03-04,0.0024,-0.0036,0.0017000000000000001,0.0
1954-03-05,0.0043,-0.0013,0.0015,0.0
1954-03-08,-0.0021,0.0007000000000000001,-0.0019,0.0
1954-03-09,0.0021,-0.0006,-0.002,0.0
1954-03-10,0.003,0.0019,-0.001,0.0
1954-03-11,0.0046,0.0001,-0.0021,0.0
1954-03-12,-0.0009,0.0007000000000000001,-0.0019,0.0
1954-03-15,-0.0033,0.0012,-0.0021,0.0
1954-03-16,0.0003,0.0009,0.0006,0.0
1954-03-17,0.0011,-0.0019,0.0059,0.0
1954-03-18,0.0052,0.0,0.0009,0.0
1954-03-19,0.0038,-0.0001,-0.0002,0.0
1954-03-22,-0.0005,0.0006,-0.0023,0.0
1954-03-23,-0.0069,-0.0002,-0.0033,0.0
1954-03-24,-0.004699999999999999,0.0016,-0.0018,0.0
1954-03-25,-0.0009,0.0014000000000000002,-0.0011,0.0
1954-03-26,0.0062,0.0007000000000000001,-0.0013,0.0
1954-03-29,0.004,-0.0007000000000000001,-0.0028000000000000004,0.0
1954-03-30,0.003,0.0019,-0.0005,0.0
1954-03-31,0.0077,-0.0037,0.0014000000000000002,0.0
1954-04-01,0.0072,-0.0045000000000000005,0.0025,0.0
1954-04-02,0.0009,0.0007000000000000001,-0.0034999999999999996,0.0
1954-04-05,0.0006,0.0012,-0.0042,0.0
1954-04-06,-0.0091,0.0013,0.0,0.0
1954-04-07,0.0055000000000000005,-0.0009,0.0,0.0
1954-04-08,0.0073,-0.0024,0.0054,0.0
1954-04-09,0.0044,-0.0002,0.0014000000000000002,0.0
1954-04-12,-0.0007000000000000001,-0.0018,-0.0016,0.0
1954-04-13,0.0018,-0.002,0.0026,0.0
1954-04-14,0.0070999999999999995,-0.0046,-0.0021,0.0
1954-04-15,0.004,-0.0028000000000000004,-0.0025,0.0
1954-04-19,-0.0053,0.0,-0.0029,0.0
1954-04-20,0.0004,-0.0003,-0.0031,0.0
1954-04-21,-0.0009,0.0006,0.0004,0.0
1954-04-22,0.0021,-0.0005,-0.003,0.0
1954-04-23,0.004,-0.0026,0.0043,0.0
1954-04-26,0.0011,-0.0029,0.0018,0.0
1954-04-27,-0.0040999999999999995,-0.0009,-0.0003,0.0
1954-04-28,0.0023,-0.0013,-0.0015,0.0
1954-04-29,0.012199999999999999,-0.0064,0.005699999999999999,0.0
1954-04-30,0.0013,-0.0037,-0.0029,0.0
1954-05-03,-0.0012,-0.0012,-0.0016,0.0
1954-05-04,0.0012,-0.0031,0.0017000000000000001,0.0
1954-05-05,-0.0004,0.0016,-0.0002,0.0
1954-05-06,0.0052,-0.0018,0.0002,0.0
1954-05-07,0.004,0.0002,-0.0001,0.0
1954-05-10,0.0009,0.0006,0.002,0.0
1954-05-11,-0.0034999999999999996,0.0011,-0.0013,0.0
1954-05-12,0.0076,-0.0006,0.0039000000000000003,0.0
1954-05-13,-0.0026,0.0031,0.0045000000000000005,0.0
1954-05-14,0.005,-0.0011,0.0033,0.0
1954-05-17,0.0022,-0.0021,0.0027,0.0
1954-05-18,0.0016,0.0014000000000000002,0.0014000000000000002,0.0
1954-05-19,-0.002,0.0011,0.0024,0.0
1954-05-20,0.0034999999999999996,-0.0005,0.0038,0.0
1954-05-21,0.0051,0.0028000000000000004,-0.0003,0.0
1954-05-24,0.0004,0.001,-0.002,0.0
1954-05-25,-0.0022,0.0005,-0.0013,0.0
1954-05-26,0.0054,-0.0007000000000000001,0.0046,0.0
1954-05-27,-0.002,0.0016,-0.0021,0.0
1954-05-28,0.0026,0.0,0.002,0.0
1954-06-01,0.0018,0.0025,-0.001,0.0
1954-06-02,-0.0018,0.0026,-0.0042,0.0
1954-06-03,0.0006,0.0016,0.0013,0.0
1954-06-04,-0.0019,0.0015,-0.0014000000000000002,0.0
1954-06-07,-0.0013,0.0,-0.0006,0.0
1954-06-08,-0.0204,0.005600000000000001,-0.0026,0.0
1954-06-09,-0.0045000000000000005,0.0012,0.0032,0.0
1954-06-10,0.005600000000000001,0.0045000000000000005,0.0002,0.0
1954-06-11,0.0066,-0.0029,0.0075,0.0
1954-06-14,0.0006,-0.0007000000000000001,-0.0009,0.0
1954-06-15,0.0075,-0.0063,0.0039000000000000003,0.0
1954-06-16,0.0074,-0.0007000000000000001,-0.0006,0.0
1954-06-17,-0.001,0.0006,-0.0005,0.0
1954-06-18,0.0004,0.0002,0.0016,0.0
1954-06-21,0.0017000000000000001,-0.0007000000000000001,-0.0022,0.0
1954-06-22,0.0009,-0.0025,-0.0014000000000000002,0.0
1954-06-23,0.0017000000000000001,-0.0029,-0.0004,0.0
1954-06-24,0.0058,-0.0026,0.0025,0.0
1954-06-25,0.0008,0.001,-0.0003,0.0
1954-06-28,0.0062,-0.0031,-0.0059,0.0
1954-06-29,0.0,-0.0002,0.0004,0.0
1954-06-30,-0.0054,0.004699999999999999,0.0019,0.0
1954-07-01,0.0002,0.0023,-0.002,0.0
1954-07-02,0.009899999999999999,-0.0036,0.0006,0.0
1954-07-06,0.0086,-0.002,-0.0016,0.0
1954-07-07,0.0002,-0.0007000000000000001,0.001,0.0
1954-07-08,-0.0015,0.0006,0.0001,0.0
1954-07-09,0.004699999999999999,-0.0009,0.0036,0.0
1954-07-12,0.001,0.0011,0.006999999999999999,0.0
1954-07-13,-0.0027,0.0008,0.0045000000000000005,0.0
1954-07-14,0.0026,0.0017000000000000001,0.0034999999999999996,0.0
1954-07-15,0.003,0.0026,0.002,0.0
1954-07-16,-0.0038,0.0049,-0.0003,0.0
1954-07-19,-0.003,0.0034999999999999996,-0.002,0.0
1954-07-20,-0.0025,0.0043,0.0014000000000000002,0.0
1954-07-21,0.0075,-0.003,0.004699999999999999,0.0
1954-07-22,0.008100000000000001,-0.0042,0.008199999999999999,0.0
1954-07-23,0.0018,-0.0012,0.0038,0.0
1954-07-26,0.0002,0.0034000000000000002,-0.0039000000000000003,0.0
1954-07-27,0.0043,-0.0011,0.0064,0.0
1954-07-28,0.0023,0.0003,0.0002,0.0
1954-07-29,0.0037,0.0004,-0.0009,0.0
1954-07-30,0.0042,0.0006,0.0023,0.0
1954-08-02,0.0028000000000000004,0.0013,0.0027,0.0
1954-08-03,0.0025,-0.0023,0.0017000000000000001,0.0
1954-08-04,0.0001,0.004699999999999999,-0.0026,0.0
1954-08-05,-0.0019,0.0073,-0.002,0.0
1954-08-06,-0.0121,0.0016,-0.006,0.0
1954-08-09,-0.0042,0.0049,0.0029,0.0
1954-08-10,0.0085,0.0006,0.006,0.0
1954-08-11,0.0086,-0.0001,0.0053,0.0
1954-08-12,-0.0016,0.003,-0.0033,0.0
1954-08-13,0.0028000000000000004,-0.0004,0.0025,0.0
1954-08-16,0.0073,-0.0039000000000000003,0.0043,0.0
1954-08-17,-0.0001,0.0,-0.0053,0.0
1954-08-18,0.001,0.0013,-0.0025,0.0
1954-08-19,0.0027,-0.002,-0.0040999999999999995,0.0
1954-08-20,0.0012,-0.0002,0.0018,0.0
1954-08-23,-0.0066,0.0053,-0.0014000000000000002,0.0
1954-08-24,-0.0036,0.0019,-0.004,0.0
1954-08-25,-0.006,0.0004,-0.0034000000000000002,0.0
1954-08-26,-0.003,0.0008,0.0007000000000000001,0.0
1954-08-27,0.0024,0.0009,-0.0006,0.0
1954-08-30,-0.009399999999999999,0.001,-0.0046,0.0
1954-08-31,-0.0148,0.0011,-0.0022,0.0
1954-09-01,0.008199999999999999,0.0003,0.0033,0.0
1954-09-02,0.0064,-0.0013,-0.0013,0.0
1954-09-03,0.0064,0.0002,0.0052,0.0
1954-09-07,0.004699999999999999,-0.0032,0.0055000000000000005,0.0
1954-09-08,0.0012,-0.0019,-0.0013,0.0
1954-09-09,0.0023,-0.0022,0.0043,0.0
1954-09-10,0.0034000000000000002,0.0001,0.004,0.0
1954-09-13,0.006500000000000001,-0.0028000000000000004,0.006,0.0
1954-09-14,0.0032,-0.0019,-0.0031,0.0
1954-09-15,-0.0016,-0.0006,-0.003,0.0
1954-09-16,0.0034999999999999996,0.0001,0.0027,0.0
1954-09-17,0.0062,-0.0009,-0.0014000000000000002,0.0
1954-09-20,-0.0037,0.0008,-0.004699999999999999,0.0
1954-09-21,0.0055000000000000005,-0.0034000000000000002,0.0023,0.0
1954-09-22,0.0059,-0.003,0.0015,0.0
1954-09-23,0.0040999999999999995,-0.0042,-0.0026,0.0
1954-09-24,0.005,-0.003,0.0003,0.0
1954-09-27,0.002,-0.0019,-0.005699999999999999,0.0
1954-09-28,0.0012,-0.0034000000000000002,-0.0040999999999999995,0.0
1954-09-29,-0.0040999999999999995,0.0037,-0.0009,0.0
1954-09-30,-0.0040999999999999995,0.004,-0.0005,0.0
1954-10-01,0.0012,-0.0003,0.003,0.0
1954-10-04,0.005,-0.0018,0.0,0.0
1954-10-05,0.0034000000000000002,-0.0014000000000000002,0.0002,0.0
1954-10-06,0.0024,-0.0021,0.0014000000000000002,0.0
1954-10-07,-0.0021,-0.0004,0.0054,0.0
1954-10-08,-0.0002,0.0007000000000000001,0.0004,0.0
1954-10-11,-0.0064,0.004,0.0019,0.0
1954-10-12,-0.0037,0.0011,-0.0031,0.0
1954-10-13,-0.0006,0.0014000000000000002,0.0004,0.0
1954-10-14,-0.0115,0.0037,-0.0051,0.0
1954-10-15,-0.0032,0.0029,0.0052,0.0
1954-10-18,0.0032,-0.0032,0.001,0.0
1954-10-19,0.003,-0.0018,0.0037,0.0
1954-10-20,0.0060999999999999995,-0.0005,0.0040999999999999995,0.0
1954-10-21,0.0013,-0.0009,0.0005,0.0
1954-10-22,0.0012,0.0026,-0.002,0.0
1954-10-25,-0.005699999999999999,-0.0013,-0.0048,0.0
1954-10-26,-0.0007000000000000001,0.0005,0.0004,0.0
1954-10-27,0.0,0.0007000000000000001,-0.0008,0.0
1954-10-28,-0.0023,0.0014000000000000002,-0.0036,0.0
1954-10-29,-0.006999999999999999,0.0006,-0.0016,0.0
1954-11-01,0.0045000000000000005,-0.0051,0.0011,0.0
1954-11-03,0.019799999999999998,-0.004699999999999999,0.0028000000000000004,0.0
1954-11-04,0.0102,-0.002,0.001,0.0
1954-11-05,-0.0004,-0.0006,0.001,0.0
1954-11-08,0.0087,-0.0023,0.006999999999999999,0.0
1954-11-09,0.0038,-0.001,0.0012,0.0
1954-11-10,0.0034999999999999996,0.0007000000000000001,-0.0004,0.0
1954-11-11,0.0074,-0.0022,0.0058,0.0
1954-11-12,0.003,-0.0012,0.005,0.0
1954-11-15,-0.0007000000000000001,0.0,-0.0008,0.0
1954-11-16,0.0051,-0.0033,0.0045000000000000005,0.0
1954-11-17,0.0034000000000000002,-0.0021,0.0069,0.0
1954-11-18,-0.0046,0.0040999999999999995,-0.006500000000000001,0.0
1954-11-19,0.0032,0.005600000000000001,0.0034999999999999996,0.0
1954-11-22,0.005600000000000001,-0.0004,0.0052,0.0
1954-11-23,0.0118,-0.0038,0.0018,0.0
1954-11-24,0.0025,-0.002,0.0026,0.0
1954-11-26,0.0073,-0.0034999999999999996,0.0016,0.0
1954-11-29,0.0025,-0.0024,-0.0003,0.0
1954-11-30,-0.006,0.0022,-0.0028000000000000004,0.0
1954-12-01,-0.004699999999999999,0.0022,-0.0026,0.0
1954-12-02,0.0068000000000000005,0.0042,0.003,0.0
1954-12-03,0.009300000000000001,0.0032,0.0016,0.0
1954-12-06,0.006999999999999999,0.0019,0.0018,0.0
1954-12-07,0.0024,-0.0002,0.0038,0.0
1954-12-08,0.0,0.0014000000000000002,0.0008,0.0
1954-12-09,-0.0034999999999999996,0.0009,-0.0009,0.0
1954-12-10,-0.0017000000000000001,0.0060999999999999995,0.0033,0.0
1954-12-13,-0.0014000000000000002,0.0003,0.0042,0.0
1954-12-14,-0.0070999999999999995,0.0024,-0.0024,0.0
1954-12-15,0.004,-0.0066,0.0085,0.0
1954-12-16,0.0096,-0.0027,0.0054,0.0
1954-12-17,0.0060999999999999995,-0.0009,0.0052,0.0
1954-12-20,0.0073,-0.0011,0.0009,0.0
1954-12-21,0.0014000000000000002,0.0022,-0.0002,0.0
1954-12-22,-0.0003,0.0032,0.0014000000000000002,0.0
1954-12-23,0.001,0.0013,0.0043,0.0
1954-12-27,-0.006500000000000001,-0.0006,0.0008,0.0
1954-12-28,0.0091,-0.001,0.011200000000000002,0.0
1954-12-29,0.008100000000000001,0.0,0.0036,0.0
1954-12-30,0.0008,0.0027,-0.0006,0.0
1954-12-31,0.006,0.0014000000000000002,-0.0002,0.0
1955-01-03,0.0108,-0.0043,-0.0018,0.0
1955-01-04,-0.0042,0.0023,-0.0015,0.0
1955-01-05,-0.0213,0.0021,-0.0127,0.0
1955-01-06,-0.0137,0.0021,-0.0027,0.0
1955-01-07,0.0111,0.0033,0.0126,0.0
1955-01-10,0.0143,0.0001,0.0062,0.0
1955-01-11,-0.0018,0.0019,-0.0038,0.0
1955-01-12,-0.0022,-0.0005,0.0025,0.0
1955-01-13,-0.0049,0.0027,-0.0015,0.0
1955-01-14,-0.0038,0.0045000000000000005,-0.0005,0.0
1955-01-17,-0.019,0.0062,-0.0070999999999999995,0.0
1955-01-18,0.0068000000000000005,-0.0033,0.0052,0.0
1955-01-19,0.0049,0.0043,-0.001,0.0
1955-01-20,0.0026,0.0011,-0.004699999999999999,0.0
1955-01-21,0.0066,-0.0018,0.0059,0.0
1955-01-24,0.0014000000000000002,-0.0023,0.0013,0.0
1955-01-25,-0.0011,-0.0034000000000000002,0.0040999999999999995,0.0
1955-01-26,0.0072,-0.0091,0.0127,0.0
1955-01-27,0.0015,0.0026,0.0001,0.0
1955-01-28,0.0042,-0.0013,0.0037,0.0
1955-01-31,0.0075,-0.0055000000000000005,0.0051,0.0
1955-02-01,0.0042,-0.0033,-0.0051,0.0
1955-02-02,-0.001,0.001,-0.0033,0.0
1955-02-03,-0.0011,0.005699999999999999,0.0028000000000000004,0.0
1955-02-04,0.0103,-0.0042,-0.004699999999999999,0.0
1955-02-07,0.0028000000000000004,0.003,-0.0049,0.0
1955-02-08,-0.008,0.001,-0.0051,0.0
1955-02-09,0.010700000000000001,-0.0016,0.010700000000000001,0.0
1955-02-10,0.0078000000000000005,0.0003,0.0008,0.0
1955-02-11,0.0017000000000000001,-0.0016,-0.0014000000000000002,0.0
1955-02-14,-0.0025,0.005,0.0013,0.0
1955-02-15,0.0031,0.0033,-0.0008,0.0
1955-02-16,-0.0026,0.0039000000000000003,-0.0006,0.0
1955-02-17,0.0013,0.0028000000000000004,0.0013,0.0
1955-02-18,0.0027,0.0,0.0026,0.0
1955-02-21,0.0006,0.0033,0.0019,0.0
1955-02-23,0.0007000000000000001,-0.002,0.0034999999999999996,0.0
1955-02-24,-0.0049,-0.0023,-0.0004,0.0
1955-02-25,-0.001,0.004,-0.0013,0.0
1955-02-28,0.0051,-0.0034999999999999996,0.0086,0.0
1955-03-01,0.0032,-0.0037,0.0052,0.0
1955-03-02,0.008,-0.0005,0.006500000000000001,0.0
1955-03-03,0.0027,0.0001,-0.0060999999999999995,0.0
1955-03-04,0.0039000000000000003,-0.0026,0.0001,0.0
1955-03-07,-0.0039000000000000003,0.0013,-0.003,0.0
1955-03-08,-0.0183,0.0007000000000000001,-0.0078000000000000005,0.0
1955-03-09,-0.012199999999999999,-0.0070999999999999995,0.0016,0.0
1955-03-10,0.0079,0.0066,0.0042,0.0
1955-03-11,-0.0154,0.0006,-0.0042,0.0
1955-03-14,-0.0241,-0.002,-0.003,0.0
1955-03-15,0.0191,-0.0013,0.0103,0.0
1955-03-16,0.009399999999999999,0.0036,0.0014000000000000002,0.0
1955-03-17,0.0042,-0.0004,0.0011,0.0
1955-03-18,0.0015,0.0022,-0.0042,0.0
1955-03-21,-0.0054,0.0015,-0.001,0.0
1955-03-22,0.0053,-0.0040999999999999995,0.008,0.0
1955-03-23,0.011899999999999999,0.0008,0.0031,0.0
1955-03-24,0.0084,-0.0037,0.0012,0.0
1955-03-25,0.0027,-0.0018,0.0005,0.0
1955-03-28,-0.0034000000000000002,-0.0001,0.0008,0.0
1955-03-29,0.0009,0.0008,0.0067,0.0
1955-03-30,-0.0088,0.0018,-0.0074,0.0
1955-03-31,0.0022,0.0011,0.006,0.0
1955-04-01,0.0083,-0.0044,0.0064,0.0001
1955-04-04,-0.0015,0.0023,-0.0034000000000000002,0.0001
1955-04-05,0.0038,-0.0027,0.0021,0.0001
1955-04-06,0.0018,-0.0011,0.0019,0.0001
1955-04-07,0.004,-0.0025,0.0012,0.0001
1955-04-11,0.0022,-0.0028000000000000004,-0.003,0.0001
1955-04-12,0.0044,-0.0026,0.0037,0.0001
1955-04-13,0.0028000000000000004,-0.0007000000000000001,-0.0015,0.0001
1955-04-14,0.0008,0.0016,-0.0036,0.0001
1955-04-15,0.004,0.0015,0.0046,0.0001
1955-04-18,0.006,-0.005,-0.0016,0.0001
1955-04-19,-0.0016,-0.0013,0.0026,0.0001
1955-04-20,0.0018,0.0,0.0019,0.0001
1955-04-21,-0.0007000000000000001,-0.0003,0.0001,0.0001
1955-04-22,-0.0075,0.0005,-0.0026,0.0001
1955-04-25,0.0026,-0.0013,0.008199999999999999,0.0001
1955-04-26,0.005699999999999999,-0.004,-0.0002,0.0001
1955-04-27,-0.004,0.001,-0.0062,0.0001
1955-04-28,-0.008100000000000001,0.0046,-0.0051,0.0001
1955-04-29,0.006,0.0002,0.0018,0.0001
1955-05-02,0.0013,-0.0040999999999999995,-0.0002,0.0001
1955-05-03,-0.0085,-0.0024,-0.0077,0.0001
1955-05-04,0.0012,0.0001,0.0038,0.0001
1955-05-05,0.004699999999999999,0.0008,0.0004,0.0001
1955-05-06,0.003,0.0003,0.004,0.0001
1955-05-09,0.0011,-0.0014000000000000002,0.0004,0.0001
1955-05-10,-0.002,-0.0019,-0.0046,0.0001
1955-05-11,-0.009300000000000001,0.0027,-0.0034000000000000002,0.0001
1955-05-12,-0.0058,0.0031,-0.004699999999999999,0.0001
1955-05-13,0.005699999999999999,0.0008,0.0039000000000000003,0.0001
1955-05-16,-0.0102,0.0013,-0.006999999999999999,0.0001
1955-05-17,-0.0006,0.0012,0.0009,0.0001
1955-05-18,0.0077,-0.0002,0.0064,0.0001
1955-05-19,0.0067,0.0012,0.0005,0.0001
1955-05-20,0.0066,-0.001,0.0018,0.0001
1955-05-23,-0.0064,0.0034999999999999996,-0.0055000000000000005,0.0001
1955-05-24,0.0011,-0.0012,0.0018,0.0001
1955-05-25,0.0048,-0.0011,0.002,0.0001
1955-05-26,0.006999999999999999,-0.0049,0.0038,0.0001
1955-05-27,0.0014000000000000002,0.0004,-0.004,0.0001
1955-05-31,0.0003,0.0002,-0.0014000000000000002,0.0001
1955-06-01,0.0018,-0.0018,-0.0040999999999999995,0.0
1955-06-02,0.0029,-0.0023,0.0013,0.0
1955-06-03,0.0064,-0.004699999999999999,0.006,0.0
1955-06-06,0.0053,-0.0070999999999999995,0.0087,0.0
1955-06-07,0.0069,-0.0052,0.005,0.0
1955-06-08,0.0052,-0.0039000000000000003,0.0018,0.0
1955-06-09,-0.0051,0.0017000000000000001,-0.0072,0.0
1955-06-10,0.0051,-0.0032,0.004699999999999999,0.0
1955-06-13,0.009000000000000001,-0.008,0.0022,0.0
1955-06-14,-0.0002,-0.0003,-0.0013,0.0
1955-06-15,0.0068000000000000005,-0.0017000000000000001,-0.0005,0.0
1955-06-16,0.0015,0.0009,-0.0007000000000000001,0.0
1955-06-17,0.0028000000000000004,-0.0008,0.0026,0.0
1955-06-20,0.0023,-0.001,-0.003,0.0
1955-06-21,0.0045000000000000005,-0.0015,-0.0012,0.0
1955-06-22,0.0019,-0.0013,0.005,0.0
1955-06-23,0.0011,-0.0006,-0.0036,0.0
1955-06-24,0.0011,0.0009,-0.0026,0.0
1955-06-27,0.0008,-0.0033,0.0049,0.0
1955-06-28,-0.0034999999999999996,0.0027,-0.0045000000000000005,0.0
1955-06-29,0.0013,-0.0016,0.0027,0.0
1955-06-30,0.005600000000000001,-0.0018,0.0015,0.0
1955-07-01,0.0039000000000000003,-0.0013,0.0016,0.0
1955-07-05,0.0091,-0.0054,-0.0022,0.0
1955-07-06,0.0121,-0.012199999999999999,-0.0126,0.0
1955-07-07,-0.0139,0.0004,0.0016,0.0
1955-07-08,-0.0011,0.0006,0.0003,0.0
1955-07-11,0.004699999999999999,-0.0009,0.0038,0.0
1955-07-12,-0.0013,0.0017000000000000001,-0.0005,0.0
1955-07-13,-0.0095,0.0027,0.0040999999999999995,0.0
1955-07-14,0.0021,0.0001,0.0037,0.0
1955-07-15,0.0042,0.0002,0.0032,0.0
1955-07-18,-0.0015,-0.0017000000000000001,0.001,0.0
1955-07-19,-0.0058,0.0046,-0.0001,0.0
1955-07-20,0.0023,0.0018,0.0034999999999999996,0.0
1955-07-21,0.0076,0.0015,-0.0023,0.0
1955-07-22,0.0070999999999999995,-0.0029,0.0039000000000000003,0.0
1955-07-25,0.0049,-0.0007000000000000001,-0.0027,0.0
1955-07-26,-0.0001,-0.0036,0.0008,0.0
1955-07-27,0.0005,-0.0006,-0.0011,0.0
1955-07-28,-0.0048,0.0026,-0.0012,0.0
1955-07-29,-0.0013,0.0008,-0.0008,0.0
1955-08-01,-0.011399999999999999,0.0028000000000000004,0.0,0.0001
1955-08-02,0.0011,0.0022,0.0002,0.0001
1955-08-03,0.0021,0.0011,-0.0018,0.0001
1955-08-04,-0.0124,0.0023,0.0002,0.0001
1955-08-05,0.0053,0.0003,-0.0008,0.0001
1955-08-08,-0.0049,-0.001,0.0006,0.0001
1955-08-09,-0.0104,0.0014000000000000002,-0.0009,0.0001
1955-08-10,0.0014000000000000002,0.0004,-0.0014000000000000002,0.0001
1955-08-11,0.0084,-0.0032,0.0046,0.0001
1955-08-12,0.0028000000000000004,0.0,-0.0017000000000000001,0.0001
1955-08-15,-0.0015,-0.0002,0.0011,0.0001
1955-08-16,-0.0053,0.0007000000000000001,0.0033,0.0001
1955-08-17,-0.0004,-0.0023,0.0025,0.0001
1955-08-18,-0.0002,0.0006,0.0013,0.0001
1955-08-19,0.0014000000000000002,-0.0001,0.0008,0.0001
1955-08-22,-0.0011,-0.0019,0.0015,0.0001
1955-08-23,0.009399999999999999,-0.0060999999999999995,0.0024,0.0001
1955-08-24,0.0038,0.0,0.0016,0.0001
1955-08-25,0.0045000000000000005,-0.0004,-0.0007000000000000001,0.0001
1955-08-26,0.0039000000000000003,0.0003,-0.0022,0.0001
1955-08-29,0.0008,0.0002,-0.001,0.0001
1955-08-30,0.0002,0.0,-0.0017000000000000001,0.0001
1955-08-31,0.005,-0.0013,-0.0009,0.0001
1955-09-01,0.0028000000000000004,0.0,-0.0022,0.0001
1955-09-02,0.0043,-0.001,0.0013,0.0001
1955-09-06,0.005600000000000001,-0.0023,0.0001,0.0001
1955-09-07,0.0003,-0.0023,0.0042,0.0001
1955-09-08,0.0019,0.0018,0.0006,0.0001
1955-09-09,0.0012,0.0007000000000000001,0.0016,0.0001
1955-09-12,0.0045000000000000005,-0.0016,-0.0026,0.0001
1955-09-13,0.0063,-0.0038,-0.005600000000000001,0.0001
1955-09-14,0.0023,-0.0014000000000000002,0.0043,0.0001
1955-09-15,-0.0013,0.0024,0.0003,0.0001
1955-09-16,0.0044,-0.0005,-0.0009,0.0001
1955-09-19,0.0002,0.0001,-0.0026,0.0001
1955-09-20,-0.0004,0.0014000000000000002,0.0006,0.0001
1955-09-21,0.0043,-0.0017000000000000001,-0.0014000000000000002,0.0001
1955-09-22,0.0004,0.0002,0.0009,0.0001
1955-09-23,0.0038,-0.0029,0.0021,0.0001
1955-09-26,-0.065,0.0037,-0.005,0.0001
1955-09-27,0.0216,-0.003,-0.0059,0.0001
1955-09-28,0.0127,0.004699999999999999,-0.0021,0.0001
1955-09-29,-0.0060999999999999995,0.005,0.0032,0.0001
1955-09-30,-0.005,0.0031,-0.001,0.0001
1955-10-03,-0.0223,0.0052,0.0006,0.0001
1955-10-04,0.0048,0.0005,-0.0004,0.0001
1955-10-05,0.0051,0.0007000000000000001,0.0014000000000000002,0.0001
1955-10-06,-0.0040999999999999995,0.0037,-0.0023,0.0001
1955-10-07,-0.0076,-0.0003,-0.001,0.0001
1955-10-10,-0.0256,0.005,-0.0021,0.0001
1955-10-11,-0.0073,-0.0001,0.0039000000000000003,0.0001
1955-10-12,0.0137,-0.0023,0.0001,0.0001
1955-10-13,-0.0014000000000000002,-0.0001,-0.0003,0.0001
1955-10-14,-0.0016,-0.0007000000000000001,0.0036,0.0001
1955-10-17,0.0031,-0.0008,0.0023,0.0001
1955-10-18,0.0042,-0.0002,-0.0007000000000000001,0.0001
1955-10-19,0.008199999999999999,-0.0013,-0.0006,0.0001
1955-10-20,0.009300000000000001,-0.0005,-0.0033,0.0001
1955-10-21,0.001,-0.0009,0.0031,0.0001
1955-10-24,0.005699999999999999,-0.0027,-0.0003,0.0001
1955-10-25,-0.0048,0.0017000000000000001,0.001,0.0001
1955-10-26,-0.0062,0.0037,-0.001,0.0001
1955-10-27,-0.0021,0.0017000000000000001,-0.0023,0.0001
1955-10-28,0.0027,0.0001,-0.0012,0.0001
1955-10-31,-0.0008,0.0021,-0.0017000000000000001,0.0001
1955-11-01,0.0002,-0.0014000000000000002,-0.0005,0.0001
1955-11-02,0.0018,-0.0006,0.0016,0.0001
1955-11-03,0.013999999999999999,-0.0052,-0.003,0.0001
1955-11-04,0.0134,-0.005699999999999999,-0.0031,0.0001
1955-11-07,0.0058,-0.0011,-0.0005,0.0001
1955-11-09,0.0084,-0.0053,-0.002,0.0001
1955-11-10,-0.0012,0.0006,0.0034999999999999996,0.0001
1955-11-11,0.0078000000000000005,0.0001,0.0003,0.0001
1955-11-14,0.014499999999999999,-0.0064,-0.005699999999999999,0.0001
1955-11-15,0.0015,-0.0019,-0.0013,0.0001
1955-11-16,-0.0024,0.001,0.0039000000000000003,0.0001
1955-11-17,-0.004,0.0038,-0.001,0.0001
1955-11-18,-0.0016,0.0019,-0.0019,0.0001
1955-11-21,-0.0059,0.0028000000000000004,0.0043,0.0001
1955-11-22,0.0084,-0.0040999999999999995,0.0018,0.0001
1955-11-23,0.0027,-0.003,0.0,0.0001
1955-11-25,0.0034999999999999996,-0.0026,0.0063,0.0001
1955-11-28,-0.0040999999999999995,0.0023,0.0033,0.0001
1955-11-29,0.0034000000000000002,0.0006,-0.0012,0.0001
1955-11-30,0.0023,0.0034999999999999996,-0.0022,0.0001
1955-12-01,-0.0015,0.0037,-0.0016,0.0001
1955-12-02,0.0027,0.0015,-0.0016,0.0001
1955-12-05,0.0051,-0.0007000000000000001,-0.0019,0.0001
1955-12-06,0.001,0.0026,-0.0007000000000000001,0.0001
1955-12-07,-0.0013,0.0054,-0.006,0.0001
1955-12-08,0.0045000000000000005,0.0007000000000000001,-0.002,0.0001
1955-12-09,0.0005,0.0015,0.0024,0.0001
1955-12-12,-0.0067,0.0012,0.0011,0.0001
1955-12-13,0.0,0.0008,0.0017000000000000001,0.0001
1955-12-14,-0.0063,0.0055000000000000005,-0.002,0.0001
1955-12-15,0.0002,0.0003,-0.0016,0.0001
1955-12-16,0.0032,0.0008,-0.0019,0.0001
1955-12-19,-0.0009,0.0026,-0.001,0.0001
1955-12-20,-0.0009,0.0012,-0.003,0.0001
1955-12-21,0.008199999999999999,-0.0032,-0.001,0.0001
1955-12-22,0.0022,0.0013,-0.0002,0.0001
1955-12-23,0.0016,-0.0014000000000000002,0.0021,0.0001
1955-12-27,-0.0027,0.0,0.0024,0.0001
1955-12-28,-0.0024,-0.0003,-0.0004,0.0001
1955-12-29,0.0005,-0.0024,-0.0015,0.0001
1955-12-30,0.008100000000000001,-0.0016,-0.0046,0.0001
1956-01-03,-0.006500000000000001,0.0018,0.0002,0.0001
1956-01-04,-0.0053,0.0031,-0.0016,0.0001
1956-01-05,0.0012,0.0040999999999999995,-0.0003,0.0001
1956-01-06,0.0045000000000000005,-0.0008,0.0028000000000000004,0.0001
1956-01-09,-0.0127,0.0024,0.0,0.0001
1956-01-10,-0.0075,-0.0002,0.0011,0.0001
1956-01-11,0.0062,0.0021,-0.0009,0.0001
1956-01-12,0.0060999999999999995,0.0001,-0.0002,0.0001
1956-01-13,-0.0005,-0.001,0.0014000000000000002,0.0001
1956-01-16,-0.0102,0.0034000000000000002,-0.0028000000000000004,0.0001
1956-01-17,0.004699999999999999,-0.0021,0.0002,0.0001
1956-01-18,-0.008,0.0026,-0.0016,0.0001
1956-01-19,-0.0102,0.0021,-0.0001,0.0001
1956-01-20,-0.0072,0.0009,0.0001,0.0001
1956-01-23,-0.0037,-0.0019,0.0007000000000000001,0.0001
1956-01-24,0.0128,-0.0026,0.0022,0.0001
1956-01-25,0.0036,-0.0014000000000000002,0.0011,0.0001
1956-01-26,-0.0054,0.0003,0.0039000000000000003,0.0001
1956-01-27,-0.0024,-0.0007000000000000001,-0.0005,0.0001
1956-01-30,0.0021,-0.0001,-0.0012,0.0001
1956-01-31,0.008199999999999999,-0.0069,0.0044,0.0001
1956-02-01,0.0058,-0.0022,-0.0025,0.0001
1956-02-02,0.002,-0.0008,-0.0032,0.0001
1956-02-03,0.0091,-0.0042,-0.005699999999999999,0.0001
1956-02-06,-0.0001,0.0016,-0.0029,0.0001
1956-02-07,-0.0021,-0.0003,0.0019,0.0001
1956-02-08,-0.0102,0.0024,-0.0021,0.0001
1956-02-09,-0.01,0.0033,0.0022,0.0001
1956-02-10,0.0027,-0.0012,0.0019,0.0001
1956-02-13,-0.001,0.0003,0.0008,0.0001
1956-02-14,-0.0038,0.0012,0.0006,0.0001
1956-02-15,0.011699999999999999,-0.0004,0.0007000000000000001,0.0001
1956-02-16,-0.0016,0.0019,0.0016,0.0001
1956-02-17,0.0143,-0.006,0.0034000000000000002,0.0001
1956-02-20,0.0008,0.0008,0.005,0.0001
1956-02-21,0.0018,0.0004,-0.0001,0.0001
1956-02-23,0.010700000000000001,-0.0023,-0.0019,0.0001
1956-02-24,0.0068000000000000005,-0.0042,-0.0001,0.0001
1956-02-27,-0.0006,0.0012,-0.0009,0.0001
1956-02-28,0.0039000000000000003,-0.0013,-0.002,0.0001
1956-02-29,-0.0026,0.0004,-0.001,0.0001
1956-03-01,0.0059,-0.0021,-0.0008,0.0001
1956-03-02,0.0072,-0.0031,0.0028000000000000004,0.0001
1956-03-05,0.0060999999999999995,-0.0006,0.0019,0.0001
1956-03-06,-0.0008,0.0017000000000000001,-0.0039000000000000003,0.0001
1956-03-07,0.0,0.0028000000000000004,0.0004,0.0001
1956-03-08,0.0034999999999999996,-0.0011,0.0021,0.0001
1956-03-09,0.0113,-0.0021,-0.0008,0.0001
1956-03-12,0.0073,-0.004,-0.001,0.0001
1956-03-13,0.0,0.0005,-0.002,0.0001
1956-03-14,0.0062,-0.0038,0.0002,0.0001
1956-03-15,0.006,-0.0017000000000000001,-0.0039000000000000003,0.0001
1956-03-16,0.0005,-0.0004,-0.0012,0.0001
1956-03-19,0.0058,-0.003,-0.0006,0.0001
1956-03-20,0.0026,-0.0038,0.0002,0.0001
1956-03-21,-0.0088,0.0052,0.0012,0.0001
1956-03-22,0.0060999999999999995,-0.0027,0.0003,0.0001
1956-03-23,0.0044,-0.0013,-0.0016,0.0001
1956-03-26,0.0003,0.001,-0.0009,0.0001
1956-03-27,-0.0055000000000000005,0.0023,-0.0039000000000000003,0.0001
1956-03-28,0.0038,-0.0017000000000000001,0.0039000000000000003,0.0001
1956-03-29,0.0026,-0.0024,0.0032,0.0001
1956-04-02,0.0066,-0.0053,-0.0017000000000000001,0.0001
1956-04-03,-0.0026,0.0015,-0.0036,0.0001
1956-04-04,0.0027,0.0,-0.0024,0.0001
1956-04-05,-0.0042,0.0009,0.0012,0.0001
1956-04-06,0.0051,-0.0019,0.0003,0.0001
1956-04-09,-0.005,0.0040999999999999995,-0.0006,0.0001
1956-04-10,-0.013300000000000001,0.0052,-0.0005,0.0001
1956-04-11,0.0078000000000000005,-0.0014000000000000002,-0.0004,0.0001
1956-04-12,-0.005600000000000001,0.005,0.0017000000000000001,0.0001
1956-04-13,0.0005,0.0021,0.0039000000000000003,0.0001
1956-04-16,-0.0002,-0.0003,0.0009,0.0001
1956-04-17,-0.0006,-0.0004,-0.0014000000000000002,0.0001
1956-04-18,-0.0021,0.0008,0.0002,0.0001
1956-04-19,-0.0036,0.0006,-0.0008,0.0001
1956-04-20,0.004699999999999999,-0.004,0.004699999999999999,0.0001
1956-04-23,-0.0004,-0.0004,0.0032,0.0001
1956-04-24,-0.0083,0.0032,-0.0003,0.0001
1956-04-25,-0.0026,0.0002,0.0046,0.0001
1956-04-26,0.0078000000000000005,-0.0027,-0.0025,0.0001
1956-04-27,0.0096,-0.0033,-0.0029,0.0001
1956-04-30,0.0068000000000000005,-0.0046,-0.0053,0.0001
1956-05-01,-0.0031,0.0003,-0.003,0.0001
1956-05-02,0.0005,0.0029,-0.0023,0.0001
1956-05-03,0.0043,-0.0015,0.0026,0.0001
1956-05-04,0.0052,0.0004,-0.0026,0.0001
1956-05-07,-0.003,0.0005,-0.0008,0.0001
1956-05-08,-0.0029,-0.0004,0.0015,0.0001
1956-05-09,0.0002,-0.0011,0.006,0.0001
1956-05-10,-0.013500000000000002,0.004,-0.0027,0.0001
1956-05-11,0.0019,0.0042,-0.0021,0.0001
1956-05-14,-0.011000000000000001,0.0043,-0.0048,0.0001
1956-05-15,-0.0054,-0.0004,0.0023,0.0001
1956-05-16,-0.0016,0.0015,0.0039000000000000003,0.0001
1956-05-17,0.0073,-0.0023,-0.0007000000000000001,0.0001
1956-05-18,-0.0028000000000000004,0.0023,0.0024,0.0001
1956-05-21,-0.0104,0.0009,-0.0025,0.0001
1956-05-22,-0.0126,0.0032,-0.0008,0.0001
1956-05-23,-0.0039000000000000003,0.0037,-0.0012,0.0001
1956-05-24,-0.0129,-0.0008,-0.0009,0.0001
1956-05-25,0.0002,-0.0025,0.0005,0.0001
1956-05-28,-0.0121,-0.0027,-0.0031,0.0001
1956-05-29,0.022400000000000003,-0.0022,-0.0051,0.0001
1956-05-31,0.0008,0.0016,-0.0008,0.0001
1956-06-01,0.0048,-0.0031,-0.0019,0.0001
1956-06-04,0.0045000000000000005,-0.0034999999999999996,0.0,0.0001
1956-06-05,0.0008,0.0016,0.0001,0.0001
1956-06-06,-0.0034000000000000002,0.0008,-0.0008,0.0001
1956-06-07,0.006,-0.0014000000000000002,-0.0003,0.0001
1956-06-08,-0.0175,-0.0040999999999999995,0.0,0.0001
1956-06-11,0.0118,-0.0006,-0.0001,0.0001
1956-06-12,0.0128,-0.0048,-0.003,0.0001
1956-06-13,0.0025,0.0025,0.0013,0.0001
1956-06-14,-0.0024,-0.0003,0.0027,0.0001
1956-06-15,0.0018,-0.0005,-0.0016,0.0001
1956-06-18,-0.006,0.0053,0.0001,0.0001
1956-06-19,0.0034000000000000002,-0.0032,-0.0028000000000000004,0.0001
1956-06-20,0.0027,-0.0007000000000000001,-0.0023,0.0001
1956-06-21,0.0048,-0.0019,0.0015,0.0001
1956-06-22,-0.001,0.0016,-0.001,0.0001
1956-06-25,-0.0042,0.0019,-0.0017000000000000001,0.0001
1956-06-26,0.0058,-0.0018,-0.0005,0.0001
1956-06-27,0.006,-0.0001,-0.0022,0.0001
1956-06-28,0.0013,-0.0033,0.0019,0.0001
1956-06-29,-0.0001,0.0005,0.0003,0.0001
1956-07-02,0.0001,-0.0019,-0.002,0.0001
1956-07-03,0.0060999999999999995,-0.0018,-0.0033,0.0001
1956-07-05,0.008199999999999999,-0.0023,-0.0012,0.0001
1956-07-06,0.0045000000000000005,-0.0021,0.0008,0.0001
1956-07-09,0.0036,0.0005,0.0008,0.0001
1956-07-10,0.0040999999999999995,0.0009,-0.0008,0.0001
1956-07-11,0.0025,0.0012,0.0008,0.0001
1956-07-12,-0.0025,0.0016,0.002,0.0001
1956-07-13,0.004699999999999999,-0.0014000000000000002,0.002,0.0001
1956-07-16,0.0068000000000000005,-0.0045000000000000005,-0.0014000000000000002,0.0001
1956-07-17,0.0036,-0.0015,-0.0001,0.0001
1956-07-18,-0.0007000000000000001,-0.001,0.0016,0.0001
1956-07-19,0.0002,-0.0001,-0.0004,0.0001
1956-07-20,0.0021,0.0005,-0.0005,0.0001
1956-07-23,0.0006,-0.0028000000000000004,0.0018,0.0001
1956-07-24,-0.001,0.0008,0.0022,0.0001
1956-07-25,0.0019,-0.002,0.0003,0.0001
1956-07-26,0.0021,0.0001,-0.0028000000000000004,0.0001
1956-07-27,-0.0066,0.0022,-0.0016,0.0001
1956-07-30,0.0,-0.0008,0.001,0.0001
1956-07-31,0.0066,-0.0017000000000000001,-0.0002,0.0001
1956-08-01,0.0013,-0.0001,-0.0008,0.0001
1956-08-02,0.0052,0.0005,-0.006500000000000001,0.0001
1956-08-03,-0.0016,0.0002,-0.0012,0.0001
1956-08-06,-0.013999999999999999,0.0039000000000000003,0.0014000000000000002,0.0001
1956-08-07,0.0074,-0.0023,0.0004,0.0001
1956-08-08,0.0059,-0.0007000000000000001,-0.0026,0.0001
1956-08-09,0.0011,0.0015,0.0007000000000000001,0.0001
1956-08-10,-0.0043,0.0006,-0.001,0.0001
1956-08-13,-0.0076,0.0015,0.0008,0.0001
1956-08-14,0.0036,-0.0014000000000000002,-0.0007000000000000001,0.0001
1956-08-15,-0.0002,0.0013,-0.0009,0.0001
1956-08-16,-0.001,0.0011,-0.0017000000000000001,0.0001
1956-08-17,-0.0001,0.0018,-0.0002,0.0001
1956-08-20,-0.009399999999999999,0.0028000000000000004,0.0018,0.0001
1956-08-21,-0.0108,-0.0008,0.0017000000000000001,0.0001
1956-08-22,-0.0043,0.0040999999999999995,0.003,0.0001
1956-08-23,0.0083,-0.0014000000000000002,-0.0029,0.0001
1956-08-24,0.0007000000000000001,0.0028000000000000004,-0.0015,0.0001
1956-08-27,-0.005600000000000001,0.0022,-0.0006,0.0001
1956-08-28,-0.0036,0.002,0.0011,0.0001
1956-08-29,-0.004,0.0009,0.0034999999999999996,0.0001
1956-08-30,-0.009300000000000001,-0.0004,0.0009,0.0001
1956-08-31,0.0105,-0.001,-0.0019,0.0001
1956-09-04,0.0074,-0.0017000000000000001,-0.0029,0.0001
1956-09-05,0.0036,0.0003,-0.0042,0.0001
1956-09-06,0.0011,0.0003,-0.0007000000000000001,0.0001
1956-09-07,-0.0053,0.0034000000000000002,0.0006,0.0001
1956-09-10,-0.0040999999999999995,0.0015,0.0011,0.0001
1956-09-11,-0.0064,0.0026,0.0,0.0001
1956-09-12,-0.0054,0.0003,0.0012,0.0001
1956-09-13,-0.0018,0.0013,-0.001,0.0001
1956-09-14,0.004,-0.0064,0.0098,0.0001
1956-09-17,-0.0021,0.0002,0.0005,0.0001
1956-09-18,-0.0079,0.003,0.0005,0.0001
1956-09-19,-0.009300000000000001,0.0036,0.004,0.0001
1956-09-20,-0.0026,-0.0006,0.0021,0.0001
1956-09-21,0.0069,0.0011,0.0017000000000000001,0.0001
1956-09-24,-0.0054,0.0024,-0.0017000000000000001,0.0001
1956-09-25,-0.0138,0.0014000000000000002,0.0033,0.0001
1956-09-26,-0.0005,-0.0026,0.0048,0.0001
1956-09-27,-0.0043,0.0044,-0.0027,0.0001
1956-09-28,-0.0068000000000000005,0.002,0.0018,0.0001
1956-10-01,-0.0152,0.0013,-0.0005,0.0001
1956-10-02,0.0173,-0.0034000000000000002,-0.0014000000000000002,0.0001
1956-10-03,0.0149,-0.0049,-0.003,0.0001
1956-10-04,-0.0005,0.0019,-0.0021,0.0001
1956-10-05,0.0036,0.0,0.0034000000000000002,0.0001
1956-10-08,0.0,-0.0004,0.0012,0.0001
1956-10-09,-0.004699999999999999,0.0033,-0.002,0.0001
1956-10-10,0.0104,-0.0053,-0.0018,0.0001
1956-10-11,0.0014000000000000002,0.0022,-0.0018,0.0001
1956-10-12,0.0026,-0.0004,0.0028000000000000004,0.0001
1956-10-15,0.0002,-0.0001,-0.0003,0.0001
1956-10-16,-0.0038,-0.0002,0.0048,0.0001
1956-10-17,-0.006999999999999999,0.0034999999999999996,0.0023,0.0001
1956-10-18,0.0017000000000000001,-0.002,0.002,0.0001
1956-10-19,-0.0003,0.0016,0.0045000000000000005,0.0001
1956-10-22,-0.002,-0.0013,-0.0001,0.0001
1956-10-23,-0.0007000000000000001,0.0008,-0.0022,0.0001
1956-10-24,-0.0039000000000000003,0.0018,-0.0029,0.0001
1956-10-25,-0.003,0.0003,0.0002,0.0001
1956-10-26,0.0088,-0.0022,0.0014000000000000002,0.0001
1956-10-29,0.0017000000000000001,0.0024,-0.0059,0.0001
1956-10-30,-0.002,-0.0012,0.0018,0.0001
1956-10-31,-0.0137,0.001,-0.0012,0.0001
1956-11-01,0.0175,-0.0063,0.0017000000000000001,0.0001
1956-11-02,0.008199999999999999,-0.0016,-0.0016,0.0001
1956-11-05,0.0138,-0.0064,-0.0036,0.0001
1956-11-07,-0.0062,0.0044,-0.0002,0.0001
1956-11-08,-0.0074,0.0011,0.0012,0.0001
1956-11-09,-0.0049,0.0048,-0.0024,0.0001
1956-11-12,0.005,-0.0012,0.0034999999999999996,0.0001
1956-11-13,-0.0003,0.0005,0.0053,0.0001
1956-11-14,-0.006500000000000001,-0.0005,0.0042,0.0001
1956-11-15,-0.005,0.0054,0.0042,0.0001
1956-11-16,-0.0008,0.0004,0.0018,0.0001
1956-11-19,-0.0102,0.003,0.0022,0.0001
1956-11-20,-0.0059,0.0004,0.0018,0.0001
1956-11-21,-0.0023,-0.0004,-0.0016,0.0001
1956-11-23,0.009300000000000001,-0.0046,-0.0007000000000000001,0.0001
1956-11-26,-0.0032,0.0048,0.0034000000000000002,0.0001
1956-11-27,0.0003,-0.0015,0.0005,0.0001
1956-11-28,-0.009899999999999999,0.0054,-0.0008,0.0001
1956-11-29,-0.0025,-0.0032,0.001,0.0001
1956-11-30,0.0151,-0.006999999999999999,-0.0026,0.0001
1956-12-03,0.015700000000000002,-0.0068000000000000005,-0.0018,0.0001
1956-12-04,-0.0007000000000000001,0.0029,-0.0085,0.0001
1956-12-05,0.009399999999999999,-0.0025,-0.0021,0.0001
1956-12-06,0.0052,-0.0060999999999999995,0.0058,0.0001
1956-12-07,0.0026,0.0013,-0.0017000000000000001,0.0001
1956-12-10,-0.003,0.0036,0.0004,0.0001
1956-12-11,-0.0045000000000000005,0.0036,-0.0009,0.0001
1956-12-12,-0.0063,0.0069,-0.0033,0.0001
1956-12-13,0.0068000000000000005,-0.0018,0.0037,0.0001
1956-12-14,0.0019,0.0032,-0.0046,0.0001
1956-12-17,-0.0005,-0.0002,-0.0005,0.0001
1956-12-18,0.0001,-0.0009,-0.0021,0.0001
1956-12-19,-0.0027,0.0016,-0.0029,0.0001
1956-12-20,-0.0062,0.0024,-0.0003,0.0001
1956-12-21,0.0059,-0.0029,0.0040999999999999995,0.0001
1956-12-26,0.0025,-0.0011,-0.0034999999999999996,0.0001
1956-12-27,-0.0008,-0.0009,-0.0021,0.0001
1956-12-28,0.0024,-0.0006,0.0004,0.0001
1956-12-31,0.0036,-0.0017000000000000001,-0.0012,0.0001
1957-01-02,-0.0073,0.0064,0.0085,0.0001
1957-01-03,0.0079,-0.0003,0.0024,0.0001
1957-01-04,0.0017000000000000001,0.0009,0.0044,0.0001
1957-01-07,-0.0046,0.0031,0.0066,0.0001
1957-01-08,-0.0013,0.0045000000000000005,0.0007000000000000001,0.0001
1957-01-09,-0.0019,0.0034000000000000002,0.0019,0.0001
1957-01-10,0.0038,0.0032,0.0028000000000000004,0.0001
1957-01-11,-0.001,0.0045000000000000005,0.0014000000000000002,0.0001
1957-01-14,-0.0072,0.0032,-0.002,0.0001
1957-01-15,-0.011000000000000001,0.0037,0.0019,0.0001
1957-01-16,-0.0006,0.0021,0.0009,0.0001
1957-01-17,-0.003,-0.0021,-0.0001,0.0001
1957-01-18,-0.012199999999999999,0.0025,-0.0004,0.0001
1957-01-21,-0.0034000000000000002,0.0001,-0.0023,0.0001
1957-01-22,0.0032,0.0024,-0.0009,0.0001
1957-01-23,0.005600000000000001,-0.0023,0.002,0.0001
1957-01-24,0.0025,0.0015,-0.0016,0.0001
1957-01-25,-0.0051,-0.0015,-0.0003,0.0001
1957-01-28,-0.0069,-0.0009,-0.0006,0.0001
1957-01-29,0.0023,0.0004,0.0029,0.0001
1957-01-30,0.0052,-0.0043,0.0008,0.0001
1957-01-31,-0.0026,0.0034999999999999996,-0.0004,0.0001
1957-02-01,-0.0039000000000000003,-0.0003,-0.0016,0.0001
1957-02-04,-0.0019,0.0022,-0.0008,0.0001
1957-02-05,-0.0126,-0.0016,-0.0016,0.0001
1957-02-06,0.0015,-0.001,0.0024,0.0001
1957-02-07,-0.0034999999999999996,0.0006,-0.0014000000000000002,0.0001
1957-02-08,-0.0042,-0.0003,-0.0009,0.0001
1957-02-11,-0.0173,0.0015,-0.0059,0.0001
1957-02-12,-0.0054,-0.0029,0.0017000000000000001,0.0001
1957-02-13,0.0155,-0.0016,0.0013,0.0001
1957-02-14,0.0005,0.0007000000000000001,0.0001,0.0001
1957-02-15,0.0123,-0.0027,-0.0017000000000000001,0.0001
1957-02-18,-0.0022,0.0046,-0.0036,0.0001
1957-02-19,0.002,-0.002,-0.0008,0.0001
1957-02-20,0.0045000000000000005,-0.0037,-0.0012,0.0001
1957-02-21,-0.0039000000000000003,0.001,-0.0002,0.0001
1957-02-25,0.0001,-0.0014000000000000002,0.002,0.0001
1957-02-26,0.0019,-0.001,-0.0001,0.0001
1957-02-27,-0.0017000000000000001,-0.0005,0.004,0.0001
1957-02-28,-0.0019,0.0005,0.0019,0.0001
1957-03-01,0.0089,-0.0042,-0.0013,0.0001
1957-03-04,0.0068000000000000005,-0.0015,-0.0016,0.0001
1957-03-05,0.0042,-0.0023,-0.0009,0.0001
1957-03-06,0.0031,0.0003,-0.0043,0.0001
1957-03-07,-0.0026,0.0045000000000000005,-0.0024,0.0001
1957-03-08,-0.0034999999999999996,-0.0002,0.0009,0.0001
1957-03-11,-0.0054,0.0042,-0.0005,0.0001
1957-03-12,-0.0002,-0.0012,0.0011,0.0001
1957-03-13,0.005600000000000001,0.002,0.0002,0.0001
1957-03-14,0.0009,-0.0011,0.001,0.0001
1957-03-15,0.0013,0.0018,0.0003,0.0001
1957-03-18,-0.004,0.0003,-0.0004,0.0001
1957-03-19,0.0036,0.0002,-0.001,0.0001
1957-03-20,0.0013,0.0039000000000000003,-0.0003,0.0001
1957-03-21,0.0003,-0.0017000000000000001,0.0004,0.0001
1957-03-22,-0.0016,0.0008,0.0034999999999999996,0.0001
1957-03-25,-0.0042,0.0009,0.0009,0.0001
1957-03-26,0.0015,-0.0013,-0.0013,0.0001
1957-03-27,0.003,-0.0013,-0.0006,0.0001
1957-03-28,0.0034000000000000002,-0.0009,0.0013,0.0001
1957-03-29,-0.0014000000000000002,-0.0001,-0.0003,0.0001
1957-04-01,-0.0001,-0.0017000000000000001,-0.0012,0.0001
1957-04-02,0.0059,-0.0023,-0.0009,0.0001
1957-04-03,0.0034999999999999996,0.0001,0.0007000000000000001,0.0001
1957-04-04,-0.0024,0.0012,-0.0011,0.0001
1957-04-05,0.0007000000000000001,0.0012,-0.0036,0.0001
1957-04-08,0.0003,0.0004,-0.003,0.0001
1957-04-09,0.0084,-0.0039000000000000003,-0.0019,0.0001
1957-04-10,0.0053,-0.0027,0.0027,0.0001
1957-04-11,0.0008,0.0021,-0.002,0.0001
1957-04-12,0.0019,-0.0001,0.0,0.0001
1957-04-15,-0.0012,-0.0003,0.0018,0.0001
1957-04-16,0.0007000000000000001,-0.0005,-0.0009,0.0001
1957-04-17,0.0022,-0.001,-0.0026,0.0001
1957-04-18,0.0069,-0.0017000000000000001,-0.0004,0.0001
1957-04-22,0.001,0.0013,-0.0003,0.0001
1957-04-23,0.005699999999999999,-0.004699999999999999,0.0043,0.0001
1957-04-24,0.0016,-0.0017000000000000001,-0.001,0.0001
1957-04-25,-0.0032,-0.0007000000000000001,0.003,0.0001
1957-04-26,-0.0012,-0.0009,0.0004,0.0001
1957-04-29,0.0038,0.0007000000000000001,-0.0046,0.0001
1957-04-30,0.0011,0.0001,-0.0034999999999999996,0.0001
1957-05-01,0.0055000000000000005,-0.0028000000000000004,-0.0033,0.0001
1957-05-02,0.0073,-0.004,-0.0015,0.0001
1957-05-03,-0.0007000000000000001,0.0033,-0.0007000000000000001,0.0001
1957-05-06,-0.0013,-0.0002,0.0002,0.0001
1957-05-07,-0.0017000000000000001,0.0002,-0.0014000000000000002,0.0001
1957-05-08,0.004,0.001,-0.0034999999999999996,0.0001
1957-05-09,0.0013,0.0025,-0.0009,0.0001
1957-05-10,0.0043,-0.0003,-0.003,0.0001
1957-05-13,0.0070999999999999995,-0.0033,-0.0042,0.0001
1957-05-14,-0.0042,0.0025,0.0002,0.0001
1957-05-15,0.0024,0.0008,-0.0034999999999999996,0.0001
1957-05-16,0.0042,-0.0017000000000000001,0.004699999999999999,0.0001
1957-05-17,0.0029,-0.0014000000000000002,0.0012,0.0001
1957-05-20,0.0027,-0.0026,-0.0027,0.0001
1957-05-21,0.0007000000000000001,-0.0011,-0.0002,0.0001
1957-05-22,-0.0033,-0.0003,0.0017000000000000001,0.0001
1957-05-23,-0.0008,-0.0001,0.001,0.0001
1957-05-24,0.0013,-0.0018,0.0017000000000000001,0.0001
1957-05-27,-0.0088,0.0018,-0.001,0.0001
1957-05-28,-0.0014000000000000002,0.0003,0.0021,0.0001
1957-05-29,0.008199999999999999,-0.0027,-0.003,0.0001
1957-05-31,0.0045000000000000005,-0.0005,-0.0038,0.0001
1957-06-03,-0.0019,0.0004,-0.0009,0.0001
1957-06-04,-0.0013,-0.0001,0.0007000000000000001,0.0001
1957-06-05,0.0002,0.0001,-0.0002,0.0001
1957-06-06,0.0063,-0.0038,-0.0033,0.0001
1957-06-07,0.0003,-0.0001,0.0004,0.0001
1957-06-10,-0.006500000000000001,0.0,0.003,0.0001
1957-06-11,0.0126,-0.0001,-0.0016,0.0001
1957-06-12,0.0016,-0.0022,0.0029,0.0001
1957-06-13,0.0016,0.0007000000000000001,-0.0019,0.0001
1957-06-14,-0.0002,0.0012,-0.0017000000000000001,0.0001
1957-06-17,0.0016,-0.001,-0.0018,0.0001
1957-06-18,-0.0044,0.0043,-0.0048,0.0001
1957-06-19,-0.0092,0.006,-0.0007000000000000001,0.0001
1957-06-20,-0.005699999999999999,0.0019,0.0015,0.0001
1957-06-21,-0.0058,0.0013,0.0036,0.0001
1957-06-24,-0.0074,-0.0009,0.0045000000000000005,0.0001
1957-06-25,0.0066,-0.0002,-0.0005,0.0001
1957-06-26,-0.0016,0.0006,0.0019,0.0001
1957-06-27,0.0036,-0.0024,-0.0004,0.0001
1957-06-28,0.0023,0.0003,-0.0012,0.0001
1957-07-01,0.0018,-0.0042,0.0025,0.0001
1957-07-02,0.0085,-0.0040999999999999995,-0.0033,0.0001
1957-07-03,0.0079,-0.0008,-0.0036,0.0001
1957-07-05,0.0077,-0.0008,-0.0037,0.0001
1957-07-08,0.0037,-0.0021,-0.0023,0.0001
1957-07-09,-0.0025,-0.0009,0.0048,0.0001
1957-07-10,0.0066,-0.0048,0.0032,0.0001
1957-07-11,-0.0039000000000000003,0.0007000000000000001,0.0034000000000000002,0.0001
1957-07-12,0.0040999999999999995,-0.0015,-0.0001,0.0001
1957-07-15,0.0007000000000000001,-0.003,0.0029,0.0001
1957-07-16,-0.0049,0.0016,0.0024,0.0001
1957-07-17,-0.0059,0.0032,-0.0016,0.0001
1957-07-18,-0.001,0.0032,-0.0034000000000000002,0.0001
1957-07-19,0.0002,0.0016,-0.0023,0.0001
1957-07-22,-0.0022,0.0016,0.0002,0.0001
1957-07-23,-0.0012,-0.0015,0.0049,0.0001
1957-07-24,0.0007000000000000001,0.0,-0.0001,0.0001
1957-07-25,-0.0001,-0.0011,0.0036,0.0001
1957-07-26,-0.0034000000000000002,0.0003,-0.001,0.0001
1957-07-29,-0.011200000000000002,0.0015,-0.0009,0.0001
1957-07-30,0.0012,0.001,-0.0001,0.0001
1957-07-31,0.0,0.0018,-0.0007000000000000001,0.0001
1957-08-01,-0.0025,0.0009,-0.0009,0.0001
1957-08-02,-0.0009,-0.0013,0.0054,0.0001
1957-08-05,-0.0086,0.0026,0.0018,0.0001
1957-08-06,-0.011000000000000001,0.0021,0.002,0.0001
1957-08-07,0.008199999999999999,-0.0045000000000000005,-0.0032,0.0001
1957-08-08,-0.0031,0.0064,-0.0045000000000000005,0.0001
1957-08-09,0.0002,-0.0029,0.0011,0.0001
1957-08-12,-0.011000000000000001,0.0024,0.0019,0.0001
1957-08-13,-0.0002,0.0,-0.0028000000000000004,0.0001
1957-08-14,-0.0125,0.0006,0.0027,0.0001
1957-08-15,0.0008,-0.0027,0.0013,0.0001
1957-08-16,0.0015,0.0002,0.0006,0.0001
1957-08-19,-0.0192,0.0032,0.0037,0.0001
1957-08-20,0.0075,-0.0053,-0.0011,0.0001
1957-08-21,0.005600000000000001,-0.0001,-0.0040999999999999995,0.0001
1957-08-22,-0.0067,0.0012,0.0044,0.0001
1957-08-23,-0.013999999999999999,-0.0001,0.0028000000000000004,0.0001
1957-08-26,-0.014199999999999999,0.0009,0.0011,0.0001
1957-08-27,0.0154,-0.0001,-0.0095,0.0001
1957-08-28,0.0012,0.0019,-0.0042,0.0001
1957-08-29,-0.0046,-0.0003,-0.0005,0.0001
1957-08-30,0.0166,-0.0049,-0.0031,0.0001
1957-09-03,0.0044,0.0019,-0.0018,0.0001
1957-09-04,-0.0085,0.003,0.0003,0.0001
1957-09-05,-0.0036,-0.0002,0.0004,0.0001
1957-09-06,-0.0027,0.0024,0.0027,0.0001
1957-09-09,-0.0084,0.0007000000000000001,0.0008,0.0001
1957-09-10,-0.0088,0.0015,-0.0008,0.0001
1957-09-11,0.0075,-0.0060999999999999995,-0.0006,0.0001
1957-09-12,0.0123,-0.0029,-0.0042,0.0001
1957-09-13,-0.0005,0.0038,0.0008,0.0001
1957-09-16,-0.004699999999999999,0.0008,0.0008,0.0001
1957-09-17,0.0015,-0.0005,-0.0016,0.0001
1957-09-18,0.0013,-0.0013,0.0021,0.0001
1957-09-19,-0.0060999999999999995,0.0034000000000000002,0.0005,0.0001
1957-09-20,-0.0158,-0.0004,0.0049,0.0001
1957-09-23,-0.0213,-0.0018,0.0017000000000000001,0.0001
1957-09-24,0.0064,-0.001,-0.0028000000000000004,0.0001
1957-09-25,-0.0126,-0.0045000000000000005,0.0021,0.0001
1957-09-26,0.0022,-0.0008,-0.0006,0.0001
1957-09-27,-0.0003,0.0062,0.0006,0.0001
1957-09-30,-0.0033,-0.0036,0.0044,0.0001
1957-10-01,0.0073,-0.0048,-0.0034999999999999996,0.0001
1957-10-02,0.0084,-0.0014000000000000002,0.0002,0.0001
1957-10-03,0.0004,-0.0029,0.005,0.0001
1957-10-04,-0.0070999999999999995,0.0032,0.0027,0.0001
1957-10-07,-0.0189,0.0011,0.0058,0.0001
1957-10-08,-0.008,-0.0059,-0.0019,0.0001
1957-10-09,0.0018,0.0024,-0.0006,0.0001
1957-10-10,-0.0248,-0.0034000000000000002,0.0043,0.0001
1957-10-11,-0.0013,-0.0024,-0.0060999999999999995,0.0001
1957-10-14,0.0070999999999999995,0.0026,-0.0115,0.0001
1957-10-15,0.0105,-0.0008,0.0002,0.0001
1957-10-16,-0.0077,0.0014000000000000002,0.0012,0.0001
1957-10-17,-0.018000000000000002,-0.0048,0.0031,0.0001
1957-10-18,-0.0086,-0.001,0.0001,0.0001
1957-10-21,-0.030299999999999997,-0.0044,-0.0015,0.0001
1957-10-22,-0.005600000000000001,-0.0063,-0.0066,0.0001
1957-10-23,0.044199999999999996,-0.0039000000000000003,-0.0088,0.0001
1957-10-24,0.001,0.0078000000000000005,-0.0001,0.0001
1957-10-25,-0.0034000000000000002,-0.0006,-0.0009,0.0001
1957-10-28,-0.0044,-0.0031,0.0024,0.0001
1957-10-29,0.0063,-0.0018,-0.0019,0.0001
1957-10-30,0.0086,0.0005,-0.0001,0.0001
1957-10-31,0.0012,0.0028000000000000004,-0.0025,0.0001
1957-11-01,-0.014199999999999999,0.0064,0.0008,0.0001
1957-11-04,-0.0007000000000000001,-0.001,-0.0028000000000000004,0.0001
1957-11-06,0.0021,0.0066,-0.006500000000000001,0.0001
1957-11-07,0.005600000000000001,0.0011,-0.0021,0.0001
1957-11-08,-0.01,0.0034999999999999996,0.0005,0.0001
1957-11-11,-0.0012,0.0018,-0.0003,0.0001
1957-11-12,-0.011699999999999999,0.0051,0.003,0.0001
1957-11-13,-0.0016,-0.0015,0.0001,0.0001
1957-11-14,-0.0062,-0.001,-0.0019,0.0001
1957-11-15,0.0264,-0.0052,-0.0039000000000000003,0.0001
1957-11-18,-0.008,0.0011,-0.0021,0.0001
1957-11-19,-0.0062,0.0003,-0.0087,0.0001
1957-11-20,0.0040999999999999995,-0.0007000000000000001,0.0024,0.0001
1957-11-21,0.0137,-0.006999999999999999,0.0018,0.0001
1957-11-22,0.01,0.0007000000000000001,0.0001,0.0001
1957-11-25,0.008100000000000001,-0.004699999999999999,-0.0027,0.0001
1957-11-26,-0.0259,0.0039000000000000003,0.0054,0.0001
1957-11-27,0.0285,-0.006,-0.0126,0.0001
1957-11-29,0.012,0.0001,0.0004,0.0001
1957-12-02,-0.008100000000000001,0.004699999999999999,-0.0013,0.0001
1957-12-03,0.0005,-0.001,-0.0031,0.0001
1957-12-04,0.0043,-0.0013,-0.005,0.0001
1957-12-05,0.0005,0.0003,-0.002,0.0001
1957-12-06,-0.006,0.004,0.0002,0.0001
1957-12-09,-0.0075,0.0018,-0.0033,0.0001
1957-12-10,-0.0084,0.0008,0.0001,0.0001
1957-12-11,-0.0017000000000000001,-0.0034000000000000002,-0.0026,0.0001
1957-12-12,0.0014000000000000002,-0.0054,0.0121,0.0001
1957-12-13,0.0044,-0.0018,0.0006,0.0001
1957-12-16,-0.0147,0.0032,-0.0013,0.0001
1957-12-17,-0.0171,0.0004,0.0045000000000000005,0.0001
1957-12-18,-0.001,-0.0053,0.0023,0.0001
1957-12-19,0.0101,-0.004,-0.004,0.0001
1957-12-20,-0.0083,0.0040999999999999995,-0.0016,0.0001
1957-12-23,-0.0007000000000000001,-0.0026,-0.0070999999999999995,0.0001
1957-12-24,0.0011,0.0023,-0.0006,0.0001
1957-12-26,0.01,-0.0036,-0.002,0.0001
1957-12-27,-0.0029,0.0011,-0.0023,0.0001
1957-12-30,-0.0055000000000000005,-0.0039000000000000003,-0.0025,0.0001
1957-12-31,0.0102,0.0002,0.0006,0.0001
1958-01-02,0.0098,0.0063,0.011699999999999999,0.0001
1958-01-03,0.013500000000000002,0.0034999999999999996,0.0105,0.0001
1958-01-06,-0.0043,0.0066,0.0027,0.0001
1958-01-07,0.008,0.0021,-0.0024,0.0001
1958-01-08,0.0,0.002,0.0021,0.0001
1958-01-09,-0.0060999999999999995,0.0073,-0.0017000000000000001,0.0001
1958-01-10,-0.0089,0.004,0.001,0.0001
1958-01-13,0.0029,-0.0005,-0.0011,0.0001
1958-01-14,0.0045000000000000005,0.0002,0.0008,0.0001
1958-01-15,0.0083,-0.0028000000000000004,-0.0013,0.0001
1958-01-16,0.002,0.0040999999999999995,0.0052,0.0001
1958-01-17,0.0011,-0.0009,0.0062,0.0001
1958-01-20,0.0055000000000000005,0.0018,-0.0034000000000000002,0.0001
1958-01-21,-0.0006,0.0062,-0.0018,0.0001
1958-01-22,-0.0022,0.0013,0.0014000000000000002,0.0001
1958-01-23,0.004,0.0008,0.0014000000000000002,0.0001
1958-01-24,0.0087,-0.0014000000000000002,0.0033,0.0001
1958-01-27,-0.0022,-0.0009,0.0055000000000000005,0.0001
1958-01-28,0.0003,0.0,-0.0027,0.0001
1958-01-29,0.005699999999999999,-0.0031,0.0029,0.0001
1958-01-30,-0.0044,0.0039000000000000003,-0.0003,0.0001
1958-01-31,0.0002,-0.0006,0.0008,0.0001
1958-02-03,0.0076,0.0001,-0.0007000000000000001,0.0001
1958-02-04,0.0104,-0.0022,-0.0009,0.0001
1958-02-05,-0.0048,0.0021,0.0011,0.0001
1958-02-06,-0.0022,-0.0001,0.0005,0.0001
1958-02-07,-0.0076,0.0021,-0.0029,0.0001
1958-02-10,-0.005600000000000001,0.0016,0.001,0.0001
1958-02-11,-0.008100000000000001,0.0036,0.0002,0.0001
1958-02-12,-0.0040999999999999995,-0.0014000000000000002,0.0029,0.0001
1958-02-13,0.0003,0.0019,0.0012,0.0001
1958-02-14,0.0092,-0.0049,0.0017000000000000001,0.0001
1958-02-17,-0.0053,0.0051,0.0019,0.0001
1958-02-18,0.0017000000000000001,-0.002,0.0014000000000000002,0.0001
1958-02-19,0.0002,0.0013,-0.0025,0.0001
1958-02-20,-0.005699999999999999,0.0032,0.0012,0.0001
1958-02-21,-0.0009,-0.0007000000000000001,-0.0015,0.0001
1958-02-24,-0.0054,0.0011,-0.0013,0.0001
1958-02-25,-0.001,-0.0034999999999999996,0.0007000000000000001,0.0001
1958-02-26,0.0078000000000000005,-0.001,0.0,0.0001
1958-02-27,-0.0052,0.0032,-0.0027,0.0001
1958-02-28,0.0036,-0.0019,0.0011,0.0001
1958-03-03,0.0068000000000000005,-0.0025,-0.0046,0.0
1958-03-04,0.0042,0.0017000000000000001,-0.0039000000000000003,0.0
1958-03-05,0.0044,-0.0014000000000000002,0.0014000000000000002,0.0
1958-03-06,0.0116,-0.0052,0.0011,0.0
1958-03-07,0.0018,0.0025,-0.0032,0.0
1958-03-10,0.002,-0.0019,0.0008,0.0
1958-03-11,0.008100000000000001,-0.0008,-0.0017000000000000001,0.0
1958-03-12,-0.0016,0.0011,0.0003,0.0
1958-03-13,0.0008,0.0034999999999999996,0.0040999999999999995,0.0
1958-03-14,-0.0014000000000000002,0.0008,-0.0007000000000000001,0.0
1958-03-17,-0.008100000000000001,0.0036,0.0016,0.0
1958-03-18,-0.002,-0.0007000000000000001,-0.0033,0.0
1958-03-19,0.0049,0.002,-0.0001,0.0
1958-03-20,-0.0001,0.0028000000000000004,-0.0003,0.0
1958-03-21,0.0073,-0.0014000000000000002,0.0009,0.0
1958-03-24,0.0026,-0.0025,0.0019,0.0
1958-03-25,-0.0021,0.0005,-0.0017000000000000001,0.0
1958-03-26,-0.0025,0.0018,0.0013,0.0
1958-03-27,-0.0028000000000000004,0.0013,-0.0009,0.0
1958-03-28,0.0013,0.0013,-0.0032,0.0
1958-03-31,-0.003,-0.0001,0.0,0.0
1958-04-01,-0.0039000000000000003,-0.0026,0.0003,0.0
1958-04-02,-0.0077,0.0017000000000000001,0.0023,0.0
1958-04-03,-0.0027,0.0012,0.0018,0.0
1958-04-07,-0.0039000000000000003,-0.0005,0.0021,0.0
1958-04-08,0.0075,0.0004,-0.0006,0.0
1958-04-09,0.0006,0.0021,0.0024,0.0
1958-04-10,0.0013,0.0011,0.003,0.0
1958-04-11,0.0017000000000000001,-0.0007000000000000001,0.0040999999999999995,0.0
1958-04-14,0.0058,-0.0017000000000000001,-0.0007000000000000001,0.0
1958-04-15,0.0096,-0.0039000000000000003,0.0004,0.0
1958-04-16,-0.0073,0.003,0.001,0.0
1958-04-17,0.0033,-0.003,0.0095,0.0
1958-04-18,0.01,-0.0029,-0.0064,0.0
1958-04-21,0.004699999999999999,-0.0031,0.0038,0.0
1958-04-22,-0.0034999999999999996,0.0033,-0.0006,0.0
1958-04-23,0.0012,0.0027,-0.0034000000000000002,0.0
1958-04-24,0.0077,-0.0009,-0.0002,0.0
1958-04-25,0.0049,-0.0013,-0.0033,0.0
1958-04-28,-0.0037,0.0024,0.0004,0.0
1958-04-29,-0.0044,-0.0005,0.0009,0.0
1958-04-30,0.0095,-0.0037,-0.001,0.0
1958-05-01,0.0015,0.0006,-0.0019,0.0001
1958-05-02,0.0040999999999999995,0.0008,-0.0008,0.0001
1958-05-05,0.0024,0.0,0.0027,0.0001
1958-05-06,0.006,-0.0024,0.0019,0.0001
1958-05-07,-0.0012,0.0012,-0.0012,0.0001
1958-05-08,0.0018,-0.0002,0.0009,0.0001
1958-05-09,0.0009,0.0013,0.0024,0.0001
1958-05-12,-0.004,0.0045000000000000005,-0.0015,0.0001
1958-05-13,-0.0021,0.006500000000000001,-0.0039000000000000003,0.0001
1958-05-14,-0.0111,0.0018,0.0011,0.0001
1958-05-15,0.0054,-0.0019,0.0034999999999999996,0.0001
1958-05-16,0.0007000000000000001,0.0001,-0.0002,0.0001
1958-05-19,-0.0025,0.0017000000000000001,0.0001,0.0001
1958-05-20,0.0084,-0.0001,-0.0023,0.0001
1958-05-21,-0.0007000000000000001,0.0031,0.0009,0.0001
1958-05-22,0.0052,0.0018,-0.0005,0.0001
1958-05-23,0.0027,0.0027,-0.002,0.0001
1958-05-26,0.0,0.0001,0.0029,0.0001
1958-05-27,-0.0012,0.0001,-0.0014000000000000002,0.0001
1958-05-28,0.0012,-0.0002,-0.0001,0.0001
1958-05-29,0.005699999999999999,-0.0006,-0.0023,0.0001
1958-06-02,0.004699999999999999,-0.0004,-0.0034999999999999996,0.0
1958-06-03,0.0034000000000000002,-0.0019,0.002,0.0
1958-06-04,0.0007000000000000001,-0.0001,-0.0008,0.0
1958-06-05,0.0017000000000000001,-0.0025,0.0034000000000000002,0.0
1958-06-06,0.0022,0.0018,-0.0005,0.0
1958-06-09,-0.0009,-0.0009,-0.0036,0.0
1958-06-10,-0.0018,-0.0002,-0.0001,0.0
1958-06-11,0.0007000000000000001,-0.0016,0.004,0.0
1958-06-12,0.0055000000000000005,0.0,-0.0031,0.0
1958-06-13,0.0059,0.0001,0.0026,0.0
1958-06-16,0.0039000000000000003,-0.0006,-0.0002,0.0
1958-06-17,0.003,-0.0007000000000000001,0.0003,0.0
1958-06-18,-0.0036,0.0009,0.0009,0.0
1958-06-19,-0.011399999999999999,0.0039000000000000003,-0.0011,0.0
1958-06-20,0.0054,-0.0022,0.0013,0.0
1958-06-23,-0.0034999999999999996,0.0002,0.0015,0.0
1958-06-24,-0.0033,0.0027,0.0,0.0
1958-06-25,0.0024,0.0,0.0024,0.0
1958-06-26,0.0049,0.001,-0.0023,0.0
1958-06-27,0.0028000000000000004,0.0015,0.0024,0.0
1958-06-30,0.0064,-0.0024,-0.0027,0.0
1958-07-01,0.0009,-0.0019,-0.0005,0.0
1958-07-02,0.001,0.0011,-0.0004,0.0
1958-07-03,0.0034999999999999996,0.0023,-0.0002,0.0
1958-07-07,0.003,-0.0019,0.0015,0.0
1958-07-08,-0.0052,-0.0003,0.0019,0.0
1958-07-09,-0.0033,0.0004,-0.0024,0.0
1958-07-10,0.0046,-0.0016,-0.0017000000000000001,0.0
1958-07-11,0.0064,-0.0022,0.0062,0.0
1958-07-14,-0.0125,0.0027,-0.0011,0.0
1958-07-15,0.0013,-0.0031,0.0033,0.0
1958-07-16,0.0022,0.0019,0.0003,0.0
1958-07-17,0.0074,-0.0025,0.0051,0.0
1958-07-18,0.0039000000000000003,-0.0049,0.003,0.0
1958-07-21,0.0116,-0.0029,-0.0015,0.0
1958-07-22,0.0017000000000000001,0.0018,-0.0027,0.0
1958-07-23,0.0001,0.0049,0.0012,0.0
1958-07-24,0.0053,0.0017000000000000001,0.003,0.0
1958-07-25,0.0068000000000000005,0.0003,0.0049,0.0
1958-07-28,0.0034000000000000002,0.0026,0.0025,0.0
1958-07-29,-0.0027,0.0042,-0.0009,0.0
1958-07-30,0.0039000000000000003,0.0018,0.0062,0.0
1958-07-31,-0.0001,0.0,0.0016,0.0
1958-08-01,0.0076,-0.0011,0.0027,0.0
1958-08-04,0.0092,-0.0034000000000000002,0.0062,0.0
1958-08-05,-0.0049,-0.0008,-0.004699999999999999,0.0
1958-08-06,-0.0043,-0.0021,-0.0022,0.0
1958-08-07,0.0070999999999999995,0.001,0.006500000000000001,0.0
1958-08-08,0.0053,0.0004,-0.0018,0.0
1958-08-11,0.0034999999999999996,-0.0022,0.0003,0.0
1958-08-12,-0.008,0.0014000000000000002,-0.0029,0.0
1958-08-13,0.0022,0.0003,0.0038,0.0
1958-08-14,0.0023,0.0022,0.0005,0.0
1958-08-15,-0.0088,0.0045000000000000005,-0.0060999999999999995,0.0
1958-08-18,-0.0054,0.0005,-0.0012,0.0
1958-08-19,0.0018,-0.0002,0.0036,0.0
1958-08-20,0.0014000000000000002,0.0014000000000000002,0.0009,0.0
1958-08-21,0.006,0.0011,-0.0018,0.0
1958-08-22,0.0019,0.0021,0.0006,0.0
1958-08-25,0.0008,0.0003,-0.0003,0.0
1958-08-26,0.0038,-0.0008,0.001,0.0
1958-08-27,0.0004,0.0038,0.0002,0.0
1958-08-28,-0.005,0.0016,-0.0021,0.0
1958-08-29,0.0023,0.0013,0.0003,0.0
1958-09-02,0.0051,0.0034000000000000002,-0.0019,0.0001
1958-09-03,0.0039000000000000003,-0.0004,-0.0019,0.0001
1958-09-04,-0.0017000000000000001,0.0015,-0.0019,0.0001
1958-09-05,-0.0011,0.0019,-0.0013,0.0001
1958-09-08,0.0038,0.002,-0.001,0.0001
1958-09-09,0.0053,-0.0001,0.0004,0.0001
1958-09-10,-0.0026,0.0002,0.0,0.0001
1958-09-11,0.006500000000000001,-0.0018,0.0008,0.0001
1958-09-12,-0.0025,0.001,0.0006,0.0001
1958-09-15,0.0087,-0.0055000000000000005,0.0060999999999999995,0.0001
1958-09-16,0.006500000000000001,-0.0055000000000000005,0.0032,0.0001
1958-09-17,-0.0008,-0.0007000000000000001,0.0017000000000000001,0.0001
1958-09-18,-0.0044,0.0019,0.0043,0.0001
1958-09-19,0.0066,0.0006,0.009000000000000001,0.0001
1958-09-22,-0.0040999999999999995,0.0040999999999999995,-0.0012,0.0001
1958-09-23,0.0066,-0.0013,-0.0005,0.0001
1958-09-24,0.0038,-0.0025,0.0038,0.0001
1958-09-25,-0.0039000000000000003,-0.0015,0.003,0.0001
1958-09-26,0.0022,0.0037,-0.0016,0.0001
1958-09-29,0.0042,0.0017000000000000001,0.004699999999999999,0.0001
1958-09-30,0.0036,-0.0019,0.0005,0.0001
1958-10-01,-0.0021,-0.0024,-0.0028000000000000004,0.0001
1958-10-02,0.0032,0.0009,0.0005,0.0001
1958-10-03,0.0040999999999999995,-0.0014000000000000002,0.0039000000000000003,0.0001
1958-10-06,0.0055000000000000005,-0.0018,0.0016,0.0001
1958-10-07,0.0051,-0.0032,-0.0034999999999999996,0.0001
1958-10-08,0.0012,-0.0014000000000000002,-0.0024,0.0001
1958-10-09,0.0004,0.002,0.0029,0.0001
1958-10-10,0.0059,0.001,0.0001,0.0001
1958-10-13,0.0036,0.0017000000000000001,-0.0037,0.0001
1958-10-14,-0.0073,-0.0003,-0.0101,0.0001
1958-10-15,-0.0118,0.0046,-0.0075,0.0001
1958-10-16,0.0076,-0.0031,0.0038,0.0001
1958-10-17,0.0092,0.0051,-0.0018,0.0001
1958-10-20,-0.0028000000000000004,0.0051,-0.0012,0.0001
1958-10-21,-0.0004,-0.0005,0.0001,0.0001
1958-10-22,-0.0032,0.0022,0.0032,0.0001
1958-10-23,-0.0017000000000000001,-0.0001,0.0074,0.0001
1958-10-24,-0.0022,0.0001,0.0024,0.0001
1958-10-27,-0.0076,-0.002,0.0004,0.0001
1958-10-28,0.0044,0.0001,0.0059,0.0001
1958-10-29,0.0111,0.0017000000000000001,0.0013,0.0001
1958-10-30,0.0016,0.0016,-0.0087,0.0001
1958-10-31,0.0016,0.0003,-0.0025,0.0001
1958-11-03,0.0040999999999999995,-0.005600000000000001,-0.0004,0.0001
1958-11-05,0.0104,-0.0009,-0.0027,0.0001
1958-11-06,0.0062,-0.002,-0.0045000000000000005,0.0001
1958-11-07,-0.0014000000000000002,-0.0001,0.0014000000000000002,0.0001
1958-11-10,0.0067,-0.0027,0.0039000000000000003,0.0001
1958-11-11,0.0078000000000000005,-0.0002,0.0007000000000000001,0.0001
1958-11-12,0.0015,0.0029,-0.0042,0.0001
1958-11-13,-0.0036,0.0034000000000000002,0.0001,0.0001
1958-11-14,0.005,0.0032,-0.0013,0.0001
1958-11-17,0.0026,0.0006,-0.0014000000000000002,0.0001
1958-11-18,-0.0015,0.0016,-0.0023,0.0001
1958-11-19,0.0017000000000000001,0.0029,-0.0021,0.0001
1958-11-20,0.0006,0.0031,-0.0051,0.0001
1958-11-21,-0.0091,0.0049,-0.0004,0.0001
1958-11-24,-0.024300000000000002,0.0008,-0.0019,0.0001
1958-11-25,-0.0060999999999999995,0.0034999999999999996,0.0022,0.0001
1958-11-26,0.0183,0.0022,0.0045000000000000005,0.0001
1958-11-28,0.0115,0.002,0.0027,0.0001
1958-12-01,0.0040999999999999995,0.0009,-0.0032,0.0001
1958-12-02,-0.0039000000000000003,0.0031,-0.0062,0.0001
1958-12-03,0.0016,-0.0002,-0.0001,0.0001
1958-12-04,0.0007000000000000001,0.0008,0.0029,0.0001
1958-12-05,-0.0006,0.0013,0.0,0.0001
1958-12-08,0.0021,-0.0013,-0.0002,0.0001
1958-12-09,0.0052,-0.0028000000000000004,-0.0017000000000000001,0.0001
1958-12-10,0.011399999999999999,-0.0024,-0.002,0.0001
1958-12-11,-0.0026,0.001,0.0003,0.0001
1958-12-12,-0.0015,0.0011,0.0013,0.0001
1958-12-15,0.0025,-0.003,-0.0003,0.0001
1958-12-16,0.0033,-0.0014000000000000002,-0.001,0.0001
1958-12-17,0.0066,-0.0067,0.0023,0.0001
1958-12-18,0.0036,-0.0039000000000000003,0.0007000000000000001,0.0001
1958-12-19,-0.0017000000000000001,0.0003,-0.0014000000000000002,0.0001
1958-12-22,-0.0062,-0.0003,0.0,0.0001
1958-12-23,-0.0052,0.0019,0.0033,0.0001
1958-12-24,0.0137,-0.0033,0.0037,0.0001
1958-12-29,0.0089,-0.002,-0.0021,0.0001
1958-12-30,0.004,-0.0007000000000000001,-0.0002,0.0001
1958-12-31,0.0046,-0.002,0.0046,0.0001
1959-01-02,0.004,-0.0003,0.006999999999999999,0.0001
1959-01-05,0.0034999999999999996,-0.0027,0.0033,0.0001
1959-01-06,-0.001,0.0012,0.0006,0.0001
1959-01-07,-0.011899999999999999,0.0028000000000000004,-0.0006,0.0001
1959-01-08,0.0096,-0.0023,0.0074,0.0001
1959-01-09,0.0069,0.0012,0.0015,0.0001
1959-01-12,0.001,0.0034999999999999996,-0.0009,0.0001
1959-01-13,-0.0049,0.004,0.0037,0.0001
1959-01-14,0.0028000000000000004,0.0011,0.0040999999999999995,0.0001
1959-01-15,0.0037,0.0001,0.0066,0.0001
1959-01-16,0.0001,0.0009,0.0023,0.0001
1959-01-19,-0.0018,0.005600000000000001,-0.0001,0.0001
1959-01-20,0.0012,0.0038,-0.003,0.0001
1959-01-21,0.0055000000000000005,0.0009,-0.0011,0.0001
1959-01-22,-0.002,-0.0017000000000000001,-0.0023,0.0001
1959-01-23,0.001,0.0013,0.0034000000000000002,0.0001
1959-01-26,-0.004699999999999999,0.0044,-0.0058,0.0001
1959-01-27,0.0001,0.0002,-0.0012,0.0001
1959-01-28,-0.011000000000000001,-0.0006,-0.0019,0.0001
1959-01-29,0.0008,0.004,0.0015,0.0001
1959-01-30,0.0042,0.002,0.0042,0.0001
1959-02-02,-0.0031,0.0019,-0.0024,0.0001
1959-02-03,0.0014000000000000002,-0.0006,0.0043,0.0001
1959-02-04,-0.003,-0.0011,0.0006,0.0001
1959-02-05,-0.0038,-0.0008,0.0017000000000000001,0.0001
1959-02-06,-0.0068000000000000005,0.001,0.0018,0.0001
1959-02-09,-0.013600000000000001,0.001,-0.0029,0.0001
1959-02-10,0.013999999999999999,-0.0004,0.0027,0.0001
1959-02-11,0.0007000000000000001,0.0024,0.0034999999999999996,0.0001
1959-02-12,-0.005600000000000001,0.0040999999999999995,0.0026,0.0001
1959-02-13,0.0079,0.0009,0.0003,0.0001
1959-02-16,0.0022,0.0025,0.0031,0.0001
1959-02-17,-0.003,0.0024,0.0025,0.0001
1959-02-18,0.0046,0.0015,0.0013,0.0001
1959-02-19,0.0091,-0.0015,0.0011,0.0001
1959-02-20,0.0086,-0.0036,-0.0005,0.0001
1959-02-24,-0.0003,0.0021,0.0014000000000000002,0.0001
1959-02-25,-0.0032,-0.0003,-0.0023,0.0001
1959-02-26,0.0025,0.0029,-0.0052,0.0001
1959-02-27,0.0014000000000000002,0.0001,-0.0019,0.0001
1959-03-02,0.0052,-0.0003,-0.0048,0.0001
1959-03-03,0.0088,-0.0052,0.0014000000000000002,0.0001
1959-03-04,0.0013,-0.0011,0.0021,0.0001
1959-03-05,0.002,0.0011,0.0014000000000000002,0.0001
1959-03-06,-0.0034999999999999996,0.0037,-0.0039000000000000003,0.0001
1959-03-09,-0.0004,0.0034000000000000002,-0.0003,0.0001
1959-03-10,0.0032,0.0008,0.0018,0.0001
1959-03-11,0.0019,0.0012,0.0026,0.0001
1959-03-12,0.0044,-0.0012,0.0051,0.0001
1959-03-13,0.001,0.0023,0.0026,0.0001
1959-03-16,-0.010700000000000001,0.0014000000000000002,-0.0026,0.0001
1959-03-17,0.0083,0.0032,-0.0005,0.0001
1959-03-18,-0.0014000000000000002,0.0044,-0.0006,0.0001
1959-03-19,-0.0013,0.0007000000000000001,0.0012,0.0001
1959-03-20,0.0009,0.0012,-0.0042,0.0001
1959-03-23,-0.0092,-0.0011,-0.0034000000000000002,0.0001
1959-03-24,0.0018,-0.0008,0.0021,0.0001
1959-03-25,-0.0014000000000000002,0.0039000000000000003,-0.0031,0.0001
1959-03-26,-0.0013,0.0006,0.0004,0.0001
1959-03-30,-0.0060999999999999995,-0.0001,0.0002,0.0001
1959-03-31,-0.0004,-0.0036,-0.0008,0.0001
1959-04-01,0.0034999999999999996,-0.0037,-0.0006,0.0001
1959-04-02,0.005699999999999999,-0.0021,0.008,0.0001
1959-04-03,0.0077,-0.0002,-0.0021,0.0001
1959-04-06,0.002,-0.0014000000000000002,-0.0015,0.0001
1959-04-07,-0.0013,0.0003,0.0019,0.0001
1959-04-08,-0.0049,0.0008,0.0016,0.0001
1959-04-09,-0.0003,0.0001,0.0021,0.0001
1959-04-10,0.0015,0.0004,0.0037,0.0001
1959-04-13,0.0034000000000000002,-0.0014000000000000002,-0.0011,0.0001
1959-04-14,0.0054,-0.0024,0.001,0.0001
1959-04-15,0.004,0.001,-0.0002,0.0001
1959-04-16,0.006500000000000001,-0.0055000000000000005,-0.0001,0.0001
1959-04-17,0.008,-0.0048,-0.0042,0.0001
1959-04-20,0.0034999999999999996,-0.0045000000000000005,-0.0024,0.0001
1959-04-21,-0.0011,0.0021,-0.0060999999999999995,0.0001
1959-04-22,-0.0062,0.0044,-0.0036,0.0001
1959-04-23,-0.0024,0.0029,-0.0012,0.0001
1959-04-24,0.0055000000000000005,0.005,-0.0059,0.0001
1959-04-27,0.0037,-0.0016,-0.0015,0.0001
1959-04-28,-0.0033,-0.0001,-0.0021,0.0001
1959-04-29,-0.0031,0.004,0.0006,0.0001
1959-04-30,-0.0019,0.0001,0.0013,0.0001
1959-05-01,0.0013,0.0031,0.0018,0.0001
1959-05-04,0.0003,0.0001,0.0,0.0001
1959-05-05,0.0017000000000000001,-0.0006,-0.0042,0.0001
1959-05-06,-0.0015,0.0029,-0.006,0.0001
1959-05-07,-0.0126,-0.0022,-0.0031,0.0001
1959-05-08,0.0079,0.0028000000000000004,0.0053,0.0001
1959-05-11,0.0042,-0.0034999999999999996,0.0026,0.0001
1959-05-12,0.0011,-0.0031,0.0031,0.0001
1959-05-13,0.0052,-0.0036,0.0046,0.0001
1959-05-14,0.0066,-0.0036,0.004,0.0001
1959-05-15,-0.0036,0.0034000000000000002,-0.0016,0.0001
1959-05-18,-0.0006,-0.0044,0.0031,0.0001
1959-05-19,0.0023,-0.002,-0.0011,0.0001
1959-05-20,-0.0033,0.0016,-0.001,0.0001
1959-05-21,0.0007000000000000001,-0.0021,0.0069,0.0001
1959-05-22,0.0034999999999999996,-0.0018,0.0038,0.0001
1959-05-25,-0.0045000000000000005,0.0001,-0.0021,0.0001
1959-05-26,-0.0008,-0.0027,0.0003,0.0001
1959-05-27,0.0021,0.0001,0.001,0.0001
1959-05-28,0.003,-0.0009,-0.0016,0.0001
1959-05-29,0.0044,-0.004699999999999999,0.0024,0.0001
1959-06-01,-0.0012,0.0012,-0.0043,0.0001
1959-06-02,-0.0066,-0.0013,0.0015,0.0001
1959-06-03,0.0,0.0037,0.0004,0.0001
1959-06-04,-0.0109,0.002,-0.0014000000000000002,0.0001
1959-06-05,-0.0013,-0.0009,0.0029,0.0001
1959-06-08,-0.0139,-0.0016,0.0012,0.0001
1959-06-09,-0.0064,-0.0007000000000000001,0.0009,0.0001
1959-06-10,0.0147,0.0021,0.006,0.0001
1959-06-11,0.0017000000000000001,0.0012,0.0029,0.0001
1959-06-12,0.0002,-0.0006,0.0034999999999999996,0.0001
1959-06-15,-0.0049,0.0,0.0046,0.0001
1959-06-16,-0.0067,0.0024,-0.0017000000000000001,0.0001
1959-06-17,0.009300000000000001,-0.0031,0.0013,0.0001
1959-06-18,-0.0005,0.004699999999999999,0.0031,0.0001
1959-06-19,0.0019,0.0004,-0.0049,0.0001
1959-06-22,-0.0002,-0.0014000000000000002,0.0033,0.0001
1959-06-23,-0.0007000000000000001,-0.0003,0.0008,0.0001
1959-06-24,0.0046,-0.0027,0.0048,0.0001
1959-06-25,0.0055000000000000005,-0.0002,-0.006,0.0001
1959-06-26,0.004,0.0012,-0.0064,0.0001
1959-06-29,0.0068000000000000005,0.0007000000000000001,-0.001,0.0001
1959-06-30,0.0023,-0.0001,0.0019,0.0001
1959-07-01,0.0079,-0.0016,0.0018,0.0001
1959-07-02,0.0048,-0.0016,0.0026,0.0001
1959-07-06,0.0054,-0.0026,-0.0001,0.0001
1959-07-07,0.0049,-0.0066,-0.0001,0.0001
1959-07-08,0.0012,0.0007000000000000001,0.0026,0.0001
1959-07-09,-0.0023,0.0007000000000000001,0.0029,0.0001
1959-07-10,0.0004,0.001,0.0045000000000000005,0.0001
1959-07-13,-0.009000000000000001,0.0051,-0.0023,0.0001
1959-07-14,0.0029,0.0023,-0.0023,0.0001
1959-07-15,0.0012,0.0028000000000000004,-0.0016,0.0001
1959-07-16,-0.0037,0.0011,-0.0022,0.0001
1959-07-17,-0.0029,0.0040999999999999995,-0.0038,0.0001
1959-07-20,-0.0049,0.0016,-0.0003,0.0001
1959-07-21,0.0083,-0.001,-0.0004,0.0001
1959-07-22,0.0034999999999999996,0.0022,0.0008,0.0001
1959-07-23,0.0011,-0.0008,0.0012,0.0001
1959-07-24,0.0001,0.0024,-0.0017000000000000001,0.0001
1959-07-27,0.0051,-0.0031,-0.0005,0.0001
1959-07-28,0.0051,-0.0043,-0.0005,0.0001
1959-07-29,0.0043,-0.0051,0.0009,0.0001
1959-07-30,-0.0024,0.0,0.0003,0.0001
1959-07-31,0.0002,-0.0009,0.0011,0.0001
1959-08-03,0.0029,-0.0004,0.001,0.0001
1959-08-04,-0.002,0.0002,-0.0014000000000000002,0.0001
1959-08-05,-0.0042,-0.002,0.0018,0.0001
1959-08-06,-0.0015,-0.0033,0.0049,0.0001
1959-08-07,-0.0060999999999999995,0.0018,0.0023,0.0001
1959-08-10,-0.019,-0.0038,-0.002,0.0001
1959-08-11,0.012,0.0003,-0.003,0.0001
1959-08-12,-0.0017000000000000001,0.004,-0.0006,0.0001
1959-08-13,-0.0021,0.001,0.0017000000000000001,0.0001
1959-08-14,0.0024,0.0003,-0.0002,0.0001
1959-08-17,-0.0021,0.0013,0.0,0.0001
1959-08-18,-0.009000000000000001,-0.0011,0.0003,0.0001
1959-08-19,-0.0058,-0.0019,-0.0023,0.0001
1959-08-20,0.014199999999999999,-0.0018,0.001,0.0001
1959-08-21,-0.0007000000000000001,0.0023,-0.0018,0.0001
1959-08-24,-0.0040999999999999995,0.0015,-0.0013,0.0001
1959-08-25,0.0024,0.0002,-0.0013,0.0001
1959-08-26,0.0015,-0.0004,0.0039000000000000003,0.0001
1959-08-27,0.0092,-0.0059,-0.002,0.0001
1959-08-28,-0.0019,0.0029,0.0019,0.0001
1959-08-31,0.002,-0.003,0.0017000000000000001,0.0001
1959-09-01,-0.012,0.0011,0.0009,0.0001
1959-09-02,0.0004,-0.0025,0.0021,0.0001
1959-09-03,-0.0116,-0.0002,-0.0015,0.0001
1959-09-04,0.0055000000000000005,-0.0024,-0.0037,0.0001
1959-09-08,-0.013999999999999999,-0.0021,0.0011,0.0001
1959-09-09,-0.0079,-0.0017000000000000001,0.0001,0.0001
1959-09-10,-0.005699999999999999,0.0032,-0.001,0.0001
1959-09-11,0.0075,0.0021,0.0037,0.0001
1959-09-14,-0.0069,0.0022,-0.0067,0.0001
1959-09-15,-0.0064,-0.0028000000000000004,0.0034000000000000002,0.0001
1959-09-16,0.0005,0.0016,-0.0013,0.0001
1959-09-17,-0.0049,-0.0003,-0.0016,0.0001
1959-09-18,-0.006999999999999999,-0.0014000000000000002,-0.0014000000000000002,0.0001
1959-09-21,-0.0152,-0.0039000000000000003,0.0039000000000000003,0.0001
1959-09-22,-0.0027,-0.0004,0.0015,0.0001
1959-09-23,0.0137,0.0024,-0.0001,0.0001
1959-09-24,0.016399999999999998,0.0019,0.0015,0.0001
1959-09-25,-0.0003,0.001,-0.004699999999999999,0.0001
1959-09-28,0.0066,-0.0002,0.0006,0.0001
1959-09-29,0.0058,-0.0033,0.004,0.0001
1959-09-30,-0.0101,0.0044,0.0049,0.0001
1959-10-01,0.0014000000000000002,0.002,0.0032,0.0001
1959-10-02,0.0040999999999999995,0.0022,-0.0042,0.0001
1959-10-05,-0.0013,0.0007000000000000001,-0.0039000000000000003,0.0001
1959-10-06,-0.0006,0.0013,0.0007000000000000001,0.0001
1959-10-07,-0.0019,0.0033,0.0001,0.0001
1959-10-08,-0.0017000000000000001,0.0046,-0.0016,0.0001
1959-10-09,0.0034999999999999996,-0.0006,-0.0008,0.0001
1959-10-12,0.0055000000000000005,0.0003,-0.002,0.0001
1959-10-13,-0.003,-0.0002,-0.001,0.0001
1959-10-14,-0.0074,-0.0005,0.0040999999999999995,0.0001
1959-10-15,0.0027,-0.0018,0.0024,0.0001
1959-10-16,0.008100000000000001,0.0016,-0.0001,0.0001
1959-10-19,-0.0055000000000000005,0.0029,-0.0015,0.0001
1959-10-20,-0.0060999999999999995,0.0,0.0007000000000000001,0.0001
1959-10-21,-0.0018,0.0022,-0.001,0.0001
1959-10-22,-0.009399999999999999,0.004,-0.0022,0.0001
1959-10-23,0.010700000000000001,-0.0031,-0.0014000000000000002,0.0001
1959-10-26,0.0063,-0.0012,-0.0015,0.0001
1959-10-27,0.0079,-0.0078000000000000005,-0.0054,0.0001
1959-10-28,0.0006,-0.0005,-0.0034999999999999996,0.0001
1959-10-29,-0.001,0.0027,-0.0002,0.0001
1959-10-30,0.0018,0.0029,-0.0013,0.0001
1959-11-02,-0.0015,0.0025,-0.0026,0.0001
1959-11-04,-0.0015,0.0002,0.0006,0.0001
1959-11-05,0.001,-0.0005,-0.0036,0.0001
1959-11-06,0.0054,-0.0024,0.0048,0.0001
1959-11-09,-0.0015,0.0005,-0.0007000000000000001,0.0001
1959-11-10,0.0003,0.0044,-0.0021,0.0001
1959-11-11,0.0006,0.0036,-0.0022,0.0001
1959-11-12,-0.005,0.0029,-0.0023,0.0001
1959-11-13,-0.0055000000000000005,0.0039000000000000003,-0.0011,0.0001
1959-11-16,-0.0102,0.005600000000000001,-0.0051,0.0001
1959-11-17,0.0024,-0.002,-0.0051,0.0001
1959-11-18,0.0103,-0.005,0.003,0.0001
1959-11-19,-0.0009,-0.0003,0.0001,0.0001
1959-11-20,0.0007000000000000001,0.0024,-0.002,0.0001
1959-11-23,0.0017000000000000001,0.002,-0.0098,0.0001
1959-11-24,0.0044,-0.0005,-0.0042,0.0001
1959-11-25,0.0016,-0.0018,-0.0011,0.0001
1959-11-27,0.0046,-0.0017000000000000001,0.0027,0.0001
1959-11-30,0.0092,-0.0017000000000000001,-0.0007000000000000001,0.0001
1959-12-01,0.0068000000000000005,-0.0026,-0.0036,0.0002
1959-12-02,-0.0021,0.0003,0.0006,0.0002
1959-12-03,0.0027,0.0018,0.0015,0.0002
1959-12-04,0.0022,0.0036,-0.0014000000000000002,0.0002
1959-12-07,0.0028000000000000004,0.0007000000000000001,0.0011,0.0002
1959-12-08,0.0054,-0.0033,0.002,0.0002
1959-12-09,-0.0063,-0.0007000000000000001,0.005,0.0002
1959-12-10,0.0009,-0.0019,0.0,0.0002
1959-12-11,-0.0018,0.0046,-0.0013,0.0002
1959-12-14,0.0025,-0.0032,0.0031,0.0002
1959-12-15,-0.0029,-0.0016,0.0022,0.0002
1959-12-16,0.0013,-0.0001,-0.0003,0.0002
1959-12-17,-0.0014000000000000002,0.0034000000000000002,-0.0003,0.0002
1959-12-18,0.0045000000000000005,-0.0019,-0.0007000000000000001,0.0002
1959-12-21,0.001,0.0007000000000000001,-0.0018,0.0002
1959-12-22,-0.0016,0.0034999999999999996,0.0005,0.0002
1959-12-23,-0.0029,0.0022,-0.0038,0.0002
1959-12-24,0.0009,0.0001,0.0017000000000000001,0.0002
1959-12-28,-0.0013,-0.0037,-0.0027,0.0002
1959-12-29,0.004,-0.0040999999999999995,-0.0017000000000000001,0.0002
1959-12-30,0.0079,-0.0033,0.0001,0.0002
1959-12-31,0.0019,-0.0007000000000000001,-0.0004,0.0002
1960-01-04,-0.0003,0.006,0.0067,0.0002
1960-01-05,0.0078000000000000005,-0.0038,0.0052,0.0002
1960-01-06,-0.004699999999999999,0.0013,0.0036,0.0002
1960-01-07,-0.006500000000000001,0.0034999999999999996,0.0011,0.0002
1960-01-08,-0.0033,0.0019,0.0007000000000000001,0.0002
1960-01-11,-0.0115,0.0048,0.0031,0.0002
1960-01-12,-0.0058,0.0002,0.0042,0.0002
1960-01-13,-0.0053,0.0039000000000000003,0.0003,0.0002
1960-01-14,0.005600000000000001,-0.002,0.0016,0.0002
1960-01-15,0.0001,0.0036,0.0015,0.0002
1960-01-18,-0.0083,0.0022,-0.0025,0.0002
1960-01-19,-0.01,0.0,0.0026,0.0002
1960-01-20,-0.003,0.0018,0.0007000000000000001,0.0002
1960-01-21,0.0022,0.0003,0.0023,0.0002
1960-01-22,0.0028000000000000004,0.0005,-0.0025,0.0002
1960-01-25,-0.0105,-0.0016,-0.0007000000000000001,0.0002
1960-01-26,0.0015,-0.0017000000000000001,0.0016,0.0002
1960-01-27,-0.0028000000000000004,-0.0003,0.0012,0.0002
1960-01-28,-0.009899999999999999,0.0042,-0.0016,0.0002
1960-01-29,-0.0097,-0.0029,-0.0006,0.0002
1960-02-01,0.005,-0.0049,-0.0024,0.0001
1960-02-02,0.0154,-0.0015,-0.0044,0.0001
1960-02-03,-0.0083,0.0031,-0.0002,0.0001
1960-02-04,-0.0008,-0.0007000000000000001,0.0017000000000000001,0.0001
1960-02-05,-0.005,-0.0031,0.0,0.0001
1960-02-08,-0.0101,0.0008,-0.0006,0.0001
1960-02-09,0.0089,-0.001,-0.0006,0.0001
1960-02-10,-0.005699999999999999,0.0039000000000000003,0.0005,0.0001
1960-02-11,-0.0051,0.0024,0.004,0.0001
1960-02-12,0.0045000000000000005,-0.0039000000000000003,0.002,0.0001
1960-02-15,-0.0049,0.0024,0.0012,0.0001
1960-02-16,-0.0088,-0.0023,-0.0022,0.0001
1960-02-17,0.0062,0.0005,-0.0024,0.0001
1960-02-18,0.0137,0.0009,-0.0051,0.0001
1960-02-19,0.0070999999999999995,-0.0007000000000000001,0.0011,0.0001
1960-02-23,-0.005,0.0043,-0.0019,0.0001
1960-02-24,-0.0029,0.0027,-0.0018,0.0001
1960-02-25,0.0045000000000000005,0.0003,0.0016,0.0001
1960-02-26,0.0043,0.0021,-0.0054,0.0001
1960-02-29,-0.0008,0.0008,-0.0048,0.0001
1960-03-01,-0.0015,0.0012,-0.0023,0.0002
1960-03-02,-0.006999999999999999,-0.0007000000000000001,-0.0013,0.0002
1960-03-03,-0.0154,-0.0007000000000000001,-0.0031,0.0002
1960-03-04,-0.004,-0.0048,-0.005699999999999999,0.0002
1960-03-07,-0.011000000000000001,0.0015,-0.0011,0.0002
1960-03-08,-0.009399999999999999,-0.0026,-0.0013,0.0002
1960-03-09,0.0109,-0.0015,0.0032,0.0002
1960-03-10,-0.0033,0.0053,0.0032,0.0002
1960-03-11,0.0073,0.0011,-0.0003,0.0002
1960-03-14,0.0018,0.0003,-0.0011,0.0002
1960-03-15,0.0078000000000000005,-0.003,0.0002,0.0002
1960-03-16,0.0052,0.0012,0.0003,0.0002
1960-03-17,-0.0018,0.0022,-0.0024,0.0002
1960-03-18,0.0006,0.0008,-0.0025,0.0002
1960-03-21,0.0008,-0.0029,-0.0024,0.0002
1960-03-22,0.0036,-0.0049,0.0004,0.0002
1960-03-23,0.0076,-0.0032,-0.0025,0.0002
1960-03-24,0.0040999999999999995,-0.0011,0.0039000000000000003,0.0002
1960-03-25,0.0,0.0012,-0.0031,0.0002
1960-03-28,-0.0024,0.0,-0.0005,0.0002
1960-03-29,-0.0019,0.0026,-0.0042,0.0002
1960-03-30,-0.0016,0.0028000000000000004,-0.0034000000000000002,0.0002
1960-03-31,-0.0063,-0.0002,-0.0023,0.0002
1960-04-01,0.002,-0.001,-0.0017000000000000001,0.0001
1960-04-04,0.0018,-0.0012,-0.0039000000000000003,0.0001
1960-04-05,0.0054,-0.0036,-0.0021,0.0001
1960-04-06,0.0101,-0.0043,-0.0007000000000000001,0.0001
1960-04-07,0.0007000000000000001,0.0019,-0.0005,0.0001
1960-04-08,-0.0021,0.0009,0.0025,0.0001
1960-04-11,-0.0039000000000000003,-0.0005,0.0011,0.0001
1960-04-12,0.0021,-0.0015,-0.0008,0.0001
1960-04-13,-0.0003,0.0024,-0.0044,0.0001
1960-04-14,0.0026,0.0009,-0.0025,0.0001
1960-04-18,0.0022,-0.0017000000000000001,-0.0029,0.0001
1960-04-19,-0.0073,0.0004,0.0004,0.0001
1960-04-20,-0.011699999999999999,0.0049,0.0014000000000000002,0.0001
1960-04-21,0.0033,-0.0004,-0.0019,0.0001
1960-04-22,-0.0027,0.0033,-0.001,0.0001
1960-04-25,-0.0102,0.0015,-0.0005,0.0001
1960-04-26,0.0034999999999999996,-0.0004,-0.0042,0.0001
1960-04-27,-0.0003,-0.0007000000000000001,-0.0002,0.0001
1960-04-28,-0.0086,-0.0011,0.0007000000000000001,0.0001
1960-04-29,-0.0034999999999999996,0.0021,-0.0008,0.0001
1960-05-02,-0.0051,-0.0019,-0.0039000000000000003,0.0001
1960-05-03,0.0137,-0.0049,-0.002,0.0001
1960-05-04,0.0040999999999999995,-0.0007000000000000001,-0.0008,0.0001
1960-05-05,-0.0033,0.0014000000000000002,-0.0021,0.0001
1960-05-06,-0.0012,0.004,-0.002,0.0001
1960-05-09,0.0011,0.0016,-0.0059,0.0001
1960-05-10,-0.0058,0.0023,-0.0045000000000000005,0.0001
1960-05-11,0.0023,-0.0032,0.0008,0.0001
1960-05-12,0.0054,0.0034999999999999996,0.0008,0.0001
1960-05-13,0.0088,0.0014000000000000002,0.0022,0.0001
1960-05-16,-0.0008,0.0028000000000000004,-0.0045000000000000005,0.0001
1960-05-17,0.0037,-0.0015,0.0001,0.0001
1960-05-18,0.0002,-0.0044,-0.0009,0.0001
1960-05-19,0.0043,-0.0007000000000000001,0.0013,0.0001
1960-05-20,0.002,-0.0014000000000000002,0.0069,0.0001
1960-05-23,-0.0008,0.0002,0.0026,0.0001
1960-05-24,-0.0006,0.0051,-0.004699999999999999,0.0001
1960-05-25,-0.0004,0.005600000000000001,-0.0059,0.0001
1960-05-26,0.0008,0.0015,-0.005600000000000001,0.0001
1960-05-27,0.0007000000000000001,0.0009,0.0014000000000000002,0.0001
1960-05-31,0.0016,0.0012,-0.0096,0.0001
1960-06-01,0.0016,-0.0019,-0.004,0.0001
1960-06-02,0.0036,-0.006500000000000001,0.004699999999999999,0.0001
1960-06-03,0.0019,-0.0024,0.0039000000000000003,0.0001
1960-06-06,0.0111,-0.0076,0.0063,0.0001
1960-06-07,0.0096,-0.0029,-0.0012,0.0001
1960-06-08,0.0075,0.0015,0.0013,0.0001
1960-06-09,0.0011,-0.001,-0.0007000000000000001,0.0001
1960-06-10,0.0006,-0.0002,-0.0008,0.0001
1960-06-13,0.0006,0.0002,0.0005,0.0001
1960-06-14,-0.0002,0.0004,-0.005699999999999999,0.0001
1960-06-15,-0.0054,0.0049,-0.0014000000000000002,0.0001
1960-06-16,-0.001,0.0031,-0.0028000000000000004,0.0001
1960-06-17,-0.001,0.0018,-0.0011,0.0001
1960-06-20,-0.0037,0.0039000000000000003,-0.0009,0.0001
1960-06-21,-0.001,-0.0037,0.003,0.0001
1960-06-22,0.0021,-0.0016,0.0066,0.0001
1960-06-23,0.004699999999999999,-0.0022,0.0014000000000000002,0.0001
1960-06-24,0.0015,-0.0002,0.0,0.0001
1960-06-27,-0.005600000000000001,0.0054,-0.0039000000000000003,0.0001
1960-06-28,-0.006999999999999999,0.0028000000000000004,-0.0033,0.0001
1960-06-29,0.0004,0.0011,-0.0034000000000000002,0.0001
1960-06-30,-0.0006,0.0021,-0.001,0.0001
1960-07-01,0.0024,0.0027,-0.0013,0.0001
1960-07-05,-0.0011,-0.0014000000000000002,0.0006,0.0001
1960-07-06,-0.0016,-0.0036,0.0034999999999999996,0.0001
1960-07-07,0.0053,0.0001,0.0002,0.0001
1960-07-08,0.0026,-0.0011,0.0023,0.0001
1960-07-11,-0.0088,0.0021,0.0011,0.0001
1960-07-12,-0.010700000000000001,-0.0007000000000000001,0.0072,0.0001
1960-07-13,-0.0026,0.0006,0.0043,0.0001
1960-07-14,0.0001,-0.0007000000000000001,-0.0031,0.0001
1960-07-15,-0.0005,0.0009,0.0024,0.0001
1960-07-18,-0.0062,-0.0022,0.0048,0.0001
1960-07-19,0.0001,-0.0005,0.0009,0.0001
1960-07-20,-0.0015,0.0040999999999999995,-0.0019,0.0001
1960-07-21,-0.0087,0.0033,0.0005,0.0001
1960-07-22,-0.0069,-0.0024,0.004,0.0001
1960-07-25,-0.0111,-0.0013,-0.0018,0.0001
1960-07-26,0.006999999999999999,-0.0017000000000000001,-0.002,0.0001
1960-07-27,-0.0066,-0.0019,0.0014000000000000002,0.0001
1960-07-28,0.008100000000000001,-0.0007000000000000001,0.0021,0.0001
1960-07-29,0.0174,-0.0011,-0.0039000000000000003,0.0001
1960-08-01,-0.0005,-0.0003,-0.001,0.0001
1960-08-02,-0.008199999999999999,0.0005,0.002,0.0001
1960-08-03,-0.0053,0.0025,-0.0001,0.0001
1960-08-04,0.0031,-0.0031,-0.0007000000000000001,0.0001
1960-08-05,0.0104,-0.0011,0.0007000000000000001,0.0001
1960-08-08,0.0019,0.0003,0.0015,0.0001
1960-08-09,0.005600000000000001,-0.0043,0.0054,0.0001
1960-08-10,0.0043,0.0013,0.0009,0.0001
1960-08-11,0.0040999999999999995,0.0029,-0.0017000000000000001,0.0001
1960-08-12,0.0068000000000000005,0.0016,-0.0011,0.0001
1960-08-15,-0.0002,-0.0007000000000000001,0.0009,0.0001
1960-08-16,0.0024,0.0029,-0.0023,0.0001
1960-08-17,0.0029,0.0015,-0.0025,0.0001
1960-08-18,-0.0001,-0.0001,-0.0008,0.0001
1960-08-19,0.0031,-0.0027,0.0009,0.0001
1960-08-22,0.0028000000000000004,-0.0014000000000000002,0.0002,0.0001
1960-08-23,0.0091,-0.004,0.0026,0.0001
1960-08-24,0.005,-0.0015,0.0002,0.0001
1960-08-25,-0.0043,0.0027,0.002,0.0001
1960-08-26,-0.0028000000000000004,0.004,-0.0008,0.0001
1960-08-29,-0.0023,0.0005,-0.001,0.0001
1960-08-30,-0.0102,0.006500000000000001,-0.0054,0.0001
1960-08-31,0.0023,0.0003,-0.0014000000000000002,0.0001
1960-09-01,0.0021,0.0014000000000000002,-0.0022,0.0001
1960-09-02,-0.001,0.0009,0.0013,0.0001
1960-09-06,-0.009000000000000001,-0.0011,0.0008,0.0001
1960-09-07,-0.012199999999999999,0.0007000000000000001,0.0034000000000000002,0.0001
1960-09-08,-0.0004,0.001,0.0017000000000000001,0.0001
1960-09-09,0.006,-0.0013,0.0004,0.0001
1960-09-12,-0.006500000000000001,-0.0003,-0.0007000000000000001,0.0001
1960-09-13,0.0016,-0.0028000000000000004,0.002,0.0001
1960-09-14,-0.0075,0.0007000000000000001,-0.0017000000000000001,0.0001
1960-09-15,-0.004,-0.0024,0.0009,0.0001
1960-09-16,-0.0018,-0.0006,0.0039000000000000003,0.0001
1960-09-19,-0.0229,-0.0022,0.006999999999999999,0.0001
1960-09-20,0.0028000000000000004,-0.0013,-0.0025,0.0001
1960-09-21,0.0105,0.0002,-0.0032,0.0001
1960-09-22,-0.0038,0.003,-0.0002,0.0001
1960-09-23,-0.0092,0.0008,-0.0002,0.0001
1960-09-26,-0.0148,-0.006,0.0074,0.0001
1960-09-27,-0.0029,0.0004,-0.0005,0.0001
1960-09-28,-0.0086,-0.0033,0.0022,0.0001
1960-09-29,0.0028000000000000004,-0.0013,0.0007000000000000001,0.0001
1960-09-30,0.0178,0.0017000000000000001,-0.0027,0.0001
1960-10-03,-0.0026,-0.0021,0.0014000000000000002,0.0001
1960-10-04,-0.0075,-0.0024,0.0021,0.0001
1960-10-05,0.0069,-0.0059,0.0034999999999999996,0.0001
1960-10-06,0.0058,0.0018,-0.0006,0.0001
1960-10-07,0.0055000000000000005,-0.0029,-0.0003,0.0001
1960-10-10,0.0013,-0.0006,-0.0021,0.0001
1960-10-11,0.001,-0.0026,0.0023,0.0001
1960-10-12,-0.0013,-0.0022,0.0051,0.0001
1960-10-13,0.0083,-0.0042,0.0008,0.0001
1960-10-14,0.0053,0.0001,-0.0007000000000000001,0.0001
1960-10-17,-0.0036,0.0013,0.0023,0.0001
1960-10-18,-0.0052,0.0013,0.0012,0.0001
1960-10-19,-0.0021,-0.0009,0.0014000000000000002,0.0001
1960-10-20,-0.008,-0.0003,0.003,0.0001
1960-10-21,-0.01,-0.003,0.0059,0.0001
1960-10-24,-0.0129,-0.0083,0.0049,0.0001
1960-10-25,-0.0075,-0.0026,0.0034000000000000002,0.0001
1960-10-26,0.0143,-0.0017000000000000001,-0.0052,0.0001
1960-10-27,0.011200000000000002,-0.0028000000000000004,-0.0022,0.0001
1960-10-28,-0.0046,0.0011,0.0012,0.0001
1960-10-31,-0.0008,-0.0049,0.0015,0.0001
1960-11-01,0.009899999999999999,-0.0011,-0.0058,0.0001
1960-11-02,0.0052,-0.002,0.0036,0.0001
1960-11-03,0.0042,-0.0017000000000000001,0.0045000000000000005,0.0001
1960-11-04,0.0085,-0.0017000000000000001,-0.0015,0.0001
1960-11-07,0.004,-0.0026,-0.0015,0.0001
1960-11-09,0.0042,-0.0042,-0.0009,0.0001
1960-11-10,0.014199999999999999,0.006,-0.0073,0.0001
1960-11-11,-0.0044,0.0078000000000000005,-0.001,0.0001
1960-11-14,-0.0039000000000000003,0.001,0.0003,0.0001
1960-11-15,0.0049,-0.0024,-0.0005,0.0001
1960-11-16,-0.0017000000000000001,0.0003,-0.0026,0.0001
1960-11-17,-0.0026,-0.0007000000000000001,0.0004,0.0001
1960-11-18,0.0052,-0.001,-0.0032,0.0001
1960-11-21,0.0028000000000000004,-0.0024,-0.0006,0.0001
1960-11-22,-0.0034000000000000002,0.0036,-0.0054,0.0001
1960-11-23,0.0023,0.0015,-0.0003,0.0001
1960-11-25,0.0066,0.0002,-0.004699999999999999,0.0001
1960-11-28,-0.0012,0.003,-0.0003,0.0001
1960-11-29,-0.0033,-0.0004,0.0014000000000000002,0.0001
1960-11-30,-0.0051,0.0006,0.0024,0.0001
1960-12-01,-0.0039000000000000003,0.0,-0.0002,0.0001
1960-12-02,0.0016,0.0048,-0.0026,0.0001
1960-12-05,-0.0019,-0.0004,0.0007000000000000001,0.0001
1960-12-06,0.0046,-0.0028000000000000004,-0.0004,0.0001
1960-12-07,0.009399999999999999,-0.0011,-0.0018,0.0001
1960-12-08,0.0022,-0.0004,0.0,0.0001
1960-12-09,0.0089,-0.0003,-0.0015,0.0001
1960-12-12,0.0038,0.0004,-0.0031,0.0001
1960-12-13,0.0013,-0.0005,-0.0029,0.0001
1960-12-14,-0.0007000000000000001,0.0022,-0.0031,0.0001
1960-12-15,-0.002,0.0032,0.0022,0.0001
1960-12-16,0.0091,-0.006,-0.0003,0.0001
1960-12-19,-0.0013,0.0013,-0.0043,0.0001
1960-12-20,-0.0007000000000000001,0.0009,-0.0032,0.0001
1960-12-21,0.0072,-0.0069,0.0004,0.0001
1960-12-22,-0.0026,-0.0014000000000000002,0.0088,0.0001
1960-12-23,0.0006,0.0017000000000000001,-0.0008,0.0001
1960-12-27,0.0014000000000000002,-0.0043,0.0014000000000000002,0.0001
1960-12-28,0.0039000000000000003,-0.0028000000000000004,0.0012,0.0001
1960-12-29,0.0048,-0.0025,0.002,0.0001
1960-12-30,0.0006,-0.0002,-0.0002,0.0001
1961-01-03,-0.0087,0.0046,0.006999999999999999,0.0001
1961-01-04,0.0131,-0.0016,0.004,0.0001
1961-01-05,0.0039000000000000003,0.0051,0.0072,0.0001
1961-01-06,-0.0011,0.0027,0.0013,0.0001
1961-01-09,0.0059,0.0037,0.0063,0.0001
1961-01-10,0.0025,0.0014000000000000002,0.0006,0.0001
1961-01-11,0.0028000000000000004,0.0002,0.0018,0.0001
1961-01-12,0.0029,0.0019,0.0026,0.0001
1961-01-13,0.0042,-0.0018,-0.0003,0.0001
1961-01-16,-0.0004,0.0014000000000000002,-0.0009,0.0001
1961-01-17,-0.0036,0.0017000000000000001,0.0027,0.0001
1961-01-18,0.006500000000000001,0.0028000000000000004,0.0032,0.0001
1961-01-19,0.0016,-0.0016,0.004,0.0001
1961-01-20,0.0036,0.0017000000000000001,-0.001,0.0001
1961-01-23,0.0051,-0.0005,0.0017000000000000001,0.0001
1961-01-24,0.0023,-0.0032,-0.0037,0.0001
1961-01-25,0.0007000000000000001,-0.0027,0.0,0.0001
1961-01-26,0.0011,-0.0027,-0.0027,0.0001
1961-01-27,0.009300000000000001,-0.0018,0.0013,0.0001
1961-01-30,0.011699999999999999,-0.004,-0.0033,0.0001
1961-01-31,-0.0031,-0.0009,0.0019,0.0001
1961-02-01,0.0031,0.0008,0.0016,0.0001
1961-02-02,0.0067,0.0029,-0.0013,0.0001
1961-02-03,-0.0016,0.0025,0.001,0.0001
1961-02-06,-0.006,0.004,0.0004,0.0001
1961-02-07,-0.0003,0.004,0.0001,0.0001
1961-02-08,0.009399999999999999,0.0021,0.0023,0.0001
1961-02-09,-0.0022,0.0027,0.0029,0.0001
1961-02-10,-0.0078000000000000005,0.0023,-0.0017000000000000001,0.0001
1961-02-13,-0.0053,0.0048,-0.001,0.0001
1961-02-14,0.005600000000000001,0.0039000000000000003,-0.0019,0.0001
1961-02-15,0.0075,-0.0016,0.006500000000000001,0.0001
1961-02-16,0.0060999999999999995,-0.002,0.002,0.0001
1961-02-17,-0.0025,0.0048,-0.0006,0.0001
1961-02-20,0.0043,0.0005,-0.0012,0.0001
1961-02-21,0.001,0.0031,-0.0033,0.0001
1961-02-23,0.0042,0.0003,-0.0017000000000000001,0.0001
1961-02-24,0.0036,0.0006,-0.0018,0.0001
1961-02-27,0.0077,0.0015,-0.0022,0.0001
1961-02-28,0.0019,-0.0001,-0.0054,0.0001
1961-03-01,-0.0001,0.0003,-0.0029,0.0001
1961-03-02,0.006500000000000001,0.0,-0.0008,0.0001
1961-03-03,0.0014000000000000002,0.0015,-0.0017000000000000001,0.0001
1961-03-06,0.0016,0.0008,-0.0026,0.0001
1961-03-07,-0.0072,0.004,0.0003,0.0001
1961-03-08,0.0005,0.005,-0.0078000000000000005,0.0001
1961-03-09,0.0006,0.004,0.0069,0.0001
1961-03-10,0.0007000000000000001,0.0012,0.0007000000000000001,0.0001
1961-03-13,0.0025,-0.0005,-0.0006,0.0001
1961-03-14,-0.0039000000000000003,0.003,-0.001,0.0001
1961-03-15,0.0037,-0.0006,0.0008,0.0001
1961-03-16,0.009899999999999999,-0.0011,-0.0001,0.0001
1961-03-17,0.0058,0.0005,-0.0036,0.0001
1961-03-20,0.0042,0.0013,-0.0003,0.0001
1961-03-21,-0.0015,0.002,0.0054,0.0001
1961-03-22,-0.001,0.0024,0.0049,0.0001
1961-03-23,-0.0033,-0.0028000000000000004,-0.0013,0.0001
1961-03-24,-0.0013,-0.001,0.0005,0.0001
1961-03-27,-0.0007000000000000001,0.0048,0.0013,0.0001
1961-03-28,0.0005,0.005699999999999999,0.0014000000000000002,0.0001
1961-03-29,0.0076,-0.001,-0.0052,0.0001
1961-03-30,0.0022,0.0017000000000000001,-0.0017000000000000001,0.0001
1961-04-03,0.0078000000000000005,0.0015,-0.0011,0.0001
1961-04-04,0.0002,-0.0008,-0.0031,0.0001
1961-04-05,-0.0031,-0.0042,0.005,0.0001
1961-04-06,0.0027,-0.0034999999999999996,0.0031,0.0001
1961-04-07,0.005,0.0004,0.0006,0.0001
1961-04-10,0.0083,-0.001,-0.0008,0.0001
1961-04-11,0.0004,-0.0027,-0.002,0.0001
1961-04-12,-0.004699999999999999,0.0002,0.0014000000000000002,0.0001
1961-04-13,0.0001,0.0008,-0.0008,0.0001
1961-04-14,0.0022,0.003,0.0005,0.0001
1961-04-17,0.004699999999999999,0.0019,0.0019,0.0001
1961-04-18,-0.0073,0.0034000000000000002,0.0003,0.0001
1961-04-19,-0.0051,0.0002,0.0036,0.0001
1961-04-20,-0.0002,0.0036,-0.0004,0.0001
1961-04-21,-0.0002,0.0021,0.0031,0.0001
1961-04-24,-0.022000000000000002,-0.0038,0.0011,0.0001
1961-04-25,0.0146,-0.0013,0.0001,0.0001
1961-04-26,0.0042,0.0023,0.0036,0.0001
1961-04-27,-0.0012,0.0018,0.0034000000000000002,0.0001
1961-04-28,-0.003,-0.0032,0.0018,0.0001
1961-05-01,-0.0021,-0.0005,0.001,0.0001
1961-05-02,0.0076,-0.0008,-0.0013,0.0001
1961-05-03,0.008,-0.0002,0.0025,0.0001
1961-05-04,0.0039000000000000003,0.001,0.002,0.0001
1961-05-05,0.0015,0.0029,-0.0025,0.0001
1961-05-08,-0.0006,0.0070999999999999995,-0.002,0.0001
1961-05-09,0.0011,0.0018,-0.0002,0.0001
1961-05-10,-0.0003,0.0005,0.0009,0.0001
1961-05-11,0.0003,0.004,-0.0045000000000000005,0.0001
1961-05-12,0.0012,0.0008,0.0016,0.0001
1961-05-15,0.0055000000000000005,-0.0002,0.0034999999999999996,0.0001
1961-05-16,0.0044,-0.001,0.0038,0.0001
1961-05-17,0.0034000000000000002,-0.0039000000000000003,0.005,0.0001
1961-05-18,-0.0063,-0.0044,-0.0016,0.0001
1961-05-19,0.0046,0.0006,-0.0017000000000000001,0.0001
1961-05-22,-0.0064,0.0022,0.0027,0.0001
1961-05-23,-0.0017000000000000001,-0.0002,0.0007000000000000001,0.0001
1961-05-24,-0.0051,0.0034000000000000002,0.0004,0.0001
1961-05-25,-0.003,0.0053,0.0016,0.0001
1961-05-26,0.0068000000000000005,0.0021,-0.006,0.0001
1961-05-31,0.0011,-0.0014000000000000002,-0.002,0.0001
1961-06-01,-0.0002,-0.0045000000000000005,-0.0028000000000000004,0.0001
1961-06-02,0.002,-0.0017000000000000001,-0.0036,0.0001
1961-06-05,0.0051,-0.0046,0.0001,0.0001
1961-06-06,-0.0026,-0.0023,0.0004,0.0001
1961-06-07,-0.0040999999999999995,-0.0062,0.0045000000000000005,0.0001
1961-06-08,0.0006,-0.0011,-0.0029,0.0001
1961-06-09,0.0001,0.005,-0.0007000000000000001,0.0001
1961-06-12,-0.006999999999999999,0.0007000000000000001,-0.0009,0.0001
1961-06-13,-0.0054,-0.001,0.0016,0.0001
1961-06-14,0.0022,-0.0003,-0.0015,0.0001
1961-06-15,-0.0044,-0.0008,-0.0013,0.0001
1961-06-16,-0.0079,-0.0014000000000000002,-0.003,0.0001
1961-06-19,-0.009300000000000001,-0.0037,0.0005,0.0001
1961-06-20,0.0084,-0.0026,0.0015,0.0001
1961-06-21,0.0004,-0.0006,0.002,0.0001
1961-06-22,-0.0040999999999999995,-0.0004,-0.0003,0.0001
1961-06-23,0.0034000000000000002,-0.0018,-0.0004,0.0001
1961-06-26,-0.010700000000000001,0.0024,0.0013,0.0001
1961-06-27,-0.0001,-0.0016,-0.0031,0.0001
1961-06-28,0.0021,0.0002,0.0044,0.0001
1961-06-29,-0.0012,0.0001,0.0019,0.0001
1961-06-30,0.0017000000000000001,0.0002,0.0015,0.0001
1961-07-03,0.0084,-0.0034000000000000002,-0.0007000000000000001,0.0001
1961-07-05,0.0062,0.003,-0.0033,0.0001
1961-07-06,0.0029,0.003,0.0008,0.0001
1961-07-07,-0.0007000000000000001,0.0003,-0.0025,0.0001
1961-07-10,-0.0006,-0.0002,0.0003,0.0001
1961-07-11,-0.0012,-0.0026,0.004,0.0001
1961-07-12,-0.006,-0.0043,0.0034000000000000002,0.0001
1961-07-13,-0.0068000000000000005,0.0002,-0.0009,0.0001
1961-07-14,0.0062,-0.0016,-0.0003,0.0001
1961-07-17,-0.0078000000000000005,0.0014000000000000002,-0.0016,0.0001
1961-07-18,-0.006,-0.003,-0.0003,0.0001
1961-07-19,0.0038,-0.0024,-0.0033,0.0001
1961-07-20,0.0004,-0.0023,0.0011,0.0001
1961-07-21,0.002,-0.0007000000000000001,0.0019,0.0001
1961-07-24,-0.0006,-0.0015,-0.0001,0.0001
1961-07-25,0.0058,-0.0002,0.0002,0.0001
1961-07-26,0.0087,-0.001,0.0049,0.0001
1961-07-27,0.0111,-0.0018,0.0006,0.0001
1961-07-28,0.0015,-0.0013,-0.0042,0.0001
1961-07-31,0.001,-0.0008,-0.0006,0.0001
1961-08-01,0.0087,-0.0024,-0.0029,0.0001
1961-08-02,-0.0055000000000000005,0.0001,0.0046,0.0001
1961-08-03,0.0053,-0.001,-0.0018,0.0001
1961-08-04,0.0060999999999999995,-0.0031,0.0040999999999999995,0.0001
1961-08-07,0.0011,-0.0024,-0.0011,0.0001
1961-08-08,0.0021,-0.0021,0.0007000000000000001,0.0001
1961-08-09,0.0,-0.0003,-0.0007000000000000001,0.0001
1961-08-10,0.0034999999999999996,-0.001,-0.0014000000000000002,0.0001
1961-08-11,0.002,0.0009,-0.0048,0.0001
1961-08-14,-0.0053,-0.0001,0.0014000000000000002,0.0001
1961-08-15,-0.002,-0.0004,-0.0013,0.0001
1961-08-16,0.0033,-0.0011,0.0,0.0001
1961-08-17,0.0052,-0.0001,0.0005,0.0001
1961-08-18,0.0028000000000000004,0.0001,0.0028000000000000004,0.0001
1961-08-21,0.0016,-0.004,-0.0004,0.0001
1961-08-22,0.0001,-0.0003,0.0009,0.0001
1961-08-23,-0.0060999999999999995,-0.0019,0.0039000000000000003,0.0001
1961-08-24,-0.0055000000000000005,0.0015,-0.0019,0.0001
1961-08-25,0.0013,0.0011,-0.0002,0.0001
1961-08-28,0.0004,0.0015,-0.0025,0.0001
1961-08-29,-0.0008,-0.0002,0.0003,0.0001
1961-08-30,0.0042,-0.0002,-0.0019,0.0001
1961-08-31,0.0034000000000000002,-0.0016,-0.0012,0.0001
1961-09-01,0.0021,0.0018,-0.0023,0.0001
1961-09-05,-0.0033,0.0014000000000000002,-0.0012,0.0001
1961-09-06,0.0066,-0.0044,-0.0012,0.0001
1961-09-07,-0.0022,-0.0046,0.0026,0.0001
1961-09-08,-0.0068000000000000005,-0.0026,0.0008,0.0001
1961-09-11,-0.008199999999999999,0.0,0.0022,0.0001
1961-09-12,0.0097,-0.0007000000000000001,-0.0016,0.0001
1961-09-13,0.0002,0.0002,-0.0024,0.0001
1961-09-14,-0.0075,0.0024,-0.0001,0.0001
1961-09-15,0.0009,0.0008,-0.0011,0.0001
1961-09-18,-0.0067,-0.0023,-0.002,0.0001
1961-09-19,-0.0079,0.0007000000000000001,0.0005,0.0001
1961-09-20,0.0046,-0.0027,0.0044,0.0001
1961-09-21,0.0004,-0.0002,0.0009,0.0001
1961-09-22,-0.0040999999999999995,-0.0015,0.0038,0.0001
1961-09-25,-0.014199999999999999,-0.0007000000000000001,0.0034999999999999996,0.0001
1961-09-26,0.0002,-0.002,-0.0014000000000000002,0.0001
1961-09-27,0.0102,-0.0004,-0.006500000000000001,0.0001
1961-09-28,0.002,0.0009,-0.0024,0.0001
1961-09-29,0.0028000000000000004,0.003,-0.0029,0.0001
1961-10-02,0.0003,-0.0005,-0.0033,0.0001
1961-10-03,-0.0008,-0.0025,0.0017000000000000001,0.0001
1961-10-04,0.0066,0.0014000000000000002,0.0044,0.0001
1961-10-05,0.0085,-0.0018,-0.0022,0.0001
1961-10-06,0.0027,-0.0004,0.0011,0.0001
1961-10-09,0.0001,-0.0021,0.0008,0.0001
1961-10-10,0.0026,-0.0011,-0.0022,0.0001
1961-10-11,-0.0002,-0.0002,0.0053,0.0001
1961-10-12,-0.0001,0.0018,-0.001,0.0001
1961-10-13,-0.0014000000000000002,0.0015,-0.0003,0.0001
1961-10-16,-0.0029,0.0015,-0.0022,0.0001
1961-10-17,0.001,0.0007000000000000001,-0.0004,0.0001
1961-10-18,0.004699999999999999,-0.0021,0.0025,0.0001
1961-10-19,0.0021,-0.004,-0.0002,0.0001
1961-10-20,0.0002,-0.0009,-0.0006,0.0001
1961-10-23,-0.0060999999999999995,-0.0008,0.0007000000000000001,0.0001
1961-10-24,-0.0015,-0.0023,-0.0021,0.0001
1961-10-25,0.0048,-0.0023,-0.0023,0.0001
1961-10-26,0.0021,-0.0009,-0.0012,0.0001
1961-10-27,-0.0014000000000000002,0.0009,0.001,0.0001
1961-10-30,0.001,-0.0003,0.0021,0.0001
1961-10-31,0.003,-0.0011,0.0,0.0001
1961-11-01,0.002,0.0008,-0.0004,0.0001
1961-11-02,0.0052,-0.0011,-0.0019,0.0001
1961-11-03,0.005699999999999999,0.0015,-0.0004,0.0001
1961-11-06,0.0079,-0.001,-0.0034999999999999996,0.0001
1961-11-08,0.011699999999999999,0.0008,-0.001,0.0001
1961-11-09,-0.0002,0.0018,0.0005,0.0001
1961-11-10,0.0044,0.0025,-0.005,0.0001
1961-11-13,0.0033,0.0029,-0.006,0.0001
1961-11-14,0.0055000000000000005,-0.0008,-0.0040999999999999995,0.0001
1961-11-15,-0.0003,-0.001,-0.001,0.0001
1961-11-16,-0.0002,0.0003,-0.0022,0.0001
1961-11-17,0.0002,0.0011,0.0013,0.0001
1961-11-20,0.0016,-0.0012,0.0006,0.0001
1961-11-21,0.0008,0.0015,-0.0004,0.0001
1961-11-22,-0.0007000000000000001,0.002,0.0026,0.0001
1961-11-24,0.0025,0.0036,0.0005,0.0001
1961-11-27,0.0,0.0009,0.0006,0.0001
1961-11-28,0.0,0.0009,0.0007000000000000001,0.0001
1961-11-29,-0.0006,-0.0026,0.0026,0.0001
1961-11-30,-0.0048,-0.0007000000000000001,0.0046,0.0001
1961-12-01,0.006,0.0008,0.0004,0.0001
1961-12-04,0.0022,-0.001,0.0037,0.0001
1961-12-05,-0.0012,-0.0033,-0.0003,0.0001
1961-12-06,0.0012,-0.0025,0.0016,0.0001
1961-12-07,-0.0037,0.0015,0.0017000000000000001,0.0001
1961-12-08,0.0044,-0.0022,-0.0001,0.0001
1961-12-11,0.0037,-0.003,0.0024,0.0001
1961-12-12,0.003,-0.0028000000000000004,-0.0021,0.0001
1961-12-13,-0.0017000000000000001,0.001,-0.0016,0.0001
1961-12-14,-0.0070999999999999995,-0.0019,0.0043,0.0001
1961-12-15,-0.0003,0.0008,-0.0002,0.0001
1961-12-18,-0.0038,-0.0003,0.004,0.0001
1961-12-19,-0.0064,0.0026,-0.0001,0.0001
1961-12-20,-0.0019,0.0039000000000000003,-0.0007000000000000001,0.0001
1961-12-21,-0.0034000000000000002,0.002,0.0032,0.0001
1961-12-22,0.0004,-0.0001,0.0016,0.0001
1961-12-26,0.0006,-0.003,0.0052,0.0001
1961-12-27,0.0079,-0.0023,-0.0040999999999999995,0.0001
1961-12-28,0.0001,-0.001,-0.0034000000000000002,0.0001
1961-12-29,-0.0015,0.0022,0.002,0.0001
1962-01-02,-0.008,0.0087,0.0058,0.0001
1962-01-03,0.0024,0.0022,0.0097,0.0001
1962-01-04,-0.0084,0.0001,0.0066,0.0001
1962-01-05,-0.0134,0.0008,0.0033,0.0001
1962-01-08,-0.0075,0.0021,0.0031,0.0001
1962-01-09,0.0002,-0.0012,0.0034000000000000002,0.0001
1962-01-10,-0.0024,0.0001,-0.0021,0.0001
1962-01-11,0.0060999999999999995,-0.0004,0.0008,0.0001
1962-01-12,0.0032,0.0018,0.0025,0.0001
1962-01-15,-0.0024,0.0006,0.0006,0.0001
1962-01-16,-0.0053,0.0018,0.0004,0.0001
1962-01-17,-0.0101,0.0024,0.0038,0.0001
1962-01-18,0.0005,0.0014000000000000002,-0.0003,0.0001
1962-01-19,0.0055000000000000005,0.0040999999999999995,0.0023,0.0001
1962-01-22,-0.0002,-0.001,-0.0016,0.0001
1962-01-23,-0.0068000000000000005,0.0013,0.001,0.0001
1962-01-24,0.002,-0.0039000000000000003,0.0008,0.0001
1962-01-25,-0.0013,0.0018,0.0028000000000000004,0.0001
1962-01-26,-0.0028000000000000004,-0.0003,0.0052,0.0001
1962-01-29,-0.0032,-0.0024,0.0036,0.0001
1962-01-30,0.0034000000000000002,-0.001,0.0024,0.0001
1962-01-31,0.0095,-0.0013,-0.0026,0.0001
1962-02-01,0.0055000000000000005,-0.0053,0.0022,0.0001
1962-02-02,0.0077,-0.0026,0.0,0.0001
1962-02-05,0.0016,0.0003,0.0006,0.0001
1962-02-06,0.0022,0.0005,-0.0021,0.0001
1962-02-07,0.006999999999999999,-0.0023,0.0018,0.0001
1962-02-08,0.0018,0.0008,-0.0016,0.0001
1962-02-09,-0.001,0.0005,-0.0013,0.0001
1962-02-12,-0.0004,-0.0004,0.003,0.0001
1962-02-13,0.0002,0.002,0.0001,0.0001
1962-02-14,-0.0005,-0.0001,0.0012,0.0001
1962-02-15,0.0042,-0.0032,0.0027,0.0001
1962-02-16,-0.0023,0.0026,0.0013,0.0001
1962-02-19,-0.0024,-0.0019,0.004,0.0001
1962-02-20,0.0033,-0.0025,0.001,0.0001
1962-02-21,-0.0049,0.0016,-0.0012,0.0001
1962-02-23,-0.0021,-0.0008,0.0003,0.0001
1962-02-26,-0.005,-0.001,0.0004,0.0001
1962-02-27,0.0014000000000000002,-0.0012,-0.0008,0.0001
1962-02-28,0.0016,0.0016,-0.0033,0.0001
1962-03-01,0.0032,0.0,-0.0006,0.0001
1962-03-02,-0.0007000000000000001,0.003,0.0,0.0001
1962-03-05,-0.0021,0.0013,-0.002,0.0001
1962-03-06,-0.0033,0.0034999999999999996,-0.0022,0.0001
1962-03-07,-0.0012,0.0,-0.002,0.0001
1962-03-08,0.0073,-0.0007000000000000001,-0.0027,0.0001
1962-03-09,0.0029,0.0018,-0.001,0.0001
1962-03-12,-0.0002,0.0022,-0.0029,0.0001
1962-03-13,0.0028000000000000004,-0.003,0.0018,0.0001
1962-03-14,0.0039000000000000003,-0.0027,-0.001,0.0001
1962-03-15,0.0017000000000000001,-0.001,-0.0011,0.0001
1962-03-16,-0.0009,0.0015,-0.0004,0.0001
1962-03-19,-0.0019,0.0002,0.0014000000000000002,0.0001
1962-03-20,-0.0026,-0.0009,0.0008,0.0001
1962-03-21,-0.0022,0.0002,0.0008,0.0001
1962-03-22,-0.0014000000000000002,0.0039000000000000003,-0.0036,0.0001
1962-03-23,0.0008,-0.0007000000000000001,-0.0022,0.0001
1962-03-26,-0.0076,0.0022,-0.0015,0.0001
1962-03-27,-0.0028000000000000004,-0.0011,0.0031,0.0001
1962-03-28,0.0049,-0.0009,0.0016,0.0001
1962-03-29,-0.0009,0.0013,-0.002,0.0001
1962-03-30,-0.0066,-0.0036,-0.0001,0.0001
1962-04-02,-0.0031,-0.0001,-0.0014000000000000002,0.0001
1962-04-03,-0.0083,-0.0012,0.0,0.0001
1962-04-04,-0.0054,-0.0004,0.0006,0.0001
1962-04-05,0.0060999999999999995,-0.0011,-0.0004,0.0001
1962-04-06,-0.0009,0.0023,0.0005,0.0001
1962-04-09,-0.0079,-0.0034999999999999996,-0.0011,0.0001
1962-04-10,0.0032,-0.0013,0.0002,0.0001
1962-04-11,-0.002,0.0022,0.0007000000000000001,0.0001
1962-04-12,-0.010700000000000001,-0.001,0.0,0.0001
1962-04-13,0.0013,-0.0019,0.0011,0.0001
1962-04-16,-0.0038,-0.0016,0.0013,0.0001
1962-04-17,0.0051,-0.0039000000000000003,0.0024,0.0001
1962-04-18,0.0054,0.001,0.0022,0.0001
1962-04-19,0.004699999999999999,0.0012,-0.0018,0.0001
1962-04-23,-0.0012,0.0009,-0.0052,0.0001
1962-04-24,-0.0012,0.0012,-0.0012,0.0001
1962-04-25,-0.011399999999999999,0.0007000000000000001,0.0007000000000000001,0.0001
1962-04-26,-0.0096,-0.0018,-0.0013,0.0001
1962-04-27,-0.0109,0.001,0.0038,0.0001
1962-04-30,-0.0169,-0.0018,0.0006,0.0001
1962-05-01,0.008100000000000001,-0.0011,0.0022,0.0001
1962-05-02,0.0046,0.0029,0.0004,0.0001
1962-05-03,0.008199999999999999,-0.0042,-0.002,0.0001
1962-05-04,-0.0048,-0.0007000000000000001,-0.0014000000000000002,0.0001
1962-05-07,-0.0032,-0.0019,0.0031,0.0001
1962-05-08,-0.012,-0.0016,0.0046,0.0001
1962-05-09,-0.0132,0.0015,0.0014000000000000002,0.0001
1962-05-10,-0.011000000000000001,-0.0028000000000000004,0.0007000000000000001,0.0001
1962-05-11,-0.0147,0.0,0.0051,0.0001
1962-05-14,0.0076,0.0001,0.0002,0.0001
1962-05-15,0.0176,0.0034999999999999996,-0.0028000000000000004,0.0001
1962-05-16,-0.0007000000000000001,-0.0033,0.0014000000000000002,0.0001
1962-05-17,-0.0063,-0.0023,0.0033,0.0001
1962-05-18,-0.0012,-0.0019,0.0002,0.0001
1962-05-21,-0.0039000000000000003,0.0006,-0.0006,0.0001
1962-05-22,-0.02,-0.0008,0.0013,0.0001
1962-05-23,-0.02,-0.0068000000000000005,0.006999999999999999,0.0001
1962-05-24,-0.0087,-0.004,0.004699999999999999,0.0001
1962-05-25,-0.0189,-0.0044,0.0019,0.0001
1962-05-28,-0.0698,0.0072,0.0155,0.0001
1962-05-29,0.0492,-0.0387,-0.015700000000000002,0.0001
1962-05-31,0.027999999999999997,0.023700000000000002,-0.003,0.0001
1962-06-01,-0.0033,0.0028000000000000004,0.0017000000000000001,0.0001
1962-06-04,-0.0362,-0.004699999999999999,0.009300000000000001,0.0001
1962-06-05,0.0048,-0.0066,0.0018,0.0001
1962-06-06,0.014199999999999999,0.0046,-0.0003,0.0001
1962-06-07,0.0001,0.0045000000000000005,-0.0021,0.0001
1962-06-08,0.0003,0.002,-0.0016,0.0001
1962-06-11,-0.0108,-0.0022,0.0064,0.0001
1962-06-12,-0.0259,-0.0034000000000000002,0.0059,0.0001
1962-06-13,-0.0158,-0.0034000000000000002,0.0029,0.0001
1962-06-14,-0.0209,-0.0034000000000000002,0.0055000000000000005,0.0001
1962-06-15,0.029900000000000003,-0.0028000000000000004,-0.0055000000000000005,0.0001
1962-06-18,-0.0042,0.0048,0.0026,0.0001
1962-06-19,-0.0027,-0.0011,0.002,0.0001
1962-06-20,-0.013999999999999999,0.0036,0.0014000000000000002,0.0001
1962-06-21,-0.022400000000000003,0.0012,0.0058,0.0001
1962-06-22,-0.017,-0.002,-0.0042,0.0001
1962-06-25,-0.0034999999999999996,-0.0033,-0.0075,0.0001
1962-06-26,-0.0037,0.0063,0.0038,0.0001
1962-06-27,0.0053,-0.0049,-0.0028000000000000004,0.0001
1962-06-28,0.0339,-0.0021,-0.0023,0.0001
1962-06-29,0.0060999999999999995,0.0036,0.0028000000000000004,0.0001
1962-07-02,0.0207,-0.0059,-0.0074,0.0001
1962-07-03,0.011399999999999999,0.002,-0.004,0.0001
1962-07-05,0.006,-0.0012,0.0003,0.0001
1962-07-06,-0.0111,-0.0007000000000000001,0.0066,0.0001
1962-07-09,0.0068000000000000005,-0.0008,-0.0037,0.0001
1962-07-10,0.0121,0.013300000000000001,-0.0007000000000000001,0.0001
1962-07-11,0.0098,0.002,-0.0067,0.0001
1962-07-12,0.0051,0.0106,-0.0027,0.0001
1962-07-13,-0.0031,0.0036,-0.0037,0.0001
1962-07-16,0.0002,0.0029,-0.0068000000000000005,0.0001
1962-07-17,-0.0179,-0.0014000000000000002,0.0097,0.0001
1962-07-18,-0.0103,-0.0032,0.0033,0.0001
1962-07-19,0.0039000000000000003,0.0007000000000000001,-0.0031,0.0001
1962-07-20,0.006500000000000001,-0.0037,-0.0004,0.0001
1962-07-23,-0.0005,0.002,-0.0034000000000000002,0.0001
1962-07-24,-0.0086,0.0004,0.0045000000000000005,0.0001
1962-07-25,0.002,-0.0043,-0.0024,0.0001
1962-07-26,0.0044,0.001,-0.0018,0.0001
1962-07-27,0.0075,-0.0026,-0.0013,0.0001
1962-07-30,0.0104,-0.0005,-0.005,0.0001
1962-07-31,0.0064,0.0006,-0.0036,0.0001
1962-08-01,-0.0074,0.0014000000000000002,0.0049,0.0001
1962-08-02,0.0034999999999999996,-0.0001,-0.0060999999999999995,0.0001
1962-08-03,0.0021,-0.0007000000000000001,0.0027,0.0001
1962-08-06,-0.0063,0.0013,0.003,0.0001
1962-08-07,-0.0060999999999999995,-0.0006,0.0019,0.0001
1962-08-08,0.0034000000000000002,0.0002,-0.0017000000000000001,0.0001
1962-08-09,-0.0012,0.0014000000000000002,0.001,0.0001
1962-08-10,0.0016,-0.0013,0.0011,0.0001
1962-08-13,0.0021,0.0004,-0.0025,0.0001
1962-08-14,0.009899999999999999,-0.0029,-0.005,0.0001
1962-08-15,0.0070999999999999995,0.0045000000000000005,-0.0007000000000000001,0.0001
1962-08-16,0.0004,0.0051,-0.0049,0.0001
1962-08-17,0.0060999999999999995,-0.001,-0.0031,0.0001
1962-08-20,0.0060999999999999995,0.003,-0.0034000000000000002,0.0001
1962-08-21,-0.0036,-0.002,0.0037,0.0001
1962-08-22,0.011699999999999999,0.0001,-0.0032,0.0001
1962-08-23,-0.0012,-0.001,0.0009,0.0001
1962-08-24,-0.0013,0.0029,0.0001,0.0001
1962-08-27,-0.0005,0.0008,0.0002,0.0001
1962-08-28,-0.0111,-0.0027,0.0034000000000000002,0.0001
1962-08-29,-0.0018,-0.0001,0.0007000000000000001,0.0001
1962-08-30,-0.0001,0.0014000000000000002,-0.0026,0.0001
1962-08-31,0.008100000000000001,0.0019,-0.0015,0.0001
1962-09-04,-0.0097,0.0006,0.0032,0.0001
1962-09-05,-0.0070999999999999995,-0.0029,0.004699999999999999,0.0001
1962-09-06,0.0037,-0.0002,-0.0018,0.0001
1962-09-07,0.0001,-0.0007000000000000001,0.0013,0.0001
1962-09-10,0.0007000000000000001,-0.0037,-0.0016,0.0001
1962-09-11,0.0025,-0.0015,-0.0017000000000000001,0.0001
1962-09-12,0.0043,-0.0004,-0.0032,0.0001
1962-09-13,-0.0025,-0.0014000000000000002,0.0017000000000000001,0.0001
1962-09-14,0.003,-0.0018,0.001,0.0001
1962-09-17,0.0026,0.0004,-0.0075,0.0001
1962-09-18,-0.0007000000000000001,0.0004,-0.002,0.0001
1962-09-19,-0.0019,-0.0028000000000000004,0.0008,0.0001
1962-09-20,-0.0068000000000000005,-0.0007000000000000001,0.0008,0.0001
1962-09-21,-0.0144,-0.0034000000000000002,0.0054,0.0001
1962-09-24,-0.018500000000000003,-0.0015,0.0084,0.0001
1962-09-25,0.0055000000000000005,-0.0007000000000000001,-0.0039000000000000003,0.0001
1962-09-26,-0.0141,-0.0024,0.0089,0.0001
1962-09-27,-0.006500000000000001,-0.0005,0.0038,0.0001
1962-09-28,0.0067,-0.0024,-0.004699999999999999,0.0001
1962-10-01,-0.0128,-0.0026,0.0045000000000000005,0.0001
1962-10-02,0.0104,-0.0018,-0.0059,0.0001
1962-10-03,0.0014000000000000002,-0.0014000000000000002,0.0045000000000000005,0.0001
1962-10-04,0.008,-0.0045000000000000005,-0.0021,0.0001
1962-10-05,0.0060999999999999995,-0.0006,-0.0018,0.0001
1962-10-08,0.0001,0.0016,0.001,0.0001
1962-10-09,0.003,-0.0013,-0.0028000000000000004,0.0001
1962-10-10,-0.0001,0.0012,-0.0008,0.0001
1962-10-11,-0.003,-0.0013,0.0008,0.0001
1962-10-12,-0.0018,-0.0018,0.003,0.0001
1962-10-15,0.0046,-0.0023,-0.0036,0.0001
1962-10-16,-0.0032,-0.0014000000000000002,0.0027,0.0001
1962-10-17,-0.0046,-0.0039000000000000003,0.0029,0.0001
1962-10-18,-0.009399999999999999,-0.0019,0.0002,0.0001
1962-10-19,-0.013500000000000002,-0.0011,0.0044,0.0001
1962-10-22,-0.011699999999999999,-0.0054,0.0033,0.0001
1962-10-23,-0.0268,-0.001,0.0101,0.0001
1962-10-24,0.028300000000000002,-0.0144,-0.013500000000000002,0.0001
1962-10-25,-0.0077,0.005600000000000001,0.0106,0.0001
1962-10-26,-0.003,-0.0027,0.0023,0.0001
1962-10-29,0.0219,0.0023,-0.005600000000000001,0.0001
1962-10-30,0.0149,-0.0009,-0.004699999999999999,0.0001
1962-10-31,-0.0001,-0.0004,0.0028000000000000004,0.0001
1962-11-01,0.0101,-0.0023,-0.0031,0.0001
1962-11-02,0.010700000000000001,0.0005,-0.0024,0.0001
1962-11-05,0.0103,0.0017000000000000001,-0.0008,0.0001
1962-11-07,0.0069,0.0008,0.0023,0.0001
1962-11-08,-0.0059,0.0018,0.0068000000000000005,0.0001
1962-11-09,0.0098,0.0024,0.002,0.0001
1962-11-12,0.0138,0.0075,0.0007000000000000001,0.0001
1962-11-13,-0.0019,-0.0002,-0.0012,0.0001
1962-11-14,0.012,0.0021,-0.0013,0.0001
1962-11-15,-0.0027,0.0002,0.0011,0.0001
1962-11-16,0.003,-0.0012,0.0019,0.0001
1962-11-19,-0.0046,-0.002,0.0025,0.0001
1962-11-20,0.009899999999999999,-0.0039000000000000003,0.0043,0.0001
1962-11-21,0.0069,0.0019,-0.0013,0.0001
1962-11-23,0.0116,-0.0008,0.0,0.0001
1962-11-26,-0.0028000000000000004,0.0008,-0.0011,0.0001
1962-11-27,0.0070999999999999995,0.0053,-0.0004,0.0001
1962-11-28,0.0074,0.0044,-0.004,0.0001
1962-11-29,0.0044,0.0011,-0.0032,0.0001
1962-11-30,-0.0022,0.0025,0.0048,0.0001
1962-12-03,-0.004,-0.0001,0.0018,0.0001
1962-12-04,0.0108,-0.0003,-0.0017000000000000001,0.0001
1962-12-05,0.0042,-0.0009,-0.0046,0.0001
1962-12-06,0.0008,-0.0006,-0.0038,0.0001
1962-12-07,0.002,-0.0053,-0.0014000000000000002,0.0001
1962-12-10,-0.013000000000000001,-0.005600000000000001,-0.0006,0.0001
1962-12-11,0.0004,-0.0033,0.0036,0.0001
1962-12-12,0.0046,0.0005,-0.0002,0.0001
1962-12-13,-0.0036,-0.0017000000000000001,0.0016,0.0001
1962-12-14,0.002,-0.0027,0.0003,0.0001
1962-12-17,-0.0039000000000000003,-0.0013,-0.0037,0.0001
1962-12-18,-0.0048,-0.0059,0.0042,0.0001
1962-12-19,0.0076,-0.0046,-0.001,0.0001
1962-12-20,0.0031,0.0001,0.0005,0.0001
1962-12-21,-0.0023,-0.0022,0.0022,0.0001
1962-12-24,-0.0007000000000000001,-0.0006,0.0013,0.0001
1962-12-26,0.0060999999999999995,-0.001,0.0023,0.0001
1962-12-27,-0.0017000000000000001,-0.0003,0.0009,0.0001
1962-12-28,0.0005,-0.0006,-0.0013,0.0001
1962-12-31,0.0023,-0.0013,0.0031,0.0001
1963-01-02,-0.0054,0.009399999999999999,0.0032,0.0001
1963-01-03,0.0166,0.0097,-0.0024,0.0001
1963-01-04,0.0068000000000000005,0.0064,-0.0001,0.0001
1963-01-07,0.0006,0.0033,0.0028000000000000004,0.0001
1963-01-08,0.009000000000000001,-0.0004,0.0022,0.0001
1963-01-09,-0.0016,0.0011,0.001,0.0001
1963-01-10,0.0019,0.0021,-0.0009,0.0001
1963-01-11,0.0025,-0.0004,-0.0013,0.0001
1963-01-14,0.005699999999999999,0.0008,0.0022,0.0001
1963-01-15,-0.001,-0.0003,0.0031,0.0001
1963-01-16,-0.0069,0.001,-0.0001,0.0001
1963-01-17,0.0066,0.0006,-0.0021,0.0001
1963-01-18,0.0002,0.0007000000000000001,-0.0006,0.0001
1963-01-21,0.0014000000000000002,-0.0002,-0.002,0.0001
1963-01-22,0.0026,0.004,-0.0003,0.0001
1963-01-23,0.0023,0.0009,0.003,0.0001
1963-01-24,0.0016,0.0023,0.0029,0.0001
1963-01-25,0.0025,-0.0036,0.0033,0.0001
1963-01-28,0.004,-0.0039000000000000003,0.0014000000000000002,0.0001
1963-01-29,0.0002,-0.0032,0.0036,0.0001
1963-01-30,-0.005600000000000001,-0.0012,0.0013,0.0001
1963-01-31,0.0044,-0.0008,0.0005,0.0001
1963-02-01,0.0018,0.001,0.0032,0.0001
1963-02-04,-0.002,0.0003,-0.0022,0.0001
1963-02-05,-0.0007000000000000001,-0.0036,0.003,0.0001
1963-02-06,0.0048,0.0023,-0.0019,0.0001
1963-02-07,-0.0029,-0.0002,0.0045000000000000005,0.0001
1963-02-08,0.0004,-0.0001,-0.0002,0.0001
1963-02-11,-0.005,0.0005,0.005,0.0001
1963-02-12,0.0004,-0.0012,0.0006,0.0001
1963-02-13,0.004699999999999999,0.0028000000000000004,0.0054,0.0001
1963-02-14,0.003,0.0021,0.0013,0.0001
1963-02-15,0.0014000000000000002,-0.001,-0.0012,0.0001
1963-02-18,0.0015,-0.0026,0.0024,0.0001
1963-02-19,-0.0042,-0.0003,0.0,0.0001
1963-02-20,-0.0051,0.0007000000000000001,0.0009,0.0001
1963-02-21,0.0011,0.001,0.0,0.0001
1963-02-25,-0.006,0.0015,0.0017000000000000001,0.0001
1963-02-26,0.0009,0.0023,-0.0022,0.0001
1963-02-27,-0.006500000000000001,0.001,0.0012,0.0001
1963-02-28,-0.011399999999999999,-0.0017000000000000001,0.0003,0.0001
1963-03-01,-0.0034000000000000002,-0.0027,0.0019,0.0001
1963-03-04,0.0091,-0.0001,0.0009,0.0001
1963-03-05,-0.0003,-0.0032,0.001,0.0001
1963-03-06,0.0017000000000000001,-0.0024,-0.0002,0.0001
1963-03-07,0.0058,-0.002,-0.0002,0.0001
1963-03-08,0.0013,-0.0009,0.0007000000000000001,0.0001
1963-03-11,0.0021,-0.0031,-0.0003,0.0001
1963-03-12,0.0024,-0.0012,0.0003,0.0001
1963-03-13,0.0031,-0.002,0.0039000000000000003,0.0001
1963-03-14,-0.0045000000000000005,0.0008,-0.0019,0.0001
1963-03-15,0.0039000000000000003,-0.0042,0.0028000000000000004,0.0001
1963-03-18,-0.0043,-0.0006,-0.0012,0.0001
1963-03-19,-0.0023,-0.0031,0.0014000000000000002,0.0001
1963-03-20,0.0070999999999999995,-0.0007000000000000001,0.0032,0.0001
1963-03-21,-0.0013,0.0003,0.0001,0.0001
1963-03-22,0.0044,-0.0005,0.0036,0.0001
1963-03-25,0.0003,-0.0004,0.0014000000000000002,0.0001
1963-03-26,0.0026,-0.0019,0.0005,0.0001
1963-03-27,0.004,0.0015,-0.0017000000000000001,0.0001
1963-03-28,-0.0013,0.0005,0.0001,0.0001
1963-03-29,0.0,0.0008,0.0042,0.0001
1963-04-01,0.0036,-0.0019,0.0033,0.0001
1963-04-02,-0.0003,-0.0001,0.0005,0.0001
1963-04-03,0.0070999999999999995,-0.0042,-0.0009,0.0001
1963-04-04,0.0062,-0.0016,-0.0031,0.0001
1963-04-05,0.0055000000000000005,-0.0011,0.0002,0.0001
1963-04-08,0.0033,0.0002,-0.0021,0.0001
1963-04-09,-0.0008,-0.0001,-0.0009,0.0001
1963-04-10,-0.0026,-0.0009,0.0033,0.0001
1963-04-11,0.0066,-0.0011,0.0029,0.0001
1963-04-15,0.0038,-0.0046,0.0021,0.0001
1963-04-16,0.0008,-0.0003,0.0006,0.0001
1963-04-17,-0.0023,0.0008,-0.0014000000000000002,0.0001
1963-04-18,0.0008,-0.001,0.0048,0.0001
1963-04-19,0.004699999999999999,0.0014000000000000002,0.0017000000000000001,0.0001
1963-04-22,0.0005,-0.0004,0.0004,0.0001
1963-04-23,0.0036,-0.0001,-0.0007000000000000001,0.0001
1963-04-24,0.0026,0.0007000000000000001,0.0003,0.0001
1963-04-25,0.0006,-0.0005,-0.0007000000000000001,0.0001
1963-04-26,-0.0006,0.0024,-0.0003,0.0001
1963-04-29,-0.0009,-0.0009,-0.0017000000000000001,0.0001
1963-04-30,0.002,0.0009,0.0011,0.0001
1963-05-01,0.0025,-0.0004,-0.0004,0.0001
1963-05-02,0.0025,-0.001,0.0007000000000000001,0.0001
1963-05-03,-0.0018,0.0023,-0.0007000000000000001,0.0001
1963-05-06,-0.0064,0.0038,-0.0018,0.0001
1963-05-07,-0.0004,0.0026,-0.002,0.0001
1963-05-08,0.0078000000000000005,-0.0004,-0.0003,0.0001
1963-05-09,0.0043,-0.0005,0.002,0.0001
1963-05-10,0.0031,0.0018,-0.0011,0.0001
1963-05-13,0.0003,0.0026,-0.0004,0.0001
1963-05-14,-0.0028000000000000004,0.0058,0.0046,0.0001
1963-05-15,0.0025,0.0007000000000000001,0.0027,0.0001
1963-05-16,-0.0023,-0.0012,0.0055000000000000005,0.0001
1963-05-17,0.0008,0.0006,0.0008,0.0001
1963-05-20,-0.004,0.0026,0.0063,0.0001
1963-05-21,0.0022,-0.0007000000000000001,0.0037,0.0001
1963-05-22,0.0004,0.0009,0.0032,0.0001
1963-05-23,-0.0008,0.0013,-0.0015,0.0001
1963-05-24,-0.0011,-0.0009,-0.001,0.0001
1963-05-27,-0.0011,-0.0024,0.0003,0.0001
1963-05-28,0.0018,-0.002,0.0009,0.0001
1963-05-29,0.0043,-0.0018,0.0039000000000000003,0.0001
1963-05-31,0.0055000000000000005,-0.0033,-0.0006,0.0001
1963-06-03,-0.0008,0.0006,-0.0009,0.0001
1963-06-04,-0.0001,0.0002,-0.0005,0.0001
1963-06-05,-0.0025,0.0003,0.0028000000000000004,0.0001
1963-06-06,0.0001,-0.0025,0.0029,0.0001
1963-06-07,-0.0019,0.0016,-0.0015,0.0001
1963-06-10,-0.005600000000000001,0.0005,-0.0027,0.0001
1963-06-11,0.0009,0.0,-0.0024,0.0001
1963-06-12,0.0049,0.0006,-0.0034000000000000002,0.0001
1963-06-13,-0.0026,0.0013,0.0011,0.0001
1963-06-14,0.0007000000000000001,0.0016,-0.0033,0.0001
1963-06-17,-0.0039000000000000003,0.0015,0.0024,0.0001
1963-06-18,0.0013,-0.0015,0.001,0.0001
1963-06-19,0.0007000000000000001,0.0025,0.0016,0.0001
1963-06-20,-0.001,-0.0014000000000000002,0.0002,0.0001
1963-06-21,0.0031,0.0017000000000000001,0.0034000000000000002,0.0001
1963-06-24,-0.0009,-0.0005,0.0029,0.0001
1963-06-25,-0.0024,-0.0022,0.0012,0.0001
1963-06-26,-0.0092,-0.0031,0.0021,0.0001
1963-06-27,-0.0049,-0.0023,-0.0011,0.0001
1963-06-28,0.004,-0.002,0.0011,0.0001
1963-07-01,-0.0067,0.0016,-0.0034000000000000002,0.0001
1963-07-02,0.0079,-0.0028000000000000004,0.0026,0.0001
1963-07-03,0.0063,-0.0018,-0.0009,0.0001
1963-07-05,0.004,0.001,-0.0027,0.0001
1963-07-08,-0.0063,0.0003,-0.0018,0.0001
1963-07-09,0.0045000000000000005,0.0002,0.0009,0.0001
1963-07-10,-0.0018,0.0016,0.0001,0.0001
1963-07-11,-0.0016,0.0019,-0.003,0.0001
1963-07-12,-0.0012,0.0001,-0.0009,0.0001
1963-07-15,-0.0062,0.0001,-0.0002,0.0001
1963-07-16,-0.0007000000000000001,-0.0013,0.0014000000000000002,0.0001
1963-07-17,-0.0033,-0.0015,0.0014000000000000002,0.0001
1963-07-18,-0.0054,0.0027,0.0007000000000000001,0.0001
1963-07-19,-0.0023,-0.0002,-0.0004,0.0001
1963-07-22,-0.006999999999999999,-0.0011,-0.0033,0.0001
1963-07-23,0.0001,-0.0007000000000000001,-0.0019,0.0001
1963-07-24,0.0046,-0.0009,-0.0002,0.0001
1963-07-25,-0.0004,0.0004,0.0026,0.0001
1963-07-26,0.0034999999999999996,-0.002,0.0008,0.0001
1963-07-29,0.0011,-0.0029,0.0025,0.0001
1963-07-30,0.0084,-0.0024,-0.0025,0.0001
1963-07-31,-0.0013,0.0018,-0.0001,0.0001
1963-08-01,-0.0008,-0.0013,-0.0011,0.0001
1963-08-02,0.0029,-0.0023,0.0016,0.0001
1963-08-05,0.005699999999999999,-0.0040999999999999995,0.0016,0.0001
1963-08-06,0.006,-0.004,0.0025,0.0001
1963-08-07,-0.0019,0.0,0.0017000000000000001,0.0001
1963-08-08,0.0014000000000000002,0.0003,-0.0025,0.0001
1963-08-09,0.006,-0.0009,-0.0006,0.0001
1963-08-12,0.0024,0.0009,0.0043,0.0001
1963-08-13,0.0027,-0.003,0.0001,0.0001
1963-08-14,0.0029,-0.0004,0.002,0.0001
1963-08-15,0.0043,-0.0031,0.0036,0.0001
1963-08-16,0.0015,0.0014000000000000002,0.0012,0.0001
1963-08-19,-0.0005,0.0007000000000000001,-0.0009,0.0001
1963-08-20,-0.0005,0.0005,-0.0024,0.0001
1963-08-21,-0.0011,0.0036,-0.0012,0.0001
1963-08-22,0.0038,0.0012,0.0009,0.0001
1963-08-23,0.0034000000000000002,-0.0002,0.0009,0.0001
1963-08-26,0.0018,-0.0021,0.0015,0.0001
1963-08-27,-0.0044,0.0011,-0.0005,0.0001
1963-08-28,0.0077,-0.0004,0.0043,0.0001
1963-08-29,0.0018,0.0016,0.0,0.0001
1963-08-30,0.0044,0.0013,-0.0006,0.0001
1963-09-03,0.0023,0.0012,0.0003,0.0001
1963-09-04,-0.0001,0.0011,-0.0007000000000000001,0.0001
1963-09-05,0.004699999999999999,-0.0006,0.0013,0.0001
1963-09-06,-0.0027,-0.0018,-0.0001,0.0001
1963-09-09,-0.0036,-0.0025,-0.0002,0.0001
1963-09-10,0.0052,-0.0021,0.0042,0.0001
1963-09-11,0.0024,-0.0022,0.0019,0.0001
1963-09-12,-0.0009,0.001,-0.0012,0.0001
1963-09-13,0.0002,0.004,-0.0017000000000000001,0.0001
1963-09-16,-0.0016,0.0011,0.0018,0.0001
1963-09-17,0.0003,-0.0014000000000000002,0.0017000000000000001,0.0001
1963-09-18,-0.0043,0.0009,-0.0024,0.0001
1963-09-19,0.0052,-0.0044,0.0016,0.0001
1963-09-20,0.0004,-0.0004,-0.0001,0.0001
1963-09-23,-0.005,-0.0001,-0.002,0.0001
1963-09-24,0.0034999999999999996,-0.004,0.0012,0.0001
1963-09-25,-0.0058,-0.0031,-0.0008,0.0001
1963-09-26,-0.008199999999999999,0.0053,-0.0034999999999999996,0.0001
1963-09-27,-0.0018,0.0031,-0.0022,0.0001
1963-09-30,-0.006,0.0024,0.001,0.0001
1963-10-01,0.006500000000000001,-0.0024,0.0024,0.0001
1963-10-02,0.001,-0.0005,0.0,0.0001
1963-10-03,0.0066,-0.0039000000000000003,0.0085,0.0001
1963-10-04,0.0,0.0001,0.0005,0.0001
1963-10-07,-0.0023,0.0021,-0.0001,0.0001
1963-10-08,-0.0014000000000000002,0.0004,0.0027,0.0001
1963-10-09,-0.0060999999999999995,0.0019,-0.0007000000000000001,0.0001
1963-10-10,0.0008,0.0,0.0014000000000000002,0.0001
1963-10-11,0.0013,0.0039000000000000003,0.0007000000000000001,0.0001
1963-10-14,0.0005,0.0003,0.0008,0.0001
1963-10-15,0.0017000000000000001,-0.0022,0.0014000000000000002,0.0001
1963-10-16,0.0089,-0.0031,0.0028000000000000004,0.0001
1963-10-17,0.0014000000000000002,0.0013,-0.0025,0.0001
1963-10-18,0.0009,0.0016,-0.0023,0.0001
1963-10-21,0.0004,-0.0006,-0.0031,0.0001
1963-10-22,-0.0054,0.0044,-0.0046,0.0001
1963-10-23,0.0003,-0.0006,-0.0006,0.0001
1963-10-24,0.0034999999999999996,-0.0015,0.0045000000000000005,0.0001
1963-10-25,0.0085,-0.0022,-0.0087,0.0001
1963-10-28,0.0040999999999999995,-0.0069,-0.0029,0.0001
1963-10-29,-0.0004,-0.0021,-0.0007000000000000001,0.0001
1963-10-30,-0.0079,0.0045000000000000005,-0.0006,0.0001
1963-10-31,0.0021,-0.0004,0.0009,0.0001
1963-11-01,-0.0018,0.0018,0.002,0.0002
1963-11-04,-0.0043,-0.0007000000000000001,0.0037,0.0002
1963-11-06,-0.0077,0.0005,0.0024,0.0002
1963-11-07,0.0033,0.0,-0.0003,0.0002
1963-11-08,0.0054,0.0003,0.0011,0.0002
1963-11-11,0.002,0.0024,0.0015,0.0002
1963-11-12,-0.0037,0.0033,-0.0029,0.0002
1963-11-13,0.0005,0.0005,-0.0008,0.0002
1963-11-14,-0.0040999999999999995,0.002,-0.0003,0.0002
1963-11-15,-0.0075,0.0032,0.0001,0.0002
1963-11-18,-0.0074,0.0017000000000000001,-0.0023,0.0002
1963-11-19,0.001,-0.0029,0.0034999999999999996,0.0002
1963-11-20,0.0076,-0.009300000000000001,-0.0034000000000000002,0.0002
1963-11-21,-0.0125,-0.0014000000000000002,0.0003,0.0002
1963-11-22,-0.028900000000000002,-0.005699999999999999,0.0007000000000000001,0.0002
1963-11-26,0.0393,-0.013300000000000001,0.0085,0.0002
1963-11-27,-0.0016,0.0038,0.0012,0.0002
1963-11-29,0.0134,0.0016,0.003,0.0002
1963-12-02,0.0053,-0.0028000000000000004,-0.0021,0.0001
1963-12-03,-0.0005,0.0002,-0.002,0.0001
1963-12-04,0.0025,0.0001,0.0011,0.0001
1963-12-05,0.005699999999999999,-0.0068000000000000005,0.0013,0.0001
1963-12-06,-0.0032,0.0012,0.0008,0.0001
1963-12-09,-0.001,-0.0004,-0.0016,0.0001
1963-12-10,0.0007000000000000001,-0.0018,0.002,0.0001
1963-12-11,-0.0014000000000000002,0.0004,0.0009,0.0001
1963-12-12,-0.0003,-0.0016,-0.0008,0.0001
1963-12-13,0.0016,-0.0008,0.001,0.0001
1963-12-16,0.0025,-0.0044,-0.0001,0.0001
1963-12-17,0.0044,-0.0059,0.0007000000000000001,0.0001
1963-12-18,-0.0018,-0.0032,0.005699999999999999,0.0001
1963-12-19,-0.0034000000000000002,-0.0003,-0.0045000000000000005,0.0001
1963-12-20,-0.002,-0.002,0.0011,0.0001
1963-12-23,-0.006,0.0028000000000000004,-0.0006,0.0001
1963-12-24,0.0023,0.0023,-0.0015,0.0001
1963-12-26,0.004699999999999999,0.0016,0.0008,0.0001
1963-12-27,0.0016,0.0009,-0.0013,0.0001
1963-12-30,0.001,-0.0028000000000000004,-0.0018,0.0001
1963-12-31,0.005600000000000001,0.0038,-0.0012,0.0001
1964-01-02,0.006,0.006,0.0059,0.0001
1964-01-03,0.0017000000000000001,0.0012,0.0036,0.0001
1964-01-06,0.0024,0.0012,0.0002,0.0001
1964-01-07,0.0007000000000000001,0.0008,0.0075,0.0001
1964-01-08,0.0032,0.0004,-0.0014000000000000002,0.0001
1964-01-09,0.0029,0.0003,-0.0034000000000000002,0.0001
1964-01-10,-0.0005,-0.0004,-0.0012,0.0001
1964-01-13,-0.0011,0.0,0.0044,0.0001
1964-01-14,0.0016,-0.0034999999999999996,0.006500000000000001,0.0001
1964-01-15,0.0024,-0.0028000000000000004,-0.0011,0.0001
1964-01-16,-0.0009,0.0026,-0.0033,0.0001
1964-01-17,-0.0001,0.0034000000000000002,-0.0003,0.0001
1964-01-20,-0.0021,0.0015,-0.0054,0.0001
1964-01-21,0.0026,-0.004699999999999999,0.0006,0.0001
1964-01-22,0.004699999999999999,-0.0021,0.0042,0.0001
1964-01-23,0.0008,-0.0012,0.0016,0.0001
1964-01-24,0.0003,0.0024,0.0018,0.0001
1964-01-27,-0.0009,-0.003,0.0006,0.0001
1964-01-28,0.0,-0.0024,0.0018,0.0001
1964-01-29,-0.0058,-0.0002,-0.0015,0.0001
1964-01-30,0.0004,0.0012,-0.003,0.0001
1964-01-31,0.0038,-0.0027,-0.0018,0.0001
1964-02-03,0.0,-0.0006,0.0006,0.0001
1964-02-04,-0.0013,-0.0021,-0.0021,0.0001
1964-02-05,-0.0008,0.0001,0.0029,0.0001
1964-02-06,0.0024,0.001,-0.0024,0.0001
1964-02-07,0.0037,0.0003,0.0013,0.0001
1964-02-10,-0.0013,0.0017000000000000001,-0.0022,0.0001
1964-02-11,0.0033,0.0004,-0.0014000000000000002,0.0001
1964-02-12,0.003,0.0002,0.0019,0.0001
1964-02-13,0.0008,0.0002,-0.0007000000000000001,0.0001
1964-02-14,-0.0003,0.001,0.0023,0.0001
1964-02-17,0.0003,0.0008,0.0028000000000000004,0.0001
1964-02-18,0.0001,-0.0025,0.0052,0.0001
1964-02-19,0.0012,-0.0004,0.0007000000000000001,0.0001
1964-02-20,0.001,-0.0004,0.0070999999999999995,0.0001
1964-02-24,0.001,-0.0009,0.0043,0.0001
1964-02-25,0.0004,-0.0011,0.0016,0.0001
1964-02-26,0.0028000000000000004,0.001,0.002,0.0001
1964-02-27,-0.0028000000000000004,0.0024,-0.0007000000000000001,0.0001
1964-02-28,0.0021,-0.0001,0.0042,0.0001
1964-03-02,0.0022,-0.0005,0.0033,0.0001
1964-03-03,0.0026,-0.0029,-0.0026,0.0001
1964-03-04,-0.002,0.0002,-0.001,0.0001
1964-03-05,0.0,0.0007000000000000001,0.0022,0.0001
1964-03-06,0.0032,0.0040999999999999995,0.0001,0.0001
1964-03-09,0.0001,0.0004,0.0040999999999999995,0.0001
1964-03-10,0.0028000000000000004,-0.004,0.0025,0.0001
1964-03-11,0.004,-0.0027,0.0019,0.0001
1964-03-12,0.0018,-0.0006,0.0016,0.0001
1964-03-13,0.0009,0.0008,0.001,0.0001
1964-03-16,0.0003,0.0002,-0.0023,0.0001
1964-03-17,0.0019,-0.0003,0.0025,0.0001
1964-03-18,0.001,-0.0011,0.005,0.0001
1964-03-19,-0.0009,0.0008,0.0002,0.0001
1964-03-20,-0.0042,0.0033,0.001,0.0001
1964-03-23,0.0001,0.0039000000000000003,-0.0007000000000000001,0.0001
1964-03-24,-0.0018,0.0007000000000000001,0.003,0.0001
1964-03-25,0.0024,0.0022,0.006,0.0001
1964-03-26,0.0026,0.0009,0.0067,0.0001
1964-03-30,-0.001,0.0008,0.0006,0.0001
1964-03-31,-0.0019,0.0024,-0.003,0.0001
1964-04-01,0.0034000000000000002,0.0004,0.006500000000000001,0.0001
1964-04-02,0.005699999999999999,0.0,0.0029,0.0001
1964-04-03,0.0022,0.0008,-0.0040999999999999995,0.0001
1964-04-06,0.0007000000000000001,0.001,0.0026,0.0001
1964-04-07,-0.0034000000000000002,0.0028000000000000004,-0.0043,0.0001
1964-04-08,0.0001,0.0033,0.0018,0.0001
1964-04-09,0.0,0.0024,-0.0016,0.0001
1964-04-10,0.0019,0.0016,0.001,0.0001
1964-04-13,-0.0008,-0.0005,-0.0022,0.0001
1964-04-14,0.0019,-0.0025,-0.0012,0.0001
1964-04-15,0.0011,-0.0001,-0.0055000000000000005,0.0001
1964-04-16,0.0008,-0.0019,-0.001,0.0001
1964-04-17,0.0038,-0.004,0.0026,0.0001
1964-04-20,-0.0007000000000000001,-0.0019,-0.0017000000000000001,0.0001
1964-04-21,-0.0001,-0.0008,-0.0012,0.0001
1964-04-22,-0.0005,-0.0018,0.0021,0.0001
1964-04-23,-0.0017000000000000001,-0.0031,-0.0003,0.0001
1964-04-24,-0.0078000000000000005,-0.0015,-0.0040999999999999995,0.0001
1964-04-27,-0.0054,-0.0004,0.0023,0.0001
1964-04-28,0.006500000000000001,-0.0027,0.0076,0.0001
1964-04-29,-0.004,-0.002,-0.0070999999999999995,0.0001
1964-04-30,-0.0024,-0.0027,-0.0004,0.0001
1964-05-01,0.0078000000000000005,-0.0016,0.0031,0.0001
1964-05-04,0.0045000000000000005,0.0005,0.0022,0.0001
1964-05-05,0.0046,-0.0051,0.0012,0.0001
1964-05-06,0.0026,-0.0021,0.0018,0.0001
1964-05-07,0.0011,-0.0013,0.0070999999999999995,0.0001
1964-05-08,-0.0018,0.0,0.0012,0.0001
1964-05-11,-0.0003,0.0003,0.0001,0.0001
1964-05-12,0.0032,-0.0008,0.0002,0.0001
1964-05-13,-0.0025,0.0001,-0.0017000000000000001,0.0001
1964-05-14,-0.0012,0.0027,-0.0003,0.0001
1964-05-15,0.0015,-0.002,-0.0005,0.0001
1964-05-18,-0.0033,0.0002,-0.0023,0.0001
1964-05-19,-0.0044,0.0033,-0.0014000000000000002,0.0001
1964-05-20,0.0042,-0.0022,0.0039000000000000003,0.0001
1964-05-21,0.0007000000000000001,0.0005,-0.0021,0.0001
1964-05-22,0.0005,0.0013,0.0008,0.0001
1964-05-25,-0.0012,-0.0014000000000000002,0.0007000000000000001,0.0001
1964-05-26,-0.0017000000000000001,0.0009,0.0015,0.0001
1964-05-27,-0.0015,-0.0027,0.0023,0.0001
1964-05-28,0.0016,0.0012,0.0001,0.0001
1964-06-01,-0.0034999999999999996,0.0003,0.0003,0.0001
1964-06-02,-0.0052,-0.0005,-0.001,0.0001
1964-06-03,-0.0026,-0.002,0.0016,0.0001
1964-06-04,-0.0103,0.0002,-0.0031,0.0001
1964-06-05,0.0043,-0.0016,0.0017000000000000001,0.0001
1964-06-08,-0.0046,0.0006,-0.0016,0.0001
1964-06-09,0.005600000000000001,-0.0024,0.0045000000000000005,0.0001
1964-06-10,0.0037,0.0005,-0.002,0.0001
1964-06-11,0.003,0.0008,-0.0037,0.0001
1964-06-12,-0.0023,0.0015,0.0009,0.0001
1964-06-15,0.0046,-0.0003,0.0005,0.0001
1964-06-16,0.0051,-0.0006,0.0036,0.0001
1964-06-17,0.0051,-0.001,0.0014000000000000002,0.0001
1964-06-18,0.0,0.0,0.0009,0.0001
1964-06-19,0.001,-0.0001,0.0011,0.0001
1964-06-22,0.0025,-0.0028000000000000004,0.0037,0.0001
1964-06-23,-0.0038,0.0034000000000000002,-0.0025,0.0001
1964-06-24,0.0034999999999999996,0.0004,0.0022,0.0001
1964-06-25,0.002,-0.0005,-0.0004,0.0001
1964-06-26,0.0026,0.0016,0.0016,0.0001
1964-06-29,0.0018,0.0001,-0.0017000000000000001,0.0001
1964-06-30,0.0003,0.0,-0.0015,0.0001
1964-07-01,0.0062,-0.0024,0.0034000000000000002,0.0001
1964-07-02,0.0039000000000000003,0.0014000000000000002,-0.0025,0.0001
1964-07-06,0.0040999999999999995,-0.0013,-0.0011,0.0001
1964-07-07,0.0014000000000000002,-0.0015,0.0012,0.0001
1964-07-08,0.0002,0.0005,0.0011,0.0001
1964-07-09,0.0013,0.0031,-0.0011,0.0001
1964-07-10,0.0019,-0.0001,0.0042,0.0001
1964-07-13,-0.0007000000000000001,0.0005,0.0008,0.0001
1964-07-14,-0.0029,0.0017000000000000001,0.0011,0.0001
1964-07-15,0.0036,0.0003,-0.0036,0.0001
1964-07-16,0.0031,-0.0019,0.0022,0.0001
1964-07-17,0.0044,-0.0013,-0.0026,0.0001
1964-07-20,-0.0031,0.0017000000000000001,0.0008,0.0001
1964-07-21,-0.0019,0.0018,-0.0008,0.0001
1964-07-22,0.0002,-0.0005,0.0001,0.0001
1964-07-23,-0.0003,0.0017000000000000001,0.0012,0.0001
1964-07-24,-0.0003,-0.0002,-0.0003,0.0001
1964-07-27,-0.0048,-0.0014000000000000002,0.0025,0.0001
1964-07-28,-0.0024,0.0005,0.0005,0.0001
1964-07-29,0.0013,-0.0009,0.0,0.0001
1964-07-30,0.0013,-0.0007000000000000001,-0.0005,0.0001
1964-07-31,0.0007000000000000001,0.0007000000000000001,0.0009,0.0001
1964-08-03,-0.0024,-0.0031,0.0025,0.0001
1964-08-04,-0.0113,-0.0012,0.0,0.0001
1964-08-05,0.0016,-0.0037,0.0004,0.0001
1964-08-06,-0.0087,0.004,-0.0005,0.0001
1964-08-07,0.005600000000000001,0.0003,-0.0018,0.0001
1964-08-10,0.0002,0.0009,-0.0017000000000000001,0.0001
1964-08-11,-0.0001,0.0007000000000000001,0.0017000000000000001,0.0001
1964-08-12,0.005,0.0016,-0.0006,0.0001
1964-08-13,0.0028000000000000004,0.0004,0.0011,0.0001
1964-08-14,-0.001,0.0013,0.0015,0.0001
1964-08-17,-0.0001,-0.0008,-0.0019,0.0001
1964-08-18,0.0006,-0.0017000000000000001,0.0036,0.0001
1964-08-19,-0.0009,0.0004,0.0,0.0001
1964-08-20,-0.0044,-0.0002,-0.0029,0.0001
1964-08-21,0.0016,0.001,-0.0008,0.0001
1964-08-24,-0.002,-0.0002,0.0052,0.0001
1964-08-25,-0.005,0.0012,-0.0029,0.0001
1964-08-26,-0.0018,-0.0003,-0.0003,0.0001
1964-08-27,0.0048,-0.0026,0.0001,0.0001
1964-08-28,0.0032,-0.0005,-0.0012,0.0001
1964-08-31,-0.002,0.0026,-0.0007000000000000001,0.0001
1964-09-01,0.0046,-0.0025,0.0058,0.0001
1964-09-02,0.002,0.0014000000000000002,0.0016,0.0001
1964-09-03,0.0025,-0.0015,-0.002,0.0001
1964-09-04,0.0021,0.0001,0.0002,0.0001
1964-09-08,0.0012,-0.0001,-0.0001,0.0001
1964-09-09,0.0019,-0.0023,0.0032,0.0001
1964-09-10,0.0008,-0.0008,0.0026,0.0001
1964-09-11,0.0033,-0.0026,0.0032,0.0001
1964-09-14,-0.0024,-0.0006,0.0038,0.0001
1964-09-15,-0.0023,0.0009,-0.0005,0.0001
1964-09-16,0.0027,-0.0011,0.0024,0.0001
1964-09-17,0.0059,-0.0017000000000000001,0.0022,0.0001
1964-09-18,-0.0034000000000000002,0.0016,-0.0024,0.0001
1964-09-21,0.004,-0.0012,0.0012,0.0001
1964-09-22,0.0004,0.0018,-0.0021,0.0001
1964-09-23,0.0001,0.0011,0.0023,0.0001
1964-09-24,0.001,-0.0009,-0.0001,0.0001
1964-09-25,0.002,0.0019,-0.0031,0.0001
1964-09-28,0.0007000000000000001,-0.0006,-0.0007000000000000001,0.0001
1964-09-29,-0.0002,-0.0006,-0.0002,0.0001
1964-09-30,-0.0003,0.0014000000000000002,-0.0005,0.0001
1964-10-01,-0.0014000000000000002,0.0009,0.0012,0.0001
1964-10-02,0.0024,-0.0022,0.0014000000000000002,0.0001
1964-10-05,0.0040999999999999995,-0.0026,0.0037,0.0001
1964-10-06,0.0002,-0.0011,0.0017000000000000001,0.0001
1964-10-07,-0.0003,-0.0011,0.0008,0.0001
1964-10-08,0.0024,-0.0002,0.0016,0.0001
1964-10-09,0.0019,0.0007000000000000001,0.0009,0.0001
1964-10-12,0.0006,0.0021,-0.0008,0.0001
1964-10-13,-0.0025,0.0001,0.0034999999999999996,0.0001
1964-10-14,-0.0017000000000000001,-0.0001,0.0019,0.0001
1964-10-15,-0.006999999999999999,-0.0034999999999999996,-0.0021,0.0001
1964-10-16,0.006999999999999999,0.0036,0.0008,0.0001
1964-10-19,0.0013,0.0027,0.0019,0.0001
1964-10-20,0.0025,-0.0004,0.003,0.0001
1964-10-21,-0.0006,-0.0003,-0.0001,0.0001
1964-10-22,-0.0016,0.0012,0.0001,0.0001
1964-10-23,0.002,-0.0008,0.0003,0.0001
1964-10-26,-0.0017000000000000001,0.0024,0.0019,0.0001
1964-10-27,-0.0004,0.0002,-0.0014000000000000002,0.0001
1964-10-28,-0.0034999999999999996,0.0006,-0.0053,0.0001
1964-10-29,0.0005,0.0008,-0.0016,0.0001
1964-10-30,0.0018,0.0019,-0.0027,0.0001
1964-11-02,0.0043,-0.0015,-0.0027,0.0002
1964-11-04,-0.0004,-0.001,0.0023,0.0002
1964-11-05,0.0,-0.0009,-0.0052,0.0002
1964-11-06,0.0019,-0.0013,-0.0016,0.0002
1964-11-09,-0.0005,0.0006,-0.0049,0.0002
1964-11-10,-0.0040999999999999995,0.0009,-0.0021,0.0002
1964-11-11,0.0026,-0.0016,0.0053,0.0002
1964-11-12,0.0018,0.0019,0.0023,0.0002
1964-11-13,0.001,0.0036,-0.0028000000000000004,0.0002
1964-11-16,0.0043,0.0003,-0.0054,0.0002
1964-11-17,0.0045000000000000005,-0.0031,0.0007000000000000001,0.0002
1964-11-18,0.0024,-0.0006,-0.0005,0.0002
1964-11-19,-0.0001,0.0001,-0.003,0.0002
1964-11-20,0.0009,0.0007000000000000001,-0.0008,0.0002
1964-11-23,-0.0025,0.0009,0.0009,0.0002
1964-11-24,-0.0026,0.0008,0.0003,0.0002
1964-11-25,-0.0021,0.0033,-0.0009,0.0002
1964-11-27,-0.003,0.0016,-0.0008,0.0002
1964-11-30,-0.0086,0.0016,-0.0015,0.0002
1964-12-01,-0.01,0.0014000000000000002,-0.0017000000000000001,0.0001
1964-12-02,0.0028000000000000004,-0.0029,0.0006,0.0001
1964-12-03,0.0039000000000000003,-0.0006,0.0011,0.0001
1964-12-04,0.0018,0.0003,-0.002,0.0001
1964-12-07,-0.0001,-0.0002,-0.0018,0.0001
1964-12-08,-0.0037,-0.0008,-0.0054,0.0001
1964-12-09,-0.0067,-0.002,-0.0008,0.0001
1964-12-10,-0.0003,-0.0012,0.0019,0.0001
1964-12-11,0.0022,0.001,0.0003,0.0001
1964-12-14,-0.0026,0.0017000000000000001,-0.003,0.0001
1964-12-15,-0.0034999999999999996,-0.0018,-0.0017000000000000001,0.0001
1964-12-16,0.0040999999999999995,0.0016,-0.0027,0.0001
1964-12-17,0.0036,0.0002,0.0025,0.0001
1964-12-18,0.004699999999999999,0.0001,-0.0008,0.0001
1964-12-21,0.0007000000000000001,0.0002,-0.0007000000000000001,0.0001
1964-12-22,-0.0007000000000000001,0.0008,-0.0033,0.0001
1964-12-23,-0.002,0.0015,-0.0023,0.0001
1964-12-24,0.0001,0.0009,0.0006,0.0001
1964-12-28,-0.0011,0.0002,-0.0017000000000000001,0.0001
1964-12-29,-0.0031,-0.001,0.0006,0.0001
1964-12-30,0.005699999999999999,-0.0007000000000000001,-0.0023,0.0001
1964-12-31,0.0049,-0.0009,-0.0014000000000000002,0.0001
1965-01-04,-0.0045000000000000005,0.0068000000000000005,-0.0003,0.0001
1965-01-05,0.0049,0.0039000000000000003,-0.0009,0.0001
1965-01-06,0.0034000000000000002,0.0019,0.0042,0.0001
1965-01-07,0.004,0.001,0.0019,0.0001
1965-01-08,0.0017000000000000001,0.0018,-0.002,0.0001
1965-01-11,0.0006,0.0004,0.0011,0.0001
1965-01-12,0.0028000000000000004,0.0019,-0.0008,0.0001
1965-01-13,0.0028000000000000004,0.002,-0.0002,0.0001
1965-01-14,0.0,0.0004,0.0021,0.0001
1965-01-15,0.0040999999999999995,-0.0018,0.0018,0.0001
1965-01-18,0.0028000000000000004,-0.001,-0.0021,0.0001
1965-01-19,0.0016,-0.0027,0.0018,0.0001
1965-01-20,-0.0003,0.0001,0.0007000000000000001,0.0001
1965-01-21,-0.0009,0.0016,-0.0008,0.0001
1965-01-22,0.0024,0.0004,0.0012,0.0001
1965-01-25,0.0016,0.0028000000000000004,0.0009,0.0001
1965-01-26,0.001,0.0008,-0.0007000000000000001,0.0001
1965-01-27,0.0028000000000000004,0.0018,-0.0026,0.0001
1965-01-28,0.0026,-0.0003,-0.001,0.0001
1965-01-29,0.0013,0.003,-0.0001,0.0001
1965-02-01,0.0003,0.0011,-0.0007000000000000001,0.0002
1965-02-02,0.0005,0.0006,-0.0008,0.0002
1965-02-03,0.0014000000000000002,0.0021,-0.0016,0.0002
1965-02-04,0.0,0.0040999999999999995,-0.0022,0.0002
1965-02-05,-0.0025,0.004,0.0,0.0002
1965-02-08,-0.0032,0.0007000000000000001,0.0014000000000000002,0.0002
1965-02-09,0.0031,0.0011,0.0005,0.0002
1965-02-10,-0.0084,-0.0007000000000000001,0.0,0.0002
1965-02-11,-0.009899999999999999,0.0026,0.0008,0.0002
1965-02-12,0.0066,0.0024,0.0002,0.0002
1965-02-15,-0.0005,0.0028000000000000004,0.003,0.0002
1965-02-16,-0.0034999999999999996,0.0034000000000000002,0.0009,0.0002
1965-02-17,0.0014000000000000002,0.0022,0.0,0.0002
1965-02-18,0.0031,0.0032,0.0001,0.0002
1965-02-19,0.002,0.0033,-0.0009,0.0002
1965-02-23,0.0048,-0.0002,0.0066,0.0002
1965-02-24,0.0063,-0.0009,0.0002,0.0002
1965-02-25,0.0007000000000000001,-0.0002,-0.0008,0.0002
1965-02-26,0.0025,0.001,-0.0044,0.0002
1965-03-01,-0.0014000000000000002,0.0034999999999999996,0.0005,0.0002
1965-03-02,0.0018,0.0013,-0.0004,0.0002
1965-03-03,-0.0005,0.0026,-0.0019,0.0002
1965-03-04,-0.0029,0.0026,-0.0013,0.0002
1965-03-05,-0.0019,0.0004,0.0004,0.0002
1965-03-08,0.0004,0.0019,0.0027,0.0002
1965-03-09,-0.0016,-0.0009,0.0014000000000000002,0.0002
1965-03-10,-0.001,0.0015,-0.0015,0.0002
1965-03-11,0.0038,0.0009,-0.0029,0.0002
1965-03-12,0.003,-0.0013,0.0027,0.0002
1965-03-15,0.0006,0.0002,0.0017000000000000001,0.0002
1965-03-16,-0.0012,0.0003,0.0016,0.0002
1965-03-17,-0.0015,0.0015,0.0001,0.0002
1965-03-18,-0.0026,0.0022,-0.0025,0.0002
1965-03-19,-0.0001,-0.0004,0.0009,0.0002
1965-03-22,-0.0001,0.0004,0.0028000000000000004,0.0002
1965-03-23,0.0004,-0.0001,0.0006,0.0002
1965-03-24,0.0018,-0.0002,0.0046,0.0002
1965-03-25,-0.0029,0.0008,0.0012,0.0002
1965-03-26,-0.006999999999999999,0.0007000000000000001,-0.0008,0.0002
1965-03-29,-0.0024,-0.0021,0.0003,0.0002
1965-03-30,0.0019,0.0003,0.0,0.0002
1965-03-31,0.0001,0.0019,0.0012,0.0002
1965-04-01,0.0016,0.0005,-0.0018,0.0001
1965-04-02,0.0025,0.0014000000000000002,0.0023,0.0001
1965-04-05,0.0001,0.0004,0.0002,0.0001
1965-04-06,-0.0004,0.0003,-0.0005,0.0001
1965-04-07,0.0006,0.0014000000000000002,-0.0006,0.0001
1965-04-08,0.0052,0.0015,0.0003,0.0001
1965-04-09,0.005600000000000001,0.0003,0.0004,0.0001
1965-04-12,0.0044,-0.0007000000000000001,0.0015,0.0001
1965-04-13,0.0012,0.0005,0.0031,0.0001
1965-04-14,0.0017000000000000001,0.0018,-0.0025,0.0001
1965-04-15,-0.0006,0.0034000000000000002,-0.0001,0.0001
1965-04-19,0.0037,0.0007000000000000001,-0.0039000000000000003,0.0001
1965-04-20,-0.0003,0.002,0.0013,0.0001
1965-04-21,-0.0023,0.0005,-0.0006,0.0001
1965-04-22,0.0045000000000000005,-0.0015,-0.0015,0.0001
1965-04-23,0.0013,0.0015,-0.0014000000000000002,0.0001
1965-04-26,0.0,-0.0002,0.0044,0.0001
1965-04-27,0.0017000000000000001,-0.0021,0.0042,0.0001
1965-04-28,-0.0005,-0.0028000000000000004,0.0049,0.0001
1965-04-29,-0.0007000000000000001,0.0018,-0.0014000000000000002,0.0001
1965-04-30,0.0013,0.0003,-0.0012,0.0001
1965-05-03,0.0008,-0.0027,-0.002,0.0002
1965-05-04,0.0027,-0.0031,-0.0004,0.0002
1965-05-05,0.0024,-0.0038,0.0019,0.0002
1965-05-06,0.0024,-0.0002,-0.0019,0.0002
1965-05-07,-0.0007000000000000001,0.0001,-0.0004,0.0002
1965-05-10,-0.0012,0.0021,-0.001,0.0002
1965-05-11,-0.0009,-0.0006,-0.0018,0.0002
1965-05-12,0.0037,0.001,-0.0037,0.0002
1965-05-13,0.0032,0.0032,-0.0025,0.0002
1965-05-14,-0.0016,0.0036,-0.0011,0.0002
1965-05-17,-0.0054,0.0024,0.0029,0.0002
1965-05-18,-0.0007000000000000001,0.0006,0.0016,0.0002
1965-05-19,0.002,0.0013,-0.0015,0.0002
1965-05-20,-0.0053,-0.0009,-0.0012,0.0002
1965-05-21,-0.0045000000000000005,0.0012,-0.0001,0.0002
1965-05-24,-0.0074,-0.0017000000000000001,0.0012,0.0002
1965-05-25,0.0054,0.0001,-0.003,0.0002
1965-05-26,-0.0027,-0.002,0.0005,0.0002
1965-05-27,-0.0058,-0.0008,-0.0014000000000000002,0.0002
1965-05-28,0.0060999999999999995,0.0005,-0.0018,0.0002
1965-06-01,-0.006999999999999999,-0.0001,0.0017000000000000001,0.0002
1965-06-02,-0.0078000000000000005,-0.0036,-0.0051,0.0002
1965-06-03,-0.0024,0.0009,-0.0012,0.0002
1965-06-04,0.0021,0.0007000000000000001,-0.0005,0.0002
1965-06-07,-0.0034000000000000002,-0.0032,0.0016,0.0002
1965-06-08,-0.010700000000000001,-0.0019,0.0,0.0002
1965-06-09,-0.0104,-0.0026,0.0053,0.0002
1965-06-10,-0.0043,-0.006500000000000001,0.0011,0.0002
1965-06-11,0.0042,0.0001,-0.0006,0.0002
1965-06-14,-0.013600000000000001,-0.0067,-0.0012,0.0002
1965-06-15,0.004699999999999999,-0.0011,-0.001,0.0002
1965-06-16,0.0089,0.005600000000000001,0.0012,0.0002
1965-06-17,0.0059,0.0,0.0017000000000000001,0.0002
1965-06-18,-0.0044,-0.0003,-0.0003,0.0002
1965-06-21,-0.0038,-0.0017000000000000001,-0.0011,0.0002
1965-06-22,0.0018,-0.0003,-0.0002,0.0002
1965-06-23,-0.0063,-0.0006,0.0007000000000000001,0.0002
1965-06-24,-0.013500000000000002,-0.0075,0.0005,0.0002
1965-06-25,-0.0064,-0.0033,-0.0003,0.0002
1965-06-28,-0.018799999999999997,-0.0151,0.0012,0.0002
1965-06-29,0.008,-0.0075,-0.0014000000000000002,0.0002
1965-06-30,0.022000000000000002,0.011899999999999999,0.0006,0.0002
1965-07-01,0.0046,0.0036,0.0003,0.0001
1965-07-02,0.008100000000000001,0.0012,-0.0003,0.0001
1965-07-06,-0.0018,0.0026,-0.0002,0.0001
1965-07-07,-0.0034000000000000002,-0.0017000000000000001,0.0011,0.0001
1965-07-08,0.008,0.0002,-0.0021,0.0001
1965-07-09,0.004,0.0040999999999999995,-0.0003,0.0001
1965-07-12,0.0,0.0009,0.0016,0.0001
1965-07-13,-0.0013,-0.0008,-0.0024,0.0001
1965-07-14,0.003,0.0019,0.0016,0.0001
1965-07-15,-0.001,0.0027,-0.0002,0.0001
1965-07-16,-0.0004,0.0007000000000000001,-0.0006,0.0001
1965-07-19,-0.0009,0.0012,-0.0027,0.0001
1965-07-20,-0.0124,-0.0031,0.0024,0.0001
1965-07-21,-0.0055000000000000005,-0.0007000000000000001,0.0022,0.0001
1965-07-22,-0.0023,0.0015,0.0018,0.0001
1965-07-23,0.0024,-0.0019,0.0031,0.0001
1965-07-26,-0.0003,0.0009,0.0006,0.0001
1965-07-27,-0.0018,-0.0001,0.0019,0.0001
1965-07-28,0.0016,-0.004699999999999999,0.0085,0.0001
1965-07-29,0.0073,-0.0011,0.0053,0.0001
1965-07-30,0.0067,0.0008,-0.0003,0.0001
1965-08-02,0.002,0.002,-0.0034999999999999996,0.0001
1965-08-03,0.0012,0.0004,-0.0022,0.0001
1965-08-04,0.0040999999999999995,0.0021,0.001,0.0001
1965-08-05,0.0002,0.0026,-0.0001,0.0001
1965-08-06,0.0034999999999999996,0.0,-0.003,0.0001
1965-08-09,-0.0014000000000000002,0.0039000000000000003,-0.0012,0.0001
1965-08-10,0.0004,0.0038,-0.0015,0.0001
1965-08-11,0.0033,0.0015,0.0009,0.0001
1965-08-12,0.0029,0.0029,-0.0008,0.0001
1965-08-13,0.0043,-0.0019,0.0026,0.0001
1965-08-16,0.0011,-0.001,0.0025,0.0001
1965-08-17,0.0016,0.0008,-0.0026,0.0001
1965-08-18,0.0002,0.0011,0.0026,0.0001
1965-08-19,-0.0024,-0.003,-0.0003,0.0001
1965-08-20,-0.0008,0.0003,0.0011,0.0001
1965-08-23,-0.0013,0.0006,0.0002,0.0001
1965-08-24,0.0018,0.0021,-0.0029,0.0001
1965-08-25,0.0014000000000000002,0.0022,-0.0026,0.0001
1965-08-26,0.0037,-0.0009,0.002,0.0001
1965-08-27,0.0012,0.0024,-0.0003,0.0001
1965-08-30,0.0004,0.0028000000000000004,-0.0007000000000000001,0.0001
1965-08-31,-0.0005,0.0028000000000000004,-0.0006,0.0001
1965-09-01,0.0005,0.0006,-0.0021,0.0001
1965-09-02,0.0054,0.0002,0.0007000000000000001,0.0001
1965-09-03,0.0046,0.0007000000000000001,0.0012,0.0001
1965-09-07,0.0032,0.0011,-0.0044,0.0001
1965-09-08,0.0028000000000000004,0.0004,-0.0013,0.0001
1965-09-09,0.0024,0.0008,0.0007000000000000001,0.0001
1965-09-10,0.0023,0.0011,-0.0038,0.0001
1965-09-13,0.0025,0.0013,-0.0015,0.0001
1965-09-14,-0.0043,-0.0028000000000000004,0.0015,0.0001
1965-09-15,0.004699999999999999,-0.0012,0.0007000000000000001,0.0001
1965-09-16,0.0052,-0.0027,0.0048,0.0001
1965-09-17,0.0003,0.0007000000000000001,-0.0012,0.0001
1965-09-20,0.0004,0.0018,0.0008,0.0001
1965-09-21,-0.0027,0.001,-0.0012,0.0001
1965-09-22,0.004699999999999999,0.0022,0.0012,0.0001
1965-09-23,-0.0039000000000000003,-0.003,0.0009,0.0001
1965-09-24,0.0023,0.0006,0.0064,0.0001
1965-09-27,0.0058,0.0008,-0.0018,0.0001
1965-09-28,-0.0024,0.0027,0.0011,0.0001
1965-09-29,-0.004699999999999999,-0.0003,-0.0014000000000000002,0.0001
1965-09-30,-0.0007000000000000001,0.0004,-0.0022,0.0001
1965-10-01,-0.0006,0.0018,0.0008,0.0001
1965-10-04,0.0024,0.004699999999999999,0.0008,0.0001
1965-10-05,0.005600000000000001,-0.0004,0.0032,0.0001
1965-10-06,-0.0008,-0.001,-0.0031,0.0001
1965-10-07,-0.0005,0.0038,0.0001,0.0001
1965-10-08,0.0048,0.005600000000000001,0.0040999999999999995,0.0001
1965-10-11,0.005699999999999999,0.0018,-0.0004,0.0001
1965-10-12,-0.0005,0.0042,-0.0024,0.0001
1965-10-13,0.0001,0.0,0.0055000000000000005,0.0001
1965-10-14,-0.0015,0.0040999999999999995,0.0019,0.0001
1965-10-15,0.0022,0.0023,0.0008,0.0001
1965-10-18,0.0027,0.0024,-0.0008,0.0001
1965-10-19,0.0011,0.0002,-0.0046,0.0001
1965-10-20,-0.0001,0.0018,0.0017000000000000001,0.0001
1965-10-21,0.0015,0.0026,-0.0005,0.0001
1965-10-22,-0.0005,-0.0017000000000000001,-0.0005,0.0001
1965-10-25,-0.004,-0.0036,0.0008,0.0001
1965-10-26,0.005,-0.0014000000000000002,0.0024,0.0001
1965-10-27,0.0036,-0.0022,0.002,0.0001
1965-10-28,-0.0031,0.0,0.0012,0.0001
1965-10-29,0.0026,-0.0006,0.0018,0.0001
1965-11-01,-0.001,-0.0007000000000000001,0.0023,0.0002
1965-11-03,0.001,0.0026,-0.0029,0.0002
1965-11-04,0.0019,0.0008,-0.0014000000000000002,0.0002
1965-11-05,0.0011,0.0029,-0.003,0.0002
1965-11-08,-0.0034000000000000002,0.0011,-0.0027,0.0002
1965-11-09,-0.0024,0.0019,0.003,0.0002
1965-11-10,-0.0009,0.0016,-0.0004,0.0002
1965-11-11,0.0027,0.0011,-0.0004,0.0002
1965-11-12,0.0048,0.0049,-0.0032,0.0002
1965-11-15,0.0011,0.0058,-0.0022,0.0002
1965-11-16,-0.0012,0.0048,-0.0013,0.0002
1965-11-17,0.0015,-0.006999999999999999,0.0018,0.0002
1965-11-18,-0.0034999999999999996,0.0054,0.001,0.0002
1965-11-19,0.0003,0.0034000000000000002,0.001,0.0002
1965-11-22,-0.0053,0.0027,0.0011,0.0002
1965-11-23,0.0017000000000000001,0.0017000000000000001,0.0003,0.0002
1965-11-24,0.0019,0.0031,0.0016,0.0002
1965-11-26,0.0026,0.0045000000000000005,0.0018,0.0002
1965-11-29,-0.0015,0.0040999999999999995,0.003,0.0002
1965-11-30,-0.0015,0.0012,0.0019,0.0002
1965-12-01,-0.0003,0.0033,0.0029,0.0002
1965-12-02,-0.0024,0.0031,0.0008,0.0002
1965-12-03,0.0007000000000000001,0.002,-0.0016,0.0002
1965-12-06,-0.0079,-0.0034999999999999996,-0.0027,0.0002
1965-12-07,0.0096,0.005600000000000001,0.0033,0.0002
1965-12-08,-0.0007000000000000001,0.0042,-0.0023,0.0002
1965-12-09,0.0029,0.0042,-0.0012,0.0002
1965-12-10,0.0028000000000000004,0.0022,-0.0007000000000000001,0.0002
1965-12-13,0.001,0.0048,-0.0015,0.0002
1965-12-14,0.0006,-0.0014000000000000002,0.005,0.0002
1965-12-15,0.0018,-0.0009,0.0074,0.0002
1965-12-16,0.0016,0.0006,0.0053,0.0002
1965-12-17,0.0004,0.0012,0.0068000000000000005,0.0002
1965-12-20,-0.0053,-0.0024,0.0004,0.0002
1965-12-21,0.0034000000000000002,-0.0004,0.0049,0.0002
1965-12-22,0.0016,-0.0091,0.0021,0.0002
1965-12-23,-0.0016,-0.0002,-0.003,0.0002
1965-12-27,-0.0066,0.0007000000000000001,-0.0017000000000000001,0.0002
1965-12-28,-0.0005,-0.0006,-0.0018,0.0002
1965-12-29,0.0029,0.0037,-0.0001,0.0002
1965-12-30,0.0036,0.0025,-0.0026,0.0002
1965-12-31,0.0026,0.0006,0.0013,0.0002
1966-01-03,-0.0022,0.0058,0.0029,0.0002
1966-01-04,0.001,0.0028000000000000004,0.0023,0.0002
1966-01-05,0.005699999999999999,-0.0028000000000000004,0.0067,0.0002
1966-01-06,0.0018,-0.0036,0.0054,0.0002
1966-01-07,0.001,0.001,-0.0006,0.0002
1966-01-10,0.002,0.0027,0.0011,0.0002
1966-01-11,0.0005,0.0037,-0.0025,0.0002
1966-01-12,-0.0015,0.0034000000000000002,-0.0004,0.0002
1966-01-13,0.0022,0.0044,0.0023,0.0002
1966-01-14,0.0015,0.0003,0.0016,0.0002
1966-01-17,0.0033,0.0032,0.001,0.0002
1966-01-18,0.0018,0.0004,0.0011,0.0002
1966-01-19,-0.0028000000000000004,-0.0001,0.0013,0.0002
1966-01-20,-0.003,0.0029,0.0013,0.0002
1966-01-21,0.0008,0.0016,-0.0024,0.0002
1966-01-24,0.0026,0.0026,0.0034999999999999996,0.0002
1966-01-25,0.0018,0.0011,0.0040999999999999995,0.0002
1966-01-26,-0.0012,0.0017000000000000001,0.0013,0.0002
1966-01-27,-0.0003,0.0011,0.003,0.0002
1966-01-28,-0.0033,0.0046,0.0007000000000000001,0.0002
1966-01-31,-0.0045000000000000005,0.0019,-0.0023,0.0002
1966-02-01,-0.008100000000000001,-0.0083,-0.0042,0.0002
1966-02-02,0.004,0.002,0.0045000000000000005,0.0002
1966-02-03,0.0015,0.001,-0.0034000000000000002,0.0002
1966-02-04,0.0059,-0.0011,0.004699999999999999,0.0002
1966-02-07,0.0034000000000000002,0.002,0.0027,0.0002
1966-02-08,-0.0003,-0.0026,0.0012,0.0002
1966-02-09,0.005699999999999999,0.0064,-0.0002,0.0002
1966-02-10,-0.0017000000000000001,0.0045000000000000005,0.0003,0.0002
1966-02-11,0.0001,0.005,-0.0002,0.0002
1966-02-14,-0.0011,0.0031,0.0017000000000000001,0.0002
1966-02-15,-0.0043,0.0,0.0029,0.0002
1966-02-16,0.0003,0.0036,-0.0012,0.0002
1966-02-17,-0.0051,0.0017000000000000001,-0.003,0.0002
1966-02-18,-0.0022,0.0055000000000000005,0.0016,0.0002
1966-02-21,-0.005600000000000001,0.0037,-0.0009,0.0002
1966-02-23,-0.0042,0.0023,-0.0016,0.0002
1966-02-24,-0.0052,0.0014000000000000002,0.0024,0.0002
1966-02-25,0.0032,0.004699999999999999,-0.0016,0.0002
1966-02-28,0.0016,0.0091,-0.0015,0.0002
1966-03-01,-0.0129,-0.0016,-0.0023,0.0002
1966-03-02,-0.0103,-0.0012,-0.0015,0.0002
1966-03-03,0.0039000000000000003,0.006500000000000001,0.0015,0.0002
1966-03-04,-0.0028000000000000004,0.0032,-0.0034999999999999996,0.0002
1966-03-07,-0.0129,-0.0038,-0.0015,0.0002
1966-03-08,0.0004,-0.004699999999999999,-0.0031,0.0002
1966-03-09,0.0089,0.0043,-0.001,0.0002
1966-03-10,-0.0001,-0.0027,-0.0025,0.0002
1966-03-11,-0.0008,0.003,0.0028000000000000004,0.0002
1966-03-14,-0.0111,-0.0031,-0.0040999999999999995,0.0002
1966-03-15,-0.0074,-0.011899999999999999,-0.0029,0.0002
1966-03-16,0.0054,-0.0002,0.0004,0.0002
1966-03-17,0.0031,-0.0007000000000000001,0.003,0.0002
1966-03-18,0.0048,0.0024,0.0049,0.0002
1966-03-21,0.008199999999999999,0.0051,0.0054,0.0002
1966-03-22,0.0027,0.001,0.0005,0.0002
1966-03-23,-0.0032,0.0039000000000000003,-0.0045000000000000005,0.0002
1966-03-24,0.0018,0.0034999999999999996,-0.0052,0.0002
1966-03-25,0.0033,0.0039000000000000003,-0.0049,0.0002
1966-03-28,0.0016,0.0049,0.0051,0.0002
1966-03-29,-0.0040999999999999995,-0.0015,-0.0027,0.0002
1966-03-30,-0.0086,-0.0001,-0.0025,0.0002
1966-03-31,0.0055000000000000005,-0.0009,-0.0028000000000000004,0.0002
1966-04-01,0.0076,-0.0015,0.0021,0.0002
1966-04-04,0.009000000000000001,-0.0007000000000000001,0.0068000000000000005,0.0002
1966-04-05,0.0058,0.0002,0.0055000000000000005,0.0002
1966-04-06,0.0025,0.0015,0.0003,0.0002
1966-04-07,0.003,0.0067,-0.0045000000000000005,0.0002
1966-04-11,0.001,0.0087,-0.0060999999999999995,0.0002
1966-04-12,-0.0029,0.0028000000000000004,-0.001,0.0002
1966-04-13,0.0009,0.0055000000000000005,-0.0021,0.0002
1966-04-14,0.003,-0.0012,0.0011,0.0002
1966-04-15,0.001,0.0017000000000000001,0.0037,0.0002
1966-04-18,-0.0043,-0.0005,0.0038,0.0002
1966-04-19,0.0002,0.0064,0.0012,0.0002
1966-04-20,0.0051,0.0019,0.001,0.0002
1966-04-21,0.0034000000000000002,-0.0008,-0.0014000000000000002,0.0002
1966-04-22,-0.002,-0.0029,0.0014000000000000002,0.0002
1966-04-25,-0.0018,0.0007000000000000001,0.0,0.0002
1966-04-26,-0.0011,0.0,-0.0027,0.0002
1966-04-27,-0.0029,0.0011,-0.0058,0.0002
1966-04-28,-0.0066,0.0001,-0.0016,0.0002
1966-04-29,0.0002,0.0054,-0.0031,0.0002
1966-05-02,-0.0011,-0.0007000000000000001,-0.0016,0.0002
1966-05-03,-0.0111,-0.0054,-0.0012,0.0002
1966-05-04,-0.0055000000000000005,-0.0032,0.0024,0.0002
1966-05-05,-0.0174,-0.0124,-0.0005,0.0002
1966-05-06,-0.0028000000000000004,-0.0121,0.0045000000000000005,0.0002
1966-05-09,-0.016,-0.004699999999999999,-0.0027,0.0002
1966-05-10,0.0086,0.0014000000000000002,-0.0027,0.0002
1966-05-11,0.0019,0.001,-0.003,0.0002
1966-05-12,-0.0126,-0.006999999999999999,-0.003,0.0002
1966-05-13,-0.0096,-0.0077,-0.0017000000000000001,0.0002
1966-05-16,-0.015,-0.0123,-0.0026,0.0002
1966-05-17,-0.0091,-0.0111,-0.0038,0.0002
1966-05-18,0.0187,0.0089,0.0039000000000000003,0.0002
1966-05-19,-0.0012,0.0009,-0.0036,0.0002
1966-05-20,0.005,0.002,-0.0005,0.0002
1966-05-23,0.0089,0.0060999999999999995,-0.0034999999999999996,0.0002
1966-05-24,0.0073,0.0058,0.0013,0.0002
1966-05-25,0.0039000000000000003,0.0014000000000000002,0.0014000000000000002,0.0002
1966-05-26,0.0004,-0.0024,0.0025,0.0002
1966-05-27,0.003,0.0027,-0.0007000000000000001,0.0002
1966-05-31,-0.0134,0.0005,-0.002,0.0002
1966-06-01,0.0,-0.0009,-0.0017000000000000001,0.0002
1966-06-02,-0.0006,0.002,0.0018,0.0002
1966-06-03,0.0011,0.0001,0.002,0.0002
1966-06-06,-0.0074,-0.0018,-0.0009,0.0002
1966-06-07,-0.006999999999999999,-0.0027,-0.0013,0.0002
1966-06-08,0.0015,0.0018,0.0022,0.0002
1966-06-09,0.0072,0.0044,-0.0015,0.0002
1966-06-10,0.0109,0.0022,0.0078000000000000005,0.0002
1966-06-13,0.0048,0.0043,0.0009,0.0002
1966-06-14,0.0033,0.0023,-0.0026,0.0002
1966-06-15,-0.0038,0.0048,-0.0013,0.0002
1966-06-16,-0.0023,0.0036,-0.001,0.0002
1966-06-17,0.0001,0.0018,-0.0026,0.0002
1966-06-20,-0.0005,-0.0003,0.0004,0.0002
1966-06-21,0.0034999999999999996,0.0029,0.0002,0.0002
1966-06-22,0.0018,0.0034999999999999996,0.0001,0.0002
1966-06-23,-0.004,-0.0039000000000000003,0.0029,0.0002
1966-06-24,0.0001,-0.0022,0.0044,0.0002
1966-06-27,-0.0062,-0.0024,-0.0007000000000000001,0.0002
1966-06-28,-0.0048,0.0003,-0.0015,0.0002
1966-06-29,-0.01,-0.0032,-0.0019,0.0002
1966-06-30,-0.0018,-0.0059,-0.0002,0.0002
1966-07-01,0.009899999999999999,0.0024,-0.0023,0.0002
1966-07-05,0.0014000000000000002,0.0003,0.0002,0.0002
1966-07-06,0.0138,-0.0032,-0.0053,0.0002
1966-07-07,0.0034999999999999996,0.0005,-0.0004,0.0002
1966-07-08,0.0016,0.0013,0.001,0.0002
1966-07-11,-0.0015,0.002,-0.001,0.0002
1966-07-12,-0.005,0.0021,0.0018,0.0002
1966-07-13,-0.0062,0.0021,0.0013,0.0002
1966-07-14,0.0055000000000000005,-0.0001,-0.0033,0.0002
1966-07-15,0.0029,-0.0002,0.0018,0.0002
1966-07-18,-0.0013,-0.0014000000000000002,0.0019,0.0002
1966-07-19,-0.0074,-0.001,0.002,0.0002
1966-07-20,-0.0089,0.0029,0.0022,0.0002
1966-07-21,-0.0004,-0.0021,0.0006,0.0002
1966-07-22,-0.0011,0.0015,0.0016,0.0002
1966-07-25,-0.019299999999999998,-0.0046,0.0036,0.0002
1966-07-26,-0.0025,-0.0069,0.0005,0.0002
1966-07-27,0.0048,0.0006,0.0012,0.0002
1966-07-28,-0.0036,0.001,0.0004,0.0002
1966-07-29,-0.002,-0.0007000000000000001,0.0014000000000000002,0.0002
1966-08-01,-0.0154,-0.0029,0.0031,0.0002
1966-08-02,0.0004,-0.0028000000000000004,-0.0014000000000000002,0.0002
1966-08-03,0.009899999999999999,0.0011,-0.0038,0.0002
1966-08-04,0.0091,-0.004,0.0025,0.0002
1966-08-05,0.0013,0.002,-0.0032,0.0002
1966-08-08,-0.0018,-0.0012,-0.002,0.0002
1966-08-09,-0.0019,0.0034999999999999996,-0.0021,0.0002
1966-08-10,-0.0042,-0.0004,-0.0006,0.0002
1966-08-11,-0.0006,0.0019,-0.005,0.0002
1966-08-12,0.0022,0.0024,-0.0034999999999999996,0.0002
1966-08-15,-0.0049,0.0018,-0.0002,0.0002
1966-08-16,-0.0127,-0.0002,0.0031,0.0002
1966-08-17,-0.0058,-0.0028000000000000004,-0.0004,0.0002
1966-08-18,-0.0127,0.0,0.0004,0.0002
1966-08-19,-0.0076,-0.0051,0.0019,0.0002
1966-08-22,-0.0182,-0.0033,0.0031,0.0002
1966-08-23,-0.0013,0.0013,-0.0007000000000000001,0.0002
1966-08-24,0.0115,-0.0015,-0.0012,0.0002
1966-08-25,-0.0125,-0.0003,0.0062,0.0002
1966-08-26,-0.0222,-0.0068000000000000005,0.0073,0.0002
1966-08-29,-0.0256,-0.0121,0.0085,0.0002
1966-08-30,0.0161,-0.0062,-0.0104,0.0002
1966-08-31,0.016200000000000003,0.0005,0.0034000000000000002,0.0002
1966-09-01,0.0066,-0.0023,-0.0008,0.0002
1966-09-02,-0.0033,0.0002,0.0024,0.0002
1966-09-06,-0.0052,0.0012,0.0002,0.0002
1966-09-07,-0.0091,-0.005,0.0043,0.0002
1966-09-08,-0.0037,-0.0005,0.0015,0.0002
1966-09-09,0.0031,0.0011,-0.0022,0.0002
1966-09-12,0.0213,-0.0007000000000000001,-0.006500000000000001,0.0002
1966-09-13,0.0058,0.0026,-0.0005,0.0002
1966-09-14,0.009000000000000001,-0.0038,-0.008199999999999999,0.0002
1966-09-15,0.0101,-0.0043,-0.0027,0.0002
1966-09-16,-0.0004,0.0016,-0.0002,0.0002
1966-09-19,-0.004699999999999999,0.0028000000000000004,0.0021,0.0002
1966-09-20,-0.0068000000000000005,0.0033,0.0028000000000000004,0.0002
1966-09-21,-0.0169,0.0004,0.0079,0.0002
1966-09-22,0.0021,-0.0025,-0.0028000000000000004,0.0002
1966-09-23,-0.003,0.0011,0.0022,0.0002
1966-09-26,0.0022,-0.0003,-0.003,0.0002
1966-09-27,0.0028000000000000004,-0.0012,-0.0003,0.0002
1966-09-28,-0.0118,0.0017000000000000001,0.0068000000000000005,0.0002
1966-09-29,-0.010700000000000001,-0.0038,0.0043,0.0002
1966-09-30,0.0029,-0.0019,-0.0026,0.0002
1966-10-03,-0.0217,-0.0029,0.011699999999999999,0.0002
1966-10-04,0.0007000000000000001,-0.0129,0.0021,0.0002
1966-10-05,-0.0058,-0.0053,0.0039000000000000003,0.0002
1966-10-06,-0.0101,-0.0097,0.0063,0.0002
1966-10-07,-0.0126,-0.0068000000000000005,0.0070999999999999995,0.0002
1966-10-10,0.0169,-0.0070999999999999995,-0.013000000000000001,0.0002
1966-10-11,0.0049,-0.0003,0.0058,0.0002
1966-10-12,0.0263,-0.010700000000000001,-0.0027,0.0002
1966-10-13,-0.0001,0.008199999999999999,-0.0044,0.0002
1966-10-14,-0.003,0.0029,0.003,0.0002
1966-10-17,0.0109,-0.005600000000000001,-0.0039000000000000003,0.0002
1966-10-18,0.016200000000000003,-0.0038,-0.0058,0.0002
1966-10-19,-0.0075,0.0028000000000000004,0.0055000000000000005,0.0002
1966-10-20,-0.0031,0.0005,0.0002,0.0002
1966-10-21,0.0031,-0.005,-0.004,0.0002
1966-10-24,0.0023,-0.0026,-0.0002,0.0002
1966-10-25,0.0051,-0.0066,0.0001,0.0002
1966-10-26,0.0085,-0.0006,0.0042,0.0002
1966-10-27,0.008,-0.0042,0.0076,0.0002
1966-10-28,0.0004,0.0037,0.0026,0.0002
1966-10-31,-0.0004,0.0013,0.0009,0.0002
1966-11-01,0.0084,-0.0004,-0.004,0.0002
1966-11-02,0.0013,0.0014000000000000002,-0.0060999999999999995,0.0002
1966-11-03,-0.0032,0.0032,-0.0022,0.0002
1966-11-04,0.0039000000000000003,-0.0006,-0.0034999999999999996,0.0002
1966-11-07,-0.0005,0.0016,-0.0019,0.0002
1966-11-09,0.008199999999999999,0.0017000000000000001,-0.0052,0.0002
1966-11-10,0.0063,0.0036,-0.005600000000000001,0.0002
1966-11-11,0.001,0.006,-0.0013,0.0002
1966-11-14,-0.0053,0.0036,-0.0003,0.0002
1966-11-15,0.0040999999999999995,0.0009,-0.0029,0.0002
1966-11-16,0.0086,0.0027,-0.0015,0.0002
1966-11-17,-0.0066,0.0044,0.0014000000000000002,0.0002
1966-11-18,-0.0060999999999999995,0.003,0.0005,0.0002
1966-11-21,-0.0137,-0.0003,0.0006,0.0002
1966-11-22,-0.005,-0.0009,-0.002,0.0002
1966-11-23,0.0075,0.0021,-0.0039000000000000003,0.0002
1966-11-25,0.0079,0.0018,0.0004,0.0002
1966-11-28,-0.0004,0.0013,-0.0044,0.0002
1966-11-29,-0.0029,0.0026,-0.002,0.0002
1966-11-30,0.0008,0.0023,-0.0016,0.0002
1966-12-01,-0.0039000000000000003,0.003,-0.0016,0.0002
1966-12-02,0.0003,0.0009,-0.0003,0.0002
1966-12-05,0.0007000000000000001,0.0002,-0.0034000000000000002,0.0002
1966-12-06,0.0068000000000000005,-0.0033,-0.0019,0.0002
1966-12-07,0.0101,-0.0015,-0.0060999999999999995,0.0002
1966-12-08,0.0037,0.0018,-0.0022,0.0002
1966-12-09,0.0022,0.0021,-0.0022,0.0002
1966-12-12,0.0098,0.0006,-0.0040999999999999995,0.0002
1966-12-13,-0.0028000000000000004,0.0011,0.0001,0.0002
1966-12-14,-0.0001,0.0073,-0.006,0.0002
1966-12-15,-0.0104,0.0044,0.0036,0.0002
1966-12-16,0.0002,0.0029,-0.0008,0.0002
1966-12-19,-0.0026,0.0023,-0.0003,0.0002
1966-12-20,-0.0039000000000000003,-0.0017000000000000001,0.0029,0.0002
1966-12-21,0.0052,0.0007000000000000001,0.0027,0.0002
1966-12-22,0.0038,0.001,0.004699999999999999,0.0002
1966-12-23,-0.0025,0.0017000000000000001,0.0051,0.0002
1966-12-27,-0.0054,0.001,0.0037,0.0002
1966-12-28,-0.0048,-0.0029,0.0013,0.0002
1966-12-29,-0.0039000000000000003,-0.0033,0.0005,0.0002
1966-12-30,-0.0008,0.0011,-0.0051,0.0002
1967-01-03,0.0008,0.0091,0.0068000000000000005,0.0002
1967-01-04,0.0017000000000000001,-0.0012,0.0029,0.0002
1967-01-05,0.013000000000000001,0.0051,0.0034000000000000002,0.0002
1967-01-06,0.0072,0.0067,0.0014000000000000002,0.0002
1967-01-09,0.0084,0.0055000000000000005,0.0033,0.0002
1967-01-10,0.0,0.0022,0.0017000000000000001,0.0002
1967-01-11,0.0084,0.0017000000000000001,0.006,0.0002
1967-01-12,0.0054,0.0011,0.0029,0.0002
1967-01-13,0.0068000000000000005,0.0015,-0.0013,0.0002
1967-01-16,-0.0019,0.0034000000000000002,0.0024,0.0002
1967-01-17,0.0113,0.0,-0.0037,0.0002
1967-01-18,0.0052,-0.0018,0.0012,0.0002
1967-01-19,0.0004,0.002,0.003,0.0002
1967-01-20,0.0037,0.0102,-0.0012,0.0002
1967-01-23,0.0033,0.0031,-0.0039000000000000003,0.0002
1967-01-24,0.002,0.0034000000000000002,-0.0027,0.0002
1967-01-25,-0.0069,0.0040999999999999995,-0.0018,0.0002
1967-01-26,0.0002,0.0049,0.0001,0.0002
1967-01-27,0.0048,0.0045000000000000005,-0.0027,0.0002
1967-01-30,0.005600000000000001,0.005600000000000001,0.0006,0.0002
1967-01-31,-0.0008,0.0017000000000000001,0.0038,0.0002
1967-02-01,-0.0015,0.0032,0.0004,0.0002
1967-02-02,0.0034000000000000002,0.0037,0.0017000000000000001,0.0002
1967-02-03,0.0070999999999999995,0.0049,-0.0003,0.0002
1967-02-06,-0.0015,0.0026,0.0021,0.0002
1967-02-07,-0.0018,0.0013,-0.0024,0.0002
1967-02-08,0.0088,0.0034000000000000002,-0.0049,0.0002
1967-02-09,-0.0039000000000000003,-0.0034999999999999996,-0.0013,0.0002
1967-02-10,0.0026,0.0034999999999999996,-0.002,0.0002
1967-02-13,0.0014000000000000002,0.0043,0.0002,0.0002
1967-02-14,0.0073,0.001,-0.0003,0.0002
1967-02-15,0.0005,-0.0011,-0.0031,0.0002
1967-02-16,-0.0043,0.0023,-0.0011,0.0002
1967-02-17,0.0002,0.0003,0.0002,0.0002
1967-02-20,-0.005,0.0029,-0.0009,0.0002
1967-02-21,-0.0001,0.0048,-0.0040999999999999995,0.0002
1967-02-23,0.0012,-0.0001,-0.0003,0.0002
1967-02-24,0.0008,0.0,0.0004,0.0002
1967-02-27,-0.011000000000000001,-0.0036,-0.0004,0.0002
1967-02-28,0.0039000000000000003,0.0031,-0.0060999999999999995,0.0002
1967-03-01,0.0098,0.0002,0.0005,0.0002
1967-03-02,0.0052,-0.0001,-0.002,0.0002
1967-03-03,0.0016,0.0023,-0.0037,0.0002
1967-03-06,-0.0013,0.0037,0.0026,0.0002
1967-03-07,0.0016,0.0031,-0.0009,0.0002
1967-03-08,0.0017000000000000001,0.003,-0.0023,0.0002
1967-03-09,0.0029,0.0031,-0.0001,0.0002
1967-03-10,0.0037,-0.0029,0.0068000000000000005,0.0002
1967-03-13,-0.0048,-0.0002,-0.0004,0.0002
1967-03-14,-0.0011,0.0008,-0.0017000000000000001,0.0002
1967-03-15,0.0089,-0.0032,0.0034999999999999996,0.0002
1967-03-16,0.009000000000000001,-0.0038,-0.0028000000000000004,0.0002
1967-03-17,0.0013,0.0012,-0.0006,0.0002
1967-03-20,-0.0001,0.0024,-0.0017000000000000001,0.0002
1967-03-21,-0.0028000000000000004,-0.0008,0.0006,0.0002
1967-03-22,0.0028000000000000004,0.0007000000000000001,-0.0014000000000000002,0.0002
1967-03-23,0.0068000000000000005,-0.002,0.0025,0.0002
1967-03-27,-0.0006,0.002,-0.0029,0.0002
1967-03-28,0.0009,0.0001,0.0016,0.0002
1967-03-29,-0.0014000000000000002,0.0007000000000000001,0.0016,0.0002
1967-03-30,0.0004,0.0026,-0.0005,0.0002
1967-03-31,-0.0051,0.0009,0.005699999999999999,0.0002
1967-04-03,-0.0113,-0.0015,0.0019,0.0002
1967-04-04,0.0001,0.0034999999999999996,-0.0025,0.0002
1967-04-05,0.0063,0.0004,0.0002,0.0002
1967-04-06,0.002,-0.0004,0.0012,0.0002
1967-04-07,-0.0062,-0.0023,0.0043,0.0002
1967-04-10,-0.0124,-0.0053,0.0039000000000000003,0.0002
1967-04-11,0.0070999999999999995,0.0024,-0.0012,0.0002
1967-04-12,-0.001,0.001,0.0012,0.0002
1967-04-13,0.006500000000000001,0.0003,-0.0033,0.0002
1967-04-14,0.0101,-0.0018,-0.0074,0.0002
1967-04-17,0.0064,-0.0024,-0.0009,0.0002
1967-04-18,0.0085,0.0012,-0.0006,0.0002
1967-04-19,0.0012,-0.0004,-0.0013,0.0002
1967-04-20,0.0019,0.0024,-0.0017000000000000001,0.0002
1967-04-21,0.0026,0.0043,-0.0021,0.0002
1967-04-24,0.0027,-0.0027,-0.0026,0.0002
1967-04-25,0.0055000000000000005,-0.0018,-0.0016,0.0002
1967-04-26,-0.0011,0.0029,-0.004699999999999999,0.0002
1967-04-27,0.008100000000000001,0.0021,-0.0054,0.0002
1967-04-28,0.0015,0.0031,0.0003,0.0002
1967-05-01,-0.0007000000000000001,0.004,-0.0025,0.0002
1967-05-02,-0.0002,0.0052,0.0008,0.0002
1967-05-03,0.0028000000000000004,0.0048,-0.0007000000000000001,0.0002
1967-05-04,0.0033,-0.0007000000000000001,-0.0026,0.0002
1967-05-05,0.0012,-0.0008,0.0039000000000000003,0.0002
1967-05-08,0.0021,-0.0032,0.0017000000000000001,0.0002
1967-05-09,-0.0103,-0.004699999999999999,0.0067,0.0002
1967-05-10,-0.0013,0.0044,0.0008,0.0002
1967-05-11,0.0049,0.0059,-0.003,0.0002
1967-05-12,-0.002,0.0042,-0.0012,0.0002
1967-05-15,-0.0074,0.0026,0.0024,0.0002
1967-05-16,0.0048,0.0014000000000000002,-0.0011,0.0002
1967-05-17,-0.0027,0.0023,0.0019,0.0002
1967-05-18,-0.0019,0.0043,0.0019,0.0002
1967-05-19,-0.0042,0.0018,-0.0008,0.0002
1967-05-22,-0.0034000000000000002,0.0028000000000000004,-0.0021,0.0002
1967-05-23,-0.0043,0.0008,-0.0011,0.0002
1967-05-24,-0.012,-0.0044,0.0026,0.0002
1967-05-25,0.009899999999999999,-0.0008,-0.0019,0.0002
1967-05-26,-0.0011,-0.0012,0.0034000000000000002,0.0002
1967-05-29,-0.0048,0.0022,-0.0009,0.0002
1967-05-31,-0.0166,-0.009399999999999999,0.0005,0.0002
1967-06-01,0.0118,-0.0002,-0.0013,0.0001
1967-06-02,-0.004,0.0043,0.0003,0.0001
1967-06-05,-0.0165,-0.0134,0.0005,0.0001
1967-06-06,0.0202,0.0078000000000000005,-0.0033,0.0001
1967-06-07,0.0085,0.0043,0.0006,0.0001
1967-06-08,0.005699999999999999,0.0034000000000000002,-0.0006,0.0001
1967-06-09,0.0026,0.0040999999999999995,0.0007000000000000001,0.0001
1967-06-12,0.0063,0.0051,-0.0018,0.0001
1967-06-13,0.006,0.0003,0.0003,0.0001
1967-06-14,-0.0017000000000000001,0.004,-0.0009,0.0001
1967-06-15,0.0017000000000000001,0.0046,-0.0005,0.0001
1967-06-16,0.0003,0.0014000000000000002,0.0016,0.0001
1967-06-19,0.0003,0.004699999999999999,-0.0014000000000000002,0.0001
1967-06-20,-0.0003,0.0033,0.0009,0.0001
1967-06-21,-0.0025,0.0026,0.0002,0.0001
1967-06-22,-0.002,0.0039000000000000003,-0.0006,0.0001
1967-06-23,0.0007000000000000001,0.0034999999999999996,0.0012,0.0001
1967-06-26,-0.004,-0.0003,0.0022,0.0001
1967-06-27,-0.0034000000000000002,0.004,0.0016,0.0001
1967-06-28,0.0007000000000000001,0.0053,0.0018,0.0001
1967-06-29,-0.004699999999999999,-0.0015,0.0033,0.0001
1967-06-30,-0.0015,0.0051,0.0032,0.0001
1967-07-03,0.0034999999999999996,0.0036,-0.0003,0.0002
1967-07-05,0.0053,0.0029,-0.0023,0.0002
1967-07-06,-0.0006,0.0032,-0.0024,0.0002
1967-07-07,0.004699999999999999,0.0060999999999999995,-0.001,0.0002
1967-07-10,0.0045000000000000005,0.0027,0.0018,0.0002
1967-07-11,0.0043,-0.0029,0.0014000000000000002,0.0002
1967-07-12,-0.0003,0.0018,0.0,0.0002
1967-07-13,0.0006,0.0039000000000000003,0.0015,0.0002
1967-07-14,0.0037,0.0031,0.0051,0.0002
1967-07-17,0.0007000000000000001,0.0006,0.0039000000000000003,0.0002
1967-07-18,0.006999999999999999,-0.0031,0.0073,0.0002
1967-07-19,0.0009,-0.0003,0.0045000000000000005,0.0002
1967-07-20,0.0014000000000000002,-0.0034000000000000002,0.0048,0.0002
1967-07-21,0.0004,-0.0029,0.0021,0.0002
1967-07-24,-0.0037,-0.0033,0.0019,0.0002
1967-07-25,0.0002,0.0036,0.0012,0.0002
1967-07-26,0.0042,0.0026,-0.0019,0.0002
1967-07-27,0.0034000000000000002,0.0053,-0.0017000000000000001,0.0002
1967-07-28,0.0017000000000000001,0.0037,0.0014000000000000002,0.0002
1967-07-31,0.0028000000000000004,0.0029,-0.0015,0.0002
1967-08-01,0.0062,-0.004699999999999999,0.0059,0.0001
1967-08-02,0.0034000000000000002,-0.0043,0.0018,0.0001
1967-08-03,-0.0018,0.0003,-0.0026,0.0001
1967-08-04,0.0026,0.0053,-0.002,0.0001
1967-08-07,-0.0016,0.0017000000000000001,0.0007000000000000001,0.0001
1967-08-08,0.0009,-0.0011,0.004,0.0001
1967-08-09,0.0011,-0.0001,0.002,0.0001
1967-08-10,-0.0027,-0.0004,0.001,0.0001
1967-08-11,-0.004699999999999999,-0.0003,0.0018,0.0001
1967-08-14,-0.005,-0.0024,-0.0005,0.0001
1967-08-15,0.001,0.0001,0.0007000000000000001,0.0001
1967-08-16,-0.0025,-0.0012,0.0008,0.0001
1967-08-17,0.0013,0.003,0.001,0.0001
1967-08-18,0.0017000000000000001,0.0021,-0.0005,0.0001
1967-08-21,-0.005,0.0021,0.0,0.0001
1967-08-22,-0.0054,-0.0002,0.002,0.0001
1967-08-23,-0.001,-0.0002,-0.0013,0.0001
1967-08-24,-0.0052,0.0012,0.0008,0.0001
1967-08-25,-0.0042,-0.0017000000000000001,-0.0004,0.0001
1967-08-28,0.0003,0.0014000000000000002,0.0002,0.0001
1967-08-29,0.0025,-0.0012,0.0025,0.0001
1967-08-30,0.0029,0.0042,-0.0024,0.0001
1967-08-31,0.006500000000000001,0.0007000000000000001,-0.001,0.0001
1967-09-01,0.0015,0.0037,0.0006,0.0002
1967-09-05,0.0053,-0.0009,0.0,0.0002
1967-09-06,0.0017000000000000001,0.002,-0.001,0.0002
1967-09-07,-0.0006,0.0011,0.0004,0.0002
1967-09-08,0.0001,0.004699999999999999,-0.0038,0.0002
1967-09-11,0.0015,0.0023,-0.0032,0.0002
1967-09-12,0.0049,-0.0001,0.0001,0.0002
1967-09-13,0.0097,-0.0049,0.0028000000000000004,0.0002
1967-09-14,0.0014000000000000002,0.0005,0.0009,0.0002
1967-09-15,0.0006,0.0013,-0.0014000000000000002,0.0002
1967-09-18,0.0026,0.0018,0.0008,0.0002
1967-09-19,-0.0044,-0.0011,-0.0015,0.0002
1967-09-20,0.0005,0.006,-0.0004,0.0002
1967-09-21,0.005600000000000001,-0.0007000000000000001,-0.0034999999999999996,0.0002
1967-09-22,0.0028000000000000004,0.0038,-0.0011,0.0002
1967-09-25,0.0048,-0.0018,-0.0052,0.0002
1967-09-26,-0.0087,-0.0017000000000000001,0.0023,0.0002
1967-09-27,0.0006,0.0038,-0.0042,0.0002
1967-09-28,0.0008,0.0040999999999999995,-0.006,0.0002
1967-09-29,0.0,0.0052,-0.0001,0.0002
1967-10-02,-0.004,0.0027,-0.0003,0.0002
1967-10-03,0.0032,0.0026,-0.0048,0.0002
1967-10-04,-0.0013,0.0027,-0.0019,0.0002
1967-10-05,0.002,0.0025,-0.0032,0.0002
1967-10-06,0.005699999999999999,0.003,-0.0037,0.0002
1967-10-09,0.002,0.0021,-0.0001,0.0002
1967-10-10,-0.0073,-0.0027,0.0042,0.0002
1967-10-11,-0.0046,-0.0003,-0.0009,0.0002
1967-10-12,-0.0060999999999999995,0.001,-0.0002,0.0002
1967-10-13,0.0022,0.0034000000000000002,0.0008,0.0002
1967-10-16,-0.008100000000000001,-0.0003,-0.0003,0.0002
1967-10-17,-0.0019,0.0016,-0.0018,0.0002
1967-10-18,0.0024,0.001,-0.0009,0.0002
1967-10-19,0.0009,-0.001,-0.006,0.0002
1967-10-20,-0.0012,-0.0021,-0.0022,0.0002
1967-10-23,-0.0048,-0.0019,-0.0029,0.0002
1967-10-24,-0.005699999999999999,-0.0032,0.0,0.0002
1967-10-25,0.0014000000000000002,0.0001,-0.0034000000000000002,0.0002
1967-10-26,0.0043,0.0046,-0.0070999999999999995,0.0002
1967-10-27,0.0001,0.0002,-0.0002,0.0002
1967-10-30,-0.0016,0.002,-0.0015,0.0002
1967-10-31,-0.0089,-0.0022,0.0023,0.0002
1967-11-01,-0.012199999999999999,0.0026,-0.0009,0.0002
1967-11-02,-0.0049,-0.0019,-0.0005,0.0002
1967-11-03,-0.0048,0.0049,-0.0026,0.0002
1967-11-06,-0.0031,0.0011,-0.0025,0.0002
1967-11-08,-0.0038,0.0014000000000000002,0.0019,0.0002
1967-11-09,0.0042,-0.0036,-0.0007000000000000001,0.0002
1967-11-10,0.0058,-0.0015,0.0013,0.0002
1967-11-13,-0.0031,-0.0059,0.0026,0.0002
1967-11-14,-0.0073,-0.0089,0.0045000000000000005,0.0002
1967-11-15,0.0040999999999999995,-0.0052,-0.0028000000000000004,0.0002
1967-11-16,0.009399999999999999,0.0028000000000000004,-0.0051,0.0002
1967-11-17,0.0034999999999999996,0.0062,-0.0015,0.0002
1967-11-20,-0.0139,-0.0095,-0.0002,0.0002
1967-11-21,0.0171,0.0098,-0.005699999999999999,0.0002
1967-11-22,0.0066,0.0051,-0.0052,0.0002
1967-11-24,0.0021,-0.0017000000000000001,-0.0016,0.0002
1967-11-27,0.0034999999999999996,0.0032,-0.0044,0.0002
1967-11-28,0.0051,0.0011,0.0011,0.0002
1967-11-29,0.0006,0.0018,0.0021,0.0002
1967-11-30,-0.0045000000000000005,0.0002,0.0029,0.0002
1967-12-01,0.0054,0.005600000000000001,-0.0017000000000000001,0.0002
1967-12-04,0.0063,0.0054,-0.0009,0.0002
1967-12-05,0.0011,-0.0011,-0.0013,0.0002
1967-12-06,0.0036,0.0013,-0.0014000000000000002,0.0002
1967-12-07,-0.0009,0.0007000000000000001,0.0038,0.0002
1967-12-08,-0.0009,0.004,-0.0034999999999999996,0.0002
1967-12-11,-0.0017000000000000001,0.0075,-0.0021,0.0002
1967-12-12,-0.0001,0.005,-0.0038,0.0002
1967-12-13,0.0043,0.0045000000000000005,-0.005,0.0002
1967-12-14,0.0016,0.0036,0.0025,0.0002
1967-12-15,-0.005699999999999999,-0.0018,0.0052,0.0002
1967-12-18,-0.0029,0.0036,-0.001,0.0002
1967-12-19,-0.001,0.003,-0.0032,0.0002
1967-12-20,0.005699999999999999,-0.0005,0.0003,0.0002
1967-12-21,0.0024,0.0019,0.0013,0.0002
1967-12-22,-0.0012,0.004,0.0034000000000000002,0.0002
1967-12-26,0.0015,0.003,0.0026,0.0002
1967-12-27,0.0067,0.0014000000000000002,-0.0021,0.0002
1967-12-28,-0.0005,-0.0008,0.0026,0.0002
1967-12-29,0.0064,0.0025,-0.0007000000000000001,0.0002
1968-01-02,-0.0026,0.0024,0.0125,0.0002
1968-01-03,-0.005600000000000001,-0.001,0.0086,0.0002
1968-01-04,-0.003,0.0,0.006999999999999999,0.0002
1968-01-05,0.0064,0.0052,0.0043,0.0002
1968-01-08,0.006999999999999999,0.0011,0.0019,0.0002
1968-01-09,-0.0015,-0.0004,-0.0005,0.0002
1968-01-10,0.0015,0.0034000000000000002,0.001,0.0002
1968-01-11,0.0025,0.0088,0.0026,0.0002
1968-01-12,0.002,0.0077,-0.0006,0.0002
1968-01-15,-0.0015,0.0053,-0.0008,0.0002
1968-01-16,-0.005600000000000001,0.005600000000000001,0.0021,0.0002
1968-01-17,-0.001,0.0066,-0.0008,0.0002
1968-01-18,-0.0001,0.0058,0.0008,0.0002
1968-01-19,-0.0034999999999999996,0.0007000000000000001,-0.0016,0.0002
1968-01-22,-0.0138,-0.0044,0.0025,0.0002
1968-01-23,-0.0051,-0.0015,-0.0028000000000000004,0.0002
1968-01-24,-0.0040999999999999995,0.0025,0.0007000000000000001,0.0002
1968-01-25,0.0004,-0.0029,0.0001,0.0002
1968-01-26,0.0021,0.0069,-0.0001,0.0002
1968-01-29,-0.0017000000000000001,0.0002,0.0002,0.0002
1968-01-30,-0.005600000000000001,-0.0073,0.0076,0.0002
1968-01-31,-0.0083,-0.0034999999999999996,0.0042,0.0002
1968-02-01,0.0029,-0.0052,0.0033,0.0002
1968-02-02,-0.0033,-0.001,0.0039000000000000003,0.0002
1968-02-05,-0.004699999999999999,-0.0038,0.0031,0.0002
1968-02-06,0.0007000000000000001,-0.0012,0.0011,0.0002
1968-02-07,0.0015,0.0,0.0003,0.0002
1968-02-08,-0.0141,-0.0095,0.0009,0.0002
1968-02-09,-0.011899999999999999,-0.0068000000000000005,0.0017000000000000001,0.0002
1968-02-13,-0.0105,-0.0089,0.0029,0.0002
1968-02-14,0.0124,0.0034000000000000002,-0.0077,0.0002
1968-02-15,0.0024,0.0054,0.0024,0.0002
1968-02-16,-0.0039000000000000003,-0.0002,0.004,0.0002
1968-02-19,0.0034999999999999996,0.0021,-0.0038,0.0002
1968-02-20,0.0062,0.0044,-0.0024,0.0002
1968-02-21,0.0042,0.0027,-0.0048,0.0002
1968-02-23,-0.0048,-0.0024,0.0024,0.0002
1968-02-26,-0.0079,-0.0062,0.0023,0.0002
1968-02-27,0.004,-0.0002,-0.001,0.0002
1968-02-28,-0.0054,0.0012,0.001,0.0002
1968-02-29,-0.0088,-0.0043,0.0034999999999999996,0.0002
1968-03-01,-0.0045000000000000005,-0.0066,0.0022,0.0002
1968-03-04,-0.015600000000000001,-0.011399999999999999,0.0095,0.0002
1968-03-05,-0.0042,-0.0096,-0.0014000000000000002,0.0002
1968-03-06,0.018000000000000002,0.005600000000000001,-0.0027,0.0002
1968-03-07,-0.0016,0.0049,0.0004,0.0002
1968-03-08,-0.001,-0.0012,0.0003,0.0002
1968-03-11,0.013500000000000002,0.0055000000000000005,-0.003,0.0002
1968-03-12,0.0018,0.0055000000000000005,-0.0022,0.0002
1968-03-13,-0.0018,0.0033,0.0022,0.0002
1968-03-14,-0.0209,-0.009000000000000001,0.002,0.0002
1968-03-15,0.0077,-0.0036,-0.0038,0.0002
1968-03-18,0.006500000000000001,0.0058,-0.0042,0.0002
1968-03-19,-0.0064,0.0006,0.0028000000000000004,0.0002
1968-03-20,-0.0008,-0.0006,-0.0015,0.0002
1968-03-21,-0.008100000000000001,-0.0024,0.0022,0.0002
1968-03-22,0.0001,-0.0034000000000000002,0.0016,0.0002
1968-03-25,-0.0013,-0.002,0.0004,0.0002
1968-03-26,0.0066,0.0022,-0.0044,0.0002
1968-03-27,0.0086,0.0027,-0.005,0.0002
1968-03-28,-0.0008,0.0008,0.0012,0.0002
1968-03-29,0.006999999999999999,0.0011,-0.0034999999999999996,0.0002
1968-04-01,0.023799999999999998,-0.0048,-0.0079,0.0002
1968-04-02,0.002,0.0015,0.0005,0.0002
1968-04-03,0.0087,-0.0017000000000000001,-0.0019,0.0002
1968-04-04,0.0046,0.0016,0.0014000000000000002,0.0002
1968-04-05,-0.0054,0.0033,0.001,0.0002
1968-04-08,0.0173,0.0002,-0.0011,0.0002
1968-04-10,0.0073,0.0002,-0.0018,0.0002
1968-04-11,0.0095,0.0015,0.0025,0.0002
1968-04-15,0.002,0.0063,-0.0005,0.0002
1968-04-16,0.0015,0.0078000000000000005,0.0006,0.0002
1968-04-17,0.003,0.0052,0.0042,0.0002
1968-04-18,0.003,0.0039000000000000003,0.005,0.0002
1968-04-19,-0.0123,0.0015,-0.0046,0.0002
1968-04-22,-0.0048,0.0038,-0.0029,0.0002
1968-04-23,0.0128,0.005,-0.0051,0.0002
1968-04-24,0.0027,0.0048,-0.0004,0.0002
1968-04-25,0.0034000000000000002,0.0038,-0.0005,0.0002
1968-04-26,0.0034000000000000002,0.0025,-0.0013,0.0002
1968-04-29,0.003,0.0017000000000000001,0.0006,0.0002
1968-04-30,0.0014000000000000002,0.0027,0.0027,0.0002
1968-05-01,0.0032,0.0007000000000000001,0.0021,0.0002
1968-05-02,0.0062,-0.0002,-0.001,0.0002
1968-05-03,0.0008,0.0002,-0.0039000000000000003,0.0002
1968-05-06,-0.0018,0.0022,0.0025,0.0002
1968-05-07,0.005699999999999999,0.0029,0.0037,0.0002
1968-05-08,0.0006,0.0040999999999999995,-0.0017000000000000001,0.0002
1968-05-09,-0.0052,-0.0011,-0.0007000000000000001,0.0002
1968-05-10,0.0036,0.006999999999999999,0.0011,0.0002
1968-05-13,-0.0017000000000000001,0.0059,-0.0006,0.0002
1968-05-14,-0.0007000000000000001,0.0023,0.001,0.0002
1968-05-15,-0.0006,0.003,-0.0001,0.0002
1968-05-16,-0.0044,0.0003,0.0042,0.0002
1968-05-17,-0.0059,0.0028000000000000004,0.0040999999999999995,0.0002
1968-05-20,-0.0046,0.0003,0.0011,0.0002
1968-05-21,0.0058,0.005,-0.001,0.0002
1968-05-22,0.0032,0.0064,0.0024,0.0002
1968-05-23,-0.0013,0.0045000000000000005,-0.0026,0.0002
1968-05-24,0.0031,0.0025,0.0031,0.0002
1968-05-27,-0.0004,0.0078000000000000005,-0.0027,0.0002
1968-05-28,0.0062,0.002,-0.0044,0.0002
1968-05-29,0.0032,0.0011,0.0001,0.0002
1968-05-31,0.0076,0.0007000000000000001,0.0021,0.0002
1968-06-03,0.0126,-0.0005,-0.0033,0.0002
1968-06-04,0.0053,0.003,0.0033,0.0002
1968-06-05,-0.004699999999999999,-0.0019,0.0021,0.0002
1968-06-06,0.0089,0.0042,0.0001,0.0002
1968-06-07,0.0067,0.0039000000000000003,-0.0012,0.0002
1968-06-10,0.0011,0.0,-0.0014000000000000002,0.0002
1968-06-11,0.0024,0.0018,0.0025,0.0002
1968-06-13,-0.0043,-0.0011,-0.0026,0.0002
1968-06-14,-0.0016,-0.0005,-0.001,0.0002
1968-06-17,-0.011200000000000002,-0.0043,0.0002,0.0002
1968-06-18,-0.0012,0.0013,-0.0004,0.0002
1968-06-20,0.0051,-0.0031,-0.0011,0.0002
1968-06-21,0.0014000000000000002,-0.0015,0.0028000000000000004,0.0002
1968-06-24,-0.0038,-0.0032,0.003,0.0002
1968-06-25,-0.0044,-0.0036,-0.0002,0.0002
1968-06-27,-0.0017000000000000001,0.0002,-0.0004,0.0002
1968-06-28,-0.0034000000000000002,0.0036,0.0042,0.0002
1968-07-01,-0.0023,-0.0001,0.006,0.0003
1968-07-02,0.0040999999999999995,0.0034999999999999996,-0.0040999999999999995,0.0003
1968-07-03,0.0125,0.0046,-0.0054,0.0003
1968-07-08,0.0106,0.0029,-0.0038,0.0003
1968-07-09,0.0025,0.0,0.0029,0.0003
1968-07-11,0.001,0.0006,0.0034000000000000002,0.0003
1968-07-12,-0.0006,0.0015,0.0032,0.0003
1968-07-15,-0.0016,0.0017000000000000001,0.0034999999999999996,0.0003
1968-07-16,-0.0054,0.0016,0.0039000000000000003,0.0003
1968-07-18,-0.0034000000000000002,-0.0006,0.0027,0.0003
1968-07-19,-0.0101,-0.0024,0.010700000000000001,0.0003
1968-07-22,-0.013600000000000001,-0.009399999999999999,0.0141,0.0003
1968-07-23,-0.0025,-0.0037,-0.0007000000000000001,0.0003
1968-07-25,-0.0131,-0.0018,0.0089,0.0003
1968-07-26,0.0027,-0.0043,0.0029,0.0003
1968-07-29,-0.0087,-0.0063,0.006999999999999999,0.0003
1968-07-30,0.0011,-0.0009,-0.0012,0.0003
1968-08-01,-0.0054,0.001,-0.0004,0.0002
1968-08-02,-0.005699999999999999,0.0002,0.0004,0.0002
1968-08-05,0.0039000000000000003,0.0039000000000000003,-0.0034999999999999996,0.0002
1968-08-06,0.0045000000000000005,0.0039000000000000003,-0.0009,0.0002
1968-08-08,-0.0024,0.0003,0.0049,0.0002
1968-08-09,0.0003,-0.0009,0.0018,0.0002
1968-08-12,0.009899999999999999,0.0037,-0.0049,0.0002
1968-08-13,0.0044,0.0003,0.0,0.0002
1968-08-15,-0.0039000000000000003,0.0045000000000000005,0.003,0.0002
1968-08-16,0.0059,0.0004,0.0003,0.0002
1968-08-19,0.0034000000000000002,0.0034000000000000002,0.0008,0.0002
1968-08-20,0.0001,0.002,-0.0013,0.0002
1968-08-22,-0.0032,-0.0006,-0.0013,0.0002
1968-08-23,0.0003,0.0034999999999999996,0.0032,0.0002
1968-08-26,0.0023,-0.0019,0.0027,0.0002
1968-08-27,-0.0019,0.0006,0.0018,0.0002
1968-08-29,-0.0011,-0.0015,0.0012,0.0002
1968-08-30,0.0021,0.0011,0.0018,0.0002
1968-09-03,0.0037,-0.0029,0.0027,0.0002
1968-09-04,0.0060999999999999995,-0.0008,0.0016,0.0002
1968-09-05,0.006999999999999999,-0.0001,-0.0028000000000000004,0.0002
1968-09-06,0.0042,0.002,-0.0045000000000000005,0.0002
1968-09-09,0.0013,0.0044,0.0007000000000000001,0.0002
1968-09-10,-0.005,0.0006,0.0042,0.0002
1968-09-12,-0.002,0.0037,0.0007000000000000001,0.0002
1968-09-13,0.0036,0.0037,-0.005,0.0002
1968-09-16,0.0038,0.0003,0.0005,0.0002
1968-09-17,0.0024,-0.0001,-0.0006,0.0002
1968-09-19,0.0016,0.0024,-0.0009,0.0002
1968-09-20,0.0011,0.0,0.0055000000000000005,0.0002
1968-09-23,0.005699999999999999,-0.0004,-0.0019,0.0002
1968-09-24,0.0037,0.0037,-0.0042,0.0002
1968-09-26,-0.002,0.0014000000000000002,0.0019,0.0002
1968-09-27,0.0007000000000000001,0.005699999999999999,0.0025,0.0002
1968-09-30,0.0040999999999999995,0.0022,0.003,0.0002
1968-10-01,0.0016,0.0037,0.0027,0.0002
1968-10-03,0.0034000000000000002,-0.0008,0.004699999999999999,0.0002
1968-10-04,0.0026,-0.0044,0.0019,0.0002
1968-10-07,-0.0003,-0.0015,-0.0008,0.0002
1968-10-08,-0.0005,-0.0034000000000000002,0.0018,0.0002
1968-10-10,-0.0042,0.0021,-0.0008,0.0002
1968-10-11,0.0,0.0038,0.0005,0.0002
1968-10-14,0.0016,0.0004,0.0004,0.0002
1968-10-15,0.0019,0.0014000000000000002,0.0021,0.0002
1968-10-17,0.0049,-0.0006,-0.0021,0.0002
1968-10-18,0.0069,-0.003,-0.0005,0.0002
1968-10-21,0.0014000000000000002,-0.0009,0.0029,0.0002
1968-10-22,-0.0034000000000000002,0.0012,0.0022,0.0002
1968-10-24,-0.0063,0.004,0.0031,0.0002
1968-10-25,0.0031,0.0002,0.003,0.0002
1968-10-28,-0.0032,-0.0017000000000000001,0.0017000000000000001,0.0002
1968-10-29,-0.0058,-0.0029,0.0012,0.0002
1968-10-31,0.0005,-0.0025,0.0039000000000000003,0.0002
1968-11-01,-0.0037,-0.0016,0.0006,0.0002
1968-11-04,0.0002,-0.0019,-0.0043,0.0002
1968-11-06,0.0017000000000000001,0.0006,0.002,0.0002
1968-11-07,0.0027,-0.0021,-0.0043,0.0002
1968-11-08,0.0052,0.003,0.0002,0.0002
1968-11-12,0.0074,0.0023,-0.0027,0.0002
1968-11-13,0.005600000000000001,0.0031,-0.0034000000000000002,0.0002
1968-11-14,0.001,0.0045000000000000005,-0.0018,0.0002
1968-11-15,0.0054,0.0016,0.0013,0.0002
1968-11-18,0.0016,-0.0003,0.0023,0.0002
1968-11-19,0.0028000000000000004,0.0014000000000000002,0.001,0.0002
1968-11-21,-0.0005,0.0036,0.0019,0.0002
1968-11-22,0.0045000000000000005,0.0027,0.0001,0.0002
1968-11-25,0.0026,0.0022,-0.0005,0.0002
1968-11-26,0.0066,-0.0012,0.0005,0.0002
1968-11-27,0.0042,0.0032,-0.0029,0.0002
1968-11-29,0.005600000000000001,0.0013,0.001,0.0002
1968-12-02,-0.0019,0.0043,-0.0037,0.0002
1968-12-03,-0.001,0.0016,-0.0015,0.0002
1968-12-05,-0.0029,0.0034999999999999996,0.0016,0.0002
1968-12-06,0.0026,0.0028000000000000004,-0.0001,0.0002
1968-12-09,-0.0018,0.0066,-0.0021,0.0002
1968-12-10,-0.0018,0.0028000000000000004,0.0009,0.0002
1968-12-12,-0.0004,0.0022,0.0033,0.0002
1968-12-13,0.0027,0.0018,0.0021,0.0002
1968-12-16,-0.0039000000000000003,0.0008,0.0006,0.0002
1968-12-17,-0.0046,-0.0012,-0.0024,0.0002
1968-12-19,0.0023,-0.001,-0.0025,0.0002
1968-12-20,-0.0049,0.0059,-0.0004,0.0002
1968-12-23,-0.0105,0.0019,0.0027,0.0002
1968-12-24,-0.0013,0.0012,-0.0012,0.0002
1968-12-26,0.0011,0.0005,0.0015,0.0002
1968-12-27,-0.0038,0.002,0.0040999999999999995,0.0002
1968-12-30,-0.0104,-0.005,0.0002,0.0002
1968-12-31,0.0007000000000000001,0.0036,-0.0025,0.0002
1969-01-02,0.0008,0.0031,-0.0004,0.0002
1969-01-03,-0.0001,0.0003,-0.0004,0.0002
1969-01-06,-0.0151,-0.0031,0.004699999999999999,0.0002
1969-01-07,-0.0137,-0.0097,-0.0002,0.0002
1969-01-08,-0.0051,-0.0037,-0.0007000000000000001,0.0002
1969-01-09,0.004,0.0011,0.0003,0.0002
1969-01-10,-0.003,-0.0005,0.0045000000000000005,0.0002
1969-01-13,-0.0073,-0.0095,0.0044,0.0002
1969-01-14,0.0073,0.0,-0.0022,0.0002
1969-01-15,0.006,0.0055000000000000005,0.0,0.0002
1969-01-16,0.0055000000000000005,0.0029,0.001,0.0002
1969-01-17,-0.001,0.0033,-0.0011,0.0002
1969-01-20,-0.002,0.0042,0.0012,0.0002
1969-01-21,-0.0011,0.0009,-0.0003,0.0002
1969-01-22,0.0039000000000000003,0.0029,-0.0021,0.0002
1969-01-23,0.0052,0.0042,-0.0005,0.0002
1969-01-24,-0.0007000000000000001,0.0007000000000000001,0.0001,0.0002
1969-01-27,-0.0001,-0.0002,0.0019,0.0002
1969-01-28,0.0003,-0.0005,0.0032,0.0002
1969-01-29,0.0007000000000000001,-0.0028000000000000004,0.0063,0.0002
1969-01-30,-0.0003,-0.002,0.0006,0.0002
1969-01-31,0.0037,-0.0029,-0.0034999999999999996,0.0002
1969-02-03,-0.0009,-0.0006,0.0043,0.0003
1969-02-04,0.0,-0.0005,0.0029,0.0003
1969-02-05,0.0014000000000000002,-0.0037,0.0018,0.0003
1969-02-06,0.0031,-0.0034000000000000002,-0.0015,0.0003
1969-02-07,0.0008,0.0005,-0.0015,0.0003
1969-02-11,0.0008,0.0012,-0.0013,0.0003
1969-02-12,-0.0005,0.0,-0.0039000000000000003,0.0003
1969-02-13,0.0003,-0.0016,-0.0021,0.0003
1969-02-14,-0.0011,0.0,0.0001,0.0003
1969-02-17,-0.0128,-0.005600000000000001,0.0063,0.0003
1969-02-18,-0.012,-0.0058,-0.0002,0.0003
1969-02-19,-0.008100000000000001,-0.002,0.0029,0.0003
1969-02-20,-0.0096,-0.0042,0.0005,0.0003
1969-02-24,-0.0128,-0.0074,0.0033,0.0003
1969-02-25,-0.0075,-0.004699999999999999,-0.002,0.0003
1969-02-26,0.0040999999999999995,-0.0012,-0.0033,0.0003
1969-02-27,-0.0046,-0.0028000000000000004,0.0026,0.0003
1969-02-28,-0.0005,-0.0007000000000000001,0.0008,0.0003
1969-03-03,0.0017000000000000001,-0.0034000000000000002,-0.0017000000000000001,0.0002
1969-03-04,0.009899999999999999,0.0004,0.0014000000000000002,0.0002
1969-03-05,0.0033,0.0008,-0.0025,0.0002
1969-03-06,-0.0118,-0.0027,0.0064,0.0002
1969-03-07,-0.0018,-0.0076,0.0037,0.0002
1969-03-10,0.0034999999999999996,0.0013,-0.0046,0.0002
1969-03-11,0.0039000000000000003,0.0018,0.001,0.0002
1969-03-12,-0.0029,-0.0001,0.0022,0.0002
1969-03-13,-0.0072,-0.0021,0.0027,0.0002
1969-03-14,-0.0052,-0.0034999999999999996,0.0023,0.0002
1969-03-17,0.0021,-0.0025,-0.0058,0.0002
1969-03-18,0.0029,0.0038,-0.0011,0.0002
1969-03-19,0.0072,0.0007000000000000001,-0.0026,0.0002
1969-03-20,0.0062,0.0033,-0.0013,0.0002
1969-03-21,-0.002,0.0032,0.0022,0.0002
1969-03-24,-0.0016,0.0011,0.0,0.0002
1969-03-25,0.0012,0.0,-0.0024,0.0002
1969-03-26,0.0064,-0.0019,0.0009,0.0002
1969-03-27,0.0068000000000000005,0.0011,-0.0019,0.0002
1969-03-28,0.0039000000000000003,0.0038,-0.003,0.0002
1969-04-01,-0.0014000000000000002,0.0007000000000000001,0.0043,0.0003
1969-04-02,-0.0070999999999999995,-0.0025,0.0034000000000000002,0.0003
1969-04-03,-0.0009,-0.0002,0.0014000000000000002,0.0003
1969-04-07,-0.0087,-0.0024,-0.0018,0.0003
1969-04-08,0.002,-0.001,0.0038,0.0003
1969-04-09,0.0079,-0.001,-0.0043,0.0003
1969-04-10,0.0046,-0.0006,0.0011,0.0003
1969-04-11,0.0009,0.0009,0.0006,0.0003
1969-04-14,-0.0014000000000000002,-0.0017000000000000001,0.0002,0.0003
1969-04-15,-0.001,-0.0012,-0.0016,0.0003
1969-04-16,-0.009000000000000001,0.0004,0.0036,0.0003
1969-04-17,0.0011,-0.0012,0.0009,0.0003
1969-04-18,0.0039000000000000003,-0.0032,0.0021,0.0003
1969-04-21,-0.0077,-0.0027,0.0021,0.0003
1969-04-22,0.0016,-0.0013,-0.0029,0.0003
1969-04-23,0.001,0.0028000000000000004,0.0001,0.0003
1969-04-24,0.0042,-0.0004,-0.0007000000000000001,0.0003
1969-04-25,0.0044,0.001,-0.0007000000000000001,0.0003
1969-04-28,0.0034000000000000002,-0.0007000000000000001,-0.0016,0.0003
1969-04-29,0.0083,0.0023,-0.004699999999999999,0.0003
1969-04-30,0.0086,0.0042,-0.0051,0.0003
1969-05-01,-0.001,0.0036,-0.0001,0.0002
1969-05-02,0.004699999999999999,-0.0004,0.0007000000000000001,0.0002
1969-05-05,0.0045000000000000005,0.0031,-0.0028000000000000004,0.0002
1969-05-06,0.0045000000000000005,-0.0009,-0.0014000000000000002,0.0002
1969-05-07,-0.0021,-0.0017000000000000001,0.0032,0.0002
1969-05-08,0.0034000000000000002,-0.0017000000000000001,-0.002,0.0002
1969-05-09,0.0009,-0.0025,0.0032,0.0002
1969-05-12,-0.0019,-0.0018,0.0008,0.0002
1969-05-13,0.004,0.0002,-0.0018,0.0002
1969-05-14,0.0069,-0.0038,0.001,0.0002
1969-05-15,-0.003,0.0005,0.0022,0.0002
1969-05-16,0.0002,-0.0018,-0.0016,0.0002
1969-05-19,-0.0088,0.0023,0.0027,0.0002
1969-05-20,-0.0084,0.0014000000000000002,0.0022,0.0002
1969-05-21,0.0042,0.0005,-0.0017000000000000001,0.0002
1969-05-22,0.0019,-0.002,0.003,0.0002
1969-05-23,-0.0002,-0.0008,-0.0012,0.0002
1969-05-26,-0.002,0.0002,-0.0004,0.0002
1969-05-27,-0.0079,-0.0005,0.002,0.0002
1969-05-28,-0.0026,0.0018,-0.0031,0.0002
1969-05-29,0.0022,0.0008,0.0012,0.0002
1969-06-02,-0.0054,0.0005,-0.0004,0.0002
1969-06-03,-0.0034000000000000002,-0.003,0.0012,0.0002
1969-06-04,0.0,-0.0004,-0.0003,0.0002
1969-06-05,0.0008,-0.0012,-0.0019,0.0002
1969-06-06,-0.0069,-0.0009,-0.0021,0.0002
1969-06-09,-0.0097,-0.0011,-0.0027,0.0002
1969-06-10,-0.0079,-0.0003,-0.0006,0.0002
1969-06-11,-0.01,-0.0034999999999999996,0.0021,0.0002
1969-06-12,-0.014199999999999999,-0.0052,0.0027,0.0002
1969-06-13,0.0031,-0.0027,-0.0015,0.0002
1969-06-16,-0.0039000000000000003,-0.0043,0.0006,0.0002
1969-06-17,-0.0053,-0.0068000000000000005,-0.0022,0.0002
1969-06-18,-0.0022,-0.0012,0.0016,0.0002
1969-06-19,-0.0087,-0.008199999999999999,0.0009,0.0002
1969-06-20,-0.0074,-0.0067,0.0054,0.0002
1969-06-23,-0.0066,-0.009300000000000001,-0.0022,0.0002
1969-06-24,0.0109,-0.0009,-0.0052,0.0002
1969-06-25,-0.004,-0.0023,0.0025,0.0002
1969-06-26,0.0017000000000000001,-0.003,-0.006500000000000001,0.0002
1969-06-27,0.0008,0.0,-0.0012,0.0002
1969-06-30,0.0046,0.0026,-0.0016,0.0002
1969-07-01,0.0045000000000000005,0.0034999999999999996,-0.005699999999999999,0.0003
1969-07-02,0.0086,0.0036,-0.0043,0.0003
1969-07-03,0.0074,0.004,-0.0037,0.0003
1969-07-07,-0.0068000000000000005,-0.0003,0.0051,0.0003
1969-07-08,-0.0138,0.0004,0.0045000000000000005,0.0003
1969-07-09,-0.008,-0.0022,0.0009,0.0003
1969-07-10,-0.016,-0.0040999999999999995,0.0045000000000000005,0.0003
1969-07-11,0.0029,-0.0059,0.0004,0.0003
1969-07-14,-0.0137,-0.0027,0.0067,0.0003
1969-07-15,-0.0043,-0.0052,0.0012,0.0003
1969-07-16,0.010700000000000001,0.0009,-0.006,0.0003
1969-07-17,0.0052,-0.0021,-0.0008,0.0003
1969-07-18,-0.0078000000000000005,0.0022,0.003,0.0003
1969-07-22,-0.015600000000000001,0.0012,0.0059,0.0003
1969-07-23,-0.0052,-0.0068000000000000005,-0.0045000000000000005,0.0003
1969-07-24,-0.0042,-0.0017000000000000001,0.0039000000000000003,0.0003
1969-07-25,-0.0104,-0.0029,0.0059,0.0003
1969-07-28,-0.0225,-0.0158,0.0143,0.0003
1969-07-29,-0.009300000000000001,-0.0063,0.0036,0.0003
1969-07-30,0.0052,0.0012,-0.010700000000000001,0.0003
1969-07-31,0.0222,0.004699999999999999,-0.0123,0.0003
1969-08-01,0.0197,0.006500000000000001,-0.004699999999999999,0.0002
1969-08-04,-0.0053,-0.0002,0.0034000000000000002,0.0002
1969-08-05,0.0042,-0.0034999999999999996,-0.0037,0.0002
1969-08-06,0.006500000000000001,0.0025,-0.005600000000000001,0.0002
1969-08-07,0.0009,-0.0005,-0.0001,0.0002
1969-08-08,-0.0003,0.0005,0.0021,0.0002
1969-08-11,-0.0059,0.0005,0.0012,0.0002
1969-08-12,-0.008199999999999999,-0.0019,0.0024,0.0002
1969-08-13,0.0002,-0.0026,-0.0055000000000000005,0.0002
1969-08-14,0.0075,0.0037,-0.009399999999999999,0.0002
1969-08-15,0.008100000000000001,-0.002,-0.0037,0.0002
1969-08-18,0.0072,0.004,-0.005699999999999999,0.0002
1969-08-19,0.0054,0.0032,-0.0039000000000000003,0.0002
1969-08-20,-0.0001,-0.0008,0.0015,0.0002
1969-08-21,0.0025,0.0002,-0.0026,0.0002
1969-08-22,0.006500000000000001,-0.0005,-0.0023,0.0002
1969-08-25,-0.009300000000000001,0.002,0.0059,0.0002
1969-08-26,-0.0074,-0.0013,0.0016,0.0002
1969-08-27,0.0027,0.0008,-0.0040999999999999995,0.0002
1969-08-28,0.0040999999999999995,-0.0019,-0.0036,0.0002
1969-08-29,0.0072,-0.0003,0.0003,0.0002
1969-09-02,-0.0011,-0.0007000000000000001,0.0042,0.0003
1969-09-03,-0.0070999999999999995,-0.0017000000000000001,0.0042,0.0003
1969-09-04,-0.0087,0.0002,-0.0017000000000000001,0.0003
1969-09-05,-0.006500000000000001,-0.0004,0.0,0.0003
1969-09-08,-0.010700000000000001,-0.0013,0.0034999999999999996,0.0003
1969-09-09,0.0074,-0.0026,-0.0042,0.0003
1969-09-10,0.016399999999999998,-0.0007000000000000001,-0.0076,0.0003
1969-09-11,-0.006999999999999999,0.0049,0.0011,0.0003
1969-09-12,0.0006,-0.0013,-0.0016,0.0003
1969-09-15,0.0062,0.0033,-0.0070999999999999995,0.0003
1969-09-16,0.0012,0.0018,-0.006500000000000001,0.0003
1969-09-17,-0.0031,0.0013,-0.0042,0.0003
1969-09-18,0.0028000000000000004,0.0019,-0.0054,0.0003
1969-09-19,0.0034999999999999996,0.0039000000000000003,-0.0095,0.0003
1969-09-22,0.0037,-0.0009,-0.0062,0.0003
1969-09-23,-0.0001,0.0017000000000000001,0.001,0.0003
1969-09-24,-0.002,-0.0011,0.0013,0.0003
1969-09-25,-0.0075,0.0013,0.0062,0.0003
1969-09-26,-0.006999999999999999,0.0017000000000000001,0.0018,0.0003
1969-09-29,-0.0073,0.0009,0.0008,0.0003
1969-09-30,-0.0031,0.0007000000000000001,-0.0036,0.0003
1969-10-01,-0.0063,0.0016,0.0024,0.0003
1969-10-02,0.0084,-0.0007000000000000001,-0.0072,0.0003
1969-10-03,-0.0008,-0.0015,0.0015,0.0003
1969-10-06,0.0017000000000000001,-0.0003,-0.0048,0.0003
1969-10-07,-0.0023,0.0007000000000000001,0.0002,0.0003
1969-10-08,-0.0053,-0.0011,0.0006,0.0003
1969-10-09,0.0033,-0.0019,-0.0051,0.0003
1969-10-10,0.0064,0.0025,-0.0062,0.0003
1969-10-13,0.0125,0.0087,-0.0068000000000000005,0.0003
1969-10-14,0.0128,0.001,0.001,0.0003
1969-10-15,0.0004,0.005600000000000001,0.0019,0.0003
1969-10-16,0.0069,0.0029,-0.0009,0.0003
1969-10-17,-0.0009,0.004699999999999999,-0.0012,0.0003
1969-10-20,0.003,0.0036,0.0003,0.0003
1969-10-21,0.0079,0.0040999999999999995,-0.0019,0.0003
1969-10-22,0.0060999999999999995,0.0011,0.0024,0.0003
1969-10-23,-0.0033,0.0003,0.0006,0.0003
1969-10-24,0.0069,0.0003,-0.0086,0.0003
1969-10-27,-0.001,0.0040999999999999995,-0.0013,0.0003
1969-10-28,-0.0031,-0.0014000000000000002,0.0013,0.0003
1969-10-29,-0.009000000000000001,0.0001,0.0051,0.0003
1969-10-30,0.0017000000000000001,0.0019,-0.0026,0.0003
1969-10-31,0.0034000000000000002,0.0005,-0.0002,0.0003
1969-11-03,-0.0007000000000000001,-0.0025,0.0024,0.0003
1969-11-04,0.0007000000000000001,0.0021,-0.0049,0.0003
1969-11-05,0.0046,-0.0009,-0.0042,0.0003
1969-11-06,0.0014000000000000002,-0.0016,-0.0021,0.0003
1969-11-07,0.006500000000000001,-0.0028000000000000004,-0.0002,0.0003
1969-11-10,0.0006,-0.0021,0.0002,0.0003
1969-11-11,-0.0037,-0.0003,0.0029,0.0003
1969-11-12,-0.0017000000000000001,0.0012,-0.0017000000000000001,0.0003
1969-11-13,-0.0059,-0.0038,0.0034999999999999996,0.0003
1969-11-14,-0.0043,-0.001,0.0014000000000000002,0.0003
1969-11-17,-0.0079,-0.0029,0.0013,0.0003
1969-11-18,-0.0009,-0.0045000000000000005,-0.0008,0.0003
1969-11-19,-0.0054,-0.003,0.0055000000000000005,0.0003
1969-11-20,-0.011200000000000002,-0.005,0.0038,0.0003
1969-11-21,-0.0069,-0.0019,0.0033,0.0003
1969-11-24,-0.0108,-0.0034999999999999996,-0.0008,0.0003
1969-11-25,-0.0025,0.0016,-0.005600000000000001,0.0003
1969-11-26,0.0036,0.0018,-0.009300000000000001,0.0003
1969-11-28,0.0064,0.0025,-0.008100000000000001,0.0003
1969-12-01,-0.0076,-0.004,0.0025,0.0003
1969-12-02,-0.0068000000000000005,-0.0008,-0.0023,0.0003
1969-12-03,-0.0123,-0.0058,-0.0007000000000000001,0.0003
1969-12-04,0.004,-0.0005,-0.009399999999999999,0.0003
1969-12-05,-0.0038,-0.0048,0.0042,0.0003
1969-12-08,-0.0127,-0.0044,0.0019,0.0003
1969-12-09,-0.002,-0.0046,-0.0048,0.0003
1969-12-10,-0.0007000000000000001,-0.0018,-0.0073,0.0003
1969-12-11,0.0007000000000000001,-0.0006,-0.0022,0.0003
1969-12-12,0.003,0.0005,-0.0028000000000000004,0.0003
1969-12-15,-0.0029,0.001,-0.0013,0.0003
1969-12-16,-0.009899999999999999,-0.0048,-0.0006,0.0003
1969-12-17,-0.0054,-0.003,-0.0007000000000000001,0.0003
1969-12-18,0.0159,-0.0018,-0.0077,0.0003
1969-12-19,0.008199999999999999,0.0012,0.0002,0.0003
1969-12-22,-0.01,-0.0033,0.0034999999999999996,0.0003
1969-12-23,-0.0053,-0.0064,0.003,0.0003
1969-12-24,0.011699999999999999,0.0049,-0.001,0.0003
1969-12-26,0.008100000000000001,0.0009,0.0001,0.0003
1969-12-29,-0.0075,-0.0023,-0.0005,0.0003
1969-12-30,0.0039000000000000003,-0.0024,-0.0012,0.0003
1969-12-31,0.005600000000000001,0.0051,-0.0026,0.0003
